o elbowLeft
usemtl 黑色
v 0.006054996978491545 0.003999948035925627 0.017892949283123016
v 0.00656998110935092 0.003999948035925627 0.017035959288477898
v 0.007054984103888273 0.004600942134857178 0.017910949885845184
v 0.007054984103888273 0.004600942134857178 0.017910949885845184
v 0.007569967769086361 0.003999948035925627 0.017052939161658287
v 0.008054970763623714 0.003999948035925627 0.017928000539541245
v 0.00656998110935092 0.003999948035925627 0.017035959288477898
v 0.007569967769086361 0.003999948035925627 0.017052939161658287
v 0.007054984103888273 0.004600942134857178 0.017910949885845184
v 0.008054970763623714 0.003999948035925627 0.017928000539541245
v 0.0072609782218933105 0.003999948035925627 0.01888895034790039
v 0.007054984103888273 0.004600942134857178 0.017910949885845184
v 0.007054984103888273 0.004600942134857178 0.017910949885845184
v 0.006417988799512386 0.003999948035925627 0.018680980429053307
v 0.006054996978491545 0.003999948035925627 0.017892949283123016
v 0.0072609782218933105 0.003999948035925627 0.01888895034790039
v 0.006417988799512386 0.003999948035925627 0.018680980429053307
v 0.007054984103888273 0.004600942134857178 0.017910949885845184
v 0.020702000707387924 0.009199975989758968 -0.008154988288879395
v 0.020518949255347252 0.009799957275390625 -0.008947967551648617
v 0.020702000707387924 0.009799957275390625 -0.008154988288879395
v 0.020702000707387924 0.009199975989758968 -0.008154988288879395
v 0.020702000707387924 0.009799957275390625 -0.008154988288879395
v 0.021108979359269142 0.009199975989758968 -0.007448970805853605
v 0.020518949255347252 0.009799957275390625 -0.008947967551648617
v 0.020702000707387924 0.009199975989758968 -0.008154988288879395
v 0.021108979359269142 0.009199975989758968 -0.007448970805853605
v 0.020518949255347252 0.009799957275390625 -0.008947967551648617
v 0.021108979359269142 0.009199975989758968 -0.007448970805853605
v 0.020702000707387924 0.009799957275390625 -0.008154988288879395
v -0.009658992290496826 0.009199975989758968 0.02019399031996727
v -0.008871971629559994 0.009799957275390625 0.020404990762472153
v -0.008181989192962646 0.009799957275390625 0.020835990086197853
v -0.009658992290496826 0.009199975989758968 0.02019399031996727
v -0.008181989192962646 0.009799957275390625 0.020835990086197853
v -0.008871971629559994 0.009199975989758968 0.020404990762472153
v -0.008871971629559994 0.009199975989758968 0.020404990762472153
v -0.008181989192962646 0.009799957275390625 0.020835990086197853
v -0.008871971629559994 0.009799957275390625 0.020404990762472153
v -0.008871971629559994 0.009199975989758968 0.020404990762472153
v -0.008871971629559994 0.009799957275390625 0.020404990762472153
v -0.009658992290496826 0.009199975989758968 0.02019399031996727
v -0.017910949885845184 0.004600942134857178 0.007054984103888273
v -0.018784990534186363 0.003999948035925627 0.007539987098425627
v -0.018803950399160385 0.003999948035925627 0.006605981849133968
v -0.018803950399160385 0.003999948035925627 0.006605981849133968
v -0.018115989863872528 0.003999948035925627 0.006075977813452482
v -0.017910949885845184 0.004600942134857178 0.007054984103888273
v -0.017910949885845184 0.004600942134857178 0.007054984103888273
v -0.017272939905524254 0.003999948035925627 0.0062839980237185955
v -0.016910970211029053 0.003999948035925627 0.0070729851722717285
v -0.018115989863872528 0.003999948035925627 0.006075977813452482
v -0.017272939905524254 0.003999948035925627 0.0062839980237185955
v -0.017910949885845184 0.004600942134857178 0.007054984103888273
v -0.016910970211029053 0.003999948035925627 0.0070729851722717285
v -0.01742595061659813 0.003999948035925627 0.00792997982352972
v -0.017910949885845184 0.004600942134857178 0.007054984103888273
v -0.018425999209284782 0.003999948035925627 0.007911980152130127
v -0.018784990534186363 0.003999948035925627 0.007539987098425627
v -0.017910949885845184 0.004600942134857178 0.007054984103888273
v -0.01742595061659813 0.003999948035925627 0.00792997982352972
v -0.018425999209284782 0.003999948035925627 0.007911980152130127
v -0.017910949885845184 0.004600942134857178 0.007054984103888273
v 0.013682959601283073 0.003999948035925627 -0.014154969714581966
v 0.014546990394592285 0.003999948035925627 -0.013759969733655453
v 0.0138469897210598 0.004480957053601742 -0.013372000306844711
v 0.0138469897210598 0.004480957053601742 -0.013372000306844711
v 0.014546990394592285 0.003999948035925627 -0.013759969733655453
v 0.014646939933300018 0.003999948035925627 -0.01335799042135477
v 0.013046969659626484 0.003999948035925627 -0.013385949656367302
v 0.013682959601283073 0.003999948035925627 -0.014154969714581966
v 0.0138469897210598 0.004480957053601742 -0.013372000306844711
v 0.014646939933300018 0.003999948035925627 -0.01335799042135477
v 0.014334970153868198 0.003999948035925627 -0.012737980112433434
v 0.0138469897210598 0.004480957053601742 -0.013372000306844711
v 0.013337959535419941 0.003999948035925627 -0.012755990028381348
v 0.013046969659626484 0.003999948035925627 -0.013385949656367302
v 0.0138469897210598 0.004480957053601742 -0.013372000306844711
v 0.014334970153868198 0.003999948035925627 -0.012737980112433434
v 0.013337959535419941 0.003999948035925627 -0.012755990028381348
v 0.0138469897210598 0.004480957053601742 -0.013372000306844711
v -0.008054970763623714 0.003999948035925627 -0.017928000539541245
v -0.0072609782218933105 0.003999948035925627 -0.01888895034790039
v -0.007054984103888273 0.004600942134857178 -0.017910949885845184
v -0.007054984103888273 0.004600942134857178 -0.017910949885845184
v -0.006417988799512386 0.003999948035925627 -0.018680980429053307
v -0.006054996978491545 0.003999948035925627 -0.017892949283123016
v -0.0072609782218933105 0.003999948035925627 -0.01888895034790039
v -0.006417988799512386 0.003999948035925627 -0.018680980429053307
v -0.007054984103888273 0.004600942134857178 -0.017910949885845184
v -0.006054996978491545 0.003999948035925627 -0.017892949283123016
v -0.00656998110935092 0.003999948035925627 -0.017035959288477898
v -0.007054984103888273 0.004600942134857178 -0.017910949885845184
v -0.007054984103888273 0.004600942134857178 -0.017910949885845184
v -0.007569967769086361 0.003999948035925627 -0.017052939161658287
v -0.008054970763623714 0.003999948035925627 -0.017928000539541245
v -0.00656998110935092 0.003999948035925627 -0.017035959288477898
v -0.007569967769086361 0.003999948035925627 -0.017052939161658287
v -0.007054984103888273 0.004600942134857178 -0.017910949885845184
v 0.018338970839977264 0.003999948035925627 0.00808799173682928
v 0.01804094947874546 0.003999948035925627 0.008375941775739193
v 0.017652979120612144 0.004480957053601742 0.0076759448274970055
v 0.01804094947874546 0.003999948035925627 0.008375941775739193
v 0.016953999176621437 0.003999948035925627 0.008063971064984798
v 0.017652979120612144 0.004480957053601742 0.0076759448274970055
v 0.017652979120612144 0.004480957053601742 0.0076759448274970055
v 0.016953999176621437 0.003999948035925627 0.008063971064984798
v 0.016938980668783188 0.003999948035925627 0.007315992843359709
v 0.016938980668783188 0.003999948035925627 0.007315992843359709
v 0.017488950863480568 0.003999948035925627 0.006892979145050049
v 0.017652979120612144 0.004480957053601742 0.0076759448274970055
v 0.017652979120612144 0.004480957053601742 0.0076759448274970055
v 0.018379980698227882 0.003999948035925627 0.0073409671895205975
v 0.018338970839977264 0.003999948035925627 0.00808799173682928
v 0.017488950863480568 0.003999948035925627 0.006892979145050049
v 0.018379980698227882 0.003999948035925627 0.0073409671895205975
v 0.017652979120612144 0.004480957053601742 0.0076759448274970055
v -0.013536980375647545 0.003999948035925627 -0.014629960060119629
v -0.01267194002866745 0.003999948035925627 -0.014234960079193115
v -0.013372000306844711 0.004480957053601742 -0.0138469897210598
v -0.014171949587762356 0.003999948035925627 -0.01386099960654974
v -0.013536980375647545 0.003999948035925627 -0.014629960060119629
v -0.013372000306844711 0.004480957053601742 -0.0138469897210598
v -0.01267194002866745 0.003999948035925627 -0.014234960079193115
v -0.012883960269391537 0.003999948035925627 -0.013212970457971096
v -0.013372000306844711 0.004480957053601742 -0.0138469897210598
v -0.012883960269391537 0.003999948035925627 -0.013212970457971096
v -0.013881980441510677 0.003999948035925627 -0.01323097012937069
v -0.013372000306844711 0.004480957053601742 -0.0138469897210598
v -0.013881980441510677 0.003999948035925627 -0.01323097012937069
v -0.014171949587762356 0.003999948035925627 -0.01386099960654974
v -0.013372000306844711 0.004480957053601742 -0.0138469897210598
v -0.020404990762472153 0.009199975989758968 -0.008871971629559994
v -0.020835990086197853 0.009799957275390625 -0.008181989192962646
v -0.020404990762472153 0.009799957275390625 -0.008871971629559994
v -0.020404990762472153 0.009199975989758968 -0.008871971629559994
v -0.020404990762472153 0.009799957275390625 -0.008871971629559994
v -0.02019399031996727 0.009199975989758968 -0.009658992290496826
v -0.02019399031996727 0.009199975989758968 -0.009658992290496826
v -0.020404990762472153 0.009799957275390625 -0.008871971629559994
v -0.020835990086197853 0.009799957275390625 -0.008181989192962646
v -0.02019399031996727 0.009199975989758968 -0.009658992290496826
v -0.020835990086197853 0.009799957275390625 -0.008181989192962646
v -0.020404990762472153 0.009199975989758968 -0.008871971629559994
v 0.008072972297668457 0.005399941932410002 -0.026287969201803207
v 0.008072972297668457 0.015499940142035484 -0.026287969201803207
v 0.013719970360398293 0.015499940142035484 -0.02383296936750412
v -0.026287969201803207 0.005399941932410002 -0.008072972297668457
v -0.026287969201803207 0.015499940142035484 -0.008072972297668457
v -0.02383296936750412 0.015499940142035484 -0.013719970360398293
v -0.02558594010770321 0.005399941932410002 0.010078960098326206
v -0.02558594010770321 0.015499940142035484 0.010078960098326206
v -0.026326950639486313 0.005399941932410002 0.007946968078613281
v -0.026326950639486313 0.005399941932410002 0.007946968078613281
v -0.02558594010770321 0.015499940142035484 0.010078960098326206
v -0.027187999337911606 0.015499940142035484 0.004132986068725586
v -0.026326950639486313 0.005399941932410002 0.007946968078613281
v -0.027187999337911606 0.015499940142035484 0.004132986068725586
v -0.026889970526099205 0.005399941932410002 0.0057609668001532555
v -0.026287969201803207 0.015499940142035484 -0.008072972297668457
v -0.026287969201803207 0.005399941932410002 -0.008072972297668457
v -0.02742600068449974 0.015499940142035484 -0.0020209550857543945
v -0.026287969201803207 0.005399941932410002 -0.008072972297668457
v -0.0266720000654459 0.005399941932410002 -0.006695984862744808
v -0.02742600068449974 0.015499940142035484 -0.0020209550857543945
v -0.02742600068449974 0.015499940142035484 -0.0020209550857543945
v -0.0266720000654459 0.005399941932410002 -0.006695984862744808
v -0.0266720000654459 0.0033999679144471884 -0.006695984862744808
v -0.02742600068449974 0.015499940142035484 -0.0020209550857543945
v -0.0266720000654459 0.0033999679144471884 -0.006695984862744808
v -0.027309000492095947 0.0033999679144471884 -0.0032349820248782635
v -0.02099096029996872 0.0033999679144471884 -0.017765989527106285
v -0.02308695949614048 0.0033999679144471884 -0.014939960092306137
v -0.02308695949614048 0.005399941932410002 -0.014939960092306137
v -0.02018195018172264 0.0033999679144471884 -0.018679970875382423
v -0.02099096029996872 0.0033999679144471884 -0.017765989527106285
v -0.02018195018172264 0.015499940142035484 -0.018679970875382423
v -0.02018195018172264 0.015499940142035484 -0.018679970875382423
v -0.02099096029996872 0.0033999679144471884 -0.017765989527106285
v -0.02308695949614048 0.005399941932410002 -0.014939960092306137
v -0.02018195018172264 0.015499940142035484 -0.018679970875382423
v -0.02308695949614048 0.005399941932410002 -0.014939960092306137
v -0.02383296936750412 0.015499940142035484 -0.013719970360398293
v -0.02383296936750412 0.015499940142035484 -0.013719970360398293
v -0.02308695949614048 0.005399941932410002 -0.014939960092306137
v -0.02383296936750412 0.005399941932410002 -0.013719970360398293
v -0.02383296936750412 0.015499940142035484 -0.013719970360398293
v -0.02383296936750412 0.005399941932410002 -0.013719970360398293
v -0.026287969201803207 0.005399941932410002 -0.008072972297668457
v -0.014125999994575977 0.005399941932410002 -0.023594969883561134
v -0.01551997009664774 0.015499940142035484 -0.022701969370245934
v -0.010078960098326206 0.005399941932410002 -0.02558594010770321
v -0.010078960098326206 0.005399941932410002 -0.02558594010770321
v -0.01551997009664774 0.015499940142035484 -0.022701969370245934
v -0.010078960098326206 0.015499940142035484 -0.02558594010770321
v -0.010078960098326206 0.005399941932410002 -0.02558594010770321
v -0.010078960098326206 0.015499940142035484 -0.02558594010770321
v -0.0057609668001532555 0.005399941932410002 -0.026889970526099205
v -0.0057609668001532555 0.005399941932410002 -0.026889970526099205
v -0.010078960098326206 0.015499940142035484 -0.02558594010770321
v -0.004132986068725586 0.015499940142035484 -0.027187999337911606
v 0.008072972297668457 0.015499940142035484 -0.026287969201803207
v 0.008072972297668457 0.005399941932410002 -0.026287969201803207
v 0.0020209550857543945 0.015499940142035484 -0.02742600068449974
v 0.008072972297668457 0.005399941932410002 -0.026287969201803207
v 0.006695984862744808 0.005399941932410002 -0.0266720000654459
v 0.0020209550857543945 0.015499940142035484 -0.02742600068449974
v 0.0020209550857543945 0.015499940142035484 -0.02742600068449974
v 0.006695984862744808 0.005399941932410002 -0.0266720000654459
v 0.006695984862744808 0.0033999679144471884 -0.0266720000654459
v 0.0020209550857543945 0.015499940142035484 -0.02742600068449974
v 0.006695984862744808 0.0033999679144471884 -0.0266720000654459
v 0.0032349820248782635 0.0033999679144471884 -0.027309000492095947
v 0.017765989527106285 0.0033999679144471884 -0.02099096029996872
v 0.014939960092306137 0.0033999679144471884 -0.02308695949614048
v 0.014939960092306137 0.005399941932410002 -0.02308695949614048
v 0.018679970875382423 0.0033999679144471884 -0.02018195018172264
v 0.017765989527106285 0.0033999679144471884 -0.02099096029996872
v 0.018679970875382423 0.015499940142035484 -0.02018195018172264
v 0.018679970875382423 0.015499940142035484 -0.02018195018172264
v 0.017765989527106285 0.0033999679144471884 -0.02099096029996872
v 0.014939960092306137 0.005399941932410002 -0.02308695949614048
v 0.018679970875382423 0.015499940142035484 -0.02018195018172264
v 0.014939960092306137 0.005399941932410002 -0.02308695949614048
v 0.013719970360398293 0.015499940142035484 -0.02383296936750412
v 0.013719970360398293 0.015499940142035484 -0.02383296936750412
v 0.014939960092306137 0.005399941932410002 -0.02308695949614048
v 0.013719970360398293 0.005399941932410002 -0.02383296936750412
v 0.013719970360398293 0.015499940142035484 -0.02383296936750412
v 0.013719970360398293 0.005399941932410002 -0.02383296936750412
v 0.008072972297668457 0.005399941932410002 -0.026287969201803207
v 0.023594969883561134 0.005399941932410002 -0.014125999994575977
v 0.022701969370245934 0.015499940142035484 -0.01551997009664774
v 0.02467399090528488 0.005399941932410002 -0.012142949737608433
v 0.02467399090528488 0.005399941932410002 -0.012142949737608433
v 0.022701969370245934 0.015499940142035484 -0.01551997009664774
v 0.02558594010770321 0.015499940142035484 -0.010078960098326206
v 0.02467399090528488 0.005399941932410002 -0.012142949737608433
v 0.02558594010770321 0.015499940142035484 -0.010078960098326206
v 0.02558594010770321 0.005399941932410002 -0.010078960098326206
v -0.02681899070739746 0.0033809540327638388 0.005995987914502621
v -0.026889970526099205 0.005399941932410002 0.0057609668001532555
v -0.027187999337911606 0.0033999679144471884 0.004132986068725586
v -0.027187999337911606 0.0033999679144471884 0.004132986068725586
v -0.026889970526099205 0.005399941932410002 0.0057609668001532555
v -0.027187999337911606 0.015499940142035484 0.004132986068725586
v -0.027187999337911606 0.0033999679144471884 0.004132986068725586
v -0.027187999337911606 0.015499940142035484 0.004132986068725586
v -0.027404960244894028 0.0033999679144471884 0.0022799959406256676
v -0.027404960244894028 0.0033999679144471884 0.0022799959406256676
v -0.027187999337911606 0.015499940142035484 0.004132986068725586
v -0.02742600068449974 0.015499940142035484 -0.0020209550857543945
v -0.027404960244894028 0.0033999679144471884 0.0022799959406256676
v -0.02742600068449974 0.015499940142035484 -0.0020209550857543945
v -0.02742600068449974 0.0033999679144471884 -0.0020209550857543945
v -0.02742600068449974 0.0033999679144471884 -0.0020209550857543945
v -0.02742600068449974 0.015499940142035484 -0.0020209550857543945
v -0.027309000492095947 0.0033999679144471884 -0.0032349820248782635
v -0.02018195018172264 0.0033999679144471884 -0.018679970875382423
v -0.02018195018172264 0.015499940142035484 -0.018679970875382423
v -0.017022959887981415 0.0033999679144471884 -0.021597979590296745
v -0.017022959887981415 0.0033999679144471884 -0.021597979590296745
v -0.02018195018172264 0.015499940142035484 -0.018679970875382423
v -0.01551997009664774 0.015499940142035484 -0.022701969370245934
v -0.017022959887981415 0.0033999679144471884 -0.021597979590296745
v -0.01551997009664774 0.015499940142035484 -0.022701969370245934
v -0.014125999994575977 0.005399941932410002 -0.023594969883561134
v -0.017022959887981415 0.0033999679144471884 -0.021597979590296745
v -0.014125999994575977 0.005399941932410002 -0.023594969883561134
v -0.01361893955618143 0.0033079979475587606 -0.023783979937434196
v -0.005854963790625334 0.003396986983716488 -0.0268669705837965
v -0.0057609668001532555 0.005399941932410002 -0.026889970526099205
v -0.0022799959406256676 0.0033999679144471884 -0.027404960244894028
v -0.0022799959406256676 0.0033999679144471884 -0.027404960244894028
v -0.0057609668001532555 0.005399941932410002 -0.026889970526099205
v -0.004132986068725586 0.015499940142035484 -0.027187999337911606
v -0.0022799959406256676 0.0033999679144471884 -0.027404960244894028
v -0.004132986068725586 0.015499940142035484 -0.027187999337911606
v 0.0020209550857543945 0.015499940142035484 -0.02742600068449974
v -0.0022799959406256676 0.0033999679144471884 -0.027404960244894028
v 0.0020209550857543945 0.015499940142035484 -0.02742600068449974
v 0.0020209550857543945 0.0033999679144471884 -0.02742600068449974
v 0.0020209550857543945 0.0033999679144471884 -0.02742600068449974
v 0.0020209550857543945 0.015499940142035484 -0.02742600068449974
v 0.0032349820248782635 0.0033999679144471884 -0.027309000492095947
v 0.018679970875382423 0.0033999679144471884 -0.02018195018172264
v 0.018679970875382423 0.015499940142035484 -0.02018195018172264
v 0.021597979590296745 0.0033999679144471884 -0.017022959887981415
v 0.021597979590296745 0.0033999679144471884 -0.017022959887981415
v 0.018679970875382423 0.015499940142035484 -0.02018195018172264
v 0.022701969370245934 0.015499940142035484 -0.01551997009664774
v 0.021597979590296745 0.0033999679144471884 -0.017022959887981415
v 0.022701969370245934 0.015499940142035484 -0.01551997009664774
v 0.022701969370245934 0.0033999679144471884 -0.01551997009664774
v 0.022701969370245934 0.0033999679144471884 -0.01551997009664774
v 0.022701969370245934 0.015499940142035484 -0.01551997009664774
v 0.023594969883561134 0.005399941932410002 -0.014125999994575977
v 0.022701969370245934 0.0033999679144471884 -0.01551997009664774
v 0.023594969883561134 0.005399941932410002 -0.014125999994575977
v 0.023702969774603844 0.0033809540327638388 -0.013904980383813381
v 0.026287969201803207 0.005399941932410002 0.008072972297668457
v 0.026287969201803207 0.015499940142035484 0.008072972297668457
v 0.02383296936750412 0.015499940142035484 0.013719970360398293
v -0.008072972297668457 0.005399941932410002 0.026287969201803207
v -0.008072972297668457 0.015499940142035484 0.026287969201803207
v -0.013719970360398293 0.015499940142035484 0.02383296936750412
v 0.014125999994575977 0.005399941932410002 0.023594969883561134
v 0.01551997009664774 0.015499940142035484 0.022701969370245934
v 0.010078960098326206 0.005399941932410002 0.02558594010770321
v 0.010078960098326206 0.005399941932410002 0.02558594010770321
v 0.01551997009664774 0.015499940142035484 0.022701969370245934
v 0.010078960098326206 0.015499940142035484 0.02558594010770321
v 0.010078960098326206 0.005399941932410002 0.02558594010770321
v 0.010078960098326206 0.015499940142035484 0.02558594010770321
v 0.0057609668001532555 0.005399941932410002 0.026889970526099205
v 0.0057609668001532555 0.005399941932410002 0.026889970526099205
v 0.010078960098326206 0.015499940142035484 0.02558594010770321
v 0.004132986068725586 0.015499940142035484 0.027187999337911606
v -0.008072972297668457 0.015499940142035484 0.026287969201803207
v -0.008072972297668457 0.005399941932410002 0.026287969201803207
v -0.0020209550857543945 0.015499940142035484 0.02742600068449974
v -0.008072972297668457 0.005399941932410002 0.026287969201803207
v -0.006695984862744808 0.005399941932410002 0.0266720000654459
v -0.0020209550857543945 0.015499940142035484 0.02742600068449974
v -0.0020209550857543945 0.015499940142035484 0.02742600068449974
v -0.006695984862744808 0.005399941932410002 0.0266720000654459
v -0.006695984862744808 0.0033999679144471884 0.0266720000654459
v -0.0020209550857543945 0.015499940142035484 0.02742600068449974
v -0.006695984862744808 0.0033999679144471884 0.0266720000654459
v -0.0032349820248782635 0.0033999679144471884 0.027309000492095947
v -0.017765989527106285 0.0033999679144471884 0.02099096029996872
v -0.014939960092306137 0.0033999679144471884 0.02308695949614048
v -0.014939960092306137 0.005399941932410002 0.02308695949614048
v -0.018679970875382423 0.0033999679144471884 0.02018195018172264
v -0.017765989527106285 0.0033999679144471884 0.02099096029996872
v -0.018679970875382423 0.015499940142035484 0.02018195018172264
v -0.018679970875382423 0.015499940142035484 0.02018195018172264
v -0.017765989527106285 0.0033999679144471884 0.02099096029996872
v -0.014939960092306137 0.005399941932410002 0.02308695949614048
v -0.018679970875382423 0.015499940142035484 0.02018195018172264
v -0.014939960092306137 0.005399941932410002 0.02308695949614048
v -0.013719970360398293 0.015499940142035484 0.02383296936750412
v -0.013719970360398293 0.015499940142035484 0.02383296936750412
v -0.014939960092306137 0.005399941932410002 0.02308695949614048
v -0.013719970360398293 0.005399941932410002 0.02383296936750412
v -0.013719970360398293 0.015499940142035484 0.02383296936750412
v -0.013719970360398293 0.005399941932410002 0.02383296936750412
v -0.008072972297668457 0.005399941932410002 0.026287969201803207
v -0.023594969883561134 0.005399941932410002 0.014125999994575977
v -0.022701969370245934 0.015499940142035484 0.01551997009664774
v -0.02467399090528488 0.005399941932410002 0.012142949737608433
v -0.02467399090528488 0.005399941932410002 0.012142949737608433
v -0.022701969370245934 0.015499940142035484 0.01551997009664774
v -0.02558594010770321 0.015499940142035484 0.010078960098326206
v -0.02467399090528488 0.005399941932410002 0.012142949737608433
v -0.02558594010770321 0.015499940142035484 0.010078960098326206
v -0.02558594010770321 0.005399941932410002 0.010078960098326206
v 0.02558594010770321 0.005399941932410002 -0.010078960098326206
v 0.02558594010770321 0.015499940142035484 -0.010078960098326206
v 0.026326950639486313 0.005399941932410002 -0.007946968078613281
v 0.026326950639486313 0.005399941932410002 -0.007946968078613281
v 0.02558594010770321 0.015499940142035484 -0.010078960098326206
v 0.027187999337911606 0.015499940142035484 -0.004132986068725586
v 0.026326950639486313 0.005399941932410002 -0.007946968078613281
v 0.027187999337911606 0.015499940142035484 -0.004132986068725586
v 0.026889970526099205 0.005399941932410002 -0.0057609668001532555
v 0.026287969201803207 0.015499940142035484 0.008072972297668457
v 0.026287969201803207 0.005399941932410002 0.008072972297668457
v 0.02742600068449974 0.015499940142035484 0.0020209550857543945
v 0.026287969201803207 0.005399941932410002 0.008072972297668457
v 0.0266720000654459 0.005399941932410002 0.006695984862744808
v 0.02742600068449974 0.015499940142035484 0.0020209550857543945
v 0.02742600068449974 0.015499940142035484 0.0020209550857543945
v 0.0266720000654459 0.005399941932410002 0.006695984862744808
v 0.0266720000654459 0.0033999679144471884 0.006695984862744808
v 0.02742600068449974 0.015499940142035484 0.0020209550857543945
v 0.0266720000654459 0.0033999679144471884 0.006695984862744808
v 0.027309000492095947 0.0033999679144471884 0.0032349820248782635
v 0.02099096029996872 0.0033999679144471884 0.017765989527106285
v 0.02308695949614048 0.0033999679144471884 0.014939960092306137
v 0.02308695949614048 0.005399941932410002 0.014939960092306137
v 0.02018195018172264 0.0033999679144471884 0.018679970875382423
v 0.02099096029996872 0.0033999679144471884 0.017765989527106285
v 0.02018195018172264 0.015499940142035484 0.018679970875382423
v 0.02018195018172264 0.015499940142035484 0.018679970875382423
v 0.02099096029996872 0.0033999679144471884 0.017765989527106285
v 0.02308695949614048 0.005399941932410002 0.014939960092306137
v 0.02018195018172264 0.015499940142035484 0.018679970875382423
v 0.02308695949614048 0.005399941932410002 0.014939960092306137
v 0.02383296936750412 0.015499940142035484 0.013719970360398293
v 0.02383296936750412 0.015499940142035484 0.013719970360398293
v 0.02308695949614048 0.005399941932410002 0.014939960092306137
v 0.02383296936750412 0.005399941932410002 0.013719970360398293
v 0.02383296936750412 0.015499940142035484 0.013719970360398293
v 0.02383296936750412 0.005399941932410002 0.013719970360398293
v 0.026287969201803207 0.005399941932410002 0.008072972297668457
v 0.02681899070739746 0.0033809540327638388 -0.005995987914502621
v 0.026889970526099205 0.005399941932410002 -0.0057609668001532555
v 0.027187999337911606 0.0033999679144471884 -0.004132986068725586
v 0.027187999337911606 0.0033999679144471884 -0.004132986068725586
v 0.026889970526099205 0.005399941932410002 -0.0057609668001532555
v 0.027187999337911606 0.015499940142035484 -0.004132986068725586
v 0.027187999337911606 0.0033999679144471884 -0.004132986068725586
v 0.027187999337911606 0.015499940142035484 -0.004132986068725586
v 0.027404960244894028 0.0033999679144471884 -0.0022799959406256676
v 0.027404960244894028 0.0033999679144471884 -0.0022799959406256676
v 0.027187999337911606 0.015499940142035484 -0.004132986068725586
v 0.02742600068449974 0.015499940142035484 0.0020209550857543945
v 0.027404960244894028 0.0033999679144471884 -0.0022799959406256676
v 0.02742600068449974 0.015499940142035484 0.0020209550857543945
v 0.02742600068449974 0.0033999679144471884 0.0020209550857543945
v 0.02742600068449974 0.0033999679144471884 0.0020209550857543945
v 0.02742600068449974 0.015499940142035484 0.0020209550857543945
v 0.027309000492095947 0.0033999679144471884 0.0032349820248782635
v 0.02018195018172264 0.0033999679144471884 0.018679970875382423
v 0.02018195018172264 0.015499940142035484 0.018679970875382423
v 0.017022959887981415 0.0033999679144471884 0.021597979590296745
v 0.017022959887981415 0.0033999679144471884 0.021597979590296745
v 0.02018195018172264 0.015499940142035484 0.018679970875382423
v 0.01551997009664774 0.015499940142035484 0.022701969370245934
v 0.017022959887981415 0.0033999679144471884 0.021597979590296745
v 0.01551997009664774 0.015499940142035484 0.022701969370245934
v 0.01551997009664774 0.0033999679144471884 0.022701969370245934
v 0.01551997009664774 0.0033999679144471884 0.022701969370245934
v 0.01551997009664774 0.015499940142035484 0.022701969370245934
v 0.014125999994575977 0.005399941932410002 0.023594969883561134
v 0.01551997009664774 0.0033999679144471884 0.022701969370245934
v 0.014125999994575977 0.005399941932410002 0.023594969883561134
v 0.01361893955618143 0.0033079979475587606 0.023783979937434196
v 0.005854963790625334 0.003396986983716488 0.0268669705837965
v 0.0057609668001532555 0.005399941932410002 0.026889970526099205
v 0.004132986068725586 0.0033999679144471884 0.027187999337911606
v 0.004132986068725586 0.0033999679144471884 0.027187999337911606
v 0.0057609668001532555 0.005399941932410002 0.026889970526099205
v 0.004132986068725586 0.015499940142035484 0.027187999337911606
v 0.004132986068725586 0.0033999679144471884 0.027187999337911606
v 0.004132986068725586 0.015499940142035484 0.027187999337911606
v 0.0022799959406256676 0.0033999679144471884 0.027404960244894028
v 0.0022799959406256676 0.0033999679144471884 0.027404960244894028
v 0.004132986068725586 0.015499940142035484 0.027187999337911606
v -0.0020209550857543945 0.015499940142035484 0.02742600068449974
v 0.0022799959406256676 0.0033999679144471884 0.027404960244894028
v -0.0020209550857543945 0.015499940142035484 0.02742600068449974
v -0.0020209550857543945 0.0033999679144471884 0.02742600068449974
v -0.0020209550857543945 0.0033999679144471884 0.02742600068449974
v -0.0020209550857543945 0.015499940142035484 0.02742600068449974
v -0.0032349820248782635 0.0033999679144471884 0.027309000492095947
v -0.018679970875382423 0.0033999679144471884 0.02018195018172264
v -0.018679970875382423 0.015499940142035484 0.02018195018172264
v -0.021597979590296745 0.0033999679144471884 0.017022959887981415
v -0.021597979590296745 0.0033999679144471884 0.017022959887981415
v -0.018679970875382423 0.015499940142035484 0.02018195018172264
v -0.022701969370245934 0.015499940142035484 0.01551997009664774
v -0.021597979590296745 0.0033999679144471884 0.017022959887981415
v -0.022701969370245934 0.015499940142035484 0.01551997009664774
v -0.022701969370245934 0.0033999679144471884 0.01551997009664774
v -0.022701969370245934 0.0033999679144471884 0.01551997009664774
v -0.022701969370245934 0.015499940142035484 0.01551997009664774
v -0.023594969883561134 0.005399941932410002 0.014125999994575977
v -0.022701969370245934 0.0033999679144471884 0.01551997009664774
v -0.023594969883561134 0.005399941932410002 0.014125999994575977
v -0.023702969774603844 0.0033809540327638388 0.013904980383813381
v 0.012871979735791683 0.005399941932410002 0.02372794970870018
v 0.01287597045302391 0.002899944083765149 0.023728959262371063
v 0.014125999994575977 0.005399941932410002 0.023594969883561134
v 0.014125999994575977 0.005399941932410002 0.023594969883561134
v 0.01287597045302391 0.002899944083765149 0.023728959262371063
v 0.01361893955618143 0.0033079979475587606 0.023783979937434196
v 0.012273959815502167 0.005399941932410002 0.02334696054458618
v 0.012273959815502167 0.002899944083765149 0.02334696054458618
v 0.01287597045302391 0.002899944083765149 0.023728959262371063
v 0.012273959815502167 0.005399941932410002 0.02334696054458618
v 0.01287597045302391 0.002899944083765149 0.023728959262371063
v 0.012871979735791683 0.005399941932410002 0.02372794970870018
v 0.01551997009664774 0.0033999679144471884 0.022701969370245934
v 0.01361893955618143 0.0033079979475587606 0.023783979937434196
v 0.01287597045302391 0.002899944083765149 0.023728959262371063
v 0.01287597045302391 0.002899944083765149 0.023728959262371063
v 0.01671396940946579 0.002899944083765149 0.021204939112067223
v 0.01551997009664774 0.0033999679144471884 0.022701969370245934
v 0.01551997009664774 0.0033999679144471884 0.022701969370245934
v 0.01671396940946579 0.002899944083765149 0.021204939112067223
v 0.017022959887981415 0.0033999679144471884 0.021597979590296745
v 0.017022959887981415 0.0033999679144471884 0.021597979590296745
v 0.01671396940946579 0.002899944083765149 0.021204939112067223
v 0.02018195018172264 0.0033999679144471884 0.018679970875382423
v 0.02018195018172264 0.0033999679144471884 0.018679970875382423
v 0.01671396940946579 0.002899944083765149 0.021204939112067223
v 0.02060895971953869 0.002899944083765149 0.01744299940764904
v 0.02018195018172264 0.0033999679144471884 0.018679970875382423
v 0.02060895971953869 0.002899944083765149 0.01744299940764904
v 0.02099096029996872 0.0033999679144471884 0.017765989527106285
v 0.02099096029996872 0.0033999679144471884 0.017765989527106285
v 0.02060895971953869 0.002899944083765149 0.01744299940764904
v 0.02308695949614048 0.0033999679144471884 0.014939960092306137
v 0.02308695949614048 0.0033999679144471884 0.014939960092306137
v 0.02060895971953869 0.002899944083765149 0.01744299940764904
v 0.02326500043272972 0.002899944083765149 0.013694999739527702
v 0.02326500043272972 0.002899944083765149 0.013694999739527702
v 0.023263990879058838 0.005399941932410002 0.013691959902644157
v 0.02308695949614048 0.005399941932410002 0.014939960092306137
v 0.02326500043272972 0.002899944083765149 0.013694999739527702
v 0.02308695949614048 0.005399941932410002 0.014939960092306137
v 0.02308695949614048 0.0033999679144471884 0.014939960092306137
v 0.023263990879058838 0.005399941932410002 0.013691959902644157
v 0.02326500043272972 0.002899944083765149 0.013694999739527702
v 0.02290499024093151 0.002899944083765149 0.013080949895083904
v 0.023263990879058838 0.005399941932410002 0.013691959902644157
v 0.02290499024093151 0.002899944083765149 0.013080949895083904
v 0.02290499024093151 0.005399941932410002 0.013080949895083904
v 0.020843980833888054 0.002899944083765149 0.01176500041037798
v 0.02290499024093151 0.005399941932410002 0.013080949895083904
v 0.02290499024093151 0.002899944083765149 0.013080949895083904
v 0.02383296936750412 0.005399941932410002 0.013719970360398293
v 0.02308695949614048 0.005399941932410002 0.014939960092306137
v 0.023263990879058838 0.005399941932410002 0.013691959902644157
v 0.02383296936750412 0.005399941932410002 0.013719970360398293
v 0.023263990879058838 0.005399941932410002 0.013691959902644157
v 0.02349494956433773 0.005299984943121672 0.012248990125954151
v 0.02349494956433773 0.005299984943121672 0.012248990125954151
v 0.023263990879058838 0.005399941932410002 0.013691959902644157
v 0.02290499024093151 0.005399941932410002 0.013080949895083904
v 0.02349494956433773 0.005299984943121672 0.012248990125954151
v 0.02290499024093151 0.005399941932410002 0.013080949895083904
v 0.022278960794210434 0.005299984943121672 0.012227949686348438
v 0.025187959894537926 0.005399941932410002 0.00782996416091919
v 0.026423990726470947 0.005399941932410002 0.0072219958528876305
v 0.026287969201803207 0.005399941932410002 0.008072972297668457
v 0.026287969201803207 0.005399941932410002 0.008072972297668457
v 0.026423990726470947 0.005399941932410002 0.0072219958528876305
v 0.0266720000654459 0.005399941932410002 0.006695984862744808
v 0.024616949260234833 0.005299984943121672 0.008335947059094906
v 0.025187959894537926 0.005399941932410002 0.00782996416091919
v 0.025206979364156723 0.005299984943121672 0.009399949572980404
v 0.025206979364156723 0.005299984943121672 0.009399949572980404
v 0.025187959894537926 0.005399941932410002 0.00782996416091919
v 0.026287969201803207 0.005399941932410002 0.008072972297668457
v 0.025206979364156723 0.005299984943121672 0.009399949572980404
v 0.026287969201803207 0.005399941932410002 0.008072972297668457
v 0.0250889603048563 0.005399941932410002 0.010588999837636948
v 0.0250889603048563 0.005399941932410002 0.010588999837636948
v 0.026287969201803207 0.005399941932410002 0.008072972297668457
v 0.02383296936750412 0.005399941932410002 0.013719970360398293
v 0.0250889603048563 0.005399941932410002 0.010588999837636948
v 0.02383296936750412 0.005399941932410002 0.013719970360398293
v 0.02349494956433773 0.005299984943121672 0.012248990125954151
v 0.022278960794210434 0.005299984943121672 0.012227949686348438
v 0.02290499024093151 0.005399941932410002 0.013080949895083904
v 0.021236000582575798 0.005299984943121672 0.011600970290601254
v 0.021236000582575798 0.005299984943121672 0.011600970290601254
v 0.02290499024093151 0.005399941932410002 0.013080949895083904
v 0.020843980833888054 0.005399941932410002 0.01176500041037798
v 0.021236000582575798 0.005299984943121672 0.011600970290601254
v 0.020843980833888054 0.005399941932410002 0.01176500041037798
v 0.020270999521017075 0.005399941932410002 0.010683950036764145
v 0.021236000582575798 0.005299984943121672 0.011600970290601254
v 0.020270999521017075 0.005399941932410002 0.010683950036764145
v 0.020595960319042206 0.005299984943121672 0.00966495182365179
v 0.020595960319042206 0.005299984943121672 0.00966495182365179
v 0.020270999521017075 0.005399941932410002 0.010683950036764145
v 0.020223969593644142 0.005399941932410002 0.009460984729230404
v 0.020595960319042206 0.005299984943121672 0.00966495182365179
v 0.020223969593644142 0.005399941932410002 0.009460984729230404
v 0.020711949095129967 0.005399941932410002 0.00833797361701727
v 0.020595960319042206 0.005299984943121672 0.00966495182365179
v 0.020711949095129967 0.005399941932410002 0.00833797361701727
v 0.021710989996790886 0.005299984943121672 0.007956980727612972
v 0.021710989996790886 0.005299984943121672 0.007956980727612972
v 0.020711949095129967 0.005399941932410002 0.00833797361701727
v 0.021637970581650734 0.005399941932410002 0.007538973819464445
v 0.021710989996790886 0.005299984943121672 0.007956980727612972
v 0.021637970581650734 0.005399941932410002 0.007538973819464445
v 0.022819990292191505 0.005399941932410002 0.007220983039587736
v 0.021710989996790886 0.005299984943121672 0.007956980727612972
v 0.022819990292191505 0.005399941932410002 0.007220983039587736
v 0.023740939795970917 0.005299984943121672 0.007763980887830257
v 0.023740939795970917 0.005299984943121672 0.007763980887830257
v 0.022819990292191505 0.005399941932410002 0.007220983039587736
v 0.025187959894537926 0.005399941932410002 0.00782996416091919
v 0.023740939795970917 0.005299984943121672 0.007763980887830257
v 0.025187959894537926 0.005399941932410002 0.00782996416091919
v 0.024616949260234833 0.005299984943121672 0.008335947059094906
v 0.0266720000654459 0.005399941932410002 0.006695984862744808
v 0.026423990726470947 0.005399941932410002 0.0072219958528876305
v 0.0266720000654459 0.0033999679144471884 0.006695984862744808
v 0.0266720000654459 0.0033999679144471884 0.006695984862744808
v 0.026423990726470947 0.005399941932410002 0.0072219958528876305
v 0.02588295005261898 0.002899944083765149 0.007674992084503174
v 0.02588295005261898 0.002899944083765149 0.007674992084503174
v 0.026423990726470947 0.005399941932410002 0.0072219958528876305
v 0.025187959894537926 0.005399941932410002 0.00782996416091919
v 0.02588295005261898 0.002899944083765149 0.007674992084503174
v 0.025187959894537926 0.005399941932410002 0.00782996416091919
v 0.025187959894537926 0.002899944083765149 0.00782996416091919
v 0.026812970638275146 0.002899944083765149 0.0031759729608893394
v 0.027309000492095947 0.0033999679144471884 0.0032349820248782635
v 0.02588295005261898 0.002899944083765149 0.007674992084503174
v 0.02588295005261898 0.002899944083765149 0.007674992084503174
v 0.027309000492095947 0.0033999679144471884 0.0032349820248782635
v 0.0266720000654459 0.0033999679144471884 0.006695984862744808
v 0.02613895945250988 0.002899944083765149 -0.0067649479024112225
v 0.02681899070739746 0.0033809540327638388 -0.005995987914502621
v 0.02690695971250534 0.002899944083765149 -0.002237974898889661
v 0.02681899070739746 0.0033809540327638388 -0.005995987914502621
v 0.027187999337911606 0.0033999679144471884 -0.004132986068725586
v 0.02690695971250534 0.002899944083765149 -0.002237974898889661
v 0.02690695971250534 0.002899944083765149 -0.002237974898889661
v 0.027187999337911606 0.0033999679144471884 -0.004132986068725586
v 0.027404960244894028 0.0033999679144471884 -0.0022799959406256676
v 0.02690695971250534 0.002899944083765149 -0.002237974898889661
v 0.027404960244894028 0.0033999679144471884 -0.0022799959406256676
v 0.026812970638275146 0.002899944083765149 0.0031759729608893394
v 0.026812970638275146 0.002899944083765149 0.0031759729608893394
v 0.027404960244894028 0.0033999679144471884 -0.0022799959406256676
v 0.02742600068449974 0.0033999679144471884 0.0020209550857543945
v 0.026812970638275146 0.002899944083765149 0.0031759729608893394
v 0.02742600068449974 0.0033999679144471884 0.0020209550857543945
v 0.027309000492095947 0.0033999679144471884 0.0032349820248782635
v 0.026889970526099205 0.005399941932410002 -0.0057609668001532555
v 0.02681899070739746 0.0033809540327638388 -0.005995987914502621
v 0.02613895945250988 0.005399941932410002 -0.0067649479024112225
v 0.02613895945250988 0.005399941932410002 -0.0067649479024112225
v 0.02681899070739746 0.0033809540327638388 -0.005995987914502621
v 0.02613895945250988 0.002899944083765149 -0.0067649479024112225
v 0.02613895945250988 0.005399941932410002 -0.0067649479024112225
v 0.02613895945250988 0.002899944083765149 -0.0067649479024112225
v 0.02544897049665451 0.005399941932410002 -0.006945967208594084
v 0.02544897049665451 0.005399941932410002 -0.006945967208594084
v 0.02613895945250988 0.002899944083765149 -0.0067649479024112225
v 0.02544897049665451 0.002899944083765149 -0.006945967208594084
v 0.021871980279684067 0.002899944083765149 0.002372979884967208
v 0.024097969755530357 0.002899944083765149 0.001375972991809249
v 0.026812970638275146 0.002899944083765149 0.0031759729608893394
v 0.026812970638275146 0.002899944083765149 0.0031759729608893394
v 0.024097969755530357 0.002899944083765149 0.001375972991809249
v 0.026118990033864975 0.002899944083765149 0.0010909429984167218
v 0.02690695971250534 0.002899944083765149 -0.002237974898889661
v 0.024250980466604233 0.002899944083765149 -0.0006290000164881349
v 0.021803969517350197 0.002899944083765149 -0.0029299850575625896
v 0.021803969517350197 0.002899944083765149 -0.0029299850575625896
v 0.024250980466604233 0.002899944083765149 -0.0006290000164881349
v 0.023697970435023308 0.002899944083765149 0.00036199999158270657
v 0.021803969517350197 0.002899944083765149 -0.0029299850575625896
v 0.023697970435023308 0.002899944083765149 0.00036199999158270657
v 0.021871980279684067 0.002899944083765149 0.002372979884967208
v 0.021871980279684067 0.002899944083765149 0.002372979884967208
v 0.023697970435023308 0.002899944083765149 0.00036199999158270657
v 0.024097969755530357 0.002899944083765149 0.001375972991809249
v -0.02690695971250534 0.002899944083765149 0.002237974898889661
v -0.02589499019086361 0.002899944083765149 0.0005029999883845448
v -0.021803969517350197 0.002899944083765149 0.0029299850575625896
v -0.021803969517350197 0.002899944083765149 0.0029299850575625896
v -0.02589499019086361 0.002899944083765149 0.0005029999883845448
v -0.024270949885249138 0.002899944083765149 0.0006430000066757202
v -0.026812970638275146 0.002899944083765149 -0.0031759729608893394
v -0.025740979239344597 0.002899944083765149 -0.001501976978033781
v -0.026293989270925522 0.002899944083765149 -0.0005109999910928309
v -0.026812970638275146 0.002899944083765149 -0.0031759729608893394
v -0.026293989270925522 0.002899944083765149 -0.0005109999910928309
v -0.02690695971250534 0.002899944083765149 0.002237974898889661
v -0.02690695971250534 0.002899944083765149 0.002237974898889661
v -0.026293989270925522 0.002899944083765149 -0.0005109999910928309
v -0.02589499019086361 0.002899944083765149 0.0005029999883845448
v -0.021871980279684067 0.002899944083765149 -0.002372979884967208
v -0.024115970358252525 0.002899944083765149 -0.0013929599663242698
v -0.026812970638275146 0.002899944083765149 -0.0031759729608893394
v -0.026812970638275146 0.002899944083765149 -0.0031759729608893394
v -0.024115970358252525 0.002899944083765149 -0.0013929599663242698
v -0.025740979239344597 0.002899944083765149 -0.001501976978033781
v -0.020843980833888054 0.002899944083765149 -0.01176500041037798
v -0.021854989230632782 0.002899944083765149 -0.014420979656279087
v -0.021000979468226433 0.002899944083765149 -0.01300697959959507
v -0.021000979468226433 0.002899944083765149 -0.01300697959959507
v -0.020270999521017075 0.002899944083765149 -0.010683950036764145
v -0.020843980833888054 0.002899944083765149 -0.01176500041037798
v -0.02060895971953869 0.002899944083765149 -0.01744299940764904
v -0.01671396940946579 0.002899944083765149 -0.021204939112067223
v -0.020666949450969696 0.002899944083765149 -0.015568969771265984
v -0.02060895971953869 0.002899944083765149 -0.01744299940764904
v -0.020666949450969696 0.002899944083765149 -0.015568969771265984
v -0.021854989230632782 0.002899944083765149 -0.014420979656279087
v -0.02060895971953869 0.002899944083765149 -0.01744299940764904
v -0.021854989230632782 0.002899944083765149 -0.014420979656279087
v -0.02326500043272972 0.002899944083765149 -0.013694999739527702
v -0.018263990059494972 0.002899944083765149 -0.012264960445463657
v -0.019431939348578453 0.002899944083765149 -0.01352596003562212
v -0.014797979965806007 0.002899944083765149 -0.01627998985350132
v -0.014797979965806007 0.002899944083765149 -0.01627998985350132
v -0.019431939348578453 0.002899944083765149 -0.01352596003562212
v -0.0192829892039299 0.002899944083765149 -0.01466596033424139
v -0.01287597045302391 0.002899944083765149 -0.023728959262371063
v -0.014846979640424252 0.002899944083765149 -0.021101949736475945
v -0.01671396940946579 0.002899944083765149 -0.021204939112067223
v -0.014846979640424252 0.002899944083765149 -0.021101949736475945
v -0.014440000057220459 0.002899944083765149 -0.020067980512976646
v -0.01671396940946579 0.002899944083765149 -0.021204939112067223
v -0.014440000057220459 0.002899944083765149 -0.020067980512976646
v -0.01278495043516159 0.002899944083765149 -0.019925950095057487
v -0.014797979965806007 0.002899944083765149 -0.01627998985350132
v -0.014797979965806007 0.002899944083765149 -0.01627998985350132
v -0.01278495043516159 0.002899944083765149 -0.019925950095057487
v -0.010471990332007408 0.002899944083765149 -0.019347960129380226
v -0.01262694038450718 0.002899944083765149 -0.022000959143042564
v -0.013733980245888233 0.002899944083765149 -0.022333970293402672
v -0.01287597045302391 0.002899944083765149 -0.023728959262371063
v -0.01287597045302391 0.002899944083765149 -0.023728959262371063
v -0.013733980245888233 0.002899944083765149 -0.022333970293402672
v -0.014846979640424252 0.002899944083765149 -0.021101949736475945
v -0.012202969752252102 0.002899944083765149 -0.02092497982084751
v -0.011029950343072414 0.002899944083765149 -0.021241959184408188
v -0.009969948790967464 0.002899944083765149 -0.020631959661841393
v -0.005292952060699463 0.002899944083765149 -0.023579949513077736
v -0.004175961017608643 0.002899944083765149 -0.023303980007767677
v -0.005536973010748625 0.002899944083765149 -0.02129196934401989
v -0.006765961181372404 0.002899944083765149 -0.02613597922027111
v -0.00472098495811224 0.002899944083765149 -0.02589797042310238
v -0.0056319828145205975 0.002899944083765149 -0.02519696019589901
v -0.006765961181372404 0.002899944083765149 -0.02613597922027111
v -0.0056319828145205975 0.002899944083765149 -0.02519696019589901
v -0.006945967208594084 0.002899944083765149 -0.02544599026441574
v -0.005292952060699463 0.002899944083765149 -0.023579949513077736
v -0.0064199562184512615 0.002899944083765149 -0.02305798977613449
v -0.0056319828145205975 0.002899944083765149 -0.02519696019589901
v -0.0056319828145205975 0.002899944083765149 -0.02519696019589901
v -0.0064199562184512615 0.002899944083765149 -0.02305798977613449
v -0.006945967208594084 0.002899944083765149 -0.02544599026441574
v -0.00472098495811224 0.002899944083765149 -0.02589797042310238
v -0.006765961181372404 0.002899944083765149 -0.02613597922027111
v -0.002237974898889661 0.002899944083765149 -0.02690695971250534
v -0.0002809999859891832 0.002899944083765149 -0.021997980773448944
v -0.0032649629283696413 0.002899944083765149 -0.024004990234971046
v -0.002237974898889661 0.002899944083765149 -0.02690695971250534
v -0.002237974898889661 0.002899944083765149 -0.02690695971250534
v -0.0032649629283696413 0.002899944083765149 -0.024004990234971046
v -0.0032449960708618164 0.002899944083765149 -0.02515494078397751
v 0.0143769895657897 0.002899944083765149 -0.016651980578899384
v 0.009974955581128597 0.002899944083765149 -0.01960897073149681
v 0.01352596003562212 0.002899944083765149 -0.019431939348578453
v 0.01352596003562212 0.002899944083765149 -0.019431939348578453
v 0.009974955581128597 0.002899944083765149 -0.01960897073149681
v 0.010683950036764145 0.002899944083765149 -0.020270999521017075
v 0.01352596003562212 0.002899944083765149 -0.019431939348578453
v 0.010683950036764145 0.002899944083765149 -0.020270999521017075
v 0.01300697959959507 0.002899944083765149 -0.021000979468226433
v 0.0143769895657897 0.002899944083765149 -0.016651980578899384
v 0.01352596003562212 0.002899944083765149 -0.019431939348578453
v 0.01466596033424139 0.002899944083765149 -0.0192829892039299
v 0.01176500041037798 0.002899944083765149 -0.020843980833888054
v 0.014420979656279087 0.002899944083765149 -0.021854989230632782
v 0.01300697959959507 0.002899944083765149 -0.021000979468226433
v 0.01300697959959507 0.002899944083765149 -0.021000979468226433
v 0.010683950036764145 0.002899944083765149 -0.020270999521017075
v 0.01176500041037798 0.002899944083765149 -0.020843980833888054
v 0.015568969771265984 0.002899944083765149 -0.020666949450969696
v 0.01744299940764904 0.002899944083765149 -0.02060895971953869
v 0.01466596033424139 0.002899944083765149 -0.0192829892039299
v 0.015568969771265984 0.002899944083765149 -0.020666949450969696
v 0.014420979656279087 0.002899944083765149 -0.021854989230632782
v 0.01744299940764904 0.002899944083765149 -0.02060895971953869
v 0.01744299940764904 0.002899944083765149 -0.02060895971953869
v 0.014420979656279087 0.002899944083765149 -0.021854989230632782
v 0.013694999739527702 0.002899944083765149 -0.02326500043272972
v 0.01466596033424139 0.002899944083765149 -0.0192829892039299
v 0.020539989694952965 0.002899944083765149 -0.01475697010755539
v 0.01975899003446102 0.002899944083765149 -0.013912970200181007
v 0.02110796980559826 0.002899944083765149 -0.01087396964430809
v 0.020364990457892418 0.002899944083765149 -0.012375949881970882
v 0.023395949974656105 0.002899944083765149 -0.012322960421442986
v 0.023395949974656105 0.002899944083765149 -0.012322960421442986
v 0.020364990457892418 0.002899944083765149 -0.012375949881970882
v 0.02095096930861473 0.003199994098395109 -0.01250195037573576
v 0.023395949974656105 0.002899944083765149 -0.012322960421442986
v 0.02095096930861473 0.003199994098395109 -0.01250195037573576
v 0.0222929697483778 0.002899944083765149 -0.013134949840605259
v 0.02211998961865902 0.002899944083765149 -0.01427196990698576
v 0.021204939112067223 0.002899944083765149 -0.01671396940946579
v 0.023729970678687096 0.002899944083765149 -0.012878949753940105
v 0.02211998961865902 0.002899944083765149 -0.01427196990698576
v 0.023729970678687096 0.002899944083765149 -0.012878949753940105
v 0.0222929697483778 0.002899944083765149 -0.013134949840605259
v 0.02613895945250988 0.002899944083765149 -0.0067649479024112225
v 0.02519696019589901 0.002899944083765149 -0.0056319828145205975
v 0.02544897049665451 0.002899944083765149 -0.006945967208594084
v 0.022853970527648926 0.002899944083765149 -0.00644296407699585
v 0.02359098009765148 0.002899944083765149 -0.005305944941937923
v 0.023301949724555016 0.002899944083765149 -0.004186986945569515
v 0.022853970527648926 0.002899944083765149 -0.00644296407699585
v 0.023301949724555016 0.002899944083765149 -0.004186986945569515
v 0.021803969517350197 0.002899944083765149 -0.0029299850575625896
v 0.023301949724555016 0.002899944083765149 -0.004186986945569515
v 0.0240019503980875 0.002899944083765149 -0.003266989951953292
v 0.021803969517350197 0.002899944083765149 -0.0029299850575625896
v 0.021803969517350197 0.002899944083765149 -0.0029299850575625896
v 0.0240019503980875 0.002899944083765149 -0.003266989951953292
v 0.02690695971250534 0.002899944083765149 -0.002237974898889661
v 0.02690695971250534 0.002899944083765149 -0.002237974898889661
v 0.0240019503980875 0.002899944083765149 -0.003266989951953292
v 0.02562195062637329 0.002899944083765149 -0.003604948054999113
v 0.02359098009765148 0.002899944083765149 -0.005305944941937923
v 0.022853970527648926 0.002899944083765149 -0.00644296407699585
v 0.02519696019589901 0.002899944083765149 -0.0056319828145205975
v 0.02519696019589901 0.002899944083765149 -0.0056319828145205975
v 0.022853970527648926 0.002899944083765149 -0.00644296407699585
v 0.02544897049665451 0.002899944083765149 -0.006945967208594084
v 0.02690695971250534 0.002899944083765149 -0.002237974898889661
v 0.02562195062637329 0.002899944083765149 -0.003604948054999113
v 0.02589797042310238 0.002899944083765149 -0.00472098495811224
v 0.02690695971250534 0.002899944083765149 -0.002237974898889661
v 0.02589797042310238 0.002899944083765149 -0.00472098495811224
v 0.02613895945250988 0.002899944083765149 -0.0067649479024112225
v 0.02613895945250988 0.002899944083765149 -0.0067649479024112225
v 0.02589797042310238 0.002899944083765149 -0.00472098495811224
v 0.02519696019589901 0.002899944083765149 -0.0056319828145205975
v 0.01277696993201971 0.002899944083765149 0.019931970164179802
v 0.012202969752252102 0.002899944083765149 0.020928969606757164
v 0.009969948790967464 0.002899944083765149 0.020631959661841393
v 0.013912970200181007 0.002899944083765149 0.01975899003446102
v 0.014797979965806007 0.002899944083765149 0.01627998985350132
v 0.01475697010755539 0.002899944083765149 0.020539989694952965
v 0.01475697010755539 0.002899944083765149 0.020539989694952965
v 0.014797979965806007 0.002899944083765149 0.01627998985350132
v 0.01671396940946579 0.002899944083765149 0.021204939112067223
v 0.012202969752252102 0.002899944083765149 0.020928969606757164
v 0.011029950343072414 0.002899944083765149 0.021241959184408188
v 0.009969948790967464 0.002899944083765149 0.020631959661841393
v 0.014797979965806007 0.002899944083765149 0.01627998985350132
v 0.013912970200181007 0.002899944083765149 0.01975899003446102
v 0.010471990332007408 0.002899944083765149 0.019347960129380226
v 0.010471990332007408 0.002899944083765149 0.019347960129380226
v 0.013912970200181007 0.002899944083765149 0.01975899003446102
v 0.01277696993201971 0.002899944083765149 0.019931970164179802
v 0.01427196990698576 0.002899944083765149 0.02211998961865902
v 0.01671396940946579 0.002899944083765149 0.021204939112067223
v 0.01287597045302391 0.002899944083765149 0.023728959262371063
v 0.01427196990698576 0.002899944083765149 0.02211998961865902
v 0.01287597045302391 0.002899944083765149 0.023728959262371063
v 0.013134949840605259 0.002899944083765149 0.0222929697483778
v -0.02092497982084751 0.002899944083765149 0.012202969752252102
v -0.023351959884166718 0.002899944083765149 0.012278970330953598
v -0.02110796980559826 0.002899944083765149 0.01087396964430809
v -0.02092497982084751 0.002899944083765149 0.012202969752252102
v -0.02110796980559826 0.002899944083765149 0.01087396964430809
v -0.019925950095057487 0.002899944083765149 0.01278495043516159
v -0.019925950095057487 0.002899944083765149 0.01278495043516159
v -0.02110796980559826 0.002899944083765149 0.01087396964430809
v -0.018053939566016197 0.002899944083765149 0.0125730000436306
v -0.019925950095057487 0.002899944083765149 0.01278495043516159
v -0.018053939566016197 0.002899944083765149 0.0125730000436306
v -0.01976495049893856 0.002899944083765149 0.013929960317909718
v -0.0143769895657897 0.002899944083765149 0.016651980578899384
v -0.020539989694952965 0.002899944083765149 0.01475697010755539
v -0.01976495049893856 0.002899944083765149 0.013929960317909718
v -0.023351959884166718 0.002899944083765149 0.012278970330953598
v -0.022000959143042564 0.002899944083765149 0.01262694038450718
v -0.023729970678687096 0.002899944083765149 0.012878949753940105
v -0.02211195044219494 0.002899944083765149 0.014283950440585613
v -0.021204939112067223 0.002899944083765149 0.01671396940946579
v -0.023729970678687096 0.002899944083765149 0.012878949753940105
v -0.02211195044219494 0.002899944083765149 0.014283950440585613
v -0.023729970678687096 0.002899944083765149 0.012878949753940105
v -0.022000959143042564 0.002899944083765149 0.01262694038450718
v -0.025086989626288414 0.002899944083765149 0.00321596791036427
v -0.02589797042310238 0.002899944083765149 0.00472098495811224
v -0.02690695971250534 0.002899944083765149 0.002237974898889661
v -0.02690695971250534 0.002899944083765149 0.002237974898889661
v -0.02589797042310238 0.002899944083765149 0.00472098495811224
v -0.02613895945250988 0.002899944083765149 0.0067649479024112225
v -0.02613895945250988 0.002899944083765149 0.0067649479024112225
v -0.02589797042310238 0.002899944083765149 0.00472098495811224
v -0.02519696019589901 0.002899944083765149 0.0056319828145205975
v -0.02613895945250988 0.002899944083765149 0.0067649479024112225
v -0.02519696019589901 0.002899944083765149 0.0056319828145205975
v -0.025389960035681725 0.002899944083765149 0.006945967208594084
v -0.025389960035681725 0.002899944083765149 0.006945967208594084
v -0.02519696019589901 0.002899944083765149 0.0056319828145205975
v -0.023211950436234474 0.002899944083765149 0.0064129820093512535
v -0.023441970348358154 0.002899944083765149 0.0038059940561652184
v -0.025086989626288414 0.002899944083765149 0.00321596791036427
v -0.021803969517350197 0.002899944083765149 0.0029299850575625896
v -0.021803969517350197 0.002899944083765149 0.0029299850575625896
v -0.025086989626288414 0.002899944083765149 0.00321596791036427
v -0.02690695971250534 0.002899944083765149 0.002237974898889661
v -0.023211950436234474 0.002899944083765149 0.0064129820093512535
v -0.02519696019589901 0.002899944083765149 0.0056319828145205975
v -0.023464970290660858 0.002899944083765149 0.005130946170538664
v -0.025732990354299545 0.002899944083765149 -0.005548954010009766
v -0.026812970638275146 0.002899944083765149 -0.0031759729608893394
v -0.02588295005261898 0.002899944083765149 -0.007673977874219418
v -0.025732990354299545 0.002899944083765149 -0.005548954010009766
v -0.02588295005261898 0.002899944083765149 -0.007673977874219418
v -0.025050990283489227 0.002899944083765149 -0.00647497083991766
v -0.025050990283489227 0.002899944083765149 -0.00647497083991766
v -0.02588295005261898 0.002899944083765149 -0.007673977874219418
v -0.025187959894537926 0.002899944083765149 -0.00782996416091919
v -0.025050990283489227 0.002899944083765149 -0.00647497083991766
v -0.025187959894537926 0.002899944083765149 -0.00782996416091919
v -0.023901989683508873 0.002899944083765149 -0.006519972812384367
v -0.023901989683508873 0.002899944083765149 -0.006519972812384367
v -0.025187959894537926 0.002899944083765149 -0.00782996416091919
v -0.022819990292191505 0.002899944083765149 -0.007220983039587736
v -0.023901989683508873 0.002899944083765149 -0.006519972812384367
v -0.022819990292191505 0.002899944083765149 -0.007220983039587736
v -0.023150980472564697 0.002899944083765149 -0.005648970138281584
v -0.026812970638275146 0.002899944083765149 -0.0031759729608893394
v -0.025732990354299545 0.002899944083765149 -0.005548954010009766
v -0.024958960711956024 0.002899944083765149 -0.004088996909558773
v -0.026812970638275146 0.002899944083765149 -0.0031759729608893394
v -0.024958960711956024 0.002899944083765149 -0.004088996909558773
v -0.021871980279684067 0.002899944083765149 -0.002372979884967208
v -0.021871980279684067 0.002899944083765149 -0.002372979884967208
v -0.024958960711956024 0.002899944083765149 -0.004088996909558773
v -0.02380996011197567 0.002899944083765149 -0.00413399888202548
v -0.021871980279684067 0.002899944083765149 -0.002372979884967208
v -0.02380996011197567 0.002899944083765149 -0.00413399888202548
v -0.023150980472564697 0.002899944083765149 -0.005648970138281584
v -0.021803969517350197 0.002899944083765149 0.0029299850575625896
v -0.021281950175762177 0.002899944083765149 0.007251976989209652
v -0.022163979709148407 0.002899944083765149 0.006640969775617123
v -0.020667970180511475 0.002899944083765149 -0.007537961006164551
v -0.021871980279684067 0.002899944083765149 -0.002372979884967208
v -0.021637970581650734 0.002899944083765149 -0.007538973819464445
v -0.021000979468226433 0.002899944083765149 -0.01300697959959507
v -0.019431939348578453 0.002899944083765149 -0.01352596003562212
v -0.020270999521017075 0.002899944083765149 -0.010683950036764145
v -0.020270999521017075 0.002899944083765149 -0.010683950036764145
v -0.019431939348578453 0.002899944083765149 -0.01352596003562212
v -0.018263990059494972 0.002899944083765149 -0.012264960445463657
v -0.020270999521017075 0.002899944083765149 -0.010683950036764145
v -0.018263990059494972 0.002899944083765149 -0.012264960445463657
v -0.020223969593644142 0.002899944083765149 -0.009460984729230404
v -0.020223969593644142 0.002899944083765149 -0.009460984729230404
v -0.018263990059494972 0.002899944083765149 -0.012264960445463657
v -0.020667970180511475 0.002899944083765149 -0.007537961006164551
v -0.020223969593644142 0.002899944083765149 -0.009460984729230404
v -0.020667970180511475 0.002899944083765149 -0.007537961006164551
v -0.020711949095129967 0.002899944083765149 -0.00833797361701727
v -0.020711949095129967 0.002899944083765149 -0.00833797361701727
v -0.020667970180511475 0.002899944083765149 -0.007537961006164551
v -0.021637970581650734 0.002899944083765149 -0.007538973819464445
v -0.007610976230353117 0.002899944083765149 -0.020989950746297836
v -0.005536973010748625 0.002899944083765149 -0.02129196934401989
v -0.008748947642743587 0.002899944083765149 -0.02054196037352085
v -0.008748947642743587 0.002899944083765149 -0.02054196037352085
v -0.005536973010748625 0.002899944083765149 -0.02129196934401989
v -0.010471990332007408 0.002899944083765149 -0.019347960129380226
v -0.008748947642743587 0.002899944083765149 -0.02054196037352085
v -0.010471990332007408 0.002899944083765149 -0.019347960129380226
v -0.009969948790967464 0.002899944083765149 -0.020631959661841393
v -0.009969948790967464 0.002899944083765149 -0.020631959661841393
v -0.010471990332007408 0.002899944083765149 -0.019347960129380226
v -0.01278495043516159 0.002899944083765149 -0.019925950095057487
v -0.009969948790967464 0.002899944083765149 -0.020631959661841393
v -0.01278495043516159 0.002899944083765149 -0.019925950095057487
v -0.012202969752252102 0.002899944083765149 -0.02092497982084751
v 0.007220983039587736 0.002899944083765149 -0.022819990292191505
v 0.00833797361701727 0.002899944083765149 -0.020711949095129967
v 0.004991948138922453 0.002899944083765149 -0.021425960585474968
v 0.004991948138922453 0.002899944083765149 -0.021425960585474968
v 0.00833797361701727 0.002899944083765149 -0.020711949095129967
v 0.009974955581128597 0.002899944083765149 -0.01960897073149681
v 0.009974955581128597 0.002899944083765149 -0.01960897073149681
v 0.00833797361701727 0.002899944083765149 -0.020711949095129967
v 0.009460984729230404 0.002899944083765149 -0.020223969593644142
v 0.009974955581128597 0.002899944083765149 -0.01960897073149681
v 0.009460984729230404 0.002899944083765149 -0.020223969593644142
v 0.010683950036764145 0.002899944083765149 -0.020270999521017075
v 0.0143769895657897 0.002899944083765149 -0.016651980578899384
v 0.01466596033424139 0.002899944083765149 -0.0192829892039299
v 0.01975899003446102 0.002899944083765149 -0.013912970200181007
v 0.018263990059494972 0.002899944083765149 0.012264960445463657
v 0.020667970180511475 0.002899944083765149 0.007537961006164551
v 0.020223969593644142 0.002899944083765149 0.009460984729230404
v 0.0192829892039299 0.002899944083765149 0.01466596033424139
v 0.020666949450969696 0.002899944083765149 0.015568969771265984
v 0.02060895971953869 0.002899944083765149 0.01744299940764904
v 0.02060895971953869 0.002899944083765149 0.01744299940764904
v 0.020666949450969696 0.002899944083765149 0.015568969771265984
v 0.02165096066892147 0.002899944083765149 0.014973989687860012
v 0.02060895971953869 0.002899944083765149 0.01744299940764904
v 0.02165096066892147 0.002899944083765149 0.014973989687860012
v 0.02326500043272972 0.002899944083765149 0.013694999739527702
v 0.02149396948516369 0.002899944083765149 0.013328960165381432
v 0.020843980833888054 0.002899944083765149 0.01176500041037798
v 0.02290499024093151 0.002899944083765149 0.013080949895083904
v 0.02149396948516369 0.002899944083765149 0.013328960165381432
v 0.02290499024093151 0.002899944083765149 0.013080949895083904
v 0.02165096066892147 0.002899944083765149 0.014973989687860012
v 0.018263990059494972 0.002899944083765149 0.012264960445463657
v 0.020415959879755974 0.002899944083765149 0.012930979952216148
v 0.019431939348578453 0.002899944083765149 0.01352596003562212
v 0.02149396948516369 0.002899944083765149 0.013328960165381432
v 0.020415959879755974 0.002899944083765149 0.012930979952216148
v 0.020843980833888054 0.002899944083765149 0.01176500041037798
v 0.020843980833888054 0.002899944083765149 0.01176500041037798
v 0.020415959879755974 0.002899944083765149 0.012930979952216148
v 0.018263990059494972 0.002899944083765149 0.012264960445463657
v 0.020843980833888054 0.002899944083765149 0.01176500041037798
v 0.018263990059494972 0.002899944083765149 0.012264960445463657
v 0.020270999521017075 0.002899944083765149 0.010683950036764145
v 0.020270999521017075 0.002899944083765149 0.010683950036764145
v 0.018263990059494972 0.002899944083765149 0.012264960445463657
v 0.020223969593644142 0.002899944083765149 0.009460984729230404
v 0.01671396940946579 0.002899944083765149 0.021204939112067223
v 0.014797979965806007 0.002899944083765149 0.01627998985350132
v 0.018263990059494972 0.002899944083765149 0.012264960445463657
v 0.01671396940946579 0.002899944083765149 0.021204939112067223
v 0.018263990059494972 0.002899944083765149 0.012264960445463657
v 0.0192829892039299 0.002899944083765149 0.01466596033424139
v 0.0192829892039299 0.002899944083765149 0.01466596033424139
v 0.018263990059494972 0.002899944083765149 0.012264960445463657
v 0.019431939348578453 0.002899944083765149 0.01352596003562212
v 0.01277696993201971 0.002899944083765149 0.019931970164179802
v 0.009969948790967464 0.002899944083765149 0.020631959661841393
v 0.010471990332007408 0.002899944083765149 0.019347960129380226
v 0.010471990332007408 0.002899944083765149 0.019347960129380226
v 0.009969948790967464 0.002899944083765149 0.020631959661841393
v 0.008748947642743587 0.002899944083765149 0.02054196037352085
v 0.010471990332007408 0.002899944083765149 0.019347960129380226
v 0.008748947642743587 0.002899944083765149 0.02054196037352085
v 0.005536973010748625 0.002899944083765149 0.02129196934401989
v -0.010683950036764145 0.002899944083765149 0.020270999521017075
v -0.01176500041037798 0.002899944083765149 0.020843980833888054
v -0.009974955581128597 0.002899944083765149 0.01960897073149681
v -0.009974955581128597 0.002899944083765149 0.01960897073149681
v -0.01176500041037798 0.002899944083765149 0.020843980833888054
v -0.01300697959959507 0.002899944083765149 0.021000979468226433
v -0.013694999739527702 0.002899944083765149 0.02326500043272972
v -0.015383950434625149 0.002899944083765149 0.021225979551672935
v -0.014420979656279087 0.002899944083765149 0.021854989230632782
v -0.015383950434625149 0.002899944083765149 0.021225979551672935
v -0.013694999739527702 0.002899944083765149 0.02326500043272972
v -0.01744299940764904 0.002899944083765149 0.02060895971953869
v -0.015383950434625149 0.002899944083765149 0.021225979551672935
v -0.01744299940764904 0.002899944083765149 0.02060895971953869
v -0.015492970123887062 0.002899944083765149 0.020081989467144012
v -0.013080949895083904 0.002899944083765149 0.02290499024093151
v -0.014420979656279087 0.002899944083765149 0.021854989230632782
v -0.01300697959959507 0.002899944083765149 0.021000979468226433
v -0.013080949895083904 0.002899944083765149 0.02290499024093151
v -0.01300697959959507 0.002899944083765149 0.021000979468226433
v -0.01176500041037798 0.002899944083765149 0.020843980833888054
v -0.01466596033424139 0.002899944083765149 0.0192829892039299
v -0.0143769895657897 0.002899944083765149 0.016651980578899384
v -0.013116000220179558 0.002899944083765149 0.01985597051680088
v -0.013116000220179558 0.002899944083765149 0.01985597051680088
v -0.0143769895657897 0.002899944083765149 0.016651980578899384
v -0.009974955581128597 0.002899944083765149 0.01960897073149681
v -0.013116000220179558 0.002899944083765149 0.01985597051680088
v -0.009974955581128597 0.002899944083765149 0.01960897073149681
v -0.01300697959959507 0.002899944083765149 0.021000979468226433
v -0.0143769895657897 0.002899944083765149 0.016651980578899384
v -0.01466596033424139 0.002899944083765149 0.0192829892039299
v -0.015492970123887062 0.002899944083765149 0.020081989467144012
v -0.021281950175762177 0.002899944083765149 0.007251976989209652
v -0.021803969517350197 0.002899944083765149 0.0029299850575625896
v -0.020702000707387924 0.002899944083765149 0.008154988288879395
v -0.020540950819849968 0.002899944083765149 0.009568989276885986
v -0.020702000707387924 0.002899944083765149 0.008154988288879395
v -0.018053939566016197 0.002899944083765149 0.0125730000436306
v -0.020540950819849968 0.002899944083765149 0.009568989276885986
v -0.018053939566016197 0.002899944083765149 0.0125730000436306
v -0.02110796980559826 0.002899944083765149 0.01087396964430809
v -0.018053939566016197 0.002899944083765149 0.0125730000436306
v -0.0143769895657897 0.002899944083765149 0.016651980578899384
v -0.01976495049893856 0.002899944083765149 0.013929960317909718
v 0.01287597045302391 0.002899944083765149 0.023728959262371063
v 0.012273959815502167 0.002899944083765149 0.02334696054458618
v 0.013134949840605259 0.002899944083765149 0.0222929697483778
v 0.013134949840605259 0.002899944083765149 0.0222929697483778
v 0.012273959815502167 0.002899944083765149 0.02334696054458618
v 0.011029950343072414 0.002899944083765149 0.021241959184408188
v 0.013134949840605259 0.002899944083765149 0.0222929697483778
v 0.011029950343072414 0.002899944083765149 0.021241959184408188
v 0.012202969752252102 0.002899944083765149 0.020928969606757164
v 0.01427196990698576 0.002899944083765149 0.02211998961865902
v 0.01475697010755539 0.002899944083765149 0.020539989694952965
v 0.01671396940946579 0.002899944083765149 0.021204939112067223
v 0.01671396940946579 0.002899944083765149 0.021204939112067223
v 0.0192829892039299 0.002899944083765149 0.01466596033424139
v 0.02060895971953869 0.002899944083765149 0.01744299940764904
v 0.02165096066892147 0.002899944083765149 0.014973989687860012
v 0.02290499024093151 0.002899944083765149 0.013080949895083904
v 0.02326500043272972 0.002899944083765149 0.013694999739527702
v 0.021871980279684067 0.002899944083765149 0.002372979884967208
v 0.022819990292191505 0.002899944083765149 0.007220983039587736
v 0.021637970581650734 0.002899944083765149 0.007538973819464445
v 0.021871980279684067 0.002899944083765149 0.002372979884967208
v 0.02380996011197567 0.002899944083765149 0.00413399888202548
v 0.02342795953154564 0.002899944083765149 0.006169973872601986
v 0.02549796923995018 0.002899944083765149 0.006089984904974699
v 0.025709979236125946 0.002899944083765149 0.0049600000493228436
v 0.026812970638275146 0.002899944083765149 0.0031759729608893394
v 0.026812970638275146 0.002899944083765149 0.0031759729608893394
v 0.025709979236125946 0.002899944083765149 0.0049600000493228436
v 0.024958960711956024 0.002899944083765149 0.004088996909558773
v 0.021871980279684067 0.002899944083765149 0.002372979884967208
v 0.02342795953154564 0.002899944083765149 0.006169973872601986
v 0.022819990292191505 0.002899944083765149 0.007220983039587736
v 0.024958960711956024 0.002899944083765149 0.004088996909558773
v 0.02380996011197567 0.002899944083765149 0.00413399888202548
v 0.021871980279684067 0.002899944083765149 0.002372979884967208
v 0.02549796923995018 0.002899944083765149 0.006089984904974699
v 0.02588295005261898 0.002899944083765149 0.007674992084503174
v 0.025187959894537926 0.002899944083765149 0.00782996416091919
v 0.02549796923995018 0.002899944083765149 0.006089984904974699
v 0.025187959894537926 0.002899944083765149 0.00782996416091919
v 0.02448195032775402 0.002899944083765149 0.0066279759630560875
v 0.02448195032775402 0.002899944083765149 0.0066279759630560875
v 0.025187959894537926 0.002899944083765149 0.00782996416091919
v 0.02342795953154564 0.002899944083765149 0.006169973872601986
v 0.02342795953154564 0.002899944083765149 0.006169973872601986
v 0.025187959894537926 0.002899944083765149 0.00782996416091919
v 0.022819990292191505 0.002899944083765149 0.007220983039587736
v 0.01975899003446102 0.002899944083765149 -0.013912970200181007
v 0.020364990457892418 0.002899944083765149 -0.012375949881970882
v 0.0143769895657897 0.002899944083765149 -0.016651980578899384
v 0.0143769895657897 0.002899944083765149 -0.016651980578899384
v 0.020364990457892418 0.002899944083765149 -0.012375949881970882
v 0.02110796980559826 0.002899944083765149 -0.01087396964430809
v 0.0143769895657897 0.002899944083765149 -0.016651980578899384
v 0.02110796980559826 0.002899944083765149 -0.01087396964430809
v 0.01794498972594738 0.002899944083765149 -0.012726959772408009
v 0.01794498972594738 0.002899944083765149 -0.012726959772408009
v 0.02110796980559826 0.002899944083765149 -0.01087396964430809
v 0.020540950819849968 0.002899944083765149 -0.009568989276885986
v 0.01794498972594738 0.002899944083765149 -0.012726959772408009
v 0.020540950819849968 0.002899944083765149 -0.009568989276885986
v 0.020702000707387924 0.002899944083765149 -0.008154988288879395
v 0.021803969517350197 0.002899944083765149 -0.0029299850575625896
v 0.020702000707387924 0.002899944083765149 -0.008154988288879395
v 0.021548980847001076 0.002899944083765149 -0.007009983062744141
v 0.021803969517350197 0.002899944083765149 -0.0029299850575625896
v 0.021548980847001076 0.002899944083765149 -0.007009983062744141
v 0.022853970527648926 0.002899944083765149 -0.00644296407699585
v 0.0222929697483778 0.002899944083765149 -0.013134949840605259
v 0.023729970678687096 0.002899944083765149 -0.012878949753940105
v 0.023395949974656105 0.002899944083765149 -0.012322960421442986
v 0.02211998961865902 0.002899944083765149 -0.01427196990698576
v 0.020539989694952965 0.002899944083765149 -0.01475697010755539
v 0.021204939112067223 0.002899944083765149 -0.01671396940946579
v 0.021204939112067223 0.002899944083765149 -0.01671396940946579
v 0.020539989694952965 0.002899944083765149 -0.01475697010755539
v 0.01466596033424139 0.002899944083765149 -0.0192829892039299
v 0.021204939112067223 0.002899944083765149 -0.01671396940946579
v 0.01466596033424139 0.002899944083765149 -0.0192829892039299
v 0.01744299940764904 0.002899944083765149 -0.02060895971953869
v 0.014420979656279087 0.002899944083765149 -0.021854989230632782
v 0.01176500041037798 0.002899944083765149 -0.020843980833888054
v 0.013694999739527702 0.002899944083765149 -0.02326500043272972
v 0.013694999739527702 0.002899944083765149 -0.02326500043272972
v 0.01176500041037798 0.002899944083765149 -0.020843980833888054
v 0.013080949895083904 0.002899944083765149 -0.02290499024093151
v 0.004991948138922453 0.002899944083765149 -0.021425960585474968
v -0.0002809999859891832 0.002899944083765149 -0.021997980773448944
v 0.007220983039587736 0.002899944083765149 -0.022819990292191505
v 0.00647497083991766 0.002899944083765149 -0.025050990283489227
v 0.005548954010009766 0.002899944083765149 -0.025732990354299545
v 0.007673977874219418 0.002899944083765149 -0.02588295005261898
v 0.005548954010009766 0.002899944083765149 -0.025732990354299545
v 0.004438995849341154 0.002899944083765149 -0.025433950126171112
v -0.002237974898889661 0.002899944083765149 -0.02690695971250534
v -0.002237974898889661 0.002899944083765149 -0.02690695971250534
v 0.004438995849341154 0.002899944083765149 -0.025433950126171112
v -0.0002809999859891832 0.002899944083765149 -0.021997980773448944
v -0.0002809999859891832 0.002899944083765149 -0.021997980773448944
v 0.004438995849341154 0.002899944083765149 -0.025433950126171112
v 0.003979980014264584 0.002899944083765149 -0.02437995932996273
v 0.007673977874219418 0.002899944083765149 -0.02588295005261898
v 0.005548954010009766 0.002899944083765149 -0.025732990354299545
v -0.002237974898889661 0.002899944083765149 -0.02690695971250534
v 0.003979980014264584 0.002899944083765149 -0.02437995932996273
v 0.005059957038611174 0.002899944083765149 -0.02312898077070713
v -0.0002809999859891832 0.002899944083765149 -0.021997980773448944
v -0.0002809999859891832 0.002899944083765149 -0.021997980773448944
v 0.005059957038611174 0.002899944083765149 -0.02312898077070713
v 0.007220983039587736 0.002899944083765149 -0.022819990292191505
v 0.00647497083991766 0.002899944083765149 -0.025050990283489227
v 0.007673977874219418 0.002899944083765149 -0.02588295005261898
v 0.00782996416091919 0.002899944083765149 -0.025187959894537926
v 0.00647497083991766 0.002899944083765149 -0.025050990283489227
v 0.00782996416091919 0.002899944083765149 -0.025187959894537926
v 0.00624394416809082 0.003199994098395109 -0.024021979421377182
v 0.00624394416809082 0.003199994098395109 -0.024021979421377182
v 0.00782996416091919 0.002899944083765149 -0.025187959894537926
v 0.007220983039587736 0.002899944083765149 -0.022819990292191505
v 0.00624394416809082 0.003199994098395109 -0.024021979421377182
v 0.007220983039587736 0.002899944083765149 -0.022819990292191505
v 0.005059957038611174 0.002899944083765149 -0.02312898077070713
v 0.0031759729608893394 0.002899944083765149 -0.026812970638275146
v 0.007673977874219418 0.002899944083765149 -0.02588295005261898
v -0.002237974898889661 0.002899944083765149 -0.02690695971250534
v -0.00472098495811224 0.002899944083765149 -0.02589797042310238
v -0.002237974898889661 0.002899944083765149 -0.02690695971250534
v -0.0032449960708618164 0.002899944083765149 -0.02515494078397751
v -0.005292952060699463 0.002899944083765149 -0.023579949513077736
v -0.005536973010748625 0.002899944083765149 -0.02129196934401989
v -0.0064199562184512615 0.002899944083765149 -0.02305798977613449
v -0.0064199562184512615 0.002899944083765149 -0.02305798977613449
v -0.005536973010748625 0.002899944083765149 -0.02129196934401989
v -0.006778954993933439 0.002899944083765149 -0.021887950599193573
v -0.01287597045302391 0.002899944083765149 -0.023728959262371063
v -0.012273959815502167 0.002899944083765149 -0.02334696054458618
v -0.011029950343072414 0.002899944083765149 -0.021241959184408188
v -0.01287597045302391 0.002899944083765149 -0.023728959262371063
v -0.011029950343072414 0.002899944083765149 -0.021241959184408188
v -0.012202969752252102 0.002899944083765149 -0.02092497982084751
v -0.01262694038450718 0.002899944083765149 -0.022000959143042564
v -0.01287597045302391 0.002899944083765149 -0.023728959262371063
v -0.012202969752252102 0.002899944083765149 -0.02092497982084751
v -0.021854989230632782 0.002899944083765149 -0.014420979656279087
v -0.020843980833888054 0.002899944083765149 -0.01176500041037798
v -0.02326500043272972 0.002899944083765149 -0.013694999739527702
v -0.02326500043272972 0.002899944083765149 -0.013694999739527702
v -0.020843980833888054 0.002899944083765149 -0.01176500041037798
v -0.02290499024093151 0.002899944083765149 -0.013080949895083904
v -0.021803969517350197 0.002899944083765149 0.0029299850575625896
v -0.022163979709148407 0.002899944083765149 0.006640969775617123
v -0.023211950436234474 0.002899944083765149 0.0064129820093512535
v -0.021803969517350197 0.002899944083765149 0.0029299850575625896
v -0.023211950436234474 0.002899944083765149 0.0064129820093512535
v -0.023464970290660858 0.002899944083765149 0.005130946170538664
v -0.021803969517350197 0.002899944083765149 0.0029299850575625896
v -0.023464970290660858 0.002899944083765149 0.005130946170538664
v -0.023441970348358154 0.002899944083765149 0.0038059940561652184
v -0.023351959884166718 0.002899944083765149 0.012278970330953598
v -0.02092497982084751 0.002899944083765149 0.012202969752252102
v -0.022000959143042564 0.002899944083765149 0.01262694038450718
v -0.02211195044219494 0.002899944083765149 0.014283950440585613
v -0.020539989694952965 0.002899944083765149 0.01475697010755539
v -0.021204939112067223 0.002899944083765149 0.01671396940946579
v -0.021204939112067223 0.002899944083765149 0.01671396940946579
v -0.020539989694952965 0.002899944083765149 0.01475697010755539
v -0.0143769895657897 0.002899944083765149 0.016651980578899384
v -0.021204939112067223 0.002899944083765149 0.01671396940946579
v -0.0143769895657897 0.002899944083765149 0.016651980578899384
v -0.01744299940764904 0.002899944083765149 0.02060895971953869
v -0.01744299940764904 0.002899944083765149 0.02060895971953869
v -0.0143769895657897 0.002899944083765149 0.016651980578899384
v -0.015492970123887062 0.002899944083765149 0.020081989467144012
v -0.014420979656279087 0.002899944083765149 0.021854989230632782
v -0.013080949895083904 0.002899944083765149 0.02290499024093151
v -0.013694999739527702 0.002899944083765149 0.02326500043272972
v -0.0035519590601325035 0.002899944083765149 0.022727960720658302
v -0.007220983039587736 0.002899944083765149 0.022819990292191505
v -0.007538973819464445 0.002899944083765149 0.021637970581650734
v -0.0031759729608893394 0.002899944083765149 0.026812970638275146
v -0.0042389631271362305 0.002899944083765149 0.023642949759960175
v -0.0035519590601325035 0.002899944083765149 0.022727960720658302
v -0.0035519590601325035 0.002899944083765149 0.022727960720658302
v -0.0042389631271362305 0.002899944083765149 0.023642949759960175
v -0.005453944206237793 0.002899944083765149 0.023113960400223732
v -0.0035519590601325035 0.002899944083765149 0.022727960720658302
v -0.005453944206237793 0.002899944083765149 0.023113960400223732
v -0.007220983039587736 0.002899944083765149 0.022819990292191505
v -0.005548954010009766 0.002899944083765149 0.025732990354299545
v -0.004438995849341154 0.002899944083765149 0.025433950126171112
v -0.0031759729608893394 0.002899944083765149 0.026812970638275146
v -0.0031759729608893394 0.002899944083765149 0.026812970638275146
v -0.004438995849341154 0.002899944083765149 0.025433950126171112
v -0.0042389631271362305 0.002899944083765149 0.023642949759960175
v -0.007673977874219418 0.002899944083765149 0.02588295005261898
v -0.00647497083991766 0.002899944083765149 0.025050990283489227
v -0.005548954010009766 0.002899944083765149 0.025732990354299545
v -0.007673977874219418 0.002899944083765149 0.02588295005261898
v -0.005548954010009766 0.002899944083765149 0.025732990354299545
v -0.0031759729608893394 0.002899944083765149 0.026812970638275146
v -0.00647497083991766 0.002899944083765149 0.025050990283489227
v -0.007673977874219418 0.002899944083765149 0.02588295005261898
v -0.00782996416091919 0.002899944083765149 0.025187959894537926
v -0.00647497083991766 0.002899944083765149 0.025050990283489227
v -0.00782996416091919 0.002899944083765149 0.025187959894537926
v -0.006519972812384367 0.002899944083765149 0.023901989683508873
v -0.006519972812384367 0.002899944083765149 0.023901989683508873
v -0.00782996416091919 0.002899944083765149 0.025187959894537926
v -0.007220983039587736 0.002899944083765149 0.022819990292191505
v -0.006519972812384367 0.002899944083765149 0.023901989683508873
v -0.007220983039587736 0.002899944083765149 0.022819990292191505
v -0.005453944206237793 0.002899944083765149 0.023113960400223732
v 0.004186986945569515 0.002899944083765149 0.023301949724555016
v 0.003266989951953292 0.002899944083765149 0.0240019503980875
v 0.0002809999859891832 0.002899944083765149 0.021997980773448944
v 0.0064199562184512615 0.002899944083765149 0.02305798977613449
v 0.0056319828145205975 0.002899944083765149 0.02519696019589901
v 0.00511199189350009 0.003199994098395109 0.023819979280233383
v 0.0064199562184512615 0.002899944083765149 0.02305798977613449
v 0.00511199189350009 0.003199994098395109 0.023819979280233383
v 0.004186986945569515 0.002899944083765149 0.023301949724555016
v 0.0032449960708618164 0.002899944083765149 0.02515494078397751
v 0.002237974898889661 0.002899944083765149 0.02690695971250534
v -0.0031759729608893394 0.002899944083765149 0.026812970638275146
v 0.0032449960708618164 0.002899944083765149 0.02515494078397751
v -0.0031759729608893394 0.002899944083765149 0.026812970638275146
v 0.003266989951953292 0.002899944083765149 0.0240019503980875
v 0.0032449960708618164 0.002899944083765149 0.02515494078397751
v 0.00472098495811224 0.002899944083765149 0.02589797042310238
v 0.002237974898889661 0.002899944083765149 0.02690695971250534
v 0.002237974898889661 0.002899944083765149 0.02690695971250534
v 0.00472098495811224 0.002899944083765149 0.02589797042310238
v 0.006765961181372404 0.002899944083765149 0.02613597922027111
v 0.0064199562184512615 0.002899944083765149 0.02305798977613449
v 0.006945967208594084 0.002899944083765149 0.02544599026441574
v 0.0056319828145205975 0.002899944083765149 0.02519696019589901
v 0.0056319828145205975 0.002899944083765149 0.02519696019589901
v 0.006945967208594084 0.002899944083765149 0.02544599026441574
v 0.006765961181372404 0.002899944083765149 0.02613597922027111
v 0.0056319828145205975 0.002899944083765149 0.02519696019589901
v 0.006765961181372404 0.002899944083765149 0.02613597922027111
v 0.00472098495811224 0.002899944083765149 0.02589797042310238
v 0.008748947642743587 0.002899944083765149 0.02054196037352085
v 0.007610976230353117 0.002899944083765149 0.020989950746297836
v 0.005536973010748625 0.002899944083765149 0.02129196934401989
v 0.005536973010748625 0.002899944083765149 0.02129196934401989
v 0.007610976230353117 0.002899944083765149 0.020989950746297836
v 0.006778954993933439 0.002899944083765149 0.021887950599193573
v 0.005536973010748625 0.002899944083765149 0.02129196934401989
v 0.006778954993933439 0.002899944083765149 0.021887950599193573
v 0.0002809999859891832 0.002899944083765149 0.021997980773448944
v 0.0002809999859891832 0.002899944083765149 0.021997980773448944
v 0.006778954993933439 0.002899944083765149 0.021887950599193573
v 0.0064199562184512615 0.002899944083765149 0.02305798977613449
v 0.0002809999859891832 0.002899944083765149 0.021997980773448944
v 0.0064199562184512615 0.002899944083765149 0.02305798977613449
v 0.004186986945569515 0.002899944083765149 0.023301949724555016
v -0.007610976230353117 0.002899944083765149 -0.020989950746297836
v -0.006778954993933439 0.002899944083765149 -0.021887950599193573
v -0.005536973010748625 0.002899944083765149 -0.02129196934401989
v -0.0002809999859891832 0.002899944083765149 -0.021997980773448944
v -0.005536973010748625 0.002899944083765149 -0.02129196934401989
v -0.004175961017608643 0.002899944083765149 -0.023303980007767677
v -0.0002809999859891832 0.002899944083765149 -0.021997980773448944
v -0.004175961017608643 0.002899944083765149 -0.023303980007767677
v -0.0032649629283696413 0.002899944083765149 -0.024004990234971046
v -0.0192829892039299 0.002899944083765149 -0.01466596033424139
v -0.020666949450969696 0.002899944083765149 -0.015568969771265984
v -0.01671396940946579 0.002899944083765149 -0.021204939112067223
v -0.0192829892039299 0.002899944083765149 -0.01466596033424139
v -0.01671396940946579 0.002899944083765149 -0.021204939112067223
v -0.014797979965806007 0.002899944083765149 -0.01627998985350132
v -0.014797979965806007 0.002899944083765149 -0.01627998985350132
v -0.01671396940946579 0.002899944083765149 -0.021204939112067223
v -0.014440000057220459 0.002899944083765149 -0.020067980512976646
v -0.024115970358252525 0.002899944083765149 -0.0013929599663242698
v -0.021871980279684067 0.002899944083765149 -0.002372979884967208
v -0.023699989542365074 0.002899944083765149 -0.0003370000049471855
v -0.021871980279684067 0.002899944083765149 -0.002372979884967208
v -0.021803969517350197 0.002899944083765149 0.0029299850575625896
v -0.023699989542365074 0.002899944083765149 -0.0003370000049471855
v -0.023699989542365074 0.002899944083765149 -0.0003370000049471855
v -0.021803969517350197 0.002899944083765149 0.0029299850575625896
v -0.024270949885249138 0.002899944083765149 0.0006430000066757202
v -0.021637970581650734 0.002899944083765149 -0.007538973819464445
v -0.021871980279684067 0.002899944083765149 -0.002372979884967208
v -0.022819990292191505 0.002899944083765149 -0.007220983039587736
v -0.022819990292191505 0.002899944083765149 -0.007220983039587736
v -0.021871980279684067 0.002899944083765149 -0.002372979884967208
v -0.023150980472564697 0.002899944083765149 -0.005648970138281584
v 0.021871980279684067 0.002899944083765149 0.002372979884967208
v 0.021637970581650734 0.002899944083765149 0.007538973819464445
v 0.020667970180511475 0.002899944083765149 0.007537961006164551
v 0.020667970180511475 0.002899944083765149 0.007537961006164551
v 0.021637970581650734 0.002899944083765149 0.007538973819464445
v 0.020711949095129967 0.002899944083765149 0.00833797361701727
v 0.020667970180511475 0.002899944083765149 0.007537961006164551
v 0.020711949095129967 0.002899944083765149 0.00833797361701727
v 0.020223969593644142 0.002899944083765149 0.009460984729230404
v 0.026812970638275146 0.002899944083765149 0.0031759729608893394
v 0.024958960711956024 0.002899944083765149 0.004088996909558773
v 0.021871980279684067 0.002899944083765149 0.002372979884967208
v 0.02588295005261898 0.002899944083765149 0.007674992084503174
v 0.02549796923995018 0.002899944083765149 0.006089984904974699
v 0.026812970638275146 0.002899944083765149 0.0031759729608893394
v 0.026812970638275146 0.002899944083765149 0.0031759729608893394
v 0.026118990033864975 0.002899944083765149 0.0010909429984167218
v 0.02690695971250534 0.002899944083765149 -0.002237974898889661
v 0.02690695971250534 0.002899944083765149 -0.002237974898889661
v 0.026118990033864975 0.002899944083765149 0.0010909429984167218
v 0.02587698958814144 0.002899944083765149 -0.0005200000014156103
v 0.02690695971250534 0.002899944083765149 -0.002237974898889661
v 0.02587698958814144 0.002899944083765149 -0.0005200000014156103
v 0.024250980466604233 0.002899944083765149 -0.0006290000164881349
v -0.010683950036764145 0.002899944083765149 0.020270999521017075
v -0.009974955581128597 0.002899944083765149 0.01960897073149681
v -0.009460984729230404 0.002899944083765149 0.020223969593644142
v -0.009460984729230404 0.002899944083765149 0.020223969593644142
v -0.009974955581128597 0.002899944083765149 0.01960897073149681
v -0.00833797361701727 0.002899944083765149 0.020711949095129967
v -0.00833797361701727 0.002899944083765149 0.020711949095129967
v -0.009974955581128597 0.002899944083765149 0.01960897073149681
v -0.004991948138922453 0.002899944083765149 0.021425960585474968
v -0.00833797361701727 0.002899944083765149 0.020711949095129967
v -0.004991948138922453 0.002899944083765149 0.021425960585474968
v -0.007538973819464445 0.002899944083765149 0.021637970581650734
v -0.007538973819464445 0.002899944083765149 0.021637970581650734
v -0.004991948138922453 0.002899944083765149 0.021425960585474968
v 0.0002809999859891832 0.002899944083765149 0.021997980773448944
v -0.007538973819464445 0.002899944083765149 0.021637970581650734
v 0.0002809999859891832 0.002899944083765149 0.021997980773448944
v -0.0035519590601325035 0.002899944083765149 0.022727960720658302
v -0.0035519590601325035 0.002899944083765149 0.022727960720658302
v 0.0002809999859891832 0.002899944083765149 0.021997980773448944
v -0.0031759729608893394 0.002899944083765149 0.026812970638275146
v -0.0031759729608893394 0.002899944083765149 0.026812970638275146
v 0.0002809999859891832 0.002899944083765149 0.021997980773448944
v 0.003266989951953292 0.002899944083765149 0.0240019503980875
v 0.02290499024093151 0.005399941932410002 0.013080949895083904
v 0.020843980833888054 0.002899944083765149 0.01176500041037798
v 0.020843980833888054 0.005399941932410002 0.01176500041037798
v 0.020843980833888054 0.005399941932410002 0.01176500041037798
v 0.020843980833888054 0.002899944083765149 0.01176500041037798
v 0.020270999521017075 0.005399941932410002 0.010683950036764145
v 0.020270999521017075 0.005399941932410002 0.010683950036764145
v 0.020843980833888054 0.002899944083765149 0.01176500041037798
v 0.020270999521017075 0.002899944083765149 0.010683950036764145
v 0.020270999521017075 0.005399941932410002 0.010683950036764145
v 0.020270999521017075 0.002899944083765149 0.010683950036764145
v 0.020223969593644142 0.005399941932410002 0.009460984729230404
v 0.020223969593644142 0.005399941932410002 0.009460984729230404
v 0.020270999521017075 0.002899944083765149 0.010683950036764145
v 0.020223969593644142 0.002899944083765149 0.009460984729230404
v 0.020223969593644142 0.005399941932410002 0.009460984729230404
v 0.020223969593644142 0.002899944083765149 0.009460984729230404
v 0.020711949095129967 0.005399941932410002 0.00833797361701727
v 0.020711949095129967 0.005399941932410002 0.00833797361701727
v 0.020223969593644142 0.002899944083765149 0.009460984729230404
v 0.020711949095129967 0.002899944083765149 0.00833797361701727
v 0.020711949095129967 0.005399941932410002 0.00833797361701727
v 0.020711949095129967 0.002899944083765149 0.00833797361701727
v 0.021637970581650734 0.005399941932410002 0.007538973819464445
v 0.021637970581650734 0.005399941932410002 0.007538973819464445
v 0.020711949095129967 0.002899944083765149 0.00833797361701727
v 0.021637970581650734 0.002899944083765149 0.007538973819464445
v 0.021637970581650734 0.005399941932410002 0.007538973819464445
v 0.021637970581650734 0.002899944083765149 0.007538973819464445
v 0.022819990292191505 0.005399941932410002 0.007220983039587736
v 0.021637970581650734 0.002899944083765149 0.007538973819464445
v 0.022819990292191505 0.002899944083765149 0.007220983039587736
v 0.022819990292191505 0.005399941932410002 0.007220983039587736
v 0.022819990292191505 0.005399941932410002 0.007220983039587736
v 0.022819990292191505 0.002899944083765149 0.007220983039587736
v 0.025187959894537926 0.005399941932410002 0.00782996416091919
v 0.022819990292191505 0.002899944083765149 0.007220983039587736
v 0.025187959894537926 0.002899944083765149 0.00782996416091919
v 0.025187959894537926 0.005399941932410002 0.00782996416091919
v 0.022853970527648926 0.002899944083765149 -0.00644296407699585
v 0.02544897049665451 0.005399941932410002 -0.006945967208594084
v 0.02544897049665451 0.002899944083765149 -0.006945967208594084
v 0.026326950639486313 0.005399941932410002 -0.007946968078613281
v 0.026889970526099205 0.005399941932410002 -0.0057609668001532555
v 0.02613895945250988 0.005399941932410002 -0.0067649479024112225
v 0.026326950639486313 0.005399941932410002 -0.007946968078613281
v 0.025123000144958496 0.005299984943121672 -0.010594960302114487
v 0.02558594010770321 0.005399941932410002 -0.010078960098326206
v 0.02558594010770321 0.005399941932410002 -0.010078960098326206
v 0.025123000144958496 0.005299984943121672 -0.010594960302114487
v 0.02467399090528488 0.005399941932410002 -0.012142949737608433
v 0.02467399090528488 0.005399941932410002 -0.012142949737608433
v 0.025123000144958496 0.005299984943121672 -0.010594960302114487
v 0.024316959083080292 0.005299984943121672 -0.011261990293860435
v 0.021548980847001076 0.005399941932410002 -0.007009983062744141
v 0.020702000707387924 0.005399941932410002 -0.008154988288879395
v 0.021397940814495087 0.005299984943121672 -0.007729947101324797
v 0.02613895945250988 0.005399941932410002 -0.0067649479024112225
v 0.025071969255805016 0.005299984943121672 -0.007664978038519621
v 0.026326950639486313 0.005399941932410002 -0.007946968078613281
v 0.026326950639486313 0.005399941932410002 -0.007946968078613281
v 0.025071969255805016 0.005299984943121672 -0.007664978038519621
v 0.025541959330439568 0.005299984943121672 -0.008599995635449886
v 0.026326950639486313 0.005399941932410002 -0.007946968078613281
v 0.025541959330439568 0.005299984943121672 -0.008599995635449886
v 0.025123000144958496 0.005299984943121672 -0.010594960302114487
v 0.024316959083080292 0.005299984943121672 -0.011261990293860435
v 0.023300999775528908 0.005299984943121672 -0.01151197962462902
v 0.023395949974656105 0.005399941932410002 -0.012322960421442986
v 0.024316959083080292 0.005299984943121672 -0.011261990293860435
v 0.023395949974656105 0.005399941932410002 -0.012322960421442986
v 0.02467399090528488 0.005399941932410002 -0.012142949737608433
v 0.02467399090528488 0.005399941932410002 -0.012142949737608433
v 0.023395949974656105 0.005399941932410002 -0.012322960421442986
v 0.023594969883561134 0.005399941932410002 -0.014125999994575977
v 0.021397940814495087 0.005299984943121672 -0.007729947101324797
v 0.020702000707387924 0.005399941932410002 -0.008154988288879395
v 0.021448960527777672 0.005299984943121672 -0.010659989900887012
v 0.021448960527777672 0.005299984943121672 -0.010659989900887012
v 0.020702000707387924 0.005399941932410002 -0.008154988288879395
v 0.020540950819849968 0.005399941932410002 -0.009568989276885986
v 0.021448960527777672 0.005299984943121672 -0.010659989900887012
v 0.020540950819849968 0.005399941932410002 -0.009568989276885986
v 0.02110796980559826 0.005399941932410002 -0.01087396964430809
v 0.021448960527777672 0.005299984943121672 -0.010659989900887012
v 0.02110796980559826 0.005399941932410002 -0.01087396964430809
v 0.023300999775528908 0.005299984943121672 -0.01151197962462902
v 0.023300999775528908 0.005299984943121672 -0.01151197962462902
v 0.02110796980559826 0.005399941932410002 -0.01087396964430809
v 0.023395949974656105 0.005399941932410002 -0.012322960421442986
v 0.021548980847001076 0.005399941932410002 -0.007009983062744141
v 0.021397940814495087 0.005299984943121672 -0.007729947101324797
v 0.023220950737595558 0.005399941932410002 -0.00691294576972723
v 0.021548980847001076 0.005399941932410002 -0.007009983062744141
v 0.023220950737595558 0.005399941932410002 -0.00691294576972723
v 0.022853970527648926 0.005399941932410002 -0.00644296407699585
v 0.022853970527648926 0.005399941932410002 -0.00644296407699585
v 0.023220950737595558 0.005399941932410002 -0.00691294576972723
v 0.02544897049665451 0.005399941932410002 -0.006945967208594084
v 0.02544897049665451 0.005399941932410002 -0.006945967208594084
v 0.023220950737595558 0.005399941932410002 -0.00691294576972723
v 0.025071969255805016 0.005299984943121672 -0.007664978038519621
v 0.02544897049665451 0.005399941932410002 -0.006945967208594084
v 0.025071969255805016 0.005299984943121672 -0.007664978038519621
v 0.02613895945250988 0.005399941932410002 -0.0067649479024112225
v 0.023702969774603844 0.0033809540327638388 -0.013904980383813381
v 0.023594969883561134 0.005399941932410002 -0.014125999994575977
v 0.023729970678687096 0.002899944083765149 -0.012878949753940105
v 0.023729970678687096 0.002899944083765149 -0.012878949753940105
v 0.023594969883561134 0.005399941932410002 -0.014125999994575977
v 0.023395949974656105 0.005399941932410002 -0.012322960421442986
v 0.023729970678687096 0.002899944083765149 -0.012878949753940105
v 0.023395949974656105 0.005399941932410002 -0.012322960421442986
v 0.023395949974656105 0.002899944083765149 -0.012322960421442986
v 0.022701969370245934 0.0033999679144471884 -0.01551997009664774
v 0.023702969774603844 0.0033809540327638388 -0.013904980383813381
v 0.023729970678687096 0.002899944083765149 -0.012878949753940105
v 0.023729970678687096 0.002899944083765149 -0.012878949753940105
v 0.021204939112067223 0.002899944083765149 -0.01671396940946579
v 0.022701969370245934 0.0033999679144471884 -0.01551997009664774
v 0.022701969370245934 0.0033999679144471884 -0.01551997009664774
v 0.021204939112067223 0.002899944083765149 -0.01671396940946579
v 0.021597979590296745 0.0033999679144471884 -0.017022959887981415
v 0.021597979590296745 0.0033999679144471884 -0.017022959887981415
v 0.021204939112067223 0.002899944083765149 -0.01671396940946579
v 0.018679970875382423 0.0033999679144471884 -0.02018195018172264
v 0.018679970875382423 0.0033999679144471884 -0.02018195018172264
v 0.021204939112067223 0.002899944083765149 -0.01671396940946579
v 0.01744299940764904 0.002899944083765149 -0.02060895971953869
v 0.018679970875382423 0.0033999679144471884 -0.02018195018172264
v 0.01744299940764904 0.002899944083765149 -0.02060895971953869
v 0.017765989527106285 0.0033999679144471884 -0.02099096029996872
v 0.017765989527106285 0.0033999679144471884 -0.02099096029996872
v 0.01744299940764904 0.002899944083765149 -0.02060895971953869
v 0.014939960092306137 0.0033999679144471884 -0.02308695949614048
v 0.014939960092306137 0.0033999679144471884 -0.02308695949614048
v 0.01744299940764904 0.002899944083765149 -0.02060895971953869
v 0.013694999739527702 0.002899944083765149 -0.02326500043272972
v 0.013080949895083904 0.002899944083765149 -0.02290499024093151
v 0.01176500041037798 0.002899944083765149 -0.020843980833888054
v 0.013080949895083904 0.005399941932410002 -0.02290499024093151
v 0.013694999739527702 0.002899944083765149 -0.02326500043272972
v 0.013080949895083904 0.005399941932410002 -0.02290499024093151
v 0.014939960092306137 0.005399941932410002 -0.02308695949614048
v 0.013694999739527702 0.002899944083765149 -0.02326500043272972
v 0.014939960092306137 0.005399941932410002 -0.02308695949614048
v 0.014939960092306137 0.0033999679144471884 -0.02308695949614048
v 0.013080949895083904 0.005399941932410002 -0.02290499024093151
v 0.013694999739527702 0.002899944083765149 -0.02326500043272972
v 0.013080949895083904 0.002899944083765149 -0.02290499024093151
v 0.01176500041037798 0.002899944083765149 -0.020843980833888054
v 0.01176500041037798 0.005399941932410002 -0.020843980833888054
v 0.013080949895083904 0.005399941932410002 -0.02290499024093151
v 0.010259980335831642 0.005399941932410002 -0.025157980620861053
v 0.008405983448028564 0.005399941932410002 -0.02454495057463646
v 0.008072972297668457 0.005399941932410002 -0.026287969201803207
v 0.006695984862744808 0.005399941932410002 -0.0266720000654459
v 0.008072972297668457 0.005399941932410002 -0.026287969201803207
v 0.0072219958528876305 0.005399941932410002 -0.026423990726470947
v 0.013719970360398293 0.005399941932410002 -0.02383296936750412
v 0.014939960092306137 0.005399941932410002 -0.02308695949614048
v 0.013080949895083904 0.005399941932410002 -0.02290499024093151
v 0.010259980335831642 0.005399941932410002 -0.025157980620861053
v 0.008072972297668457 0.005399941932410002 -0.026287969201803207
v 0.013719970360398293 0.005399941932410002 -0.02383296936750412
v 0.010259980335831642 0.005399941932410002 -0.025157980620861053
v 0.013719970360398293 0.005399941932410002 -0.02383296936750412
v 0.012208989821374416 0.005399941932410002 -0.023138990625739098
v 0.012208989821374416 0.005399941932410002 -0.023138990625739098
v 0.013719970360398293 0.005399941932410002 -0.02383296936750412
v 0.013080949895083904 0.005399941932410002 -0.02290499024093151
v 0.0072219958528876305 0.005399941932410002 -0.026423990726470947
v 0.008072972297668457 0.005399941932410002 -0.026287969201803207
v 0.00782996416091919 0.005399941932410002 -0.025187959894537926
v 0.00782996416091919 0.005399941932410002 -0.025187959894537926
v 0.008072972297668457 0.005399941932410002 -0.026287969201803207
v 0.008405983448028564 0.005399941932410002 -0.02454495057463646
v 0.012208989821374416 0.005399941932410002 -0.023138990625739098
v 0.013080949895083904 0.005399941932410002 -0.02290499024093151
v 0.011600970290601254 0.005299984943121672 -0.021236000582575798
v 0.011600970290601254 0.005299984943121672 -0.021236000582575798
v 0.013080949895083904 0.005399941932410002 -0.02290499024093151
v 0.01176500041037798 0.005399941932410002 -0.020843980833888054
v 0.011600970290601254 0.005299984943121672 -0.021236000582575798
v 0.01176500041037798 0.005399941932410002 -0.020843980833888054
v 0.010705940425395966 0.005299984943121672 -0.020694969221949577
v 0.010705940425395966 0.005299984943121672 -0.020694969221949577
v 0.01176500041037798 0.005399941932410002 -0.020843980833888054
v 0.010683950036764145 0.005399941932410002 -0.020270999521017075
v 0.010705940425395966 0.005299984943121672 -0.020694969221949577
v 0.010683950036764145 0.005399941932410002 -0.020270999521017075
v 0.00966495182365179 0.005299984943121672 -0.020595960319042206
v 0.00966495182365179 0.005299984943121672 -0.020595960319042206
v 0.010683950036764145 0.005399941932410002 -0.020270999521017075
v 0.009460984729230404 0.005399941932410002 -0.020223969593644142
v 0.00966495182365179 0.005299984943121672 -0.020595960319042206
v 0.009460984729230404 0.005399941932410002 -0.020223969593644142
v 0.00833797361701727 0.005399941932410002 -0.020711949095129967
v 0.00966495182365179 0.005299984943121672 -0.020595960319042206
v 0.00833797361701727 0.005399941932410002 -0.020711949095129967
v 0.007956980727612972 0.005299984943121672 -0.021710989996790886
v 0.007956980727612972 0.005299984943121672 -0.021710989996790886
v 0.00833797361701727 0.005399941932410002 -0.020711949095129967
v 0.007538973819464445 0.005399941932410002 -0.021637970581650734
v 0.007956980727612972 0.005299984943121672 -0.021710989996790886
v 0.007538973819464445 0.005399941932410002 -0.021637970581650734
v 0.007220983039587736 0.005399941932410002 -0.022819990292191505
v 0.007956980727612972 0.005299984943121672 -0.021710989996790886
v 0.007220983039587736 0.005399941932410002 -0.022819990292191505
v 0.007763980887830257 0.005299984943121672 -0.023740939795970917
v 0.007763980887830257 0.005299984943121672 -0.023740939795970917
v 0.007220983039587736 0.005399941932410002 -0.022819990292191505
v 0.00782996416091919 0.005399941932410002 -0.025187959894537926
v 0.007763980887830257 0.005299984943121672 -0.023740939795970917
v 0.00782996416091919 0.005399941932410002 -0.025187959894537926
v 0.008405983448028564 0.005399941932410002 -0.02454495057463646
v 0.006695984862744808 0.005399941932410002 -0.0266720000654459
v 0.0072219958528876305 0.005399941932410002 -0.026423990726470947
v 0.006695984862744808 0.0033999679144471884 -0.0266720000654459
v 0.006695984862744808 0.0033999679144471884 -0.0266720000654459
v 0.0072219958528876305 0.005399941932410002 -0.026423990726470947
v 0.007673977874219418 0.002899944083765149 -0.02588295005261898
v 0.007673977874219418 0.002899944083765149 -0.02588295005261898
v 0.0072219958528876305 0.005399941932410002 -0.026423990726470947
v 0.00782996416091919 0.005399941932410002 -0.025187959894537926
v 0.007673977874219418 0.002899944083765149 -0.02588295005261898
v 0.00782996416091919 0.005399941932410002 -0.025187959894537926
v 0.00782996416091919 0.002899944083765149 -0.025187959894537926
v 0.00782996416091919 0.002899944083765149 -0.025187959894537926
v 0.00782996416091919 0.005399941932410002 -0.025187959894537926
v 0.007220983039587736 0.002899944083765149 -0.022819990292191505
v 0.0031759729608893394 0.002899944083765149 -0.026812970638275146
v 0.0032349820248782635 0.0033999679144471884 -0.027309000492095947
v 0.007673977874219418 0.002899944083765149 -0.02588295005261898
v 0.007673977874219418 0.002899944083765149 -0.02588295005261898
v 0.0032349820248782635 0.0033999679144471884 -0.027309000492095947
v 0.006695984862744808 0.0033999679144471884 -0.0266720000654459
v -0.006765961181372404 0.002899944083765149 -0.02613597922027111
v -0.005854963790625334 0.003396986983716488 -0.0268669705837965
v -0.002237974898889661 0.002899944083765149 -0.02690695971250534
v -0.005854963790625334 0.003396986983716488 -0.0268669705837965
v -0.0022799959406256676 0.0033999679144471884 -0.027404960244894028
v -0.002237974898889661 0.002899944083765149 -0.02690695971250534
v -0.002237974898889661 0.002899944083765149 -0.02690695971250534
v -0.0022799959406256676 0.0033999679144471884 -0.027404960244894028
v 0.0031759729608893394 0.002899944083765149 -0.026812970638275146
v 0.0031759729608893394 0.002899944083765149 -0.026812970638275146
v -0.0022799959406256676 0.0033999679144471884 -0.027404960244894028
v 0.0020209550857543945 0.0033999679144471884 -0.02742600068449974
v 0.0031759729608893394 0.002899944083765149 -0.026812970638275146
v 0.0020209550857543945 0.0033999679144471884 -0.02742600068449974
v 0.0032349820248782635 0.0033999679144471884 -0.027309000492095947
v -0.006765961181372404 0.002899944083765149 -0.02613597922027111
v -0.006767988204956055 0.005399941932410002 -0.02613198012113571
v -0.0057609668001532555 0.005399941932410002 -0.026889970526099205
v -0.006765961181372404 0.002899944083765149 -0.02613597922027111
v -0.0057609668001532555 0.005399941932410002 -0.026889970526099205
v -0.005854963790625334 0.003396986983716488 -0.0268669705837965
v -0.006767988204956055 0.005399941932410002 -0.02613198012113571
v -0.006765961181372404 0.002899944083765149 -0.02613597922027111
v -0.006945967208594084 0.002899944083765149 -0.02544599026441574
v -0.006767988204956055 0.005399941932410002 -0.02613198012113571
v -0.006945967208594084 0.002899944083765149 -0.02544599026441574
v -0.006945967208594084 0.005399941932410002 -0.02544599026441574
v -0.010372989811003208 0.005299984943121672 -0.02124595083296299
v -0.011029950343072414 0.005399941932410002 -0.021241959184408188
v -0.011217949911952019 0.005299984943121672 -0.022120950743556023
v -0.011217949911952019 0.005299984943121672 -0.022120950743556023
v -0.011029950343072414 0.005399941932410002 -0.021241959184408188
v -0.012273959815502167 0.005399941932410002 -0.02334696054458618
v -0.011217949911952019 0.005299984943121672 -0.022120950743556023
v -0.012273959815502167 0.005399941932410002 -0.02334696054458618
v -0.01151197962462902 0.005299984943121672 -0.023300999775528908
v -0.014125999994575977 0.005399941932410002 -0.023594969883561134
v -0.010078960098326206 0.005399941932410002 -0.02558594010770321
v -0.013577990233898163 0.005399941932410002 -0.02379094995558262
v -0.006767988204956055 0.005399941932410002 -0.02613198012113571
v -0.010078960098326206 0.005399941932410002 -0.02558594010770321
v -0.0057609668001532555 0.005399941932410002 -0.026889970526099205
v -0.01151197962462902 0.005299984943121672 -0.023300999775528908
v -0.012273959815502167 0.005399941932410002 -0.02334696054458618
v -0.010533980093896389 0.005399941932410002 -0.02504396066069603
v -0.010533980093896389 0.005399941932410002 -0.02504396066069603
v -0.012273959815502167 0.005399941932410002 -0.02334696054458618
v -0.013577990233898163 0.005399941932410002 -0.02379094995558262
v -0.010533980093896389 0.005399941932410002 -0.02504396066069603
v -0.013577990233898163 0.005399941932410002 -0.02379094995558262
v -0.010078960098326206 0.005399941932410002 -0.02558594010770321
v -0.010533980093896389 0.005399941932410002 -0.02504396066069603
v -0.010078960098326206 0.005399941932410002 -0.02558594010770321
v -0.006767988204956055 0.005399941932410002 -0.02613198012113571
v -0.010533980093896389 0.005399941932410002 -0.02504396066069603
v -0.006767988204956055 0.005399941932410002 -0.02613198012113571
v -0.008623956702649593 0.005399941932410002 -0.025444980710744858
v -0.006767988204956055 0.005399941932410002 -0.02613198012113571
v -0.006945967208594084 0.005399941932410002 -0.02544599026441574
v -0.008623956702649593 0.005399941932410002 -0.025444980710744858
v -0.008623956702649593 0.005399941932410002 -0.025444980710744858
v -0.006945967208594084 0.005399941932410002 -0.02544599026441574
v -0.006862998008728027 0.005386948119848967 -0.02322000078856945
v -0.006862998008728027 0.005386948119848967 -0.02322000078856945
v -0.006945967208594084 0.005399941932410002 -0.02544599026441574
v -0.0064199562184512615 0.005399941932410002 -0.02305798977613449
v -0.006862998008728027 0.005386948119848967 -0.02322000078856945
v -0.0064199562184512615 0.005399941932410002 -0.02305798977613449
v -0.007147966884076595 0.005299984943121672 -0.022049959748983383
v -0.007147966884076595 0.005299984943121672 -0.022049959748983383
v -0.0064199562184512615 0.005399941932410002 -0.02305798977613449
v -0.006778954993933439 0.005399941932410002 -0.021887950599193573
v -0.007147966884076595 0.005299984943121672 -0.022049959748983383
v -0.006778954993933439 0.005399941932410002 -0.021887950599193573
v -0.008022964000701904 0.005299984943121672 -0.021204939112067223
v -0.008022964000701904 0.005299984943121672 -0.021204939112067223
v -0.006778954993933439 0.005399941932410002 -0.021887950599193573
v -0.007610976230353117 0.005399941932410002 -0.020989950746297836
v -0.008022964000701904 0.005299984943121672 -0.021204939112067223
v -0.007610976230353117 0.005399941932410002 -0.020989950746297836
v -0.009203970432281494 0.005299984943121672 -0.020910970866680145
v -0.009203970432281494 0.005299984943121672 -0.020910970866680145
v -0.007610976230353117 0.005399941932410002 -0.020989950746297836
v -0.008748947642743587 0.005399941932410002 -0.02054196037352085
v -0.009203970432281494 0.005299984943121672 -0.020910970866680145
v -0.008748947642743587 0.005399941932410002 -0.02054196037352085
v -0.010372989811003208 0.005299984943121672 -0.02124595083296299
v -0.010372989811003208 0.005299984943121672 -0.02124595083296299
v -0.008748947642743587 0.005399941932410002 -0.02054196037352085
v -0.009969948790967464 0.005399941932410002 -0.020631959661841393
v -0.010372989811003208 0.005299984943121672 -0.02124595083296299
v -0.009969948790967464 0.005399941932410002 -0.020631959661841393
v -0.011029950343072414 0.005399941932410002 -0.021241959184408188
v -0.01361893955618143 0.0033079979475587606 -0.023783979937434196
v -0.014125999994575977 0.005399941932410002 -0.023594969883561134
v -0.013577990233898163 0.005399941932410002 -0.02379094995558262
v -0.013577990233898163 0.005399941932410002 -0.02379094995558262
v -0.01287597045302391 0.002899944083765149 -0.023728959262371063
v -0.01361893955618143 0.0033079979475587606 -0.023783979937434196
v -0.012273959815502167 0.005399941932410002 -0.02334696054458618
v -0.012273959815502167 0.002899944083765149 -0.02334696054458618
v -0.01287597045302391 0.002899944083765149 -0.023728959262371063
v -0.012273959815502167 0.005399941932410002 -0.02334696054458618
v -0.01287597045302391 0.002899944083765149 -0.023728959262371063
v -0.013577990233898163 0.005399941932410002 -0.02379094995558262
v -0.01361893955618143 0.0033079979475587606 -0.023783979937434196
v -0.01287597045302391 0.002899944083765149 -0.023728959262371063
v -0.017022959887981415 0.0033999679144471884 -0.021597979590296745
v -0.017022959887981415 0.0033999679144471884 -0.021597979590296745
v -0.01287597045302391 0.002899944083765149 -0.023728959262371063
v -0.01671396940946579 0.002899944083765149 -0.021204939112067223
v -0.017022959887981415 0.0033999679144471884 -0.021597979590296745
v -0.01671396940946579 0.002899944083765149 -0.021204939112067223
v -0.02018195018172264 0.0033999679144471884 -0.018679970875382423
v -0.02018195018172264 0.0033999679144471884 -0.018679970875382423
v -0.01671396940946579 0.002899944083765149 -0.021204939112067223
v -0.02060895971953869 0.002899944083765149 -0.01744299940764904
v -0.02018195018172264 0.0033999679144471884 -0.018679970875382423
v -0.02060895971953869 0.002899944083765149 -0.01744299940764904
v -0.02099096029996872 0.0033999679144471884 -0.017765989527106285
v -0.02099096029996872 0.0033999679144471884 -0.017765989527106285
v -0.02060895971953869 0.002899944083765149 -0.01744299940764904
v -0.02308695949614048 0.0033999679144471884 -0.014939960092306137
v -0.02308695949614048 0.0033999679144471884 -0.014939960092306137
v -0.02060895971953869 0.002899944083765149 -0.01744299940764904
v -0.02326500043272972 0.002899944083765149 -0.013694999739527702
v -0.02290499024093151 0.002899944083765149 -0.013080949895083904
v -0.020843980833888054 0.002899944083765149 -0.01176500041037798
v -0.02290499024093151 0.005399941932410002 -0.013080949895083904
v -0.02326500043272972 0.002899944083765149 -0.013694999739527702
v -0.02290499024093151 0.005399941932410002 -0.013080949895083904
v -0.02308695949614048 0.005399941932410002 -0.014939960092306137
v -0.02326500043272972 0.002899944083765149 -0.013694999739527702
v -0.02308695949614048 0.005399941932410002 -0.014939960092306137
v -0.02308695949614048 0.0033999679144471884 -0.014939960092306137
v -0.02290499024093151 0.005399941932410002 -0.013080949895083904
v -0.02326500043272972 0.002899944083765149 -0.013694999739527702
v -0.02290499024093151 0.002899944083765149 -0.013080949895083904
v -0.020843980833888054 0.002899944083765149 -0.01176500041037798
v -0.020843980833888054 0.005399941932410002 -0.01176500041037798
v -0.02290499024093151 0.005399941932410002 -0.013080949895083904
v -0.02383296936750412 0.005399941932410002 -0.013719970360398293
v -0.02308695949614048 0.005399941932410002 -0.014939960092306137
v -0.02290499024093151 0.005399941932410002 -0.013080949895083904
v -0.02383296936750412 0.005399941932410002 -0.013719970360398293
v -0.02290499024093151 0.005399941932410002 -0.013080949895083904
v -0.02448897995054722 0.005399941932410002 -0.011586960405111313
v -0.02448897995054722 0.005399941932410002 -0.011586960405111313
v -0.02290499024093151 0.005399941932410002 -0.013080949895083904
v -0.022278960794210434 0.005299984943121672 -0.012227949686348438
v -0.025187959894537926 0.005399941932410002 -0.00782996416091919
v -0.026423990726470947 0.005399941932410002 -0.0072219958528876305
v -0.026287969201803207 0.005399941932410002 -0.008072972297668457
v -0.026287969201803207 0.005399941932410002 -0.008072972297668457
v -0.026423990726470947 0.005399941932410002 -0.0072219958528876305
v -0.0266720000654459 0.005399941932410002 -0.006695984862744808
v -0.025206979364156723 0.005299984943121672 -0.009399949572980404
v -0.025187959894537926 0.005399941932410002 -0.00782996416091919
v -0.026287969201803207 0.005399941932410002 -0.008072972297668457
v -0.025206979364156723 0.005299984943121672 -0.009399949572980404
v -0.026287969201803207 0.005399941932410002 -0.008072972297668457
v -0.02448897995054722 0.005399941932410002 -0.011586960405111313
v -0.02448897995054722 0.005399941932410002 -0.011586960405111313
v -0.026287969201803207 0.005399941932410002 -0.008072972297668457
v -0.02383296936750412 0.005399941932410002 -0.013719970360398293
v -0.022278960794210434 0.005299984943121672 -0.012227949686348438
v -0.02290499024093151 0.005399941932410002 -0.013080949895083904
v -0.020843980833888054 0.005399941932410002 -0.01176500041037798
v -0.022278960794210434 0.005299984943121672 -0.012227949686348438
v -0.020843980833888054 0.005399941932410002 -0.01176500041037798
v -0.021236000582575798 0.005299984943121672 -0.011600970290601254
v -0.021236000582575798 0.005299984943121672 -0.011600970290601254
v -0.020843980833888054 0.005399941932410002 -0.01176500041037798
v -0.020270999521017075 0.005399941932410002 -0.010683950036764145
v -0.021236000582575798 0.005299984943121672 -0.011600970290601254
v -0.020270999521017075 0.005399941932410002 -0.010683950036764145
v -0.020595960319042206 0.005299984943121672 -0.00966495182365179
v -0.020595960319042206 0.005299984943121672 -0.00966495182365179
v -0.020270999521017075 0.005399941932410002 -0.010683950036764145
v -0.020223969593644142 0.005399941932410002 -0.009460984729230404
v -0.020595960319042206 0.005299984943121672 -0.00966495182365179
v -0.020223969593644142 0.005399941932410002 -0.009460984729230404
v -0.020711949095129967 0.005399941932410002 -0.00833797361701727
v -0.020595960319042206 0.005299984943121672 -0.00966495182365179
v -0.020711949095129967 0.005399941932410002 -0.00833797361701727
v -0.021710989996790886 0.005299984943121672 -0.007956980727612972
v -0.021710989996790886 0.005299984943121672 -0.007956980727612972
v -0.020711949095129967 0.005399941932410002 -0.00833797361701727
v -0.021637970581650734 0.005399941932410002 -0.007538973819464445
v -0.021710989996790886 0.005299984943121672 -0.007956980727612972
v -0.021637970581650734 0.005399941932410002 -0.007538973819464445
v -0.023740939795970917 0.005299984943121672 -0.007763980887830257
v -0.023740939795970917 0.005299984943121672 -0.007763980887830257
v -0.021637970581650734 0.005399941932410002 -0.007538973819464445
v -0.022819990292191505 0.005399941932410002 -0.007220983039587736
v -0.023740939795970917 0.005299984943121672 -0.007763980887830257
v -0.022819990292191505 0.005399941932410002 -0.007220983039587736
v -0.025187959894537926 0.005399941932410002 -0.00782996416091919
v -0.023740939795970917 0.005299984943121672 -0.007763980887830257
v -0.025187959894537926 0.005399941932410002 -0.00782996416091919
v -0.025206979364156723 0.005299984943121672 -0.009399949572980404
v -0.0266720000654459 0.005399941932410002 -0.006695984862744808
v -0.026423990726470947 0.005399941932410002 -0.0072219958528876305
v -0.0266720000654459 0.0033999679144471884 -0.006695984862744808
v -0.0266720000654459 0.0033999679144471884 -0.006695984862744808
v -0.026423990726470947 0.005399941932410002 -0.0072219958528876305
v -0.02588295005261898 0.002899944083765149 -0.007673977874219418
v -0.02588295005261898 0.002899944083765149 -0.007673977874219418
v -0.026423990726470947 0.005399941932410002 -0.0072219958528876305
v -0.025187959894537926 0.005399941932410002 -0.00782996416091919
v -0.02588295005261898 0.002899944083765149 -0.007673977874219418
v -0.025187959894537926 0.005399941932410002 -0.00782996416091919
v -0.025187959894537926 0.002899944083765149 -0.00782996416091919
v -0.026812970638275146 0.002899944083765149 -0.0031759729608893394
v -0.027309000492095947 0.0033999679144471884 -0.0032349820248782635
v -0.02588295005261898 0.002899944083765149 -0.007673977874219418
v -0.02588295005261898 0.002899944083765149 -0.007673977874219418
v -0.027309000492095947 0.0033999679144471884 -0.0032349820248782635
v -0.0266720000654459 0.0033999679144471884 -0.006695984862744808
v -0.02613895945250988 0.002899944083765149 0.0067649479024112225
v -0.02681899070739746 0.0033809540327638388 0.005995987914502621
v -0.02690695971250534 0.002899944083765149 0.002237974898889661
v -0.02681899070739746 0.0033809540327638388 0.005995987914502621
v -0.027187999337911606 0.0033999679144471884 0.004132986068725586
v -0.02690695971250534 0.002899944083765149 0.002237974898889661
v -0.02690695971250534 0.002899944083765149 0.002237974898889661
v -0.027187999337911606 0.0033999679144471884 0.004132986068725586
v -0.027404960244894028 0.0033999679144471884 0.0022799959406256676
v -0.02690695971250534 0.002899944083765149 0.002237974898889661
v -0.027404960244894028 0.0033999679144471884 0.0022799959406256676
v -0.026812970638275146 0.002899944083765149 -0.0031759729608893394
v -0.026812970638275146 0.002899944083765149 -0.0031759729608893394
v -0.027404960244894028 0.0033999679144471884 0.0022799959406256676
v -0.02742600068449974 0.0033999679144471884 -0.0020209550857543945
v -0.026812970638275146 0.002899944083765149 -0.0031759729608893394
v -0.02742600068449974 0.0033999679144471884 -0.0020209550857543945
v -0.027309000492095947 0.0033999679144471884 -0.0032349820248782635
v -0.026020999997854233 0.005399941932410002 0.006821990013122559
v -0.026326950639486313 0.005399941932410002 0.007946968078613281
v -0.026889970526099205 0.005399941932410002 0.0057609668001532555
v -0.023299990221858025 0.005399941932410002 0.011411960236728191
v -0.02467399090528488 0.005399941932410002 0.012142949737608433
v -0.02504396066069603 0.005399941932410002 0.010533980093896389
v -0.02504396066069603 0.005399941932410002 0.010533980093896389
v -0.02467399090528488 0.005399941932410002 0.012142949737608433
v -0.02558594010770321 0.005399941932410002 0.010078960098326206
v -0.02504396066069603 0.005399941932410002 0.010533980093896389
v -0.02558594010770321 0.005399941932410002 0.010078960098326206
v -0.026326950639486313 0.005399941932410002 0.007946968078613281
v -0.02504396066069603 0.005399941932410002 0.010533980093896389
v -0.026326950639486313 0.005399941932410002 0.007946968078613281
v -0.02499496005475521 0.005399941932410002 0.007728992961347103
v -0.02499496005475521 0.005399941932410002 0.007728992961347103
v -0.026326950639486313 0.005399941932410002 0.007946968078613281
v -0.026020999997854233 0.005399941932410002 0.006821990013122559
v -0.023299990221858025 0.005399941932410002 0.011411960236728191
v -0.023351959884166718 0.005399941932410002 0.012278970330953598
v -0.02467399090528488 0.005399941932410002 0.012142949737608433
v -0.02467399090528488 0.005399941932410002 0.012142949737608433
v -0.023351959884166718 0.005399941932410002 0.012278970330953598
v -0.02380800060927868 0.005399941932410002 0.013339989818632603
v -0.026020999997854233 0.005399941932410002 0.006821990013122559
v -0.025389960035681725 0.005399941932410002 0.006945967208594084
v -0.02499496005475521 0.005399941932410002 0.007728992961347103
v -0.02499496005475521 0.005399941932410002 0.007728992961347103
v -0.025389960035681725 0.005399941932410002 0.006945967208594084
v -0.024242989718914032 0.005299984943121672 0.007027983199805021
v -0.024242989718914032 0.005299984943121672 0.007027983199805021
v -0.025389960035681725 0.005399941932410002 0.006945967208594084
v -0.023211950436234474 0.005399941932410002 0.0064129820093512535
v -0.024242989718914032 0.005299984943121672 0.007027983199805021
v -0.023211950436234474 0.005399941932410002 0.0064129820093512535
v -0.022203980013728142 0.005299984943121672 0.007062971126288176
v -0.022203980013728142 0.005299984943121672 0.007062971126288176
v -0.023211950436234474 0.005399941932410002 0.0064129820093512535
v -0.022163979709148407 0.005399941932410002 0.006640969775617123
v -0.022203980013728142 0.005299984943121672 0.007062971126288176
v -0.022163979709148407 0.005399941932410002 0.006640969775617123
v -0.021397940814495087 0.005299984943121672 0.007729947101324797
v -0.021397940814495087 0.005299984943121672 0.007729947101324797
v -0.022163979709148407 0.005399941932410002 0.006640969775617123
v -0.021281950175762177 0.005399941932410002 0.007251976989209652
v -0.021397940814495087 0.005299984943121672 0.007729947101324797
v -0.021281950175762177 0.005399941932410002 0.007251976989209652
v -0.020978979766368866 0.005299984943121672 0.009724973700940609
v -0.020978979766368866 0.005299984943121672 0.009724973700940609
v -0.021281950175762177 0.005399941932410002 0.007251976989209652
v -0.020702000707387924 0.005399941932410002 0.008154988288879395
v -0.020978979766368866 0.005299984943121672 0.009724973700940609
v -0.020702000707387924 0.005399941932410002 0.008154988288879395
v -0.020540950819849968 0.005399941932410002 0.009568989276885986
v -0.020978979766368866 0.005299984943121672 0.009724973700940609
v -0.020540950819849968 0.005399941932410002 0.009568989276885986
v -0.021448960527777672 0.005299984943121672 0.010659989900887012
v -0.021448960527777672 0.005299984943121672 0.010659989900887012
v -0.020540950819849968 0.005399941932410002 0.009568989276885986
v -0.02110796980559826 0.005399941932410002 0.01087396964430809
v -0.021448960527777672 0.005299984943121672 0.010659989900887012
v -0.02110796980559826 0.005399941932410002 0.01087396964430809
v -0.023299990221858025 0.005399941932410002 0.011411960236728191
v -0.023299990221858025 0.005399941932410002 0.011411960236728191
v -0.02110796980559826 0.005399941932410002 0.01087396964430809
v -0.023351959884166718 0.005399941932410002 0.012278970330953598
v -0.02467399090528488 0.005399941932410002 0.012142949737608433
v -0.02380800060927868 0.005399941932410002 0.013339989818632603
v -0.023594969883561134 0.005399941932410002 0.014125999994575977
v -0.023702969774603844 0.0033809540327638388 0.013904980383813381
v -0.023594969883561134 0.005399941932410002 0.014125999994575977
v -0.02380800060927868 0.005399941932410002 0.013339989818632603
v -0.023702969774603844 0.0033809540327638388 0.013904980383813381
v -0.02380800060927868 0.005399941932410002 0.013339989818632603
v -0.023729970678687096 0.002899944083765149 0.012878949753940105
v -0.023729970678687096 0.002899944083765149 0.012878949753940105
v -0.02380800060927868 0.005399941932410002 0.013339989818632603
v -0.023351959884166718 0.005399941932410002 0.012278970330953598
v -0.023729970678687096 0.002899944083765149 0.012878949753940105
v -0.023351959884166718 0.005399941932410002 0.012278970330953598
v -0.023351959884166718 0.002899944083765149 0.012278970330953598
v -0.013694999739527702 0.002899944083765149 0.02326500043272972
v -0.014939960092306137 0.0033999679144471884 0.02308695949614048
v -0.01744299940764904 0.002899944083765149 0.02060895971953869
v -0.01744299940764904 0.002899944083765149 0.02060895971953869
v -0.014939960092306137 0.0033999679144471884 0.02308695949614048
v -0.017765989527106285 0.0033999679144471884 0.02099096029996872
v -0.01744299940764904 0.002899944083765149 0.02060895971953869
v -0.017765989527106285 0.0033999679144471884 0.02099096029996872
v -0.018679970875382423 0.0033999679144471884 0.02018195018172264
v -0.01744299940764904 0.002899944083765149 0.02060895971953869
v -0.018679970875382423 0.0033999679144471884 0.02018195018172264
v -0.021204939112067223 0.002899944083765149 0.01671396940946579
v -0.021204939112067223 0.002899944083765149 0.01671396940946579
v -0.018679970875382423 0.0033999679144471884 0.02018195018172264
v -0.021597979590296745 0.0033999679144471884 0.017022959887981415
v -0.021204939112067223 0.002899944083765149 0.01671396940946579
v -0.021597979590296745 0.0033999679144471884 0.017022959887981415
v -0.022701969370245934 0.0033999679144471884 0.01551997009664774
v -0.021204939112067223 0.002899944083765149 0.01671396940946579
v -0.022701969370245934 0.0033999679144471884 0.01551997009664774
v -0.023729970678687096 0.002899944083765149 0.012878949753940105
v -0.023729970678687096 0.002899944083765149 0.012878949753940105
v -0.022701969370245934 0.0033999679144471884 0.01551997009664774
v -0.023702969774603844 0.0033809540327638388 0.013904980383813381
v -0.013694999739527702 0.002899944083765149 0.02326500043272972
v -0.013080949895083904 0.005399941932410002 0.02290499024093151
v -0.014939960092306137 0.005399941932410002 0.02308695949614048
v -0.013694999739527702 0.002899944083765149 0.02326500043272972
v -0.014939960092306137 0.005399941932410002 0.02308695949614048
v -0.014939960092306137 0.0033999679144471884 0.02308695949614048
v -0.013080949895083904 0.005399941932410002 0.02290499024093151
v -0.013694999739527702 0.002899944083765149 0.02326500043272972
v -0.013080949895083904 0.002899944083765149 0.02290499024093151
v -0.01176500041037798 0.005399941932410002 0.020843980833888054
v -0.013080949895083904 0.005399941932410002 0.02290499024093151
v -0.01176500041037798 0.002899944083765149 0.020843980833888054
v -0.01176500041037798 0.002899944083765149 0.020843980833888054
v -0.013080949895083904 0.005399941932410002 0.02290499024093151
v -0.013080949895083904 0.002899944083765149 0.02290499024093151
v -0.006695984862744808 0.005399941932410002 0.0266720000654459
v -0.008072972297668457 0.005399941932410002 0.026287969201803207
v -0.0072219958528876305 0.005399941932410002 0.026423990726470947
v -0.0072219958528876305 0.005399941932410002 0.026423990726470947
v -0.008072972297668457 0.005399941932410002 0.026287969201803207
v -0.00782996416091919 0.005399941932410002 0.025187959894537926
v -0.00782996416091919 0.005399941932410002 0.025187959894537926
v -0.008072972297668457 0.005399941932410002 0.026287969201803207
v -0.008405983448028564 0.005399941932410002 0.02454495057463646
v -0.013719970360398293 0.005399941932410002 0.02383296936750412
v -0.014939960092306137 0.005399941932410002 0.02308695949614048
v -0.013080949895083904 0.005399941932410002 0.02290499024093151
v -0.013719970360398293 0.005399941932410002 0.02383296936750412
v -0.013080949895083904 0.005399941932410002 0.02290499024093151
v -0.012208989821374416 0.005399941932410002 0.023138990625739098
v -0.012208989821374416 0.005399941932410002 0.023138990625739098
v -0.013080949895083904 0.005399941932410002 0.02290499024093151
v -0.011600970290601254 0.005299984943121672 0.021236000582575798
v -0.011600970290601254 0.005299984943121672 0.021236000582575798
v -0.013080949895083904 0.005399941932410002 0.02290499024093151
v -0.01176500041037798 0.005399941932410002 0.020843980833888054
v -0.011600970290601254 0.005299984943121672 0.021236000582575798
v -0.01176500041037798 0.005399941932410002 0.020843980833888054
v -0.010705940425395966 0.005299984943121672 0.020694969221949577
v -0.010705940425395966 0.005299984943121672 0.020694969221949577
v -0.01176500041037798 0.005399941932410002 0.020843980833888054
v -0.010683950036764145 0.005399941932410002 0.020270999521017075
v -0.010705940425395966 0.005299984943121672 0.020694969221949577
v -0.010683950036764145 0.005399941932410002 0.020270999521017075
v -0.00966495182365179 0.005299984943121672 0.020595960319042206
v -0.00966495182365179 0.005299984943121672 0.020595960319042206
v -0.010683950036764145 0.005399941932410002 0.020270999521017075
v -0.009460984729230404 0.005399941932410002 0.020223969593644142
v -0.00966495182365179 0.005299984943121672 0.020595960319042206
v -0.009460984729230404 0.005399941932410002 0.020223969593644142
v -0.00833797361701727 0.005399941932410002 0.020711949095129967
v -0.00966495182365179 0.005299984943121672 0.020595960319042206
v -0.00833797361701727 0.005399941932410002 0.020711949095129967
v -0.007956980727612972 0.005299984943121672 0.021710989996790886
v -0.007956980727612972 0.005299984943121672 0.021710989996790886
v -0.00833797361701727 0.005399941932410002 0.020711949095129967
v -0.007538973819464445 0.005399941932410002 0.021637970581650734
v -0.007956980727612972 0.005299984943121672 0.021710989996790886
v -0.007538973819464445 0.005399941932410002 0.021637970581650734
v -0.007220983039587736 0.005399941932410002 0.022819990292191505
v -0.007956980727612972 0.005299984943121672 0.021710989996790886
v -0.007220983039587736 0.005399941932410002 0.022819990292191505
v -0.007763980887830257 0.005299984943121672 0.023740939795970917
v -0.007763980887830257 0.005299984943121672 0.023740939795970917
v -0.007220983039587736 0.005399941932410002 0.022819990292191505
v -0.00782996416091919 0.005399941932410002 0.025187959894537926
v -0.007763980887830257 0.005299984943121672 0.023740939795970917
v -0.00782996416091919 0.005399941932410002 0.025187959894537926
v -0.008405983448028564 0.005399941932410002 0.02454495057463646
v -0.013719970360398293 0.005399941932410002 0.02383296936750412
v -0.012208989821374416 0.005399941932410002 0.023138990625739098
v -0.010259980335831642 0.005399941932410002 0.025157980620861053
v -0.013719970360398293 0.005399941932410002 0.02383296936750412
v -0.010259980335831642 0.005399941932410002 0.025157980620861053
v -0.008072972297668457 0.005399941932410002 0.026287969201803207
v -0.008072972297668457 0.005399941932410002 0.026287969201803207
v -0.010259980335831642 0.005399941932410002 0.025157980620861053
v -0.008405983448028564 0.005399941932410002 0.02454495057463646
v -0.006695984862744808 0.005399941932410002 0.0266720000654459
v -0.0072219958528876305 0.005399941932410002 0.026423990726470947
v -0.006695984862744808 0.0033999679144471884 0.0266720000654459
v -0.006695984862744808 0.0033999679144471884 0.0266720000654459
v -0.0072219958528876305 0.005399941932410002 0.026423990726470947
v -0.007673977874219418 0.002899944083765149 0.02588295005261898
v -0.007673977874219418 0.002899944083765149 0.02588295005261898
v -0.0072219958528876305 0.005399941932410002 0.026423990726470947
v -0.00782996416091919 0.005399941932410002 0.025187959894537926
v -0.007673977874219418 0.002899944083765149 0.02588295005261898
v -0.00782996416091919 0.005399941932410002 0.025187959894537926
v -0.00782996416091919 0.002899944083765149 0.025187959894537926
v -0.00782996416091919 0.002899944083765149 0.025187959894537926
v -0.00782996416091919 0.005399941932410002 0.025187959894537926
v -0.007220983039587736 0.002899944083765149 0.022819990292191505
v 0.006765961181372404 0.002899944083765149 0.02613597922027111
v 0.005854963790625334 0.003396986983716488 0.0268669705837965
v 0.002237974898889661 0.002899944083765149 0.02690695971250534
v -0.0031759729608893394 0.002899944083765149 0.026812970638275146
v -0.0032349820248782635 0.0033999679144471884 0.027309000492095947
v -0.007673977874219418 0.002899944083765149 0.02588295005261898
v -0.007673977874219418 0.002899944083765149 0.02588295005261898
v -0.0032349820248782635 0.0033999679144471884 0.027309000492095947
v -0.006695984862744808 0.0033999679144471884 0.0266720000654459
v 0.005854963790625334 0.003396986983716488 0.0268669705837965
v 0.004132986068725586 0.0033999679144471884 0.027187999337911606
v 0.002237974898889661 0.002899944083765149 0.02690695971250534
v 0.002237974898889661 0.002899944083765149 0.02690695971250534
v 0.004132986068725586 0.0033999679144471884 0.027187999337911606
v 0.0022799959406256676 0.0033999679144471884 0.027404960244894028
v 0.002237974898889661 0.002899944083765149 0.02690695971250534
v 0.0022799959406256676 0.0033999679144471884 0.027404960244894028
v -0.0031759729608893394 0.002899944083765149 0.026812970638275146
v -0.0031759729608893394 0.002899944083765149 0.026812970638275146
v 0.0022799959406256676 0.0033999679144471884 0.027404960244894028
v -0.0020209550857543945 0.0033999679144471884 0.02742600068449974
v -0.0031759729608893394 0.002899944083765149 0.026812970638275146
v -0.0020209550857543945 0.0033999679144471884 0.02742600068449974
v -0.0032349820248782635 0.0033999679144471884 0.027309000492095947
v 0.006765961181372404 0.002899944083765149 0.02613597922027111
v 0.006767988204956055 0.005399941932410002 0.02613198012113571
v 0.0057609668001532555 0.005399941932410002 0.026889970526099205
v 0.006765961181372404 0.002899944083765149 0.02613597922027111
v 0.0057609668001532555 0.005399941932410002 0.026889970526099205
v 0.005854963790625334 0.003396986983716488 0.0268669705837965
v 0.006767988204956055 0.005399941932410002 0.02613198012113571
v 0.006765961181372404 0.002899944083765149 0.02613597922027111
v 0.006945967208594084 0.002899944083765149 0.02544599026441574
v 0.006767988204956055 0.005399941932410002 0.02613198012113571
v 0.006945967208594084 0.002899944083765149 0.02544599026441574
v 0.006945967208594084 0.005399941932410002 0.02544599026441574
v 0.0064199562184512615 0.002899944083765149 0.02305798977613449
v 0.006945967208594084 0.005399941932410002 0.02544599026441574
v 0.006945967208594084 0.002899944083765149 0.02544599026441574
v 0.014125999994575977 0.005399941932410002 0.023594969883561134
v 0.010078960098326206 0.005399941932410002 0.02558594010770321
v 0.012871979735791683 0.005399941932410002 0.02372794970870018
v 0.006767988204956055 0.005399941932410002 0.02613198012113571
v 0.010078960098326206 0.005399941932410002 0.02558594010770321
v 0.0057609668001532555 0.005399941932410002 0.026889970526099205
v 0.01151197962462902 0.005299984943121672 0.023300999775528908
v 0.012273959815502167 0.005399941932410002 0.02334696054458618
v 0.011261990293860435 0.005299984943121672 0.024316959083080292
v 0.011261990293860435 0.005299984943121672 0.024316959083080292
v 0.012273959815502167 0.005399941932410002 0.02334696054458618
v 0.012871979735791683 0.005399941932410002 0.02372794970870018
v 0.011261990293860435 0.005299984943121672 0.024316959083080292
v 0.012871979735791683 0.005399941932410002 0.02372794970870018
v 0.010533980093896389 0.005399941932410002 0.02504396066069603
v 0.010533980093896389 0.005399941932410002 0.02504396066069603
v 0.012871979735791683 0.005399941932410002 0.02372794970870018
v 0.010078960098326206 0.005399941932410002 0.02558594010770321
v 0.010533980093896389 0.005399941932410002 0.02504396066069603
v 0.010078960098326206 0.005399941932410002 0.02558594010770321
v 0.006767988204956055 0.005399941932410002 0.02613198012113571
v 0.010533980093896389 0.005399941932410002 0.02504396066069603
v 0.006767988204956055 0.005399941932410002 0.02613198012113571
v 0.007728992961347103 0.005399941932410002 0.02499496005475521
v 0.006767988204956055 0.005399941932410002 0.02613198012113571
v 0.006945967208594084 0.005399941932410002 0.02544599026441574
v 0.007728992961347103 0.005399941932410002 0.02499496005475521
v 0.007728992961347103 0.005399941932410002 0.02499496005475521
v 0.006945967208594084 0.005399941932410002 0.02544599026441574
v 0.00691294576972723 0.005399941932410002 0.023220950737595558
v 0.00691294576972723 0.005399941932410002 0.023220950737595558
v 0.006945967208594084 0.005399941932410002 0.02544599026441574
v 0.0064199562184512615 0.005399941932410002 0.02305798977613449
v 0.00691294576972723 0.005399941932410002 0.023220950737595558
v 0.0064199562184512615 0.005399941932410002 0.02305798977613449
v 0.006778954993933439 0.005399941932410002 0.021887950599193573
v 0.00691294576972723 0.005399941932410002 0.023220950737595558
v 0.006778954993933439 0.005399941932410002 0.021887950599193573
v 0.007790981791913509 0.005399941932410002 0.021476980298757553
v 0.007790981791913509 0.005399941932410002 0.021476980298757553
v 0.006778954993933439 0.005399941932410002 0.021887950599193573
v 0.007610976230353117 0.005399941932410002 0.020989950746297836
v 0.007790981791913509 0.005399941932410002 0.021476980298757553
v 0.007610976230353117 0.005399941932410002 0.020989950746297836
v 0.008748947642743587 0.005399941932410002 0.02054196037352085
v 0.007790981791913509 0.005399941932410002 0.021476980298757553
v 0.008748947642743587 0.005399941932410002 0.02054196037352085
v 0.010659989900887012 0.005299984943121672 0.021448960527777672
v 0.010659989900887012 0.005299984943121672 0.021448960527777672
v 0.008748947642743587 0.005399941932410002 0.02054196037352085
v 0.009969948790967464 0.005399941932410002 0.020631959661841393
v 0.010659989900887012 0.005299984943121672 0.021448960527777672
v 0.009969948790967464 0.005399941932410002 0.020631959661841393
v 0.011029950343072414 0.005399941932410002 0.021241959184408188
v 0.010659989900887012 0.005299984943121672 0.021448960527777672
v 0.011029950343072414 0.005399941932410002 0.021241959184408188
v 0.01151197962462902 0.005299984943121672 0.023300999775528908
v 0.01151197962462902 0.005299984943121672 0.023300999775528908
v 0.011029950343072414 0.005399941932410002 0.021241959184408188
v 0.012273959815502167 0.005399941932410002 0.02334696054458618
v 0.011029950343072414 0.002899944083765149 0.021241959184408188
v 0.012273959815502167 0.002899944083765149 0.02334696054458618
v 0.012273959815502167 0.005399941932410002 0.02334696054458618
v 0.0064199562184512615 0.005399941932410002 0.02305798977613449
v 0.006945967208594084 0.005399941932410002 0.02544599026441574
v 0.0064199562184512615 0.002899944083765149 0.02305798977613449
v 0.0064199562184512615 0.005399941932410002 0.02305798977613449
v 0.0064199562184512615 0.002899944083765149 0.02305798977613449
v 0.006778954993933439 0.005399941932410002 0.021887950599193573
v 0.0064199562184512615 0.002899944083765149 0.02305798977613449
v 0.006778954993933439 0.002899944083765149 0.021887950599193573
v 0.006778954993933439 0.005399941932410002 0.021887950599193573
v 0.006778954993933439 0.005399941932410002 0.021887950599193573
v 0.006778954993933439 0.002899944083765149 0.021887950599193573
v 0.007610976230353117 0.005399941932410002 0.020989950746297836
v 0.007610976230353117 0.005399941932410002 0.020989950746297836
v 0.006778954993933439 0.002899944083765149 0.021887950599193573
v 0.007610976230353117 0.002899944083765149 0.020989950746297836
v 0.007610976230353117 0.005399941932410002 0.020989950746297836
v 0.007610976230353117 0.002899944083765149 0.020989950746297836
v 0.008748947642743587 0.005399941932410002 0.02054196037352085
v 0.008748947642743587 0.005399941932410002 0.02054196037352085
v 0.007610976230353117 0.002899944083765149 0.020989950746297836
v 0.008748947642743587 0.002899944083765149 0.02054196037352085
v 0.008748947642743587 0.005399941932410002 0.02054196037352085
v 0.008748947642743587 0.002899944083765149 0.02054196037352085
v 0.009969948790967464 0.005399941932410002 0.020631959661841393
v 0.009969948790967464 0.005399941932410002 0.020631959661841393
v 0.008748947642743587 0.002899944083765149 0.02054196037352085
v 0.009969948790967464 0.002899944083765149 0.020631959661841393
v 0.009969948790967464 0.005399941932410002 0.020631959661841393
v 0.009969948790967464 0.002899944083765149 0.020631959661841393
v 0.011029950343072414 0.005399941932410002 0.021241959184408188
v 0.011029950343072414 0.005399941932410002 0.021241959184408188
v 0.009969948790967464 0.002899944083765149 0.020631959661841393
v 0.011029950343072414 0.002899944083765149 0.021241959184408188
v 0.011029950343072414 0.005399941932410002 0.021241959184408188
v 0.011029950343072414 0.002899944083765149 0.021241959184408188
v 0.012273959815502167 0.005399941932410002 0.02334696054458618
v 0.009724973700940609 0.005299984943121672 0.020978979766368866
v 0.008679986000061035 0.005299984943121672 0.020960979163646698
v 0.007790981791913509 0.005399941932410002 0.021476980298757553
v 0.00691294576972723 0.005399941932410002 0.023220950737595558
v 0.007790981791913509 0.005399941932410002 0.021476980298757553
v 0.007062971126288176 0.005299984943121672 0.022203980013728142
v 0.007790981791913509 0.005399941932410002 0.021476980298757553
v 0.010659989900887012 0.005299984943121672 0.021448960527777672
v 0.009724973700940609 0.005299984943121672 0.020978979766368866
v 0.01151197962462902 0.005299984943121672 0.023300999775528908
v 0.011296980082988739 0.005299984943121672 0.0222779493778944
v 0.010659989900887012 0.005299984943121672 0.021448960527777672
v 0.00964498519897461 0.005299984943121672 0.025559959933161736
v 0.010533980093896389 0.005399941932410002 0.02504396066069603
v 0.007728992961347103 0.005399941932410002 0.02499496005475521
v 0.007027983199805021 0.005299984943121672 0.024242989718914032
v 0.007728992961347103 0.005399941932410002 0.02499496005475521
v 0.00691294576972723 0.005399941932410002 0.023220950737595558
v 0.00964498519897461 0.005299984943121672 0.025559959933161736
v 0.007728992961347103 0.005399941932410002 0.02499496005475521
v 0.008599995635449886 0.005299984943121672 0.025541959330439568
v 0.011512990109622478 0.0030999770388007164 0.023253969848155975
v 0.01151197962462902 0.005299984943121672 0.023300999775528908
v 0.011261990293860435 0.005299984943121672 0.024316959083080292
v 0.011512990109622478 0.0030999770388007164 0.023253969848155975
v 0.011261990293860435 0.005299984943121672 0.024316959083080292
v 0.011261990293860435 0.0030999770388007164 0.024316959083080292
v 0.011261990293860435 0.0030999770388007164 0.024316959083080292
v 0.011261990293860435 0.005299984943121672 0.024316959083080292
v 0.010533980093896389 0.005399941932410002 0.02504396066069603
v 0.011261990293860435 0.0030999770388007164 0.024316959083080292
v 0.010533980093896389 0.005399941932410002 0.02504396066069603
v 0.010585960000753403 0.0030229680705815554 0.025110960006713867
v 0.010585960000753403 0.0030229680705815554 0.025110960006713867
v 0.010533980093896389 0.005399941932410002 0.02504396066069603
v 0.00964498519897461 0.005299984943121672 0.025559959933161736
v 0.010585960000753403 0.0030229680705815554 0.025110960006713867
v 0.00964498519897461 0.005299984943121672 0.025559959933161736
v 0.009641945362091064 0.0030229680705815554 0.025544999167323112
v 0.009641945362091064 0.0030229680705815554 0.025544999167323112
v 0.00964498519897461 0.005299984943121672 0.025559959933161736
v 0.008599995635449886 0.005299984943121672 0.025541959330439568
v 0.009641945362091064 0.0030229680705815554 0.025544999167323112
v 0.008599995635449886 0.005299984943121672 0.025541959330439568
v 0.008602975867688656 0.0030229680705815554 0.025527000427246094
v 0.008602975867688656 0.0030229680705815554 0.025527000427246094
v 0.008599995635449886 0.005299984943121672 0.025541959330439568
v 0.007728992961347103 0.005399941932410002 0.02499496005475521
v 0.008602975867688656 0.0030229680705815554 0.025527000427246094
v 0.007728992961347103 0.005399941932410002 0.02499496005475521
v 0.007674992084503174 0.0030229680705815554 0.02505999058485031
v 0.007674992084503174 0.0030229680705815554 0.02505999058485031
v 0.007728992961347103 0.005399941932410002 0.02499496005475521
v 0.007027983199805021 0.005299984943121672 0.024242989718914032
v 0.007674992084503174 0.0030229680705815554 0.02505999058485031
v 0.007027983199805021 0.005299984943121672 0.024242989718914032
v 0.007027983199805021 0.0030999770388007164 0.024242989718914032
v 0.007027983199805021 0.0030999770388007164 0.024242989718914032
v 0.007027983199805021 0.005299984943121672 0.024242989718914032
v 0.0068129887804389 0.0030999770388007164 0.023218980059027672
v 0.0068129887804389 0.0030999770388007164 0.023218980059027672
v 0.007027983199805021 0.005299984943121672 0.024242989718914032
v 0.00691294576972723 0.005399941932410002 0.023220950737595558
v 0.00691294576972723 0.005399941932410002 0.023220950737595558
v 0.007062971126288176 0.005299984943121672 0.022203980013728142
v 0.0068129887804389 0.0030999770388007164 0.023218980059027672
v 0.0068129887804389 0.0030999770388007164 0.023218980059027672
v 0.007062971126288176 0.005299984943121672 0.022203980013728142
v 0.007147966884076595 0.0030999770388007164 0.022049959748983383
v 0.007147966884076595 0.0030999770388007164 0.022049959748983383
v 0.007062971126288176 0.005299984943121672 0.022203980013728142
v 0.007790981791913509 0.005399941932410002 0.021476980298757553
v 0.007147966884076595 0.0030999770388007164 0.022049959748983383
v 0.007790981791913509 0.005399941932410002 0.021476980298757553
v 0.008022964000701904 0.0030999770388007164 0.021204939112067223
v 0.008022964000701904 0.0030999770388007164 0.021204939112067223
v 0.007790981791913509 0.005399941932410002 0.021476980298757553
v 0.008679986000061035 0.005299984943121672 0.020960979163646698
v 0.008022964000701904 0.0030999770388007164 0.021204939112067223
v 0.008679986000061035 0.005299984943121672 0.020960979163646698
v 0.009202957153320312 0.0029999609105288982 0.020937969908118248
v 0.008679986000061035 0.005299984943121672 0.020960979163646698
v 0.009724973700940609 0.005299984943121672 0.020978979766368866
v 0.009202957153320312 0.0029999609105288982 0.020937969908118248
v 0.009202957153320312 0.0029999609105288982 0.020937969908118248
v 0.009724973700940609 0.005299984943121672 0.020978979766368866
v 0.010372989811003208 0.0030999770388007164 0.02124595083296299
v 0.009724973700940609 0.005299984943121672 0.020978979766368866
v 0.010659989900887012 0.005299984943121672 0.021448960527777672
v 0.010372989811003208 0.0030999770388007164 0.02124595083296299
v 0.010372989811003208 0.0030999770388007164 0.02124595083296299
v 0.010659989900887012 0.005299984943121672 0.021448960527777672
v 0.011217949911952019 0.0030999770388007164 0.022120950743556023
v 0.010659989900887012 0.005299984943121672 0.021448960527777672
v 0.011296980082988739 0.005299984943121672 0.0222779493778944
v 0.011217949911952019 0.0030999770388007164 0.022120950743556023
v 0.011217949911952019 0.0030999770388007164 0.022120950743556023
v 0.011296980082988739 0.005299984943121672 0.0222779493778944
v 0.011512990109622478 0.0030999770388007164 0.023253969848155975
v 0.011512990109622478 0.0030999770388007164 0.023253969848155975
v 0.011296980082988739 0.005299984943121672 0.0222779493778944
v 0.01151197962462902 0.005299984943121672 0.023300999775528908
v 0.011217949911952019 0.0030999770388007164 0.022120950743556023
v 0.009202957153320312 0.0029999609105288982 0.020937969908118248
v 0.010372989811003208 0.0030999770388007164 0.02124595083296299
v 0.007147966884076595 0.0030999770388007164 0.022049959748983383
v 0.008022964000701904 0.0030999770388007164 0.021204939112067223
v 0.0068129887804389 0.0030999770388007164 0.023218980059027672
v 0.009641945362091064 0.0030229680705815554 0.025544999167323112
v 0.007674992084503174 0.0030229680705815554 0.02505999058485031
v 0.009240983985364437 0.002899944083765149 0.02447395958006382
v 0.011217949911952019 0.0030999770388007164 0.022120950743556023
v 0.010270950384438038 0.002899944083765149 0.022759970277547836
v 0.009202957153320312 0.0029999609105288982 0.020937969908118248
v 0.009202957153320312 0.0029999609105288982 0.020937969908118248
v 0.010270950384438038 0.002899944083765149 0.022759970277547836
v 0.009283958934247494 0.002899944083765149 0.022049959748983383
v 0.011217949911952019 0.0030999770388007164 0.022120950743556023
v 0.011512990109622478 0.0030999770388007164 0.023253969848155975
v 0.010270950384438038 0.002899944083765149 0.022759970277547836
v 0.010270950384438038 0.002899944083765149 0.022759970277547836
v 0.011512990109622478 0.0030999770388007164 0.023253969848155975
v 0.01025294978171587 0.002899944083765149 0.023799000307917595
v 0.01025294978171587 0.002899944083765149 0.023799000307917595
v 0.011512990109622478 0.0030999770388007164 0.023253969848155975
v 0.009641945362091064 0.0030229680705815554 0.025544999167323112
v 0.0068129887804389 0.0030999770388007164 0.023218980059027672
v 0.008150993846356869 0.002899944083765149 0.023935969918966293
v 0.007674992084503174 0.0030229680705815554 0.02505999058485031
v 0.007674992084503174 0.0030229680705815554 0.02505999058485031
v 0.008150993846356869 0.002899944083765149 0.023935969918966293
v 0.009240983985364437 0.002899944083765149 0.02447395958006382
v 0.009641945362091064 0.0030229680705815554 0.025544999167323112
v 0.009240983985364437 0.002899944083765149 0.02447395958006382
v 0.01025294978171587 0.002899944083765149 0.023799000307917595
v 0.009202957153320312 0.0029999609105288982 0.020937969908118248
v 0.009283958934247494 0.002899944083765149 0.022049959748983383
v 0.008022964000701904 0.0030999770388007164 0.021204939112067223
v 0.008022964000701904 0.0030999770388007164 0.021204939112067223
v 0.009283958934247494 0.002899944083765149 0.022049959748983383
v 0.008174954913556576 0.002899944083765149 0.022549979388713837
v 0.0068129887804389 0.0030999770388007164 0.023218980059027672
v 0.008174954913556576 0.002899944083765149 0.022549979388713837
v 0.008150993846356869 0.002899944083765149 0.023935969918966293
v 0.008022964000701904 0.0030999770388007164 0.021204939112067223
v 0.008174954913556576 0.002899944083765149 0.022549979388713837
v 0.0068129887804389 0.0030999770388007164 0.023218980059027672
v 0.011261990293860435 0.0030999770388007164 0.024316959083080292
v 0.010585960000753403 0.0030229680705815554 0.025110960006713867
v 0.009641945362091064 0.0030229680705815554 0.025544999167323112
v 0.009641945362091064 0.0030229680705815554 0.025544999167323112
v 0.008602975867688656 0.0030229680705815554 0.025527000427246094
v 0.007674992084503174 0.0030229680705815554 0.02505999058485031
v 0.007674992084503174 0.0030229680705815554 0.02505999058485031
v 0.007027983199805021 0.0030999770388007164 0.024242989718914032
v 0.0068129887804389 0.0030999770388007164 0.023218980059027672
v 0.011261990293860435 0.0030999770388007164 0.024316959083080292
v 0.009641945362091064 0.0030229680705815554 0.025544999167323112
v 0.011512990109622478 0.0030999770388007164 0.023253969848155975
v 0.008150993846356869 0.002899944083765149 0.023935969918966293
v 0.009143947623670101 0.003999948035925627 0.024299969896674156
v 0.009240983985364437 0.002899944083765149 0.02447395958006382
v 0.008253990672528744 0.003999948035925627 0.023763950914144516
v 0.009143947623670101 0.003999948035925627 0.024299969896674156
v 0.008150993846356869 0.002899944083765149 0.023935969918966293
v 0.009143947623670101 0.003999948035925627 0.024299969896674156
v 0.01010197028517723 0.0038999910466372967 0.023882979527115822
v 0.009240983985364437 0.002899944083765149 0.02447395958006382
v 0.009240983985364437 0.002899944083765149 0.02447395958006382
v 0.01010197028517723 0.0038999910466372967 0.023882979527115822
v 0.01025294978171587 0.002899944083765149 0.023799000307917595
v 0.01010197028517723 0.0038999910466372967 0.023882979527115822
v 0.01007097028195858 0.003999948035925627 0.022756990045309067
v 0.01025294978171587 0.002899944083765149 0.023799000307917595
v 0.01025294978171587 0.002899944083765149 0.023799000307917595
v 0.01007097028195858 0.003999948035925627 0.022756990045309067
v 0.010270950384438038 0.002899944083765149 0.022759970277547836
v 0.01007097028195858 0.003999948035925627 0.022756990045309067
v 0.009231983684003353 0.0038999910466372967 0.022135969251394272
v 0.010270950384438038 0.002899944083765149 0.022759970277547836
v 0.010270950384438038 0.002899944083765149 0.022759970277547836
v 0.009231983684003353 0.0038999910466372967 0.022135969251394272
v 0.009283958934247494 0.002899944083765149 0.022049959748983383
v 0.009231983684003353 0.0038999910466372967 0.022135969251394272
v 0.008171974681317806 0.0038999910466372967 0.02272295020520687
v 0.009283958934247494 0.002899944083765149 0.022049959748983383
v 0.009283958934247494 0.002899944083765149 0.022049959748983383
v 0.008171974681317806 0.0038999910466372967 0.02272295020520687
v 0.008174954913556576 0.002899944083765149 0.022549979388713837
v 0.008174954913556576 0.002899944083765149 0.022549979388713837
v 0.008171974681317806 0.0038999910466372967 0.02272295020520687
v 0.008150993846356869 0.002899944083765149 0.023935969918966293
v 0.008150993846356869 0.002899944083765149 0.023935969918966293
v 0.008171974681317806 0.0038999910466372967 0.02272295020520687
v 0.008253990672528744 0.003999948035925627 0.023763950914144516
v 0.01010197028517723 0.0038999910466372967 0.023882979527115822
v 0.009143947623670101 0.003999948035925627 0.024299969896674156
v 0.01007097028195858 0.003999948035925627 0.022756990045309067
v 0.01007097028195858 0.003999948035925627 0.022756990045309067
v 0.009143947623670101 0.003999948035925627 0.024299969896674156
v 0.008253990672528744 0.003999948035925627 0.023763950914144516
v 0.01007097028195858 0.003999948035925627 0.022756990045309067
v 0.008253990672528744 0.003999948035925627 0.023763950914144516
v 0.009231983684003353 0.0038999910466372967 0.022135969251394272
v 0.009231983684003353 0.0038999910466372967 0.022135969251394272
v 0.008253990672528744 0.003999948035925627 0.023763950914144516
v 0.008171974681317806 0.0038999910466372967 0.02272295020520687
v -0.01176500041037798 0.005399941932410002 0.020843980833888054
v -0.01176500041037798 0.002899944083765149 0.020843980833888054
v -0.010683950036764145 0.005399941932410002 0.020270999521017075
v -0.010683950036764145 0.005399941932410002 0.020270999521017075
v -0.01176500041037798 0.002899944083765149 0.020843980833888054
v -0.010683950036764145 0.002899944083765149 0.020270999521017075
v -0.010683950036764145 0.005399941932410002 0.020270999521017075
v -0.010683950036764145 0.002899944083765149 0.020270999521017075
v -0.009460984729230404 0.005399941932410002 0.020223969593644142
v -0.009460984729230404 0.005399941932410002 0.020223969593644142
v -0.010683950036764145 0.002899944083765149 0.020270999521017075
v -0.009460984729230404 0.002899944083765149 0.020223969593644142
v -0.009460984729230404 0.005399941932410002 0.020223969593644142
v -0.009460984729230404 0.002899944083765149 0.020223969593644142
v -0.00833797361701727 0.005399941932410002 0.020711949095129967
v -0.00833797361701727 0.005399941932410002 0.020711949095129967
v -0.009460984729230404 0.002899944083765149 0.020223969593644142
v -0.00833797361701727 0.002899944083765149 0.020711949095129967
v -0.00833797361701727 0.005399941932410002 0.020711949095129967
v -0.00833797361701727 0.002899944083765149 0.020711949095129967
v -0.007538973819464445 0.005399941932410002 0.021637970581650734
v -0.007538973819464445 0.005399941932410002 0.021637970581650734
v -0.00833797361701727 0.002899944083765149 0.020711949095129967
v -0.007538973819464445 0.002899944083765149 0.021637970581650734
v -0.007538973819464445 0.005399941932410002 0.021637970581650734
v -0.007538973819464445 0.002899944083765149 0.021637970581650734
v -0.007220983039587736 0.005399941932410002 0.022819990292191505
v -0.007538973819464445 0.002899944083765149 0.021637970581650734
v -0.007220983039587736 0.002899944083765149 0.022819990292191505
v -0.007220983039587736 0.005399941932410002 0.022819990292191505
v -0.007220983039587736 0.005399941932410002 0.022819990292191505
v -0.007220983039587736 0.002899944083765149 0.022819990292191505
v -0.00782996416091919 0.005399941932410002 0.025187959894537926
v -0.008683978579938412 0.005299984943121672 0.02095896005630493
v -0.00966495182365179 0.005299984943121672 0.020595960319042206
v -0.007956980727612972 0.005299984943121672 0.021710989996790886
v -0.007628976833075285 0.005299984943121672 0.022703999653458595
v -0.007956980727612972 0.005299984943121672 0.021710989996790886
v -0.007763980887830257 0.005299984943121672 0.023740939795970917
v -0.008405983448028564 0.005399941932410002 0.02454495057463646
v -0.010259980335831642 0.005399941932410002 0.025157980620861053
v -0.009230971336364746 0.005299984943121672 0.025157980620861053
v -0.01197998970746994 0.005299984943121672 0.024141959846019745
v -0.01125395018607378 0.005299984943121672 0.0248939897865057
v -0.012208989821374416 0.005399941932410002 0.023138990625739098
v -0.012208989821374416 0.005399941932410002 0.023138990625739098
v -0.01125395018607378 0.005299984943121672 0.0248939897865057
v -0.010259980335831642 0.005399941932410002 0.025157980620861053
v -0.011600970290601254 0.005299984943121672 0.021236000582575798
v -0.012172989547252655 0.005299984943121672 0.02211195044219494
v -0.012208989821374416 0.005399941932410002 0.023138990625739098
v -0.008405983448028564 0.005399941932410002 0.02454495057463646
v -0.009230971336364746 0.005299984943121672 0.025157980620861053
v -0.008405983448028564 0.002926944987848401 0.02454495057463646
v -0.008405983448028564 0.002926944987848401 0.02454495057463646
v -0.009230971336364746 0.005299984943121672 0.025157980620861053
v -0.009399949572980404 0.0030999770388007164 0.025206979364156723
v -0.009399949572980404 0.0030999770388007164 0.025206979364156723
v -0.009230971336364746 0.005299984943121672 0.025157980620861053
v -0.010259980335831642 0.005399941932410002 0.025157980620861053
v -0.009399949572980404 0.0030999770388007164 0.025206979364156723
v -0.010259980335831642 0.005399941932410002 0.025157980620861053
v -0.010611950419843197 0.0030229680705815554 0.025170980021357536
v -0.010611950419843197 0.0030229680705815554 0.025170980021357536
v -0.010259980335831642 0.005399941932410002 0.025157980620861053
v -0.01125395018607378 0.005299984943121672 0.0248939897865057
v -0.010611950419843197 0.0030229680705815554 0.025170980021357536
v -0.01125395018607378 0.005299984943121672 0.0248939897865057
v -0.011647989973425865 0.0030229680705815554 0.024547990411520004
v -0.011647989973425865 0.0030229680705815554 0.024547990411520004
v -0.01125395018607378 0.005299984943121672 0.0248939897865057
v -0.01197998970746994 0.005299984943121672 0.024141959846019745
v -0.011647989973425865 0.0030229680705815554 0.024547990411520004
v -0.01197998970746994 0.005299984943121672 0.024141959846019745
v -0.012233969755470753 0.0030229680705815554 0.023490959778428078
v -0.01197998970746994 0.005299984943121672 0.024141959846019745
v -0.012208989821374416 0.005399941932410002 0.023138990625739098
v -0.012233969755470753 0.0030229680705815554 0.023490959778428078
v -0.012233969755470753 0.0030229680705815554 0.023490959778428078
v -0.012208989821374416 0.005399941932410002 0.023138990625739098
v -0.012227949686348438 0.0030999770388007164 0.022278960794210434
v -0.012208989821374416 0.005399941932410002 0.023138990625739098
v -0.012172989547252655 0.005299984943121672 0.02211195044219494
v -0.012227949686348438 0.0030999770388007164 0.022278960794210434
v -0.012227949686348438 0.0030999770388007164 0.022278960794210434
v -0.012172989547252655 0.005299984943121672 0.02211195044219494
v -0.01151495985686779 0.002914964919909835 0.021324990317225456
v -0.01151495985686779 0.002914964919909835 0.021324990317225456
v -0.012172989547252655 0.005299984943121672 0.02211195044219494
v -0.011600970290601254 0.005299984943121672 0.021236000582575798
v -0.01151495985686779 0.002914964919909835 0.021324990317225456
v -0.011600970290601254 0.005299984943121672 0.021236000582575798
v -0.010705940425395966 0.005299984943121672 0.020694969221949577
v -0.01151495985686779 0.002914964919909835 0.021324990317225456
v -0.010705940425395966 0.005299984943121672 0.020694969221949577
v -0.010705940425395966 0.0030999770388007164 0.020694969221949577
v -0.010705940425395966 0.0030999770388007164 0.020694969221949577
v -0.010705940425395966 0.005299984943121672 0.020694969221949577
v -0.00966495182365179 0.005299984943121672 0.020595960319042206
v -0.010705940425395966 0.0030999770388007164 0.020694969221949577
v -0.00966495182365179 0.005299984943121672 0.020595960319042206
v -0.00966495182365179 0.0030999770388007164 0.020595960319042206
v -0.00966495182365179 0.0030999770388007164 0.020595960319042206
v -0.00966495182365179 0.005299984943121672 0.020595960319042206
v -0.008683978579938412 0.005299984943121672 0.02095896005630493
v -0.00966495182365179 0.0030999770388007164 0.020595960319042206
v -0.008683978579938412 0.005299984943121672 0.02095896005630493
v -0.008683978579938412 0.0030999770388007164 0.02095896005630493
v -0.008683978579938412 0.0030999770388007164 0.02095896005630493
v -0.008683978579938412 0.005299984943121672 0.02095896005630493
v -0.007956980727612972 0.005299984943121672 0.021710989996790886
v -0.008683978579938412 0.0030999770388007164 0.02095896005630493
v -0.007956980727612972 0.005299984943121672 0.021710989996790886
v -0.007956980727612972 0.0030999770388007164 0.021710989996790886
v -0.007956980727612972 0.0030999770388007164 0.021710989996790886
v -0.007956980727612972 0.005299984943121672 0.021710989996790886
v -0.007628976833075285 0.005299984943121672 0.022703999653458595
v -0.007956980727612972 0.0030999770388007164 0.021710989996790886
v -0.007628976833075285 0.005299984943121672 0.022703999653458595
v -0.007628976833075285 0.0030999770388007164 0.022703999653458595
v -0.007628976833075285 0.0030999770388007164 0.022703999653458595
v -0.007628976833075285 0.005299984943121672 0.022703999653458595
v -0.007763980887830257 0.005299984943121672 0.023740939795970917
v -0.007628976833075285 0.0030999770388007164 0.022703999653458595
v -0.007763980887830257 0.005299984943121672 0.023740939795970917
v -0.007763980887830257 0.0030999770388007164 0.023740939795970917
v -0.007763980887830257 0.0030999770388007164 0.023740939795970917
v -0.007763980887830257 0.005299984943121672 0.023740939795970917
v -0.008405983448028564 0.002926944987848401 0.02454495057463646
v -0.008405983448028564 0.002926944987848401 0.02454495057463646
v -0.007763980887830257 0.005299984943121672 0.023740939795970917
v -0.008405983448028564 0.005399941932410002 0.02454495057463646
v -0.01151495985686779 0.002914964919909835 0.021324990317225456
v -0.010705940425395966 0.0030999770388007164 0.020694969221949577
v -0.00966495182365179 0.0030999770388007164 0.020595960319042206
v -0.01151495985686779 0.002914964919909835 0.021324990317225456
v -0.00966495182365179 0.0030999770388007164 0.020595960319042206
v -0.008683978579938412 0.0030999770388007164 0.02095896005630493
v -0.008683978579938412 0.0030999770388007164 0.02095896005630493
v -0.007956980727612972 0.0030999770388007164 0.021710989996790886
v -0.007628976833075285 0.0030999770388007164 0.022703999653458595
v -0.007763980887830257 0.0030999770388007164 0.023740939795970917
v -0.008405983448028564 0.002926944987848401 0.02454495057463646
v -0.007628976833075285 0.0030999770388007164 0.022703999653458595
v -0.008683978579938412 0.0030999770388007164 0.02095896005630493
v -0.007628976833075285 0.0030999770388007164 0.022703999653458595
v -0.00916594173759222 0.002899944083765149 0.02201198972761631
v -0.00916594173759222 0.002899944083765149 0.02201198972761631
v -0.007628976833075285 0.0030999770388007164 0.022703999653458595
v -0.008830963633954525 0.002899944083765149 0.02335697039961815
v -0.008830963633954525 0.002899944083765149 0.02335697039961815
v -0.007628976833075285 0.0030999770388007164 0.022703999653458595
v -0.008405983448028564 0.002926944987848401 0.02454495057463646
v -0.01151495985686779 0.002914964919909835 0.021324990317225456
v -0.011161980219185352 0.002899944083765149 0.022687969729304314
v -0.011647989973425865 0.0030229680705815554 0.024547990411520004
v -0.011647989973425865 0.0030229680705815554 0.024547990411520004
v -0.011161980219185352 0.002899944083765149 0.022687969729304314
v -0.010909969918429852 0.002899944083765149 0.02369694970548153
v -0.010358979925513268 0.002899944083765149 0.021773990243673325
v -0.01151495985686779 0.002914964919909835 0.021324990317225456
v -0.008683978579938412 0.0030999770388007164 0.02095896005630493
v -0.010358979925513268 0.002899944083765149 0.021773990243673325
v -0.008683978579938412 0.0030999770388007164 0.02095896005630493
v -0.00916594173759222 0.002899944083765149 0.02201198972761631
v -0.01151495985686779 0.002914964919909835 0.021324990317225456
v -0.010358979925513268 0.002899944083765149 0.021773990243673325
v -0.011161980219185352 0.002899944083765149 0.022687969729304314
v -0.009771943092346191 0.002899944083765149 0.024126939475536346
v -0.010611950419843197 0.0030229680705815554 0.025170980021357536
v -0.010909969918429852 0.002899944083765149 0.02369694970548153
v -0.010909969918429852 0.002899944083765149 0.02369694970548153
v -0.010611950419843197 0.0030229680705815554 0.025170980021357536
v -0.011647989973425865 0.0030229680705815554 0.024547990411520004
v -0.008405983448028564 0.002926944987848401 0.02454495057463646
v -0.009771943092346191 0.002899944083765149 0.024126939475536346
v -0.008830963633954525 0.002899944083765149 0.02335697039961815
v -0.010611950419843197 0.0030229680705815554 0.025170980021357536
v -0.009771943092346191 0.002899944083765149 0.024126939475536346
v -0.008405983448028564 0.002926944987848401 0.02454495057463646
v -0.012227949686348438 0.0030999770388007164 0.022278960794210434
v -0.01151495985686779 0.002914964919909835 0.021324990317225456
v -0.012233969755470753 0.0030229680705815554 0.023490959778428078
v -0.009399949572980404 0.0030999770388007164 0.025206979364156723
v -0.010611950419843197 0.0030229680705815554 0.025170980021357536
v -0.008405983448028564 0.002926944987848401 0.02454495057463646
v -0.011647989973425865 0.0030229680705815554 0.024547990411520004
v -0.012233969755470753 0.0030229680705815554 0.023490959778428078
v -0.01151495985686779 0.002914964919909835 0.021324990317225456
v -0.010967959649860859 0.003999948035925627 0.022639980539679527
v -0.010715959593653679 0.003999948035925627 0.023647960275411606
v -0.011161980219185352 0.002899944083765149 0.022687969729304314
v -0.011161980219185352 0.002899944083765149 0.022687969729304314
v -0.010715959593653679 0.003999948035925627 0.023647960275411606
v -0.010909969918429852 0.002899944083765149 0.02369694970548153
v -0.010715959593653679 0.003999948035925627 0.023647960275411606
v -0.009736955165863037 0.003970980178564787 0.024002959951758385
v -0.010909969918429852 0.002899944083765149 0.02369694970548153
v -0.010909969918429852 0.002899944083765149 0.02369694970548153
v -0.009736955165863037 0.003970980178564787 0.024002959951758385
v -0.009771943092346191 0.002899944083765149 0.024126939475536346
v -0.009736955165863037 0.003970980178564787 0.024002959951758385
v -0.008969961665570736 0.003999948035925627 0.023212959989905357
v -0.009771943092346191 0.002899944083765149 0.024126939475536346
v -0.009771943092346191 0.002899944083765149 0.024126939475536346
v -0.008969961665570736 0.003999948035925627 0.023212959989905357
v -0.008830963633954525 0.002899944083765149 0.02335697039961815
v -0.008969961665570736 0.003999948035925627 0.023212959989905357
v -0.009220956824719906 0.003999948035925627 0.022204989567399025
v -0.008830963633954525 0.002899944083765149 0.02335697039961815
v -0.008830963633954525 0.002899944083765149 0.02335697039961815
v -0.009220956824719906 0.003999948035925627 0.022204989567399025
v -0.00916594173759222 0.002899944083765149 0.02201198972761631
v -0.009220956824719906 0.003999948035925627 0.022204989567399025
v -0.01019299030303955 0.0038999910466372967 0.021821970120072365
v -0.00916594173759222 0.002899944083765149 0.02201198972761631
v -0.00916594173759222 0.002899944083765149 0.02201198972761631
v -0.01019299030303955 0.0038999910466372967 0.021821970120072365
v -0.010358979925513268 0.002899944083765149 0.021773990243673325
v -0.010358979925513268 0.002899944083765149 0.021773990243673325
v -0.01019299030303955 0.0038999910466372967 0.021821970120072365
v -0.011161980219185352 0.002899944083765149 0.022687969729304314
v -0.011161980219185352 0.002899944083765149 0.022687969729304314
v -0.01019299030303955 0.0038999910466372967 0.021821970120072365
v -0.010967959649860859 0.003999948035925627 0.022639980539679527
v -0.009736955165863037 0.003970980178564787 0.024002959951758385
v -0.010715959593653679 0.003999948035925627 0.023647960275411606
v -0.008969961665570736 0.003999948035925627 0.023212959989905357
v -0.008969961665570736 0.003999948035925627 0.023212959989905357
v -0.010715959593653679 0.003999948035925627 0.023647960275411606
v -0.010967959649860859 0.003999948035925627 0.022639980539679527
v -0.008969961665570736 0.003999948035925627 0.023212959989905357
v -0.010967959649860859 0.003999948035925627 0.022639980539679527
v -0.009220956824719906 0.003999948035925627 0.022204989567399025
v -0.009220956824719906 0.003999948035925627 0.022204989567399025
v -0.010967959649860859 0.003999948035925627 0.022639980539679527
v -0.01019299030303955 0.0038999910466372967 0.021821970120072365
v -0.02110796980559826 0.005399941932410002 0.01087396964430809
v -0.023351959884166718 0.002899944083765149 0.012278970330953598
v -0.023351959884166718 0.005399941932410002 0.012278970330953598
v -0.020702000707387924 0.005399941932410002 0.008154988288879395
v -0.020702000707387924 0.002899944083765149 0.008154988288879395
v -0.020540950819849968 0.005399941932410002 0.009568989276885986
v -0.020540950819849968 0.005399941932410002 0.009568989276885986
v -0.020702000707387924 0.002899944083765149 0.008154988288879395
v -0.020540950819849968 0.002899944083765149 0.009568989276885986
v -0.020540950819849968 0.005399941932410002 0.009568989276885986
v -0.020540950819849968 0.002899944083765149 0.009568989276885986
v -0.02110796980559826 0.005399941932410002 0.01087396964430809
v -0.02110796980559826 0.005399941932410002 0.01087396964430809
v -0.020540950819849968 0.002899944083765149 0.009568989276885986
v -0.02110796980559826 0.002899944083765149 0.01087396964430809
v -0.02110796980559826 0.005399941932410002 0.01087396964430809
v -0.02110796980559826 0.002899944083765149 0.01087396964430809
v -0.023351959884166718 0.002899944083765149 0.012278970330953598
v -0.025389960035681725 0.005399941932410002 0.006945967208594084
v -0.023211950436234474 0.002899944083765149 0.0064129820093512535
v -0.023211950436234474 0.005399941932410002 0.0064129820093512535
v -0.023211950436234474 0.005399941932410002 0.0064129820093512535
v -0.023211950436234474 0.002899944083765149 0.0064129820093512535
v -0.022163979709148407 0.002899944083765149 0.006640969775617123
v -0.023211950436234474 0.005399941932410002 0.0064129820093512535
v -0.022163979709148407 0.002899944083765149 0.006640969775617123
v -0.022163979709148407 0.005399941932410002 0.006640969775617123
v -0.022163979709148407 0.005399941932410002 0.006640969775617123
v -0.022163979709148407 0.002899944083765149 0.006640969775617123
v -0.021281950175762177 0.005399941932410002 0.007251976989209652
v -0.021281950175762177 0.005399941932410002 0.007251976989209652
v -0.022163979709148407 0.002899944083765149 0.006640969775617123
v -0.021281950175762177 0.002899944083765149 0.007251976989209652
v -0.021281950175762177 0.005399941932410002 0.007251976989209652
v -0.021281950175762177 0.002899944083765149 0.007251976989209652
v -0.020702000707387924 0.005399941932410002 0.008154988288879395
v -0.020702000707387924 0.005399941932410002 0.008154988288879395
v -0.021281950175762177 0.002899944083765149 0.007251976989209652
v -0.020702000707387924 0.002899944083765149 0.008154988288879395
v -0.023211950436234474 0.002899944083765149 0.0064129820093512535
v -0.025389960035681725 0.005399941932410002 0.006945967208594084
v -0.025389960035681725 0.002899944083765149 0.006945967208594084
v -0.026889970526099205 0.005399941932410002 0.0057609668001532555
v -0.02681899070739746 0.0033809540327638388 0.005995987914502621
v -0.026020999997854233 0.005399941932410002 0.006821990013122559
v -0.026020999997854233 0.005399941932410002 0.006821990013122559
v -0.02681899070739746 0.0033809540327638388 0.005995987914502621
v -0.02613895945250988 0.002899944083765149 0.0067649479024112225
v -0.026020999997854233 0.005399941932410002 0.006821990013122559
v -0.02613895945250988 0.002899944083765149 0.0067649479024112225
v -0.025389960035681725 0.002899944083765149 0.006945967208594084
v -0.026020999997854233 0.005399941932410002 0.006821990013122559
v -0.025389960035681725 0.002899944083765149 0.006945967208594084
v -0.025389960035681725 0.005399941932410002 0.006945967208594084
v -0.023218980059027672 0.005299984943121672 0.0068129887804389
v -0.024242989718914032 0.005299984943121672 0.007027983199805021
v -0.022203980013728142 0.005299984943121672 0.007062971126288176
v -0.0222779493778944 0.005299984943121672 0.011296980082988739
v -0.021448960527777672 0.005299984943121672 0.010659989900887012
v -0.023299990221858025 0.005399941932410002 0.011411960236728191
v -0.021397940814495087 0.005299984943121672 0.007729947101324797
v -0.020978979766368866 0.005299984943121672 0.009724973700940609
v -0.020960979163646698 0.005299984943121672 0.008679986000061035
v -0.023299990221858025 0.005399941932410002 0.011411960236728191
v -0.02504396066069603 0.005399941932410002 0.010533980093896389
v -0.024316959083080292 0.005299984943121672 0.011261990293860435
v -0.025541959330439568 0.005299984943121672 0.008599995635449886
v -0.025559959933161736 0.005299984943121672 0.00964498519897461
v -0.02499496005475521 0.005399941932410002 0.007728992961347103
v -0.02499496005475521 0.005399941932410002 0.007728992961347103
v -0.025559959933161736 0.005299984943121672 0.00964498519897461
v -0.02504396066069603 0.005399941932410002 0.010533980093896389
v -0.023299990221858025 0.005399941932410002 0.011411960236728191
v -0.024316959083080292 0.005299984943121672 0.011261990293860435
v -0.023300999775528908 0.0030999770388007164 0.01151197962462902
v -0.023300999775528908 0.0030999770388007164 0.01151197962462902
v -0.024316959083080292 0.005299984943121672 0.011261990293860435
v -0.02447097934782505 0.0030999770388007164 0.011176999658346176
v -0.02447097934782505 0.0030999770388007164 0.011176999658346176
v -0.024316959083080292 0.005299984943121672 0.011261990293860435
v -0.02504396066069603 0.005399941932410002 0.010533980093896389
v -0.02447097934782505 0.0030999770388007164 0.011176999658346176
v -0.02504396066069603 0.005399941932410002 0.010533980093896389
v -0.025291969999670982 0.0029999609105288982 0.010288950055837631
v -0.025291969999670982 0.0029999609105288982 0.010288950055837631
v -0.02504396066069603 0.005399941932410002 0.010533980093896389
v -0.025559959933161736 0.005299984943121672 0.00964498519897461
v -0.025291969999670982 0.0029999609105288982 0.010288950055837631
v -0.025559959933161736 0.005299984943121672 0.00964498519897461
v -0.025609970092773438 0.0030999770388007164 0.009121954441070557
v -0.025609970092773438 0.0030999770388007164 0.009121954441070557
v -0.025559959933161736 0.005299984943121672 0.00964498519897461
v -0.025541959330439568 0.005299984943121672 0.008599995635449886
v -0.025609970092773438 0.0030999770388007164 0.009121954441070557
v -0.025541959330439568 0.005299984943121672 0.008599995635449886
v -0.025274990126490593 0.0030999770388007164 0.00795197393745184
v -0.025541959330439568 0.005299984943121672 0.008599995635449886
v -0.02499496005475521 0.005399941932410002 0.007728992961347103
v -0.025274990126490593 0.0030999770388007164 0.00795197393745184
v -0.025274990126490593 0.0030999770388007164 0.00795197393745184
v -0.02499496005475521 0.005399941932410002 0.007728992961347103
v -0.024351000785827637 0.002926944987848401 0.0071949949488043785
v -0.02499496005475521 0.005399941932410002 0.007728992961347103
v -0.024242989718914032 0.005299984943121672 0.007027983199805021
v -0.024351000785827637 0.002926944987848401 0.0071949949488043785
v -0.024351000785827637 0.002926944987848401 0.0071949949488043785
v -0.024242989718914032 0.005299984943121672 0.007027983199805021
v -0.023218980059027672 0.0030999770388007164 0.0068129887804389
v -0.023218980059027672 0.0030999770388007164 0.0068129887804389
v -0.024242989718914032 0.005299984943121672 0.007027983199805021
v -0.023218980059027672 0.005299984943121672 0.0068129887804389
v -0.023218980059027672 0.0030999770388007164 0.0068129887804389
v -0.023218980059027672 0.005299984943121672 0.0068129887804389
v -0.022203980013728142 0.005299984943121672 0.007062971126288176
v -0.023218980059027672 0.0030999770388007164 0.0068129887804389
v -0.022203980013728142 0.005299984943121672 0.007062971126288176
v -0.022203980013728142 0.0030999770388007164 0.007062971126288176
v -0.022203980013728142 0.0030999770388007164 0.007062971126288176
v -0.022203980013728142 0.005299984943121672 0.007062971126288176
v -0.021397940814495087 0.005299984943121672 0.007729947101324797
v -0.022203980013728142 0.0030999770388007164 0.007062971126288176
v -0.021397940814495087 0.005299984943121672 0.007729947101324797
v -0.021409979090094566 0.0030229680705815554 0.007738946937024593
v -0.021409979090094566 0.0030229680705815554 0.007738946937024593
v -0.021397940814495087 0.005299984943121672 0.007729947101324797
v -0.020960979163646698 0.005299984943121672 0.008679986000061035
v -0.021409979090094566 0.0030229680705815554 0.007738946937024593
v -0.020960979163646698 0.005299984943121672 0.008679986000061035
v -0.020974989980459213 0.0030229680705815554 0.008682966232299805
v -0.020974989980459213 0.0030229680705815554 0.008682966232299805
v -0.020960979163646698 0.005299984943121672 0.008679986000061035
v -0.020978979766368866 0.005299984943121672 0.009724973700940609
v -0.020974989980459213 0.0030229680705815554 0.008682966232299805
v -0.020978979766368866 0.005299984943121672 0.009724973700940609
v -0.02099394053220749 0.0030229680705815554 0.009721994400024414
v -0.02099394053220749 0.0030229680705815554 0.009721994400024414
v -0.020978979766368866 0.005299984943121672 0.009724973700940609
v -0.021448960527777672 0.005299984943121672 0.010659989900887012
v -0.02099394053220749 0.0030229680705815554 0.009721994400024414
v -0.021448960527777672 0.005299984943121672 0.010659989900887012
v -0.02146095037460327 0.0030229680705815554 0.010649969801306725
v -0.02146095037460327 0.0030229680705815554 0.010649969801306725
v -0.021448960527777672 0.005299984943121672 0.010659989900887012
v -0.0222779493778944 0.005299984943121672 0.011296980082988739
v -0.02146095037460327 0.0030229680705815554 0.010649969801306725
v -0.0222779493778944 0.005299984943121672 0.011296980082988739
v -0.0222779493778944 0.0030999770388007164 0.011296980082988739
v -0.0222779493778944 0.0030999770388007164 0.011296980082988739
v -0.0222779493778944 0.005299984943121672 0.011296980082988739
v -0.023300999775528908 0.0030999770388007164 0.01151197962462902
v -0.023300999775528908 0.0030999770388007164 0.01151197962462902
v -0.0222779493778944 0.005299984943121672 0.011296980082988739
v -0.023299990221858025 0.005399941932410002 0.011411960236728191
v -0.022203980013728142 0.0030999770388007164 0.007062971126288176
v -0.021409979090094566 0.0030229680705815554 0.007738946937024593
v -0.020974989980459213 0.0030229680705815554 0.008682966232299805
v -0.020974989980459213 0.0030229680705815554 0.008682966232299805
v -0.02099394053220749 0.0030229680705815554 0.009721994400024414
v -0.02146095037460327 0.0030229680705815554 0.010649969801306725
v -0.02146095037460327 0.0030229680705815554 0.010649969801306725
v -0.0222779493778944 0.0030999770388007164 0.011296980082988739
v -0.023300999775528908 0.0030999770388007164 0.01151197962462902
v -0.020974989980459213 0.0030229680705815554 0.008682966232299805
v -0.023218980059027672 0.0030999770388007164 0.0068129887804389
v -0.022203980013728142 0.0030999770388007164 0.007062971126288176
v -0.020974989980459213 0.0030229680705815554 0.008682966232299805
v -0.02146095037460327 0.0030229680705815554 0.010649969801306725
v -0.022061999887228012 0.0029079909436404705 0.009154975414276123
v -0.022722000256180763 0.002899944083765149 0.008071959018707275
v -0.023218980059027672 0.0030999770388007164 0.0068129887804389
v -0.020974989980459213 0.0030229680705815554 0.008682966232299805
v -0.022722000256180763 0.002899944083765149 0.008071959018707275
v -0.020974989980459213 0.0030229680705815554 0.008682966232299805
v -0.022061999887228012 0.0029079909436404705 0.009154975414276123
v -0.024351000785827637 0.002926944987848401 0.0071949949488043785
v -0.023760970681905746 0.002899944083765149 0.008053958415985107
v -0.025609970092773438 0.0030999770388007164 0.009121954441070557
v -0.025609970092773438 0.0030999770388007164 0.009121954441070557
v -0.023760970681905746 0.002899944083765149 0.008053958415985107
v -0.02447097934782505 0.002899944083765149 0.009040950797498226
v -0.02447097934782505 0.002899944083765149 0.009040950797498226
v -0.023970959708094597 0.002899944083765149 0.010149950161576271
v -0.025609970092773438 0.0030999770388007164 0.009121954441070557
v -0.025609970092773438 0.0030999770388007164 0.009121954441070557
v -0.023970959708094597 0.002899944083765149 0.010149950161576271
v -0.025291969999670982 0.0029999609105288982 0.010288950055837631
v -0.023300999775528908 0.0030999770388007164 0.01151197962462902
v -0.022759970277547836 0.002899944083765149 0.010270950384438038
v -0.02146095037460327 0.0030229680705815554 0.010649969801306725
v -0.02146095037460327 0.0030229680705815554 0.010649969801306725
v -0.022759970277547836 0.002899944083765149 0.010270950384438038
v -0.022061999887228012 0.0029079909436404705 0.009154975414276123
v -0.023218980059027672 0.0030999770388007164 0.0068129887804389
v -0.022722000256180763 0.002899944083765149 0.008071959018707275
v -0.023760970681905746 0.002899944083765149 0.008053958415985107
v -0.023218980059027672 0.0030999770388007164 0.0068129887804389
v -0.023760970681905746 0.002899944083765149 0.008053958415985107
v -0.024351000785827637 0.002926944987848401 0.0071949949488043785
v -0.023300999775528908 0.0030999770388007164 0.01151197962462902
v -0.023970959708094597 0.002899944083765149 0.010149950161576271
v -0.022759970277547836 0.002899944083765149 0.010270950384438038
v -0.025291969999670982 0.0029999609105288982 0.010288950055837631
v -0.023970959708094597 0.002899944083765149 0.010149950161576271
v -0.023300999775528908 0.0030999770388007164 0.01151197962462902
v -0.024351000785827637 0.002926944987848401 0.0071949949488043785
v -0.025609970092773438 0.0030999770388007164 0.009121954441070557
v -0.025274990126490593 0.0030999770388007164 0.00795197393745184
v -0.02447097934782505 0.0030999770388007164 0.011176999658346176
v -0.025291969999670982 0.0029999609105288982 0.010288950055837631
v -0.023300999775528908 0.0030999770388007164 0.01151197962462902
v -0.023826949298381805 0.0038999910466372967 0.008175969123840332
v -0.024299969896674156 0.003999948035925627 0.009143947623670101
v -0.023760970681905746 0.002899944083765149 0.008053958415985107
v -0.023760970681905746 0.002899944083765149 0.008053958415985107
v -0.024299969896674156 0.003999948035925627 0.009143947623670101
v -0.02447097934782505 0.002899944083765149 0.009040950797498226
v -0.024299969896674156 0.003999948035925627 0.009143947623670101
v -0.02379596047103405 0.003999948035925627 0.010052969679236412
v -0.02447097934782505 0.002899944083765149 0.009040950797498226
v -0.02447097934782505 0.002899944083765149 0.009040950797498226
v -0.02379596047103405 0.003999948035925627 0.010052969679236412
v -0.023970959708094597 0.002899944083765149 0.010149950161576271
v -0.02379596047103405 0.003999948035925627 0.010052969679236412
v -0.022757939994335175 0.0038999910466372967 0.01017098966985941
v -0.023970959708094597 0.002899944083765149 0.010149950161576271
v -0.023970959708094597 0.002899944083765149 0.010149950161576271
v -0.022757939994335175 0.0038999910466372967 0.01017098966985941
v -0.022759970277547836 0.002899944083765149 0.010270950384438038
v -0.022757939994335175 0.0038999910466372967 0.01017098966985941
v -0.02222095988690853 0.003999948035925627 0.009180963039398193
v -0.022759970277547836 0.002899944083765149 0.010270950384438038
v -0.022759970277547836 0.002899944083765149 0.010270950384438038
v -0.02222095988690853 0.003999948035925627 0.009180963039398193
v -0.022061999887228012 0.0029079909436404705 0.009154975414276123
v -0.02222095988690853 0.003999948035925627 0.009180963039398193
v -0.02272295020520687 0.0038999910466372967 0.008171974681317806
v -0.022061999887228012 0.0029079909436404705 0.009154975414276123
v -0.022061999887228012 0.0029079909436404705 0.009154975414276123
v -0.02272295020520687 0.0038999910466372967 0.008171974681317806
v -0.022722000256180763 0.002899944083765149 0.008071959018707275
v -0.022722000256180763 0.002899944083765149 0.008071959018707275
v -0.02272295020520687 0.0038999910466372967 0.008171974681317806
v -0.023760970681905746 0.002899944083765149 0.008053958415985107
v -0.023760970681905746 0.002899944083765149 0.008053958415985107
v -0.02272295020520687 0.0038999910466372967 0.008171974681317806
v -0.023826949298381805 0.0038999910466372967 0.008175969123840332
v -0.023826949298381805 0.0038999910466372967 0.008175969123840332
v -0.02272295020520687 0.0038999910466372967 0.008171974681317806
v -0.024299969896674156 0.003999948035925627 0.009143947623670101
v -0.024299969896674156 0.003999948035925627 0.009143947623670101
v -0.02272295020520687 0.0038999910466372967 0.008171974681317806
v -0.02222095988690853 0.003999948035925627 0.009180963039398193
v -0.024299969896674156 0.003999948035925627 0.009143947623670101
v -0.02222095988690853 0.003999948035925627 0.009180963039398193
v -0.02379596047103405 0.003999948035925627 0.010052969679236412
v -0.02379596047103405 0.003999948035925627 0.010052969679236412
v -0.02222095988690853 0.003999948035925627 0.009180963039398193
v -0.022757939994335175 0.0038999910466372967 0.01017098966985941
v -0.022819990292191505 0.002899944083765149 -0.007220983039587736
v -0.025187959894537926 0.002899944083765149 -0.00782996416091919
v -0.025187959894537926 0.005399941932410002 -0.00782996416091919
v -0.020843980833888054 0.005399941932410002 -0.01176500041037798
v -0.020843980833888054 0.002899944083765149 -0.01176500041037798
v -0.020270999521017075 0.005399941932410002 -0.010683950036764145
v -0.020270999521017075 0.005399941932410002 -0.010683950036764145
v -0.020843980833888054 0.002899944083765149 -0.01176500041037798
v -0.020270999521017075 0.002899944083765149 -0.010683950036764145
v -0.020270999521017075 0.005399941932410002 -0.010683950036764145
v -0.020270999521017075 0.002899944083765149 -0.010683950036764145
v -0.020223969593644142 0.005399941932410002 -0.009460984729230404
v -0.020223969593644142 0.005399941932410002 -0.009460984729230404
v -0.020270999521017075 0.002899944083765149 -0.010683950036764145
v -0.020223969593644142 0.002899944083765149 -0.009460984729230404
v -0.020223969593644142 0.005399941932410002 -0.009460984729230404
v -0.020223969593644142 0.002899944083765149 -0.009460984729230404
v -0.020711949095129967 0.005399941932410002 -0.00833797361701727
v -0.020711949095129967 0.005399941932410002 -0.00833797361701727
v -0.020223969593644142 0.002899944083765149 -0.009460984729230404
v -0.020711949095129967 0.002899944083765149 -0.00833797361701727
v -0.020711949095129967 0.005399941932410002 -0.00833797361701727
v -0.020711949095129967 0.002899944083765149 -0.00833797361701727
v -0.021637970581650734 0.005399941932410002 -0.007538973819464445
v -0.020711949095129967 0.002899944083765149 -0.00833797361701727
v -0.021637970581650734 0.002899944083765149 -0.007538973819464445
v -0.021637970581650734 0.005399941932410002 -0.007538973819464445
v -0.021637970581650734 0.005399941932410002 -0.007538973819464445
v -0.021637970581650734 0.002899944083765149 -0.007538973819464445
v -0.022819990292191505 0.005399941932410002 -0.007220983039587736
v -0.022819990292191505 0.005399941932410002 -0.007220983039587736
v -0.021637970581650734 0.002899944083765149 -0.007538973819464445
v -0.022819990292191505 0.002899944083765149 -0.007220983039587736
v -0.022819990292191505 0.005399941932410002 -0.007220983039587736
v -0.022819990292191505 0.002899944083765149 -0.007220983039587736
v -0.025187959894537926 0.005399941932410002 -0.00782996416091919
v -0.02095896005630493 0.005299984943121672 -0.008683978579938412
v -0.020595960319042206 0.005299984943121672 -0.00966495182365179
v -0.021710989996790886 0.005299984943121672 -0.007956980727612972
v -0.021710989996790886 0.005299984943121672 -0.007956980727612972
v -0.023740939795970917 0.005299984943121672 -0.007763980887830257
v -0.022703999653458595 0.005299984943121672 -0.007628976833075285
v -0.023740939795970917 0.005299984943121672 -0.007763980887830257
v -0.025206979364156723 0.005299984943121672 -0.009399949572980404
v -0.024616949260234833 0.005299984943121672 -0.008335947059094906
v -0.020694969221949577 0.005299984943121672 -0.010705940425395966
v -0.021236000582575798 0.005299984943121672 -0.011600970290601254
v -0.020595960319042206 0.005299984943121672 -0.00966495182365179
v -0.022278960794210434 0.005299984943121672 -0.012227949686348438
v -0.02349494956433773 0.005299984943121672 -0.012248990125954151
v -0.02448897995054722 0.005399941932410002 -0.011586960405111313
v -0.025206979364156723 0.005299984943121672 -0.009399949572980404
v -0.02448897995054722 0.005399941932410002 -0.011586960405111313
v -0.025184979662299156 0.005299984943121672 -0.010615999810397625
v -0.024616949260234833 0.0030999770388007164 -0.008335947059094906
v -0.024616949260234833 0.005299984943121672 -0.008335947059094906
v -0.025206979364156723 0.005299984943121672 -0.009399949572980404
v -0.024616949260234833 0.0030999770388007164 -0.008335947059094906
v -0.025206979364156723 0.005299984943121672 -0.009399949572980404
v -0.025206979364156723 0.0030999770388007164 -0.009399949572980404
v -0.025206979364156723 0.0030999770388007164 -0.009399949572980404
v -0.025206979364156723 0.005299984943121672 -0.009399949572980404
v -0.025184979662299156 0.005299984943121672 -0.010615999810397625
v -0.025206979364156723 0.0030999770388007164 -0.009399949572980404
v -0.025184979662299156 0.005299984943121672 -0.010615999810397625
v -0.02515994943678379 0.0029999609105288982 -0.010608970187604427
v -0.02515994943678379 0.0029999609105288982 -0.010608970187604427
v -0.025184979662299156 0.005299984943121672 -0.010615999810397625
v -0.02448897995054722 0.005399941932410002 -0.011586960405111313
v -0.02515994943678379 0.0029999609105288982 -0.010608970187604427
v -0.02448897995054722 0.005399941932410002 -0.011586960405111313
v -0.024558959528803825 0.0030999770388007164 -0.011658960022032261
v -0.024558959528803825 0.0030999770388007164 -0.011658960022032261
v -0.02448897995054722 0.005399941932410002 -0.011586960405111313
v -0.02349494956433773 0.005299984943121672 -0.012248990125954151
v -0.024558959528803825 0.0030999770388007164 -0.011658960022032261
v -0.02349494956433773 0.005299984943121672 -0.012248990125954151
v -0.02348898909986019 0.0029999609105288982 -0.012222940102219582
v -0.02348898909986019 0.0029999609105288982 -0.012222940102219582
v -0.02349494956433773 0.005299984943121672 -0.012248990125954151
v -0.022278960794210434 0.005299984943121672 -0.012227949686348438
v -0.02348898909986019 0.0029999609105288982 -0.012222940102219582
v -0.022278960794210434 0.005299984943121672 -0.012227949686348438
v -0.022333970293402672 0.002899944083765149 -0.012034949846565723
v -0.022333970293402672 0.002899944083765149 -0.012034949846565723
v -0.022278960794210434 0.005299984943121672 -0.012227949686348438
v -0.02126896008849144 0.0030999770388007164 -0.011634940281510353
v -0.02126896008849144 0.0030999770388007164 -0.011634940281510353
v -0.022278960794210434 0.005299984943121672 -0.012227949686348438
v -0.021236000582575798 0.005299984943121672 -0.011600970290601254
v -0.02126896008849144 0.0030999770388007164 -0.011634940281510353
v -0.021236000582575798 0.005299984943121672 -0.011600970290601254
v -0.020694969221949577 0.005299984943121672 -0.010705940425395966
v -0.02126896008849144 0.0030999770388007164 -0.011634940281510353
v -0.020694969221949577 0.005299984943121672 -0.010705940425395966
v -0.020645970478653908 0.0030999770388007164 -0.010536960326135159
v -0.020645970478653908 0.0030999770388007164 -0.010536960326135159
v -0.020694969221949577 0.005299984943121672 -0.010705940425395966
v -0.020595960319042206 0.005299984943121672 -0.00966495182365179
v -0.020645970478653908 0.0030999770388007164 -0.010536960326135159
v -0.020595960319042206 0.005299984943121672 -0.00966495182365179
v -0.020595960319042206 0.0030999770388007164 -0.00966495182365179
v -0.020595960319042206 0.0030999770388007164 -0.00966495182365179
v -0.020595960319042206 0.005299984943121672 -0.00966495182365179
v -0.02095896005630493 0.005299984943121672 -0.008683978579938412
v -0.020595960319042206 0.0030999770388007164 -0.00966495182365179
v -0.02095896005630493 0.005299984943121672 -0.008683978579938412
v -0.02095896005630493 0.0030999770388007164 -0.008683978579938412
v -0.02095896005630493 0.0030999770388007164 -0.008683978579938412
v -0.02095896005630493 0.005299984943121672 -0.008683978579938412
v -0.021710989996790886 0.005299984943121672 -0.007956980727612972
v -0.02095896005630493 0.0030999770388007164 -0.008683978579938412
v -0.021710989996790886 0.005299984943121672 -0.007956980727612972
v -0.021710989996790886 0.0030999770388007164 -0.007956980727612972
v -0.021710989996790886 0.0030999770388007164 -0.007956980727612972
v -0.021710989996790886 0.005299984943121672 -0.007956980727612972
v -0.022703999653458595 0.0030999770388007164 -0.007628976833075285
v -0.022703999653458595 0.0030999770388007164 -0.007628976833075285
v -0.021710989996790886 0.005299984943121672 -0.007956980727612972
v -0.022703999653458595 0.005299984943121672 -0.007628976833075285
v -0.022703999653458595 0.0030999770388007164 -0.007628976833075285
v -0.022703999653458595 0.005299984943121672 -0.007628976833075285
v -0.023740939795970917 0.005299984943121672 -0.007763980887830257
v -0.022703999653458595 0.0030999770388007164 -0.007628976833075285
v -0.023740939795970917 0.005299984943121672 -0.007763980887830257
v -0.023539960384368896 0.002914964919909835 -0.007827997207641602
v -0.023539960384368896 0.002914964919909835 -0.007827997207641602
v -0.023740939795970917 0.005299984943121672 -0.007763980887830257
v -0.024616949260234833 0.0030999770388007164 -0.008335947059094906
v -0.024616949260234833 0.0030999770388007164 -0.008335947059094906
v -0.023740939795970917 0.005299984943121672 -0.007763980887830257
v -0.024616949260234833 0.005299984943121672 -0.008335947059094906
v -0.020645970478653908 0.0030999770388007164 -0.010536960326135159
v -0.020595960319042206 0.0030999770388007164 -0.00966495182365179
v -0.02095896005630493 0.0030999770388007164 -0.008683978579938412
v -0.021710989996790886 0.0030999770388007164 -0.007956980727612972
v -0.022703999653458595 0.0030999770388007164 -0.007628976833075285
v -0.023539960384368896 0.002914964919909835 -0.007827997207641602
v -0.025206979364156723 0.0030999770388007164 -0.009399949572980404
v -0.023539960384368896 0.002914964919909835 -0.007827997207641602
v -0.024616949260234833 0.0030999770388007164 -0.008335947059094906
v -0.02172595076262951 0.002899944083765149 -0.010164969600737095
v -0.020645970478653908 0.0030999770388007164 -0.010536960326135159
v -0.0221560001373291 0.002899944083765149 -0.00902694370597601
v -0.0221560001373291 0.002899944083765149 -0.00902694370597601
v -0.020645970478653908 0.0030999770388007164 -0.010536960326135159
v -0.02095896005630493 0.0030999770388007164 -0.008683978579938412
v -0.0221560001373291 0.002899944083765149 -0.00902694370597601
v -0.02095896005630493 0.0030999770388007164 -0.008683978579938412
v -0.021710989996790886 0.0030999770388007164 -0.007956980727612972
v -0.022687969729304314 0.002899944083765149 -0.011161980219185352
v -0.022333970293402672 0.002899944083765149 -0.012034949846565723
v -0.02172595076262951 0.002899944083765149 -0.010164969600737095
v -0.02172595076262951 0.002899944083765149 -0.010164969600737095
v -0.022333970293402672 0.002899944083765149 -0.012034949846565723
v -0.020645970478653908 0.0030999770388007164 -0.010536960326135159
v -0.022333970293402672 0.002899944083765149 -0.012034949846565723
v -0.022687969729304314 0.002899944083765149 -0.011161980219185352
v -0.02384096011519432 0.002899944083765149 -0.010770970024168491
v -0.022333970293402672 0.002899944083765149 -0.012034949846565723
v -0.02384096011519432 0.002899944083765149 -0.010770970024168491
v -0.02348898909986019 0.0029999609105288982 -0.012222940102219582
v -0.024078959599137306 0.002899944083765149 -0.009577988646924496
v -0.023229949176311493 0.0029079909436404705 -0.00880897045135498
v -0.023539960384368896 0.002914964919909835 -0.007827997207641602
v -0.023539960384368896 0.002914964919909835 -0.007827997207641602
v -0.023229949176311493 0.0029079909436404705 -0.00880897045135498
v -0.021710989996790886 0.0030999770388007164 -0.007956980727612972
v -0.021710989996790886 0.0030999770388007164 -0.007956980727612972
v -0.023229949176311493 0.0029079909436404705 -0.00880897045135498
v -0.0221560001373291 0.002899944083765149 -0.00902694370597601
v -0.025206979364156723 0.0030999770388007164 -0.009399949572980404
v -0.024078959599137306 0.002899944083765149 -0.009577988646924496
v -0.023539960384368896 0.002914964919909835 -0.007827997207641602
v -0.024078959599137306 0.002899944083765149 -0.009577988646924496
v -0.025206979364156723 0.0030999770388007164 -0.009399949572980404
v -0.02384096011519432 0.002899944083765149 -0.010770970024168491
v -0.02384096011519432 0.002899944083765149 -0.010770970024168491
v -0.025206979364156723 0.0030999770388007164 -0.009399949572980404
v -0.02348898909986019 0.0029999609105288982 -0.012222940102219582
v -0.024558959528803825 0.0030999770388007164 -0.011658960022032261
v -0.02348898909986019 0.0029999609105288982 -0.012222940102219582
v -0.02515994943678379 0.0029999609105288982 -0.010608970187604427
v -0.02515994943678379 0.0029999609105288982 -0.010608970187604427
v -0.02348898909986019 0.0029999609105288982 -0.012222940102219582
v -0.025206979364156723 0.0030999770388007164 -0.009399949572980404
v -0.020645970478653908 0.0030999770388007164 -0.010536960326135159
v -0.022333970293402672 0.002899944083765149 -0.012034949846565723
v -0.02126896008849144 0.0030999770388007164 -0.011634940281510353
v -0.02266097068786621 0.003949998877942562 -0.011051950044929981
v -0.023647960275411606 0.003999948035925627 -0.010715959593653679
v -0.022687969729304314 0.002899944083765149 -0.011161980219185352
v -0.022687969729304314 0.002899944083765149 -0.011161980219185352
v -0.023647960275411606 0.003999948035925627 -0.010715959593653679
v -0.02384096011519432 0.002899944083765149 -0.010770970024168491
v -0.023647960275411606 0.003999948035925627 -0.010715959593653679
v -0.024030979722738266 0.0038999910466372967 -0.00974494218826294
v -0.02384096011519432 0.002899944083765149 -0.010770970024168491
v -0.02384096011519432 0.002899944083765149 -0.010770970024168491
v -0.024030979722738266 0.0038999910466372967 -0.00974494218826294
v -0.024078959599137306 0.002899944083765149 -0.009577988646924496
v -0.024030979722738266 0.0038999910466372967 -0.00974494218826294
v -0.023284969851374626 0.0038999910466372967 -0.008899985812604427
v -0.024078959599137306 0.002899944083765149 -0.009577988646924496
v -0.024078959599137306 0.002899944083765149 -0.009577988646924496
v -0.023284969851374626 0.0038999910466372967 -0.008899985812604427
v -0.023229949176311493 0.0029079909436404705 -0.00880897045135498
v -0.023284969851374626 0.0038999910466372967 -0.008899985812604427
v -0.022204989567399025 0.003999948035925627 -0.009220956824719906
v -0.023229949176311493 0.0029079909436404705 -0.00880897045135498
v -0.023229949176311493 0.0029079909436404705 -0.00880897045135498
v -0.022204989567399025 0.003999948035925627 -0.009220956824719906
v -0.0221560001373291 0.002899944083765149 -0.00902694370597601
v -0.022204989567399025 0.003999948035925627 -0.009220956824719906
v -0.021821970120072365 0.0038999910466372967 -0.01019299030303955
v -0.0221560001373291 0.002899944083765149 -0.00902694370597601
v -0.0221560001373291 0.002899944083765149 -0.00902694370597601
v -0.021821970120072365 0.0038999910466372967 -0.01019299030303955
v -0.02172595076262951 0.002899944083765149 -0.010164969600737095
v -0.02172595076262951 0.002899944083765149 -0.010164969600737095
v -0.021821970120072365 0.0038999910466372967 -0.01019299030303955
v -0.022687969729304314 0.002899944083765149 -0.011161980219185352
v -0.022687969729304314 0.002899944083765149 -0.011161980219185352
v -0.021821970120072365 0.0038999910466372967 -0.01019299030303955
v -0.02266097068786621 0.003949998877942562 -0.011051950044929981
v -0.023284969851374626 0.0038999910466372967 -0.008899985812604427
v -0.024030979722738266 0.0038999910466372967 -0.00974494218826294
v -0.022204989567399025 0.003999948035925627 -0.009220956824719906
v -0.022204989567399025 0.003999948035925627 -0.009220956824719906
v -0.024030979722738266 0.0038999910466372967 -0.00974494218826294
v -0.023647960275411606 0.003999948035925627 -0.010715959593653679
v -0.022204989567399025 0.003999948035925627 -0.009220956824719906
v -0.023647960275411606 0.003999948035925627 -0.010715959593653679
v -0.021821970120072365 0.0038999910466372967 -0.01019299030303955
v -0.021821970120072365 0.0038999910466372967 -0.01019299030303955
v -0.023647960275411606 0.003999948035925627 -0.010715959593653679
v -0.02266097068786621 0.003949998877942562 -0.011051950044929981
v -0.011029950343072414 0.002899944083765149 -0.021241959184408188
v -0.012273959815502167 0.002899944083765149 -0.02334696054458618
v -0.012273959815502167 0.005399941932410002 -0.02334696054458618
v -0.006945967208594084 0.005399941932410002 -0.02544599026441574
v -0.006945967208594084 0.002899944083765149 -0.02544599026441574
v -0.0064199562184512615 0.005399941932410002 -0.02305798977613449
v -0.0064199562184512615 0.005399941932410002 -0.02305798977613449
v -0.006945967208594084 0.002899944083765149 -0.02544599026441574
v -0.0064199562184512615 0.002899944083765149 -0.02305798977613449
v -0.0064199562184512615 0.005399941932410002 -0.02305798977613449
v -0.0064199562184512615 0.002899944083765149 -0.02305798977613449
v -0.006778954993933439 0.005399941932410002 -0.021887950599193573
v -0.006778954993933439 0.005399941932410002 -0.021887950599193573
v -0.0064199562184512615 0.002899944083765149 -0.02305798977613449
v -0.006778954993933439 0.002899944083765149 -0.021887950599193573
v -0.006778954993933439 0.005399941932410002 -0.021887950599193573
v -0.006778954993933439 0.002899944083765149 -0.021887950599193573
v -0.007610976230353117 0.005399941932410002 -0.020989950746297836
v -0.007610976230353117 0.005399941932410002 -0.020989950746297836
v -0.006778954993933439 0.002899944083765149 -0.021887950599193573
v -0.007610976230353117 0.002899944083765149 -0.020989950746297836
v -0.007610976230353117 0.005399941932410002 -0.020989950746297836
v -0.007610976230353117 0.002899944083765149 -0.020989950746297836
v -0.008748947642743587 0.005399941932410002 -0.02054196037352085
v -0.008748947642743587 0.005399941932410002 -0.02054196037352085
v -0.007610976230353117 0.002899944083765149 -0.020989950746297836
v -0.008748947642743587 0.002899944083765149 -0.02054196037352085
v -0.008748947642743587 0.005399941932410002 -0.02054196037352085
v -0.008748947642743587 0.002899944083765149 -0.02054196037352085
v -0.009969948790967464 0.005399941932410002 -0.020631959661841393
v -0.009969948790967464 0.005399941932410002 -0.020631959661841393
v -0.008748947642743587 0.002899944083765149 -0.02054196037352085
v -0.009969948790967464 0.002899944083765149 -0.020631959661841393
v -0.009969948790967464 0.005399941932410002 -0.020631959661841393
v -0.009969948790967464 0.002899944083765149 -0.020631959661841393
v -0.011029950343072414 0.005399941932410002 -0.021241959184408188
v -0.011029950343072414 0.005399941932410002 -0.021241959184408188
v -0.009969948790967464 0.002899944083765149 -0.020631959661841393
v -0.011029950343072414 0.002899944083765149 -0.021241959184408188
v -0.011029950343072414 0.005399941932410002 -0.021241959184408188
v -0.011029950343072414 0.002899944083765149 -0.021241959184408188
v -0.012273959815502167 0.005399941932410002 -0.02334696054458618
v -0.00964498519897461 0.005299984943121672 -0.025559959933161736
v -0.010533980093896389 0.005399941932410002 -0.02504396066069603
v -0.008623956702649593 0.005399941932410002 -0.025444980710744858
v -0.007027983199805021 0.005299984943121672 -0.024242989718914032
v -0.008623956702649593 0.005399941932410002 -0.025444980710744858
v -0.006862998008728027 0.005386948119848967 -0.02322000078856945
v -0.01151197962462902 0.005299984943121672 -0.023300999775528908
v -0.010533980093896389 0.005399941932410002 -0.02504396066069603
v -0.011261990293860435 0.005299984943121672 -0.024316959083080292
v -0.007664978038519621 0.005299984943121672 -0.025071969255805016
v -0.008623956702649593 0.005399941932410002 -0.025444980710744858
v -0.007027983199805021 0.005299984943121672 -0.024242989718914032
v -0.011512990109622478 0.0030999770388007164 -0.023253969848155975
v -0.01151197962462902 0.005299984943121672 -0.023300999775528908
v -0.011261990293860435 0.005299984943121672 -0.024316959083080292
v -0.011512990109622478 0.0030999770388007164 -0.023253969848155975
v -0.011261990293860435 0.005299984943121672 -0.024316959083080292
v -0.011247989721596241 0.0030229680705815554 -0.02430999092757702
v -0.011247989721596241 0.0030229680705815554 -0.02430999092757702
v -0.011261990293860435 0.005299984943121672 -0.024316959083080292
v -0.010533980093896389 0.005399941932410002 -0.02504396066069603
v -0.011247989721596241 0.0030229680705815554 -0.02430999092757702
v -0.010533980093896389 0.005399941932410002 -0.02504396066069603
v -0.010585960000753403 0.0030229680705815554 -0.025110960006713867
v -0.010585960000753403 0.0030229680705815554 -0.025110960006713867
v -0.010533980093896389 0.005399941932410002 -0.02504396066069603
v -0.00964498519897461 0.005299984943121672 -0.025559959933161736
v -0.010585960000753403 0.0030229680705815554 -0.025110960006713867
v -0.00964498519897461 0.005299984943121672 -0.025559959933161736
v -0.009641945362091064 0.0030229680705815554 -0.025544999167323112
v -0.009641945362091064 0.0030229680705815554 -0.025544999167323112
v -0.00964498519897461 0.005299984943121672 -0.025559959933161736
v -0.008623956702649593 0.005399941932410002 -0.025444980710744858
v -0.009641945362091064 0.0030229680705815554 -0.025544999167323112
v -0.008623956702649593 0.005399941932410002 -0.025444980710744858
v -0.008602975867688656 0.0030229680705815554 -0.025527000427246094
v -0.008602975867688656 0.0030229680705815554 -0.025527000427246094
v -0.008623956702649593 0.005399941932410002 -0.025444980710744858
v -0.007664978038519621 0.005299984943121672 -0.025071969255805016
v -0.008602975867688656 0.0030229680705815554 -0.025527000427246094
v -0.007664978038519621 0.005299984943121672 -0.025071969255805016
v -0.007674992084503174 0.0030229680705815554 -0.02505999058485031
v -0.007674992084503174 0.0030229680705815554 -0.02505999058485031
v -0.007664978038519621 0.005299984943121672 -0.025071969255805016
v -0.007027983199805021 0.005299984943121672 -0.024242989718914032
v -0.007674992084503174 0.0030229680705815554 -0.02505999058485031
v -0.007027983199805021 0.005299984943121672 -0.024242989718914032
v -0.007208942901343107 0.002899944083765149 -0.02415895089507103
v -0.007208942901343107 0.002899944083765149 -0.02415895089507103
v -0.007027983199805021 0.005299984943121672 -0.024242989718914032
v -0.0068129887804389 0.0030999770388007164 -0.023218980059027672
v -0.0068129887804389 0.0030999770388007164 -0.023218980059027672
v -0.007027983199805021 0.005299984943121672 -0.024242989718914032
v -0.006862998008728027 0.005386948119848967 -0.02322000078856945
v -0.0068129887804389 0.0030999770388007164 -0.023218980059027672
v -0.006862998008728027 0.005386948119848967 -0.02322000078856945
v -0.007147966884076595 0.005299984943121672 -0.022049959748983383
v -0.0068129887804389 0.0030999770388007164 -0.023218980059027672
v -0.007147966884076595 0.005299984943121672 -0.022049959748983383
v -0.007160961162298918 0.0030229680705815554 -0.022057950496673584
v -0.007160961162298918 0.0030229680705815554 -0.022057950496673584
v -0.007147966884076595 0.005299984943121672 -0.022049959748983383
v -0.008022964000701904 0.005299984943121672 -0.021204939112067223
v -0.007160961162298918 0.0030229680705815554 -0.022057950496673584
v -0.008022964000701904 0.005299984943121672 -0.021204939112067223
v -0.008030951023101807 0.0030229680705815554 -0.02121799997985363
v -0.008030951023101807 0.0030229680705815554 -0.02121799997985363
v -0.008022964000701904 0.005299984943121672 -0.021204939112067223
v -0.009203970432281494 0.005299984943121672 -0.020910970866680145
v -0.008030951023101807 0.0030229680705815554 -0.02121799997985363
v -0.009203970432281494 0.005299984943121672 -0.020910970866680145
v -0.009202957153320312 0.0030229680705815554 -0.020925989374518394
v -0.009202957153320312 0.0030229680705815554 -0.020925989374518394
v -0.009203970432281494 0.005299984943121672 -0.020910970866680145
v -0.010372989811003208 0.005299984943121672 -0.02124595083296299
v -0.009202957153320312 0.0030229680705815554 -0.020925989374518394
v -0.010372989811003208 0.005299984943121672 -0.02124595083296299
v -0.010364940389990807 0.0030229680705815554 -0.021258950233459473
v -0.010364940389990807 0.0030229680705815554 -0.021258950233459473
v -0.010372989811003208 0.005299984943121672 -0.02124595083296299
v -0.011217949911952019 0.005299984943121672 -0.022120950743556023
v -0.010364940389990807 0.0030229680705815554 -0.021258950233459473
v -0.011217949911952019 0.005299984943121672 -0.022120950743556023
v -0.011204949580132961 0.0030229680705815554 -0.022128989920020103
v -0.011204949580132961 0.0030229680705815554 -0.022128989920020103
v -0.011217949911952019 0.005299984943121672 -0.022120950743556023
v -0.011512990109622478 0.0030999770388007164 -0.023253969848155975
v -0.011512990109622478 0.0030999770388007164 -0.023253969848155975
v -0.011217949911952019 0.005299984943121672 -0.022120950743556023
v -0.01151197962462902 0.005299984943121672 -0.023300999775528908
v -0.007160961162298918 0.0030229680705815554 -0.022057950496673584
v -0.008030951023101807 0.0030229680705815554 -0.02121799997985363
v -0.009202957153320312 0.0030229680705815554 -0.020925989374518394
v -0.009202957153320312 0.0030229680705815554 -0.020925989374518394
v -0.010364940389990807 0.0030229680705815554 -0.021258950233459473
v -0.011204949580132961 0.0030229680705815554 -0.022128989920020103
v -0.007160961162298918 0.0030229680705815554 -0.022057950496673584
v -0.007208942901343107 0.002899944083765149 -0.02415895089507103
v -0.0068129887804389 0.0030999770388007164 -0.023218980059027672
v -0.009641945362091064 0.0030229680705815554 -0.025544999167323112
v -0.007208942901343107 0.002899944083765149 -0.02415895089507103
v -0.009040950797498226 0.002899944083765149 -0.02447097934782505
v -0.008053958415985107 0.002899944083765149 -0.023760970681905746
v -0.007208942901343107 0.002899944083765149 -0.02415895089507103
v -0.008174954913556576 0.002899944083765149 -0.022549979388713837
v -0.008174954913556576 0.002899944083765149 -0.022549979388713837
v -0.007208942901343107 0.002899944083765149 -0.02415895089507103
v -0.007160961162298918 0.0030229680705815554 -0.022057950496673584
v -0.007208942901343107 0.002899944083765149 -0.02415895089507103
v -0.008053958415985107 0.002899944083765149 -0.023760970681905746
v -0.009040950797498226 0.002899944083765149 -0.02447097934782505
v -0.01025294978171587 0.002899944083765149 -0.023799000307917595
v -0.011247989721596241 0.0030229680705815554 -0.02430999092757702
v -0.009641945362091064 0.0030229680705815554 -0.025544999167323112
v -0.01025294978171587 0.002899944083765149 -0.023799000307917595
v -0.009641945362091064 0.0030229680705815554 -0.025544999167323112
v -0.009040950797498226 0.002899944083765149 -0.02447097934782505
v -0.009202957153320312 0.0030229680705815554 -0.020925989374518394
v -0.009154975414276123 0.0029079909436404705 -0.022061999887228012
v -0.008174954913556576 0.002899944083765149 -0.022549979388713837
v -0.009202957153320312 0.0030229680705815554 -0.020925989374518394
v -0.008174954913556576 0.002899944083765149 -0.022549979388713837
v -0.007160961162298918 0.0030229680705815554 -0.022057950496673584
v -0.011204949580132961 0.0030229680705815554 -0.022128989920020103
v -0.010173969902098179 0.002899944083765149 -0.02258496917784214
v -0.009202957153320312 0.0030229680705815554 -0.020925989374518394
v -0.009202957153320312 0.0030229680705815554 -0.020925989374518394
v -0.010173969902098179 0.002899944083765149 -0.02258496917784214
v -0.009154975414276123 0.0029079909436404705 -0.022061999887228012
v -0.011247989721596241 0.0030229680705815554 -0.02430999092757702
v -0.01025294978171587 0.002899944083765149 -0.023799000307917595
v -0.011204949580132961 0.0030229680705815554 -0.022128989920020103
v -0.011204949580132961 0.0030229680705815554 -0.022128989920020103
v -0.01025294978171587 0.002899944083765149 -0.023799000307917595
v -0.010173969902098179 0.002899944083765149 -0.02258496917784214
v -0.011247989721596241 0.0030229680705815554 -0.02430999092757702
v -0.010585960000753403 0.0030229680705815554 -0.025110960006713867
v -0.009641945362091064 0.0030229680705815554 -0.025544999167323112
v -0.009641945362091064 0.0030229680705815554 -0.025544999167323112
v -0.008602975867688656 0.0030229680705815554 -0.025527000427246094
v -0.007208942901343107 0.002899944083765149 -0.02415895089507103
v -0.007208942901343107 0.002899944083765149 -0.02415895089507103
v -0.008602975867688656 0.0030229680705815554 -0.025527000427246094
v -0.007674992084503174 0.0030229680705815554 -0.02505999058485031
v -0.011247989721596241 0.0030229680705815554 -0.02430999092757702
v -0.011204949580132961 0.0030229680705815554 -0.022128989920020103
v -0.011512990109622478 0.0030999770388007164 -0.023253969848155975
v -0.008253990672528744 0.003999948035925627 -0.023763950914144516
v -0.009092985652387142 0.0038999910466372967 -0.02438496984541416
v -0.008053958415985107 0.002899944083765149 -0.023760970681905746
v -0.008053958415985107 0.002899944083765149 -0.023760970681905746
v -0.009092985652387142 0.0038999910466372967 -0.02438496984541416
v -0.009040950797498226 0.002899944083765149 -0.02447097934782505
v -0.009092985652387142 0.0038999910466372967 -0.02438496984541416
v -0.010052969679236412 0.003999948035925627 -0.02379596047103405
v -0.009040950797498226 0.002899944083765149 -0.02447097934782505
v -0.009040950797498226 0.002899944083765149 -0.02447097934782505
v -0.010052969679236412 0.003999948035925627 -0.02379596047103405
v -0.01025294978171587 0.002899944083765149 -0.023799000307917595
v -0.010052969679236412 0.003999948035925627 -0.02379596047103405
v -0.01007097028195858 0.003999948035925627 -0.022756990045309067
v -0.01025294978171587 0.002899944083765149 -0.023799000307917595
v -0.01025294978171587 0.002899944083765149 -0.023799000307917595
v -0.01007097028195858 0.003999948035925627 -0.022756990045309067
v -0.010173969902098179 0.002899944083765149 -0.02258496917784214
v -0.01007097028195858 0.003999948035925627 -0.022756990045309067
v -0.009231983684003353 0.0038999910466372967 -0.022135969251394272
v -0.010173969902098179 0.002899944083765149 -0.02258496917784214
v -0.010173969902098179 0.002899944083765149 -0.02258496917784214
v -0.009231983684003353 0.0038999910466372967 -0.022135969251394272
v -0.009154975414276123 0.0029079909436404705 -0.022061999887228012
v -0.009231983684003353 0.0038999910466372967 -0.022135969251394272
v -0.008271992206573486 0.003999948035925627 -0.022724980488419533
v -0.009154975414276123 0.0029079909436404705 -0.022061999887228012
v -0.009154975414276123 0.0029079909436404705 -0.022061999887228012
v -0.008271992206573486 0.003999948035925627 -0.022724980488419533
v -0.008174954913556576 0.002899944083765149 -0.022549979388713837
v -0.008174954913556576 0.002899944083765149 -0.022549979388713837
v -0.008271992206573486 0.003999948035925627 -0.022724980488419533
v -0.008053958415985107 0.002899944083765149 -0.023760970681905746
v -0.008053958415985107 0.002899944083765149 -0.023760970681905746
v -0.008271992206573486 0.003999948035925627 -0.022724980488419533
v -0.008253990672528744 0.003999948035925627 -0.023763950914144516
v -0.009231983684003353 0.0038999910466372967 -0.022135969251394272
v -0.01007097028195858 0.003999948035925627 -0.022756990045309067
v -0.008271992206573486 0.003999948035925627 -0.022724980488419533
v -0.008271992206573486 0.003999948035925627 -0.022724980488419533
v -0.01007097028195858 0.003999948035925627 -0.022756990045309067
v -0.010052969679236412 0.003999948035925627 -0.02379596047103405
v -0.008271992206573486 0.003999948035925627 -0.022724980488419533
v -0.010052969679236412 0.003999948035925627 -0.02379596047103405
v -0.008253990672528744 0.003999948035925627 -0.023763950914144516
v -0.008253990672528744 0.003999948035925627 -0.023763950914144516
v -0.010052969679236412 0.003999948035925627 -0.02379596047103405
v -0.009092985652387142 0.0038999910466372967 -0.02438496984541416
v 0.01176500041037798 0.005399941932410002 -0.020843980833888054
v 0.01176500041037798 0.002899944083765149 -0.020843980833888054
v 0.010683950036764145 0.005399941932410002 -0.020270999521017075
v 0.010683950036764145 0.005399941932410002 -0.020270999521017075
v 0.01176500041037798 0.002899944083765149 -0.020843980833888054
v 0.010683950036764145 0.002899944083765149 -0.020270999521017075
v 0.010683950036764145 0.005399941932410002 -0.020270999521017075
v 0.010683950036764145 0.002899944083765149 -0.020270999521017075
v 0.009460984729230404 0.005399941932410002 -0.020223969593644142
v 0.009460984729230404 0.005399941932410002 -0.020223969593644142
v 0.010683950036764145 0.002899944083765149 -0.020270999521017075
v 0.009460984729230404 0.002899944083765149 -0.020223969593644142
v 0.009460984729230404 0.005399941932410002 -0.020223969593644142
v 0.009460984729230404 0.002899944083765149 -0.020223969593644142
v 0.00833797361701727 0.005399941932410002 -0.020711949095129967
v 0.00833797361701727 0.005399941932410002 -0.020711949095129967
v 0.009460984729230404 0.002899944083765149 -0.020223969593644142
v 0.00833797361701727 0.002899944083765149 -0.020711949095129967
v 0.00833797361701727 0.005399941932410002 -0.020711949095129967
v 0.00833797361701727 0.002899944083765149 -0.020711949095129967
v 0.007538973819464445 0.005399941932410002 -0.021637970581650734
v 0.007538973819464445 0.005399941932410002 -0.021637970581650734
v 0.00833797361701727 0.002899944083765149 -0.020711949095129967
v 0.007220983039587736 0.002899944083765149 -0.022819990292191505
v 0.007538973819464445 0.005399941932410002 -0.021637970581650734
v 0.007220983039587736 0.002899944083765149 -0.022819990292191505
v 0.007220983039587736 0.005399941932410002 -0.022819990292191505
v 0.007220983039587736 0.005399941932410002 -0.022819990292191505
v 0.007220983039587736 0.002899944083765149 -0.022819990292191505
v 0.00782996416091919 0.005399941932410002 -0.025187959894537926
v 0.008683978579938412 0.005299984943121672 -0.02095896005630493
v 0.00966495182365179 0.005299984943121672 -0.020595960319042206
v 0.007956980727612972 0.005299984943121672 -0.021710989996790886
v 0.007628976833075285 0.005299984943121672 -0.022703999653458595
v 0.007956980727612972 0.005299984943121672 -0.021710989996790886
v 0.007763980887830257 0.005299984943121672 -0.023740939795970917
v 0.008405983448028564 0.005399941932410002 -0.02454495057463646
v 0.010259980335831642 0.005399941932410002 -0.025157980620861053
v 0.009230971336364746 0.005299984943121672 -0.025157980620861053
v 0.01197998970746994 0.005299984943121672 -0.024141959846019745
v 0.01125395018607378 0.005299984943121672 -0.0248939897865057
v 0.012208989821374416 0.005399941932410002 -0.023138990625739098
v 0.012208989821374416 0.005399941932410002 -0.023138990625739098
v 0.01125395018607378 0.005299984943121672 -0.0248939897865057
v 0.010259980335831642 0.005399941932410002 -0.025157980620861053
v 0.011600970290601254 0.005299984943121672 -0.021236000582575798
v 0.012172989547252655 0.005299984943121672 -0.02211195044219494
v 0.012208989821374416 0.005399941932410002 -0.023138990625739098
v 0.008405983448028564 0.005399941932410002 -0.02454495057463646
v 0.009230971336364746 0.005299984943121672 -0.025157980620861053
v 0.008335947059094906 0.0030999770388007164 -0.024616949260234833
v 0.008335947059094906 0.0030999770388007164 -0.024616949260234833
v 0.009230971336364746 0.005299984943121672 -0.025157980620861053
v 0.009399949572980404 0.0030999770388007164 -0.025206979364156723
v 0.009399949572980404 0.0030999770388007164 -0.025206979364156723
v 0.009230971336364746 0.005299984943121672 -0.025157980620861053
v 0.010259980335831642 0.005399941932410002 -0.025157980620861053
v 0.009399949572980404 0.0030999770388007164 -0.025206979364156723
v 0.010259980335831642 0.005399941932410002 -0.025157980620861053
v 0.010608970187604427 0.0029999609105288982 -0.02515994943678379
v 0.010608970187604427 0.0029999609105288982 -0.02515994943678379
v 0.010259980335831642 0.005399941932410002 -0.025157980620861053
v 0.01125395018607378 0.005299984943121672 -0.0248939897865057
v 0.010608970187604427 0.0029999609105288982 -0.02515994943678379
v 0.01125395018607378 0.005299984943121672 -0.0248939897865057
v 0.011658960022032261 0.0030999770388007164 -0.024558959528803825
v 0.011658960022032261 0.0030999770388007164 -0.024558959528803825
v 0.01125395018607378 0.005299984943121672 -0.0248939897865057
v 0.01197998970746994 0.005299984943121672 -0.024141959846019745
v 0.011658960022032261 0.0030999770388007164 -0.024558959528803825
v 0.01197998970746994 0.005299984943121672 -0.024141959846019745
v 0.012248990125954151 0.0030999770388007164 -0.02349494956433773
v 0.01197998970746994 0.005299984943121672 -0.024141959846019745
v 0.012208989821374416 0.005399941932410002 -0.023138990625739098
v 0.012248990125954151 0.0030999770388007164 -0.02349494956433773
v 0.012248990125954151 0.0030999770388007164 -0.02349494956433773
v 0.012208989821374416 0.005399941932410002 -0.023138990625739098
v 0.012131979689002037 0.002926944987848401 -0.022305959835648537
v 0.012208989821374416 0.005399941932410002 -0.023138990625739098
v 0.012172989547252655 0.005299984943121672 -0.02211195044219494
v 0.012131979689002037 0.002926944987848401 -0.022305959835648537
v 0.012131979689002037 0.002926944987848401 -0.022305959835648537
v 0.012172989547252655 0.005299984943121672 -0.02211195044219494
v 0.011634940281510353 0.0030999770388007164 -0.02126896008849144
v 0.011634940281510353 0.0030999770388007164 -0.02126896008849144
v 0.012172989547252655 0.005299984943121672 -0.02211195044219494
v 0.011600970290601254 0.005299984943121672 -0.021236000582575798
v 0.011634940281510353 0.0030999770388007164 -0.02126896008849144
v 0.011600970290601254 0.005299984943121672 -0.021236000582575798
v 0.010705940425395966 0.005299984943121672 -0.020694969221949577
v 0.011634940281510353 0.0030999770388007164 -0.02126896008849144
v 0.010705940425395966 0.005299984943121672 -0.020694969221949577
v 0.010705940425395966 0.0030999770388007164 -0.020694969221949577
v 0.010705940425395966 0.0030999770388007164 -0.020694969221949577
v 0.010705940425395966 0.005299984943121672 -0.020694969221949577
v 0.00966495182365179 0.005299984943121672 -0.020595960319042206
v 0.010705940425395966 0.0030999770388007164 -0.020694969221949577
v 0.00966495182365179 0.005299984943121672 -0.020595960319042206
v 0.009666979312896729 0.0030229680705815554 -0.020610980689525604
v 0.009666979312896729 0.0030229680705815554 -0.020610980689525604
v 0.00966495182365179 0.005299984943121672 -0.020595960319042206
v 0.008683978579938412 0.005299984943121672 -0.02095896005630493
v 0.009666979312896729 0.0030229680705815554 -0.020610980689525604
v 0.008683978579938412 0.005299984943121672 -0.02095896005630493
v 0.008691965602338314 0.0030229680705815554 -0.02097195014357567
v 0.008691965602338314 0.0030229680705815554 -0.02097195014357567
v 0.008683978579938412 0.005299984943121672 -0.02095896005630493
v 0.007956980727612972 0.005299984943121672 -0.021710989996790886
v 0.008691965602338314 0.0030229680705815554 -0.02097195014357567
v 0.007956980727612972 0.005299984943121672 -0.021710989996790886
v 0.007969974540174007 0.0030229680705815554 -0.02171896956861019
v 0.007969974540174007 0.0030229680705815554 -0.02171896956861019
v 0.007956980727612972 0.005299984943121672 -0.021710989996790886
v 0.007628976833075285 0.005299984943121672 -0.022703999653458595
v 0.007969974540174007 0.0030229680705815554 -0.02171896956861019
v 0.007628976833075285 0.005299984943121672 -0.022703999653458595
v 0.007643997203558683 0.0030229680705815554 -0.02270597033202648
v 0.007643997203558683 0.0030229680705815554 -0.02270597033202648
v 0.007628976833075285 0.005299984943121672 -0.022703999653458595
v 0.007763980887830257 0.005299984943121672 -0.023740939795970917
v 0.007643997203558683 0.0030229680705815554 -0.02270597033202648
v 0.007763980887830257 0.005299984943121672 -0.023740939795970917
v 0.007763980887830257 0.0030999770388007164 -0.023740939795970917
v 0.007763980887830257 0.0030999770388007164 -0.023740939795970917
v 0.007763980887830257 0.005299984943121672 -0.023740939795970917
v 0.008335947059094906 0.0030999770388007164 -0.024616949260234833
v 0.008335947059094906 0.0030999770388007164 -0.024616949260234833
v 0.007763980887830257 0.005299984943121672 -0.023740939795970917
v 0.008405983448028564 0.005399941932410002 -0.02454495057463646
v 0.010705940425395966 0.0030999770388007164 -0.020694969221949577
v 0.012131979689002037 0.002926944987848401 -0.022305959835648537
v 0.011634940281510353 0.0030999770388007164 -0.02126896008849144
v 0.008691965602338314 0.0030229680705815554 -0.02097195014357567
v 0.007969974540174007 0.0030229680705815554 -0.02171896956861019
v 0.007643997203558683 0.0030229680705815554 -0.02270597033202648
v 0.007643997203558683 0.0030229680705815554 -0.02270597033202648
v 0.007763980887830257 0.0030999770388007164 -0.023740939795970917
v 0.008335947059094906 0.0030999770388007164 -0.024616949260234833
v 0.008691965602338314 0.0030229680705815554 -0.02097195014357567
v 0.007643997203558683 0.0030229680705815554 -0.02270597033202648
v 0.009666979312896729 0.0030229680705815554 -0.020610980689525604
v 0.009666979312896729 0.0030229680705815554 -0.020610980689525604
v 0.012131979689002037 0.002926944987848401 -0.022305959835648537
v 0.010705940425395966 0.0030999770388007164 -0.020694969221949577
v 0.009771943092346191 0.002899944083765149 -0.024126939475536346
v 0.008830963633954525 0.002899944083765149 -0.02335697039961815
v 0.010608970187604427 0.0029999609105288982 -0.02515994943678379
v 0.012131979689002037 0.002926944987848401 -0.022305959835648537
v 0.011106959544122219 0.002899944083765149 -0.022495979443192482
v 0.011658960022032261 0.0030999770388007164 -0.024558959528803825
v 0.011658960022032261 0.0030999770388007164 -0.024558959528803825
v 0.011106959544122219 0.002899944083765149 -0.022495979443192482
v 0.010909969918429852 0.002899944083765149 -0.02369694970548153
v 0.00902694370597601 0.002899944083765149 -0.0221560001373291
v 0.007643997203558683 0.0030229680705815554 -0.02270597033202648
v 0.008830963633954525 0.002899944083765149 -0.02335697039961815
v 0.008830963633954525 0.002899944083765149 -0.02335697039961815
v 0.007643997203558683 0.0030229680705815554 -0.02270597033202648
v 0.008335947059094906 0.0030999770388007164 -0.024616949260234833
v 0.010164969600737095 0.002899944083765149 -0.02172595076262951
v 0.012131979689002037 0.002926944987848401 -0.022305959835648537
v 0.009666979312896729 0.0030229680705815554 -0.020610980689525604
v 0.010164969600737095 0.002899944083765149 -0.02172595076262951
v 0.009666979312896729 0.0030229680705815554 -0.020610980689525604
v 0.00902694370597601 0.002899944083765149 -0.0221560001373291
v 0.00902694370597601 0.002899944083765149 -0.0221560001373291
v 0.009666979312896729 0.0030229680705815554 -0.020610980689525604
v 0.007643997203558683 0.0030229680705815554 -0.02270597033202648
v 0.009771943092346191 0.002899944083765149 -0.024126939475536346
v 0.010608970187604427 0.0029999609105288982 -0.02515994943678379
v 0.010909969918429852 0.002899944083765149 -0.02369694970548153
v 0.010909969918429852 0.002899944083765149 -0.02369694970548153
v 0.010608970187604427 0.0029999609105288982 -0.02515994943678379
v 0.011658960022032261 0.0030999770388007164 -0.024558959528803825
v 0.012131979689002037 0.002926944987848401 -0.022305959835648537
v 0.010164969600737095 0.002899944083765149 -0.02172595076262951
v 0.011106959544122219 0.002899944083765149 -0.022495979443192482
v 0.010608970187604427 0.0029999609105288982 -0.02515994943678379
v 0.008830963633954525 0.002899944083765149 -0.02335697039961815
v 0.008335947059094906 0.0030999770388007164 -0.024616949260234833
v 0.012131979689002037 0.002926944987848401 -0.022305959835648537
v 0.011658960022032261 0.0030999770388007164 -0.024558959528803825
v 0.012248990125954151 0.0030999770388007164 -0.02349494956433773
v 0.009399949572980404 0.0030999770388007164 -0.025206979364156723
v 0.010608970187604427 0.0029999609105288982 -0.02515994943678379
v 0.008335947059094906 0.0030999770388007164 -0.024616949260234833
v 0.010967959649860859 0.003999948035925627 -0.022639980539679527
v 0.010715959593653679 0.003999948035925627 -0.023647960275411606
v 0.011106959544122219 0.002899944083765149 -0.022495979443192482
v 0.011106959544122219 0.002899944083765149 -0.022495979443192482
v 0.010715959593653679 0.003999948035925627 -0.023647960275411606
v 0.010909969918429852 0.002899944083765149 -0.02369694970548153
v 0.010715959593653679 0.003999948035925627 -0.023647960275411606
v 0.009730993770062923 0.003986954223364592 -0.023982999846339226
v 0.010909969918429852 0.002899944083765149 -0.02369694970548153
v 0.010909969918429852 0.002899944083765149 -0.02369694970548153
v 0.009730993770062923 0.003986954223364592 -0.023982999846339226
v 0.009771943092346191 0.002899944083765149 -0.024126939475536346
v 0.009730993770062923 0.003986954223364592 -0.023982999846339226
v 0.008969961665570736 0.003999948035925627 -0.023212959989905357
v 0.009771943092346191 0.002899944083765149 -0.024126939475536346
v 0.009771943092346191 0.002899944083765149 -0.024126939475536346
v 0.008969961665570736 0.003999948035925627 -0.023212959989905357
v 0.008830963633954525 0.002899944083765149 -0.02335697039961815
v 0.008969961665570736 0.003999948035925627 -0.023212959989905357
v 0.009123980067670345 0.0038999910466372967 -0.02217995934188366
v 0.008830963633954525 0.002899944083765149 -0.02335697039961815
v 0.008830963633954525 0.002899944083765149 -0.02335697039961815
v 0.009123980067670345 0.0038999910466372967 -0.02217995934188366
v 0.00902694370597601 0.002899944083765149 -0.0221560001373291
v 0.009123980067670345 0.0038999910466372967 -0.02217995934188366
v 0.010289959609508514 0.0038999910466372967 -0.021845990791916847
v 0.00902694370597601 0.002899944083765149 -0.0221560001373291
v 0.00902694370597601 0.002899944083765149 -0.0221560001373291
v 0.010289959609508514 0.0038999910466372967 -0.021845990791916847
v 0.010164969600737095 0.002899944083765149 -0.02172595076262951
v 0.010164969600737095 0.002899944083765149 -0.02172595076262951
v 0.010289959609508514 0.0038999910466372967 -0.021845990791916847
v 0.011106959544122219 0.002899944083765149 -0.022495979443192482
v 0.011106959544122219 0.002899944083765149 -0.022495979443192482
v 0.010289959609508514 0.0038999910466372967 -0.021845990791916847
v 0.010967959649860859 0.003999948035925627 -0.022639980539679527
v 0.009730993770062923 0.003986954223364592 -0.023982999846339226
v 0.010715959593653679 0.003999948035925627 -0.023647960275411606
v 0.008969961665570736 0.003999948035925627 -0.023212959989905357
v 0.008969961665570736 0.003999948035925627 -0.023212959989905357
v 0.010715959593653679 0.003999948035925627 -0.023647960275411606
v 0.010967959649860859 0.003999948035925627 -0.022639980539679527
v 0.008969961665570736 0.003999948035925627 -0.023212959989905357
v 0.010967959649860859 0.003999948035925627 -0.022639980539679527
v 0.009123980067670345 0.0038999910466372967 -0.02217995934188366
v 0.009123980067670345 0.0038999910466372967 -0.02217995934188366
v 0.010967959649860859 0.003999948035925627 -0.022639980539679527
v 0.010289959609508514 0.0038999910466372967 -0.021845990791916847
v 0.02110796980559826 0.005399941932410002 -0.01087396964430809
v 0.023395949974656105 0.002899944083765149 -0.012322960421442986
v 0.023395949974656105 0.005399941932410002 -0.012322960421442986
v 0.022853970527648926 0.005399941932410002 -0.00644296407699585
v 0.02544897049665451 0.005399941932410002 -0.006945967208594084
v 0.022853970527648926 0.002899944083765149 -0.00644296407699585
v 0.022853970527648926 0.005399941932410002 -0.00644296407699585
v 0.022853970527648926 0.002899944083765149 -0.00644296407699585
v 0.021548980847001076 0.002899944083765149 -0.007009983062744141
v 0.022853970527648926 0.005399941932410002 -0.00644296407699585
v 0.021548980847001076 0.002899944083765149 -0.007009983062744141
v 0.021548980847001076 0.005399941932410002 -0.007009983062744141
v 0.021548980847001076 0.005399941932410002 -0.007009983062744141
v 0.021548980847001076 0.002899944083765149 -0.007009983062744141
v 0.020702000707387924 0.005399941932410002 -0.008154988288879395
v 0.020702000707387924 0.005399941932410002 -0.008154988288879395
v 0.021548980847001076 0.002899944083765149 -0.007009983062744141
v 0.020702000707387924 0.002899944083765149 -0.008154988288879395
v 0.020702000707387924 0.005399941932410002 -0.008154988288879395
v 0.020702000707387924 0.002899944083765149 -0.008154988288879395
v 0.020540950819849968 0.005399941932410002 -0.009568989276885986
v 0.020540950819849968 0.005399941932410002 -0.009568989276885986
v 0.020702000707387924 0.002899944083765149 -0.008154988288879395
v 0.020540950819849968 0.002899944083765149 -0.009568989276885986
v 0.020540950819849968 0.005399941932410002 -0.009568989276885986
v 0.020540950819849968 0.002899944083765149 -0.009568989276885986
v 0.02110796980559826 0.005399941932410002 -0.01087396964430809
v 0.02110796980559826 0.005399941932410002 -0.01087396964430809
v 0.020540950819849968 0.002899944083765149 -0.009568989276885986
v 0.02110796980559826 0.002899944083765149 -0.01087396964430809
v 0.02110796980559826 0.005399941932410002 -0.01087396964430809
v 0.02110796980559826 0.002899944083765149 -0.01087396964430809
v 0.023395949974656105 0.002899944083765149 -0.012322960421442986
v 0.020978979766368866 0.005299984943121672 -0.009724973700940609
v 0.020960979163646698 0.005299984943121672 -0.008679986000061035
v 0.021397940814495087 0.005299984943121672 -0.007729947101324797
v 0.023220950737595558 0.005399941932410002 -0.00691294576972723
v 0.021397940814495087 0.005299984943121672 -0.007729947101324797
v 0.022203980013728142 0.005299984943121672 -0.007062971126288176
v 0.021448960527777672 0.005299984943121672 -0.010659989900887012
v 0.020978979766368866 0.005299984943121672 -0.009724973700940609
v 0.021397940814495087 0.005299984943121672 -0.007729947101324797
v 0.023300999775528908 0.005299984943121672 -0.01151197962462902
v 0.0222779493778944 0.005299984943121672 -0.011296980082988739
v 0.021448960527777672 0.005299984943121672 -0.010659989900887012
v 0.025559959933161736 0.005299984943121672 -0.00964498519897461
v 0.025123000144958496 0.005299984943121672 -0.010594960302114487
v 0.025541959330439568 0.005299984943121672 -0.008599995635449886
v 0.024242989718914032 0.005299984943121672 -0.007027983199805021
v 0.025071969255805016 0.005299984943121672 -0.007664978038519621
v 0.023220950737595558 0.005399941932410002 -0.00691294576972723
v 0.023253969848155975 0.0030999770388007164 -0.011512990109622478
v 0.023300999775528908 0.005299984943121672 -0.01151197962462902
v 0.024316959083080292 0.005299984943121672 -0.011261990293860435
v 0.023253969848155975 0.0030999770388007164 -0.011512990109622478
v 0.024316959083080292 0.005299984943121672 -0.011261990293860435
v 0.024316959083080292 0.0030999770388007164 -0.011261990293860435
v 0.024316959083080292 0.0030999770388007164 -0.011261990293860435
v 0.024316959083080292 0.005299984943121672 -0.011261990293860435
v 0.025123000144958496 0.005299984943121672 -0.010594960302114487
v 0.024316959083080292 0.0030999770388007164 -0.011261990293860435
v 0.025123000144958496 0.005299984943121672 -0.010594960302114487
v 0.025101950392127037 0.0029999609105288982 -0.01057897973805666
v 0.025101950392127037 0.0029999609105288982 -0.01057897973805666
v 0.025123000144958496 0.005299984943121672 -0.010594960302114487
v 0.025559959933161736 0.005299984943121672 -0.00964498519897461
v 0.025101950392127037 0.0029999609105288982 -0.01057897973805666
v 0.025559959933161736 0.005299984943121672 -0.00964498519897461
v 0.025559959933161736 0.0030999770388007164 -0.00964498519897461
v 0.025559959933161736 0.0030999770388007164 -0.00964498519897461
v 0.025559959933161736 0.005299984943121672 -0.00964498519897461
v 0.025541959330439568 0.005299984943121672 -0.008599995635449886
v 0.025559959933161736 0.0030999770388007164 -0.00964498519897461
v 0.025541959330439568 0.005299984943121672 -0.008599995635449886
v 0.025515969842672348 0.0029999609105288982 -0.00860595703125
v 0.025515969842672348 0.0029999609105288982 -0.00860595703125
v 0.025541959330439568 0.005299984943121672 -0.008599995635449886
v 0.025071969255805016 0.005299984943121672 -0.007664978038519621
v 0.025515969842672348 0.0029999609105288982 -0.00860595703125
v 0.025071969255805016 0.005299984943121672 -0.007664978038519621
v 0.025071969255805016 0.0030999770388007164 -0.007664978038519621
v 0.025071969255805016 0.0030999770388007164 -0.007664978038519621
v 0.025071969255805016 0.005299984943121672 -0.007664978038519621
v 0.024242989718914032 0.005299984943121672 -0.007027983199805021
v 0.025071969255805016 0.0030999770388007164 -0.007664978038519621
v 0.024242989718914032 0.005299984943121672 -0.007027983199805021
v 0.024242989718914032 0.0030999770388007164 -0.007027983199805021
v 0.024242989718914032 0.0030999770388007164 -0.007027983199805021
v 0.024242989718914032 0.005299984943121672 -0.007027983199805021
v 0.023218980059027672 0.0030999770388007164 -0.0068129887804389
v 0.023218980059027672 0.0030999770388007164 -0.0068129887804389
v 0.024242989718914032 0.005299984943121672 -0.007027983199805021
v 0.023220950737595558 0.005399941932410002 -0.00691294576972723
v 0.023220950737595558 0.005399941932410002 -0.00691294576972723
v 0.022203980013728142 0.005299984943121672 -0.007062971126288176
v 0.023218980059027672 0.0030999770388007164 -0.0068129887804389
v 0.023218980059027672 0.0030999770388007164 -0.0068129887804389
v 0.022203980013728142 0.005299984943121672 -0.007062971126288176
v 0.022049959748983383 0.0030999770388007164 -0.007147966884076595
v 0.022049959748983383 0.0030999770388007164 -0.007147966884076595
v 0.022203980013728142 0.005299984943121672 -0.007062971126288176
v 0.021397940814495087 0.005299984943121672 -0.007729947101324797
v 0.022049959748983383 0.0030999770388007164 -0.007147966884076595
v 0.021397940814495087 0.005299984943121672 -0.007729947101324797
v 0.021228959783911705 0.0029999609105288982 -0.008035956881940365
v 0.021228959783911705 0.0029999609105288982 -0.008035956881940365
v 0.021397940814495087 0.005299984943121672 -0.007729947101324797
v 0.020960979163646698 0.005299984943121672 -0.008679986000061035
v 0.021228959783911705 0.0029999609105288982 -0.008035956881940365
v 0.020960979163646698 0.005299984943121672 -0.008679986000061035
v 0.020910970866680145 0.0030999770388007164 -0.009203970432281494
v 0.020960979163646698 0.005299984943121672 -0.008679986000061035
v 0.020978979766368866 0.005299984943121672 -0.009724973700940609
v 0.020910970866680145 0.0030999770388007164 -0.009203970432281494
v 0.020910970866680145 0.0030999770388007164 -0.009203970432281494
v 0.020978979766368866 0.005299984943121672 -0.009724973700940609
v 0.02124595083296299 0.0030999770388007164 -0.010372989811003208
v 0.020978979766368866 0.005299984943121672 -0.009724973700940609
v 0.021448960527777672 0.005299984943121672 -0.010659989900887012
v 0.02124595083296299 0.0030999770388007164 -0.010372989811003208
v 0.02124595083296299 0.0030999770388007164 -0.010372989811003208
v 0.021448960527777672 0.005299984943121672 -0.010659989900887012
v 0.022169940173625946 0.002926944987848401 -0.011129969730973244
v 0.021448960527777672 0.005299984943121672 -0.010659989900887012
v 0.0222779493778944 0.005299984943121672 -0.011296980082988739
v 0.022169940173625946 0.002926944987848401 -0.011129969730973244
v 0.022169940173625946 0.002926944987848401 -0.011129969730973244
v 0.0222779493778944 0.005299984943121672 -0.011296980082988739
v 0.023253969848155975 0.0030999770388007164 -0.011512990109622478
v 0.023253969848155975 0.0030999770388007164 -0.011512990109622478
v 0.0222779493778944 0.005299984943121672 -0.011296980082988739
v 0.023300999775528908 0.005299984943121672 -0.01151197962462902
v 0.02124595083296299 0.0030999770388007164 -0.010372989811003208
v 0.022169940173625946 0.002926944987848401 -0.011129969730973244
v 0.020910970866680145 0.0030999770388007164 -0.009203970432281494
v 0.021228959783911705 0.0029999609105288982 -0.008035956881940365
v 0.020910970866680145 0.0030999770388007164 -0.009203970432281494
v 0.022049959748983383 0.0030999770388007164 -0.007147966884076595
v 0.023253969848155975 0.0030999770388007164 -0.011512990109622478
v 0.024316959083080292 0.0030999770388007164 -0.011261990293860435
v 0.022169940173625946 0.002926944987848401 -0.011129969730973244
v 0.025101950392127037 0.0029999609105288982 -0.01057897973805666
v 0.02447097934782505 0.002899944083765149 -0.009040950797498226
v 0.023799000307917595 0.002899944083765149 -0.01025294978171587
v 0.025101950392127037 0.0029999609105288982 -0.01057897973805666
v 0.023799000307917595 0.002899944083765149 -0.01025294978171587
v 0.024316959083080292 0.0030999770388007164 -0.011261990293860435
v 0.025071969255805016 0.0030999770388007164 -0.007664978038519621
v 0.02447097934782505 0.002899944083765149 -0.009040950797498226
v 0.025101950392127037 0.0029999609105288982 -0.01057897973805666
v 0.024316959083080292 0.0030999770388007164 -0.011261990293860435
v 0.022759970277547836 0.002899944083765149 -0.010270950384438038
v 0.022169940173625946 0.002926944987848401 -0.011129969730973244
v 0.022169940173625946 0.002926944987848401 -0.011129969730973244
v 0.022759970277547836 0.002899944083765149 -0.010270950384438038
v 0.022049959748983383 0.002899944083765149 -0.009283958934247494
v 0.022169940173625946 0.002926944987848401 -0.011129969730973244
v 0.022049959748983383 0.002899944083765149 -0.009283958934247494
v 0.020910970866680145 0.0030999770388007164 -0.009203970432281494
v 0.024316959083080292 0.0030999770388007164 -0.011261990293860435
v 0.023799000307917595 0.002899944083765149 -0.01025294978171587
v 0.022759970277547836 0.002899944083765149 -0.010270950384438038
v 0.022049959748983383 0.0030999770388007164 -0.007147966884076595
v 0.023760970681905746 0.002899944083765149 -0.008053958415985107
v 0.025071969255805016 0.0030999770388007164 -0.007664978038519621
v 0.025071969255805016 0.0030999770388007164 -0.007664978038519621
v 0.023760970681905746 0.002899944083765149 -0.008053958415985107
v 0.02447097934782505 0.002899944083765149 -0.009040950797498226
v 0.020910970866680145 0.0030999770388007164 -0.009203970432281494
v 0.022049959748983383 0.002899944083765149 -0.009283958934247494
v 0.022666990756988525 0.0029079909436404705 -0.008120954036712646
v 0.020910970866680145 0.0030999770388007164 -0.009203970432281494
v 0.022666990756988525 0.0029079909436404705 -0.008120954036712646
v 0.022049959748983383 0.0030999770388007164 -0.007147966884076595
v 0.022049959748983383 0.0030999770388007164 -0.007147966884076595
v 0.022666990756988525 0.0029079909436404705 -0.008120954036712646
v 0.023760970681905746 0.002899944083765149 -0.008053958415985107
v 0.024242989718914032 0.0030999770388007164 -0.007027983199805021
v 0.022049959748983383 0.0030999770388007164 -0.007147966884076595
v 0.025071969255805016 0.0030999770388007164 -0.007664978038519621
v 0.025515969842672348 0.0029999609105288982 -0.00860595703125
v 0.025071969255805016 0.0030999770388007164 -0.007664978038519621
v 0.025101950392127037 0.0029999609105288982 -0.01057897973805666
v 0.025515969842672348 0.0029999609105288982 -0.00860595703125
v 0.025101950392127037 0.0029999609105288982 -0.01057897973805666
v 0.025559959933161736 0.0030999770388007164 -0.00964498519897461
v 0.023218980059027672 0.0030999770388007164 -0.0068129887804389
v 0.022049959748983383 0.0030999770388007164 -0.007147966884076595
v 0.024242989718914032 0.0030999770388007164 -0.007027983199805021
v 0.02376299910247326 0.0038999910466372967 -0.008153975009918213
v 0.024299969896674156 0.003999948035925627 -0.009143947623670101
v 0.023760970681905746 0.002899944083765149 -0.008053958415985107
v 0.023760970681905746 0.002899944083765149 -0.008053958415985107
v 0.024299969896674156 0.003999948035925627 -0.009143947623670101
v 0.02447097934782505 0.002899944083765149 -0.009040950797498226
v 0.024299969896674156 0.003999948035925627 -0.009143947623670101
v 0.023882979527115822 0.0038999910466372967 -0.01010197028517723
v 0.02447097934782505 0.002899944083765149 -0.009040950797498226
v 0.02447097934782505 0.002899944083765149 -0.009040950797498226
v 0.023882979527115822 0.0038999910466372967 -0.01010197028517723
v 0.023799000307917595 0.002899944083765149 -0.01025294978171587
v 0.023882979527115822 0.0038999910466372967 -0.01010197028517723
v 0.022757939994335175 0.0038999910466372967 -0.01017098966985941
v 0.023799000307917595 0.002899944083765149 -0.01025294978171587
v 0.023799000307917595 0.002899944083765149 -0.01025294978171587
v 0.022757939994335175 0.0038999910466372967 -0.01017098966985941
v 0.022759970277547836 0.002899944083765149 -0.010270950384438038
v 0.022757939994335175 0.0038999910466372967 -0.01017098966985941
v 0.02222095988690853 0.003999948035925627 -0.009180963039398193
v 0.022759970277547836 0.002899944083765149 -0.010270950384438038
v 0.022759970277547836 0.002899944083765149 -0.010270950384438038
v 0.02222095988690853 0.003999948035925627 -0.009180963039398193
v 0.022049959748983383 0.002899944083765149 -0.009283958934247494
v 0.02222095988690853 0.003999948035925627 -0.009180963039398193
v 0.02263795956969261 0.0038999910466372967 -0.008222997188568115
v 0.022049959748983383 0.002899944083765149 -0.009283958934247494
v 0.022049959748983383 0.002899944083765149 -0.009283958934247494
v 0.02263795956969261 0.0038999910466372967 -0.008222997188568115
v 0.022666990756988525 0.0029079909436404705 -0.008120954036712646
v 0.022666990756988525 0.0029079909436404705 -0.008120954036712646
v 0.02263795956969261 0.0038999910466372967 -0.008222997188568115
v 0.023760970681905746 0.002899944083765149 -0.008053958415985107
v 0.023760970681905746 0.002899944083765149 -0.008053958415985107
v 0.02263795956969261 0.0038999910466372967 -0.008222997188568115
v 0.02376299910247326 0.0038999910466372967 -0.008153975009918213
v 0.022757939994335175 0.0038999910466372967 -0.01017098966985941
v 0.024299969896674156 0.003999948035925627 -0.009143947623670101
v 0.02222095988690853 0.003999948035925627 -0.009180963039398193
v 0.02222095988690853 0.003999948035925627 -0.009180963039398193
v 0.024299969896674156 0.003999948035925627 -0.009143947623670101
v 0.02263795956969261 0.0038999910466372967 -0.008222997188568115
v 0.02263795956969261 0.0038999910466372967 -0.008222997188568115
v 0.024299969896674156 0.003999948035925627 -0.009143947623670101
v 0.02376299910247326 0.0038999910466372967 -0.008153975009918213
v 0.024299969896674156 0.003999948035925627 -0.009143947623670101
v 0.022757939994335175 0.0038999910466372967 -0.01017098966985941
v 0.023882979527115822 0.0038999910466372967 -0.01010197028517723
v 0.017536990344524384 0.0033999679144471884 -0.012437989935278893
v 0.01794498972594738 0.002899944083765149 -0.012726959772408009
v 0.020003970712423325 0.0033999679144471884 -0.007879972457885742
v 0.020003970712423325 0.0033999679144471884 -0.007879972457885742
v 0.01794498972594738 0.002899944083765149 -0.012726959772408009
v 0.020702000707387924 0.002899944083765149 -0.008154988288879395
v 0.01405095960944891 0.0033999679144471884 -0.016273969784379005
v 0.0143769895657897 0.002899944083765149 -0.016651980578899384
v 0.017536990344524384 0.0033999679144471884 -0.012437989935278893
v 0.017536990344524384 0.0033999679144471884 -0.012437989935278893
v 0.0143769895657897 0.002899944083765149 -0.016651980578899384
v 0.01794498972594738 0.002899944083765149 -0.012726959772408009
v -0.020003970712423325 0.0033999679144471884 0.007879972457885742
v -0.020702000707387924 0.002899944083765149 0.008154988288879395
v -0.02130799926817417 0.0033999679144471884 0.002863943111151457
v -0.02130799926817417 0.0033999679144471884 0.002863943111151457
v -0.020702000707387924 0.002899944083765149 0.008154988288879395
v -0.021803969517350197 0.002899944083765149 0.0029299850575625896
v -0.02130799926817417 0.0033999679144471884 0.002863943111151457
v -0.021803969517350197 0.002899944083765149 0.0029299850575625896
v -0.021375000476837158 0.0033999679144471884 -0.002318978076800704
v -0.021375000476837158 0.0033999679144471884 -0.002318978076800704
v -0.021803969517350197 0.002899944083765149 0.0029299850575625896
v -0.021871980279684067 0.002899944083765149 -0.002372979884967208
v -0.021375000476837158 0.0033999679144471884 -0.002318978076800704
v -0.021871980279684067 0.002899944083765149 -0.002372979884967208
v -0.020197980105876923 0.0033999679144471884 -0.007366954814642668
v -0.020197980105876923 0.0033999679144471884 -0.007366954814642668
v -0.021871980279684067 0.002899944083765149 -0.002372979884967208
v -0.020667970180511475 0.002899944083765149 -0.007537961006164551
v -0.020197980105876923 0.0033999679144471884 -0.007366954814642668
v -0.020667970180511475 0.002899944083765149 -0.007537961006164551
v -0.017847949638962746 0.0033999679144471884 -0.011986969970166683
v -0.017847949638962746 0.0033999679144471884 -0.011986969970166683
v -0.020667970180511475 0.002899944083765149 -0.007537961006164551
v -0.018263990059494972 0.002899944083765149 -0.012264960445463657
v -0.017847949638962746 0.0033999679144471884 -0.011986969970166683
v -0.018263990059494972 0.002899944083765149 -0.012264960445463657
v -0.014460979960858822 0.0033999679144471884 -0.015909960493445396
v -0.014460979960858822 0.0033999679144471884 -0.015909960493445396
v -0.018263990059494972 0.002899944083765149 -0.012264960445463657
v -0.014797979965806007 0.002899944083765149 -0.01627998985350132
v -0.014460979960858822 0.0033999679144471884 -0.015909960493445396
v -0.014797979965806007 0.002899944083765149 -0.01627998985350132
v -0.010233989916741848 0.0033999679144471884 -0.018907960504293442
v -0.010233989916741848 0.0033999679144471884 -0.018907960504293442
v -0.014797979965806007 0.002899944083765149 -0.01627998985350132
v -0.010471990332007408 0.002899944083765149 -0.019347960129380226
v -0.010233989916741848 0.0033999679144471884 -0.018907960504293442
v -0.010471990332007408 0.002899944083765149 -0.019347960129380226
v -0.005410968791693449 0.0033999679144471884 -0.020807979628443718
v -0.005410968791693449 0.0033999679144471884 -0.020807979628443718
v -0.010471990332007408 0.002899944083765149 -0.019347960129380226
v -0.005536973010748625 0.002899944083765149 -0.02129196934401989
v -0.005410968791693449 0.0033999679144471884 -0.020807979628443718
v -0.005536973010748625 0.002899944083765149 -0.02129196934401989
v -0.0002739999908953905 0.0033999679144471884 -0.02149795927107334
v -0.0002739999908953905 0.0033999679144471884 -0.02149795927107334
v -0.005536973010748625 0.002899944083765149 -0.02129196934401989
v -0.0002809999859891832 0.002899944083765149 -0.021997980773448944
v -0.0002739999908953905 0.0033999679144471884 -0.02149795927107334
v -0.0002809999859891832 0.002899944083765149 -0.021997980773448944
v 0.0048789968714118 0.0033999679144471884 -0.020938990637660027
v 0.0048789968714118 0.0033999679144471884 -0.020938990637660027
v -0.0002809999859891832 0.002899944083765149 -0.021997980773448944
v 0.004991948138922453 0.002899944083765149 -0.021425960585474968
v 0.0048789968714118 0.0033999679144471884 -0.020938990637660027
v 0.004991948138922453 0.002899944083765149 -0.021425960585474968
v 0.009747982025146484 0.0033999679144471884 -0.019162949174642563
v 0.009747982025146484 0.0033999679144471884 -0.019162949174642563
v 0.004991948138922453 0.002899944083765149 -0.021425960585474968
v 0.009974955581128597 0.002899944083765149 -0.01960897073149681
v 0.009747982025146484 0.0033999679144471884 -0.019162949174642563
v 0.009974955581128597 0.002899944083765149 -0.01960897073149681
v 0.01405095960944891 0.0033999679144471884 -0.016273969784379005
v 0.01405095960944891 0.0033999679144471884 -0.016273969784379005
v 0.009974955581128597 0.002899944083765149 -0.01960897073149681
v 0.0143769895657897 0.002899944083765149 -0.016651980578899384
v 0.020003970712423325 0.0033999679144471884 -0.007879972457885742
v 0.020003970712423325 0.004999995231628418 -0.007879972457885742
v 0.017536990344524384 0.0033999679144471884 -0.012437989935278893
v 0.017536990344524384 0.0033999679144471884 -0.012437989935278893
v 0.020003970712423325 0.004999995231628418 -0.007879972457885742
v 0.017536990344524384 0.004999995231628418 -0.012437989935278893
v 0.017536990344524384 0.0033999679144471884 -0.012437989935278893
v 0.017536990344524384 0.004999995231628418 -0.012437989935278893
v 0.01405095960944891 0.0033999679144471884 -0.016273969784379005
v 0.01405095960944891 0.0033999679144471884 -0.016273969784379005
v 0.017536990344524384 0.004999995231628418 -0.012437989935278893
v 0.01405095960944891 0.004999995231628418 -0.016273969784379005
v 0.01405095960944891 0.0033999679144471884 -0.016273969784379005
v 0.01405095960944891 0.004999995231628418 -0.016273969784379005
v 0.009747982025146484 0.0033999679144471884 -0.019162949174642563
v 0.009747982025146484 0.0033999679144471884 -0.019162949174642563
v 0.01405095960944891 0.004999995231628418 -0.016273969784379005
v 0.009747982025146484 0.004999995231628418 -0.019162949174642563
v 0.009747982025146484 0.0033999679144471884 -0.019162949174642563
v 0.009747982025146484 0.004999995231628418 -0.019162949174642563
v 0.0048789968714118 0.0033999679144471884 -0.020938990637660027
v 0.0048789968714118 0.0033999679144471884 -0.020938990637660027
v 0.009747982025146484 0.004999995231628418 -0.019162949174642563
v 0.0048789968714118 0.004999995231628418 -0.020938990637660027
v 0.0048789968714118 0.0033999679144471884 -0.020938990637660027
v 0.0048789968714118 0.004999995231628418 -0.020938990637660027
v -0.0002739999908953905 0.0033999679144471884 -0.02149795927107334
v -0.0002739999908953905 0.0033999679144471884 -0.02149795927107334
v 0.0048789968714118 0.004999995231628418 -0.020938990637660027
v -0.0002739999908953905 0.004999995231628418 -0.02149795927107334
v -0.0002739999908953905 0.0033999679144471884 -0.02149795927107334
v -0.0002739999908953905 0.004999995231628418 -0.02149795927107334
v -0.005410968791693449 0.0033999679144471884 -0.020807979628443718
v -0.005410968791693449 0.0033999679144471884 -0.020807979628443718
v -0.0002739999908953905 0.004999995231628418 -0.02149795927107334
v -0.005410968791693449 0.004999995231628418 -0.020807979628443718
v -0.005410968791693449 0.0033999679144471884 -0.020807979628443718
v -0.005410968791693449 0.004999995231628418 -0.020807979628443718
v -0.010233989916741848 0.0033999679144471884 -0.018907960504293442
v -0.010233989916741848 0.0033999679144471884 -0.018907960504293442
v -0.005410968791693449 0.004999995231628418 -0.020807979628443718
v -0.010233989916741848 0.004999995231628418 -0.018907960504293442
v -0.010233989916741848 0.0033999679144471884 -0.018907960504293442
v -0.010233989916741848 0.004999995231628418 -0.018907960504293442
v -0.014460979960858822 0.0033999679144471884 -0.015909960493445396
v -0.014460979960858822 0.0033999679144471884 -0.015909960493445396
v -0.010233989916741848 0.004999995231628418 -0.018907960504293442
v -0.014460979960858822 0.004999995231628418 -0.015909960493445396
v -0.014460979960858822 0.0033999679144471884 -0.015909960493445396
v -0.014460979960858822 0.004999995231628418 -0.015909960493445396
v -0.017847949638962746 0.0033999679144471884 -0.011986969970166683
v -0.017847949638962746 0.0033999679144471884 -0.011986969970166683
v -0.014460979960858822 0.004999995231628418 -0.015909960493445396
v -0.017847949638962746 0.004999995231628418 -0.011986969970166683
v -0.017847949638962746 0.0033999679144471884 -0.011986969970166683
v -0.017847949638962746 0.004999995231628418 -0.011986969970166683
v -0.020197980105876923 0.0033999679144471884 -0.007366954814642668
v -0.020197980105876923 0.0033999679144471884 -0.007366954814642668
v -0.017847949638962746 0.004999995231628418 -0.011986969970166683
v -0.020197980105876923 0.004999995231628418 -0.007366954814642668
v -0.020197980105876923 0.0033999679144471884 -0.007366954814642668
v -0.020197980105876923 0.004999995231628418 -0.007366954814642668
v -0.021375000476837158 0.0033999679144471884 -0.002318978076800704
v -0.021375000476837158 0.0033999679144471884 -0.002318978076800704
v -0.020197980105876923 0.004999995231628418 -0.007366954814642668
v -0.021375000476837158 0.004999995231628418 -0.002318978076800704
v -0.021375000476837158 0.0033999679144471884 -0.002318978076800704
v -0.021375000476837158 0.004999995231628418 -0.002318978076800704
v -0.02130799926817417 0.0033999679144471884 0.002863943111151457
v -0.02130799926817417 0.0033999679144471884 0.002863943111151457
v -0.021375000476837158 0.004999995231628418 -0.002318978076800704
v -0.02130799926817417 0.004999995231628418 0.002863943111151457
v -0.02130799926817417 0.0033999679144471884 0.002863943111151457
v -0.02130799926817417 0.004999995231628418 0.002863943111151457
v -0.020003970712423325 0.0033999679144471884 0.007879972457885742
v -0.020003970712423325 0.0033999679144471884 0.007879972457885742
v -0.02130799926817417 0.004999995231628418 0.002863943111151457
v -0.020003970712423325 0.004999995231628418 0.007879972457885742
v -0.020298950374126434 0.004999995231628418 -0.005380988121032715
v -0.020197980105876923 0.004999995231628418 -0.007366954814642668
v -0.0184209905564785 0.004999995231628418 -0.010081940330564976
v -0.0184209905564785 0.004999995231628418 -0.010081940330564976
v -0.020197980105876923 0.004999995231628418 -0.007366954814642668
v -0.017847949638962746 0.004999995231628418 -0.011986969970166683
v -0.0184209905564785 0.004999995231628418 -0.010081940330564976
v -0.017847949638962746 0.004999995231628418 -0.011986969970166683
v -0.015472940169274807 0.004999995231628418 -0.01419794000685215
v -0.015472940169274807 0.004999995231628418 -0.01419794000685215
v -0.017847949638962746 0.004999995231628418 -0.011986969970166683
v -0.014460979960858822 0.004999995231628418 -0.015909960493445396
v -0.015472940169274807 0.004999995231628418 -0.01419794000685215
v -0.014460979960858822 0.004999995231628418 -0.015909960493445396
v -0.011625939980149269 0.004999995231628418 -0.01748800091445446
v -0.011625939980149269 0.004999995231628418 -0.01748800091445446
v -0.014460979960858822 0.004999995231628418 -0.015909960493445396
v -0.010233989916741848 0.004999995231628418 -0.018907960504293442
v -0.011625939980149269 0.004999995231628418 -0.01748800091445446
v -0.010233989916741848 0.004999995231628418 -0.018907960504293442
v -0.007102965842932463 0.004999995231628418 -0.01976197026669979
v -0.007102965842932463 0.004999995231628418 -0.01976197026669979
v -0.010233989916741848 0.004999995231628418 -0.018907960504293442
v -0.005410968791693449 0.004999995231628418 -0.020807979628443718
v -0.007102965842932463 0.004999995231628418 -0.01976197026669979
v -0.005410968791693449 0.004999995231628418 -0.020807979628443718
v -0.0021669859997928143 0.004999995231628418 -0.02088797092437744
v -0.0021669859997928143 0.004999995231628418 -0.02088797092437744
v -0.005410968791693449 0.004999995231628418 -0.020807979628443718
v -0.0002739999908953905 0.004999995231628418 -0.02149795927107334
v -0.0021669859997928143 0.004999995231628418 -0.02088797092437744
v -0.0002739999908953905 0.004999995231628418 -0.02149795927107334
v 0.0028949968982487917 0.004999995231628418 -0.020799990743398666
v 0.0028949968982487917 0.004999995231628418 -0.020799990743398666
v -0.0002739999908953905 0.004999995231628418 -0.02149795927107334
v 0.0048789968714118 0.004999995231628418 -0.020938990637660027
v 0.0028949968982487917 0.004999995231628418 -0.020799990743398666
v 0.0048789968714118 0.004999995231628418 -0.020938990637660027
v 0.0077879419550299644 0.004999995231628418 -0.019501980394124985
v 0.0077879419550299644 0.004999995231628418 -0.019501980394124985
v 0.0048789968714118 0.004999995231628418 -0.020938990637660027
v 0.009747982025146484 0.004999995231628418 -0.019162949174642563
v 0.0077879419550299644 0.004999995231628418 -0.019501980394124985
v 0.009747982025146484 0.004999995231628418 -0.019162949174642563
v 0.012228960171341896 0.004999995231628418 -0.017071960493922234
v 0.012228960171341896 0.004999995231628418 -0.017071960493922234
v 0.009747982025146484 0.004999995231628418 -0.019162949174642563
v 0.01405095960944891 0.004999995231628418 -0.016273969784379005
v 0.012228960171341896 0.004999995231628418 -0.017071960493922234
v 0.01405095960944891 0.004999995231628418 -0.016273969784379005
v 0.015958959236741066 0.004999995231628418 -0.013648980297148228
v 0.015958959236741066 0.004999995231628418 -0.013648980297148228
v 0.01405095960944891 0.004999995231628418 -0.016273969784379005
v 0.017536990344524384 0.004999995231628418 -0.012437989935278893
v 0.015958959236741066 0.004999995231628418 -0.013648980297148228
v 0.017536990344524384 0.004999995231628418 -0.012437989935278893
v 0.01876199059188366 0.004999995231628418 -0.00943297054618597
v 0.01876199059188366 0.004999995231628418 -0.00943297054618597
v 0.017536990344524384 0.004999995231628418 -0.012437989935278893
v 0.020003970712423325 0.004999995231628418 -0.007879972457885742
v 0.01876199059188366 0.004999995231628418 -0.00943297054618597
v 0.020003970712423325 0.004999995231628418 -0.007879972457885742
v 0.02047394961118698 0.004999995231628418 -0.0046689510345458984
v 0.02047394961118698 0.004999995231628418 -0.0046689510345458984
v 0.020003970712423325 0.004999995231628418 -0.007879972457885742
v 0.02130799926817417 0.004999995231628418 -0.002863943111151457
v 0.02047394961118698 0.004999995231628418 -0.0046689510345458984
v 0.02130799926817417 0.004999995231628418 -0.002863943111151457
v 0.020996980369091034 0.004999995231628418 0.00036700000055134296
v 0.020996980369091034 0.004999995231628418 0.00036700000055134296
v 0.02130799926817417 0.004999995231628418 -0.002863943111151457
v 0.021375000476837158 0.004999995231628418 0.002318978076800704
v 0.020996980369091034 0.004999995231628418 0.00036700000055134296
v 0.021375000476837158 0.004999995231628418 0.002318978076800704
v 0.020298950374126434 0.004999995231628418 0.005380988121032715
v 0.020298950374126434 0.004999995231628418 0.005380988121032715
v 0.021375000476837158 0.004999995231628418 0.002318978076800704
v 0.020197980105876923 0.004999995231628418 0.007366954814642668
v 0.020298950374126434 0.004999995231628418 0.005380988121032715
v 0.020197980105876923 0.004999995231628418 0.007366954814642668
v 0.0184209905564785 0.004999995231628418 0.010081940330564976
v 0.0184209905564785 0.004999995231628418 0.010081940330564976
v 0.020197980105876923 0.004999995231628418 0.007366954814642668
v 0.017847949638962746 0.004999995231628418 0.011986969970166683
v 0.0184209905564785 0.004999995231628418 0.010081940330564976
v 0.017847949638962746 0.004999995231628418 0.011986969970166683
v 0.015472940169274807 0.004999995231628418 0.01419794000685215
v 0.015472940169274807 0.004999995231628418 0.01419794000685215
v 0.017847949638962746 0.004999995231628418 0.011986969970166683
v 0.014460979960858822 0.004999995231628418 0.015909960493445396
v 0.015472940169274807 0.004999995231628418 0.01419794000685215
v 0.014460979960858822 0.004999995231628418 0.015909960493445396
v 0.011625939980149269 0.004999995231628418 0.01748800091445446
v 0.011625939980149269 0.004999995231628418 0.01748800091445446
v 0.014460979960858822 0.004999995231628418 0.015909960493445396
v 0.010233989916741848 0.004999995231628418 0.018907960504293442
v 0.011625939980149269 0.004999995231628418 0.01748800091445446
v 0.010233989916741848 0.004999995231628418 0.018907960504293442
v 0.007102965842932463 0.004999995231628418 0.01976197026669979
v 0.007102965842932463 0.004999995231628418 0.01976197026669979
v 0.010233989916741848 0.004999995231628418 0.018907960504293442
v 0.005410968791693449 0.004999995231628418 0.020807979628443718
v 0.007102965842932463 0.004999995231628418 0.01976197026669979
v 0.005410968791693449 0.004999995231628418 0.020807979628443718
v 0.0021669859997928143 0.004999995231628418 0.02088797092437744
v 0.0021669859997928143 0.004999995231628418 0.02088797092437744
v 0.005410968791693449 0.004999995231628418 0.020807979628443718
v 0.0002739999908953905 0.004999995231628418 0.02149795927107334
v 0.0021669859997928143 0.004999995231628418 0.02088797092437744
v 0.0002739999908953905 0.004999995231628418 0.02149795927107334
v -0.0028949968982487917 0.004999995231628418 0.020799990743398666
v -0.0028949968982487917 0.004999995231628418 0.020799990743398666
v 0.0002739999908953905 0.004999995231628418 0.02149795927107334
v -0.0048789968714118 0.004999995231628418 0.020938990637660027
v -0.0028949968982487917 0.004999995231628418 0.020799990743398666
v -0.0048789968714118 0.004999995231628418 0.020938990637660027
v -0.0077879419550299644 0.004999995231628418 0.019501980394124985
v -0.0077879419550299644 0.004999995231628418 0.019501980394124985
v -0.0048789968714118 0.004999995231628418 0.020938990637660027
v -0.009747982025146484 0.004999995231628418 0.019162949174642563
v -0.0077879419550299644 0.004999995231628418 0.019501980394124985
v -0.009747982025146484 0.004999995231628418 0.019162949174642563
v -0.012228960171341896 0.004999995231628418 0.017071960493922234
v -0.012228960171341896 0.004999995231628418 0.017071960493922234
v -0.009747982025146484 0.004999995231628418 0.019162949174642563
v -0.01405095960944891 0.004999995231628418 0.016273969784379005
v -0.012228960171341896 0.004999995231628418 0.017071960493922234
v -0.01405095960944891 0.004999995231628418 0.016273969784379005
v -0.015958959236741066 0.004999995231628418 0.013648980297148228
v -0.015958959236741066 0.004999995231628418 0.013648980297148228
v -0.01405095960944891 0.004999995231628418 0.016273969784379005
v -0.017536990344524384 0.004999995231628418 0.012437989935278893
v -0.015958959236741066 0.004999995231628418 0.013648980297148228
v -0.017536990344524384 0.004999995231628418 0.012437989935278893
v -0.01876199059188366 0.004999995231628418 0.00943297054618597
v -0.01876199059188366 0.004999995231628418 0.00943297054618597
v -0.017536990344524384 0.004999995231628418 0.012437989935278893
v -0.020003970712423325 0.004999995231628418 0.007879972457885742
v -0.01876199059188366 0.004999995231628418 0.00943297054618597
v -0.020003970712423325 0.004999995231628418 0.007879972457885742
v -0.02047394961118698 0.004999995231628418 0.0046689510345458984
v -0.02047394961118698 0.004999995231628418 0.0046689510345458984
v -0.020003970712423325 0.004999995231628418 0.007879972457885742
v -0.02130799926817417 0.004999995231628418 0.002863943111151457
v -0.02047394961118698 0.004999995231628418 0.0046689510345458984
v -0.02130799926817417 0.004999995231628418 0.002863943111151457
v -0.020996980369091034 0.004999995231628418 -0.00036700000055134296
v -0.020996980369091034 0.004999995231628418 -0.00036700000055134296
v -0.02130799926817417 0.004999995231628418 0.002863943111151457
v -0.021375000476837158 0.004999995231628418 -0.002318978076800704
v -0.020996980369091034 0.004999995231628418 -0.00036700000055134296
v -0.021375000476837158 0.004999995231628418 -0.002318978076800704
v -0.020298950374126434 0.004999995231628418 -0.005380988121032715
v -0.020298950374126434 0.004999995231628418 -0.005380988121032715
v -0.021375000476837158 0.004999995231628418 -0.002318978076800704
v -0.020197980105876923 0.004999995231628418 -0.007366954814642668
v -0.020003970712423325 0.0033999679144471884 0.007879972457885742
v -0.020003970712423325 0.004999995231628418 0.007879972457885742
v -0.017536990344524384 0.0033999679144471884 0.012437989935278893
v -0.017536990344524384 0.0033999679144471884 0.012437989935278893
v -0.020003970712423325 0.004999995231628418 0.007879972457885742
v -0.017536990344524384 0.004999995231628418 0.012437989935278893
v -0.017536990344524384 0.0033999679144471884 0.012437989935278893
v -0.017536990344524384 0.004999995231628418 0.012437989935278893
v -0.01405095960944891 0.0033999679144471884 0.016273969784379005
v -0.01405095960944891 0.0033999679144471884 0.016273969784379005
v -0.017536990344524384 0.004999995231628418 0.012437989935278893
v -0.01405095960944891 0.004999995231628418 0.016273969784379005
v -0.01405095960944891 0.0033999679144471884 0.016273969784379005
v -0.01405095960944891 0.004999995231628418 0.016273969784379005
v -0.009747982025146484 0.0033999679144471884 0.019162949174642563
v -0.009747982025146484 0.0033999679144471884 0.019162949174642563
v -0.01405095960944891 0.004999995231628418 0.016273969784379005
v -0.009747982025146484 0.004999995231628418 0.019162949174642563
v -0.009747982025146484 0.0033999679144471884 0.019162949174642563
v -0.009747982025146484 0.004999995231628418 0.019162949174642563
v -0.0048789968714118 0.0033999679144471884 0.020938990637660027
v -0.0048789968714118 0.0033999679144471884 0.020938990637660027
v -0.009747982025146484 0.004999995231628418 0.019162949174642563
v -0.0048789968714118 0.004999995231628418 0.020938990637660027
v -0.0048789968714118 0.0033999679144471884 0.020938990637660027
v -0.0048789968714118 0.004999995231628418 0.020938990637660027
v 0.0002739999908953905 0.0033999679144471884 0.02149795927107334
v 0.0002739999908953905 0.0033999679144471884 0.02149795927107334
v -0.0048789968714118 0.004999995231628418 0.020938990637660027
v 0.0002739999908953905 0.004999995231628418 0.02149795927107334
v 0.0002739999908953905 0.0033999679144471884 0.02149795927107334
v 0.0002739999908953905 0.004999995231628418 0.02149795927107334
v 0.005410968791693449 0.0033999679144471884 0.020807979628443718
v 0.005410968791693449 0.0033999679144471884 0.020807979628443718
v 0.0002739999908953905 0.004999995231628418 0.02149795927107334
v 0.005410968791693449 0.004999995231628418 0.020807979628443718
v 0.005410968791693449 0.0033999679144471884 0.020807979628443718
v 0.005410968791693449 0.004999995231628418 0.020807979628443718
v 0.010233989916741848 0.0033999679144471884 0.018907960504293442
v 0.010233989916741848 0.0033999679144471884 0.018907960504293442
v 0.005410968791693449 0.004999995231628418 0.020807979628443718
v 0.010233989916741848 0.004999995231628418 0.018907960504293442
v 0.010233989916741848 0.0033999679144471884 0.018907960504293442
v 0.010233989916741848 0.004999995231628418 0.018907960504293442
v 0.014460979960858822 0.0033999679144471884 0.015909960493445396
v 0.014460979960858822 0.0033999679144471884 0.015909960493445396
v 0.010233989916741848 0.004999995231628418 0.018907960504293442
v 0.014460979960858822 0.004999995231628418 0.015909960493445396
v 0.014460979960858822 0.0033999679144471884 0.015909960493445396
v 0.014460979960858822 0.004999995231628418 0.015909960493445396
v 0.017847949638962746 0.0033999679144471884 0.011986969970166683
v 0.017847949638962746 0.0033999679144471884 0.011986969970166683
v 0.014460979960858822 0.004999995231628418 0.015909960493445396
v 0.017847949638962746 0.004999995231628418 0.011986969970166683
v 0.017847949638962746 0.0033999679144471884 0.011986969970166683
v 0.017847949638962746 0.004999995231628418 0.011986969970166683
v 0.020197980105876923 0.0033999679144471884 0.007366954814642668
v 0.020197980105876923 0.0033999679144471884 0.007366954814642668
v 0.017847949638962746 0.004999995231628418 0.011986969970166683
v 0.020197980105876923 0.004999995231628418 0.007366954814642668
v 0.020197980105876923 0.0033999679144471884 0.007366954814642668
v 0.020197980105876923 0.004999995231628418 0.007366954814642668
v 0.021375000476837158 0.0033999679144471884 0.002318978076800704
v 0.021375000476837158 0.0033999679144471884 0.002318978076800704
v 0.020197980105876923 0.004999995231628418 0.007366954814642668
v 0.021375000476837158 0.004999995231628418 0.002318978076800704
v 0.021375000476837158 0.0033999679144471884 0.002318978076800704
v 0.021375000476837158 0.004999995231628418 0.002318978076800704
v 0.02130799926817417 0.0033999679144471884 -0.002863943111151457
v 0.02130799926817417 0.0033999679144471884 -0.002863943111151457
v 0.021375000476837158 0.004999995231628418 0.002318978076800704
v 0.02130799926817417 0.004999995231628418 -0.002863943111151457
v 0.02130799926817417 0.0033999679144471884 -0.002863943111151457
v 0.02130799926817417 0.004999995231628418 -0.002863943111151457
v 0.020003970712423325 0.0033999679144471884 -0.007879972457885742
v 0.020003970712423325 0.0033999679144471884 -0.007879972457885742
v 0.02130799926817417 0.004999995231628418 -0.002863943111151457
v 0.020003970712423325 0.004999995231628418 -0.007879972457885742
v -0.017536990344524384 0.0033999679144471884 0.012437989935278893
v -0.01405095960944891 0.0033999679144471884 0.016273969784379005
v -0.0143769895657897 0.002899944083765149 0.016651980578899384
v -0.018053939566016197 0.002899944083765149 0.0125730000436306
v -0.020702000707387924 0.002899944083765149 0.008154988288879395
v -0.020003970712423325 0.0033999679144471884 0.007879972457885742
v -0.0143769895657897 0.002899944083765149 0.016651980578899384
v -0.018053939566016197 0.002899944083765149 0.0125730000436306
v -0.017536990344524384 0.0033999679144471884 0.012437989935278893
v -0.017536990344524384 0.0033999679144471884 0.012437989935278893
v -0.018053939566016197 0.002899944083765149 0.0125730000436306
v -0.020003970712423325 0.0033999679144471884 0.007879972457885742
v 0.014460979960858822 0.0033999679144471884 0.015909960493445396
v 0.014797979965806007 0.002899944083765149 0.01627998985350132
v 0.010233989916741848 0.0033999679144471884 0.018907960504293442
v 0.010233989916741848 0.0033999679144471884 0.018907960504293442
v 0.014797979965806007 0.002899944083765149 0.01627998985350132
v 0.010471990332007408 0.002899944083765149 0.019347960129380226
v 0.010233989916741848 0.0033999679144471884 0.018907960504293442
v 0.010471990332007408 0.002899944083765149 0.019347960129380226
v 0.005410968791693449 0.0033999679144471884 0.020807979628443718
v 0.005410968791693449 0.0033999679144471884 0.020807979628443718
v 0.010471990332007408 0.002899944083765149 0.019347960129380226
v 0.005536973010748625 0.002899944083765149 0.02129196934401989
v 0.005410968791693449 0.0033999679144471884 0.020807979628443718
v 0.005536973010748625 0.002899944083765149 0.02129196934401989
v 0.0002739999908953905 0.0033999679144471884 0.02149795927107334
v 0.0002739999908953905 0.0033999679144471884 0.02149795927107334
v 0.005536973010748625 0.002899944083765149 0.02129196934401989
v 0.0002809999859891832 0.002899944083765149 0.021997980773448944
v 0.0002739999908953905 0.0033999679144471884 0.02149795927107334
v 0.0002809999859891832 0.002899944083765149 0.021997980773448944
v -0.0048789968714118 0.0033999679144471884 0.020938990637660027
v -0.0048789968714118 0.0033999679144471884 0.020938990637660027
v 0.0002809999859891832 0.002899944083765149 0.021997980773448944
v -0.004991948138922453 0.002899944083765149 0.021425960585474968
v -0.0048789968714118 0.0033999679144471884 0.020938990637660027
v -0.004991948138922453 0.002899944083765149 0.021425960585474968
v -0.009747982025146484 0.0033999679144471884 0.019162949174642563
v -0.009747982025146484 0.0033999679144471884 0.019162949174642563
v -0.004991948138922453 0.002899944083765149 0.021425960585474968
v -0.009974955581128597 0.002899944083765149 0.01960897073149681
v -0.009747982025146484 0.0033999679144471884 0.019162949174642563
v -0.009974955581128597 0.002899944083765149 0.01960897073149681
v -0.01405095960944891 0.0033999679144471884 0.016273969784379005
v -0.01405095960944891 0.0033999679144471884 0.016273969784379005
v -0.009974955581128597 0.002899944083765149 0.01960897073149681
v -0.0143769895657897 0.002899944083765149 0.016651980578899384
v 0.014797979965806007 0.002899944083765149 0.01627998985350132
v 0.014460979960858822 0.0033999679144471884 0.015909960493445396
v 0.018263990059494972 0.002899944083765149 0.012264960445463657
v 0.018263990059494972 0.002899944083765149 0.012264960445463657
v 0.014460979960858822 0.0033999679144471884 0.015909960493445396
v 0.017847949638962746 0.0033999679144471884 0.011986969970166683
v 0.020003970712423325 0.0033999679144471884 -0.007879972457885742
v 0.020702000707387924 0.002899944083765149 -0.008154988288879395
v 0.02130799926817417 0.0033999679144471884 -0.002863943111151457
v 0.02130799926817417 0.0033999679144471884 -0.002863943111151457
v 0.020702000707387924 0.002899944083765149 -0.008154988288879395
v 0.021803969517350197 0.002899944083765149 -0.0029299850575625896
v 0.02130799926817417 0.0033999679144471884 -0.002863943111151457
v 0.021803969517350197 0.002899944083765149 -0.0029299850575625896
v 0.021375000476837158 0.0033999679144471884 0.002318978076800704
v 0.021375000476837158 0.0033999679144471884 0.002318978076800704
v 0.021803969517350197 0.002899944083765149 -0.0029299850575625896
v 0.021871980279684067 0.002899944083765149 0.002372979884967208
v 0.021375000476837158 0.0033999679144471884 0.002318978076800704
v 0.021871980279684067 0.002899944083765149 0.002372979884967208
v 0.020197980105876923 0.0033999679144471884 0.007366954814642668
v 0.020197980105876923 0.0033999679144471884 0.007366954814642668
v 0.021871980279684067 0.002899944083765149 0.002372979884967208
v 0.020667970180511475 0.002899944083765149 0.007537961006164551
v 0.020197980105876923 0.0033999679144471884 0.007366954814642668
v 0.020667970180511475 0.002899944083765149 0.007537961006164551
v 0.017847949638962746 0.0033999679144471884 0.011986969970166683
v 0.017847949638962746 0.0033999679144471884 0.011986969970166683
v 0.020667970180511475 0.002899944083765149 0.007537961006164551
v 0.018263990059494972 0.002899944083765149 0.012264960445463657
v -0.02483898028731346 0.003199994098395109 -0.004363954067230225
v -0.024958960711956024 0.002899944083765149 -0.004088996909558773
v -0.025732990354299545 0.002899944083765149 -0.005548954010009766
v -0.02483898028731346 0.003199994098395109 -0.004363954067230225
v -0.025732990354299545 0.002899944083765149 -0.005548954010009766
v -0.02543794922530651 0.003199994098395109 -0.005493998061865568
v -0.02543794922530651 0.003199994098395109 -0.005493998061865568
v -0.025732990354299545 0.002899944083765149 -0.005548954010009766
v -0.024910980835556984 0.003199994098395109 -0.00620996905490756
v -0.024910980835556984 0.003199994098395109 -0.00620996905490756
v -0.025732990354299545 0.002899944083765149 -0.005548954010009766
v -0.025050990283489227 0.002899944083765149 -0.00647497083991766
v -0.024910980835556984 0.003199994098395109 -0.00620996905490756
v -0.025050990283489227 0.002899944083765149 -0.00647497083991766
v -0.024469969794154167 0.003199994098395109 -0.006328999064862728
v -0.024469969794154167 0.003199994098395109 -0.006328999064862728
v -0.025050990283489227 0.002899944083765149 -0.00647497083991766
v -0.023901989683508873 0.002899944083765149 -0.006519972812384367
v -0.024958960711956024 0.002899944083765149 -0.004088996909558773
v -0.02483898028731346 0.003199994098395109 -0.004363954067230225
v -0.02380996011197567 0.002899944083765149 -0.00413399888202548
v -0.02380996011197567 0.002899944083765149 -0.00413399888202548
v -0.02483898028731346 0.003199994098395109 -0.004363954067230225
v -0.02405500039458275 0.003199994098395109 -0.004350959789007902
v -0.02380996011197567 0.002899944083765149 -0.00413399888202548
v -0.02405500039458275 0.003199994098395109 -0.004350959789007902
v -0.0236049797385931 0.003199994098395109 -0.004696965217590332
v -0.02380996011197567 0.002899944083765149 -0.00413399888202548
v -0.0236049797385931 0.003199994098395109 -0.004696965217590332
v -0.023150980472564697 0.002899944083765149 -0.005648970138281584
v -0.0236049797385931 0.003199994098395109 -0.004696965217590332
v -0.023654989898204803 0.003199994098395109 -0.0059739938005805016
v -0.023150980472564697 0.002899944083765149 -0.005648970138281584
v -0.024469969794154167 0.003199994098395109 -0.006328999064862728
v -0.023901989683508873 0.002899944083765149 -0.006519972812384367
v -0.023654989898204803 0.003199994098395109 -0.0059739938005805016
v -0.023654989898204803 0.003199994098395109 -0.0059739938005805016
v -0.023901989683508873 0.002899944083765149 -0.006519972812384367
v -0.023150980472564697 0.002899944083765149 -0.005648970138281584
v -0.024469969794154167 0.003199994098395109 -0.006328999064862728
v -0.023654989898204803 0.003199994098395109 -0.0059739938005805016
v -0.024021979421377182 0.010399989783763885 -0.00624394416809082
v -0.024021979421377182 0.010399989783763885 -0.00624394416809082
v -0.023654989898204803 0.003199994098395109 -0.0059739938005805016
v -0.023411979898810387 0.010399989783763885 -0.005419969093054533
v -0.023411979898810387 0.010399989783763885 -0.005419969093054533
v -0.023654989898204803 0.003199994098395109 -0.0059739938005805016
v -0.0236049797385931 0.003199994098395109 -0.004696965217590332
v -0.023411979898810387 0.010399989783763885 -0.005419969093054533
v -0.0236049797385931 0.003199994098395109 -0.004696965217590332
v -0.023490959778428078 0.010399989783763885 -0.004895985126495361
v -0.02405500039458275 0.003199994098395109 -0.004350959789007902
v -0.023820990696549416 0.010399989783763885 -0.00447994377464056
v -0.0236049797385931 0.003199994098395109 -0.004696965217590332
v -0.0236049797385931 0.003199994098395109 -0.004696965217590332
v -0.023820990696549416 0.010399989783763885 -0.00447994377464056
v -0.023490959778428078 0.010399989783763885 -0.004895985126495361
v -0.02483898028731346 0.003199994098395109 -0.004363954067230225
v -0.02483898028731346 0.010399989783763885 -0.004363954067230225
v -0.023820990696549416 0.010399989783763885 -0.00447994377464056
v -0.02483898028731346 0.003199994098395109 -0.004363954067230225
v -0.023820990696549416 0.010399989783763885 -0.00447994377464056
v -0.02405500039458275 0.003199994098395109 -0.004350959789007902
v -0.02483898028731346 0.010399989783763885 -0.004363954067230225
v -0.02483898028731346 0.003199994098395109 -0.004363954067230225
v -0.025420960038900375 0.010399989783763885 -0.0050379629246890545
v -0.025420960038900375 0.010399989783763885 -0.0050379629246890545
v -0.02483898028731346 0.003199994098395109 -0.004363954067230225
v -0.02543794922530651 0.003199994098395109 -0.005493998061865568
v -0.025420960038900375 0.010399989783763885 -0.0050379629246890545
v -0.02543794922530651 0.003199994098395109 -0.005493998061865568
v -0.02543794922530651 0.010399989783763885 -0.005493998061865568
v -0.02543794922530651 0.010399989783763885 -0.005493998061865568
v -0.02543794922530651 0.003199994098395109 -0.005493998061865568
v -0.024910980835556984 0.003199994098395109 -0.00620996905490756
v -0.02543794922530651 0.010399989783763885 -0.005493998061865568
v -0.024910980835556984 0.003199994098395109 -0.00620996905490756
v -0.024910980835556984 0.010399989783763885 -0.00620996905490756
v -0.024910980835556984 0.010399989783763885 -0.00620996905490756
v -0.024910980835556984 0.003199994098395109 -0.00620996905490756
v -0.024469969794154167 0.003199994098395109 -0.006328999064862728
v -0.024910980835556984 0.010399989783763885 -0.00620996905490756
v -0.024469969794154167 0.003199994098395109 -0.006328999064862728
v -0.024021979421377182 0.010399989783763885 -0.00624394416809082
v -0.025420960038900375 0.010399989783763885 -0.0050379629246890545
v -0.02543794922530651 0.010399989783763885 -0.005493998061865568
v -0.02443099021911621 0.01101594977080822 -0.0053039779886603355
v -0.02483898028731346 0.010399989783763885 -0.004363954067230225
v -0.025420960038900375 0.010399989783763885 -0.0050379629246890545
v -0.02443099021911621 0.01101594977080822 -0.0053039779886603355
v -0.02443099021911621 0.01101594977080822 -0.0053039779886603355
v -0.024910980835556984 0.010399989783763885 -0.00620996905490756
v -0.024021979421377182 0.010399989783763885 -0.00624394416809082
v -0.02543794922530651 0.010399989783763885 -0.005493998061865568
v -0.024910980835556984 0.010399989783763885 -0.00620996905490756
v -0.02443099021911621 0.01101594977080822 -0.0053039779886603355
v -0.02443099021911621 0.01101594977080822 -0.0053039779886603355
v -0.023411979898810387 0.010399989783763885 -0.005419969093054533
v -0.023490959778428078 0.010399989783763885 -0.004895985126495361
v -0.024021979421377182 0.010399989783763885 -0.00624394416809082
v -0.023411979898810387 0.010399989783763885 -0.005419969093054533
v -0.02443099021911621 0.01101594977080822 -0.0053039779886603355
v -0.02443099021911621 0.01101594977080822 -0.0053039779886603355
v -0.023820990696549416 0.010399989783763885 -0.00447994377464056
v -0.02483898028731346 0.010399989783763885 -0.004363954067230225
v -0.023490959778428078 0.010399989783763885 -0.004895985126495361
v -0.023820990696549416 0.010399989783763885 -0.00447994377464056
v -0.02443099021911621 0.01101594977080822 -0.0053039779886603355
v -0.02506195940077305 0.003199994098395109 0.005363941192626953
v -0.02519696019589901 0.002899944083765149 0.0056319828145205975
v -0.025603950023651123 0.003199994098395109 0.004658997058868408
v -0.025603950023651123 0.003199994098395109 0.004658997058868408
v -0.02519696019589901 0.002899944083765149 0.0056319828145205975
v -0.02589797042310238 0.002899944083765149 0.00472098495811224
v -0.025603950023651123 0.003199994098395109 0.004658997058868408
v -0.02589797042310238 0.002899944083765149 0.00472098495811224
v -0.025390980765223503 0.003199994098395109 0.00379598094150424
v -0.025390980765223503 0.003199994098395109 0.00379598094150424
v -0.02589797042310238 0.002899944083765149 0.00472098495811224
v -0.025086989626288414 0.002899944083765149 0.00321596791036427
v -0.025390980765223503 0.003199994098395109 0.00379598094150424
v -0.025086989626288414 0.002899944083765149 0.00321596791036427
v -0.024582980200648308 0.003199994098395109 0.00342398788779974
v -0.024582980200648308 0.003199994098395109 0.00342398788779974
v -0.025086989626288414 0.002899944083765149 0.00321596791036427
v -0.024072999134659767 0.003199994098395109 0.003569959895685315
v -0.024072999134659767 0.003199994098395109 0.003569959895685315
v -0.025086989626288414 0.002899944083765149 0.00321596791036427
v -0.023441970348358154 0.002899944083765149 0.0038059940561652184
v -0.024072999134659767 0.003199994098395109 0.003569959895685315
v -0.023441970348358154 0.002899944083765149 0.0038059940561652184
v -0.023575959727168083 0.003199994098395109 0.004465997219085693
v -0.023575959727168083 0.003199994098395109 0.004465997219085693
v -0.023441970348358154 0.002899944083765149 0.0038059940561652184
v -0.023464970290660858 0.002899944083765149 0.005130946170538664
v -0.023575959727168083 0.003199994098395109 0.004465997219085693
v -0.023464970290660858 0.002899944083765149 0.005130946170538664
v -0.024103989824652672 0.003199994098395109 0.005344985984265804
v -0.024103989824652672 0.003199994098395109 0.005344985984265804
v -0.023464970290660858 0.002899944083765149 0.005130946170538664
v -0.02519696019589901 0.002899944083765149 0.0056319828145205975
v -0.024103989824652672 0.003199994098395109 0.005344985984265804
v -0.02519696019589901 0.002899944083765149 0.0056319828145205975
v -0.02506195940077305 0.003199994098395109 0.005363941192626953
v -0.025029949843883514 0.010399989783763885 0.003516972064971924
v -0.024582980200648308 0.003199994098395109 0.00342398788779974
v -0.024072999134659767 0.010399989783763885 0.003569959895685315
v -0.024072999134659767 0.010399989783763885 0.003569959895685315
v -0.024582980200648308 0.003199994098395109 0.00342398788779974
v -0.024072999134659767 0.003199994098395109 0.003569959895685315
v -0.024072999134659767 0.010399989783763885 0.003569959895685315
v -0.024072999134659767 0.003199994098395109 0.003569959895685315
v -0.023575959727168083 0.003199994098395109 0.004465997219085693
v -0.024072999134659767 0.010399989783763885 0.003569959895685315
v -0.023575959727168083 0.003199994098395109 0.004465997219085693
v -0.023575959727168083 0.010399989783763885 0.004465997219085693
v -0.023575959727168083 0.010399989783763885 0.004465997219085693
v -0.023575959727168083 0.003199994098395109 0.004465997219085693
v -0.024103989824652672 0.003199994098395109 0.005344985984265804
v -0.023575959727168083 0.010399989783763885 0.004465997219085693
v -0.024103989824652672 0.003199994098395109 0.005344985984265804
v -0.024103989824652672 0.010399989783763885 0.005344985984265804
v -0.02506195940077305 0.003199994098395109 0.005363941192626953
v -0.024103989824652672 0.010399989783763885 0.005344985984265804
v -0.024103989824652672 0.003199994098395109 0.005344985984265804
v -0.024103989824652672 0.010399989783763885 0.005344985984265804
v -0.02506195940077305 0.003199994098395109 0.005363941192626953
v -0.02506195940077305 0.010399989783763885 0.005363941192626953
v -0.02506195940077305 0.010399989783763885 0.005363941192626953
v -0.02506195940077305 0.003199994098395109 0.005363941192626953
v -0.025603950023651123 0.003199994098395109 0.004658997058868408
v -0.02506195940077305 0.010399989783763885 0.005363941192626953
v -0.025603950023651123 0.003199994098395109 0.004658997058868408
v -0.025603950023651123 0.010399989783763885 0.004658997058868408
v -0.025603950023651123 0.010399989783763885 0.004658997058868408
v -0.025603950023651123 0.003199994098395109 0.004658997058868408
v -0.025595959275960922 0.010399989783763885 0.00420296099036932
v -0.025595959275960922 0.010399989783763885 0.00420296099036932
v -0.025603950023651123 0.003199994098395109 0.004658997058868408
v -0.025390980765223503 0.003199994098395109 0.00379598094150424
v -0.025595959275960922 0.010399989783763885 0.00420296099036932
v -0.025390980765223503 0.003199994098395109 0.00379598094150424
v -0.025029949843883514 0.010399989783763885 0.003516972064971924
v -0.024582980200648308 0.003199994098395109 0.00342398788779974
v -0.025029949843883514 0.010399989783763885 0.003516972064971924
v -0.025390980765223503 0.003199994098395109 0.00379598094150424
v -0.024600980803370476 0.01101594977080822 0.004448949825018644
v -0.024103989824652672 0.010399989783763885 0.005344985984265804
v -0.02506195940077305 0.010399989783763885 0.005363941192626953
v -0.024600980803370476 0.01101594977080822 0.004448949825018644
v -0.025603950023651123 0.010399989783763885 0.004658997058868408
v -0.025595959275960922 0.010399989783763885 0.00420296099036932
v -0.02506195940077305 0.010399989783763885 0.005363941192626953
v -0.025603950023651123 0.010399989783763885 0.004658997058868408
v -0.024600980803370476 0.01101594977080822 0.004448949825018644
v -0.025595959275960922 0.010399989783763885 0.00420296099036932
v -0.025029949843883514 0.010399989783763885 0.003516972064971924
v -0.024600980803370476 0.01101594977080822 0.004448949825018644
v -0.024600980803370476 0.01101594977080822 0.004448949825018644
v -0.024072999134659767 0.010399989783763885 0.003569959895685315
v -0.023575959727168083 0.010399989783763885 0.004465997219085693
v -0.025029949843883514 0.010399989783763885 0.003516972064971924
v -0.024072999134659767 0.010399989783763885 0.003569959895685315
v -0.024600980803370476 0.01101594977080822 0.004448949825018644
v -0.023575959727168083 0.010399989783763885 0.004465997219085693
v -0.024103989824652672 0.010399989783763885 0.005344985984265804
v -0.024600980803370476 0.01101594977080822 0.004448949825018644
v -0.02140199951827526 0.003199994098395109 0.012570969760417938
v -0.02092497982084751 0.002899944083765149 0.012202969752252102
v -0.02094798907637596 0.003199994098395109 0.01250195037573576
v -0.02094798907637596 0.003199994098395109 0.01250195037573576
v -0.02092497982084751 0.002899944083765149 0.012202969752252102
v -0.019925950095057487 0.002899944083765149 0.01278495043516159
v -0.02094798907637596 0.003199994098395109 0.01250195037573576
v -0.019925950095057487 0.002899944083765149 0.01278495043516159
v -0.02017498016357422 0.003199994098395109 0.012952979654073715
v -0.02017498016357422 0.003199994098395109 0.012952979654073715
v -0.019925950095057487 0.002899944083765149 0.01278495043516159
v -0.01976495049893856 0.002899944083765149 0.013929960317909718
v -0.02017498016357422 0.003199994098395109 0.012952979654073715
v -0.01976495049893856 0.002899944083765149 0.013929960317909718
v -0.02004997991025448 0.003199994098395109 0.01383799035102129
v -0.02004997991025448 0.003199994098395109 0.01383799035102129
v -0.01976495049893856 0.002899944083765149 0.013929960317909718
v -0.020284950733184814 0.003199994098395109 0.014232990331947803
v -0.020284950733184814 0.003199994098395109 0.014232990331947803
v -0.01976495049893856 0.002899944083765149 0.013929960317909718
v -0.020539989694952965 0.002899944083765149 0.01475697010755539
v -0.020539989694952965 0.002899944083765149 0.01475697010755539
v -0.02108496055006981 0.003199994098395109 0.014547999948263168
v -0.020284950733184814 0.003199994098395109 0.014232990331947803
v -0.022000959143042564 0.002899944083765149 0.01262694038450718
v -0.02092497982084751 0.002899944083765149 0.012202969752252102
v -0.02140199951827526 0.003199994098395109 0.012570969760417938
v -0.02140199951827526 0.003199994098395109 0.012570969760417938
v -0.02200697921216488 0.003199994098395109 0.013228950090706348
v -0.022000959143042564 0.002899944083765149 0.01262694038450718
v -0.022000959143042564 0.002899944083765149 0.01262694038450718
v -0.02200697921216488 0.003199994098395109 0.013228950090706348
v -0.02211195044219494 0.002899944083765149 0.014283950440585613
v -0.02211195044219494 0.002899944083765149 0.014283950440585613
v -0.02200697921216488 0.003199994098395109 0.013228950090706348
v -0.021865960210561752 0.003199994098395109 0.014111990109086037
v -0.021865960210561752 0.003199994098395109 0.014111990109086037
v -0.02108496055006981 0.003199994098395109 0.014547999948263168
v -0.02211195044219494 0.002899944083765149 0.014283950440585613
v -0.02211195044219494 0.002899944083765149 0.014283950440585613
v -0.02108496055006981 0.003199994098395109 0.014547999948263168
v -0.020539989694952965 0.002899944083765149 0.01475697010755539
v -0.020284950733184814 0.003199994098395109 0.014232990331947803
v -0.02108496055006981 0.003199994098395109 0.014547999948263168
v -0.02064996026456356 0.010399989783763885 0.014477959834039211
v -0.02064996026456356 0.010399989783763885 0.014477959834039211
v -0.02108496055006981 0.003199994098395109 0.014547999948263168
v -0.021663960069417953 0.010399989783763885 0.014326980337500572
v -0.021663960069417953 0.010399989783763885 0.014326980337500572
v -0.02108496055006981 0.003199994098395109 0.014547999948263168
v -0.021865960210561752 0.003199994098395109 0.014111990109086037
v -0.021663960069417953 0.010399989783763885 0.014326980337500572
v -0.021865960210561752 0.003199994098395109 0.014111990109086037
v -0.021979980170726776 0.010399989783763885 0.01389998011291027
v -0.021865960210561752 0.003199994098395109 0.014111990109086037
v -0.02200697921216488 0.003199994098395109 0.013228950090706348
v -0.021979980170726776 0.010399989783763885 0.01389998011291027
v -0.021979980170726776 0.010399989783763885 0.01389998011291027
v -0.02200697921216488 0.003199994098395109 0.013228950090706348
v -0.02203994058072567 0.010399989783763885 0.013372950255870819
v -0.02140199951827526 0.003199994098395109 0.012570969760417938
v -0.02140199951827526 0.010399989783763885 0.012570969760417938
v -0.02203994058072567 0.010399989783763885 0.013372950255870819
v -0.02140199951827526 0.003199994098395109 0.012570969760417938
v -0.02203994058072567 0.010399989783763885 0.013372950255870819
v -0.02200697921216488 0.003199994098395109 0.013228950090706348
v -0.02140199951827526 0.010399989783763885 0.012570969760417938
v -0.02140199951827526 0.003199994098395109 0.012570969760417938
v -0.02094798907637596 0.003199994098395109 0.01250195037573576
v -0.02140199951827526 0.010399989783763885 0.012570969760417938
v -0.02094798907637596 0.003199994098395109 0.01250195037573576
v -0.020179979503154755 0.010399989783763885 0.012945950031280518
v -0.020179979503154755 0.010399989783763885 0.012945950031280518
v -0.02094798907637596 0.003199994098395109 0.01250195037573576
v -0.02017498016357422 0.003199994098395109 0.012952979654073715
v -0.020179979503154755 0.010399989783763885 0.012945950031280518
v -0.02017498016357422 0.003199994098395109 0.012952979654073715
v -0.020045990124344826 0.010399989783763885 0.013824990019202232
v -0.020045990124344826 0.010399989783763885 0.013824990019202232
v -0.02017498016357422 0.003199994098395109 0.012952979654073715
v -0.02004997991025448 0.003199994098395109 0.01383799035102129
v -0.020045990124344826 0.010399989783763885 0.013824990019202232
v -0.02004997991025448 0.003199994098395109 0.01383799035102129
v -0.020284950733184814 0.003199994098395109 0.014232990331947803
v -0.020045990124344826 0.010399989783763885 0.013824990019202232
v -0.020284950733184814 0.003199994098395109 0.014232990331947803
v -0.02064996026456356 0.010399989783763885 0.014477959834039211
v -0.021025950089097023 0.01101594977080822 0.013523990288376808
v -0.020179979503154755 0.010399989783763885 0.012945950031280518
v -0.020045990124344826 0.010399989783763885 0.013824990019202232
v -0.02140199951827526 0.010399989783763885 0.012570969760417938
v -0.020179979503154755 0.010399989783763885 0.012945950031280518
v -0.021025950089097023 0.01101594977080822 0.013523990288376808
v -0.020045990124344826 0.010399989783763885 0.013824990019202232
v -0.02064996026456356 0.010399989783763885 0.014477959834039211
v -0.021025950089097023 0.01101594977080822 0.013523990288376808
v -0.021025950089097023 0.01101594977080822 0.013523990288376808
v -0.021663960069417953 0.010399989783763885 0.014326980337500572
v -0.021979980170726776 0.010399989783763885 0.01389998011291027
v -0.02064996026456356 0.010399989783763885 0.014477959834039211
v -0.021663960069417953 0.010399989783763885 0.014326980337500572
v -0.021025950089097023 0.01101594977080822 0.013523990288376808
v -0.021025950089097023 0.01101594977080822 0.013523990288376808
v -0.02203994058072567 0.010399989783763885 0.013372950255870819
v -0.02140199951827526 0.010399989783763885 0.012570969760417938
v -0.021979980170726776 0.010399989783763885 0.01389998011291027
v -0.02203994058072567 0.010399989783763885 0.013372950255870819
v -0.021025950089097023 0.01101594977080822 0.013523990288376808
v -0.01328795962035656 0.003199994098395109 0.020896969363093376
v -0.013229959644377232 0.003199994098395109 0.02044397033751011
v -0.01300697959959507 0.002899944083765149 0.021000979468226433
v -0.01300697959959507 0.002899944083765149 0.021000979468226433
v -0.013229959644377232 0.003199994098395109 0.02044397033751011
v -0.013116000220179558 0.002899944083765149 0.01985597051680088
v -0.013116000220179558 0.002899944083765149 0.01985597051680088
v -0.013229959644377232 0.003199994098395109 0.02044397033751011
v -0.014116999693214893 0.003199994098395109 0.019524989649653435
v -0.013116000220179558 0.002899944083765149 0.01985597051680088
v -0.014116999693214893 0.003199994098395109 0.019524989649653435
v -0.01466596033424139 0.002899944083765149 0.0192829892039299
v -0.014625960029661655 0.003199994098395109 0.01958698034286499
v -0.01466596033424139 0.002899944083765149 0.0192829892039299
v -0.014116999693214893 0.003199994098395109 0.019524989649653435
v -0.01328795962035656 0.003199994098395109 0.020896969363093376
v -0.01300697959959507 0.002899944083765149 0.021000979468226433
v -0.01438200008124113 0.003199994098395109 0.02155797928571701
v -0.01438200008124113 0.003199994098395109 0.02155797928571701
v -0.01300697959959507 0.002899944083765149 0.021000979468226433
v -0.014420979656279087 0.002899944083765149 0.021854989230632782
v -0.01438200008124113 0.003199994098395109 0.02155797928571701
v -0.014420979656279087 0.002899944083765149 0.021854989230632782
v -0.015127000398933887 0.003199994098395109 0.021070949733257294
v -0.015127000398933887 0.003199994098395109 0.021070949733257294
v -0.014420979656279087 0.002899944083765149 0.021854989230632782
v -0.015383950434625149 0.002899944083765149 0.021225979551672935
v -0.015127000398933887 0.003199994098395109 0.021070949733257294
v -0.015383950434625149 0.002899944083765149 0.021225979551672935
v -0.015210979618132114 0.003199994098395109 0.020185939967632294
v -0.015210979618132114 0.003199994098395109 0.020185939967632294
v -0.015383950434625149 0.002899944083765149 0.021225979551672935
v -0.015492970123887062 0.002899944083765149 0.020081989467144012
v -0.015210979618132114 0.003199994098395109 0.020185939967632294
v -0.015492970123887062 0.002899944083765149 0.020081989467144012
v -0.014625960029661655 0.003199994098395109 0.01958698034286499
v -0.014625960029661655 0.003199994098395109 0.01958698034286499
v -0.015492970123887062 0.002899944083765149 0.020081989467144012
v -0.01466596033424139 0.002899944083765149 0.0192829892039299
v -0.014625960029661655 0.003199994098395109 0.01958698034286499
v -0.014961949549615383 0.010399989783763885 0.019804000854492188
v -0.015210979618132114 0.003199994098395109 0.020185939967632294
v -0.015210979618132114 0.003199994098395109 0.020185939967632294
v -0.014961949549615383 0.010399989783763885 0.019804000854492188
v -0.0152699900791049 0.010399989783763885 0.020637979730963707
v -0.015210979618132114 0.003199994098395109 0.020185939967632294
v -0.0152699900791049 0.010399989783763885 0.020637979730963707
v -0.015127000398933887 0.003199994098395109 0.021070949733257294
v -0.015127000398933887 0.003199994098395109 0.021070949733257294
v -0.0152699900791049 0.010399989783763885 0.020637979730963707
v -0.015127000398933887 0.010399989783763885 0.021070949733257294
v -0.015127000398933887 0.003199994098395109 0.021070949733257294
v -0.015127000398933887 0.010399989783763885 0.021070949733257294
v -0.01438200008124113 0.010399989783763885 0.02155797928571701
v -0.015127000398933887 0.003199994098395109 0.021070949733257294
v -0.01438200008124113 0.010399989783763885 0.02155797928571701
v -0.01438200008124113 0.003199994098395109 0.02155797928571701
v -0.01438200008124113 0.003199994098395109 0.02155797928571701
v -0.01438200008124113 0.010399989783763885 0.02155797928571701
v -0.013538000173866749 0.010399989783763885 0.021277960389852524
v -0.01438200008124113 0.003199994098395109 0.02155797928571701
v -0.013538000173866749 0.010399989783763885 0.021277960389852524
v -0.01328795962035656 0.003199994098395109 0.020896969363093376
v -0.014961949549615383 0.010399989783763885 0.019804000854492188
v -0.014625960029661655 0.003199994098395109 0.01958698034286499
v -0.014497989788651466 0.010399989783763885 0.019546980038285255
v -0.014497989788651466 0.010399989783763885 0.019546980038285255
v -0.014625960029661655 0.003199994098395109 0.01958698034286499
v -0.014116999693214893 0.003199994098395109 0.019524989649653435
v -0.014497989788651466 0.010399989783763885 0.019546980038285255
v -0.014116999693214893 0.003199994098395109 0.019524989649653435
v -0.013512959703803062 0.010399989783763885 0.01982896961271763
v -0.014116999693214893 0.003199994098395109 0.019524989649653435
v -0.013229959644377232 0.003199994098395109 0.02044397033751011
v -0.013512959703803062 0.010399989783763885 0.01982896961271763
v -0.013512959703803062 0.010399989783763885 0.01982896961271763
v -0.013229959644377232 0.003199994098395109 0.02044397033751011
v -0.013255000114440918 0.010399989783763885 0.020292989909648895
v -0.013255000114440918 0.010399989783763885 0.020292989909648895
v -0.013229959644377232 0.003199994098395109 0.02044397033751011
v -0.01326495036482811 0.010399989783763885 0.020823949947953224
v -0.01328795962035656 0.003199994098395109 0.020896969363093376
v -0.013538000173866749 0.010399989783763885 0.021277960389852524
v -0.01326495036482811 0.010399989783763885 0.020823949947953224
v -0.01328795962035656 0.003199994098395109 0.020896969363093376
v -0.01326495036482811 0.010399989783763885 0.020823949947953224
v -0.013229959644377232 0.003199994098395109 0.02044397033751011
v -0.014497989788651466 0.010399989783763885 0.019546980038285255
v -0.013512959703803062 0.010399989783763885 0.01982896961271763
v -0.014249980449676514 0.01101594977080822 0.020540950819849968
v -0.014961949549615383 0.010399989783763885 0.019804000854492188
v -0.014497989788651466 0.010399989783763885 0.019546980038285255
v -0.014249980449676514 0.01101594977080822 0.020540950819849968
v -0.014249980449676514 0.01101594977080822 0.020540950819849968
v -0.01326495036482811 0.010399989783763885 0.020823949947953224
v -0.013538000173866749 0.010399989783763885 0.021277960389852524
v -0.013255000114440918 0.010399989783763885 0.020292989909648895
v -0.01326495036482811 0.010399989783763885 0.020823949947953224
v -0.014249980449676514 0.01101594977080822 0.020540950819849968
v -0.013512959703803062 0.010399989783763885 0.01982896961271763
v -0.013255000114440918 0.010399989783763885 0.020292989909648895
v -0.014249980449676514 0.01101594977080822 0.020540950819849968
v -0.014249980449676514 0.01101594977080822 0.020540950819849968
v -0.01438200008124113 0.010399989783763885 0.02155797928571701
v -0.015127000398933887 0.010399989783763885 0.021070949733257294
v -0.013538000173866749 0.010399989783763885 0.021277960389852524
v -0.01438200008124113 0.010399989783763885 0.02155797928571701
v -0.014249980449676514 0.01101594977080822 0.020540950819849968
v -0.014249980449676514 0.01101594977080822 0.020540950819849968
v -0.0152699900791049 0.010399989783763885 0.020637979730963707
v -0.014961949549615383 0.010399989783763885 0.019804000854492188
v -0.015127000398933887 0.010399989783763885 0.021070949733257294
v -0.0152699900791049 0.010399989783763885 0.020637979730963707
v -0.014249980449676514 0.01101594977080822 0.020540950819849968
v -0.004363954067230225 0.003199994098395109 0.02483898028731346
v -0.004438995849341154 0.002899944083765149 0.025433950126171112
v -0.0050379629246890545 0.003199994098395109 0.025420960038900375
v -0.0050379629246890545 0.003199994098395109 0.025420960038900375
v -0.004438995849341154 0.002899944083765149 0.025433950126171112
v -0.005548954010009766 0.002899944083765149 0.025732990354299545
v -0.0050379629246890545 0.003199994098395109 0.025420960038900375
v -0.005548954010009766 0.002899944083765149 0.025732990354299545
v -0.005911945831030607 0.003199994098395109 0.025255970656871796
v -0.005911945831030607 0.003199994098395109 0.025255970656871796
v -0.005548954010009766 0.002899944083765149 0.025732990354299545
v -0.00647497083991766 0.002899944083765149 0.025050990283489227
v -0.005911945831030607 0.003199994098395109 0.025255970656871796
v -0.00647497083991766 0.002899944083765149 0.025050990283489227
v -0.006328999064862728 0.003199994098395109 0.024469969794154167
v -0.006328999064862728 0.003199994098395109 0.024469969794154167
v -0.00647497083991766 0.002899944083765149 0.025050990283489227
v -0.006519972812384367 0.002899944083765149 0.023901989683508873
v -0.006328999064862728 0.003199994098395109 0.024469969794154167
v -0.006519972812384367 0.002899944083765149 0.023901989683508873
v -0.005913971923291683 0.003199994098395109 0.023606950417160988
v -0.005913971923291683 0.003199994098395109 0.023606950417160988
v -0.006519972812384367 0.002899944083765149 0.023901989683508873
v -0.005453944206237793 0.002899944083765149 0.023113960400223732
v -0.005913971923291683 0.003199994098395109 0.023606950417160988
v -0.005453944206237793 0.002899944083765149 0.023113960400223732
v -0.004895985126495361 0.003199994098395109 0.023490959778428078
v -0.004895985126495361 0.003199994098395109 0.023490959778428078
v -0.005453944206237793 0.002899944083765149 0.023113960400223732
v -0.0042389631271362305 0.002899944083765149 0.023642949759960175
v -0.004895985126495361 0.003199994098395109 0.023490959778428078
v -0.0042389631271362305 0.002899944083765149 0.023642949759960175
v -0.004285991191864014 0.003199994098395109 0.024314990267157555
v -0.004285991191864014 0.003199994098395109 0.024314990267157555
v -0.0042389631271362305 0.002899944083765149 0.023642949759960175
v -0.004363954067230225 0.003199994098395109 0.02483898028731346
v -0.004363954067230225 0.003199994098395109 0.02483898028731346
v -0.0042389631271362305 0.002899944083765149 0.023642949759960175
v -0.004438995849341154 0.002899944083765149 0.025433950126171112
v -0.00624394416809082 0.010399989783763885 0.024021979421377182
v -0.005913971923291683 0.003199994098395109 0.023606950417160988
v -0.005419969093054533 0.010399989783763885 0.023411979898810387
v -0.005419969093054533 0.010399989783763885 0.023411979898810387
v -0.005913971923291683 0.003199994098395109 0.023606950417160988
v -0.004895985126495361 0.003199994098395109 0.023490959778428078
v -0.005419969093054533 0.010399989783763885 0.023411979898810387
v -0.004895985126495361 0.003199994098395109 0.023490959778428078
v -0.00447994377464056 0.010399989783763885 0.023820990696549416
v -0.00447994377464056 0.010399989783763885 0.023820990696549416
v -0.004895985126495361 0.003199994098395109 0.023490959778428078
v -0.004285991191864014 0.003199994098395109 0.024314990267157555
v -0.00447994377464056 0.010399989783763885 0.023820990696549416
v -0.004285991191864014 0.003199994098395109 0.024314990267157555
v -0.004285991191864014 0.010399989783763885 0.024314990267157555
v -0.004285991191864014 0.010399989783763885 0.024314990267157555
v -0.004285991191864014 0.003199994098395109 0.024314990267157555
v -0.004363954067230225 0.003199994098395109 0.02483898028731346
v -0.0046349759213626385 0.010399989783763885 0.025206979364156723
v -0.004285991191864014 0.010399989783763885 0.024314990267157555
v -0.004363954067230225 0.003199994098395109 0.02483898028731346
v -0.004363954067230225 0.003199994098395109 0.02483898028731346
v -0.0050379629246890545 0.003199994098395109 0.025420960038900375
v -0.0046349759213626385 0.010399989783763885 0.025206979364156723
v -0.0046349759213626385 0.010399989783763885 0.025206979364156723
v -0.0050379629246890545 0.003199994098395109 0.025420960038900375
v -0.005493998061865568 0.010399989783763885 0.02543794922530651
v -0.005493998061865568 0.010399989783763885 0.02543794922530651
v -0.0050379629246890545 0.003199994098395109 0.025420960038900375
v -0.005911945831030607 0.003199994098395109 0.025255970656871796
v -0.005493998061865568 0.010399989783763885 0.02543794922530651
v -0.005911945831030607 0.003199994098395109 0.025255970656871796
v -0.00620996905490756 0.010399989783763885 0.024910980835556984
v -0.00620996905490756 0.010399989783763885 0.024910980835556984
v -0.005911945831030607 0.003199994098395109 0.025255970656871796
v -0.006328999064862728 0.003199994098395109 0.024469969794154167
v -0.00620996905490756 0.010399989783763885 0.024910980835556984
v -0.006328999064862728 0.003199994098395109 0.024469969794154167
v -0.00624394416809082 0.010399989783763885 0.024021979421377182
v -0.00624394416809082 0.010399989783763885 0.024021979421377182
v -0.006328999064862728 0.003199994098395109 0.024469969794154167
v -0.005913971923291683 0.003199994098395109 0.023606950417160988
v -0.0053039779886603355 0.01101594977080822 0.02443099021911621
v -0.004285991191864014 0.010399989783763885 0.024314990267157555
v -0.0046349759213626385 0.010399989783763885 0.025206979364156723
v -0.0046349759213626385 0.010399989783763885 0.025206979364156723
v -0.005493998061865568 0.010399989783763885 0.02543794922530651
v -0.0053039779886603355 0.01101594977080822 0.02443099021911621
v -0.0053039779886603355 0.01101594977080822 0.02443099021911621
v -0.00620996905490756 0.010399989783763885 0.024910980835556984
v -0.00624394416809082 0.010399989783763885 0.024021979421377182
v -0.005493998061865568 0.010399989783763885 0.02543794922530651
v -0.00620996905490756 0.010399989783763885 0.024910980835556984
v -0.0053039779886603355 0.01101594977080822 0.02443099021911621
v -0.00624394416809082 0.010399989783763885 0.024021979421377182
v -0.005419969093054533 0.010399989783763885 0.023411979898810387
v -0.0053039779886603355 0.01101594977080822 0.02443099021911621
v -0.00447994377464056 0.010399989783763885 0.023820990696549416
v -0.004285991191864014 0.010399989783763885 0.024314990267157555
v -0.0053039779886603355 0.01101594977080822 0.02443099021911621
v -0.005419969093054533 0.010399989783763885 0.023411979898810387
v -0.00447994377464056 0.010399989783763885 0.023820990696549416
v -0.0053039779886603355 0.01101594977080822 0.02443099021911621
v 0.005472958087921143 0.003199994098395109 0.024618979543447495
v 0.0056319828145205975 0.002899944083765149 0.02519696019589901
v 0.00507396413013339 0.003199994098395109 0.025412969291210175
v 0.00507396413013339 0.003199994098395109 0.025412969291210175
v 0.0056319828145205975 0.002899944083765149 0.02519696019589901
v 0.00472098495811224 0.002899944083765149 0.02589797042310238
v 0.00507396413013339 0.003199994098395109 0.025412969291210175
v 0.00472098495811224 0.002899944083765149 0.02589797042310238
v 0.004658997058868408 0.003199994098395109 0.025603950023651123
v 0.004658997058868408 0.003199994098395109 0.025603950023651123
v 0.00472098495811224 0.002899944083765149 0.02589797042310238
v 0.00379598094150424 0.003199994098395109 0.025390980765223503
v 0.00379598094150424 0.003199994098395109 0.025390980765223503
v 0.00472098495811224 0.002899944083765149 0.02589797042310238
v 0.0032449960708618164 0.002899944083765149 0.02515494078397751
v 0.00379598094150424 0.003199994098395109 0.025390980765223503
v 0.0032449960708618164 0.002899944083765149 0.02515494078397751
v 0.00342398788779974 0.003199994098395109 0.024582980200648308
v 0.00342398788779974 0.003199994098395109 0.024582980200648308
v 0.0032449960708618164 0.002899944083765149 0.02515494078397751
v 0.003266989951953292 0.002899944083765149 0.0240019503980875
v 0.00511199189350009 0.003199994098395109 0.023819979280233383
v 0.0056319828145205975 0.002899944083765149 0.02519696019589901
v 0.005472958087921143 0.003199994098395109 0.024618979543447495
v 0.00511199189350009 0.003199994098395109 0.023819979280233383
v 0.004465997219085693 0.003199994098395109 0.023575959727168083
v 0.004186986945569515 0.002899944083765149 0.023301949724555016
v 0.004186986945569515 0.002899944083765149 0.023301949724555016
v 0.004465997219085693 0.003199994098395109 0.023575959727168083
v 0.003533958923071623 0.003199994098395109 0.024137970060110092
v 0.004186986945569515 0.002899944083765149 0.023301949724555016
v 0.003533958923071623 0.003199994098395109 0.024137970060110092
v 0.003266989951953292 0.002899944083765149 0.0240019503980875
v 0.00342398788779974 0.003199994098395109 0.024582980200648308
v 0.003266989951953292 0.002899944083765149 0.0240019503980875
v 0.003533958923071623 0.003199994098395109 0.024137970060110092
v 0.00342398788779974 0.003199994098395109 0.024582980200648308
v 0.003533958923071623 0.003199994098395109 0.024137970060110092
v 0.00342398788779974 0.010399989783763885 0.024582980200648308
v 0.00342398788779974 0.010399989783763885 0.024582980200648308
v 0.003533958923071623 0.003199994098395109 0.024137970060110092
v 0.003569959895685315 0.010399989783763885 0.024072999134659767
v 0.003569959895685315 0.010399989783763885 0.024072999134659767
v 0.003533958923071623 0.003199994098395109 0.024137970060110092
v 0.00395196583122015 0.010399989783763885 0.023705000057816505
v 0.004465997219085693 0.003199994098395109 0.023575959727168083
v 0.00395196583122015 0.010399989783763885 0.023705000057816505
v 0.003533958923071623 0.003199994098395109 0.024137970060110092
v 0.00395196583122015 0.010399989783763885 0.023705000057816505
v 0.004465997219085693 0.003199994098395109 0.023575959727168083
v 0.004976986907422543 0.010399989783763885 0.02372198924422264
v 0.004465997219085693 0.003199994098395109 0.023575959727168083
v 0.00511199189350009 0.003199994098395109 0.023819979280233383
v 0.004976986907422543 0.010399989783763885 0.02372198924422264
v 0.005472958087921143 0.003199994098395109 0.024618979543447495
v 0.005472958087921143 0.010399989783763885 0.024618979543447495
v 0.004976986907422543 0.010399989783763885 0.02372198924422264
v 0.005472958087921143 0.003199994098395109 0.024618979543447495
v 0.004976986907422543 0.010399989783763885 0.02372198924422264
v 0.00511199189350009 0.003199994098395109 0.023819979280233383
v 0.005472958087921143 0.010399989783763885 0.024618979543447495
v 0.005472958087921143 0.003199994098395109 0.024618979543447495
v 0.00507396413013339 0.003199994098395109 0.025412969291210175
v 0.005472958087921143 0.010399989783763885 0.024618979543447495
v 0.00507396413013339 0.003199994098395109 0.025412969291210175
v 0.00507396413013339 0.010399989783763885 0.025412969291210175
v 0.00507396413013339 0.010399989783763885 0.025412969291210175
v 0.00507396413013339 0.003199994098395109 0.025412969291210175
v 0.004658997058868408 0.003199994098395109 0.025603950023651123
v 0.00507396413013339 0.010399989783763885 0.025412969291210175
v 0.004658997058868408 0.003199994098395109 0.025603950023651123
v 0.00420296099036932 0.010399989783763885 0.025595959275960922
v 0.00420296099036932 0.010399989783763885 0.025595959275960922
v 0.004658997058868408 0.003199994098395109 0.025603950023651123
v 0.00379598094150424 0.003199994098395109 0.025390980765223503
v 0.00420296099036932 0.010399989783763885 0.025595959275960922
v 0.00379598094150424 0.003199994098395109 0.025390980765223503
v 0.00342398788779974 0.010399989783763885 0.024582980200648308
v 0.00342398788779974 0.010399989783763885 0.024582980200648308
v 0.00379598094150424 0.003199994098395109 0.025390980765223503
v 0.00342398788779974 0.003199994098395109 0.024582980200648308
v 0.004448949825018644 0.01101594977080822 0.024600980803370476
v 0.00507396413013339 0.010399989783763885 0.025412969291210175
v 0.00420296099036932 0.010399989783763885 0.025595959275960922
v 0.005472958087921143 0.010399989783763885 0.024618979543447495
v 0.00507396413013339 0.010399989783763885 0.025412969291210175
v 0.004448949825018644 0.01101594977080822 0.024600980803370476
v 0.00420296099036932 0.010399989783763885 0.025595959275960922
v 0.00342398788779974 0.010399989783763885 0.024582980200648308
v 0.004448949825018644 0.01101594977080822 0.024600980803370476
v 0.003569959895685315 0.010399989783763885 0.024072999134659767
v 0.00395196583122015 0.010399989783763885 0.023705000057816505
v 0.004448949825018644 0.01101594977080822 0.024600980803370476
v 0.00342398788779974 0.010399989783763885 0.024582980200648308
v 0.003569959895685315 0.010399989783763885 0.024072999134659767
v 0.004448949825018644 0.01101594977080822 0.024600980803370476
v 0.004448949825018644 0.01101594977080822 0.024600980803370476
v 0.004976986907422543 0.010399989783763885 0.02372198924422264
v 0.005472958087921143 0.010399989783763885 0.024618979543447495
v 0.00395196583122015 0.010399989783763885 0.023705000057816505
v 0.004976986907422543 0.010399989783763885 0.02372198924422264
v 0.004448949825018644 0.01101594977080822 0.024600980803370476
v 0.014546990394592285 0.003199994098395109 0.02110099047422409
v 0.01475697010755539 0.002899944083765149 0.020539989694952965
v 0.014412989839911461 0.003199994098395109 0.021537000313401222
v 0.014412989839911461 0.003199994098395109 0.021537000313401222
v 0.01475697010755539 0.002899944083765149 0.020539989694952965
v 0.01427196990698576 0.002899944083765149 0.02211998961865902
v 0.014412989839911461 0.003199994098395109 0.021537000313401222
v 0.01427196990698576 0.002899944083765149 0.02211998961865902
v 0.013677950017154217 0.003199994098395109 0.022038990631699562
v 0.013677950017154217 0.003199994098395109 0.022038990631699562
v 0.01427196990698576 0.002899944083765149 0.02211998961865902
v 0.013134949840605259 0.002899944083765149 0.0222929697483778
v 0.013677950017154217 0.003199994098395109 0.022038990631699562
v 0.013134949840605259 0.002899944083765149 0.0222929697483778
v 0.012827989645302296 0.003199994098395109 0.021777980029582977
v 0.012827989645302296 0.003199994098395109 0.021777980029582977
v 0.013134949840605259 0.002899944083765149 0.0222929697483778
v 0.012570969760417938 0.003199994098395109 0.02140199951827526
v 0.012570969760417938 0.003199994098395109 0.02140199951827526
v 0.013134949840605259 0.002899944083765149 0.0222929697483778
v 0.012202969752252102 0.002899944083765149 0.020928969606757164
v 0.014546990394592285 0.003199994098395109 0.02110099047422409
v 0.014220950193703175 0.003199994098395109 0.020273979753255844
v 0.01475697010755539 0.002899944083765149 0.020539989694952965
v 0.01475697010755539 0.002899944083765149 0.020539989694952965
v 0.014220950193703175 0.003199994098395109 0.020273979753255844
v 0.013912970200181007 0.002899944083765149 0.01975899003446102
v 0.013912970200181007 0.002899944083765149 0.01975899003446102
v 0.014220950193703175 0.003199994098395109 0.020273979753255844
v 0.01336997002363205 0.003199994098395109 0.02001296915113926
v 0.013912970200181007 0.002899944083765149 0.01975899003446102
v 0.01336997002363205 0.003199994098395109 0.02001296915113926
v 0.01277696993201971 0.002899944083765149 0.019931970164179802
v 0.01277696993201971 0.002899944083765149 0.019931970164179802
v 0.01336997002363205 0.003199994098395109 0.02001296915113926
v 0.012635939754545689 0.003199994098395109 0.0205149594694376
v 0.01277696993201971 0.002899944083765149 0.019931970164179802
v 0.012635939754545689 0.003199994098395109 0.0205149594694376
v 0.012202969752252102 0.002899944083765149 0.020928969606757164
v 0.012570969760417938 0.003199994098395109 0.02140199951827526
v 0.012202969752252102 0.002899944083765149 0.020928969606757164
v 0.012635939754545689 0.003199994098395109 0.0205149594694376
v 0.012570969760417938 0.010399989783763885 0.02140199951827526
v 0.012570969760417938 0.003199994098395109 0.02140199951827526
v 0.012721950188279152 0.010399989783763885 0.020387940108776093
v 0.012721950188279152 0.010399989783763885 0.020387940108776093
v 0.012570969760417938 0.003199994098395109 0.02140199951827526
v 0.012635939754545689 0.003199994098395109 0.0205149594694376
v 0.012721950188279152 0.010399989783763885 0.020387940108776093
v 0.012635939754545689 0.003199994098395109 0.0205149594694376
v 0.0131489597260952 0.010399989783763885 0.020071979612112045
v 0.012635939754545689 0.003199994098395109 0.0205149594694376
v 0.01336997002363205 0.003199994098395109 0.02001296915113926
v 0.0131489597260952 0.010399989783763885 0.020071979612112045
v 0.01336997002363205 0.003199994098395109 0.02001296915113926
v 0.014220950193703175 0.003199994098395109 0.020273979753255844
v 0.0131489597260952 0.010399989783763885 0.020071979612112045
v 0.0131489597260952 0.010399989783763885 0.020071979612112045
v 0.014220950193703175 0.003199994098395109 0.020273979753255844
v 0.014162000268697739 0.010399989783763885 0.020223969593644142
v 0.014546990394592285 0.003199994098395109 0.02110099047422409
v 0.014162000268697739 0.010399989783763885 0.020223969593644142
v 0.014220950193703175 0.003199994098395109 0.020273979753255844
v 0.014162000268697739 0.010399989783763885 0.020223969593644142
v 0.014546990394592285 0.003199994098395109 0.02110099047422409
v 0.014546990394592285 0.010399989783763885 0.02110099047422409
v 0.014546990394592285 0.010399989783763885 0.02110099047422409
v 0.014546990394592285 0.003199994098395109 0.02110099047422409
v 0.014412989839911461 0.003199994098395109 0.021537000313401222
v 0.014546990394592285 0.010399989783763885 0.02110099047422409
v 0.014412989839911461 0.003199994098395109 0.021537000313401222
v 0.014102989807724953 0.010399989783763885 0.021871980279684067
v 0.014102989807724953 0.010399989783763885 0.021871980279684067
v 0.014412989839911461 0.003199994098395109 0.021537000313401222
v 0.013677950017154217 0.003199994098395109 0.022038990631699562
v 0.014102989807724953 0.010399989783763885 0.021871980279684067
v 0.013677950017154217 0.003199994098395109 0.022038990631699562
v 0.01322298962622881 0.010399989783763885 0.022005969658493996
v 0.01322298962622881 0.010399989783763885 0.022005969658493996
v 0.013677950017154217 0.003199994098395109 0.022038990631699562
v 0.012827989645302296 0.003199994098395109 0.021777980029582977
v 0.01322298962622881 0.010399989783763885 0.022005969658493996
v 0.012827989645302296 0.003199994098395109 0.021777980029582977
v 0.012570969760417938 0.010399989783763885 0.02140199951827526
v 0.012570969760417938 0.010399989783763885 0.02140199951827526
v 0.012827989645302296 0.003199994098395109 0.021777980029582977
v 0.012570969760417938 0.003199994098395109 0.02140199951827526
v 0.013523990288376808 0.01101594977080822 0.021025950089097023
v 0.014162000268697739 0.010399989783763885 0.020223969593644142
v 0.014546990394592285 0.010399989783763885 0.02110099047422409
v 0.013523990288376808 0.01101594977080822 0.021025950089097023
v 0.014102989807724953 0.010399989783763885 0.021871980279684067
v 0.01322298962622881 0.010399989783763885 0.022005969658493996
v 0.014546990394592285 0.010399989783763885 0.02110099047422409
v 0.014102989807724953 0.010399989783763885 0.021871980279684067
v 0.013523990288376808 0.01101594977080822 0.021025950089097023
v 0.01322298962622881 0.010399989783763885 0.022005969658493996
v 0.012570969760417938 0.010399989783763885 0.02140199951827526
v 0.013523990288376808 0.01101594977080822 0.021025950089097023
v 0.013523990288376808 0.01101594977080822 0.021025950089097023
v 0.012721950188279152 0.010399989783763885 0.020387940108776093
v 0.0131489597260952 0.010399989783763885 0.020071979612112045
v 0.012570969760417938 0.010399989783763885 0.02140199951827526
v 0.012721950188279152 0.010399989783763885 0.020387940108776093
v 0.013523990288376808 0.01101594977080822 0.021025950089097023
v 0.0131489597260952 0.010399989783763885 0.020071979612112045
v 0.014162000268697739 0.010399989783763885 0.020223969593644142
v 0.013523990288376808 0.01101594977080822 0.021025950089097023
v 0.021513989195227623 0.003199994098395109 0.013927989639341831
v 0.02149396948516369 0.002899944083765149 0.013328960165381432
v 0.02165096066892147 0.002899944083765149 0.014973989687860012
v 0.021513989195227623 0.003199994098395109 0.013927989639341831
v 0.02165096066892147 0.002899944083765149 0.014973989687860012
v 0.021398959681391716 0.003199994098395109 0.014809959568083286
v 0.021398959681391716 0.003199994098395109 0.014809959568083286
v 0.02165096066892147 0.002899944083765149 0.014973989687860012
v 0.020637979730963707 0.003199994098395109 0.0152699900791049
v 0.020637979730963707 0.003199994098395109 0.0152699900791049
v 0.02165096066892147 0.002899944083765149 0.014973989687860012
v 0.020666949450969696 0.002899944083765149 0.015568969771265984
v 0.020637979730963707 0.003199994098395109 0.0152699900791049
v 0.020666949450969696 0.002899944083765149 0.015568969771265984
v 0.019804000854492188 0.003199994098395109 0.014961949549615383
v 0.019804000854492188 0.003199994098395109 0.014961949549615383
v 0.020666949450969696 0.002899944083765149 0.015568969771265984
v 0.0192829892039299 0.002899944083765149 0.01466596033424139
v 0.021513989195227623 0.003199994098395109 0.013927989639341831
v 0.020896969363093376 0.003199994098395109 0.01328795962035656
v 0.02149396948516369 0.002899944083765149 0.013328960165381432
v 0.02149396948516369 0.002899944083765149 0.013328960165381432
v 0.020896969363093376 0.003199994098395109 0.01328795962035656
v 0.020415959879755974 0.002899944083765149 0.012930979952216148
v 0.020415959879755974 0.002899944083765149 0.012930979952216148
v 0.020896969363093376 0.003199994098395109 0.01328795962035656
v 0.02016597054898739 0.003199994098395109 0.01329594012349844
v 0.020415959879755974 0.002899944083765149 0.012930979952216148
v 0.02016597054898739 0.003199994098395109 0.01329594012349844
v 0.019431939348578453 0.002899944083765149 0.01352596003562212
v 0.02016597054898739 0.003199994098395109 0.01329594012349844
v 0.019682999700307846 0.003199994098395109 0.013689990155398846
v 0.019431939348578453 0.002899944083765149 0.01352596003562212
v 0.019682999700307846 0.003199994098395109 0.013689990155398846
v 0.019567960873246193 0.003199994098395109 0.0145719600841403
v 0.019431939348578453 0.002899944083765149 0.01352596003562212
v 0.019431939348578453 0.002899944083765149 0.01352596003562212
v 0.019567960873246193 0.003199994098395109 0.0145719600841403
v 0.0192829892039299 0.002899944083765149 0.01466596033424139
v 0.019804000854492188 0.003199994098395109 0.014961949549615383
v 0.0192829892039299 0.002899944083765149 0.01466596033424139
v 0.019567960873246193 0.003199994098395109 0.0145719600841403
v 0.019804000854492188 0.003199994098395109 0.014961949549615383
v 0.019567960873246193 0.003199994098395109 0.0145719600841403
v 0.019804000854492188 0.010399989783763885 0.014961949549615383
v 0.019804000854492188 0.010399989783763885 0.014961949549615383
v 0.019567960873246193 0.003199994098395109 0.0145719600841403
v 0.01955598033964634 0.010399989783763885 0.013966970145702362
v 0.01955598033964634 0.010399989783763885 0.013966970145702362
v 0.019567960873246193 0.003199994098395109 0.0145719600841403
v 0.019682999700307846 0.003199994098395109 0.013689990155398846
v 0.01955598033964634 0.010399989783763885 0.013966970145702362
v 0.019682999700307846 0.003199994098395109 0.013689990155398846
v 0.01982896961271763 0.010399989783763885 0.013512959703803062
v 0.02016597054898739 0.003199994098395109 0.01329594012349844
v 0.020292989909648895 0.010399989783763885 0.013255000114440918
v 0.01982896961271763 0.010399989783763885 0.013512959703803062
v 0.02016597054898739 0.003199994098395109 0.01329594012349844
v 0.01982896961271763 0.010399989783763885 0.013512959703803062
v 0.019682999700307846 0.003199994098395109 0.013689990155398846
v 0.021513989195227623 0.003199994098395109 0.013927989639341831
v 0.021277960389852524 0.010399989783763885 0.013538000173866749
v 0.020896969363093376 0.003199994098395109 0.01328795962035656
v 0.020896969363093376 0.003199994098395109 0.01328795962035656
v 0.021277960389852524 0.010399989783763885 0.013538000173866749
v 0.020292989909648895 0.010399989783763885 0.013255000114440918
v 0.020896969363093376 0.003199994098395109 0.01328795962035656
v 0.020292989909648895 0.010399989783763885 0.013255000114440918
v 0.02016597054898739 0.003199994098395109 0.01329594012349844
v 0.021277960389852524 0.010399989783763885 0.013538000173866749
v 0.021513989195227623 0.003199994098395109 0.013927989639341831
v 0.02155797928571701 0.010399989783763885 0.01438200008124113
v 0.02155797928571701 0.010399989783763885 0.01438200008124113
v 0.021513989195227623 0.003199994098395109 0.013927989639341831
v 0.021398959681391716 0.003199994098395109 0.014809959568083286
v 0.02155797928571701 0.010399989783763885 0.01438200008124113
v 0.021398959681391716 0.003199994098395109 0.014809959568083286
v 0.021070949733257294 0.010399989783763885 0.015127000398933887
v 0.021398959681391716 0.003199994098395109 0.014809959568083286
v 0.020637979730963707 0.003199994098395109 0.0152699900791049
v 0.021070949733257294 0.010399989783763885 0.015127000398933887
v 0.021070949733257294 0.010399989783763885 0.015127000398933887
v 0.020637979730963707 0.003199994098395109 0.0152699900791049
v 0.020637979730963707 0.010399989783763885 0.0152699900791049
v 0.020637979730963707 0.010399989783763885 0.0152699900791049
v 0.020637979730963707 0.003199994098395109 0.0152699900791049
v 0.019804000854492188 0.003199994098395109 0.014961949549615383
v 0.020637979730963707 0.010399989783763885 0.0152699900791049
v 0.019804000854492188 0.003199994098395109 0.014961949549615383
v 0.019804000854492188 0.010399989783763885 0.014961949549615383
v 0.020540950819849968 0.01101594977080822 0.014249980449676514
v 0.02155797928571701 0.010399989783763885 0.01438200008124113
v 0.021070949733257294 0.010399989783763885 0.015127000398933887
v 0.021277960389852524 0.010399989783763885 0.013538000173866749
v 0.02155797928571701 0.010399989783763885 0.01438200008124113
v 0.020540950819849968 0.01101594977080822 0.014249980449676514
v 0.020540950819849968 0.01101594977080822 0.014249980449676514
v 0.020637979730963707 0.010399989783763885 0.0152699900791049
v 0.019804000854492188 0.010399989783763885 0.014961949549615383
v 0.021070949733257294 0.010399989783763885 0.015127000398933887
v 0.020637979730963707 0.010399989783763885 0.0152699900791049
v 0.020540950819849968 0.01101594977080822 0.014249980449676514
v 0.020540950819849968 0.01101594977080822 0.014249980449676514
v 0.01955598033964634 0.010399989783763885 0.013966970145702362
v 0.01982896961271763 0.010399989783763885 0.013512959703803062
v 0.019804000854492188 0.010399989783763885 0.014961949549615383
v 0.01955598033964634 0.010399989783763885 0.013966970145702362
v 0.020540950819849968 0.01101594977080822 0.014249980449676514
v 0.020540950819849968 0.01101594977080822 0.014249980449676514
v 0.020292989909648895 0.010399989783763885 0.013255000114440918
v 0.021277960389852524 0.010399989783763885 0.013538000173866749
v 0.01982896961271763 0.010399989783763885 0.013512959703803062
v 0.020292989909648895 0.010399989783763885 0.013255000114440918
v 0.020540950819849968 0.01101594977080822 0.014249980449676514
v 0.02483898028731346 0.003199994098395109 0.004363954067230225
v 0.024958960711956024 0.002899944083765149 0.004088996909558773
v 0.025420960038900375 0.003199994098395109 0.0050379629246890545
v 0.025420960038900375 0.003199994098395109 0.0050379629246890545
v 0.024958960711956024 0.002899944083765149 0.004088996909558773
v 0.025709979236125946 0.002899944083765149 0.0049600000493228436
v 0.025420960038900375 0.003199994098395109 0.0050379629246890545
v 0.025709979236125946 0.002899944083765149 0.0049600000493228436
v 0.02543794922530651 0.003199994098395109 0.005493998061865568
v 0.02543794922530651 0.003199994098395109 0.005493998061865568
v 0.025709979236125946 0.002899944083765149 0.0049600000493228436
v 0.02549796923995018 0.002899944083765149 0.006089984904974699
v 0.02543794922530651 0.003199994098395109 0.005493998061865568
v 0.02549796923995018 0.002899944083765149 0.006089984904974699
v 0.024910980835556984 0.003199994098395109 0.00620996905490756
v 0.024910980835556984 0.003199994098395109 0.00620996905490756
v 0.02549796923995018 0.002899944083765149 0.006089984904974699
v 0.024469969794154167 0.003199994098395109 0.006328999064862728
v 0.024469969794154167 0.003199994098395109 0.006328999064862728
v 0.02549796923995018 0.002899944083765149 0.006089984904974699
v 0.02448195032775402 0.002899944083765149 0.0066279759630560875
v 0.024469969794154167 0.003199994098395109 0.006328999064862728
v 0.02448195032775402 0.002899944083765149 0.0066279759630560875
v 0.02342795953154564 0.002899944083765149 0.006169973872601986
v 0.024958960711956024 0.002899944083765149 0.004088996909558773
v 0.02483898028731346 0.003199994098395109 0.004363954067230225
v 0.02380996011197567 0.002899944083765149 0.00413399888202548
v 0.02380996011197567 0.002899944083765149 0.00413399888202548
v 0.02483898028731346 0.003199994098395109 0.004363954067230225
v 0.02405500039458275 0.003199994098395109 0.004350959789007902
v 0.02380996011197567 0.002899944083765149 0.00413399888202548
v 0.02405500039458275 0.003199994098395109 0.004350959789007902
v 0.0236049797385931 0.003199994098395109 0.004696965217590332
v 0.02380996011197567 0.002899944083765149 0.00413399888202548
v 0.0236049797385931 0.003199994098395109 0.004696965217590332
v 0.02342795953154564 0.002899944083765149 0.006169973872601986
v 0.0236049797385931 0.003199994098395109 0.004696965217590332
v 0.023654989898204803 0.003199994098395109 0.0059739938005805016
v 0.02342795953154564 0.002899944083765149 0.006169973872601986
v 0.024469969794154167 0.003199994098395109 0.006328999064862728
v 0.02342795953154564 0.002899944083765149 0.006169973872601986
v 0.023654989898204803 0.003199994098395109 0.0059739938005805016
v 0.024469969794154167 0.003199994098395109 0.006328999064862728
v 0.023654989898204803 0.003199994098395109 0.0059739938005805016
v 0.024021979421377182 0.010399989783763885 0.00624394416809082
v 0.024021979421377182 0.010399989783763885 0.00624394416809082
v 0.023654989898204803 0.003199994098395109 0.0059739938005805016
v 0.023411979898810387 0.010399989783763885 0.005419969093054533
v 0.023411979898810387 0.010399989783763885 0.005419969093054533
v 0.023654989898204803 0.003199994098395109 0.0059739938005805016
v 0.0236049797385931 0.003199994098395109 0.004696965217590332
v 0.023411979898810387 0.010399989783763885 0.005419969093054533
v 0.0236049797385931 0.003199994098395109 0.004696965217590332
v 0.023490959778428078 0.010399989783763885 0.004895985126495361
v 0.023490959778428078 0.010399989783763885 0.004895985126495361
v 0.0236049797385931 0.003199994098395109 0.004696965217590332
v 0.023820990696549416 0.010399989783763885 0.00447994377464056
v 0.02405500039458275 0.003199994098395109 0.004350959789007902
v 0.023820990696549416 0.010399989783763885 0.00447994377464056
v 0.0236049797385931 0.003199994098395109 0.004696965217590332
v 0.02483898028731346 0.003199994098395109 0.004363954067230225
v 0.02483898028731346 0.010399989783763885 0.004363954067230225
v 0.023820990696549416 0.010399989783763885 0.00447994377464056
v 0.02483898028731346 0.003199994098395109 0.004363954067230225
v 0.023820990696549416 0.010399989783763885 0.00447994377464056
v 0.02405500039458275 0.003199994098395109 0.004350959789007902
v 0.02483898028731346 0.010399989783763885 0.004363954067230225
v 0.02483898028731346 0.003199994098395109 0.004363954067230225
v 0.025420960038900375 0.003199994098395109 0.0050379629246890545
v 0.02483898028731346 0.010399989783763885 0.004363954067230225
v 0.025420960038900375 0.003199994098395109 0.0050379629246890545
v 0.025420960038900375 0.010399989783763885 0.0050379629246890545
v 0.025420960038900375 0.010399989783763885 0.0050379629246890545
v 0.025420960038900375 0.003199994098395109 0.0050379629246890545
v 0.02543794922530651 0.010399989783763885 0.005493998061865568
v 0.02543794922530651 0.010399989783763885 0.005493998061865568
v 0.025420960038900375 0.003199994098395109 0.0050379629246890545
v 0.02543794922530651 0.003199994098395109 0.005493998061865568
v 0.02543794922530651 0.010399989783763885 0.005493998061865568
v 0.02543794922530651 0.003199994098395109 0.005493998061865568
v 0.024910980835556984 0.003199994098395109 0.00620996905490756
v 0.02543794922530651 0.010399989783763885 0.005493998061865568
v 0.024910980835556984 0.003199994098395109 0.00620996905490756
v 0.024910980835556984 0.010399989783763885 0.00620996905490756
v 0.024910980835556984 0.010399989783763885 0.00620996905490756
v 0.024910980835556984 0.003199994098395109 0.00620996905490756
v 0.024469969794154167 0.003199994098395109 0.006328999064862728
v 0.024910980835556984 0.010399989783763885 0.00620996905490756
v 0.024469969794154167 0.003199994098395109 0.006328999064862728
v 0.024021979421377182 0.010399989783763885 0.00624394416809082
v 0.025420960038900375 0.010399989783763885 0.0050379629246890545
v 0.02543794922530651 0.010399989783763885 0.005493998061865568
v 0.02443099021911621 0.01101594977080822 0.0053039779886603355
v 0.02483898028731346 0.010399989783763885 0.004363954067230225
v 0.025420960038900375 0.010399989783763885 0.0050379629246890545
v 0.02443099021911621 0.01101594977080822 0.0053039779886603355
v 0.02443099021911621 0.01101594977080822 0.0053039779886603355
v 0.024910980835556984 0.010399989783763885 0.00620996905490756
v 0.024021979421377182 0.010399989783763885 0.00624394416809082
v 0.02543794922530651 0.010399989783763885 0.005493998061865568
v 0.024910980835556984 0.010399989783763885 0.00620996905490756
v 0.02443099021911621 0.01101594977080822 0.0053039779886603355
v 0.02443099021911621 0.01101594977080822 0.0053039779886603355
v 0.023411979898810387 0.010399989783763885 0.005419969093054533
v 0.023490959778428078 0.010399989783763885 0.004895985126495361
v 0.024021979421377182 0.010399989783763885 0.00624394416809082
v 0.023411979898810387 0.010399989783763885 0.005419969093054533
v 0.02443099021911621 0.01101594977080822 0.0053039779886603355
v 0.02443099021911621 0.01101594977080822 0.0053039779886603355
v 0.023820990696549416 0.010399989783763885 0.00447994377464056
v 0.02483898028731346 0.010399989783763885 0.004363954067230225
v 0.023490959778428078 0.010399989783763885 0.004895985126495361
v 0.023820990696549416 0.010399989783763885 0.00447994377464056
v 0.02443099021911621 0.01101594977080822 0.0053039779886603355
v 0.024618979543447495 0.003199994098395109 -0.005472958087921143
v 0.02519696019589901 0.002899944083765149 -0.0056319828145205975
v 0.025412969291210175 0.003199994098395109 -0.00507396413013339
v 0.025412969291210175 0.003199994098395109 -0.00507396413013339
v 0.02519696019589901 0.002899944083765149 -0.0056319828145205975
v 0.02589797042310238 0.002899944083765149 -0.00472098495811224
v 0.025412969291210175 0.003199994098395109 -0.00507396413013339
v 0.02589797042310238 0.002899944083765149 -0.00472098495811224
v 0.025595959275960922 0.003199994098395109 -0.00420296099036932
v 0.025595959275960922 0.003199994098395109 -0.00420296099036932
v 0.02589797042310238 0.002899944083765149 -0.00472098495811224
v 0.02562195062637329 0.002899944083765149 -0.003604948054999113
v 0.025595959275960922 0.003199994098395109 -0.00420296099036932
v 0.02562195062637329 0.002899944083765149 -0.003604948054999113
v 0.024976959452033043 0.003199994098395109 -0.00349497701972723
v 0.024976959452033043 0.003199994098395109 -0.00349497701972723
v 0.02562195062637329 0.002899944083765149 -0.003604948054999113
v 0.0240019503980875 0.002899944083765149 -0.003266989951953292
v 0.02519696019589901 0.002899944083765149 -0.0056319828145205975
v 0.024618979543447495 0.003199994098395109 -0.005472958087921143
v 0.02359098009765148 0.002899944083765149 -0.005305944941937923
v 0.024618979543447495 0.003199994098395109 -0.005472958087921143
v 0.023819979280233383 0.003199994098395109 -0.00511199189350009
v 0.02359098009765148 0.002899944083765149 -0.005305944941937923
v 0.02359098009765148 0.002899944083765149 -0.005305944941937923
v 0.023819979280233383 0.003199994098395109 -0.00511199189350009
v 0.023301949724555016 0.002899944083765149 -0.004186986945569515
v 0.023819979280233383 0.003199994098395109 -0.00511199189350009
v 0.023595979437232018 0.003199994098395109 -0.004245996009558439
v 0.023301949724555016 0.002899944083765149 -0.004186986945569515
v 0.023595979437232018 0.003199994098395109 -0.004245996009558439
v 0.024137970060110092 0.003199994098395109 -0.003533958923071623
v 0.023301949724555016 0.002899944083765149 -0.004186986945569515
v 0.023301949724555016 0.002899944083765149 -0.004186986945569515
v 0.024137970060110092 0.003199994098395109 -0.003533958923071623
v 0.0240019503980875 0.002899944083765149 -0.003266989951953292
v 0.024976959452033043 0.003199994098395109 -0.00349497701972723
v 0.0240019503980875 0.002899944083765149 -0.003266989951953292
v 0.024137970060110092 0.003199994098395109 -0.003533958923071623
v 0.024976959452033043 0.003199994098395109 -0.00349497701972723
v 0.024137970060110092 0.003199994098395109 -0.003533958923071623
v 0.024582980200648308 0.010399989783763885 -0.00342398788779974
v 0.024582980200648308 0.010399989783763885 -0.00342398788779974
v 0.024137970060110092 0.003199994098395109 -0.003533958923071623
v 0.023705000057816505 0.010399989783763885 -0.00395196583122015
v 0.023705000057816505 0.010399989783763885 -0.00395196583122015
v 0.024137970060110092 0.003199994098395109 -0.003533958923071623
v 0.023595979437232018 0.003199994098395109 -0.004245996009558439
v 0.023705000057816505 0.010399989783763885 -0.00395196583122015
v 0.023595979437232018 0.003199994098395109 -0.004245996009558439
v 0.023575959727168083 0.010399989783763885 -0.004465997219085693
v 0.023575959727168083 0.010399989783763885 -0.004465997219085693
v 0.023595979437232018 0.003199994098395109 -0.004245996009558439
v 0.023819979280233383 0.003199994098395109 -0.00511199189350009
v 0.024618979543447495 0.003199994098395109 -0.005472958087921143
v 0.024103989824652672 0.010399989783763885 -0.005344985984265804
v 0.023819979280233383 0.003199994098395109 -0.00511199189350009
v 0.023819979280233383 0.003199994098395109 -0.00511199189350009
v 0.024103989824652672 0.010399989783763885 -0.005344985984265804
v 0.023575959727168083 0.010399989783763885 -0.004465997219085693
v 0.024103989824652672 0.010399989783763885 -0.005344985984265804
v 0.024618979543447495 0.003199994098395109 -0.005472958087921143
v 0.02506195940077305 0.010399989783763885 -0.005363941192626953
v 0.02506195940077305 0.010399989783763885 -0.005363941192626953
v 0.024618979543447495 0.003199994098395109 -0.005472958087921143
v 0.025412969291210175 0.003199994098395109 -0.00507396413013339
v 0.02506195940077305 0.010399989783763885 -0.005363941192626953
v 0.025412969291210175 0.003199994098395109 -0.00507396413013339
v 0.025603950023651123 0.010399989783763885 -0.004658997058868408
v 0.025603950023651123 0.010399989783763885 -0.004658997058868408
v 0.025412969291210175 0.003199994098395109 -0.00507396413013339
v 0.025595959275960922 0.003199994098395109 -0.00420296099036932
v 0.025603950023651123 0.010399989783763885 -0.004658997058868408
v 0.025595959275960922 0.003199994098395109 -0.00420296099036932
v 0.025595959275960922 0.010399989783763885 -0.00420296099036932
v 0.025595959275960922 0.010399989783763885 -0.00420296099036932
v 0.025595959275960922 0.003199994098395109 -0.00420296099036932
v 0.024976959452033043 0.003199994098395109 -0.00349497701972723
v 0.025595959275960922 0.010399989783763885 -0.00420296099036932
v 0.024976959452033043 0.003199994098395109 -0.00349497701972723
v 0.024582980200648308 0.010399989783763885 -0.00342398788779974
v 0.024600980803370476 0.01101594977080822 -0.004448949825018644
v 0.024103989824652672 0.010399989783763885 -0.005344985984265804
v 0.02506195940077305 0.010399989783763885 -0.005363941192626953
v 0.024600980803370476 0.01101594977080822 -0.004448949825018644
v 0.025603950023651123 0.010399989783763885 -0.004658997058868408
v 0.025595959275960922 0.010399989783763885 -0.00420296099036932
v 0.02506195940077305 0.010399989783763885 -0.005363941192626953
v 0.025603950023651123 0.010399989783763885 -0.004658997058868408
v 0.024600980803370476 0.01101594977080822 -0.004448949825018644
v 0.025595959275960922 0.010399989783763885 -0.00420296099036932
v 0.024582980200648308 0.010399989783763885 -0.00342398788779974
v 0.024600980803370476 0.01101594977080822 -0.004448949825018644
v 0.024600980803370476 0.01101594977080822 -0.004448949825018644
v 0.023705000057816505 0.010399989783763885 -0.00395196583122015
v 0.023575959727168083 0.010399989783763885 -0.004465997219085693
v 0.024582980200648308 0.010399989783763885 -0.00342398788779974
v 0.023705000057816505 0.010399989783763885 -0.00395196583122015
v 0.024600980803370476 0.01101594977080822 -0.004448949825018644
v 0.023575959727168083 0.010399989783763885 -0.004465997219085693
v 0.024103989824652672 0.010399989783763885 -0.005344985984265804
v 0.024600980803370476 0.01101594977080822 -0.004448949825018644
v 0.02095096930861473 0.003199994098395109 -0.01250195037573576
v 0.021777980029582977 0.003199994098395109 -0.012827989645302296
v 0.0222929697483778 0.002899944083765149 -0.013134949840605259
v 0.0222929697483778 0.002899944083765149 -0.013134949840605259
v 0.021777980029582977 0.003199994098395109 -0.012827989645302296
v 0.022038990631699562 0.003199994098395109 -0.013677950017154217
v 0.0222929697483778 0.002899944083765149 -0.013134949840605259
v 0.022038990631699562 0.003199994098395109 -0.013677950017154217
v 0.02211998961865902 0.002899944083765149 -0.01427196990698576
v 0.022038990631699562 0.003199994098395109 -0.013677950017154217
v 0.02110099047422409 0.003199994098395109 -0.014546990394592285
v 0.02211998961865902 0.002899944083765149 -0.01427196990698576
v 0.02211998961865902 0.002899944083765149 -0.01427196990698576
v 0.02110099047422409 0.003199994098395109 -0.014546990394592285
v 0.020539989694952965 0.002899944083765149 -0.01475697010755539
v 0.020273979753255844 0.003199994098395109 -0.014220950193703175
v 0.020539989694952965 0.002899944083765149 -0.01475697010755539
v 0.02110099047422409 0.003199994098395109 -0.014546990394592285
v 0.02095096930861473 0.003199994098395109 -0.01250195037573576
v 0.020364990457892418 0.002899944083765149 -0.012375949881970882
v 0.0205149594694376 0.003199994098395109 -0.012635939754545689
v 0.0205149594694376 0.003199994098395109 -0.012635939754545689
v 0.020364990457892418 0.002899944083765149 -0.012375949881970882
v 0.02001296915113926 0.003199994098395109 -0.01336997002363205
v 0.02001296915113926 0.003199994098395109 -0.01336997002363205
v 0.020364990457892418 0.002899944083765149 -0.012375949881970882
v 0.01975899003446102 0.002899944083765149 -0.013912970200181007
v 0.02001296915113926 0.003199994098395109 -0.01336997002363205
v 0.01975899003446102 0.002899944083765149 -0.013912970200181007
v 0.020273979753255844 0.003199994098395109 -0.014220950193703175
v 0.020273979753255844 0.003199994098395109 -0.014220950193703175
v 0.01975899003446102 0.002899944083765149 -0.013912970200181007
v 0.020539989694952965 0.002899944083765149 -0.01475697010755539
v 0.02182799018919468 0.010399989783763885 -0.012885980308055878
v 0.02095096930861473 0.003199994098395109 -0.01250195037573576
v 0.02095096930861473 0.010399989783763885 -0.01250195037573576
v 0.02095096930861473 0.010399989783763885 -0.01250195037573576
v 0.02095096930861473 0.003199994098395109 -0.01250195037573576
v 0.0205149594694376 0.003199994098395109 -0.012635939754545689
v 0.02095096930861473 0.010399989783763885 -0.01250195037573576
v 0.0205149594694376 0.003199994098395109 -0.012635939754545689
v 0.020179979503154755 0.010399989783763885 -0.012945950031280518
v 0.020179979503154755 0.010399989783763885 -0.012945950031280518
v 0.0205149594694376 0.003199994098395109 -0.012635939754545689
v 0.02001296915113926 0.003199994098395109 -0.01336997002363205
v 0.020179979503154755 0.010399989783763885 -0.012945950031280518
v 0.02001296915113926 0.003199994098395109 -0.01336997002363205
v 0.020045990124344826 0.010399989783763885 -0.013824990019202232
v 0.020045990124344826 0.010399989783763885 -0.013824990019202232
v 0.02001296915113926 0.003199994098395109 -0.01336997002363205
v 0.020273979753255844 0.003199994098395109 -0.014220950193703175
v 0.020045990124344826 0.010399989783763885 -0.013824990019202232
v 0.020273979753255844 0.003199994098395109 -0.014220950193703175
v 0.02064996026456356 0.010399989783763885 -0.014477959834039211
v 0.020273979753255844 0.003199994098395109 -0.014220950193703175
v 0.02110099047422409 0.003199994098395109 -0.014546990394592285
v 0.02064996026456356 0.010399989783763885 -0.014477959834039211
v 0.02064996026456356 0.010399989783763885 -0.014477959834039211
v 0.02110099047422409 0.003199994098395109 -0.014546990394592285
v 0.021663960069417953 0.010399989783763885 -0.014326980337500572
v 0.021663960069417953 0.010399989783763885 -0.014326980337500572
v 0.02110099047422409 0.003199994098395109 -0.014546990394592285
v 0.022038990631699562 0.003199994098395109 -0.013677950017154217
v 0.021663960069417953 0.010399989783763885 -0.014326980337500572
v 0.022038990631699562 0.003199994098395109 -0.013677950017154217
v 0.021979980170726776 0.010399989783763885 -0.01389998011291027
v 0.022038990631699562 0.003199994098395109 -0.013677950017154217
v 0.021777980029582977 0.003199994098395109 -0.012827989645302296
v 0.021979980170726776 0.010399989783763885 -0.01389998011291027
v 0.021979980170726776 0.010399989783763885 -0.01389998011291027
v 0.021777980029582977 0.003199994098395109 -0.012827989645302296
v 0.02182799018919468 0.010399989783763885 -0.012885980308055878
v 0.02095096930861473 0.003199994098395109 -0.01250195037573576
v 0.02182799018919468 0.010399989783763885 -0.012885980308055878
v 0.021777980029582977 0.003199994098395109 -0.012827989645302296
v 0.021025950089097023 0.01101594977080822 -0.013523990288376808
v 0.021663960069417953 0.010399989783763885 -0.014326980337500572
v 0.021979980170726776 0.010399989783763885 -0.01389998011291027
v 0.02064996026456356 0.010399989783763885 -0.014477959834039211
v 0.021663960069417953 0.010399989783763885 -0.014326980337500572
v 0.021025950089097023 0.01101594977080822 -0.013523990288376808
v 0.021979980170726776 0.010399989783763885 -0.01389998011291027
v 0.02182799018919468 0.010399989783763885 -0.012885980308055878
v 0.021025950089097023 0.01101594977080822 -0.013523990288376808
v 0.021025950089097023 0.01101594977080822 -0.013523990288376808
v 0.02182799018919468 0.010399989783763885 -0.012885980308055878
v 0.02095096930861473 0.010399989783763885 -0.01250195037573576
v 0.02095096930861473 0.010399989783763885 -0.01250195037573576
v 0.020179979503154755 0.010399989783763885 -0.012945950031280518
v 0.021025950089097023 0.01101594977080822 -0.013523990288376808
v 0.021025950089097023 0.01101594977080822 -0.013523990288376808
v 0.020045990124344826 0.010399989783763885 -0.013824990019202232
v 0.02064996026456356 0.010399989783763885 -0.014477959834039211
v 0.020179979503154755 0.010399989783763885 -0.012945950031280518
v 0.020045990124344826 0.010399989783763885 -0.013824990019202232
v 0.021025950089097023 0.01101594977080822 -0.013523990288376808
v 0.013927989639341831 0.003199994098395109 -0.021513989195227623
v 0.01300697959959507 0.002899944083765149 -0.021000979468226433
v 0.014420979656279087 0.002899944083765149 -0.021854989230632782
v 0.013927989639341831 0.003199994098395109 -0.021513989195227623
v 0.014420979656279087 0.002899944083765149 -0.021854989230632782
v 0.01438200008124113 0.003199994098395109 -0.02155797928571701
v 0.01438200008124113 0.003199994098395109 -0.02155797928571701
v 0.014420979656279087 0.002899944083765149 -0.021854989230632782
v 0.015127000398933887 0.003199994098395109 -0.021070949733257294
v 0.015127000398933887 0.003199994098395109 -0.021070949733257294
v 0.014420979656279087 0.002899944083765149 -0.021854989230632782
v 0.015568969771265984 0.002899944083765149 -0.020666949450969696
v 0.015127000398933887 0.003199994098395109 -0.021070949733257294
v 0.015568969771265984 0.002899944083765149 -0.020666949450969696
v 0.015210979618132114 0.003199994098395109 -0.020185939967632294
v 0.015210979618132114 0.003199994098395109 -0.020185939967632294
v 0.015568969771265984 0.002899944083765149 -0.020666949450969696
v 0.01466596033424139 0.002899944083765149 -0.0192829892039299
v 0.013927989639341831 0.003199994098395109 -0.021513989195227623
v 0.01328795962035656 0.003199994098395109 -0.020896969363093376
v 0.01300697959959507 0.002899944083765149 -0.021000979468226433
v 0.01328795962035656 0.003199994098395109 -0.020896969363093376
v 0.013229959644377232 0.003199994098395109 -0.02044397033751011
v 0.01300697959959507 0.002899944083765149 -0.021000979468226433
v 0.01300697959959507 0.002899944083765149 -0.021000979468226433
v 0.013229959644377232 0.003199994098395109 -0.02044397033751011
v 0.01352596003562212 0.002899944083765149 -0.019431939348578453
v 0.01352596003562212 0.002899944083765149 -0.019431939348578453
v 0.013229959644377232 0.003199994098395109 -0.02044397033751011
v 0.014116999693214893 0.003199994098395109 -0.019524989649653435
v 0.01352596003562212 0.002899944083765149 -0.019431939348578453
v 0.014116999693214893 0.003199994098395109 -0.019524989649653435
v 0.01466596033424139 0.002899944083765149 -0.0192829892039299
v 0.015210979618132114 0.003199994098395109 -0.020185939967632294
v 0.01466596033424139 0.002899944083765149 -0.0192829892039299
v 0.014625960029661655 0.003199994098395109 -0.01958698034286499
v 0.014625960029661655 0.003199994098395109 -0.01958698034286499
v 0.01466596033424139 0.002899944083765149 -0.0192829892039299
v 0.014116999693214893 0.003199994098395109 -0.019524989649653435
v 0.014625960029661655 0.003199994098395109 -0.01958698034286499
v 0.014497989788651466 0.010399989783763885 -0.019546980038285255
v 0.014961949549615383 0.010399989783763885 -0.019804000854492188
v 0.014625960029661655 0.003199994098395109 -0.01958698034286499
v 0.014961949549615383 0.010399989783763885 -0.019804000854492188
v 0.015210979618132114 0.003199994098395109 -0.020185939967632294
v 0.014497989788651466 0.010399989783763885 -0.019546980038285255
v 0.014625960029661655 0.003199994098395109 -0.01958698034286499
v 0.014116999693214893 0.003199994098395109 -0.019524989649653435
v 0.014497989788651466 0.010399989783763885 -0.019546980038285255
v 0.014116999693214893 0.003199994098395109 -0.019524989649653435
v 0.013512959703803062 0.010399989783763885 -0.01982896961271763
v 0.014116999693214893 0.003199994098395109 -0.019524989649653435
v 0.013229959644377232 0.003199994098395109 -0.02044397033751011
v 0.013512959703803062 0.010399989783763885 -0.01982896961271763
v 0.013512959703803062 0.010399989783763885 -0.01982896961271763
v 0.013229959644377232 0.003199994098395109 -0.02044397033751011
v 0.013255000114440918 0.010399989783763885 -0.020292989909648895
v 0.013255000114440918 0.010399989783763885 -0.020292989909648895
v 0.013229959644377232 0.003199994098395109 -0.02044397033751011
v 0.01326495036482811 0.010399989783763885 -0.020823949947953224
v 0.013927989639341831 0.003199994098395109 -0.021513989195227623
v 0.013538000173866749 0.010399989783763885 -0.021277960389852524
v 0.01328795962035656 0.003199994098395109 -0.020896969363093376
v 0.01328795962035656 0.003199994098395109 -0.020896969363093376
v 0.013538000173866749 0.010399989783763885 -0.021277960389852524
v 0.01326495036482811 0.010399989783763885 -0.020823949947953224
v 0.01328795962035656 0.003199994098395109 -0.020896969363093376
v 0.01326495036482811 0.010399989783763885 -0.020823949947953224
v 0.013229959644377232 0.003199994098395109 -0.02044397033751011
v 0.015210979618132114 0.003199994098395109 -0.020185939967632294
v 0.014961949549615383 0.010399989783763885 -0.019804000854492188
v 0.0152699900791049 0.010399989783763885 -0.020637979730963707
v 0.015210979618132114 0.003199994098395109 -0.020185939967632294
v 0.0152699900791049 0.010399989783763885 -0.020637979730963707
v 0.015127000398933887 0.003199994098395109 -0.021070949733257294
v 0.015127000398933887 0.003199994098395109 -0.021070949733257294
v 0.0152699900791049 0.010399989783763885 -0.020637979730963707
v 0.015127000398933887 0.010399989783763885 -0.021070949733257294
v 0.015127000398933887 0.003199994098395109 -0.021070949733257294
v 0.015127000398933887 0.010399989783763885 -0.021070949733257294
v 0.01438200008124113 0.010399989783763885 -0.02155797928571701
v 0.015127000398933887 0.003199994098395109 -0.021070949733257294
v 0.01438200008124113 0.010399989783763885 -0.02155797928571701
v 0.01438200008124113 0.003199994098395109 -0.02155797928571701
v 0.01438200008124113 0.003199994098395109 -0.02155797928571701
v 0.01438200008124113 0.010399989783763885 -0.02155797928571701
v 0.013927989639341831 0.003199994098395109 -0.021513989195227623
v 0.013927989639341831 0.003199994098395109 -0.021513989195227623
v 0.01438200008124113 0.010399989783763885 -0.02155797928571701
v 0.013538000173866749 0.010399989783763885 -0.021277960389852524
v 0.014249980449676514 0.01101594977080822 -0.020540950819849968
v 0.01438200008124113 0.010399989783763885 -0.02155797928571701
v 0.015127000398933887 0.010399989783763885 -0.021070949733257294
v 0.013538000173866749 0.010399989783763885 -0.021277960389852524
v 0.01438200008124113 0.010399989783763885 -0.02155797928571701
v 0.014249980449676514 0.01101594977080822 -0.020540950819849968
v 0.014249980449676514 0.01101594977080822 -0.020540950819849968
v 0.0152699900791049 0.010399989783763885 -0.020637979730963707
v 0.014961949549615383 0.010399989783763885 -0.019804000854492188
v 0.015127000398933887 0.010399989783763885 -0.021070949733257294
v 0.0152699900791049 0.010399989783763885 -0.020637979730963707
v 0.014249980449676514 0.01101594977080822 -0.020540950819849968
v 0.014497989788651466 0.010399989783763885 -0.019546980038285255
v 0.013512959703803062 0.010399989783763885 -0.01982896961271763
v 0.014249980449676514 0.01101594977080822 -0.020540950819849968
v 0.014961949549615383 0.010399989783763885 -0.019804000854492188
v 0.014497989788651466 0.010399989783763885 -0.019546980038285255
v 0.014249980449676514 0.01101594977080822 -0.020540950819849968
v 0.014249980449676514 0.01101594977080822 -0.020540950819849968
v 0.01326495036482811 0.010399989783763885 -0.020823949947953224
v 0.013538000173866749 0.010399989783763885 -0.021277960389852524
v 0.013255000114440918 0.010399989783763885 -0.020292989909648895
v 0.01326495036482811 0.010399989783763885 -0.020823949947953224
v 0.014249980449676514 0.01101594977080822 -0.020540950819849968
v 0.013512959703803062 0.010399989783763885 -0.01982896961271763
v 0.013255000114440918 0.010399989783763885 -0.020292989909648895
v 0.014249980449676514 0.01101594977080822 -0.020540950819849968
v 0.004363954067230225 0.003199994098395109 -0.02483898028731346
v 0.004438995849341154 0.002899944083765149 -0.025433950126171112
v 0.0050379629246890545 0.003199994098395109 -0.025420960038900375
v 0.0050379629246890545 0.003199994098395109 -0.025420960038900375
v 0.004438995849341154 0.002899944083765149 -0.025433950126171112
v 0.005548954010009766 0.002899944083765149 -0.025732990354299545
v 0.0050379629246890545 0.003199994098395109 -0.025420960038900375
v 0.005548954010009766 0.002899944083765149 -0.025732990354299545
v 0.005911945831030607 0.003199994098395109 -0.025255970656871796
v 0.005911945831030607 0.003199994098395109 -0.025255970656871796
v 0.005548954010009766 0.002899944083765149 -0.025732990354299545
v 0.00647497083991766 0.002899944083765149 -0.025050990283489227
v 0.005911945831030607 0.003199994098395109 -0.025255970656871796
v 0.00647497083991766 0.002899944083765149 -0.025050990283489227
v 0.006328999064862728 0.003199994098395109 -0.024469969794154167
v 0.006328999064862728 0.003199994098395109 -0.024469969794154167
v 0.00647497083991766 0.002899944083765149 -0.025050990283489227
v 0.00624394416809082 0.003199994098395109 -0.024021979421377182
v 0.003979980014264584 0.002899944083765149 -0.02437995932996273
v 0.004438995849341154 0.002899944083765149 -0.025433950126171112
v 0.004363954067230225 0.003199994098395109 -0.02483898028731346
v 0.004363954067230225 0.003199994098395109 -0.02483898028731346
v 0.004398941062390804 0.003199994098395109 -0.023950990289449692
v 0.003979980014264584 0.002899944083765149 -0.02437995932996273
v 0.003979980014264584 0.002899944083765149 -0.02437995932996273
v 0.004398941062390804 0.003199994098395109 -0.023950990289449692
v 0.005059957038611174 0.002899944083765149 -0.02312898077070713
v 0.005059957038611174 0.002899944083765149 -0.02312898077070713
v 0.004398941062390804 0.003199994098395109 -0.023950990289449692
v 0.005114972125738859 0.003199994098395109 -0.023422950878739357
v 0.005114972125738859 0.003199994098395109 -0.023422950878739357
v 0.005679965019226074 0.003199994098395109 -0.02347695082426071
v 0.005059957038611174 0.002899944083765149 -0.02312898077070713
v 0.00624394416809082 0.003199994098395109 -0.024021979421377182
v 0.005059957038611174 0.002899944083765149 -0.02312898077070713
v 0.005679965019226074 0.003199994098395109 -0.02347695082426071
v 0.00624394416809082 0.010399989783763885 -0.024021979421377182
v 0.00624394416809082 0.003199994098395109 -0.024021979421377182
v 0.005419969093054533 0.010399989783763885 -0.023411979898810387
v 0.005679965019226074 0.003199994098395109 -0.02347695082426071
v 0.005419969093054533 0.010399989783763885 -0.023411979898810387
v 0.00624394416809082 0.003199994098395109 -0.024021979421377182
v 0.005419969093054533 0.010399989783763885 -0.023411979898810387
v 0.005679965019226074 0.003199994098395109 -0.02347695082426071
v 0.005114972125738859 0.003199994098395109 -0.023422950878739357
v 0.005419969093054533 0.010399989783763885 -0.023411979898810387
v 0.005114972125738859 0.003199994098395109 -0.023422950878739357
v 0.004895985126495361 0.010399989783763885 -0.023490959778428078
v 0.005114972125738859 0.003199994098395109 -0.023422950878739357
v 0.004398941062390804 0.003199994098395109 -0.023950990289449692
v 0.004895985126495361 0.010399989783763885 -0.023490959778428078
v 0.004895985126495361 0.010399989783763885 -0.023490959778428078
v 0.004398941062390804 0.003199994098395109 -0.023950990289449692
v 0.004285991191864014 0.010399989783763885 -0.024314990267157555
v 0.004363954067230225 0.003199994098395109 -0.02483898028731346
v 0.004285991191864014 0.010399989783763885 -0.024314990267157555
v 0.004398941062390804 0.003199994098395109 -0.023950990289449692
v 0.0046349759213626385 0.010399989783763885 -0.025206979364156723
v 0.004285991191864014 0.010399989783763885 -0.024314990267157555
v 0.004363954067230225 0.003199994098395109 -0.02483898028731346
v 0.004363954067230225 0.003199994098395109 -0.02483898028731346
v 0.0050379629246890545 0.003199994098395109 -0.025420960038900375
v 0.0046349759213626385 0.010399989783763885 -0.025206979364156723
v 0.0046349759213626385 0.010399989783763885 -0.025206979364156723
v 0.0050379629246890545 0.003199994098395109 -0.025420960038900375
v 0.005493998061865568 0.010399989783763885 -0.02543794922530651
v 0.005493998061865568 0.010399989783763885 -0.02543794922530651
v 0.0050379629246890545 0.003199994098395109 -0.025420960038900375
v 0.005911945831030607 0.003199994098395109 -0.025255970656871796
v 0.005493998061865568 0.010399989783763885 -0.02543794922530651
v 0.005911945831030607 0.003199994098395109 -0.025255970656871796
v 0.00620996905490756 0.010399989783763885 -0.024910980835556984
v 0.00620996905490756 0.010399989783763885 -0.024910980835556984
v 0.005911945831030607 0.003199994098395109 -0.025255970656871796
v 0.006328999064862728 0.003199994098395109 -0.024469969794154167
v 0.00620996905490756 0.010399989783763885 -0.024910980835556984
v 0.006328999064862728 0.003199994098395109 -0.024469969794154167
v 0.00624394416809082 0.010399989783763885 -0.024021979421377182
v 0.00624394416809082 0.010399989783763885 -0.024021979421377182
v 0.006328999064862728 0.003199994098395109 -0.024469969794154167
v 0.00624394416809082 0.003199994098395109 -0.024021979421377182
v 0.0053039779886603355 0.01101594977080822 -0.02443099021911621
v 0.004285991191864014 0.010399989783763885 -0.024314990267157555
v 0.0046349759213626385 0.010399989783763885 -0.025206979364156723
v 0.0046349759213626385 0.010399989783763885 -0.025206979364156723
v 0.005493998061865568 0.010399989783763885 -0.02543794922530651
v 0.0053039779886603355 0.01101594977080822 -0.02443099021911621
v 0.0053039779886603355 0.01101594977080822 -0.02443099021911621
v 0.00620996905490756 0.010399989783763885 -0.024910980835556984
v 0.00624394416809082 0.010399989783763885 -0.024021979421377182
v 0.005493998061865568 0.010399989783763885 -0.02543794922530651
v 0.00620996905490756 0.010399989783763885 -0.024910980835556984
v 0.0053039779886603355 0.01101594977080822 -0.02443099021911621
v 0.0053039779886603355 0.01101594977080822 -0.02443099021911621
v 0.005419969093054533 0.010399989783763885 -0.023411979898810387
v 0.004895985126495361 0.010399989783763885 -0.023490959778428078
v 0.00624394416809082 0.010399989783763885 -0.024021979421377182
v 0.005419969093054533 0.010399989783763885 -0.023411979898810387
v 0.0053039779886603355 0.01101594977080822 -0.02443099021911621
v 0.004895985126495361 0.010399989783763885 -0.023490959778428078
v 0.004285991191864014 0.010399989783763885 -0.024314990267157555
v 0.0053039779886603355 0.01101594977080822 -0.02443099021911621
v -0.005472958087921143 0.003199994098395109 -0.024618979543447495
v -0.0056319828145205975 0.002899944083765149 -0.02519696019589901
v -0.00507396413013339 0.003199994098395109 -0.025412969291210175
v -0.00507396413013339 0.003199994098395109 -0.025412969291210175
v -0.0056319828145205975 0.002899944083765149 -0.02519696019589901
v -0.00472098495811224 0.002899944083765149 -0.02589797042310238
v -0.00507396413013339 0.003199994098395109 -0.025412969291210175
v -0.00472098495811224 0.002899944083765149 -0.02589797042310238
v -0.004658997058868408 0.003199994098395109 -0.025603950023651123
v -0.004658997058868408 0.003199994098395109 -0.025603950023651123
v -0.00472098495811224 0.002899944083765149 -0.02589797042310238
v -0.00379598094150424 0.003199994098395109 -0.025390980765223503
v -0.00379598094150424 0.003199994098395109 -0.025390980765223503
v -0.00472098495811224 0.002899944083765149 -0.02589797042310238
v -0.0032449960708618164 0.002899944083765149 -0.02515494078397751
v -0.00379598094150424 0.003199994098395109 -0.025390980765223503
v -0.0032449960708618164 0.002899944083765149 -0.02515494078397751
v -0.003516972064971924 0.003199994098395109 -0.025029949843883514
v -0.003516972064971924 0.003199994098395109 -0.025029949843883514
v -0.0032449960708618164 0.002899944083765149 -0.02515494078397751
v -0.0035329461097717285 0.003199994098395109 -0.024140000343322754
v -0.0035329461097717285 0.003199994098395109 -0.024140000343322754
v -0.0032449960708618164 0.002899944083765149 -0.02515494078397751
v -0.0032649629283696413 0.002899944083765149 -0.024004990234971046
v -0.005292952060699463 0.002899944083765149 -0.023579949513077736
v -0.0056319828145205975 0.002899944083765149 -0.02519696019589901
v -0.005472958087921143 0.003199994098395109 -0.024618979543447495
v -0.005472958087921143 0.003199994098395109 -0.024618979543447495
v -0.004693984054028988 0.003199994098395109 -0.02360600046813488
v -0.005292952060699463 0.002899944083765149 -0.023579949513077736
v -0.005292952060699463 0.002899944083765149 -0.023579949513077736
v -0.004693984054028988 0.003199994098395109 -0.02360600046813488
v -0.004175961017608643 0.002899944083765149 -0.023303980007767677
v -0.004175961017608643 0.002899944083765149 -0.023303980007767677
v -0.004693984054028988 0.003199994098395109 -0.02360600046813488
v -0.004072964191436768 0.003199994098395109 -0.023646950721740723
v -0.004175961017608643 0.002899944083765149 -0.023303980007767677
v -0.004072964191436768 0.003199994098395109 -0.023646950721740723
v -0.0032649629283696413 0.002899944083765149 -0.024004990234971046
v -0.0035329461097717285 0.003199994098395109 -0.024140000343322754
v -0.0032649629283696413 0.002899944083765149 -0.024004990234971046
v -0.004072964191436768 0.003199994098395109 -0.023646950721740723
v -0.003516972064971924 0.010399989783763885 -0.025029949843883514
v -0.0035329461097717285 0.003199994098395109 -0.024140000343322754
v -0.00395196583122015 0.010399989783763885 -0.023705000057816505
v -0.004072964191436768 0.003199994098395109 -0.023646950721740723
v -0.00395196583122015 0.010399989783763885 -0.023705000057816505
v -0.0035329461097717285 0.003199994098395109 -0.024140000343322754
v -0.00395196583122015 0.010399989783763885 -0.023705000057816505
v -0.004072964191436768 0.003199994098395109 -0.023646950721740723
v -0.004465997219085693 0.010399989783763885 -0.023575959727168083
v -0.004072964191436768 0.003199994098395109 -0.023646950721740723
v -0.004693984054028988 0.003199994098395109 -0.02360600046813488
v -0.004465997219085693 0.010399989783763885 -0.023575959727168083
v -0.004465997219085693 0.010399989783763885 -0.023575959727168083
v -0.004693984054028988 0.003199994098395109 -0.02360600046813488
v -0.004976986907422543 0.010399989783763885 -0.02372198924422264
v -0.005472958087921143 0.003199994098395109 -0.024618979543447495
v -0.005472958087921143 0.010399989783763885 -0.024618979543447495
v -0.004976986907422543 0.010399989783763885 -0.02372198924422264
v -0.005472958087921143 0.003199994098395109 -0.024618979543447495
v -0.004976986907422543 0.010399989783763885 -0.02372198924422264
v -0.004693984054028988 0.003199994098395109 -0.02360600046813488
v -0.005472958087921143 0.010399989783763885 -0.024618979543447495
v -0.005472958087921143 0.003199994098395109 -0.024618979543447495
v -0.00507396413013339 0.003199994098395109 -0.025412969291210175
v -0.005472958087921143 0.010399989783763885 -0.024618979543447495
v -0.00507396413013339 0.003199994098395109 -0.025412969291210175
v -0.00507396413013339 0.010399989783763885 -0.025412969291210175
v -0.00507396413013339 0.010399989783763885 -0.025412969291210175
v -0.00507396413013339 0.003199994098395109 -0.025412969291210175
v -0.004658997058868408 0.003199994098395109 -0.025603950023651123
v -0.00507396413013339 0.010399989783763885 -0.025412969291210175
v -0.004658997058868408 0.003199994098395109 -0.025603950023651123
v -0.00420296099036932 0.010399989783763885 -0.025595959275960922
v -0.00420296099036932 0.010399989783763885 -0.025595959275960922
v -0.004658997058868408 0.003199994098395109 -0.025603950023651123
v -0.00379598094150424 0.003199994098395109 -0.025390980765223503
v -0.00420296099036932 0.010399989783763885 -0.025595959275960922
v -0.00379598094150424 0.003199994098395109 -0.025390980765223503
v -0.003516972064971924 0.010399989783763885 -0.025029949843883514
v -0.003516972064971924 0.010399989783763885 -0.025029949843883514
v -0.00379598094150424 0.003199994098395109 -0.025390980765223503
v -0.003516972064971924 0.003199994098395109 -0.025029949843883514
v -0.003516972064971924 0.010399989783763885 -0.025029949843883514
v -0.003516972064971924 0.003199994098395109 -0.025029949843883514
v -0.0035329461097717285 0.003199994098395109 -0.024140000343322754
v -0.004448949825018644 0.01101594977080822 -0.024600980803370476
v -0.00507396413013339 0.010399989783763885 -0.025412969291210175
v -0.00420296099036932 0.010399989783763885 -0.025595959275960922
v -0.005472958087921143 0.010399989783763885 -0.024618979543447495
v -0.00507396413013339 0.010399989783763885 -0.025412969291210175
v -0.004448949825018644 0.01101594977080822 -0.024600980803370476
v -0.00420296099036932 0.010399989783763885 -0.025595959275960922
v -0.003516972064971924 0.010399989783763885 -0.025029949843883514
v -0.004448949825018644 0.01101594977080822 -0.024600980803370476
v -0.004448949825018644 0.01101594977080822 -0.024600980803370476
v -0.00395196583122015 0.010399989783763885 -0.023705000057816505
v -0.004465997219085693 0.010399989783763885 -0.023575959727168083
v -0.003516972064971924 0.010399989783763885 -0.025029949843883514
v -0.00395196583122015 0.010399989783763885 -0.023705000057816505
v -0.004448949825018644 0.01101594977080822 -0.024600980803370476
v -0.004448949825018644 0.01101594977080822 -0.024600980803370476
v -0.004976986907422543 0.010399989783763885 -0.02372198924422264
v -0.005472958087921143 0.010399989783763885 -0.024618979543447495
v -0.004465997219085693 0.010399989783763885 -0.023575959727168083
v -0.004976986907422543 0.010399989783763885 -0.02372198924422264
v -0.004448949825018644 0.01101594977080822 -0.024600980803370476
v -0.014846979640424252 0.002899944083765149 -0.021101949736475945
v -0.014547999948263168 0.003199994098395109 -0.02108496055006981
v -0.014232990331947803 0.003199994098395109 -0.020284950733184814
v -0.01262694038450718 0.002899944083765149 -0.022000959143042564
v -0.012202969752252102 0.002899944083765149 -0.02092497982084751
v -0.012570969760417938 0.003199994098395109 -0.02140199951827526
v -0.012570969760417938 0.003199994098395109 -0.02140199951827526
v -0.013228950090706348 0.003199994098395109 -0.02200697921216488
v -0.01262694038450718 0.002899944083765149 -0.022000959143042564
v -0.01262694038450718 0.002899944083765149 -0.022000959143042564
v -0.013228950090706348 0.003199994098395109 -0.02200697921216488
v -0.013733980245888233 0.002899944083765149 -0.022333970293402672
v -0.013733980245888233 0.002899944083765149 -0.022333970293402672
v -0.013228950090706348 0.003199994098395109 -0.02200697921216488
v -0.014111990109086037 0.003199994098395109 -0.021865960210561752
v -0.013733980245888233 0.002899944083765149 -0.022333970293402672
v -0.014111990109086037 0.003199994098395109 -0.021865960210561752
v -0.014846979640424252 0.002899944083765149 -0.021101949736475945
v -0.014111990109086037 0.003199994098395109 -0.021865960210561752
v -0.014547999948263168 0.003199994098395109 -0.02108496055006981
v -0.014846979640424252 0.002899944083765149 -0.021101949736475945
v -0.012570969760417938 0.003199994098395109 -0.02140199951827526
v -0.012202969752252102 0.002899944083765149 -0.02092497982084751
v -0.01250195037573576 0.003199994098395109 -0.02094798907637596
v -0.01250195037573576 0.003199994098395109 -0.02094798907637596
v -0.012202969752252102 0.002899944083765149 -0.02092497982084751
v -0.01278495043516159 0.002899944083765149 -0.019925950095057487
v -0.01250195037573576 0.003199994098395109 -0.02094798907637596
v -0.01278495043516159 0.002899944083765149 -0.019925950095057487
v -0.012952979654073715 0.003199994098395109 -0.02017498016357422
v -0.012952979654073715 0.003199994098395109 -0.02017498016357422
v -0.01278495043516159 0.002899944083765149 -0.019925950095057487
v -0.01383799035102129 0.003199994098395109 -0.02004997991025448
v -0.01383799035102129 0.003199994098395109 -0.02004997991025448
v -0.01278495043516159 0.002899944083765149 -0.019925950095057487
v -0.014440000057220459 0.002899944083765149 -0.020067980512976646
v -0.01383799035102129 0.003199994098395109 -0.02004997991025448
v -0.014440000057220459 0.002899944083765149 -0.020067980512976646
v -0.014232990331947803 0.003199994098395109 -0.020284950733184814
v -0.014232990331947803 0.003199994098395109 -0.020284950733184814
v -0.014440000057220459 0.002899944083765149 -0.020067980512976646
v -0.014846979640424252 0.002899944083765149 -0.021101949736475945
v -0.012570969760417938 0.010399989783763885 -0.02140199951827526
v -0.012570969760417938 0.003199994098395109 -0.02140199951827526
v -0.01250195037573576 0.003199994098395109 -0.02094798907637596
v -0.012570969760417938 0.010399989783763885 -0.02140199951827526
v -0.01250195037573576 0.003199994098395109 -0.02094798907637596
v -0.012635939754545689 0.010399989783763885 -0.0205149594694376
v -0.012635939754545689 0.010399989783763885 -0.0205149594694376
v -0.01250195037573576 0.003199994098395109 -0.02094798907637596
v -0.012952979654073715 0.003199994098395109 -0.02017498016357422
v -0.012635939754545689 0.010399989783763885 -0.0205149594694376
v -0.012952979654073715 0.003199994098395109 -0.02017498016357422
v -0.01336997002363205 0.010399989783763885 -0.02001296915113926
v -0.012952979654073715 0.003199994098395109 -0.02017498016357422
v -0.01383799035102129 0.003199994098395109 -0.02004997991025448
v -0.01336997002363205 0.010399989783763885 -0.02001296915113926
v -0.01336997002363205 0.010399989783763885 -0.02001296915113926
v -0.01383799035102129 0.003199994098395109 -0.02004997991025448
v -0.013824990019202232 0.010399989783763885 -0.020045990124344826
v -0.013824990019202232 0.010399989783763885 -0.020045990124344826
v -0.01383799035102129 0.003199994098395109 -0.02004997991025448
v -0.014232990331947803 0.003199994098395109 -0.020284950733184814
v -0.013824990019202232 0.010399989783763885 -0.020045990124344826
v -0.014232990331947803 0.003199994098395109 -0.020284950733184814
v -0.014477959834039211 0.010399989783763885 -0.02064996026456356
v -0.014232990331947803 0.003199994098395109 -0.020284950733184814
v -0.014547999948263168 0.003199994098395109 -0.02108496055006981
v -0.014477959834039211 0.010399989783763885 -0.02064996026456356
v -0.014477959834039211 0.010399989783763885 -0.02064996026456356
v -0.014547999948263168 0.003199994098395109 -0.02108496055006981
v -0.014326980337500572 0.010399989783763885 -0.021663960069417953
v -0.014326980337500572 0.010399989783763885 -0.021663960069417953
v -0.014547999948263168 0.003199994098395109 -0.02108496055006981
v -0.014111990109086037 0.003199994098395109 -0.021865960210561752
v -0.014326980337500572 0.010399989783763885 -0.021663960069417953
v -0.014111990109086037 0.003199994098395109 -0.021865960210561752
v -0.01389998011291027 0.010399989783763885 -0.021979980170726776
v -0.014111990109086037 0.003199994098395109 -0.021865960210561752
v -0.013228950090706348 0.003199994098395109 -0.02200697921216488
v -0.01389998011291027 0.010399989783763885 -0.021979980170726776
v -0.01389998011291027 0.010399989783763885 -0.021979980170726776
v -0.013228950090706348 0.003199994098395109 -0.02200697921216488
v -0.013372950255870819 0.010399989783763885 -0.02203994058072567
v -0.012570969760417938 0.003199994098395109 -0.02140199951827526
v -0.012570969760417938 0.010399989783763885 -0.02140199951827526
v -0.013372950255870819 0.010399989783763885 -0.02203994058072567
v -0.012570969760417938 0.003199994098395109 -0.02140199951827526
v -0.013372950255870819 0.010399989783763885 -0.02203994058072567
v -0.013228950090706348 0.003199994098395109 -0.02200697921216488
v -0.013523990288376808 0.01101594977080822 -0.021025950089097023
v -0.014326980337500572 0.010399989783763885 -0.021663960069417953
v -0.01389998011291027 0.010399989783763885 -0.021979980170726776
v -0.014477959834039211 0.010399989783763885 -0.02064996026456356
v -0.014326980337500572 0.010399989783763885 -0.021663960069417953
v -0.013523990288376808 0.01101594977080822 -0.021025950089097023
v -0.013523990288376808 0.01101594977080822 -0.021025950089097023
v -0.013372950255870819 0.010399989783763885 -0.02203994058072567
v -0.012570969760417938 0.010399989783763885 -0.02140199951827526
v -0.01389998011291027 0.010399989783763885 -0.021979980170726776
v -0.013372950255870819 0.010399989783763885 -0.02203994058072567
v -0.013523990288376808 0.01101594977080822 -0.021025950089097023
v -0.013523990288376808 0.01101594977080822 -0.021025950089097023
v -0.012570969760417938 0.010399989783763885 -0.02140199951827526
v -0.012635939754545689 0.010399989783763885 -0.0205149594694376
v -0.012635939754545689 0.010399989783763885 -0.0205149594694376
v -0.01336997002363205 0.010399989783763885 -0.02001296915113926
v -0.013523990288376808 0.01101594977080822 -0.021025950089097023
v -0.013824990019202232 0.010399989783763885 -0.020045990124344826
v -0.014477959834039211 0.010399989783763885 -0.02064996026456356
v -0.013523990288376808 0.01101594977080822 -0.021025950089097023
v -0.01336997002363205 0.010399989783763885 -0.02001296915113926
v -0.013824990019202232 0.010399989783763885 -0.020045990124344826
v -0.013523990288376808 0.01101594977080822 -0.021025950089097023
v -0.021513989195227623 0.003199994098395109 -0.013927989639341831
v -0.021000979468226433 0.002899944083765149 -0.01300697959959507
v -0.021854989230632782 0.002899944083765149 -0.014420979656279087
v -0.021513989195227623 0.003199994098395109 -0.013927989639341831
v -0.021854989230632782 0.002899944083765149 -0.014420979656279087
v -0.021398959681391716 0.003199994098395109 -0.014809959568083286
v -0.021398959681391716 0.003199994098395109 -0.014809959568083286
v -0.021854989230632782 0.002899944083765149 -0.014420979656279087
v -0.020637979730963707 0.003199994098395109 -0.0152699900791049
v -0.020637979730963707 0.003199994098395109 -0.0152699900791049
v -0.021854989230632782 0.002899944083765149 -0.014420979656279087
v -0.020666949450969696 0.002899944083765149 -0.015568969771265984
v -0.020637979730963707 0.003199994098395109 -0.0152699900791049
v -0.020666949450969696 0.002899944083765149 -0.015568969771265984
v -0.019804000854492188 0.003199994098395109 -0.014961949549615383
v -0.019804000854492188 0.003199994098395109 -0.014961949549615383
v -0.020666949450969696 0.002899944083765149 -0.015568969771265984
v -0.0192829892039299 0.002899944083765149 -0.01466596033424139
v -0.021513989195227623 0.003199994098395109 -0.013927989639341831
v -0.020896969363093376 0.003199994098395109 -0.01328795962035656
v -0.021000979468226433 0.002899944083765149 -0.01300697959959507
v -0.021000979468226433 0.002899944083765149 -0.01300697959959507
v -0.020896969363093376 0.003199994098395109 -0.01328795962035656
v -0.02016597054898739 0.003199994098395109 -0.01329594012349844
v -0.021000979468226433 0.002899944083765149 -0.01300697959959507
v -0.02016597054898739 0.003199994098395109 -0.01329594012349844
v -0.019431939348578453 0.002899944083765149 -0.01352596003562212
v -0.019431939348578453 0.002899944083765149 -0.01352596003562212
v -0.02016597054898739 0.003199994098395109 -0.01329594012349844
v -0.019682999700307846 0.003199994098395109 -0.013689990155398846
v -0.019682999700307846 0.003199994098395109 -0.013689990155398846
v -0.019567960873246193 0.003199994098395109 -0.0145719600841403
v -0.019431939348578453 0.002899944083765149 -0.01352596003562212
v -0.019431939348578453 0.002899944083765149 -0.01352596003562212
v -0.019567960873246193 0.003199994098395109 -0.0145719600841403
v -0.0192829892039299 0.002899944083765149 -0.01466596033424139
v -0.019804000854492188 0.003199994098395109 -0.014961949549615383
v -0.0192829892039299 0.002899944083765149 -0.01466596033424139
v -0.019567960873246193 0.003199994098395109 -0.0145719600841403
v -0.019804000854492188 0.003199994098395109 -0.014961949549615383
v -0.019567960873246193 0.003199994098395109 -0.0145719600841403
v -0.019804000854492188 0.010399989783763885 -0.014961949549615383
v -0.019804000854492188 0.010399989783763885 -0.014961949549615383
v -0.019567960873246193 0.003199994098395109 -0.0145719600841403
v -0.01955598033964634 0.010399989783763885 -0.013966970145702362
v -0.019682999700307846 0.003199994098395109 -0.013689990155398846
v -0.01982896961271763 0.010399989783763885 -0.013512959703803062
v -0.01955598033964634 0.010399989783763885 -0.013966970145702362
v -0.019682999700307846 0.003199994098395109 -0.013689990155398846
v -0.01955598033964634 0.010399989783763885 -0.013966970145702362
v -0.019567960873246193 0.003199994098395109 -0.0145719600841403
v -0.01982896961271763 0.010399989783763885 -0.013512959703803062
v -0.019682999700307846 0.003199994098395109 -0.013689990155398846
v -0.02016597054898739 0.003199994098395109 -0.01329594012349844
v -0.01982896961271763 0.010399989783763885 -0.013512959703803062
v -0.02016597054898739 0.003199994098395109 -0.01329594012349844
v -0.020292989909648895 0.010399989783763885 -0.013255000114440918
v -0.021513989195227623 0.003199994098395109 -0.013927989639341831
v -0.021277960389852524 0.010399989783763885 -0.013538000173866749
v -0.020896969363093376 0.003199994098395109 -0.01328795962035656
v -0.020896969363093376 0.003199994098395109 -0.01328795962035656
v -0.021277960389852524 0.010399989783763885 -0.013538000173866749
v -0.020292989909648895 0.010399989783763885 -0.013255000114440918
v -0.020896969363093376 0.003199994098395109 -0.01328795962035656
v -0.020292989909648895 0.010399989783763885 -0.013255000114440918
v -0.02016597054898739 0.003199994098395109 -0.01329594012349844
v -0.021277960389852524 0.010399989783763885 -0.013538000173866749
v -0.021513989195227623 0.003199994098395109 -0.013927989639341831
v -0.02155797928571701 0.010399989783763885 -0.01438200008124113
v -0.02155797928571701 0.010399989783763885 -0.01438200008124113
v -0.021513989195227623 0.003199994098395109 -0.013927989639341831
v -0.021398959681391716 0.003199994098395109 -0.014809959568083286
v -0.02155797928571701 0.010399989783763885 -0.01438200008124113
v -0.021398959681391716 0.003199994098395109 -0.014809959568083286
v -0.021070949733257294 0.010399989783763885 -0.015127000398933887
v -0.021398959681391716 0.003199994098395109 -0.014809959568083286
v -0.020637979730963707 0.003199994098395109 -0.0152699900791049
v -0.021070949733257294 0.010399989783763885 -0.015127000398933887
v -0.021070949733257294 0.010399989783763885 -0.015127000398933887
v -0.020637979730963707 0.003199994098395109 -0.0152699900791049
v -0.020637979730963707 0.010399989783763885 -0.0152699900791049
v -0.020637979730963707 0.010399989783763885 -0.0152699900791049
v -0.020637979730963707 0.003199994098395109 -0.0152699900791049
v -0.019804000854492188 0.003199994098395109 -0.014961949549615383
v -0.020637979730963707 0.010399989783763885 -0.0152699900791049
v -0.019804000854492188 0.003199994098395109 -0.014961949549615383
v -0.019804000854492188 0.010399989783763885 -0.014961949549615383
v -0.020540950819849968 0.01101594977080822 -0.014249980449676514
v -0.02155797928571701 0.010399989783763885 -0.01438200008124113
v -0.021070949733257294 0.010399989783763885 -0.015127000398933887
v -0.021277960389852524 0.010399989783763885 -0.013538000173866749
v -0.02155797928571701 0.010399989783763885 -0.01438200008124113
v -0.020540950819849968 0.01101594977080822 -0.014249980449676514
v -0.020540950819849968 0.01101594977080822 -0.014249980449676514
v -0.020637979730963707 0.010399989783763885 -0.0152699900791049
v -0.019804000854492188 0.010399989783763885 -0.014961949549615383
v -0.021070949733257294 0.010399989783763885 -0.015127000398933887
v -0.020637979730963707 0.010399989783763885 -0.0152699900791049
v -0.020540950819849968 0.01101594977080822 -0.014249980449676514
v -0.020540950819849968 0.01101594977080822 -0.014249980449676514
v -0.01955598033964634 0.010399989783763885 -0.013966970145702362
v -0.01982896961271763 0.010399989783763885 -0.013512959703803062
v -0.019804000854492188 0.010399989783763885 -0.014961949549615383
v -0.01955598033964634 0.010399989783763885 -0.013966970145702362
v -0.020540950819849968 0.01101594977080822 -0.014249980449676514
v -0.020540950819849968 0.01101594977080822 -0.014249980449676514
v -0.020292989909648895 0.010399989783763885 -0.013255000114440918
v -0.021277960389852524 0.010399989783763885 -0.013538000173866749
v -0.01982896961271763 0.010399989783763885 -0.013512959703803062
v -0.020292989909648895 0.010399989783763885 -0.013255000114440918
v -0.020540950819849968 0.01101594977080822 -0.014249980449676514
v -0.02406596951186657 0.003199994098395109 -0.0008030000026337802
v -0.023699989542365074 0.002899944083765149 -0.0003370000049471855
v -0.024131949990987778 0.003199994098395109 0.0000670000008540228
v -0.024131949990987778 0.003199994098395109 0.0000670000008540228
v -0.023699989542365074 0.002899944083765149 -0.0003370000049471855
v -0.024270949885249138 0.002899944083765149 0.0006430000066757202
v -0.024270949885249138 0.002899944083765149 0.0006430000066757202
v -0.02589499019086361 0.002899944083765149 0.0005029999883845448
v -0.025686969980597496 0.003199994098395109 0.00028700000257231295
v -0.025686969980597496 0.003199994098395109 0.00028700000257231295
v -0.02589499019086361 0.002899944083765149 0.0005029999883845448
v -0.026293989270925522 0.002899944083765149 -0.0005109999910928309
v -0.026293989270925522 0.002899944083765149 -0.0005109999910928309
v -0.025994950905442238 0.003199994098395109 -0.0004939999780617654
v -0.025686969980597496 0.003199994098395109 0.00028700000257231295
v -0.024115970358252525 0.002899944083765149 -0.0013929599663242698
v -0.023699989542365074 0.002899944083765149 -0.0003370000049471855
v -0.02406596951186657 0.003199994098395109 -0.0008030000026337802
v -0.02406596951186657 0.003199994098395109 -0.0008030000026337802
v -0.024707969278097153 0.003199994098395109 -0.0013939730124548078
v -0.024115970358252525 0.002899944083765149 -0.0013929599663242698
v -0.024115970358252525 0.002899944083765149 -0.0013929599663242698
v -0.024707969278097153 0.003199994098395109 -0.0013939730124548078
v -0.025740979239344597 0.002899944083765149 -0.001501976978033781
v -0.025740979239344597 0.002899944083765149 -0.001501976978033781
v -0.025994950905442238 0.003199994098395109 -0.0004939999780617654
v -0.026293989270925522 0.002899944083765149 -0.0005109999910928309
v -0.025686969980597496 0.003199994098395109 0.00028700000257231295
v -0.025994950905442238 0.003199994098395109 -0.0004939999780617654
v -0.025926940143108368 0.005899964831769466 -0.00007000000186963007
v -0.025926940143108368 0.005899964831769466 -0.00007000000186963007
v -0.025994950905442238 0.003199994098395109 -0.0004939999780617654
v -0.025778939947485924 0.005899964831769466 -0.0010589950252324343
v -0.025778939947485924 0.005899964831769466 -0.0010589950252324343
v -0.025994950905442238 0.003199994098395109 -0.0004939999780617654
v -0.025740979239344597 0.002899944083765149 -0.001501976978033781
v -0.025778939947485924 0.005899964831769466 -0.0010589950252324343
v -0.025740979239344597 0.002899944083765149 -0.001501976978033781
v -0.024707969278097153 0.003199994098395109 -0.0013939730124548078
v -0.025778939947485924 0.005899964831769466 -0.0010589950252324343
v -0.024707969278097153 0.003199994098395109 -0.0013939730124548078
v -0.024847980588674545 0.005899964831769466 -0.00142496800981462
v -0.02406596951186657 0.003199994098395109 -0.0008030000026337802
v -0.02406596951186657 0.005899964831769466 -0.0008030000026337802
v -0.024847980588674545 0.005899964831769466 -0.00142496800981462
v -0.02406596951186657 0.003199994098395109 -0.0008030000026337802
v -0.024847980588674545 0.005899964831769466 -0.00142496800981462
v -0.024707969278097153 0.003199994098395109 -0.0013939730124548078
v -0.02406596951186657 0.005899964831769466 -0.0008030000026337802
v -0.02406596951186657 0.003199994098395109 -0.0008030000026337802
v -0.02412997931241989 0.005899964831769466 0.00006299999949987978
v -0.02412997931241989 0.005899964831769466 0.00006299999949987978
v -0.02406596951186657 0.003199994098395109 -0.0008030000026337802
v -0.024131949990987778 0.003199994098395109 0.0000670000008540228
v -0.02412997931241989 0.005899964831769466 0.00006299999949987978
v -0.024131949990987778 0.003199994098395109 0.0000670000008540228
v -0.025289950892329216 0.005899964831769466 0.0005200000014156103
v -0.024131949990987778 0.003199994098395109 0.0000670000008540228
v -0.024270949885249138 0.002899944083765149 0.0006430000066757202
v -0.025289950892329216 0.005899964831769466 0.0005200000014156103
v -0.025289950892329216 0.005899964831769466 0.0005200000014156103
v -0.024270949885249138 0.002899944083765149 0.0006430000066757202
v -0.025686969980597496 0.003199994098395109 0.00028700000257231295
v -0.025289950892329216 0.005899964831769466 0.0005200000014156103
v -0.025686969980597496 0.003199994098395109 0.00028700000257231295
v -0.025926940143108368 0.005899964831769466 -0.00007000000186963007
v -0.025289950892329216 0.005899964831769466 0.0005200000014156103
v -0.025926940143108368 0.005899964831769466 -0.00007000000186963007
v -0.02412997931241989 0.005899964831769466 0.00006299999949987978
v -0.02412997931241989 0.005899964831769466 0.00006299999949987978
v -0.025926940143108368 0.005899964831769466 -0.00007000000186963007
v -0.02406596951186657 0.005899964831769466 -0.0008030000026337802
v -0.02406596951186657 0.005899964831769466 -0.0008030000026337802
v -0.025926940143108368 0.005899964831769466 -0.00007000000186963007
v -0.024847980588674545 0.005899964831769466 -0.00142496800981462
v -0.024847980588674545 0.005899964831769466 -0.00142496800981462
v -0.025926940143108368 0.005899964831769466 -0.00007000000186963007
v -0.025778939947485924 0.005899964831769466 -0.0010589950252324343
v 0.025926940143108368 0.003199994098395109 0.00007000000186963007
v 0.026118990033864975 0.002899944083765149 0.0010909429984167218
v 0.025859950110316277 0.003199994098395109 0.0009399999980814755
v 0.025859950110316277 0.003199994098395109 0.0009399999980814755
v 0.026118990033864975 0.002899944083765149 0.0010909429984167218
v 0.024689970538020134 0.003199994098395109 0.0013879529433324933
v 0.024689970538020134 0.003199994098395109 0.0013879529433324933
v 0.026118990033864975 0.002899944083765149 0.0010909429984167218
v 0.024097969755530357 0.002899944083765149 0.001375972991809249
v 0.024689970538020134 0.003199994098395109 0.0013879529433324933
v 0.024097969755530357 0.002899944083765149 0.001375972991809249
v 0.024304980412125587 0.003199994098395109 0.0011589520145207644
v 0.024304980412125587 0.003199994098395109 0.0011589520145207644
v 0.024097969755530357 0.002899944083765149 0.001375972991809249
v 0.023697970435023308 0.002899944083765149 0.00036199999158270657
v 0.023697970435023308 0.002899944083765149 0.00036199999158270657
v 0.02399796061217785 0.003199994098395109 0.00037900000461377203
v 0.024304980412125587 0.003199994098395109 0.0011589520145207644
v 0.02587698958814144 0.002899944083765149 -0.0005200000014156103
v 0.026118990033864975 0.002899944083765149 0.0010909429984167218
v 0.025926940143108368 0.003199994098395109 0.00007000000186963007
v 0.025926940143108368 0.003199994098395109 0.00007000000186963007
v 0.02528499998152256 0.003199994098395109 -0.0005210000090301037
v 0.02587698958814144 0.002899944083765149 -0.0005200000014156103
v 0.02587698958814144 0.002899944083765149 -0.0005200000014156103
v 0.02528499998152256 0.003199994098395109 -0.0005210000090301037
v 0.024250980466604233 0.002899944083765149 -0.0006290000164881349
v 0.024250980466604233 0.002899944083765149 -0.0006290000164881349
v 0.02399796061217785 0.003199994098395109 0.00037900000461377203
v 0.023697970435023308 0.002899944083765149 0.00036199999158270657
v 0.024304980412125587 0.003199994098395109 0.0011589520145207644
v 0.02399796061217785 0.003199994098395109 0.00037900000461377203
v 0.024006960913538933 0.005899964831769466 0.00028899998869746923
v 0.024006960913538933 0.005899964831769466 0.00028899998869746923
v 0.02399796061217785 0.003199994098395109 0.00037900000461377203
v 0.024629950523376465 0.005899964831769466 -0.0004939999780617654
v 0.024629950523376465 0.005899964831769466 -0.0004939999780617654
v 0.02399796061217785 0.003199994098395109 0.00037900000461377203
v 0.024250980466604233 0.002899944083765149 -0.0006290000164881349
v 0.024629950523376465 0.005899964831769466 -0.0004939999780617654
v 0.024250980466604233 0.002899944083765149 -0.0006290000164881349
v 0.02528499998152256 0.003199994098395109 -0.0005210000090301037
v 0.024629950523376465 0.005899964831769466 -0.0004939999780617654
v 0.02528499998152256 0.003199994098395109 -0.0005210000090301037
v 0.025143979117274284 0.005899964831769466 -0.0005530000198632479
v 0.025926940143108368 0.003199994098395109 0.00007000000186963007
v 0.025926940143108368 0.005899964831769466 0.00007000000186963007
v 0.025143979117274284 0.005899964831769466 -0.0005530000198632479
v 0.025926940143108368 0.003199994098395109 0.00007000000186963007
v 0.025143979117274284 0.005899964831769466 -0.0005530000198632479
v 0.02528499998152256 0.003199994098395109 -0.0005210000090301037
v 0.025926940143108368 0.005899964831769466 0.00007000000186963007
v 0.025926940143108368 0.003199994098395109 0.00007000000186963007
v 0.02586298994719982 0.005899964831769466 0.0009350000182166696
v 0.02586298994719982 0.005899964831769466 0.0009350000182166696
v 0.025926940143108368 0.003199994098395109 0.00007000000186963007
v 0.025859950110316277 0.003199994098395109 0.0009399999980814755
v 0.02586298994719982 0.005899964831769466 0.0009350000182166696
v 0.025859950110316277 0.003199994098395109 0.0009399999980814755
v 0.025145940482616425 0.005899964831769466 0.00142496800981462
v 0.025859950110316277 0.003199994098395109 0.0009399999980814755
v 0.024689970538020134 0.003199994098395109 0.0013879529433324933
v 0.025145940482616425 0.005899964831769466 0.00142496800981462
v 0.025145940482616425 0.005899964831769466 0.00142496800981462
v 0.024689970538020134 0.003199994098395109 0.0013879529433324933
v 0.024316959083080292 0.005899964831769466 0.0011699789902195334
v 0.024316959083080292 0.005899964831769466 0.0011699789902195334
v 0.024689970538020134 0.003199994098395109 0.0013879529433324933
v 0.024304980412125587 0.003199994098395109 0.0011589520145207644
v 0.024316959083080292 0.005899964831769466 0.0011699789902195334
v 0.024304980412125587 0.003199994098395109 0.0011589520145207644
v 0.024006960913538933 0.005899964831769466 0.00028899998869746923
v 0.024006960913538933 0.005899964831769466 0.00028899998869746923
v 0.025143979117274284 0.005899964831769466 -0.0005530000198632479
v 0.024316959083080292 0.005899964831769466 0.0011699789902195334
v 0.025143979117274284 0.005899964831769466 -0.0005530000198632479
v 0.025926940143108368 0.005899964831769466 0.00007000000186963007
v 0.024316959083080292 0.005899964831769466 0.0011699789902195334
v 0.024316959083080292 0.005899964831769466 0.0011699789902195334
v 0.025926940143108368 0.005899964831769466 0.00007000000186963007
v 0.02586298994719982 0.005899964831769466 0.0009350000182166696
v 0.024316959083080292 0.005899964831769466 0.0011699789902195334
v 0.02586298994719982 0.005899964831769466 0.0009350000182166696
v 0.025145940482616425 0.005899964831769466 0.00142496800981462
v 0.024006960913538933 0.005899964831769466 0.00028899998869746923
v 0.024629950523376465 0.005899964831769466 -0.0004939999780617654
v 0.025143979117274284 0.005899964831769466 -0.0005530000198632479
v 0.02095896005630493 0.005299984943121672 0.008683978579938412
v 0.020595960319042206 0.005299984943121672 0.00966495182365179
v 0.021710989996790886 0.005299984943121672 0.007956980727612972
v 0.022703999653458595 0.005299984943121672 0.007628976833075285
v 0.021710989996790886 0.005299984943121672 0.007956980727612972
v 0.023740939795970917 0.005299984943121672 0.007763980887830257
v 0.020694969221949577 0.005299984943121672 0.010705940425395966
v 0.021236000582575798 0.005299984943121672 0.011600970290601254
v 0.020595960319042206 0.005299984943121672 0.00966495182365179
v 0.024558959528803825 0.005299984943121672 0.011658960022032261
v 0.0250889603048563 0.005399941932410002 0.010588999837636948
v 0.02349494956433773 0.005299984943121672 0.012248990125954151
v 0.024616949260234833 0.0030999770388007164 0.008335947059094906
v 0.024616949260234833 0.005299984943121672 0.008335947059094906
v 0.025206979364156723 0.005299984943121672 0.009399949572980404
v 0.024616949260234833 0.0030999770388007164 0.008335947059094906
v 0.025206979364156723 0.005299984943121672 0.009399949572980404
v 0.025206979364156723 0.0030999770388007164 0.009399949572980404
v 0.025206979364156723 0.0030999770388007164 0.009399949572980404
v 0.025206979364156723 0.005299984943121672 0.009399949572980404
v 0.0250889603048563 0.005399941932410002 0.010588999837636948
v 0.025206979364156723 0.0030999770388007164 0.009399949572980404
v 0.0250889603048563 0.005399941932410002 0.010588999837636948
v 0.025170980021357536 0.0030229680705815554 0.010611950419843197
v 0.025170980021357536 0.0030229680705815554 0.010611950419843197
v 0.0250889603048563 0.005399941932410002 0.010588999837636948
v 0.024558959528803825 0.005299984943121672 0.011658960022032261
v 0.025170980021357536 0.0030229680705815554 0.010611950419843197
v 0.024558959528803825 0.005299984943121672 0.011658960022032261
v 0.024547990411520004 0.0030229680705815554 0.011647989973425865
v 0.024547990411520004 0.0030229680705815554 0.011647989973425865
v 0.024558959528803825 0.005299984943121672 0.011658960022032261
v 0.02349494956433773 0.005299984943121672 0.012248990125954151
v 0.024547990411520004 0.0030229680705815554 0.011647989973425865
v 0.02349494956433773 0.005299984943121672 0.012248990125954151
v 0.023490959778428078 0.0030229680705815554 0.012233969755470753
v 0.023490959778428078 0.0030229680705815554 0.012233969755470753
v 0.02349494956433773 0.005299984943121672 0.012248990125954151
v 0.022278960794210434 0.005299984943121672 0.012227949686348438
v 0.023490959778428078 0.0030229680705815554 0.012233969755470753
v 0.022278960794210434 0.005299984943121672 0.012227949686348438
v 0.022312989458441734 0.002914964919909835 0.012108979746699333
v 0.022312989458441734 0.002914964919909835 0.012108979746699333
v 0.022278960794210434 0.005299984943121672 0.012227949686348438
v 0.02126896008849144 0.0030999770388007164 0.011634940281510353
v 0.02126896008849144 0.0030999770388007164 0.011634940281510353
v 0.022278960794210434 0.005299984943121672 0.012227949686348438
v 0.021236000582575798 0.005299984943121672 0.011600970290601254
v 0.02126896008849144 0.0030999770388007164 0.011634940281510353
v 0.021236000582575798 0.005299984943121672 0.011600970290601254
v 0.020694969221949577 0.005299984943121672 0.010705940425395966
v 0.02126896008849144 0.0030999770388007164 0.011634940281510353
v 0.020694969221949577 0.005299984943121672 0.010705940425395966
v 0.02072094939649105 0.0029999609105288982 0.010697959922254086
v 0.02072094939649105 0.0029999609105288982 0.010697959922254086
v 0.020694969221949577 0.005299984943121672 0.010705940425395966
v 0.020595960319042206 0.005299984943121672 0.00966495182365179
v 0.02072094939649105 0.0029999609105288982 0.010697959922254086
v 0.020595960319042206 0.005299984943121672 0.00966495182365179
v 0.020595960319042206 0.0030999770388007164 0.00966495182365179
v 0.020595960319042206 0.0030999770388007164 0.00966495182365179
v 0.020595960319042206 0.005299984943121672 0.00966495182365179
v 0.02095896005630493 0.005299984943121672 0.008683978579938412
v 0.020595960319042206 0.0030999770388007164 0.00966495182365179
v 0.02095896005630493 0.005299984943121672 0.008683978579938412
v 0.02095896005630493 0.0030999770388007164 0.008683978579938412
v 0.02095896005630493 0.0030999770388007164 0.008683978579938412
v 0.02095896005630493 0.005299984943121672 0.008683978579938412
v 0.021710989996790886 0.005299984943121672 0.007956980727612972
v 0.02095896005630493 0.0030999770388007164 0.008683978579938412
v 0.021710989996790886 0.005299984943121672 0.007956980727612972
v 0.021724989637732506 0.0029999609105288982 0.007979989051818848
v 0.021724989637732506 0.0029999609105288982 0.007979989051818848
v 0.021710989996790886 0.005299984943121672 0.007956980727612972
v 0.022703999653458595 0.005299984943121672 0.007628976833075285
v 0.021724989637732506 0.0029999609105288982 0.007979989051818848
v 0.022703999653458595 0.005299984943121672 0.007628976833075285
v 0.022703999653458595 0.0030999770388007164 0.007628976833075285
v 0.022703999653458595 0.0030999770388007164 0.007628976833075285
v 0.022703999653458595 0.005299984943121672 0.007628976833075285
v 0.023740939795970917 0.005299984943121672 0.007763980887830257
v 0.022703999653458595 0.0030999770388007164 0.007628976833075285
v 0.023740939795970917 0.005299984943121672 0.007763980887830257
v 0.023740939795970917 0.0030999770388007164 0.007763980887830257
v 0.023740939795970917 0.0030999770388007164 0.007763980887830257
v 0.023740939795970917 0.005299984943121672 0.007763980887830257
v 0.024616949260234833 0.0030999770388007164 0.008335947059094906
v 0.024616949260234833 0.0030999770388007164 0.008335947059094906
v 0.023740939795970917 0.005299984943121672 0.007763980887830257
v 0.024616949260234833 0.005299984943121672 0.008335947059094906
v 0.02072094939649105 0.0029999609105288982 0.010697959922254086
v 0.022312989458441734 0.002914964919909835 0.012108979746699333
v 0.02126896008849144 0.0030999770388007164 0.011634940281510353
v 0.02072094939649105 0.0029999609105288982 0.010697959922254086
v 0.020595960319042206 0.0030999770388007164 0.00966495182365179
v 0.02095896005630493 0.0030999770388007164 0.008683978579938412
v 0.02072094939649105 0.0029999609105288982 0.010697959922254086
v 0.02095896005630493 0.0030999770388007164 0.008683978579938412
v 0.021724989637732506 0.0029999609105288982 0.007979989051818848
v 0.023740939795970917 0.0030999770388007164 0.007763980887830257
v 0.025206979364156723 0.0030999770388007164 0.009399949572980404
v 0.022703999653458595 0.0030999770388007164 0.007628976833075285
v 0.021724989637732506 0.0029999609105288982 0.007979989051818848
v 0.022703999653458595 0.0030999770388007164 0.007628976833075285
v 0.02072094939649105 0.0029999609105288982 0.010697959922254086
v 0.025206979364156723 0.0030999770388007164 0.009399949572980404
v 0.023740939795970917 0.0030999770388007164 0.007763980887830257
v 0.024616949260234833 0.0030999770388007164 0.008335947059094906
v 0.02403496950864792 0.0029999609105288982 0.009709954261779785
v 0.023164980113506317 0.002899944083765149 0.00877594854682684
v 0.025206979364156723 0.0030999770388007164 0.009399949572980404
v 0.02072094939649105 0.0029999609105288982 0.010697959922254086
v 0.022703999653458595 0.0030999770388007164 0.007628976833075285
v 0.0221560001373291 0.002899944083765149 0.00902694370597601
v 0.022312989458441734 0.002914964919909835 0.012108979746699333
v 0.022687969729304314 0.002899944083765149 0.011161980219185352
v 0.024547990411520004 0.0030229680705815554 0.011647989973425865
v 0.024547990411520004 0.0030229680705815554 0.011647989973425865
v 0.022687969729304314 0.002899944083765149 0.011161980219185352
v 0.02369694970548153 0.002899944083765149 0.010909969918429852
v 0.025206979364156723 0.0030999770388007164 0.009399949572980404
v 0.023164980113506317 0.002899944083765149 0.00877594854682684
v 0.022703999653458595 0.0030999770388007164 0.007628976833075285
v 0.022703999653458595 0.0030999770388007164 0.007628976833075285
v 0.023164980113506317 0.002899944083765149 0.00877594854682684
v 0.0221560001373291 0.002899944083765149 0.00902694370597601
v 0.02403496950864792 0.0029999609105288982 0.009709954261779785
v 0.025206979364156723 0.0030999770388007164 0.009399949572980404
v 0.02369694970548153 0.002899944083765149 0.010909969918429852
v 0.02369694970548153 0.002899944083765149 0.010909969918429852
v 0.025206979364156723 0.0030999770388007164 0.009399949572980404
v 0.024547990411520004 0.0030229680705815554 0.011647989973425865
v 0.021773990243673325 0.002899944083765149 0.010358979925513268
v 0.02072094939649105 0.0029999609105288982 0.010697959922254086
v 0.0221560001373291 0.002899944083765149 0.00902694370597601
v 0.02072094939649105 0.0029999609105288982 0.010697959922254086
v 0.021773990243673325 0.002899944083765149 0.010358979925513268
v 0.022312989458441734 0.002914964919909835 0.012108979746699333
v 0.022312989458441734 0.002914964919909835 0.012108979746699333
v 0.021773990243673325 0.002899944083765149 0.010358979925513268
v 0.022687969729304314 0.002899944083765149 0.011161980219185352
v 0.025206979364156723 0.0030999770388007164 0.009399949572980404
v 0.025170980021357536 0.0030229680705815554 0.010611950419843197
v 0.024547990411520004 0.0030229680705815554 0.011647989973425865
v 0.024547990411520004 0.0030229680705815554 0.011647989973425865
v 0.023490959778428078 0.0030229680705815554 0.012233969755470753
v 0.022312989458441734 0.002914964919909835 0.012108979746699333
v 0.02266097068786621 0.003949998877942562 0.011051950044929981
v 0.023647960275411606 0.003999948035925627 0.010715959593653679
v 0.022687969729304314 0.002899944083765149 0.011161980219185352
v 0.022687969729304314 0.002899944083765149 0.011161980219185352
v 0.023647960275411606 0.003999948035925627 0.010715959593653679
v 0.02369694970548153 0.002899944083765149 0.010909969918429852
v 0.023647960275411606 0.003999948035925627 0.010715959593653679
v 0.02393496036529541 0.003999948035925627 0.009716986678540707
v 0.02369694970548153 0.002899944083765149 0.010909969918429852
v 0.02369694970548153 0.002899944083765149 0.010909969918429852
v 0.02393496036529541 0.003999948035925627 0.009716986678540707
v 0.02403496950864792 0.0029999609105288982 0.009709954261779785
v 0.02393496036529541 0.003999948035925627 0.009716986678540707
v 0.023284969851374626 0.0038999910466372967 0.008899985812604427
v 0.02403496950864792 0.0029999609105288982 0.009709954261779785
v 0.02403496950864792 0.0029999609105288982 0.009709954261779785
v 0.023284969851374626 0.0038999910466372967 0.008899985812604427
v 0.023164980113506317 0.002899944083765149 0.00877594854682684
v 0.023284969851374626 0.0038999910466372967 0.008899985812604427
v 0.022204989567399025 0.003999948035925627 0.009220956824719906
v 0.023164980113506317 0.002899944083765149 0.00877594854682684
v 0.023164980113506317 0.002899944083765149 0.00877594854682684
v 0.022204989567399025 0.003999948035925627 0.009220956824719906
v 0.0221560001373291 0.002899944083765149 0.00902694370597601
v 0.022204989567399025 0.003999948035925627 0.009220956824719906
v 0.021821970120072365 0.0038999910466372967 0.01019299030303955
v 0.0221560001373291 0.002899944083765149 0.00902694370597601
v 0.0221560001373291 0.002899944083765149 0.00902694370597601
v 0.021821970120072365 0.0038999910466372967 0.01019299030303955
v 0.021773990243673325 0.002899944083765149 0.010358979925513268
v 0.021773990243673325 0.002899944083765149 0.010358979925513268
v 0.021821970120072365 0.0038999910466372967 0.01019299030303955
v 0.022687969729304314 0.002899944083765149 0.011161980219185352
v 0.022687969729304314 0.002899944083765149 0.011161980219185352
v 0.021821970120072365 0.0038999910466372967 0.01019299030303955
v 0.02266097068786621 0.003949998877942562 0.011051950044929981
v 0.023284969851374626 0.0038999910466372967 0.008899985812604427
v 0.02393496036529541 0.003999948035925627 0.009716986678540707
v 0.022204989567399025 0.003999948035925627 0.009220956824719906
v 0.022204989567399025 0.003999948035925627 0.009220956824719906
v 0.02393496036529541 0.003999948035925627 0.009716986678540707
v 0.023647960275411606 0.003999948035925627 0.010715959593653679
v 0.022204989567399025 0.003999948035925627 0.009220956824719906
v 0.023647960275411606 0.003999948035925627 0.010715959593653679
v 0.021821970120072365 0.0038999910466372967 0.01019299030303955
v 0.021821970120072365 0.0038999910466372967 0.01019299030303955
v 0.023647960275411606 0.003999948035925627 0.010715959593653679
v 0.02266097068786621 0.003949998877942562 0.011051950044929981
v -0.017652979120612144 0.004480957053601742 -0.0076759448274970055
v -0.01835297979414463 0.003999948035925627 -0.0072879791259765625
v -0.01836800016462803 0.003999948035925627 -0.008035956881940365
v -0.01836800016462803 0.003999948035925627 -0.008035956881940365
v -0.017461949959397316 0.003999948035925627 -0.008452950976788998
v -0.017652979120612144 0.004480957053601742 -0.0076759448274970055
v -0.017461949959397316 0.003999948035925627 -0.008452950976788998
v -0.016927000135183334 0.003999948035925627 -0.00800997018814087
v -0.017652979120612144 0.004480957053601742 -0.0076759448274970055
v -0.016927000135183334 0.003999948035925627 -0.00800997018814087
v -0.01726596988737583 0.003999948035925627 -0.006975947879254818
v -0.017652979120612144 0.004480957053601742 -0.0076759448274970055
v -0.01726596988737583 0.003999948035925627 -0.006975947879254818
v -0.01835297979414463 0.003999948035925627 -0.0072879791259765625
v -0.017652979120612144 0.004480957053601742 -0.0076759448274970055
v -0.019054939970374107 0.003999948035925627 -0.00111299694981426
v -0.01844698004424572 0.003999948035925627 -0.0003220000071451068
v -0.019246989861130714 0.004480957053601742 -0.00033599999733269215
v -0.020046940073370934 0.003999948035925627 -0.0003499999875202775
v -0.019054939970374107 0.003999948035925627 -0.00111299694981426
v -0.019246989861130714 0.004480957053601742 -0.00033599999733269215
v -0.01844698004424572 0.003999948035925627 -0.0003220000071451068
v -0.018758950755000114 0.003999948035925627 0.00029799999902024865
v -0.019246989861130714 0.004480957053601742 -0.00033599999733269215
v -0.018758950755000114 0.003999948035925627 0.00029799999902024865
v -0.019756970927119255 0.003999948035925627 0.0002809999859891832
v -0.019246989861130714 0.004480957053601742 -0.00033599999733269215
v -0.019756970927119255 0.003999948035925627 0.0002809999859891832
v -0.020046940073370934 0.003999948035925627 -0.0003499999875202775
v -0.019246989861130714 0.004480957053601742 -0.00033599999733269215
v 0.017910949885845184 0.004600942134857178 -0.007054984103888273
v 0.017035959288477898 0.003999948035925627 -0.00656998110935092
v 0.017300959676504135 0.003999948035925627 -0.007847963832318783
v 0.017300959676504135 0.003999948035925627 -0.007847963832318783
v 0.01814997009932995 0.003999948035925627 -0.008025944232940674
v 0.017910949885845184 0.004600942134857178 -0.007054984103888273
v 0.01814997009932995 0.003999948035925627 -0.008025944232940674
v 0.018909990787506104 0.003999948035925627 -0.007037996780127287
v 0.017910949885845184 0.004600942134857178 -0.007054984103888273
v 0.017910949885845184 0.004600942134857178 -0.007054984103888273
v 0.01876794919371605 0.003999948035925627 -0.006539999973028898
v 0.017892949283123016 0.003999948035925627 -0.006054996978491545
v 0.018909990787506104 0.003999948035925627 -0.007037996780127287
v 0.01876794919371605 0.003999948035925627 -0.006539999973028898
v 0.017910949885845184 0.004600942134857178 -0.007054984103888273
v 0.017892949283123016 0.003999948035925627 -0.006054996978491545
v 0.017035959288477898 0.003999948035925627 -0.00656998110935092
v 0.017910949885845184 0.004600942134857178 -0.007054984103888273
v 0.0076759448274970055 0.004480957053601742 -0.017652979120612144
v 0.0072879791259765625 0.003999948035925627 -0.01835297979414463
v 0.008035956881940365 0.003999948035925627 -0.01836800016462803
v 0.008035956881940365 0.003999948035925627 -0.01836800016462803
v 0.008452950976788998 0.003999948035925627 -0.017461949959397316
v 0.0076759448274970055 0.004480957053601742 -0.017652979120612144
v 0.008452950976788998 0.003999948035925627 -0.017461949959397316
v 0.00800997018814087 0.003999948035925627 -0.016927000135183334
v 0.0076759448274970055 0.004480957053601742 -0.017652979120612144
v 0.00800997018814087 0.003999948035925627 -0.016927000135183334
v 0.006975947879254818 0.003999948035925627 -0.01726596988737583
v 0.0076759448274970055 0.004480957053601742 -0.017652979120612144
v 0.006975947879254818 0.003999948035925627 -0.01726596988737583
v 0.0072879791259765625 0.003999948035925627 -0.01835297979414463
v 0.0076759448274970055 0.004480957053601742 -0.017652979120612144
v -0.0138469897210598 0.004480957053601742 0.013372000306844711
v -0.014334970153868198 0.003999948035925627 0.012737980112433434
v -0.013337959535419941 0.003999948035925627 0.012755990028381348
v -0.014646939933300018 0.003999948035925627 0.01335799042135477
v -0.014334970153868198 0.003999948035925627 0.012737980112433434
v -0.0138469897210598 0.004480957053601742 0.013372000306844711
v -0.0138469897210598 0.004480957053601742 0.013372000306844711
v -0.013337959535419941 0.003999948035925627 0.012755990028381348
v -0.013046969659626484 0.003999948035925627 0.013385949656367302
v -0.013046969659626484 0.003999948035925627 0.013385949656367302
v -0.013458959758281708 0.003999948035925627 0.014072000049054623
v -0.0138469897210598 0.004480957053601742 0.013372000306844711
v -0.0138469897210598 0.004480957053601742 0.013372000306844711
v -0.014258979819715023 0.003999948035925627 0.014057990163564682
v -0.014646939933300018 0.003999948035925627 0.01335799042135477
v -0.013458959758281708 0.003999948035925627 0.014072000049054623
v -0.014258979819715023 0.003999948035925627 0.014057990163564682
v -0.0138469897210598 0.004480957053601742 0.013372000306844711
v -0.008154988288879395 0.009199975989758968 -0.020702000707387924
v -0.008947967551648617 0.009799957275390625 -0.020518949255347252
v -0.008154988288879395 0.009799957275390625 -0.020702000707387924
v -0.008154988288879395 0.009199975989758968 -0.020702000707387924
v -0.008154988288879395 0.009799957275390625 -0.020702000707387924
v -0.007448970805853605 0.009199975989758968 -0.021108979359269142
v -0.008947967551648617 0.009799957275390625 -0.020518949255347252
v -0.008154988288879395 0.009199975989758968 -0.020702000707387924
v -0.007448970805853605 0.009199975989758968 -0.021108979359269142
v -0.008947967551648617 0.009799957275390625 -0.020518949255347252
v -0.007448970805853605 0.009199975989758968 -0.021108979359269142
v -0.008154988288879395 0.009799957275390625 -0.020702000707387924
v 0.01908295974135399 0.003999948035925627 -0.000446999998530373
v 0.0199469905346632 0.003999948035925627 -0.00005199999941396527
v 0.019246989861130714 0.004480957053601742 0.00033599999733269215
v 0.019246989861130714 0.004480957053601742 0.00033599999733269215
v 0.0199469905346632 0.003999948035925627 -0.00005199999941396527
v 0.020046940073370934 0.003999948035925627 0.0003499999875202775
v 0.01844698004424572 0.003999948035925627 0.0003220000071451068
v 0.01908295974135399 0.003999948035925627 -0.000446999998530373
v 0.019246989861130714 0.004480957053601742 0.00033599999733269215
v 0.020046940073370934 0.003999948035925627 0.0003499999875202775
v 0.01973496936261654 0.003999948035925627 0.0009699999936856329
v 0.019246989861130714 0.004480957053601742 0.00033599999733269215
v 0.01973496936261654 0.003999948035925627 0.0009699999936856329
v 0.0187369491904974 0.003999948035925627 0.0009529999806545675
v 0.019246989861130714 0.004480957053601742 0.00033599999733269215
v 0.0187369491904974 0.003999948035925627 0.0009529999806545675
v 0.01844698004424572 0.003999948035925627 0.0003220000071451068
v 0.019246989861130714 0.004480957053601742 0.00033599999733269215
v -0.00033599999733269215 0.004480957053601742 0.019246989861130714
v -0.001035987981595099 0.003999948035925627 0.01963496021926403
v -0.001021981006488204 0.003999948035925627 0.01883493922650814
v -0.00014400000509340316 0.003999948035925627 0.018469979986548424
v 0.00046400001156143844 0.003999948035925627 0.01926100067794323
v -0.00033599999733269215 0.004480957053601742 0.019246989861130714
v -0.001021981006488204 0.003999948035925627 0.01883493922650814
v -0.00014400000509340316 0.003999948035925627 0.018469979986548424
v -0.00033599999733269215 0.004480957053601742 0.019246989861130714
v 0.00046400001156143844 0.003999948035925627 0.01926100067794323
v 0.00005199999941396527 0.003999948035925627 0.0199469905346632
v -0.00033599999733269215 0.004480957053601742 0.019246989861130714
v 0.00005199999941396527 0.003999948035925627 0.0199469905346632
v -0.001035987981595099 0.003999948035925627 0.01963496021926403
v -0.00033599999733269215 0.004480957053601742 0.019246989861130714
v -0.007689951919019222 0.003999948035925627 0.018453000113368034
v -0.008375941775739193 0.003999948035925627 0.01804094947874546
v -0.0076759448274970055 0.004480957053601742 0.017652979120612144
v -0.008375941775739193 0.003999948035925627 0.01804094947874546
v -0.008063971064984798 0.003999948035925627 0.016953999176621437
v -0.0076759448274970055 0.004480957053601742 0.017652979120612144
v -0.0076759448274970055 0.004480957053601742 0.017652979120612144
v -0.008063971064984798 0.003999948035925627 0.016953999176621437
v -0.007315992843359709 0.003999948035925627 0.016938980668783188
v -0.007315992843359709 0.003999948035925627 0.016938980668783188
v -0.006892979145050049 0.003999948035925627 0.017488950863480568
v -0.0076759448274970055 0.004480957053601742 0.017652979120612144
v -0.0076759448274970055 0.004480957053601742 0.017652979120612144
v -0.007058978080749512 0.003999948035925627 0.018162960186600685
v -0.007689951919019222 0.003999948035925627 0.018453000113368034
v -0.006892979145050049 0.003999948035925627 0.017488950863480568
v -0.007058978080749512 0.003999948035925627 0.018162960186600685
v -0.0076759448274970055 0.004480957053601742 0.017652979120612144
v -0.021108979359269142 0.009199975989758968 0.007448970805853605
v -0.020702000707387924 0.009799957275390625 0.008154988288879395
v -0.020518949255347252 0.009799957275390625 0.008947967551648617
v -0.021108979359269142 0.009199975989758968 0.007448970805853605
v -0.020518949255347252 0.009799957275390625 0.008947967551648617
v -0.020702000707387924 0.009199975989758968 0.008154988288879395
v -0.020702000707387924 0.009199975989758968 0.008154988288879395
v -0.020518949255347252 0.009799957275390625 0.008947967551648617
v -0.020702000707387924 0.009799957275390625 0.008154988288879395
v -0.020702000707387924 0.009199975989758968 0.008154988288879395
v -0.020702000707387924 0.009799957275390625 0.008154988288879395
v -0.021108979359269142 0.009199975989758968 0.007448970805853605
v 0.013207970187067986 0.003999948035925627 0.013063959777355194
v 0.013881980441510677 0.003999948035925627 0.01323097012937069
v 0.013372000306844711 0.004480957053601742 0.0138469897210598
v 0.013372000306844711 0.004480957053601742 0.0138469897210598
v 0.013881980441510677 0.003999948035925627 0.01323097012937069
v 0.014171949587762356 0.003999948035925627 0.01386099960654974
v 0.012571989558637142 0.003999948035925627 0.013832979835569859
v 0.013207970187067986 0.003999948035925627 0.013063959777355194
v 0.013372000306844711 0.004480957053601742 0.0138469897210598
v 0.014171949587762356 0.003999948035925627 0.01386099960654974
v 0.013859979808330536 0.003999948035925627 0.01448094006627798
v 0.013372000306844711 0.004480957053601742 0.0138469897210598
v 0.012862980365753174 0.003999948035925627 0.014463960193097591
v 0.012571989558637142 0.003999948035925627 0.013832979835569859
v 0.013372000306844711 0.004480957053601742 0.0138469897210598
v 0.013859979808330536 0.003999948035925627 0.01448094006627798
v 0.012862980365753174 0.003999948035925627 0.014463960193097591
v 0.013372000306844711 0.004480957053601742 0.0138469897210598
v 0.020404990762472153 0.009199975989758968 0.008871971629559994
v 0.020835990086197853 0.009799957275390625 0.008181989192962646
v 0.020404990762472153 0.009799957275390625 0.008871971629559994
v 0.020404990762472153 0.009199975989758968 0.008871971629559994
v 0.020404990762472153 0.009799957275390625 0.008871971629559994
v 0.02019399031996727 0.009199975989758968 0.009658992290496826
v 0.020835990086197853 0.009799957275390625 0.008181989192962646
v 0.020404990762472153 0.009199975989758968 0.008871971629559994
v 0.02019399031996727 0.009199975989758968 0.009658992290496826
v 0.020835990086197853 0.009799957275390625 0.008181989192962646
v 0.02019399031996727 0.009199975989758968 0.009658992290496826
v 0.020404990762472153 0.009799957275390625 0.008871971629559994
v 0.00033599999733269215 0.004480957053601742 -0.019246989861130714
v -0.0003640000068116933 0.003999948035925627 -0.018858959898352623
v -0.00037900000461377203 0.003999948035925627 -0.01960694044828415
v 0.00033599999733269215 0.004480957053601742 -0.019246989861130714
v 0.0001720000000204891 0.003999948035925627 -0.020029960200190544
v 0.0008459999808110297 0.003999948035925627 -0.019863959401845932
v -0.00037900000461377203 0.003999948035925627 -0.01960694044828415
v 0.0001720000000204891 0.003999948035925627 -0.020029960200190544
v 0.00033599999733269215 0.004480957053601742 -0.019246989861130714
v 0.0008459999808110297 0.003999948035925627 -0.019863959401845932
v 0.001135944970883429 0.003999948035925627 -0.01923298090696335
v 0.00033599999733269215 0.004480957053601742 -0.019246989861130714
v 0.001135944970883429 0.003999948035925627 -0.01923298090696335
v 0.0007239999831654131 0.003999948035925627 -0.01854698918759823
v 0.00033599999733269215 0.004480957053601742 -0.019246989861130714
v 0.0007239999831654131 0.003999948035925627 -0.01854698918759823
v -0.0003640000068116933 0.003999948035925627 -0.018858959898352623
v 0.00033599999733269215 0.004480957053601742 -0.019246989861130714
v 0.008947967551648617 0.009799957275390625 0.020518949255347252
v 0.008154988288879395 0.009199975989758968 0.020702000707387924
v 0.007448970805853605 0.009199975989758968 0.021108979359269142
v 0.008947967551648617 0.009799957275390625 0.020518949255347252
v 0.007448970805853605 0.009199975989758968 0.021108979359269142
v 0.008154988288879395 0.009799957275390625 0.020702000707387924
v 0.008154988288879395 0.009199975989758968 0.020702000707387924
v 0.008947967551648617 0.009799957275390625 0.020518949255347252
v 0.008154988288879395 0.009799957275390625 0.020702000707387924
v 0.008154988288879395 0.009199975989758968 0.020702000707387924
v 0.008154988288879395 0.009799957275390625 0.020702000707387924
v 0.007448970805853605 0.009199975989758968 0.021108979359269142
v 0.009658992290496826 0.009199975989758968 -0.02019399031996727
v 0.008871971629559994 0.009799957275390625 -0.020404990762472153
v 0.008181989192962646 0.009799957275390625 -0.020835990086197853
v 0.009658992290496826 0.009199975989758968 -0.02019399031996727
v 0.008181989192962646 0.009799957275390625 -0.020835990086197853
v 0.008871971629559994 0.009199975989758968 -0.020404990762472153
v 0.008871971629559994 0.009199975989758968 -0.020404990762472153
v 0.008181989192962646 0.009799957275390625 -0.020835990086197853
v 0.008871971629559994 0.009799957275390625 -0.020404990762472153
v 0.008871971629559994 0.009199975989758968 -0.020404990762472153
v 0.008871971629559994 0.009799957275390625 -0.020404990762472153
v 0.009658992290496826 0.009199975989758968 -0.02019399031996727
vt 0 0
vt 0 0
vt 0 0
vt 0 0
vt 0 0
vt 0 0
vt 0 0
vt 0 0
vt 0 0
vt 0 0
vt 0 0
vt 0 0
vt 0 0
vt 0 0
vt 0 0
vt 0 0
vt 0 0
vt 0 0
vt 0 0
vt 0 0
vt 0 0
vt 0 0
vt 0 0
vt 0 0
vt 0 0
vt 0 0
vt 0 0
vt 0 0
vt 0 0
vt 0 0
vt 0 0
vt 0 0
vt 0 0
vt 0 0
vt 0 0
vt 0 0
vt 0 0
vt 0 0
vt 0 0
vt 0 0
vt 0 0
vt 0 0
vt 0 0
vt 0 0
vt 0 0
vt 0 0
vt 0 0
vt 0 0
vt 0 0
vt 0 0
vt 0 0
vt 0 0
vt 0 0
vt 0 0
vt 0 0
vt 0 0
vt 0 0
vt 0 0
vt 0 0
vt 0 0
vt 0 0
vt 0 0
vt 0 0
vt 0 0
vt 0 0
vt 0 0
vt 0 0
vt 0 0
vt 0 0
vt 0 0
vt 0 0
vt 0 0
vt 0 0
vt 0 0
vt 0 0
vt 0 0
vt 0 0
vt 0 0
vt 0 0
vt 0 0
vt 0 0
vt 0 0
vt 0 0
vt 0 0
vt 0 0
vt 0 0
vt 0 0
vt 0 0
vt 0 0
vt 0 0
vt 0 0
vt 0 0
vt 0 0
vt 0 0
vt 0 0
vt 0 0
vt 0 0
vt 0 0
vt 0 0
vt 0 0
vt 0 0
vt 0 0
vt 0 0
vt 0 0
vt 0 0
vt 0 0
vt 0 0
vt 0 0
vt 0 0
vt 0 0
vt 0 0
vt 0 0
vt 0 0
vt 0 0
vt 0 0
vt 0 0
vt 0 0
vt 0 0
vt 0 0
vt 0 0
vt 0 0
vt 0 0
vt 0 0
vt 0 0
vt 0 0
vt 0 0
vt 0 0
vt 0 0
vt 0 0
vt 0 0
vt 0 0
vt 0 0
vt 0 0
vt 0 0
vt 0 0
vt 0 0
vt 0 0
vt 0 0
vt 0 0
vt 0 0
vt 0 0
vt 0 0
vt 0 0
vt 0 0
vt 0 0
vt 0 0
vt 0 0
vt 0 0
vt 0 0
vt 0 0
vt 0 0
vt 0 0
vt 0 0
vt 0 0
vt 0 0
vt 0 0
vt 0 0
vt 0 0
vt 0 0
vt 0 0
vt 0 0
vt 0 0
vt 0 0
vt 0 0
vt 0 0
vt 0 0
vt 0 0
vt 0 0
vt 0 0
vt 0 0
vt 0 0
vt 0 0
vt 0 0
vt 0 0
vt 0 0
vt 0 0
vt 0 0
vt 0 0
vt 0 0
vt 0 0
vt 0 0
vt 0 0
vt 0 0
vt 0 0
vt 0 0
vt 0 0
vt 0 0
vt 0 0
vt 0 0
vt 0 0
vt 0 0
vt 0 0
vt 0 0
vt 0 0
vt 0 0
vt 0 0
vt 0 0
vt 0 0
vt 0 0
vt 0 0
vt 0 0
vt 0 0
vt 0 0
vt 0 0
vt 0 0
vt 0 0
vt 0 0
vt 0 0
vt 0 0
vt 0 0
vt 0 0
vt 0 0
vt 0 0
vt 0 0
vt 0 0
vt 0 0
vt 0 0
vt 0 0
vt 0 0
vt 0 0
vt 0 0
vt 0 0
vt 0 0
vt 0 0
vt 0 0
vt 0 0
vt 0 0
vt 0 0
vt 0 0
vt 0 0
vt 0 0
vt 0 0
vt 0 0
vt 0 0
vt 0 0
vt 0 0
vt 0 0
vt 0 0
vt 0 0
vt 0 0
vt 0 0
vt 0 0
vt 0 0
vt 0 0
vt 0 0
vt 0 0
vt 0 0
vt 0 0
vt 0 0
vt 0 0
vt 0 0
vt 0 0
vt 0 0
vt 0 0
vt 0 0
vt 0 0
vt 0 0
vt 0 0
vt 0 0
vt 0 0
vt 0 0
vt 0 0
vt 0 0
vt 0 0
vt 0 0
vt 0 0
vt 0 0
vt 0 0
vt 0 0
vt 0 0
vt 0 0
vt 0 0
vt 0 0
vt 0 0
vt 0 0
vt 0 0
vt 0 0
vt 0 0
vt 0 0
vt 0 0
vt 0 0
vt 0 0
vt 0 0
vt 0 0
vt 0 0
vt 0 0
vt 0 0
vt 0 0
vt 0 0
vt 0 0
vt 0 0
vt 0 0
vt 0 0
vt 0 0
vt 0 0
vt 0 0
vt 0 0
vt 0 0
vt 0 0
vt 0 0
vt 0 0
vt 0 0
vt 0 0
vt 0 0
vt 0 0
vt 0 0
vt 0 0
vt 0 0
vt 0 0
vt 0 0
vt 0 0
vt 0 0
vt 0 0
vt 0 0
vt 0 0
vt 0 0
vt 0 0
vt 0 0
vt 0 0
vt 0 0
vt 0 0
vt 0 0
vt 0 0
vt 0 0
vt 0 0
vt 0 0
vt 0 0
vt 0 0
vt 0 0
vt 0 0
vt 0 0
vt 0 0
vt 0 0
vt 0 0
vt 0 0
vt 0 0
vt 0 0
vt 0 0
vt 0 0
vt 0 0
vt 0 0
vt 0 0
vt 0 0
vt 0 0
vt 0 0
vt 0 0
vt 0 0
vt 0 0
vt 0 0
vt 0 0
vt 0 0
vt 0 0
vt 0 0
vt 0 0
vt 0 0
vt 0 0
vt 0 0
vt 0 0
vt 0 0
vt 0 0
vt 0 0
vt 0 0
vt 0 0
vt 0 0
vt 0 0
vt 0 0
vt 0 0
vt 0 0
vt 0 0
vt 0 0
vt 0 0
vt 0 0
vt 0 0
vt 0 0
vt 0 0
vt 0 0
vt 0 0
vt 0 0
vt 0 0
vt 0 0
vt 0 0
vt 0 0
vt 0 0
vt 0 0
vt 0 0
vt 0 0
vt 0 0
vt 0 0
vt 0 0
vt 0 0
vt 0 0
vt 0 0
vt 0 0
vt 0 0
vt 0 0
vt 0 0
vt 0 0
vt 0 0
vt 0 0
vt 0 0
vt 0 0
vt 0 0
vt 0 0
vt 0 0
vt 0 0
vt 0 0
vt 0 0
vt 0 0
vt 0 0
vt 0 0
vt 0 0
vt 0 0
vt 0 0
vt 0 0
vt 0 0
vt 0 0
vt 0 0
vt 0 0
vt 0 0
vt 0 0
vt 0 0
vt 0 0
vt 0 0
vt 0 0
vt 0 0
vt 0 0
vt 0 0
vt 0 0
vt 0 0
vt 0 0
vt 0 0
vt 0 0
vt 0 0
vt 0 0
vt 0 0
vt 0 0
vt 0 0
vt 0 0
vt 0 0
vt 0 0
vt 0 0
vt 0 0
vt 0 0
vt 0 0
vt 0 0
vt 0 0
vt 0 0
vt 0 0
vt 0 0
vt 0 0
vt 0 0
vt 0 0
vt 0 0
vt 0 0
vt 0 0
vt 0 0
vt 0 0
vt 0 0
vt 0 0
vt 0 0
vt 0 0
vt 0 0
vt 0 0
vt 0 0
vt 0 0
vt 0 0
vt 0 0
vt 0 0
vt 0 0
vt 0 0
vt 0 0
vt 0 0
vt 0 0
vt 0 0
vt 0 0
vt 0 0
vt 0 0
vt 0 0
vt 0 0
vt 0 0
vt 0 0
vt 0 0
vt 0 0
vt 0 0
vt 0 0
vt 0 0
vt 0 0
vt 0 0
vt 0 0
vt 0 0
vt 0 0
vt 0 0
vt 0 0
vt 0 0
vt 0 0
vt 0 0
vt 0 0
vt 0 0
vt 0 0
vt 0 0
vt 0 0
vt 0 0
vt 0 0
vt 0 0
vt 0 0
vt 0 0
vt 0 0
vt 0 0
vt 0 0
vt 0 0
vt 0 0
vt 0 0
vt 0 0
vt 0 0
vt 0 0
vt 0 0
vt 0 0
vt 0 0
vt 0 0
vt 0 0
vt 0 0
vt 0 0
vt 0 0
vt 0 0
vt 0 0
vt 0 0
vt 0 0
vt 0 0
vt 0 0
vt 0 0
vt 0 0
vt 0 0
vt 0 0
vt 0 0
vt 0 0
vt 0 0
vt 0 0
vt 0 0
vt 0 0
vt 0 0
vt 0 0
vt 0 0
vt 0 0
vt 0 0
vt 0 0
vt 0 0
vt 0 0
vt 0 0
vt 0 0
vt 0 0
vt 0 0
vt 0 0
vt 0 0
vt 0 0
vt 0 0
vt 0 0
vt 0 0
vt 0 0
vt 0 0
vt 0 0
vt 0 0
vt 0 0
vt 0 0
vt 0 0
vt 0 0
vt 0 0
vt 0 0
vt 0 0
vt 0 0
vt 0 0
vt 0 0
vt 0 0
vt 0 0
vt 0 0
vt 0 0
vt 0 0
vt 0 0
vt 0 0
vt 0 0
vt 0 0
vt 0 0
vt 0 0
vt 0 0
vt 0 0
vt 0 0
vt 0 0
vt 0 0
vt 0 0
vt 0 0
vt 0 0
vt 0 0
vt 0 0
vt 0 0
vt 0 0
vt 0 0
vt 0 0
vt 0 0
vt 0 0
vt 0 0
vt 0 0
vt 0 0
vt 0 0
vt 0 0
vt 0 0
vt 0 0
vt 0 0
vt 0 0
vt 0 0
vt 0 0
vt 0 0
vt 0 0
vt 0 0
vt 0 0
vt 0 0
vt 0 0
vt 0 0
vt 0 0
vt 0 0
vt 0 0
vt 0 0
vt 0 0
vt 0 0
vt 0 0
vt 0 0
vt 0 0
vt 0 0
vt 0 0
vt 0 0
vt 0 0
vt 0 0
vt 0 0
vt 0 0
vt 0 0
vt 0 0
vt 0 0
vt 0 0
vt 0 0
vt 0 0
vt 0 0
vt 0 0
vt 0 0
vt 0 0
vt 0 0
vt 0 0
vt 0 0
vt 0 0
vt 0 0
vt 0 0
vt 0 0
vt 0 0
vt 0 0
vt 0 0
vt 0 0
vt 0 0
vt 0 0
vt 0 0
vt 0 0
vt 0 0
vt 0 0
vt 0 0
vt 0 0
vt 0 0
vt 0 0
vt 0 0
vt 0 0
vt 0 0
vt 0 0
vt 0 0
vt 0 0
vt 0 0
vt 0 0
vt 0 0
vt 0 0
vt 0 0
vt 0 0
vt 0 0
vt 0 0
vt 0 0
vt 0 0
vt 0 0
vt 0 0
vt 0 0
vt 0 0
vt 0 0
vt 0 0
vt 0 0
vt 0 0
vt 0 0
vt 0 0
vt 0 0
vt 0 0
vt 0 0
vt 0 0
vt 0 0
vt 0 0
vt 0 0
vt 0 0
vt 0 0
vt 0 0
vt 0 0
vt 0 0
vt 0 0
vt 0 0
vt 0 0
vt 0 0
vt 0 0
vt 0 0
vt 0 0
vt 0 0
vt 0 0
vt 0 0
vt 0 0
vt 0 0
vt 0 0
vt 0 0
vt 0 0
vt 0 0
vt 0 0
vt 0 0
vt 0 0
vt 0 0
vt 0 0
vt 0 0
vt 0 0
vt 0 0
vt 0 0
vt 0 0
vt 0 0
vt 0 0
vt 0 0
vt 0 0
vt 0 0
vt 0 0
vt 0 0
vt 0 0
vt 0 0
vt 0 0
vt 0 0
vt 0 0
vt 0 0
vt 0 0
vt 0 0
vt 0 0
vt 0 0
vt 0 0
vt 0 0
vt 0 0
vt 0 0
vt 0 0
vt 0 0
vt 0 0
vt 0 0
vt 0 0
vt 0 0
vt 0 0
vt 0 0
vt 0 0
vt 0 0
vt 0 0
vt 0 0
vt 0 0
vt 0 0
vt 0 0
vt 0 0
vt 0 0
vt 0 0
vt 0 0
vt 0 0
vt 0 0
vt 0 0
vt 0 0
vt 0 0
vt 0 0
vt 0 0
vt 0 0
vt 0 0
vt 0 0
vt 0 0
vt 0 0
vt 0 0
vt 0 0
vt 0 0
vt 0 0
vt 0 0
vt 0 0
vt 0 0
vt 0 0
vt 0 0
vt 0 0
vt 0 0
vt 0 0
vt 0 0
vt 0 0
vt 0 0
vt 0 0
vt 0 0
vt 0 0
vt 0 0
vt 0 0
vt 0 0
vt 0 0
vt 0 0
vt 0 0
vt 0 0
vt 0 0
vt 0 0
vt 0 0
vt 0 0
vt 0 0
vt 0 0
vt 0 0
vt 0 0
vt 0 0
vt 0 0
vt 0 0
vt 0 0
vt 0 0
vt 0 0
vt 0 0
vt 0 0
vt 0 0
vt 0 0
vt 0 0
vt 0 0
vt 0 0
vt 0 0
vt 0 0
vt 0 0
vt 0 0
vt 0 0
vt 0 0
vt 0 0
vt 0 0
vt 0 0
vt 0 0
vt 0 0
vt 0 0
vt 0 0
vt 0 0
vt 0 0
vt 0 0
vt 0 0
vt 0 0
vt 0 0
vt 0 0
vt 0 0
vt 0 0
vt 0 0
vt 0 0
vt 0 0
vt 0 0
vt 0 0
vt 0 0
vt 0 0
vt 0 0
vt 0 0
vt 0 0
vt 0 0
vt 0 0
vt 0 0
vt 0 0
vt 0 0
vt 0 0
vt 0 0
vt 0 0
vt 0 0
vt 0 0
vt 0 0
vt 0 0
vt 0 0
vt 0 0
vt 0 0
vt 0 0
vt 0 0
vt 0 0
vt 0 0
vt 0 0
vt 0 0
vt 0 0
vt 0 0
vt 0 0
vt 0 0
vt 0 0
vt 0 0
vt 0 0
vt 0 0
vt 0 0
vt 0 0
vt 0 0
vt 0 0
vt 0 0
vt 0 0
vt 0 0
vt 0 0
vt 0 0
vt 0 0
vt 0 0
vt 0 0
vt 0 0
vt 0 0
vt 0 0
vt 0 0
vt 0 0
vt 0 0
vt 0 0
vt 0 0
vt 0 0
vt 0 0
vt 0 0
vt 0 0
vt 0 0
vt 0 0
vt 0 0
vt 0 0
vt 0 0
vt 0 0
vt 0 0
vt 0 0
vt 0 0
vt 0 0
vt 0 0
vt 0 0
vt 0 0
vt 0 0
vt 0 0
vt 0 0
vt 0 0
vt 0 0
vt 0 0
vt 0 0
vt 0 0
vt 0 0
vt 0 0
vt 0 0
vt 0 0
vt 0 0
vt 0 0
vt 0 0
vt 0 0
vt 0 0
vt 0 0
vt 0 0
vt 0 0
vt 0 0
vt 0 0
vt 0 0
vt 0 0
vt 0 0
vt 0 0
vt 0 0
vt 0 0
vt 0 0
vt 0 0
vt 0 0
vt 0 0
vt 0 0
vt 0 0
vt 0 0
vt 0 0
vt 0 0
vt 0 0
vt 0 0
vt 0 0
vt 0 0
vt 0 0
vt 0 0
vt 0 0
vt 0 0
vt 0 0
vt 0 0
vt 0 0
vt 0 0
vt 0 0
vt 0 0
vt 0 0
vt 0 0
vt 0 0
vt 0 0
vt 0 0
vt 0 0
vt 0 0
vt 0 0
vt 0 0
vt 0 0
vt 0 0
vt 0 0
vt 0 0
vt 0 0
vt 0 0
vt 0 0
vt 0 0
vt 0 0
vt 0 0
vt 0 0
vt 0 0
vt 0 0
vt 0 0
vt 0 0
vt 0 0
vt 0 0
vt 0 0
vt 0 0
vt 0 0
vt 0 0
vt 0 0
vt 0 0
vt 0 0
vt 0 0
vt 0 0
vt 0 0
vt 0 0
vt 0 0
vt 0 0
vt 0 0
vt 0 0
vt 0 0
vt 0 0
vt 0 0
vt 0 0
vt 0 0
vt 0 0
vt 0 0
vt 0 0
vt 0 0
vt 0 0
vt 0 0
vt 0 0
vt 0 0
vt 0 0
vt 0 0
vt 0 0
vt 0 0
vt 0 0
vt 0 0
vt 0 0
vt 0 0
vt 0 0
vt 0 0
vt 0 0
vt 0 0
vt 0 0
vt 0 0
vt 0 0
vt 0 0
vt 0 0
vt 0 0
vt 0 0
vt 0 0
vt 0 0
vt 0 0
vt 0 0
vt 0 0
vt 0 0
vt 0 0
vt 0 0
vt 0 0
vt 0 0
vt 0 0
vt 0 0
vt 0 0
vt 0 0
vt 0 0
vt 0 0
vt 0 0
vt 0 0
vt 0 0
vt 0 0
vt 0 0
vt 0 0
vt 0 0
vt 0 0
vt 0 0
vt 0 0
vt 0 0
vt 0 0
vt 0 0
vt 0 0
vt 0 0
vt 0 0
vt 0 0
vt 0 0
vt 0 0
vt 0 0
vt 0 0
vt 0 0
vt 0 0
vt 0 0
vt 0 0
vt 0 0
vt 0 0
vt 0 0
vt 0 0
vt 0 0
vt 0 0
vt 0 0
vt 0 0
vt 0 0
vt 0 0
vt 0 0
vt 0 0
vt 0 0
vt 0 0
vt 0 0
vt 0 0
vt 0 0
vt 0 0
vt 0 0
vt 0 0
vt 0 0
vt 0 0
vt 0 0
vt 0 0
vt 0 0
vt 0 0
vt 0 0
vt 0 0
vt 0 0
vt 0 0
vt 0 0
vt 0 0
vt 0 0
vt 0 0
vt 0 0
vt 0 0
vt 0 0
vt 0 0
vt 0 0
vt 0 0
vt 0 0
vt 0 0
vt 0 0
vt 0 0
vt 0 0
vt 0 0
vt 0 0
vt 0 0
vt 0 0
vt 0 0
vt 0 0
vt 0 0
vt 0 0
vt 0 0
vt 0 0
vt 0 0
vt 0 0
vt 0 0
vt 0 0
vt 0 0
vt 0 0
vt 0 0
vt 0 0
vt 0 0
vt 0 0
vt 0 0
vt 0 0
vt 0 0
vt 0 0
vt 0 0
vt 0 0
vt 0 0
vt 0 0
vt 0 0
vt 0 0
vt 0 0
vt 0 0
vt 0 0
vt 0 0
vt 0 0
vt 0 0
vt 0 0
vt 0 0
vt 0 0
vt 0 0
vt 0 0
vt 0 0
vt 0 0
vt 0 0
vt 0 0
vt 0 0
vt 0 0
vt 0 0
vt 0 0
vt 0 0
vt 0 0
vt 0 0
vt 0 0
vt 0 0
vt 0 0
vt 0 0
vt 0 0
vt 0 0
vt 0 0
vt 0 0
vt 0 0
vt 0 0
vt 0 0
vt 0 0
vt 0 0
vt 0 0
vt 0 0
vt 0 0
vt 0 0
vt 0 0
vt 0 0
vt 0 0
vt 0 0
vt 0 0
vt 0 0
vt 0 0
vt 0 0
vt 0 0
vt 0 0
vt 0 0
vt 0 0
vt 0 0
vt 0 0
vt 0 0
vt 0 0
vt 0 0
vt 0 0
vt 0 0
vt 0 0
vt 0 0
vt 0 0
vt 0 0
vt 0 0
vt 0 0
vt 0 0
vt 0 0
vt 0 0
vt 0 0
vt 0 0
vt 0 0
vt 0 0
vt 0 0
vt 0 0
vt 0 0
vt 0 0
vt 0 0
vt 0 0
vt 0 0
vt 0 0
vt 0 0
vt 0 0
vt 0 0
vt 0 0
vt 0 0
vt 0 0
vt 0 0
vt 0 0
vt 0 0
vt 0 0
vt 0 0
vt 0 0
vt 0 0
vt 0 0
vt 0 0
vt 0 0
vt 0 0
vt 0 0
vt 0 0
vt 0 0
vt 0 0
vt 0 0
vt 0 0
vt 0 0
vt 0 0
vt 0 0
vt 0 0
vt 0 0
vt 0 0
vt 0 0
vt 0 0
vt 0 0
vt 0 0
vt 0 0
vt 0 0
vt 0 0
vt 0 0
vt 0 0
vt 0 0
vt 0 0
vt 0 0
vt 0 0
vt 0 0
vt 0 0
vt 0 0
vt 0 0
vt 0 0
vt 0 0
vt 0 0
vt 0 0
vt 0 0
vt 0 0
vt 0 0
vt 0 0
vt 0 0
vt 0 0
vt 0 0
vt 0 0
vt 0 0
vt 0 0
vt 0 0
vt 0 0
vt 0 0
vt 0 0
vt 0 0
vt 0 0
vt 0 0
vt 0 0
vt 0 0
vt 0 0
vt 0 0
vt 0 0
vt 0 0
vt 0 0
vt 0 0
vt 0 0
vt 0 0
vt 0 0
vt 0 0
vt 0 0
vt 0 0
vt 0 0
vt 0 0
vt 0 0
vt 0 0
vt 0 0
vt 0 0
vt 0 0
vt 0 0
vt 0 0
vt 0 0
vt 0 0
vt 0 0
vt 0 0
vt 0 0
vt 0 0
vt 0 0
vt 0 0
vt 0 0
vt 0 0
vt 0 0
vt 0 0
vt 0 0
vt 0 0
vt 0 0
vt 0 0
vt 0 0
vt 0 0
vt 0 0
vt 0 0
vt 0 0
vt 0 0
vt 0 0
vt 0 0
vt 0 0
vt 0 0
vt 0 0
vt 0 0
vt 0 0
vt 0 0
vt 0 0
vt 0 0
vt 0 0
vt 0 0
vt 0 0
vt 0 0
vt 0 0
vt 0 0
vt 0 0
vt 0 0
vt 0 0
vt 0 0
vt 0 0
vt 0 0
vt 0 0
vt 0 0
vt 0 0
vt 0 0
vt 0 0
vt 0 0
vt 0 0
vt 0 0
vt 0 0
vt 0 0
vt 0 0
vt 0 0
vt 0 0
vt 0 0
vt 0 0
vt 0 0
vt 0 0
vt 0 0
vt 0 0
vt 0 0
vt 0 0
vt 0 0
vt 0 0
vt 0 0
vt 0 0
vt 0 0
vt 0 0
vt 0 0
vt 0 0
vt 0 0
vt 0 0
vt 0 0
vt 0 0
vt 0 0
vt 0 0
vt 0 0
vt 0 0
vt 0 0
vt 0 0
vt 0 0
vt 0 0
vt 0 0
vt 0 0
vt 0 0
vt 0 0
vt 0 0
vt 0 0
vt 0 0
vt 0 0
vt 0 0
vt 0 0
vt 0 0
vt 0 0
vt 0 0
vt 0 0
vt 0 0
vt 0 0
vt 0 0
vt 0 0
vt 0 0
vt 0 0
vt 0 0
vt 0 0
vt 0 0
vt 0 0
vt 0 0
vt 0 0
vt 0 0
vt 0 0
vt 0 0
vt 0 0
vt 0 0
vt 0 0
vt 0 0
vt 0 0
vt 0 0
vt 0 0
vt 0 0
vt 0 0
vt 0 0
vt 0 0
vt 0 0
vt 0 0
vt 0 0
vt 0 0
vt 0 0
vt 0 0
vt 0 0
vt 0 0
vt 0 0
vt 0 0
vt 0 0
vt 0 0
vt 0 0
vt 0 0
vt 0 0
vt 0 0
vt 0 0
vt 0 0
vt 0 0
vt 0 0
vt 0 0
vt 0 0
vt 0 0
vt 0 0
vt 0 0
vt 0 0
vt 0 0
vt 0 0
vt 0 0
vt 0 0
vt 0 0
vt 0 0
vt 0 0
vt 0 0
vt 0 0
vt 0 0
vt 0 0
vt 0 0
vt 0 0
vt 0 0
vt 0 0
vt 0 0
vt 0 0
vt 0 0
vt 0 0
vt 0 0
vt 0 0
vt 0 0
vt 0 0
vt 0 0
vt 0 0
vt 0 0
vt 0 0
vt 0 0
vt 0 0
vt 0 0
vt 0 0
vt 0 0
vt 0 0
vt 0 0
vt 0 0
vt 0 0
vt 0 0
vt 0 0
vt 0 0
vt 0 0
vt 0 0
vt 0 0
vt 0 0
vt 0 0
vt 0 0
vt 0 0
vt 0 0
vt 0 0
vt 0 0
vt 0 0
vt 0 0
vt 0 0
vt 0 0
vt 0 0
vt 0 0
vt 0 0
vt 0 0
vt 0 0
vt 0 0
vt 0 0
vt 0 0
vt 0 0
vt 0 0
vt 0 0
vt 0 0
vt 0 0
vt 0 0
vt 0 0
vt 0 0
vt 0 0
vt 0 0
vt 0 0
vt 0 0
vt 0 0
vt 0 0
vt 0 0
vt 0 0
vt 0 0
vt 0 0
vt 0 0
vt 0 0
vt 0 0
vt 0 0
vt 0 0
vt 0 0
vt 0 0
vt 0 0
vt 0 0
vt 0 0
vt 0 0
vt 0 0
vt 0 0
vt 0 0
vt 0 0
vt 0 0
vt 0 0
vt 0 0
vt 0 0
vt 0 0
vt 0 0
vt 0 0
vt 0 0
vt 0 0
vt 0 0
vt 0 0
vt 0 0
vt 0 0
vt 0 0
vt 0 0
vt 0 0
vt 0 0
vt 0 0
vt 0 0
vt 0 0
vt 0 0
vt 0 0
vt 0 0
vt 0 0
vt 0 0
vt 0 0
vt 0 0
vt 0 0
vt 0 0
vt 0 0
vt 0 0
vt 0 0
vt 0 0
vt 0 0
vt 0 0
vt 0 0
vt 0 0
vt 0 0
vt 0 0
vt 0 0
vt 0 0
vt 0 0
vt 0 0
vt 0 0
vt 0 0
vt 0 0
vt 0 0
vt 0 0
vt 0 0
vt 0 0
vt 0 0
vt 0 0
vt 0 0
vt 0 0
vt 0 0
vt 0 0
vt 0 0
vt 0 0
vt 0 0
vt 0 0
vt 0 0
vt 0 0
vt 0 0
vt 0 0
vt 0 0
vt 0 0
vt 0 0
vt 0 0
vt 0 0
vt 0 0
vt 0 0
vt 0 0
vt 0 0
vt 0 0
vt 0 0
vt 0 0
vt 0 0
vt 0 0
vt 0 0
vt 0 0
vt 0 0
vt 0 0
vt 0 0
vt 0 0
vt 0 0
vt 0 0
vt 0 0
vt 0 0
vt 0 0
vt 0 0
vt 0 0
vt 0 0
vt 0 0
vt 0 0
vt 0 0
vt 0 0
vt 0 0
vt 0 0
vt 0 0
vt 0 0
vt 0 0
vt 0 0
vt 0 0
vt 0 0
vt 0 0
vt 0 0
vt 0 0
vt 0 0
vt 0 0
vt 0 0
vt 0 0
vt 0 0
vt 0 0
vt 0 0
vt 0 0
vt 0 0
vt 0 0
vt 0 0
vt 0 0
vt 0 0
vt 0 0
vt 0 0
vt 0 0
vt 0 0
vt 0 0
vt 0 0
vt 0 0
vt 0 0
vt 0 0
vt 0 0
vt 0 0
vt 0 0
vt 0 0
vt 0 0
vt 0 0
vt 0 0
vt 0 0
vt 0 0
vt 0 0
vt 0 0
vt 0 0
vt 0 0
vt 0 0
vt 0 0
vt 0 0
vt 0 0
vt 0 0
vt 0 0
vt 0 0
vt 0 0
vt 0 0
vt 0 0
vt 0 0
vt 0 0
vt 0 0
vt 0 0
vt 0 0
vt 0 0
vt 0 0
vt 0 0
vt 0 0
vt 0 0
vt 0 0
vt 0 0
vt 0 0
vt 0 0
vt 0 0
vt 0 0
vt 0 0
vt 0 0
vt 0 0
vt 0 0
vt 0 0
vt 0 0
vt 0 0
vt 0 0
vt 0 0
vt 0 0
vt 0 0
vt 0 0
vt 0 0
vt 0 0
vt 0 0
vt 0 0
vt 0 0
vt 0 0
vt 0 0
vt 0 0
vt 0 0
vt 0 0
vt 0 0
vt 0 0
vt 0 0
vt 0 0
vt 0 0
vt 0 0
vt 0 0
vt 0 0
vt 0 0
vt 0 0
vt 0 0
vt 0 0
vt 0 0
vt 0 0
vt 0 0
vt 0 0
vt 0 0
vt 0 0
vt 0 0
vt 0 0
vt 0 0
vt 0 0
vt 0 0
vt 0 0
vt 0 0
vt 0 0
vt 0 0
vt 0 0
vt 0 0
vt 0 0
vt 0 0
vt 0 0
vt 0 0
vt 0 0
vt 0 0
vt 0 0
vt 0 0
vt 0 0
vt 0 0
vt 0 0
vt 0 0
vt 0 0
vt 0 0
vt 0 0
vt 0 0
vt 0 0
vt 0 0
vt 0 0
vt 0 0
vt 0 0
vt 0 0
vt 0 0
vt 0 0
vt 0 0
vt 0 0
vt 0 0
vt 0 0
vt 0 0
vt 0 0
vt 0 0
vt 0 0
vt 0 0
vt 0 0
vt 0 0
vt 0 0
vt 0 0
vt 0 0
vt 0 0
vt 0 0
vt 0 0
vt 0 0
vt 0 0
vt 0 0
vt 0 0
vt 0 0
vt 0 0
vt 0 0
vt 0 0
vt 0 0
vt 0 0
vt 0 0
vt 0 0
vt 0 0
vt 0 0
vt 0 0
vt 0 0
vt 0 0
vt 0 0
vt 0 0
vt 0 0
vt 0 0
vt 0 0
vt 0 0
vt 0 0
vt 0 0
vt 0 0
vt 0 0
vt 0 0
vt 0 0
vt 0 0
vt 0 0
vt 0 0
vt 0 0
vt 0 0
vt 0 0
vt 0 0
vt 0 0
vt 0 0
vt 0 0
vt 0 0
vt 0 0
vt 0 0
vt 0 0
vt 0 0
vt 0 0
vt 0 0
vt 0 0
vt 0 0
vt 0 0
vt 0 0
vt 0 0
vt 0 0
vt 0 0
vt 0 0
vt 0 0
vt 0 0
vt 0 0
vt 0 0
vt 0 0
vt 0 0
vt 0 0
vt 0 0
vt 0 0
vt 0 0
vt 0 0
vt 0 0
vt 0 0
vt 0 0
vt 0 0
vt 0 0
vt 0 0
vt 0 0
vt 0 0
vt 0 0
vt 0 0
vt 0 0
vt 0 0
vt 0 0
vt 0 0
vt 0 0
vt 0 0
vt 0 0
vt 0 0
vt 0 0
vt 0 0
vt 0 0
vt 0 0
vt 0 0
vt 0 0
vt 0 0
vt 0 0
vt 0 0
vt 0 0
vt 0 0
vt 0 0
vt 0 0
vt 0 0
vt 0 0
vt 0 0
vt 0 0
vt 0 0
vt 0 0
vt 0 0
vt 0 0
vt 0 0
vt 0 0
vt 0 0
vt 0 0
vt 0 0
vt 0 0
vt 0 0
vt 0 0
vt 0 0
vt 0 0
vt 0 0
vt 0 0
vt 0 0
vt 0 0
vt 0 0
vt 0 0
vt 0 0
vt 0 0
vt 0 0
vt 0 0
vt 0 0
vt 0 0
vt 0 0
vt 0 0
vt 0 0
vt 0 0
vt 0 0
vt 0 0
vt 0 0
vt 0 0
vt 0 0
vt 0 0
vt 0 0
vt 0 0
vt 0 0
vt 0 0
vt 0 0
vt 0 0
vt 0 0
vt 0 0
vt 0 0
vt 0 0
vt 0 0
vt 0 0
vt 0 0
vt 0 0
vt 0 0
vt 0 0
vt 0 0
vt 0 0
vt 0 0
vt 0 0
vt 0 0
vt 0 0
vt 0 0
vt 0 0
vt 0 0
vt 0 0
vt 0 0
vt 0 0
vt 0 0
vt 0 0
vt 0 0
vt 0 0
vt 0 0
vt 0 0
vt 0 0
vt 0 0
vt 0 0
vt 0 0
vt 0 0
vt 0 0
vt 0 0
vt 0 0
vt 0 0
vt 0 0
vt 0 0
vt 0 0
vt 0 0
vt 0 0
vt 0 0
vt 0 0
vt 0 0
vt 0 0
vt 0 0
vt 0 0
vt 0 0
vt 0 0
vt 0 0
vt 0 0
vt 0 0
vt 0 0
vt 0 0
vt 0 0
vt 0 0
vt 0 0
vt 0 0
vt 0 0
vt 0 0
vt 0 0
vt 0 0
vt 0 0
vt 0 0
vt 0 0
vt 0 0
vt 0 0
vt 0 0
vt 0 0
vt 0 0
vt 0 0
vt 0 0
vt 0 0
vt 0 0
vt 0 0
vt 0 0
vt 0 0
vt 0 0
vt 0 0
vt 0 0
vt 0 0
vt 0 0
vt 0 0
vt 0 0
vt 0 0
vt 0 0
vt 0 0
vt 0 0
vt 0 0
vt 0 0
vt 0 0
vt 0 0
vt 0 0
vt 0 0
vt 0 0
vt 0 0
vt 0 0
vt 0 0
vt 0 0
vt 0 0
vt 0 0
vt 0 0
vt 0 0
vt 0 0
vt 0 0
vt 0 0
vt 0 0
vt 0 0
vt 0 0
vt 0 0
vt 0 0
vt 0 0
vt 0 0
vt 0 0
vt 0 0
vt 0 0
vt 0 0
vt 0 0
vt 0 0
vt 0 0
vt 0 0
vt 0 0
vt 0 0
vt 0 0
vt 0 0
vt 0 0
vt 0 0
vt 0 0
vt 0 0
vt 0 0
vt 0 0
vt 0 0
vt 0 0
vt 0 0
vt 0 0
vt 0 0
vt 0 0
vt 0 0
vt 0 0
vt 0 0
vt 0 0
vt 0 0
vt 0 0
vt 0 0
vt 0 0
vt 0 0
vt 0 0
vt 0 0
vt 0 0
vt 0 0
vt 0 0
vt 0 0
vt 0 0
vt 0 0
vt 0 0
vt 0 0
vt 0 0
vt 0 0
vt 0 0
vt 0 0
vt 0 0
vt 0 0
vt 0 0
vt 0 0
vt 0 0
vt 0 0
vt 0 0
vt 0 0
vt 0 0
vt 0 0
vt 0 0
vt 0 0
vt 0 0
vt 0 0
vt 0 0
vt 0 0
vt 0 0
vt 0 0
vt 0 0
vt 0 0
vt 0 0
vt 0 0
vt 0 0
vt 0 0
vt 0 0
vt 0 0
vt 0 0
vt 0 0
vt 0 0
vt 0 0
vt 0 0
vt 0 0
vt 0 0
vt 0 0
vt 0 0
vt 0 0
vt 0 0
vt 0 0
vt 0 0
vt 0 0
vt 0 0
vt 0 0
vt 0 0
vt 0 0
vt 0 0
vt 0 0
vt 0 0
vt 0 0
vt 0 0
vt 0 0
vt 0 0
vt 0 0
vt 0 0
vt 0 0
vt 0 0
vt 0 0
vt 0 0
vt 0 0
vt 0 0
vt 0 0
vt 0 0
vt 0 0
vt 0 0
vt 0 0
vt 0 0
vt 0 0
vt 0 0
vt 0 0
vt 0 0
vt 0 0
vt 0 0
vt 0 0
vt 0 0
vt 0 0
vt 0 0
vt 0 0
vt 0 0
vt 0 0
vt 0 0
vt 0 0
vt 0 0
vt 0 0
vt 0 0
vt 0 0
vt 0 0
vt 0 0
vt 0 0
vt 0 0
vt 0 0
vt 0 0
vt 0 0
vt 0 0
vt 0 0
vt 0 0
vt 0 0
vt 0 0
vt 0 0
vt 0 0
vt 0 0
vt 0 0
vt 0 0
vt 0 0
vt 0 0
vt 0 0
vt 0 0
vt 0 0
vt 0 0
vt 0 0
vt 0 0
vt 0 0
vt 0 0
vt 0 0
vt 0 0
vt 0 0
vt 0 0
vt 0 0
vt 0 0
vt 0 0
vt 0 0
vt 0 0
vt 0 0
vt 0 0
vt 0 0
vt 0 0
vt 0 0
vt 0 0
vt 0 0
vt 0 0
vt 0 0
vt 0 0
vt 0 0
vt 0 0
vt 0 0
vt 0 0
vt 0 0
vt 0 0
vt 0 0
vt 0 0
vt 0 0
vt 0 0
vt 0 0
vt 0 0
vt 0 0
vt 0 0
vt 0 0
vt 0 0
vt 0 0
vt 0 0
vt 0 0
vt 0 0
vt 0 0
vt 0 0
vt 0 0
vt 0 0
vt 0 0
vt 0 0
vt 0 0
vt 0 0
vt 0 0
vt 0 0
vt 0 0
vt 0 0
vt 0 0
vt 0 0
vt 0 0
vt 0 0
vt 0 0
vt 0 0
vt 0 0
vt 0 0
vt 0 0
vt 0 0
vt 0 0
vt 0 0
vt 0 0
vt 0 0
vt 0 0
vt 0 0
vt 0 0
vt 0 0
vt 0 0
vt 0 0
vt 0 0
vt 0 0
vt 0 0
vt 0 0
vt 0 0
vt 0 0
vt 0 0
vt 0 0
vt 0 0
vt 0 0
vt 0 0
vt 0 0
vt 0 0
vt 0 0
vt 0 0
vt 0 0
vt 0 0
vt 0 0
vt 0 0
vt 0 0
vt 0 0
vt 0 0
vt 0 0
vt 0 0
vt 0 0
vt 0 0
vt 0 0
vt 0 0
vt 0 0
vt 0 0
vt 0 0
vt 0 0
vt 0 0
vt 0 0
vt 0 0
vt 0 0
vt 0 0
vt 0 0
vt 0 0
vt 0 0
vt 0 0
vt 0 0
vt 0 0
vt 0 0
vt 0 0
vt 0 0
vt 0 0
vt 0 0
vt 0 0
vt 0 0
vt 0 0
vt 0 0
vt 0 0
vt 0 0
vt 0 0
vt 0 0
vt 0 0
vt 0 0
vt 0 0
vt 0 0
vt 0 0
vt 0 0
vt 0 0
vt 0 0
vt 0 0
vt 0 0
vt 0 0
vt 0 0
vt 0 0
vt 0 0
vt 0 0
vt 0 0
vt 0 0
vt 0 0
vt 0 0
vt 0 0
vt 0 0
vt 0 0
vt 0 0
vt 0 0
vt 0 0
vt 0 0
vt 0 0
vt 0 0
vt 0 0
vt 0 0
vt 0 0
vt 0 0
vt 0 0
vt 0 0
vt 0 0
vt 0 0
vt 0 0
vt 0 0
vt 0 0
vt 0 0
vt 0 0
vt 0 0
vt 0 0
vt 0 0
vt 0 0
vt 0 0
vt 0 0
vt 0 0
vt 0 0
vt 0 0
vt 0 0
vt 0 0
vt 0 0
vt 0 0
vt 0 0
vt 0 0
vt 0 0
vt 0 0
vt 0 0
vt 0 0
vt 0 0
vt 0 0
vt 0 0
vt 0 0
vt 0 0
vt 0 0
vt 0 0
vt 0 0
vt 0 0
vt 0 0
vt 0 0
vt 0 0
vt 0 0
vt 0 0
vt 0 0
vt 0 0
vt 0 0
vt 0 0
vt 0 0
vt 0 0
vt 0 0
vt 0 0
vt 0 0
vt 0 0
vt 0 0
vt 0 0
vt 0 0
vt 0 0
vt 0 0
vt 0 0
vt 0 0
vt 0 0
vt 0 0
vt 0 0
vt 0 0
vt 0 0
vt 0 0
vt 0 0
vt 0 0
vt 0 0
vt 0 0
vt 0 0
vt 0 0
vt 0 0
vt 0 0
vt 0 0
vt 0 0
vt 0 0
vt 0 0
vt 0 0
vt 0 0
vt 0 0
vt 0 0
vt 0 0
vt 0 0
vt 0 0
vt 0 0
vt 0 0
vt 0 0
vt 0 0
vt 0 0
vt 0 0
vt 0 0
vt 0 0
vt 0 0
vt 0 0
vt 0 0
vt 0 0
vt 0 0
vt 0 0
vt 0 0
vt 0 0
vt 0 0
vt 0 0
vt 0 0
vt 0 0
vt 0 0
vt 0 0
vt 0 0
vt 0 0
vt 0 0
vt 0 0
vt 0 0
vt 0 0
vt 0 0
vt 0 0
vt 0 0
vt 0 0
vt 0 0
vt 0 0
vt 0 0
vt 0 0
vt 0 0
vt 0 0
vt 0 0
vt 0 0
vt 0 0
vt 0 0
vt 0 0
vt 0 0
vt 0 0
vt 0 0
vt 0 0
vt 0 0
vt 0 0
vt 0 0
vt 0 0
vt 0 0
vt 0 0
vt 0 0
vt 0 0
vt 0 0
vt 0 0
vt 0 0
vt 0 0
vt 0 0
vt 0 0
vt 0 0
vt 0 0
vt 0 0
vt 0 0
vt 0 0
vt 0 0
vt 0 0
vt 0 0
vt 0 0
vt 0 0
vt 0 0
vt 0 0
vt 0 0
vt 0 0
vt 0 0
vt 0 0
vt 0 0
vt 0 0
vt 0 0
vt 0 0
vt 0 0
vt 0 0
vt 0 0
vt 0 0
vt 0 0
vt 0 0
vt 0 0
vt 0 0
vt 0 0
vt 0 0
vt 0 0
vt 0 0
vt 0 0
vt 0 0
vt 0 0
vt 0 0
vt 0 0
vt 0 0
vt 0 0
vt 0 0
vt 0 0
vt 0 0
vt 0 0
vt 0 0
vt 0 0
vt 0 0
vt 0 0
vt 0 0
vt 0 0
vt 0 0
vt 0 0
vt 0 0
vt 0 0
vt 0 0
vt 0 0
vt 0 0
vt 0 0
vt 0 0
vt 0 0
vt 0 0
vt 0 0
vt 0 0
vt 0 0
vt 0 0
vt 0 0
vt 0 0
vt 0 0
vt 0 0
vt 0 0
vt 0 0
vt 0 0
vt 0 0
vt 0 0
vt 0 0
vt 0 0
vt 0 0
vt 0 0
vt 0 0
vt 0 0
vt 0 0
vt 0 0
vt 0 0
vt 0 0
vt 0 0
vt 0 0
vt 0 0
vt 0 0
vt 0 0
vt 0 0
vt 0 0
vt 0 0
vt 0 0
vt 0 0
vt 0 0
vt 0 0
vt 0 0
vt 0 0
vt 0 0
vt 0 0
vt 0 0
vt 0 0
vt 0 0
vt 0 0
vt 0 0
vt 0 0
vt 0 0
vt 0 0
vt 0 0
vt 0 0
vt 0 0
vt 0 0
vt 0 0
vt 0 0
vt 0 0
vt 0 0
vt 0 0
vt 0 0
vt 0 0
vt 0 0
vt 0 0
vt 0 0
vt 0 0
vt 0 0
vt 0 0
vt 0 0
vt 0 0
vt 0 0
vt 0 0
vt 0 0
vt 0 0
vt 0 0
vt 0 0
vt 0 0
vt 0 0
vt 0 0
vt 0 0
vt 0 0
vt 0 0
vt 0 0
vt 0 0
vt 0 0
vt 0 0
vt 0 0
vt 0 0
vt 0 0
vt 0 0
vt 0 0
vt 0 0
vt 0 0
vt 0 0
vt 0 0
vt 0 0
vt 0 0
vt 0 0
vt 0 0
vt 0 0
vt 0 0
vt 0 0
vt 0 0
vt 0 0
vt 0 0
vt 0 0
vt 0 0
vt 0 0
vt 0 0
vt 0 0
vt 0 0
vt 0 0
vt 0 0
vt 0 0
vt 0 0
vt 0 0
vt 0 0
vt 0 0
vt 0 0
vt 0 0
vt 0 0
vt 0 0
vt 0 0
vt 0 0
vt 0 0
vt 0 0
vt 0 0
vt 0 0
vt 0 0
vt 0 0
vt 0 0
vt 0 0
vt 0 0
vt 0 0
vt 0 0
vt 0 0
vt 0 0
vt 0 0
vt 0 0
vt 0 0
vt 0 0
vt 0 0
vt 0 0
vt 0 0
vt 0 0
vt 0 0
vt 0 0
vt 0 0
vt 0 0
vt 0 0
vt 0 0
vt 0 0
vt 0 0
vt 0 0
vt 0 0
vt 0 0
vt 0 0
vt 0 0
vt 0 0
vt 0 0
vt 0 0
vt 0 0
vt 0 0
vt 0 0
vt 0 0
vt 0 0
vt 0 0
vt 0 0
vt 0 0
vt 0 0
vt 0 0
vt 0 0
vt 0 0
vt 0 0
vt 0 0
vt 0 0
vt 0 0
vt 0 0
vt 0 0
vt 0 0
vt 0 0
vt 0 0
vt 0 0
vt 0 0
vt 0 0
vt 0 0
vt 0 0
vt 0 0
vt 0 0
vt 0 0
vt 0 0
vt 0 0
vt 0 0
vt 0 0
vt 0 0
vt 0 0
vt 0 0
vt 0 0
vt 0 0
vt 0 0
vt 0 0
vt 0 0
vt 0 0
vt 0 0
vt 0 0
vt 0 0
vt 0 0
vt 0 0
vt 0 0
vt 0 0
vt 0 0
vt 0 0
vt 0 0
vt 0 0
vt 0 0
vt 0 0
vt 0 0
vt 0 0
vt 0 0
vt 0 0
vt 0 0
vt 0 0
vt 0 0
vt 0 0
vt 0 0
vt 0 0
vt 0 0
vt 0 0
vt 0 0
vt 0 0
vt 0 0
vt 0 0
vt 0 0
vt 0 0
vt 0 0
vt 0 0
vt 0 0
vt 0 0
vt 0 0
vt 0 0
vt 0 0
vt 0 0
vt 0 0
vt 0 0
vt 0 0
vt 0 0
vt 0 0
vt 0 0
vt 0 0
vt 0 0
vt 0 0
vt 0 0
vt 0 0
vt 0 0
vt 0 0
vt 0 0
vt 0 0
vt 0 0
vt 0 0
vt 0 0
vt 0 0
vt 0 0
vt 0 0
vt 0 0
vt 0 0
vt 0 0
vt 0 0
vt 0 0
vt 0 0
vt 0 0
vt 0 0
vt 0 0
vt 0 0
vt 0 0
vt 0 0
vt 0 0
vt 0 0
vt 0 0
vt 0 0
vt 0 0
vt 0 0
vt 0 0
vt 0 0
vt 0 0
vt 0 0
vt 0 0
vt 0 0
vt 0 0
vt 0 0
vt 0 0
vt 0 0
vt 0 0
vt 0 0
vt 0 0
vt 0 0
vt 0 0
vt 0 0
vt 0 0
vt 0 0
vt 0 0
vt 0 0
vt 0 0
vt 0 0
vt 0 0
vt 0 0
vt 0 0
vt 0 0
vt 0 0
vt 0 0
vt 0 0
vt 0 0
vt 0 0
vt 0 0
vt 0 0
vt 0 0
vt 0 0
vt 0 0
vt 0 0
vt 0 0
vt 0 0
vt 0 0
vt 0 0
vt 0 0
vt 0 0
vt 0 0
vt 0 0
vt 0 0
vt 0 0
vt 0 0
vt 0 0
vt 0 0
vt 0 0
vt 0 0
vt 0 0
vt 0 0
vt 0 0
vt 0 0
vt 0 0
vt 0 0
vt 0 0
vt 0 0
vt 0 0
vt 0 0
vt 0 0
vt 0 0
vt 0 0
vt 0 0
vt 0 0
vt 0 0
vt 0 0
vt 0 0
vt 0 0
vt 0 0
vt 0 0
vt 0 0
vt 0 0
vt 0 0
vt 0 0
vt 0 0
vt 0 0
vt 0 0
vt 0 0
vt 0 0
vt 0 0
vt 0 0
vt 0 0
vt 0 0
vt 0 0
vt 0 0
vt 0 0
vt 0 0
vt 0 0
vt 0 0
vt 0 0
vt 0 0
vt 0 0
vt 0 0
vt 0 0
vt 0 0
vt 0 0
vt 0 0
vt 0 0
vt 0 0
vt 0 0
vt 0 0
vt 0 0
vt 0 0
vt 0 0
vt 0 0
vt 0 0
vt 0 0
vt 0 0
vt 0 0
vt 0 0
vt 0 0
vt 0 0
vt 0 0
vt 0 0
vt 0 0
vt 0 0
vt 0 0
vt 0 0
vt 0 0
vt 0 0
vt 0 0
vt 0 0
vt 0 0
vt 0 0
vt 0 0
vt 0 0
vt 0 0
vt 0 0
vt 0 0
vt 0 0
vt 0 0
vt 0 0
vt 0 0
vt 0 0
vt 0 0
vt 0 0
vt 0 0
vt 0 0
vt 0 0
vt 0 0
vt 0 0
vt 0 0
vt 0 0
vt 0 0
vt 0 0
vt 0 0
vt 0 0
vt 0 0
vt 0 0
vt 0 0
vt 0 0
vt 0 0
vt 0 0
vt 0 0
vt 0 0
vt 0 0
vt 0 0
vt 0 0
vt 0 0
vt 0 0
vt 0 0
vt 0 0
vt 0 0
vt 0 0
vt 0 0
vt 0 0
vt 0 0
vt 0 0
vt 0 0
vt 0 0
vt 0 0
vt 0 0
vt 0 0
vt 0 0
vt 0 0
vt 0 0
vt 0 0
vt 0 0
vt 0 0
vt 0 0
vt 0 0
vt 0 0
vt 0 0
vt 0 0
vt 0 0
vt 0 0
vt 0 0
vt 0 0
vt 0 0
vt 0 0
vt 0 0
vt 0 0
vt 0 0
vt 0 0
vt 0 0
vt 0 0
vt 0 0
vt 0 0
vt 0 0
vt 0 0
vt 0 0
vt 0 0
vt 0 0
vt 0 0
vt 0 0
vt 0 0
vt 0 0
vt 0 0
vt 0 0
vt 0 0
vt 0 0
vt 0 0
vt 0 0
vt 0 0
vt 0 0
vt 0 0
vt 0 0
vt 0 0
vt 0 0
vt 0 0
vt 0 0
vt 0 0
vt 0 0
vt 0 0
vt 0 0
vt 0 0
vt 0 0
vt 0 0
vt 0 0
vt 0 0
vt 0 0
vt 0 0
vt 0 0
vt 0 0
vt 0 0
vt 0 0
vt 0 0
vt 0 0
vt 0 0
vt 0 0
vt 0 0
vt 0 0
vt 0 0
vt 0 0
vt 0 0
vt 0 0
vt 0 0
vt 0 0
vt 0 0
vt 0 0
vt 0 0
vt 0 0
vt 0 0
vt 0 0
vt 0 0
vt 0 0
vt 0 0
vt 0 0
vt 0 0
vt 0 0
vt 0 0
vt 0 0
vt 0 0
vt 0 0
vt 0 0
vt 0 0
vt 0 0
vt 0 0
vt 0 0
vt 0 0
vt 0 0
vt 0 0
vt 0 0
vt 0 0
vt 0 0
vt 0 0
vt 0 0
vt 0 0
vt 0 0
vt 0 0
vt 0 0
vt 0 0
vt 0 0
vt 0 0
vt 0 0
vt 0 0
vt 0 0
vt 0 0
vt 0 0
vt 0 0
vt 0 0
vt 0 0
vt 0 0
vt 0 0
vt 0 0
vt 0 0
vt 0 0
vt 0 0
vt 0 0
vt 0 0
vt 0 0
vt 0 0
vt 0 0
vt 0 0
vt 0 0
vt 0 0
vt 0 0
vt 0 0
vt 0 0
vt 0 0
vt 0 0
vt 0 0
vt 0 0
vt 0 0
vt 0 0
vt 0 0
vt 0 0
vt 0 0
vt 0 0
vt 0 0
vt 0 0
vt 0 0
vt 0 0
vt 0 0
vt 0 0
vt 0 0
vt 0 0
vt 0 0
vt 0 0
vt 0 0
vt 0 0
vt 0 0
vt 0 0
vt 0 0
vt 0 0
vt 0 0
vt 0 0
vt 0 0
vt 0 0
vt 0 0
vt 0 0
vt 0 0
vt 0 0
vt 0 0
vt 0 0
vt 0 0
vt 0 0
vt 0 0
vt 0 0
vt 0 0
vt 0 0
vt 0 0
vt 0 0
vt 0 0
vt 0 0
vt 0 0
vt 0 0
vt 0 0
vt 0 0
vt 0 0
vt 0 0
vt 0 0
vt 0 0
vt 0 0
vt 0 0
vt 0 0
vt 0 0
vt 0 0
vt 0 0
vt 0 0
vt 0 0
vt 0 0
vt 0 0
vt 0 0
vt 0 0
vt 0 0
vt 0 0
vt 0 0
vt 0 0
vt 0 0
vt 0 0
vt 0 0
vt 0 0
vt 0 0
vt 0 0
vt 0 0
vt 0 0
vt 0 0
vt 0 0
vt 0 0
vt 0 0
vt 0 0
vt 0 0
vt 0 0
vt 0 0
vt 0 0
vt 0 0
vt 0 0
vt 0 0
vt 0 0
vt 0 0
vt 0 0
vt 0 0
vt 0 0
vt 0 0
vt 0 0
vt 0 0
vt 0 0
vt 0 0
vt 0 0
vt 0 0
vt 0 0
vt 0 0
vt 0 0
vt 0 0
vt 0 0
vt 0 0
vt 0 0
vt 0 0
vt 0 0
vt 0 0
vt 0 0
vt 0 0
vt 0 0
vt 0 0
vt 0 0
vt 0 0
vt 0 0
vt 0 0
vt 0 0
vt 0 0
vt 0 0
vt 0 0
vt 0 0
vt 0 0
vt 0 0
vt 0 0
vt 0 0
vt 0 0
vt 0 0
vt 0 0
vt 0 0
vt 0 0
vt 0 0
vt 0 0
vt 0 0
vt 0 0
vt 0 0
vt 0 0
vt 0 0
vt 0 0
vt 0 0
vt 0 0
vt 0 0
vt 0 0
vt 0 0
vt 0 0
vt 0 0
vt 0 0
vt 0 0
vt 0 0
vt 0 0
vt 0 0
vt 0 0
vt 0 0
vt 0 0
vt 0 0
vt 0 0
vt 0 0
vt 0 0
vt 0 0
vt 0 0
vt 0 0
vt 0 0
vt 0 0
vt 0 0
vt 0 0
vt 0 0
vt 0 0
vt 0 0
vt 0 0
vt 0 0
vt 0 0
vt 0 0
vt 0 0
vt 0 0
vt 0 0
vt 0 0
vt 0 0
vt 0 0
vt 0 0
vt 0 0
vt 0 0
vt 0 0
vt 0 0
vt 0 0
vt 0 0
vt 0 0
vt 0 0
vt 0 0
vt 0 0
vt 0 0
vt 0 0
vt 0 0
vt 0 0
vt 0 0
vt 0 0
vt 0 0
vt 0 0
vt 0 0
vt 0 0
vt 0 0
vt 0 0
vt 0 0
vt 0 0
vt 0 0
vt 0 0
vt 0 0
vt 0 0
vt 0 0
vt 0 0
vt 0 0
vt 0 0
vt 0 0
vt 0 0
vt 0 0
vt 0 0
vt 0 0
vt 0 0
vt 0 0
vt 0 0
vt 0 0
vt 0 0
vt 0 0
vt 0 0
vt 0 0
vt 0 0
vt 0 0
vt 0 0
vt 0 0
vt 0 0
vt 0 0
vt 0 0
vt 0 0
vt 0 0
vt 0 0
vt 0 0
vt 0 0
vt 0 0
vt 0 0
vt 0 0
vt 0 0
vt 0 0
vt 0 0
vt 0 0
vt 0 0
vt 0 0
vt 0 0
vt 0 0
vt 0 0
vt 0 0
vt 0 0
vt 0 0
vt 0 0
vt 0 0
vt 0 0
vt 0 0
vt 0 0
vt 0 0
vt 0 0
vt 0 0
vt 0 0
vt 0 0
vt 0 0
vt 0 0
vt 0 0
vt 0 0
vt 0 0
vt 0 0
vt 0 0
vt 0 0
vt 0 0
vt 0 0
vt 0 0
vt 0 0
vt 0 0
vt 0 0
vt 0 0
vt 0 0
vt 0 0
vt 0 0
vt 0 0
vt 0 0
vt 0 0
vt 0 0
vt 0 0
vt 0 0
vt 0 0
vt 0 0
vt 0 0
vt 0 0
vt 0 0
vt 0 0
vt 0 0
vt 0 0
vt 0 0
vt 0 0
vt 0 0
vt 0 0
vt 0 0
vt 0 0
vt 0 0
vt 0 0
vt 0 0
vt 0 0
vt 0 0
vt 0 0
vt 0 0
vt 0 0
vt 0 0
vt 0 0
vt 0 0
vt 0 0
vt 0 0
vt 0 0
vt 0 0
vt 0 0
vt 0 0
vt 0 0
vt 0 0
vt 0 0
vt 0 0
vt 0 0
vt 0 0
vt 0 0
vt 0 0
vt 0 0
vt 0 0
vt 0 0
vt 0 0
vt 0 0
vt 0 0
vt 0 0
vt 0 0
vt 0 0
vt 0 0
vt 0 0
vt 0 0
vt 0 0
vt 0 0
vt 0 0
vt 0 0
vt 0 0
vt 0 0
vt 0 0
vt 0 0
vt 0 0
vt 0 0
vt 0 0
vt 0 0
vt 0 0
vt 0 0
vt 0 0
vt 0 0
vt 0 0
vt 0 0
vt 0 0
vt 0 0
vt 0 0
vt 0 0
vt 0 0
vt 0 0
vt 0 0
vt 0 0
vt 0 0
vt 0 0
vt 0 0
vt 0 0
vt 0 0
vt 0 0
vt 0 0
vt 0 0
vt 0 0
vt 0 0
vt 0 0
vt 0 0
vt 0 0
vt 0 0
vt 0 0
vt 0 0
vt 0 0
vt 0 0
vt 0 0
vt 0 0
vt 0 0
vt 0 0
vt 0 0
vt 0 0
vt 0 0
vt 0 0
vt 0 0
vt 0 0
vt 0 0
vt 0 0
vt 0 0
vt 0 0
vt 0 0
vt 0 0
vt 0 0
vt 0 0
vt 0 0
vt 0 0
vt 0 0
vt 0 0
vt 0 0
vt 0 0
vt 0 0
vt 0 0
vt 0 0
vt 0 0
vt 0 0
vt 0 0
vt 0 0
vt 0 0
vt 0 0
vt 0 0
vt 0 0
vt 0 0
vt 0 0
vt 0 0
vt 0 0
vt 0 0
vt 0 0
vt 0 0
vt 0 0
vt 0 0
vt 0 0
vt 0 0
vt 0 0
vt 0 0
vt 0 0
vt 0 0
vt 0 0
vt 0 0
vt 0 0
vt 0 0
vt 0 0
vt 0 0
vt 0 0
vt 0 0
vt 0 0
vt 0 0
vt 0 0
vt 0 0
vt 0 0
vt 0 0
vt 0 0
vt 0 0
vt 0 0
vt 0 0
vt 0 0
vt 0 0
vt 0 0
vt 0 0
vt 0 0
vt 0 0
vt 0 0
vt 0 0
vt 0 0
vt 0 0
vt 0 0
vt 0 0
vt 0 0
vt 0 0
vt 0 0
vt 0 0
vt 0 0
vt 0 0
vt 0 0
vt 0 0
vt 0 0
vt 0 0
vt 0 0
vt 0 0
vt 0 0
vt 0 0
vt 0 0
vt 0 0
vt 0 0
vt 0 0
vt 0 0
vt 0 0
vt 0 0
vt 0 0
vt 0 0
vt 0 0
vt 0 0
vt 0 0
vt 0 0
vt 0 0
vt 0 0
vt 0 0
vt 0 0
vt 0 0
vt 0 0
vt 0 0
vt 0 0
vt 0 0
vt 0 0
vt 0 0
vt 0 0
vt 0 0
vt 0 0
vt 0 0
vt 0 0
vt 0 0
vt 0 0
vt 0 0
vt 0 0
vt 0 0
vt 0 0
vt 0 0
vt 0 0
vt 0 0
vt 0 0
vt 0 0
vt 0 0
vt 0 0
vt 0 0
vt 0 0
vt 0 0
vt 0 0
vt 0 0
vt 0 0
vt 0 0
vt 0 0
vt 0 0
vt 0 0
vt 0 0
vt 0 0
vt 0 0
vt 0 0
vt 0 0
vt 0 0
vt 0 0
vt 0 0
vt 0 0
vt 0 0
vt 0 0
vt 0 0
vt 0 0
vt 0 0
vt 0 0
vt 0 0
vt 0 0
vt 0 0
vt 0 0
vt 0 0
vt 0 0
vt 0 0
vt 0 0
vt 0 0
vt 0 0
vt 0 0
vt 0 0
vt 0 0
vt 0 0
vt 0 0
vt 0 0
vt 0 0
vt 0 0
vt 0 0
vt 0 0
vt 0 0
vt 0 0
vt 0 0
vt 0 0
vt 0 0
vt 0 0
vt 0 0
vt 0 0
vt 0 0
vt 0 0
vt 0 0
vt 0 0
vt 0 0
vt 0 0
vt 0 0
vt 0 0
vt 0 0
vt 0 0
vt 0 0
vt 0 0
vt 0 0
vt 0 0
vt 0 0
vt 0 0
vt 0 0
vt 0 0
vt 0 0
vt 0 0
vt 0 0
vt 0 0
vt 0 0
vt 0 0
vt 0 0
vt 0 0
vt 0 0
vt 0 0
vt 0 0
vt 0 0
vt 0 0
vt 0 0
vt 0 0
vt 0 0
vt 0 0
vt 0 0
vt 0 0
vt 0 0
vt 0 0
vt 0 0
vt 0 0
vt 0 0
vt 0 0
vt 0 0
vt 0 0
vt 0 0
vt 0 0
vt 0 0
vt 0 0
vt 0 0
vt 0 0
vt 0 0
vt 0 0
vt 0 0
vt 0 0
vt 0 0
vt 0 0
vt 0 0
vt 0 0
vt 0 0
vt 0 0
vt 0 0
vt 0 0
vt 0 0
vt 0 0
vt 0 0
vt 0 0
vt 0 0
vt 0 0
vt 0 0
vt 0 0
vt 0 0
vt 0 0
vt 0 0
vt 0 0
vt 0 0
vt 0 0
vt 0 0
vt 0 0
vt 0 0
vt 0 0
vt 0 0
vt 0 0
vt 0 0
vt 0 0
vt 0 0
vt 0 0
vt 0 0
vt 0 0
vt 0 0
vt 0 0
vt 0 0
vt 0 0
vt 0 0
vt 0 0
vt 0 0
vt 0 0
vt 0 0
vt 0 0
vt 0 0
vt 0 0
vt 0 0
vt 0 0
vt 0 0
vt 0 0
vt 0 0
vt 0 0
vt 0 0
vt 0 0
vt 0 0
vt 0 0
vt 0 0
vt 0 0
vt 0 0
vt 0 0
vt 0 0
vt 0 0
vt 0 0
vt 0 0
vt 0 0
vt 0 0
vt 0 0
vt 0 0
vt 0 0
vt 0 0
vt 0 0
vt 0 0
vt 0 0
vt 0 0
vt 0 0
vt 0 0
vt 0 0
vt 0 0
vt 0 0
vt 0 0
vt 0 0
vt 0 0
vt 0 0
vt 0 0
vt 0 0
vt 0 0
vt 0 0
vt 0 0
vt 0 0
vt 0 0
vt 0 0
vt 0 0
vt 0 0
vt 0 0
vt 0 0
vt 0 0
vt 0 0
vt 0 0
vt 0 0
vt 0 0
vt 0 0
vt 0 0
vt 0 0
vt 0 0
vt 0 0
vt 0 0
vt 0 0
vt 0 0
vt 0 0
vt 0 0
vt 0 0
vt 0 0
vt 0 0
vt 0 0
vt 0 0
vt 0 0
vt 0 0
vt 0 0
vt 0 0
vt 0 0
vt 0 0
vt 0 0
vt 0 0
vt 0 0
vt 0 0
vt 0 0
vt 0 0
vt 0 0
vt 0 0
vt 0 0
vt 0 0
vt 0 0
vt 0 0
vt 0 0
vt 0 0
vt 0 0
vt 0 0
vt 0 0
vt 0 0
vt 0 0
vt 0 0
vt 0 0
vt 0 0
vt 0 0
vt 0 0
vt 0 0
vt 0 0
vt 0 0
vt 0 0
vt 0 0
vt 0 0
vt 0 0
vt 0 0
vt 0 0
vt 0 0
vt 0 0
vt 0 0
vt 0 0
vt 0 0
vt 0 0
vt 0 0
vt 0 0
vt 0 0
vt 0 0
vt 0 0
vt 0 0
vt 0 0
vt 0 0
vt 0 0
vt 0 0
vt 0 0
vt 0 0
vt 0 0
vt 0 0
vt 0 0
vt 0 0
vt 0 0
vt 0 0
vt 0 0
vt 0 0
vt 0 0
vt 0 0
vt 0 0
vt 0 0
vt 0 0
vt 0 0
vt 0 0
vt 0 0
vt 0 0
vt 0 0
vt 0 0
vt 0 0
vt 0 0
vt 0 0
vt 0 0
vt 0 0
vt 0 0
vt 0 0
vt 0 0
vt 0 0
vt 0 0
vt 0 0
vt 0 0
vt 0 0
vt 0 0
vt 0 0
vt 0 0
vt 0 0
vt 0 0
vt 0 0
vt 0 0
vt 0 0
vt 0 0
vt 0 0
vt 0 0
vt 0 0
vt 0 0
vt 0 0
vt 0 0
vt 0 0
vt 0 0
vt 0 0
vt 0 0
vt 0 0
vt 0 0
vt 0 0
vt 0 0
vt 0 0
vt 0 0
vt 0 0
vt 0 0
vt 0 0
vt 0 0
vt 0 0
vt 0 0
vt 0 0
vt 0 0
vt 0 0
vt 0 0
vt 0 0
vt 0 0
vt 0 0
vt 0 0
vt 0 0
vt 0 0
vt 0 0
vt 0 0
vt 0 0
vt 0 0
vt 0 0
vt 0 0
vt 0 0
vt 0 0
vt 0 0
vt 0 0
vt 0 0
vt 0 0
vt 0 0
vt 0 0
vt 0 0
vt 0 0
vt 0 0
vt 0 0
vt 0 0
vt 0 0
vt 0 0
vt 0 0
vt 0 0
vt 0 0
vt 0 0
vt 0 0
vt 0 0
vt 0 0
vt 0 0
vt 0 0
vt 0 0
vt 0 0
vt 0 0
vt 0 0
vt 0 0
vt 0 0
vt 0 0
vt 0 0
vt 0 0
vt 0 0
vt 0 0
vt 0 0
vt 0 0
vt 0 0
vt 0 0
vt 0 0
vt 0 0
vt 0 0
vt 0 0
vt 0 0
vt 0 0
vt 0 0
vt 0 0
vt 0 0
vt 0 0
vt 0 0
vt 0 0
vt 0 0
vt 0 0
vt 0 0
vt 0 0
vt 0 0
vt 0 0
vt 0 0
vt 0 0
vt 0 0
vt 0 0
vt 0 0
vt 0 0
vt 0 0
vt 0 0
vt 0 0
vt 0 0
vt 0 0
vt 0 0
vt 0 0
vt 0 0
vt 0 0
vt 0 0
vt 0 0
vt 0 0
vt 0 0
vt 0 0
vt 0 0
vt 0 0
vt 0 0
vt 0 0
vt 0 0
vt 0 0
vt 0 0
vt 0 0
vt 0 0
vt 0 0
vt 0 0
vt 0 0
vt 0 0
vt 0 0
vt 0 0
vt 0 0
vt 0 0
vt 0 0
vt 0 0
vt 0 0
vt 0 0
vt 0 0
vt 0 0
vt 0 0
vt 0 0
vt 0 0
vt 0 0
vt 0 0
vt 0 0
vt 0 0
vt 0 0
vt 0 0
vt 0 0
vt 0 0
vt 0 0
vt 0 0
vt 0 0
vt 0 0
vt 0 0
vt 0 0
vt 0 0
vt 0 0
vt 0 0
vt 0 0
vt 0 0
vt 0 0
vt 0 0
vt 0 0
vt 0 0
vt 0 0
vt 0 0
vt 0 0
vt 0 0
vt 0 0
vt 0 0
vt 0 0
vt 0 0
vt 0 0
vt 0 0
vt 0 0
vt 0 0
vt 0 0
vt 0 0
vt 0 0
vt 0 0
vt 0 0
vt 0 0
vt 0 0
vt 0 0
vt 0 0
vt 0 0
vt 0 0
vt 0 0
vt 0 0
vt 0 0
vt 0 0
vt 0 0
vt 0 0
vt 0 0
vt 0 0
vt 0 0
vt 0 0
vt 0 0
vt 0 0
vt 0 0
vt 0 0
vt 0 0
vt 0 0
vt 0 0
vt 0 0
vt 0 0
vt 0 0
vt 0 0
vt 0 0
vt 0 0
vt 0 0
vt 0 0
vt 0 0
vt 0 0
vt 0 0
vt 0 0
vt 0 0
vt 0 0
vt 0 0
vt 0 0
vt 0 0
vt 0 0
vt 0 0
vt 0 0
vt 0 0
vt 0 0
vt 0 0
vt 0 0
vt 0 0
vt 0 0
vt 0 0
vt 0 0
vt 0 0
vt 0 0
vt 0 0
vt 0 0
vt 0 0
vt 0 0
vt 0 0
vt 0 0
vt 0 0
vt 0 0
vt 0 0
vt 0 0
vt 0 0
vt 0 0
vt 0 0
vt 0 0
vt 0 0
vt 0 0
vt 0 0
vt 0 0
vt 0 0
vt 0 0
vt 0 0
vt 0 0
vt 0 0
vt 0 0
vt 0 0
vt 0 0
vt 0 0
vt 0 0
vt 0 0
vt 0 0
vt 0 0
vt 0 0
vt 0 0
vt 0 0
vt 0 0
vt 0 0
vt 0 0
vt 0 0
vt 0 0
vt 0 0
vt 0 0
vt 0 0
vt 0 0
vt 0 0
vt 0 0
vt 0 0
vt 0 0
vt 0 0
vt 0 0
vt 0 0
vt 0 0
vt 0 0
vt 0 0
vt 0 0
vt 0 0
vt 0 0
vt 0 0
vt 0 0
vt 0 0
vt 0 0
vt 0 0
vt 0 0
vt 0 0
vt 0 0
vt 0 0
vt 0 0
vt 0 0
vt 0 0
vt 0 0
vt 0 0
vt 0 0
vt 0 0
vt 0 0
vt 0 0
vt 0 0
vt 0 0
vt 0 0
vt 0 0
vt 0 0
vt 0 0
vt 0 0
vt 0 0
vt 0 0
vt 0 0
vt 0 0
vt 0 0
vt 0 0
vt 0 0
vt 0 0
vt 0 0
vt 0 0
vt 0 0
vt 0 0
vt 0 0
vt 0 0
vt 0 0
vt 0 0
vt 0 0
vt 0 0
vt 0 0
vt 0 0
vt 0 0
vt 0 0
vt 0 0
vt 0 0
vt 0 0
vt 0 0
vt 0 0
vt 0 0
vt 0 0
vt 0 0
vt 0 0
vt 0 0
vt 0 0
vt 0 0
vt 0 0
vt 0 0
vt 0 0
vt 0 0
vt 0 0
vt 0 0
vt 0 0
vt 0 0
vt 0 0
vt 0 0
vt 0 0
vt 0 0
vt 0 0
vt 0 0
vt 0 0
vt 0 0
vt 0 0
vt 0 0
vt 0 0
vt 0 0
vt 0 0
vt 0 0
vt 0 0
vt 0 0
vt 0 0
vt 0 0
vt 0 0
vt 0 0
vt 0 0
vt 0 0
vt 0 0
vt 0 0
vt 0 0
vt 0 0
vt 0 0
vt 0 0
vt 0 0
vt 0 0
vt 0 0
vt 0 0
vt 0 0
vt 0 0
vt 0 0
vt 0 0
vt 0 0
vt 0 0
vt 0 0
vt 0 0
vt 0 0
vt 0 0
vt 0 0
vt 0 0
vt 0 0
vt 0 0
vt 0 0
vt 0 0
vt 0 0
vt 0 0
vt 0 0
vt 0 0
vt 0 0
vt 0 0
vt 0 0
vt 0 0
vt 0 0
vt 0 0
vt 0 0
vt 0 0
vt 0 0
vt 0 0
vt 0 0
vt 0 0
vt 0 0
vt 0 0
vt 0 0
vt 0 0
vt 0 0
vt 0 0
vt 0 0
vt 0 0
vt 0 0
vt 0 0
vt 0 0
vt 0 0
vt 0 0
vt 0 0
vt 0 0
vt 0 0
vt 0 0
vt 0 0
vt 0 0
vt 0 0
vt 0 0
vt 0 0
vt 0 0
vt 0 0
vt 0 0
vt 0 0
vt 0 0
vt 0 0
vt 0 0
vt 0 0
vt 0 0
vt 0 0
vt 0 0
vt 0 0
vt 0 0
vt 0 0
vt 0 0
vt 0 0
vt 0 0
vt 0 0
vt 0 0
vt 0 0
vt 0 0
vt 0 0
vt 0 0
vt 0 0
vt 0 0
vt 0 0
vt 0 0
vt 0 0
vt 0 0
vt 0 0
vt 0 0
vt 0 0
vt 0 0
vt 0 0
vt 0 0
vt 0 0
vt 0 0
vt 0 0
vt 0 0
vt 0 0
vt 0 0
vt 0 0
vt 0 0
vt 0 0
vt 0 0
vt 0 0
vt 0 0
vt 0 0
vt 0 0
vt 0 0
vt 0 0
vt 0 0
vt 0 0
vt 0 0
vt 0 0
vt 0 0
vt 0 0
vt 0 0
vt 0 0
vt 0 0
vt 0 0
vt 0 0
vt 0 0
vt 0 0
vt 0 0
vt 0 0
vt 0 0
vt 0 0
vt 0 0
vt 0 0
vt 0 0
vt 0 0
vt 0 0
vt 0 0
vt 0 0
vt 0 0
vt 0 0
vt 0 0
vt 0 0
vt 0 0
vt 0 0
vt 0 0
vt 0 0
vt 0 0
vt 0 0
vt 0 0
vt 0 0
vt 0 0
vt 0 0
vt 0 0
vt 0 0
vt 0 0
vt 0 0
vt 0 0
vt 0 0
vt 0 0
vt 0 0
vt 0 0
vt 0 0
vt 0 0
vt 0 0
vt 0 0
vt 0 0
vt 0 0
vt 0 0
vt 0 0
vt 0 0
vt 0 0
vt 0 0
vt 0 0
vt 0 0
vt 0 0
vt 0 0
vt 0 0
vt 0 0
vt 0 0
vt 0 0
vt 0 0
vt 0 0
vt 0 0
vt 0 0
vt 0 0
vt 0 0
vt 0 0
vt 0 0
vt 0 0
vt 0 0
vt 0 0
vt 0 0
vt 0 0
vt 0 0
vt 0 0
vt 0 0
vt 0 0
vt 0 0
vt 0 0
vt 0 0
vt 0 0
vt 0 0
vt 0 0
vt 0 0
vt 0 0
vt 0 0
vt 0 0
vt 0 0
vt 0 0
vt 0 0
vt 0 0
vt 0 0
vt 0 0
vt 0 0
vt 0 0
vt 0 0
vt 0 0
vt 0 0
vt 0 0
vt 0 0
vt 0 0
vt 0 0
vt 0 0
vt 0 0
vt 0 0
vt 0 0
vt 0 0
vt 0 0
vt 0 0
vt 0 0
vt 0 0
vt 0 0
vt 0 0
vt 0 0
vt 0 0
vt 0 0
vt 0 0
vt 0 0
vt 0 0
vt 0 0
vt 0 0
vt 0 0
vt 0 0
vt 0 0
vt 0 0
vt 0 0
vt 0 0
vt 0 0
vt 0 0
vt 0 0
vt 0 0
vt 0 0
vt 0 0
vt 0 0
vt 0 0
vt 0 0
vt 0 0
vt 0 0
vt 0 0
vt 0 0
vt 0 0
vt 0 0
vt 0 0
vt 0 0
vt 0 0
vt 0 0
vt 0 0
vt 0 0
vt 0 0
vt 0 0
vt 0 0
vt 0 0
vt 0 0
vt 0 0
vt 0 0
vt 0 0
vt 0 0
vt 0 0
vt 0 0
vt 0 0
vt 0 0
vt 0 0
vt 0 0
vt 0 0
vt 0 0
vt 0 0
vt 0 0
vt 0 0
vt 0 0
vt 0 0
vt 0 0
vt 0 0
vt 0 0
vt 0 0
vt 0 0
vt 0 0
vt 0 0
vt 0 0
vt 0 0
vt 0 0
vt 0 0
vt 0 0
vt 0 0
vt 0 0
vt 0 0
vt 0 0
vt 0 0
vt 0 0
vt 0 0
vt 0 0
vt 0 0
vt 0 0
vt 0 0
vt 0 0
vt 0 0
vt 0 0
vt 0 0
vt 0 0
vt 0 0
vt 0 0
vt 0 0
vt 0 0
vt 0 0
vt 0 0
vt 0 0
vt 0 0
vt 0 0
vt 0 0
vt 0 0
vt 0 0
vt 0 0
vt 0 0
vt 0 0
vt 0 0
vt 0 0
vt 0 0
vt 0 0
vt 0 0
vt 0 0
vt 0 0
vt 0 0
vt 0 0
vt 0 0
vt 0 0
vt 0 0
vt 0 0
vt 0 0
vt 0 0
vt 0 0
vt 0 0
vt 0 0
vt 0 0
vt 0 0
vt 0 0
vt 0 0
vt 0 0
vt 0 0
vt 0 0
vt 0 0
vt 0 0
vt 0 0
vt 0 0
vt 0 0
vt 0 0
vt 0 0
vt 0 0
vt 0 0
vt 0 0
vt 0 0
vt 0 0
vt 0 0
vt 0 0
vt 0 0
vt 0 0
vt 0 0
vt 0 0
vt 0 0
vt 0 0
vt 0 0
vt 0 0
vt 0 0
vt 0 0
vt 0 0
vt 0 0
vt 0 0
vt 0 0
vt 0 0
vt 0 0
vt 0 0
vt 0 0
vt 0 0
vt 0 0
vt 0 0
vt 0 0
vt 0 0
vt 0 0
vt 0 0
vt 0 0
vt 0 0
vt 0 0
vt 0 0
vt 0 0
vt 0 0
vt 0 0
vt 0 0
vt 0 0
vt 0 0
vt 0 0
vt 0 0
vt 0 0
vt 0 0
vt 0 0
vt 0 0
vt 0 0
vt 0 0
vt 0 0
vt 0 0
vt 0 0
vt 0 0
vt 0 0
vt 0 0
vt 0 0
vt 0 0
vt 0 0
vt 0 0
vt 0 0
vt 0 0
vt 0 0
vt 0 0
vt 0 0
vt 0 0
vt 0 0
vt 0 0
vt 0 0
vt 0 0
vt 0 0
vt 0 0
vt 0 0
vt 0 0
vt 0 0
vt 0 0
vt 0 0
vt 0 0
vt 0 0
vt 0 0
vt 0 0
vt 0 0
vt 0 0
vt 0 0
vt 0 0
vt 0 0
vt 0 0
vt 0 0
vt 0 0
vt 0 0
vt 0 0
vt 0 0
vt 0 0
vt 0 0
vt 0 0
vt 0 0
vt 0 0
vt 0 0
vt 0 0
vt 0 0
vt 0 0
vt 0 0
vt 0 0
vt 0 0
vt 0 0
vt 0 0
vt 0 0
vt 0 0
vt 0 0
vt 0 0
vt 0 0
vt 0 0
vt 0 0
vt 0 0
vt 0 0
vt 0 0
vt 0 0
vt 0 0
vt 0 0
vt 0 0
vt 0 0
vt 0 0
vt 0 0
vt 0 0
vt 0 0
vt 0 0
vt 0 0
vt 0 0
vt 0 0
vt 0 0
vt 0 0
vt 0 0
vt 0 0
vt 0 0
vt 0 0
vt 0 0
vt 0 0
vt 0 0
vt 0 0
vt 0 0
vt 0 0
vt 0 0
vt 0 0
vt 0 0
vt 0 0
vt 0 0
vt 0 0
vt 0 0
vt 0 0
vt 0 0
vt 0 0
vt 0 0
vt 0 0
vt 0 0
vt 0 0
vt 0 0
vt 0 0
vt 0 0
vt 0 0
vt 0 0
vt 0 0
vt 0 0
vt 0 0
vt 0 0
vt 0 0
vt 0 0
vt 0 0
vt 0 0
vt 0 0
vt 0 0
vt 0 0
vt 0 0
vt 0 0
vt 0 0
vt 0 0
vt 0 0
vt 0 0
vt 0 0
vt 0 0
vt 0 0
vt 0 0
vt 0 0
vt 0 0
vt 0 0
vt 0 0
vt 0 0
vt 0 0
vt 0 0
vt 0 0
vt 0 0
vt 0 0
vt 0 0
vt 0 0
vt 0 0
vt 0 0
vt 0 0
vt 0 0
vt 0 0
vt 0 0
vt 0 0
vt 0 0
vt 0 0
vt 0 0
vt 0 0
vt 0 0
vt 0 0
vt 0 0
vt 0 0
vt 0 0
vt 0 0
vt 0 0
vt 0 0
vt 0 0
vt 0 0
vt 0 0
vt 0 0
vt 0 0
vt 0 0
vt 0 0
vt 0 0
vt 0 0
vt 0 0
vt 0 0
vt 0 0
vt 0 0
vt 0 0
vt 0 0
vt 0 0
vt 0 0
vt 0 0
vt 0 0
vt 0 0
vt 0 0
vt 0 0
vt 0 0
vt 0 0
vt 0 0
vt 0 0
vt 0 0
vt 0 0
vt 0 0
vt 0 0
vt 0 0
vt 0 0
vt 0 0
vt 0 0
vt 0 0
vt 0 0
vt 0 0
vt 0 0
vt 0 0
vt 0 0
vt 0 0
vt 0 0
vt 0 0
vt 0 0
vt 0 0
vt 0 0
vt 0 0
vt 0 0
vt 0 0
vt 0 0
vt 0 0
vt 0 0
vt 0 0
vt 0 0
vt 0 0
vt 0 0
vt 0 0
vt 0 0
vt 0 0
vt 0 0
vt 0 0
vt 0 0
vt 0 0
vt 0 0
vt 0 0
vt 0 0
vt 0 0
vt 0 0
vt 0 0
vt 0 0
vt 0 0
vt 0 0
vt 0 0
vt 0 0
vt 0 0
vt 0 0
vt 0 0
vt 0 0
vt 0 0
vt 0 0
vt 0 0
vt 0 0
vt 0 0
vt 0 0
vt 0 0
vt 0 0
vt 0 0
vt 0 0
vt 0 0
vt 0 0
vt 0 0
vt 0 0
vt 0 0
vt 0 0
vt 0 0
vt 0 0
vt 0 0
vt 0 0
vt 0 0
vt 0 0
vt 0 0
vt 0 0
vt 0 0
vt 0 0
vt 0 0
vt 0 0
vt 0 0
vt 0 0
vt 0 0
vt 0 0
vt 0 0
vt 0 0
vt 0 0
vt 0 0
vt 0 0
vt 0 0
vt 0 0
vt 0 0
vt 0 0
vt 0 0
vt 0 0
vt 0 0
vt 0 0
vt 0 0
vt 0 0
vt 0 0
vt 0 0
vt 0 0
vt 0 0
vt 0 0
vt 0 0
vt 0 0
vt 0 0
vt 0 0
vt 0 0
vt 0 0
vt 0 0
vt 0 0
vt 0 0
vt 0 0
vt 0 0
vt 0 0
vt 0 0
vt 0 0
vt 0 0
vt 0 0
vt 0 0
vt 0 0
vt 0 0
vt 0 0
vt 0 0
vt 0 0
vt 0 0
vt 0 0
vt 0 0
vt 0 0
vt 0 0
vt 0 0
vt 0 0
vt 0 0
vt 0 0
vt 0 0
vt 0 0
vt 0 0
vt 0 0
vt 0 0
vt 0 0
vt 0 0
vt 0 0
vt 0 0
vt 0 0
vt 0 0
vt 0 0
vt 0 0
vt 0 0
vt 0 0
vt 0 0
vt 0 0
vt 0 0
vt 0 0
vt 0 0
vt 0 0
vt 0 0
vt 0 0
vt 0 0
vt 0 0
vt 0 0
vt 0 0
vt 0 0
vt 0 0
vt 0 0
vt 0 0
vt 0 0
vt 0 0
vt 0 0
vt 0 0
vt 0 0
vt 0 0
vt 0 0
vt 0 0
vt 0 0
vt 0 0
vt 0 0
vt 0 0
vt 0 0
vt 0 0
vt 0 0
vt 0 0
vt 0 0
vt 0 0
vt 0 0
vt 0 0
vt 0 0
vt 0 0
vt 0 0
vt 0 0
vt 0 0
vt 0 0
vt 0 0
vt 0 0
vt 0 0
vt 0 0
vt 0 0
vt 0 0
vt 0 0
vt 0 0
vt 0 0
vt 0 0
vt 0 0
vt 0 0
vt 0 0
vt 0 0
vt 0 0
vt 0 0
vt 0 0
vt 0 0
vt 0 0
vt 0 0
vt 0 0
vt 0 0
vt 0 0
vt 0 0
vt 0 0
vt 0 0
vt 0 0
vt 0 0
vt 0 0
vt 0 0
vt 0 0
vt 0 0
vt 0 0
vt 0 0
vt 0 0
vt 0 0
vt 0 0
vt 0 0
vt 0 0
vt 0 0
vt 0 0
vt 0 0
vt 0 0
vt 0 0
vt 0 0
vt 0 0
vt 0 0
vt 0 0
vt 0 0
vt 0 0
vt 0 0
vt 0 0
vt 0 0
vt 0 0
vt 0 0
vt 0 0
vt 0 0
vt 0 0
vt 0 0
vt 0 0
vt 0 0
vt 0 0
vt 0 0
vt 0 0
vt 0 0
vt 0 0
vt 0 0
vt 0 0
vt 0 0
vt 0 0
vt 0 0
vt 0 0
vt 0 0
vt 0 0
vt 0 0
vt 0 0
vt 0 0
vt 0 0
vt 0 0
vt 0 0
vt 0 0
vt 0 0
vt 0 0
vt 0 0
vt 0 0
vt 0 0
vt 0 0
vt 0 0
vt 0 0
vt 0 0
vt 0 0
vt 0 0
vt 0 0
vt 0 0
vt 0 0
vt 0 0
vt 0 0
vt 0 0
vt 0 0
vt 0 0
vt 0 0
vt 0 0
vt 0 0
vt 0 0
vt 0 0
vt 0 0
vt 0 0
vt 0 0
vt 0 0
vt 0 0
vt 0 0
vt 0 0
vt 0 0
vt 0 0
vt 0 0
vt 0 0
vt 0 0
vt 0 0
vt 0 0
vt 0 0
vt 0 0
vt 0 0
vt 0 0
vt 0 0
vt 0 0
vt 0 0
vt 0 0
vt 0 0
vt 0 0
vt 0 0
vt 0 0
vt 0 0
vt 0 0
vt 0 0
vt 0 0
vt 0 0
vt 0 0
vt 0 0
vt 0 0
vt 0 0
vt 0 0
vt 0 0
vt 0 0
vt 0 0
vt 0 0
vt 0 0
vt 0 0
vt 0 0
vt 0 0
vt 0 0
vt 0 0
vt 0 0
vt 0 0
vt 0 0
vt 0 0
vt 0 0
vt 0 0
vt 0 0
vt 0 0
vt 0 0
vt 0 0
vt 0 0
vt 0 0
vt 0 0
vt 0 0
vt 0 0
vt 0 0
vt 0 0
vt 0 0
vt 0 0
vt 0 0
vt 0 0
vt 0 0
vt 0 0
vt 0 0
vt 0 0
vt 0 0
vt 0 0
vt 0 0
vt 0 0
vt 0 0
vt 0 0
vt 0 0
vt 0 0
vt 0 0
vt 0 0
vt 0 0
vt 0 0
vt 0 0
vt 0 0
vt 0 0
vt 0 0
vt 0 0
vt 0 0
vt 0 0
vt 0 0
vt 0 0
vt 0 0
vt 0 0
vt 0 0
vt 0 0
vt 0 0
vt 0 0
vt 0 0
vt 0 0
vt 0 0
vt 0 0
vt 0 0
vt 0 0
vt 0 0
vt 0 0
vt 0 0
vt 0 0
vt 0 0
vt 0 0
vt 0 0
vt 0 0
vt 0 0
vt 0 0
vt 0 0
vt 0 0
vt 0 0
vt 0 0
vt 0 0
vt 0 0
vt 0 0
vt 0 0
vt 0 0
vt 0 0
vt 0 0
vt 0 0
vt 0 0
vt 0 0
vt 0 0
vt 0 0
vt 0 0
vt 0 0
vt 0 0
vt 0 0
vt 0 0
vt 0 0
vt 0 0
vt 0 0
vt 0 0
vt 0 0
vt 0 0
vt 0 0
vt 0 0
vt 0 0
vt 0 0
vt 0 0
vt 0 0
vt 0 0
vt 0 0
vt 0 0
vt 0 0
vt 0 0
vt 0 0
vt 0 0
vt 0 0
vt 0 0
vt 0 0
vt 0 0
vt 0 0
vt 0 0
vt 0 0
vt 0 0
vt 0 0
vt 0 0
vt 0 0
vt 0 0
vt 0 0
vt 0 0
vt 0 0
vt 0 0
vt 0 0
vt 0 0
vt 0 0
vt 0 0
vt 0 0
vt 0 0
vt 0 0
vt 0 0
vt 0 0
vt 0 0
vt 0 0
vt 0 0
vt 0 0
vt 0 0
vt 0 0
vt 0 0
vt 0 0
vt 0 0
vt 0 0
vt 0 0
vt 0 0
vt 0 0
vt 0 0
vt 0 0
vt 0 0
vt 0 0
vt 0 0
vt 0 0
vt 0 0
vt 0 0
vt 0 0
vt 0 0
vt 0 0
vt 0 0
vt 0 0
vt 0 0
vt 0 0
vt 0 0
vt 0 0
vt 0 0
vt 0 0
vt 0 0
vt 0 0
vt 0 0
vt 0 0
vt 0 0
vt 0 0
vt 0 0
vt 0 0
vt 0 0
vt 0 0
vt 0 0
vt 0 0
vt 0 0
vt 0 0
vt 0 0
vt 0 0
vt 0 0
vt 0 0
vt 0 0
vt 0 0
vt 0 0
vt 0 0
vt 0 0
vt 0 0
vt 0 0
vt 0 0
vt 0 0
vt 0 0
vt 0 0
vt 0 0
vt 0 0
vt 0 0
vt 0 0
vt 0 0
vt 0 0
vt 0 0
vt 0 0
vt 0 0
vt 0 0
vt 0 0
vt 0 0
vt 0 0
vt 0 0
vt 0 0
vt 0 0
vt 0 0
vt 0 0
vt 0 0
vt 0 0
vt 0 0
vt 0 0
vt 0 0
vt 0 0
vt 0 0
vt 0 0
vt 0 0
vt 0 0
vt 0 0
vt 0 0
vt 0 0
vt 0 0
vt 0 0
vt 0 0
vt 0 0
vt 0 0
vt 0 0
vt 0 0
vt 0 0
vt 0 0
vt 0 0
vt 0 0
vt 0 0
vt 0 0
vt 0 0
vt 0 0
vt 0 0
vt 0 0
vt 0 0
vt 0 0
vt 0 0
vt 0 0
vt 0 0
vt 0 0
vt 0 0
vt 0 0
vt 0 0
vt 0 0
vt 0 0
vt 0 0
vt 0 0
vt 0 0
vt 0 0
vt 0 0
vt 0 0
vt 0 0
vt 0 0
vt 0 0
vt 0 0
vt 0 0
vt 0 0
vt 0 0
vt 0 0
vt 0 0
vt 0 0
vt 0 0
vt 0 0
vt 0 0
vt 0 0
vt 0 0
vt 0 0
vt 0 0
vt 0 0
vt 0 0
vt 0 0
vt 0 0
vt 0 0
vt 0 0
vt 0 0
vt 0 0
vt 0 0
vt 0 0
vt 0 0
vt 0 0
vt 0 0
vt 0 0
vt 0 0
vt 0 0
vt 0 0
vt 0 0
vt 0 0
vt 0 0
vt 0 0
vt 0 0
vt 0 0
vt 0 0
vt 0 0
vt 0 0
vt 0 0
vt 0 0
vt 0 0
vt 0 0
vt 0 0
vt 0 0
vt 0 0
vt 0 0
vt 0 0
vt 0 0
vt 0 0
vt 0 0
vt 0 0
vt 0 0
vt 0 0
vt 0 0
vt 0 0
vt 0 0
vt 0 0
vt 0 0
vt 0 0
vt 0 0
vt 0 0
vt 0 0
vt 0 0
vt 0 0
vt 0 0
vt 0 0
vt 0 0
vt 0 0
vt 0 0
vt 0 0
vt 0 0
vt 0 0
vt 0 0
vt 0 0
vt 0 0
vt 0 0
vt 0 0
vt 0 0
vt 0 0
vt 0 0
vt 0 0
vt 0 0
vt 0 0
vt 0 0
vt 0 0
vt 0 0
vt 0 0
vt 0 0
vt 0 0
vt 0 0
vt 0 0
vt 0 0
vt 0 0
vt 0 0
vt 0 0
vt 0 0
vt 0 0
vt 0 0
vt 0 0
vt 0 0
vt 0 0
vt 0 0
vt 0 0
vt 0 0
vt 0 0
vt 0 0
vt 0 0
vt 0 0
vt 0 0
vt 0 0
vt 0 0
vt 0 0
vt 0 0
vt 0 0
vt 0 0
vt 0 0
vt 0 0
vt 0 0
vt 0 0
vt 0 0
vt 0 0
vt 0 0
vt 0 0
vt 0 0
vt 0 0
vt 0 0
vt 0 0
vt 0 0
vt 0 0
vt 0 0
vt 0 0
vt 0 0
vt 0 0
vt 0 0
vt 0 0
vt 0 0
vt 0 0
vt 0 0
vt 0 0
vt 0 0
vt 0 0
vt 0 0
vt 0 0
vt 0 0
vt 0 0
vt 0 0
vt 0 0
vt 0 0
vt 0 0
vt 0 0
vt 0 0
vt 0 0
vt 0 0
vt 0 0
vt 0 0
vt 0 0
vt 0 0
vt 0 0
vt 0 0
vt 0 0
vt 0 0
vt 0 0
vt 0 0
vt 0 0
vt 0 0
vt 0 0
vt 0 0
vt 0 0
vt 0 0
vt 0 0
vt 0 0
vt 0 0
vt 0 0
vt 0 0
vt 0 0
vt 0 0
vt 0 0
vt 0 0
vt 0 0
vt 0 0
vt 0 0
vt 0 0
vt 0 0
vt 0 0
vt 0 0
vt 0 0
vt 0 0
vt 0 0
vt 0 0
vt 0 0
vt 0 0
vt 0 0
vt 0 0
vt 0 0
vt 0 0
vt 0 0
vt 0 0
vt 0 0
vt 0 0
vt 0 0
vt 0 0
vt 0 0
vt 0 0
vt 0 0
vt 0 0
vt 0 0
vt 0 0
vt 0 0
vt 0 0
vt 0 0
vt 0 0
vt 0 0
vt 0 0
vt 0 0
vt 0 0
vt 0 0
vt 0 0
vt 0 0
vt 0 0
vt 0 0
vt 0 0
vt 0 0
vt 0 0
vt 0 0
vt 0 0
vt 0 0
vt 0 0
vt 0 0
vt 0 0
vt 0 0
vt 0 0
vt 0 0
vt 0 0
vt 0 0
vt 0 0
vt 0 0
vt 0 0
vt 0 0
vt 0 0
vt 0 0
vt 0 0
vt 0 0
vt 0 0
vt 0 0
vt 0 0
vt 0 0
vt 0 0
vt 0 0
vt 0 0
vt 0 0
vt 0 0
vt 0 0
vt 0 0
vt 0 0
vt 0 0
vt 0 0
vt 0 0
vt 0 0
vt 0 0
vt 0 0
vt 0 0
vt 0 0
vt 0 0
vt 0 0
vt 0 0
vt 0 0
vt 0 0
vt 0 0
vt 0 0
vt 0 0
vt 0 0
vt 0 0
vt 0 0
vt 0 0
vt 0 0
vt 0 0
vt 0 0
vt 0 0
vt 0 0
vt 0 0
vt 0 0
vt 0 0
vt 0 0
vt 0 0
vt 0 0
vt 0 0
vt 0 0
vt 0 0
vt 0 0
vt 0 0
vt 0 0
vt 0 0
vt 0 0
vt 0 0
vt 0 0
vt 0 0
vt 0 0
vt 0 0
vt 0 0
vt 0 0
vt 0 0
vt 0 0
vt 0 0
vt 0 0
vt 0 0
vt 0 0
vt 0 0
vt 0 0
vt 0 0
vt 0 0
vt 0 0
vt 0 0
vt 0 0
vt 0 0
vt 0 0
vt 0 0
vt 0 0
vt 0 0
vt 0 0
vt 0 0
vt 0 0
vt 0 0
vt 0 0
vt 0 0
vt 0 0
vt 0 0
vt 0 0
vt 0 0
vt 0 0
vt 0 0
vt 0 0
vt 0 0
vt 0 0
vt 0 0
vt 0 0
vt 0 0
vt 0 0
vt 0 0
vt 0 0
vt 0 0
vt 0 0
vt 0 0
vt 0 0
vt 0 0
vt 0 0
vt 0 0
vt 0 0
vt 0 0
vt 0 0
vt 0 0
vt 0 0
vt 0 0
vt 0 0
vt 0 0
vt 0 0
vt 0 0
vt 0 0
vt 0 0
vt 0 0
vt 0 0
vt 0 0
vt 0 0
vt 0 0
vt 0 0
vt 0 0
vt 0 0
vt 0 0
vt 0 0
vt 0 0
vt 0 0
vt 0 0
vt 0 0
vt 0 0
vt 0 0
vt 0 0
vt 0 0
vt 0 0
vt 0 0
vt 0 0
vt 0 0
vt 0 0
vt 0 0
vt 0 0
vt 0 0
vt 0 0
vt 0 0
vt 0 0
vt 0 0
vt 0 0
vt 0 0
vt 0 0
vt 0 0
vt 0 0
vt 0 0
vt 0 0
vt 0 0
vt 0 0
vt 0 0
vt 0 0
vt 0 0
vt 0 0
vt 0 0
vt 0 0
vt 0 0
vt 0 0
vt 0 0
vt 0 0
vt 0 0
vt 0 0
vt 0 0
vt 0 0
vt 0 0
vt 0 0
vt 0 0
vt 0 0
vt 0 0
vt 0 0
vt 0 0
vt 0 0
vt 0 0
vt 0 0
vt 0 0
vt 0 0
vt 0 0
vt 0 0
vt 0 0
vt 0 0
vt 0 0
vt 0 0
vt 0 0
vt 0 0
vt 0 0
vt 0 0
vt 0 0
vt 0 0
vt 0 0
vt 0 0
vt 0 0
vt 0 0
vt 0 0
vt 0 0
vt 0 0
vt 0 0
vt 0 0
vt 0 0
vt 0 0
vt 0 0
vt 0 0
vt 0 0
vt 0 0
vt 0 0
vt 0 0
vt 0 0
vt 0 0
vt 0 0
vt 0 0
vt 0 0
vt 0 0
vt 0 0
vt 0 0
vt 0 0
vt 0 0
vt 0 0
vt 0 0
vt 0 0
vt 0 0
vt 0 0
vt 0 0
vt 0 0
vt 0 0
vt 0 0
vt 0 0
vt 0 0
vt 0 0
vt 0 0
vt 0 0
vt 0 0
vt 0 0
vt 0 0
vt 0 0
vt 0 0
vt 0 0
vt 0 0
vt 0 0
vt 0 0
vt 0 0
vt 0 0
vt 0 0
vt 0 0
vt 0 0
vt 0 0
vt 0 0
vt 0 0
vt 0 0
vt 0 0
vt 0 0
vt 0 0
vt 0 0
vt 0 0
vt 0 0
vt 0 0
vt 0 0
vt 0 0
vt 0 0
vt 0 0
vt 0 0
vt 0 0
vt 0 0
vt 0 0
vt 0 0
vt 0 0
vt 0 0
vt 0 0
vt 0 0
vt 0 0
vt 0 0
vt 0 0
vt 0 0
vt 0 0
vt 0 0
vt 0 0
vt 0 0
vt 0 0
vt 0 0
vt 0 0
vt 0 0
vt 0 0
vt 0 0
vt 0 0
vt 0 0
vt 0 0
vt 0 0
vt 0 0
vt 0 0
vt 0 0
vt 0 0
vt 0 0
vt 0 0
vt 0 0
vt 0 0
vt 0 0
vt 0 0
vt 0 0
vt 0 0
vt 0 0
vt 0 0
vt 0 0
vt 0 0
vt 0 0
vt 0 0
vt 0 0
vt 0 0
vt 0 0
vt 0 0
vt 0 0
vt 0 0
vt 0 0
vt 0 0
vt 0 0
vt 0 0
vt 0 0
vt 0 0
vt 0 0
vt 0 0
vt 0 0
vt 0 0
vt 0 0
vt 0 0
vt 0 0
vt 0 0
vt 0 0
vt 0 0
vt 0 0
vt 0 0
vt 0 0
vt 0 0
vt 0 0
vt 0 0
vt 0 0
vt 0 0
vt 0 0
vt 0 0
vt 0 0
vt 0 0
vt 0 0
vt 0 0
vt 0 0
vt 0 0
vt 0 0
vt 0 0
vt 0 0
vt 0 0
vt 0 0
vt 0 0
vt 0 0
vt 0 0
vt 0 0
vt 0 0
vt 0 0
vt 0 0
vt 0 0
vt 0 0
vt 0 0
vt 0 0
vt 0 0
vt 0 0
vt 0 0
vt 0 0
vt 0 0
vt 0 0
vt 0 0
vt 0 0
vt 0 0
vt 0 0
vt 0 0
vt 0 0
vt 0 0
vt 0 0
vt 0 0
vt 0 0
vt 0 0
vt 0 0
vt 0 0
vt 0 0
vt 0 0
vt 0 0
vt 0 0
vt 0 0
vt 0 0
vt 0 0
vt 0 0
vt 0 0
vt 0 0
vt 0 0
vt 0 0
vt 0 0
vt 0 0
vt 0 0
vt 0 0
vt 0 0
vt 0 0
vt 0 0
vt 0 0
vt 0 0
vt 0 0
vt 0 0
vt 0 0
vt 0 0
vt 0 0
vt 0 0
vt 0 0
vt 0 0
vt 0 0
vt 0 0
vt 0 0
vt 0 0
vt 0 0
vt 0 0
vt 0 0
vt 0 0
vt 0 0
vt 0 0
vt 0 0
vt 0 0
vt 0 0
vt 0 0
vt 0 0
vt 0 0
vt 0 0
vt 0 0
vt 0 0
vt 0 0
vt 0 0
vt 0 0
vt 0 0
vt 0 0
vt 0 0
vt 0 0
vt 0 0
vt 0 0
vt 0 0
vt 0 0
vt 0 0
vt 0 0
vt 0 0
vt 0 0
vt 0 0
vt 0 0
vt 0 0
vt 0 0
vt 0 0
vt 0 0
vt 0 0
vt 0 0
vt 0 0
vt 0 0
vt 0 0
vt 0 0
vt 0 0
vt 0 0
vt 0 0
vt 0 0
vt 0 0
vt 0 0
vt 0 0
vt 0 0
vt 0 0
vt 0 0
vt 0 0
vt 0 0
vt 0 0
vt 0 0
vt 0 0
vt 0 0
vt 0 0
vt 0 0
vt 0 0
vt 0 0
vt 0 0
vt 0 0
vt 0 0
vt 0 0
vt 0 0
vt 0 0
vt 0 0
vt 0 0
vt 0 0
vt 0 0
vt 0 0
vt 0 0
vt 0 0
vt 0 0
vt 0 0
vt 0 0
vt 0 0
vt 0 0
vt 0 0
vt 0 0
vt 0 0
vt 0 0
vt 0 0
vt 0 0
vt 0 0
vt 0 0
vt 0 0
vt 0 0
vt 0 0
vt 0 0
vt 0 0
vt 0 0
vt 0 0
vt 0 0
vt 0 0
vt 0 0
vt 0 0
vt 0 0
vt 0 0
vt 0 0
vt 0 0
vt 0 0
vt 0 0
vt 0 0
vt 0 0
vt 0 0
vt 0 0
vt 0 0
vt 0 0
vt 0 0
vt 0 0
vt 0 0
vt 0 0
vt 0 0
vt 0 0
vt 0 0
vt 0 0
vt 0 0
vt 0 0
vt 0 0
vt 0 0
vt 0 0
vt 0 0
vt 0 0
vt 0 0
vt 0 0
vt 0 0
vt 0 0
vt 0 0
vt 0 0
vt 0 0
vt 0 0
vt 0 0
vt 0 0
vt 0 0
vt 0 0
vt 0 0
vt 0 0
vt 0 0
vt 0 0
vt 0 0
vt 0 0
vt 0 0
vt 0 0
vt 0 0
vt 0 0
vt 0 0
vt 0 0
vt 0 0
vt 0 0
vt 0 0
vt 0 0
vt 0 0
vt 0 0
vt 0 0
vt 0 0
vt 0 0
vt 0 0
vt 0 0
vt 0 0
vt 0 0
vt 0 0
vt 0 0
vt 0 0
vt 0 0
vt 0 0
vt 0 0
vt 0 0
vt 0 0
vt 0 0
vt 0 0
vt 0 0
vt 0 0
vt 0 0
vt 0 0
vt 0 0
vt 0 0
vt 0 0
vt 0 0
vt 0 0
vt 0 0
vt 0 0
vt 0 0
vt 0 0
vt 0 0
vt 0 0
vt 0 0
vt 0 0
vt 0 0
vt 0 0
vt 0 0
vt 0 0
vt 0 0
vt 0 0
vt 0 0
vt 0 0
vt 0 0
vt 0 0
vt 0 0
vt 0 0
vt 0 0
vt 0 0
vt 0 0
vt 0 0
vt 0 0
vt 0 0
vt 0 0
vt 0 0
vt 0 0
vt 0 0
vt 0 0
vt 0 0
vt 0 0
vt 0 0
vt 0 0
vt 0 0
vt 0 0
vt 0 0
vt 0 0
vt 0 0
vt 0 0
vt 0 0
vt 0 0
vt 0 0
vt 0 0
vt 0 0
vt 0 0
vt 0 0
vt 0 0
vt 0 0
vt 0 0
vt 0 0
vt 0 0
vt 0 0
vt 0 0
vt 0 0
vt 0 0
vt 0 0
vt 0 0
vt 0 0
vt 0 0
vt 0 0
vt 0 0
vt 0 0
vt 0 0
vt 0 0
vt 0 0
vt 0 0
vt 0 0
vt 0 0
vt 0 0
vt 0 0
vt 0 0
vt 0 0
vt 0 0
vt 0 0
vt 0 0
vt 0 0
vt 0 0
vt 0 0
vt 0 0
vt 0 0
vt 0 0
vt 0 0
vt 0 0
vt 0 0
vt 0 0
vt 0 0
vt 0 0
vt 0 0
vt 0 0
vt 0 0
vt 0 0
vt 0 0
vt 0 0
vt 0 0
vt 0 0
vt 0 0
vt 0 0
vt 0 0
vt 0 0
vt 0 0
vt 0 0
vt 0 0
vt 0 0
vt 0 0
vt 0 0
vt 0 0
vt 0 0
vt 0 0
vt 0 0
vt 0 0
vt 0 0
vt 0 0
vt 0 0
vt 0 0
vt 0 0
vt 0 0
vt 0 0
vt 0 0
vt 0 0
vt 0 0
vt 0 0
vt 0 0
vt 0 0
vt 0 0
vt 0 0
vt 0 0
vt 0 0
vt 0 0
vt 0 0
vt 0 0
vt 0 0
vt 0 0
vt 0 0
vt 0 0
vt 0 0
vt 0 0
vt 0 0
vt 0 0
vt 0 0
vt 0 0
vt 0 0
vt 0 0
vt 0 0
vt 0 0
vt 0 0
vt 0 0
vt 0 0
vt 0 0
vt 0 0
vt 0 0
vt 0 0
vt 0 0
vt 0 0
vt 0 0
vt 0 0
vt 0 0
vt 0 0
vt 0 0
vt 0 0
vt 0 0
vt 0 0
vt 0 0
vn 0.48853897933041623 -0.8216694574027393 0.29357957770642545
vn 0.48853897933041623 -0.8216694574027393 0.29357957770642545
vn 0.48853897933041623 -0.8216694574027393 0.29357957770642545
vn -0.5125123323131141 -0.8491076331610521 0.1278567031274007
vn -0.5125008222479508 -0.8491145963530611 0.1278565972304626
vn -0.5125144664243021 -0.8491064217570266 0.12785619358009745
vn -0.14557348483827454 -0.8491185477876124 0.5077460510088648
vn -0.1455641998512981 -0.8491290886902626 0.5077310847896701
vn -0.14557239466580782 -0.8491196663486291 0.5077444929600469
vn -0.4044265998111148 -0.851315369252999 -0.3342173954761335
vn -0.40442836423500234 -0.851315441670446 -0.33421507592514965
vn -0.40442434274909134 -0.8513153859129617 -0.3342200842256946
vn 0.5134957023743515 -0.851287276758942 -0.10785238092604144
vn 0.5134977645144729 -0.8512860448410244 -0.10785228647351079
vn 0.5134956862222494 -0.8512873095861886 -0.10785219871958966
vn 0.2358873602890784 -0.8512802006231963 -0.46869944877584535
vn 0.23588266550975248 -0.8512844888603871 -0.46869402293791196
vn 0.23588989311975964 -0.8512778747187858 -0.46870239847713135
vn 0.9743910899632406 0 -0.2248599648675771
vn 0.9743910899632406 0 -0.2248599648675771
vn 0.9743910899632406 0 -0.2248599648675771
vn 0.8658698325292938 0 -0.5002693605605809
vn 0.8658698325292938 0 -0.5002693605605809
vn 0.8658698325292938 0 -0.5002693605605809
vn -0.9236660649808635 0.00000384449960886544 0.3831983825487617
vn -0.9236822842276724 0.0000184475977757527 0.3831592847154239
vn -0.9236783016209127 0.000015258798532406945 0.38316888558685847
vn -0.9368602831650388 -0.00004744529824482171 0.3497038855615805
vn -0.9368793503983225 -0.000028610198983593104 0.34965280204607774
vn -0.936869009654313 -0.000039279500271700464 0.34968050732985934
vn 0.4152113373130728 -0.000017613195651447614 -0.9097249831990243
vn 0.41521657667030365 -0.000016540300298734136 -0.909722591884258
vn 0.415197699434243 -0.00002345440038751146 -0.9097312074642725
vn 0.3821917684784567 0.000019997397882040088 -0.9240830329074406
vn 0.3821702830374828 0.000012606400338307189 -0.9240919189150661
vn 0.38218497669640084 0.000017940997814350694 -0.9240858419355271
vn -0.5301836080711324 0 0.847882858496783
vn -0.5301836080711324 0 0.847882858496783
vn -0.5301836080711324 0 0.847882858496783
vn -0.258636204262236 0 0.965974799798019
vn -0.258636204262236 0 0.965974799798019
vn -0.258636204262236 0 0.965974799798019
vn 0.5094235624360636 -0.8512897633370743 0.12567168683700447
vn 0.5094102066126504 -0.8512988159189978 0.12566450339602234
vn 0.509413654459333 -0.8512964759254309 0.12566637866720548
vn 0.2194357052246108 -0.8512960017750171 0.47659530907725894
vn 0.21943607365787385 -0.8512952110252543 0.47659655187913785
vn 0.21943707797302736 -0.8512924922453572 0.47660094571596073
vn -0.5135018850948411 -0.8512839121040195 0.10784950160719577
vn -0.5134901427439066 -0.8512909450611241 0.10784989643843189
vn -0.5134888177896342 -0.8512917568929366 0.10784979671349075
vn -0.23587598356841322 -0.8512833280935918 0.468699494010322
vn -0.23588248103859383 -0.8512773100589685 0.4687071543275656
vn -0.23588521053522812 -0.8512747622133027 0.4687104081087131
vn -0.36693599052381765 -0.8490995587071769 -0.3799841026432321
vn -0.3669391881128297 -0.8490955854217299 -0.3799898933451088
vn -0.366932084334069 -0.8491043818570962 -0.3799770969378738
vn 0.3802034083775563 -0.8490097201255623 -0.3669166981624078
vn 0.3802034083775563 -0.8490097201255623 -0.3669166981624078
vn 0.3802034083775563 -0.8490097201255623 -0.3669166981624078
vn 0.14558359478171956 -0.849123389027767 -0.5077350560444216
vn 0.14558018698754438 -0.8491273495991332 -0.5077294095474708
vn 0.14558609926865063 -0.849120355559631 -0.5077394109915291
vn -0.19811830505464031 -0.8545965802896753 0.48001439786684424
vn -0.19810517640372216 -0.854594669802573 0.48002321759169236
vn -0.19810988957921613 -0.85459539940004 0.480019973516933
vn -0.5127118273206857 -0.8490348530061166 0.12753979969548918
vn -0.5127118273206857 -0.8490348530061166 0.12753979969548918
vn -0.5127118273206857 -0.8490348530061166 0.12753979969548918
vn 0.38943463628059033 -0.8531405343755527 0.34711942133853685
vn 0.38942597156798564 -0.8531387632435665 0.347133494954849
vn 0.3894298937932786 -0.8531395721178191 0.3471271068452885
vn -0.3894589838115215 -0.8531408302815828 -0.34709137649176564
vn -0.38945868366445363 -0.853141004443063 -0.34709128519199745
vn -0.38945384996177174 -0.8531458198746996 -0.3470848725892276
vn 0.4013321347084664 -0.8531327731842874 -0.3333121494473801
vn 0.4013298825698438 -0.8531349462417833 -0.3333092990864567
vn 0.40132448262549164 -0.8531401196780493 -0.3333025590077357
vn -0.048999130135317495 -0.8557096616610718 -0.5151311097049722
vn -0.04898941255082142 -0.8557127907581171 -0.5151268360228188
vn -0.04899149984708304 -0.8557121494446105 -0.5151277028423319
vn 0.4044265998111148 -0.851315369252999 0.3342173954761335
vn 0.40442836423500234 -0.851315441670446 0.33421507592514965
vn 0.40442434274909134 -0.8513153859129617 0.3342200842256946
vn -0.5134957023743515 -0.851287276758942 0.10785238092604144
vn -0.5134977645144729 -0.8512860448410244 0.10785228647351079
vn -0.5134956862222494 -0.8512873095861886 0.10785219871958966
vn -0.2358873602890784 -0.8512802006231963 0.46869944877584535
vn -0.23588266550975248 -0.8512844888603871 0.46869402293791196
vn -0.23588989311975964 -0.8512778747187858 0.46870239847713135
vn -0.3669364735427301 -0.8490994538026349 -0.3799838706262313
vn -0.3669396545098367 -0.8490954420540099 -0.37998976332436507
vn -0.3669324558837503 -0.8491042948637635 -0.3799769325406882
vn 0.5125123323131141 -0.8491076331610521 -0.1278567031274007
vn 0.5125008222479508 -0.8491145963530611 -0.1278565972304626
vn 0.5125144664243021 -0.8491064217570266 -0.12785619358009745
vn 0.14557348483827454 -0.8491185477876124 -0.5077460510088648
vn 0.1455641998512981 -0.8491290886902626 -0.5077310847896701
vn 0.14557239466580782 -0.8491196663486291 -0.5077444929600469
vn -0.3671546646709619 -0.8490408816929669 -0.3799039792163058
vn -0.3671546646709619 -0.8490408816929669 -0.3799039792163058
vn -0.3671546646709619 -0.8490408816929669 -0.3799039792163058
vn 0.1456090017211843 -0.8491129012960703 -0.5077453096487748
vn 0.14560790038077312 -0.8491129091422561 -0.5077456123637876
vn 0.14560971077910945 -0.849112832839883 -0.5077452207883922
vn 0.5094148483741164 -0.8512969558072108 0.12565828778616983
vn 0.5094207648100084 -0.851292928720605 0.12566158478501285
vn 0.5094199630722863 -0.8512934798522817 0.1256611013178835
vn 0.21941099682081988 -0.8513029070725235 0.4765943504532597
vn 0.21941279354731752 -0.851297277948693 0.4766035780236108
vn 0.21941350563302792 -0.8512951794867374 0.47660699840483756
vn -0.5134961556950872 -0.8512968937251414 0.10777428645225175
vn -0.5135072561432271 -0.8512895259323806 0.10777959420074296
vn -0.5135147547675198 -0.851284559581267 0.10778309354709698
vn -0.23589219162973057 -0.851281762485633 0.468694180449765
vn -0.23589018317679078 -0.8512817740476042 0.4686951702921461
vn -0.23589427373628594 -0.8512817478485268 0.4686931591120008
vn -0.1981200831324609 -0.854595344795919 0.48001586360528864
vn -0.19810917603315392 -0.8545937378450611 0.48002322611252046
vn -0.1981117896443319 -0.8545940613536728 0.4800215714975268
vn 0.18132558909700275 -0.8546022386331538 0.4865963876374619
vn 0.1813240012046971 -0.8546066099318009 0.4865893020278945
vn 0.18132779299346877 -0.8545950195172113 0.4866082450025842
vn -0.3894281927761678 -0.8531119105577258 -0.3471969912537183
vn -0.3894292733421667 -0.853110735294463 -0.3471986670330584
vn -0.3894307706078128 -0.8531092608404788 -0.34720061055824364
vn 0.06688152120174248 -0.8557002969705464 -0.5131314294469396
vn 0.06687812458031667 -0.8557013806435714 -0.5131300650101351
vn 0.06688826388076395 -0.8556982691809055 -0.5131339321033251
vn 0.4013603271431098 -0.853128778478629 -0.3332884263324156
vn 0.4013629653888868 -0.8531263679352651 -0.333291419553252
vn 0.40136134778744426 -0.8531279000647329 -0.33328944572756164
vn -0.8481370633379277 0 -0.5297768603785145
vn -0.8481370633379277 0 -0.5297768603785145
vn -0.8481370633379277 0 -0.5297768603785145
vn -0.96588757102173 0 -0.2589617735221598
vn -0.96588757102173 0 -0.2589617735221598
vn -0.96588757102173 0 -0.2589617735221598
vn 0.9097249279250523 -0.00001558659784610087 0.415211458498939
vn 0.9097226359678219 -0.000013977299354204821 0.4152164801791866
vn 0.9097311297000346 -0.000020861597928522852 0.4151978699602068
vn 0.9240825633394655 0.000016868099665990594 0.3821929039731509
vn 0.9240915106826083 0.000009506938948173873 0.38217127023620306
vn 0.924085342618643 0.000014394499343140014 0.3821861841435188
vn 0.39869681325356465 0 -0.9170827940275905
vn 0.39869681325356465 0 -0.9170827940275905
vn 0.39869681325356465 0 -0.9170827940275905
vn -0.9170828892549983 0 -0.3986965942113185
vn -0.9170828892549983 0 -0.3986965942113185
vn -0.9170828892549983 0 -0.3986965942113185
vn -0.9445743038833373 0 0.3282977070332787
vn -0.9445743038833373 0 0.3282977070332787
vn -0.9445743038833373 0 0.3282977070332787
vn -0.9654463093579175 0.015924148525516414 0.2601150615418368
vn -0.9654463093579175 0.015924148525516414 0.2601150615418368
vn -0.9654463093579175 0.015924148525516414 0.2601150615418368
vn -0.9683328001220765 0.011628439326074626 0.24939199587512542
vn -0.9683328001220765 0.011628439326074626 0.24939199587512542
vn -0.9683328001220765 0.011628439326074626 0.24939199587512542
vn -0.9827764716000483 0 -0.1847982869762578
vn -0.9827764716000483 0 -0.1847982869762578
vn -0.9827764716000483 0 -0.1847982869762578
vn -0.9619259679497052 0.05235320245419706 -0.26824909016958975
vn -0.9619259679497052 0.05235320245419706 -0.26824909016958975
vn -0.9619259679497052 0.05235320245419706 -0.26824909016958975
vn -0.9872421615814898 0 -0.15922598530361737
vn -0.9872421615814898 0 -0.15922598530361737
vn -0.9872421615814898 0 -0.15922598530361737
vn -0.9834443490437899 0.008651196165773738 -0.18100378211169504
vn -0.9834443490437899 0.008651196165773738 -0.18100378211169504
vn -0.9834443490437899 0.008651196165773738 -0.18100378211169504
vn -0.8031942223024547 0 -0.5957172494228742
vn -0.8031942223024547 0 -0.5957172494228742
vn -0.8031942223024547 0 -0.5957172494228742
vn -0.7488092507759486 0 -0.6627855655884205
vn -0.7488092507759486 0 -0.6627855655884205
vn -0.7488092507759486 0 -0.6627855655884205
vn -0.800371044422525 0.008231758074079224 -0.5994484376566567
vn -0.800371044422525 0.008231758074079224 -0.5994484376566567
vn -0.800371044422525 0.008231758074079224 -0.5994484376566567
vn -0.8052865619504466 0.012121669581807807 -0.5927618562868052
vn -0.8052865619504466 0.012121669581807807 -0.5927618562868052
vn -0.8052865619504466 0.012121669581807807 -0.5927618562868052
vn -0.8533935694179748 0 -0.5212671250674151
vn -0.8533935694179748 0 -0.5212671250674151
vn -0.8533935694179748 0 -0.5212671250674151
vn -0.9170828579865891 0 -0.3986966661349824
vn -0.9170828579865891 0 -0.3986966661349824
vn -0.9170828579865891 0 -0.3986966661349824
vn -0.441365224358734 0.018404180690918856 -0.8971387991051665
vn -0.441365224358734 0.018404180690918856 -0.8971387991051665
vn -0.441365224358734 0.018404180690918856 -0.8971387991051665
vn -0.4683277828497733 0 -0.8835548018153802
vn -0.4683277828497733 0 -0.8835548018153802
vn -0.4683277828497733 0 -0.8835548018153802
vn -0.2890968955519946 0 -0.9572998406884852
vn -0.2890968955519946 0 -0.9572998406884852
vn -0.2890968955519946 0 -0.9572998406884852
vn -0.26012405453366066 0.01344256925737751 -0.9654816277820774
vn -0.26012405453366066 0.01344256925737751 -0.9654816277820774
vn -0.26012405453366066 0.01344256925737751 -0.9654816277820774
vn 0.18479739096398834 0 -0.9827766400830369
vn 0.18479739096398834 0 -0.9827766400830369
vn 0.18479739096398834 0 -0.9827766400830369
vn 0.2682515100435817 0.05235355750550031 -0.9619252738003385
vn 0.2682515100435817 0.05235355750550031 -0.9619252738003385
vn 0.2682515100435817 0.05235355750550031 -0.9619252738003385
vn 0.15923038213153856 0 -0.9872414524351396
vn 0.15923038213153856 0 -0.9872414524351396
vn 0.15923038213153856 0 -0.9872414524351396
vn 0.18100338671452335 0.008650838157127366 -0.9834444249661757
vn 0.18100338671452335 0.008650838157127366 -0.9834444249661757
vn 0.18100338671452335 0.008650838157127366 -0.9834444249661757
vn 0.5957167037168802 0 -0.8031946270442145
vn 0.5957167037168802 0 -0.8031946270442145
vn 0.5957167037168802 0 -0.8031946270442145
vn 0.6627859731882346 0 -0.7488088900012637
vn 0.6627859731882346 0 -0.7488088900012637
vn 0.6627859731882346 0 -0.7488088900012637
vn 0.5997141563034971 0.008184849234610372 -0.8001724432721933
vn 0.599714156600641 0.008184788702698757 -0.8001724436686594
vn 0.599714156600641 0.008184788702698757 -0.8001724436686594
vn 0.5927621260387042 0.012121489545974114 -0.8052863660992047
vn 0.5927621260387042 0.012121489545974114 -0.8052863660992047
vn 0.5927621260387042 0.012121489545974114 -0.8052863660992047
vn 0.5213887114952572 0 -0.8533192904917335
vn 0.5213887114952572 0 -0.8533192904917335
vn 0.5213887114952572 0 -0.8533192904917335
vn 0.39869647215770215 0 -0.9170829423171072
vn 0.39869647215770215 0 -0.9170829423171072
vn 0.39869647215770215 0 -0.9170829423171072
vn 0.8783258260338939 0.011695619753293463 -0.47791940303827823
vn 0.8783258260338939 0.011695619753293463 -0.47791940303827823
vn 0.8783258260338939 0.011695619753293463 -0.47791940303827823
vn 0.8834426488753722 0.015921231513704802 -0.46826872683871673
vn 0.8834426488753722 0.015921231513704802 -0.46826872683871673
vn 0.8834426488753722 0.015921231513704802 -0.46826872683871673
vn 0.9146868162440225 0 -0.4041633681933262
vn 0.9146868162440225 0 -0.4041633681933262
vn 0.9146868162440225 0 -0.4041633681933262
vn -0.983666522169014 -0.00000698642940466228 0.18000048087465417
vn -0.9836664259664338 -0.0000063488301224990395 0.18000100662528168
vn -0.9836664833020676 -0.00000669434987484666 0.18000069328568932
vn -0.9836566385470237 0 0.18005448464942478
vn -0.9836566385470237 0 0.18005448464942478
vn -0.9836566385470237 0 0.18005448464942478
vn -0.9931735791587104 0 0.11664579572825035
vn -0.9931735791587104 0 0.11664579572825035
vn -0.9931735791587104 0 0.11664579572825035
vn -0.9991810250064095 0.01200126941080513 0.038642577549513134
vn -0.9991810250064095 0.01200126941080513 0.038642577549513134
vn -0.9991810250064095 0.01200126941080513 0.038642577549513134
vn -0.9999896612609284 0 0.004547237760860302
vn -0.9999896612609284 0 0.004547237760860302
vn -0.9999896612609064 2.0908400132315056e-7 0.004547237760860202
vn -0.9954338339455414 0 -0.09545408444105535
vn -0.9954338339455414 0 -0.09545408444105535
vn -0.9954338339455414 0 -0.09545408444105535
vn -0.6785316227604461 0 -0.7345711925430208
vn -0.6785316227604461 0 -0.7345711925430208
vn -0.6785316227604461 0 -0.7345711925430208
vn -0.6531742929410803 0.01205544847460572 -0.7571116226838654
vn -0.6531742929410803 0.01205544847460572 -0.7571116226838654
vn -0.6531742929410803 0.01205544847460572 -0.7571116226838654
vn -0.5392265317704084 0.000004925299433917425 -0.8421607610252323
vn -0.5392257656796249 -5.159529418988927e-7 -0.8421612515587238
vn -0.5392266011116205 0.0000048726802512034425 -0.8421607166270972
vn -0.5392372111571292 -0.00003423540028425639 -0.8421539223511454
vn -0.5392389242932532 -0.000034148298818905776 -0.8421528254188481
vn -0.5392370302018139 -0.000034283799819053154 -0.8421540382161383
vn -0.18000410062925473 9.589129827545157e-7 -0.9836658598099933
vn -0.1800038843537504 0.000002250079696612364 -0.9836658993847955
vn -0.1800040717926422 3.748569313463889e-7 -0.9836658650872911
vn -0.17997957644597487 -0.0000010142099358513834 -0.9836703472512012
vn -0.1799802175435444 -0.000004355330453957425 -0.9836702299419301
vn -0.17997929194253168 0.0000010672999752147635 -0.9836703993059492
vn -0.03864187071790394 0.01200144945842499 -0.9991810501797547
vn -0.03864187071790394 0.01200144945842499 -0.9991810501797547
vn -0.03864187071790394 0.01200144945842499 -0.9991810501797547
vn -0.004547594915671929 0 -0.9999896596367799
vn -0.004547594915671929 0 -0.9999896596367799
vn -0.0045475949156718294 2.090840009835636e-7 -0.9999896596367579
vn 0.09545182483017468 0 -0.995434050621431
vn 0.09545182483017468 0 -0.995434050621431
vn 0.09545182483017468 0 -0.995434050621431
vn 0.734571565157733 0 -0.6785312193714588
vn 0.734571565157733 0 -0.6785312193714588
vn 0.734571565157733 0 -0.6785312193714588
vn 0.7571115683136642 0.012055388953307246 -0.6531743570615798
vn 0.7571115683136642 0.012055388953307246 -0.6531743570615798
vn 0.7571115683136642 0.012055388953307246 -0.6531743570615798
vn 0.8059444883411022 0 -0.5919911162446605
vn 0.8059444883411022 0 -0.5919911162446605
vn 0.8059444883411022 0 -0.5919911162446605
vn 0.8420410119804048 0 -0.5394135094183458
vn 0.8420410119804048 0 -0.5394135094183458
vn 0.8420410119804048 0 -0.5394135094183458
vn 0.8421588530496347 -0.000006960699457789 -0.5392295116012035
vn 0.8421584783828254 -0.000007757449400492607 -0.5392300967376971
vn 0.8421596197119139 -0.0000052861900592760115 -0.5392283142591278
vn 0.9170828892549983 0 0.3986965942113185
vn 0.9170828892549983 0 0.3986965942113185
vn 0.9170828892549983 0 0.3986965942113185
vn -0.39869681325356465 0 0.9170827940275905
vn -0.39869681325356465 0 0.9170827940275905
vn -0.39869681325356465 0 0.9170827940275905
vn 0.441365224358734 0.018404180690918856 0.8971387991051665
vn 0.441365224358734 0.018404180690918856 0.8971387991051665
vn 0.441365224358734 0.018404180690918856 0.8971387991051665
vn 0.4683277828497733 0 0.8835548018153802
vn 0.4683277828497733 0 0.8835548018153802
vn 0.4683277828497733 0 0.8835548018153802
vn 0.2890968955519946 0 0.9572998406884852
vn 0.2890968955519946 0 0.9572998406884852
vn 0.2890968955519946 0 0.9572998406884852
vn 0.26012405453366066 0.01344256925737751 0.9654816277820774
vn 0.26012405453366066 0.01344256925737751 0.9654816277820774
vn 0.26012405453366066 0.01344256925737751 0.9654816277820774
vn -0.18479739096398834 0 0.9827766400830369
vn -0.18479739096398834 0 0.9827766400830369
vn -0.18479739096398834 0 0.9827766400830369
vn -0.2682515100435817 0.05235355750550031 0.9619252738003385
vn -0.2682515100435817 0.05235355750550031 0.9619252738003385
vn -0.2682515100435817 0.05235355750550031 0.9619252738003385
vn -0.15923038213153856 0 0.9872414524351396
vn -0.15923038213153856 0 0.9872414524351396
vn -0.15923038213153856 0 0.9872414524351396
vn -0.18100338671452335 0.008650838157127366 0.9834444249661757
vn -0.18100338671452335 0.008650838157127366 0.9834444249661757
vn -0.18100338671452335 0.008650838157127366 0.9834444249661757
vn -0.5957167037168802 0 0.8031946270442145
vn -0.5957167037168802 0 0.8031946270442145
vn -0.5957167037168802 0 0.8031946270442145
vn -0.6627859731882346 0 0.7488088900012637
vn -0.6627859731882346 0 0.7488088900012637
vn -0.6627859731882346 0 0.7488088900012637
vn -0.5997141563034971 0.008184849234610372 0.8001724432721933
vn -0.599714156600641 0.008184788702698757 0.8001724436686594
vn -0.599714156600641 0.008184788702698757 0.8001724436686594
vn -0.5927621260387042 0.012121489545974114 0.8052863660992047
vn -0.5927621260387042 0.012121489545974114 0.8052863660992047
vn -0.5927621260387042 0.012121489545974114 0.8052863660992047
vn -0.5213887114952572 0 0.8533192904917335
vn -0.5213887114952572 0 0.8533192904917335
vn -0.5213887114952572 0 0.8533192904917335
vn -0.39869647215770215 0 0.9170829423171072
vn -0.39869647215770215 0 0.9170829423171072
vn -0.39869647215770215 0 0.9170829423171072
vn -0.8783258260338939 0.011695619753293463 0.47791940303827823
vn -0.8783258260338939 0.011695619753293463 0.47791940303827823
vn -0.8783258260338939 0.011695619753293463 0.47791940303827823
vn -0.8834426488753722 0.015921231513704802 0.46826872683871673
vn -0.8834426488753722 0.015921231513704802 0.46826872683871673
vn -0.8834426488753722 0.015921231513704802 0.46826872683871673
vn -0.9146868162440225 0 0.4041633681933262
vn -0.9146868162440225 0 0.4041633681933262
vn -0.9146868162440225 0 0.4041633681933262
vn 0.9445743038833373 0 -0.3282977070332787
vn 0.9445743038833373 0 -0.3282977070332787
vn 0.9445743038833373 0 -0.3282977070332787
vn 0.9654463093579175 0.015924148525516414 -0.2601150615418368
vn 0.9654463093579175 0.015924148525516414 -0.2601150615418368
vn 0.9654463093579175 0.015924148525516414 -0.2601150615418368
vn 0.9683328001220765 0.011628439326074626 -0.24939199587512542
vn 0.9683328001220765 0.011628439326074626 -0.24939199587512542
vn 0.9683328001220765 0.011628439326074626 -0.24939199587512542
vn 0.9827764716000483 0 0.1847982869762578
vn 0.9827764716000483 0 0.1847982869762578
vn 0.9827764716000483 0 0.1847982869762578
vn 0.9619259679497052 0.05235320245419706 0.26824909016958975
vn 0.9619259679497052 0.05235320245419706 0.26824909016958975
vn 0.9619259679497052 0.05235320245419706 0.26824909016958975
vn 0.9872421615814898 0 0.15922598530361737
vn 0.9872421615814898 0 0.15922598530361737
vn 0.9872421615814898 0 0.15922598530361737
vn 0.9834443490437899 0.008651196165773738 0.18100378211169504
vn 0.9834443490437899 0.008651196165773738 0.18100378211169504
vn 0.9834443490437899 0.008651196165773738 0.18100378211169504
vn 0.8031942223024547 0 0.5957172494228742
vn 0.8031942223024547 0 0.5957172494228742
vn 0.8031942223024547 0 0.5957172494228742
vn 0.7488092507759486 0 0.6627855655884205
vn 0.7488092507759486 0 0.6627855655884205
vn 0.7488092507759486 0 0.6627855655884205
vn 0.800371044422525 0.008231758074079224 0.5994484376566567
vn 0.800371044422525 0.008231758074079224 0.5994484376566567
vn 0.800371044422525 0.008231758074079224 0.5994484376566567
vn 0.8052865619504466 0.012121669581807807 0.5927618562868052
vn 0.8052865619504466 0.012121669581807807 0.5927618562868052
vn 0.8052865619504466 0.012121669581807807 0.5927618562868052
vn 0.8533935694179748 0 0.5212671250674151
vn 0.8533935694179748 0 0.5212671250674151
vn 0.8533935694179748 0 0.5212671250674151
vn 0.9170828579865891 0 0.3986966661349824
vn 0.9170828579865891 0 0.3986966661349824
vn 0.9170828579865891 0 0.3986966661349824
vn 0.983666522169014 -0.00000698642940466228 -0.18000048087465417
vn 0.9836664259664338 -0.0000063488301224990395 -0.18000100662528168
vn 0.9836664833020676 -0.00000669434987484666 -0.18000069328568932
vn 0.9836566385470237 0 -0.18005448464942478
vn 0.9836566385470237 0 -0.18005448464942478
vn 0.9836566385470237 0 -0.18005448464942478
vn 0.9931735791587104 0 -0.11664579572825035
vn 0.9931735791587104 0 -0.11664579572825035
vn 0.9931735791587104 0 -0.11664579572825035
vn 0.9991810250064095 0.01200126941080513 -0.038642577549513134
vn 0.9991810250064095 0.01200126941080513 -0.038642577549513134
vn 0.9991810250064095 0.01200126941080513 -0.038642577549513134
vn 0.9999896612609284 0 -0.004547237760860302
vn 0.9999896612609284 0 -0.004547237760860302
vn 0.9999896612609064 2.0908400132315056e-7 -0.004547237760860202
vn 0.9954338339455414 0 0.09545408444105535
vn 0.9954338339455414 0 0.09545408444105535
vn 0.9954338339455414 0 0.09545408444105535
vn 0.6785316227604461 0 0.7345711925430208
vn 0.6785316227604461 0 0.7345711925430208
vn 0.6785316227604461 0 0.7345711925430208
vn 0.6531742929410803 0.01205544847460572 0.7571116226838654
vn 0.6531742929410803 0.01205544847460572 0.7571116226838654
vn 0.6531742929410803 0.01205544847460572 0.7571116226838654
vn 0.591990010945103 0 0.8059453002165947
vn 0.591990010945103 0 0.8059453002165947
vn 0.591990010945103 0 0.8059453002165947
vn 0.5394143869993006 0 0.8420404497992772
vn 0.5394143869993006 0 0.8420404497992772
vn 0.5394143869993006 0 0.8420404497992772
vn 0.5392274094557329 -0.000011008199751334924 0.8421601989945138
vn 0.5392242064051042 -0.000006489459325910731 0.8421622499166491
vn 0.5392251534540301 -0.000007852909109678356 0.8421616435226729
vn 0.1800283939339631 -0.000028773900350810383 0.9836614135715708
vn 0.1800286063458017 -0.000028448898475769115 0.9836613747056702
vn 0.18002860634548173 -0.000028511298908546717 0.9836613747039219
vn 0.1800573911826942 0 0.9836561065130854
vn 0.1800573911826942 0 0.9836561065130854
vn 0.1800573911826942 0 0.9836561065130854
vn 0.11631200020456613 0 0.9932127257583911
vn 0.11631200020456613 0 0.9932127257583911
vn 0.11631200020456613 0 0.9932127257583911
vn 0.03864187071790394 0.01200144945842499 0.9991810501797547
vn 0.03864187071790394 0.01200144945842499 0.9991810501797547
vn 0.03864187071790394 0.01200144945842499 0.9991810501797547
vn 0.004547594915671929 0 0.9999896596367799
vn 0.004547594915671929 0 0.9999896596367799
vn 0.0045475949156718294 2.090840009835636e-7 0.9999896596367579
vn -0.09545182483017468 0 0.995434050621431
vn -0.09545182483017468 0 0.995434050621431
vn -0.09545182483017468 0 0.995434050621431
vn -0.734571565157733 0 0.6785312193714588
vn -0.734571565157733 0 0.6785312193714588
vn -0.734571565157733 0 0.6785312193714588
vn -0.7571115683136642 0.012055388953307246 0.6531743570615798
vn -0.7571115683136642 0.012055388953307246 0.6531743570615798
vn -0.7571115683136642 0.012055388953307246 0.6531743570615798
vn -0.8059444883411022 0 0.5919911162446605
vn -0.8059444883411022 0 0.5919911162446605
vn -0.8059444883411022 0 0.5919911162446605
vn -0.8420410119804048 0 0.5394135094183458
vn -0.8420410119804048 0 0.5394135094183458
vn -0.8420410119804048 0 0.5394135094183458
vn -0.8421588530496347 -0.000006960699457789 0.5392295116012035
vn -0.8421584783828254 -0.000007757449400492607 0.5392300967376971
vn -0.8421596197119139 -0.0000052861900592760115 0.5392283142591278
vn -0.08937715537076843 0.01009010966421788 0.9959467424439892
vn -0.08937758370197037 0.010082300004812026 0.9959467830954675
vn -0.08937709023376628 0.01009445915719155 0.9959467042144721
vn -0.032337122603895964 -0.0037865630518539055 0.9994698456891807
vn -0.032317035787072054 -0.003769635559133822 0.9994705593691534
vn -0.03231667668006388 -0.003769039572991954 0.9994705732281733
vn -0.5367186666044148 0 0.8437612653579086
vn -0.5367186666044148 0 0.8437612653579086
vn -0.536718736031636 0 0.8437612211950745
vn -0.5368357434481368 -0.00003141330022149833 0.8436867804876944
vn -0.5368357434480422 -0.000031418899071016376 0.8436867804875459
vn -0.5368357434485513 -0.00003138870020821624 0.843686780488346
vn 0.38595807963342554 -0.6983757689459117 0.6027500693611615
vn 0.38595936216291343 -0.6983758304135922 0.6027491768994152
vn 0.3859639895736538 -0.6983761430040416 0.6027458516117609
vn 0.3890015866613502 -0.7074206627271039 0.5901133548071057
vn 0.38900737798309304 -0.7074206857225132 0.5901095095714085
vn 0.3890065883459508 -0.7074206534422818 0.5901100688064379
vn 0.41962767086401154 -0.7054078652756784 0.5712375700638525
vn 0.4196431443825775 -0.7054081139701807 0.5712258958745968
vn 0.41962787132087603 -0.7054078515594758 0.5712374397472165
vn 0.48058360060511507 -0.705941367986702 0.5202751077982563
vn 0.48058360060511507 -0.705941367986702 0.5202751077982563
vn 0.48058360060511507 -0.705941367986702 0.5202751077982563
vn 0.44801245135737533 -0.7642010024221542 0.4639845593613327
vn 0.44801249280342875 -0.7642009714479863 0.4639845703576918
vn 0.448012361310633 -0.7642010013308554 0.4639846481057199
vn 0.5294201416763996 -0.7071969566176629 0.4686008729591273
vn 0.5294201416763996 -0.7071969566176629 0.4686008729591273
vn 0.5294201416763996 -0.7071969566176629 0.4686008729591273
vn 0.5705267839371855 -0.703715092445579 0.4234197178623146
vn 0.5705266626664208 -0.7037150302982125 0.4234199845532825
vn 0.5705267623389385 -0.7037150658052655 0.4234197912400166
vn 0.5902994944254448 -0.6702519142199099 0.4497875924985156
vn 0.5902944940877302 -0.6702529348254178 0.4497926340077443
vn 0.5903086124285069 -0.670250124368665 0.44977829302504096
vn 0.9984812162923856 0.007776677160320967 -0.05454158050169091
vn 0.998481055853016 0.007804691487054385 -0.05454051607234596
vn 0.9984811126856623 0.007794082304088494 -0.0545409927580964
vn 0.9487196188487642 -0.00608795740382049 0.3160601550118344
vn 0.9487196339112233 -0.006093083499998704 0.3160600110181867
vn 0.948719672328096 -0.006102919061549538 0.3160597059363918
vn 0.8619150705526019 0.000006875889688019225 -0.5070526709396427
vn 0.8619150445032665 0.0000068655394305948855 -0.5070527152198246
vn 0.8619150705515625 0.000007049089770030949 -0.5070526709390313
vn 0.8619435878024179 0 -0.50700419273049
vn 0.8619435878024179 0 -0.50700419273049
vn 0.8619435878024179 0 -0.50700419273049
vn 0.3987178685018078 0.000009961428693082909 -0.9170736400301479
vn 0.3987177682607779 -0.0000038318399459085375 -0.9170736836582225
vn 0.3987177682637051 0 -0.9170736836649551
vn 0 -0.9999999999999496 -3.1797401334186576e-7
vn 0 -0.9999999999999496 -3.1797401334186576e-7
vn 0 -0.9999999999999496 -3.1797401334186576e-7
vn -0.000004409580011727763 -0.9999999992787918 0.00003772230044895613
vn -0.00000351528001121643 -0.9999999992810034 0.000037757599757379385
vn -0.0000030398400645920466 -0.9999999992814321 0.00003778750030518958
vn -0.00003720079980778128 -0.9999999988074801 0.00003164080040597848
vn -0.00004259499832683781 -0.9999999988353991 0.000022690699525760225
vn -0.00004318730129357952 -0.9999999988323913 0.000021681200425669603
vn -0.000009145590405134455 -0.999999999335893 0.000035278499103005625
vn 0.0000033788398901805504 -0.9999999993666069 0.00003543119962644131
vn -0.000004536469984332441 -0.9999999993645279 0.00003536049914627556
vn 0 -1 0
vn 0 -1 0
vn 0 -1 0
vn 0 -0.999999999998672 -0.0000016298099581014142
vn 0 -0.999999999998672 -0.0000016298099581014142
vn 0 -0.999999999998672 -0.0000016298099581014142
vn 0.000017072999978365082 -0.9999999998525355 -0.0000018551900208869496
vn 0.000019118200722111647 -0.9999999998152902 0.000001978359932398429
vn 0.000015914400135119737 -0.9999999998653621 -0.000004000959961020011
vn 0.000001659620010886406 -0.9999999998133109 -0.000019251599947936744
vn 0.0000032419300162855203 -0.9999999998153946 -0.000018939399520746302
vn 0.000007016580183105585 -0.9999999998116929 -0.000018093700415423676
vn 0.000035539298519086545 -0.9999999990976025 0.00002327559921187097
vn 0.000046983401210095075 -0.9999999988959194 -8.493660165812912e-7
vn 0.00004860759867039381 -0.99999999880937 -0.0000043083000440310154
vn 0 -1 0
vn 0 -1 0
vn 0 -1 0
vn 0.000045813598212995805 -0.9999999989170034 0.000008191909719467132
vn 0.00004231930138452359 -0.9999999989606974 0.000016961199417544783
vn 0.00003953279879504417 -0.9999999989343609 0.00002384189972150567
vn -0.00002795460021290742 -0.9999999994768796 0.000016272100756978637
vn 0.000006228689922290907 -0.9999999993239475 0.00003623959853308598
vn 0.0000037476399914707075 -0.9999999993545541 0.00003573299907169819
vn -0.00001111629988352798 -0.999999998346002 0.00005643070098574361
vn -0.000019684399346267423 -0.9999999984756118 0.00005158779814658792
vn -0.00003602360078838467 -0.9999999985152033 0.000040888800807121636
vn -0.000028637199623066003 -0.9999999991267348 0.000030437500727907688
vn -0.000033438198416878136 -0.9999999992177093 0.00002112979926262184
vn -0.00002065300029429761 -0.999999998768788 0.000045120701487502324
vn -0.000042386298406379444 -0.9999999990601183 0.000009119509732568804
vn -0.00004088129931751888 -0.9999999990701349 0.000013727700194035455
vn -0.00004014369911488657 -0.9999999990656427 0.00001603740018574553
vn -0.0000681132003776218 -0.9999999975996103 -0.000012703199869495618
vn -0.00006729360013980335 -0.999999997683777 0.000010198899848570653
vn -0.00006843730062699503 -0.9999999975146421 -0.00001694260022641292
vn -0.00006365119757576085 -0.9999999979483758 -0.0000071954000157063335
vn -0.00005792079889910523 -0.9999999981100851 -0.00002061580012847181
vn -0.000055938999033896854 -0.9999999981126919 -0.000025405599396690744
vn -0.00003667180132856568 -0.9999999993117576 -0.000005627050082459245
vn -0.00003011529950615142 -0.9999999994252955 -0.00001557170070569585
vn -0.000031665000260072945 -0.9999999994106241 -0.000013269500406205247
vn 0.000006265940097354435 -0.9999999994178195 -0.00003354249927590806
vn -0.000010222200214547344 -0.9999999997641451 -0.000019162900566726037
vn -0.000017330099577062977 -0.999999999763663 -0.000013127900271309634
vn -0.000009475280414443688 -0.9999999992435369 -0.00003772459965023058
vn -0.000014804299996523875 -0.9999999992174595 -0.00003668669884831098
vn -0.00002449010023732932 -0.9999999991214579 -0.000034019398269391215
vn -0.000018104899930483017 -0.9999999996627729 -0.00001861899908644441
vn -0.000006355349795289914 -0.9999999997860669 -0.000019684399372062944
vn -0.000010074099916303804 -0.9999999997610511 -0.000019401299136827904
vn 0.000032991199954035395 -0.9999999990005282 -0.000030174900500096436
vn 0.00002880389908705503 -0.999999999100212 -0.00003114340140126749
vn 0.0000251270994131066 -0.9999999991672879 -0.000032156698553588355
vn 0.00001609279933691751 -0.9999999996838913 -0.000019319399137462142
vn 0.000011565200107722746 -0.9999999996852336 -0.000022266100124665117
vn 0.000014729799654520625 -0.9999999996885778 -0.000020146400850627854
vn 0.9042202179523194 0 0.42706650236966576
vn 0.9042202294608486 0 0.4270664780028634
vn 0.9042202179523194 0 0.42706650236966576
vn 0.6838936124560542 -0.003807960962048529 0.7295718102250934
vn 0.68389345593175 -0.0038086768075715678 0.7295719532127746
vn 0.6838936431258549 -0.003807603970600896 0.7295717833387259
vn 0.2170556094427143 0.000020757299886844735 0.9761592400723287
vn 0.2170528010361502 0.000030025799593151112 0.9761598642951946
vn 0.2170517707554933 0.00003354249511535901 0.976160093266881
vn 0.21711209009904378 0 0.9761466797222765
vn 0.21711209009904378 0 0.9761466797222765
vn 0.21711209009904378 0 0.9761466797222765
vn 0.6939870623338278 -0.7058849837386327 0.14180390349202
vn 0.6939870314358538 -0.7058850129374611 0.14180390935771753
vn 0.6939871825274175 -0.7058848655305214 0.1418039036931445
vn 0.626615942913159 -0.7707513587866265 0.11530309196037042
vn 0.626615942913159 -0.7707513587866265 0.11530309196037042
vn 0.626615942913159 -0.7707513587866265 0.11530309196037042
vn 0.6486136298136621 -0.7531121350980214 -0.11010209438537097
vn 0.6486135740016931 -0.7531121395017375 -0.11010239305240203
vn 0.6486137014393593 -0.7531120894511455 -0.11010198466723246
vn 0.6192836886160716 -0.7769478119877652 -0.1133128874466476
vn 0.6192837467208432 -0.7769477505013905 -0.11331299148033963
vn 0.619283863453182 -0.7769476281845374 -0.11331319219279995
vn 0.7024756637579707 -0.7069075074951476 -0.08252101353471358
vn 0.7024756933567627 -0.7069074776760282 -0.08252101701173414
vn 0.7024756933567627 -0.7069074776760282 -0.08252101701173414
vn 0.7087612805709899 -0.7053390798634166 0.012418920275104472
vn 0.7087612805709899 -0.7053390798634166 0.012418920275104472
vn 0.7087612800463455 -0.7053390793413055 0.012418979870556865
vn 0.6285842096776784 -0.7777354761467645 -0.0030692811298510454
vn 0.6285842096776784 -0.7777354761467645 -0.0030692811298510454
vn 0.6285842096776784 -0.7777354761467645 -0.0030692811298510454
vn 0.703959597786941 -0.7070182101924666 0.06757318358557486
vn 0.7039596578743365 -0.7070181510726676 0.06757317618133332
vn 0.7039595981413559 -0.7070182105484214 0.06757317616901447
vn 0.884969450457654 0.000011466399592331046 -0.4656490863570973
vn 0.884970443122476 0.000019360299482653535 -0.46564719952426126
vn 0.8849709400719653 0.00002348049686687641 -0.4656462548725251
vn 0.6215116374473941 0.018989257492566174 -0.7831747522854271
vn 0.6215124801059888 0.01900058076290513 -0.783173808935906
vn 0.6215123981473294 0.01899950905857373 -0.7831738999766837
vn 0.2546145043306587 0 -0.9670426330749088
vn 0.2546145043306587 0 -0.9670426330749088
vn 0.2546145043306587 0 -0.9670426330749088
vn 0.2545682833209121 0 -0.9670548015118087
vn 0.25456831119189477 0 -0.9670547941750283
vn 0.25456831119189477 0 -0.9670547941750283
vn 0 -1 0
vn 0 -1 0
vn 0 -1 0
vn 0 -0.9999999999999789 2.0616100471215325e-7
vn 0 -0.9999999999999789 2.0616100471215325e-7
vn 0 -0.9999999999999789 2.0616100471215325e-7
vn 0 -1 0
vn 0 -1 0
vn 0 -1 0
vn 0 -1 0
vn 0 -1 0
vn 0 -1 0
vn 0 -1 0
vn 0 -1 0
vn 0 -1 0
vn 0 -0.9999999999999853 1.7121699613653367e-7
vn 0 -0.9999999999999853 1.7121699613653367e-7
vn 0 -0.9999999999999853 1.7121699613653367e-7
vn 0 -1 0
vn 0 -1 0
vn 0 -1 0
vn 0 -0.9999999999999636 -2.6998401381205365e-7
vn 0 -0.9999999999999636 -2.6998401381205365e-7
vn 0 -0.9999999999999636 -2.6998401381205365e-7
vn 0 -1 0
vn 0 -1 0
vn 0 -1 0
vn 0 -1 0
vn 0 -1 0
vn 0 -1 0
vn 0 -1 0
vn 0 -1 0
vn 0 -1 0
vn 0 -1 0
vn 0 -1 0
vn 0 -1 0
vn 0 -1 0
vn 0 -1 0
vn 0 -1 0
vn 0 -0.999999999999853 -5.422190270109353e-7
vn 0 -0.999999999999853 -5.422190270109353e-7
vn 0 -0.999999999999853 -5.422190270109353e-7
vn 0 -1 0
vn 0 -1 0
vn 0 -1 0
vn 0 -1 0
vn 0 -1 0
vn 0 -1 0
vn 0 -1 0
vn 0 -1 0
vn 0 -1 0
vn 0 -1 0
vn 0 -1 0
vn 0 -1 0
vn 0 -1 0
vn 0 -1 0
vn 0 -1 0
vn 0 -0.9999999999999918 -1.2833000084810813e-7
vn 0 -0.9999999999999918 -1.2833000084810813e-7
vn 0 -0.9999999999999918 -1.2833000084810813e-7
vn 0 -1 0
vn 0 -1 0
vn 0 -1 0
vn 0 -0.9999999999998841 -4.815810257240979e-7
vn 0 -0.9999999999998841 -4.815810257240979e-7
vn 0 -0.9999999999998841 -4.815810257240979e-7
vn 0 -1 0
vn 0 -1 0
vn 0 -1 0
vn 0 -1 0
vn 0 -1 0
vn 0 -1 0
vn 0 -1 0
vn 0 -1 0
vn 0 -1 0
vn 0 -1 0
vn 0 -1 0
vn 0 -1 0
vn 0 -1 0
vn 0 -1 0
vn 0 -1 0
vn 0 -1 0
vn 0 -1 0
vn 0 -1 0
vn 0 -1 0
vn 0 -1 0
vn 0 -1 0
vn 0 -1 0
vn 0 -1 0
vn 0 -1 0
vn 0 -0.9999999999999742 2.274520056744164e-7
vn 0 -0.9999999999999742 2.274520056744164e-7
vn 0 -0.9999999999999742 2.274520056744164e-7
vn 0 -1 0
vn 0 -1 0
vn 0 -1 0
vn 0 -0.9999999999997653 -6.852840215286261e-7
vn 0 -0.9999999999997653 -6.852840215286261e-7
vn 0 -0.9999999999997653 -6.852840215286261e-7
vn 0 -0.999999999999992 -1.272519938311224e-7
vn 0 -0.999999999999992 -1.272519938311224e-7
vn 0 -0.999999999999992 -1.272519938311224e-7
vn 0 -0.9999999999999911 1.3286999944739245e-7
vn 0 -0.9999999999999911 1.3286999944739245e-7
vn 0 -0.9999999999999911 1.3286999944739245e-7
vn 0 -1 0
vn 0 -1 0
vn 0 -1 0
vn 0 -1 0
vn 0 -1 0
vn 0 -1 0
vn 0 -1 0
vn 0 -1 0
vn 0 -1 0
vn 0 -1 0
vn 0 -1 0
vn 0 -1 0
vn 0 -0.999999999999412 0.0000010844499911393531
vn 0 -0.999999999999412 0.0000010844499911393531
vn 0 -0.999999999999412 0.0000010844499911393531
vn 0 -0.9999999999996481 -8.390979928660047e-7
vn 0 -0.9999999999996481 -8.390979928660047e-7
vn 0 -0.9999999999996481 -8.390979928660047e-7
vn 0 -1 0
vn 0 -1 0
vn 0 -1 0
vn 0 -1 0
vn 0 -1 0
vn 0 -1 0
vn 0 -1 0
vn 0 -1 0
vn 0 -1 0
vn 0 -1 0
vn 0 -1 0
vn 0 -1 0
vn 0 -1 0
vn 0 -1 0
vn 0 -1 0
vn 0.000009585170116312242 -0.9999999997244848 -0.00002142790071366908
vn -0.00009483099666281158 -0.999999995246359 -0.000022679599971034718
vn -0.00002563000087687989 -0.999999999433598 -0.000021815299975436737
vn -0.000034925498704491835 -0.9999999982152648 0.00004847349910494691
vn -0.00004157419963759546 -0.9999999981846284 0.00004361569873521339
vn -0.000038504600455884595 -0.9999999982075454 0.00004585089837713523
vn 0 -0.9999999999999414 -3.4229699963359775e-7
vn 0 -0.9999999999999414 -3.4229699963359775e-7
vn 0 -0.9999999999999414 -3.4229699963359775e-7
vn 0 -1 0
vn 0 -1 0
vn 0 -1 0
vn 0 -1 0
vn 0 -1 0
vn 0 -1 0
vn 0 -1 0
vn 0 -1 0
vn 0 -1 0
vn 0 -1 0
vn 0 -1 0
vn 0 -1 0
vn 0 -0.999999999999919 4.0277799939755285e-7
vn 0 -0.999999999999919 4.0277799939755285e-7
vn 0 -0.999999999999919 4.0277799939755285e-7
vn 0 -1 0
vn 0 -1 0
vn 0 -1 0
vn 0 -0.9999999999999412 3.4335300824748425e-7
vn 0 -0.9999999999999412 3.4335300824748425e-7
vn 0 -0.9999999999999412 3.4335300824748425e-7
vn 0 -1 0
vn 0 -1 0
vn 0 -1 0
vn 0 -0.9999999999999616 2.7702500915437513e-7
vn 0 -0.9999999999999616 2.7702500915437513e-7
vn 0 -0.9999999999999616 2.7702500915437513e-7
vn 0 -0.9999999999999922 -1.255269950206629e-7
vn 0 -0.9999999999999922 -1.255269950206629e-7
vn 0 -0.9999999999999922 -1.255269950206629e-7
vn 0 -0.9999999999999918 1.2818000527658918e-7
vn 0 -0.9999999999999918 1.2818000527658918e-7
vn 0 -0.9999999999999918 1.2818000527658918e-7
vn 0 -0.9999999999999623 -2.7520499656929004e-7
vn 0 -0.9999999999999623 -2.7520499656929004e-7
vn 0 -0.9999999999999623 -2.7520499656929004e-7
vn 0 -0.9999999999999281 3.794660017319711e-7
vn 0 -0.9999999999999281 3.794660017319711e-7
vn 0 -0.9999999999999281 3.794660017319711e-7
vn 0 -1 0
vn 0 -1 0
vn 0 -1 0
vn 0 -1 0
vn 0 -1 0
vn 0 -1 0
vn 0 -1 0
vn 0 -1 0
vn 0 -1 0
vn 0 -1 0
vn 0 -1 0
vn 0 -1 0
vn 0 -0.9999999999996334 -8.562429911759453e-7
vn 0 -0.9999999999996334 -8.562429911759453e-7
vn 0 -0.9999999999996334 -8.562429911759453e-7
vn 0 -1 0
vn 0 -1 0
vn 0 -1 0
vn 0 -1 0
vn 0 -1 0
vn 0 -1 0
vn 0 -1 0
vn 0 -1 0
vn 0 -1 0
vn 0 -0.9999999999999307 -3.723870065641419e-7
vn 0 -0.9999999999999307 -3.723870065641419e-7
vn 0 -0.9999999999999307 -3.723870065641419e-7
vn 0 -1 0
vn 0 -1 0
vn 0 -1 0
vn 0 -1 0
vn 0 -1 0
vn 0 -1 0
vn 0 -0.9999999999999905 -1.3852799440883113e-7
vn 0 -0.9999999999999905 -1.3852799440883113e-7
vn 0 -0.9999999999999905 -1.3852799440883113e-7
vn 0 -1 0
vn 0 -1 0
vn 0 -1 0
vn 0 -1 0
vn 0 -1 0
vn 0 -1 0
vn 0 -0.9999999999999487 -3.205859968602289e-7
vn 0 -0.9999999999999487 -3.205859968602289e-7
vn 0 -0.9999999999999487 -3.205859968602289e-7
vn 0 -1 0
vn 0 -1 0
vn 0 -1 0
vn 0 -0.9999999999999918 -1.2818000527658918e-7
vn 0 -0.9999999999999918 -1.2818000527658918e-7
vn 0 -0.9999999999999918 -1.2818000527658918e-7
vn 0 -0.9999999999999623 2.7520499656929004e-7
vn 0 -0.9999999999999623 2.7520499656929004e-7
vn 0 -0.9999999999999623 2.7520499656929004e-7
vn 0 -0.9999999999999751 -2.2310800318336432e-7
vn 0 -0.9999999999999751 -2.2310800318336432e-7
vn 0 -0.9999999999999751 -2.2310800318336432e-7
vn 0 -1 0
vn 0 -1 0
vn 0 -1 0
vn 0 -0.9999999999997147 -7.555689762737193e-7
vn 0 -0.9999999999997147 -7.555689762737193e-7
vn 0 -0.9999999999997147 -7.555689762737193e-7
vn 0 -1 0
vn 0 -1 0
vn 0 -1 0
vn 0 -1 0
vn 0 -1 0
vn 0 -1 0
vn 0 -0.9999999999999853 -1.715399946533555e-7
vn 0 -0.9999999999999853 -1.715399946533555e-7
vn 0 -0.9999999999999853 -1.715399946533555e-7
vn 0 -1 0
vn 0 -1 0
vn 0 -1 0
vn 0 -1 0
vn 0 -1 0
vn 0 -1 0
vn 0 -0.9999999999999578 -2.9093399689371517e-7
vn 0 -0.9999999999999578 -2.9093399689371517e-7
vn 0 -0.9999999999999578 -2.9093399689371517e-7
vn 0 -1 0
vn 0 -1 0
vn 0 -1 0
vn 0 -0.999999999999988 1.547939945112357e-7
vn 0 -0.999999999999988 1.547939945112357e-7
vn 0 -0.999999999999988 1.547939945112357e-7
vn 0 -1 0
vn 0 -1 0
vn 0 -1 0
vn 0 -1 0
vn 0 -1 0
vn 0 -1 0
vn 0 -1 0
vn 0 -1 0
vn 0 -1 0
vn 0 -1 0
vn 0 -1 0
vn 0 -1 0
vn 0 -1 0
vn 0 -1 0
vn 0 -1 0
vn 0 -1 0
vn 0 -1 0
vn 0 -1 0
vn 0 -1 0
vn 0 -1 0
vn 0 -1 0
vn 0 -1 0
vn 0 -1 0
vn 0 -1 0
vn 0 -1 0
vn 0 -1 0
vn 0 -1 0
vn 0 -1 0
vn 0 -1 0
vn 0 -1 0
vn 0 -0.9999999999999918 1.2924300563099572e-7
vn 0 -0.9999999999999918 1.2924300563099572e-7
vn 0 -0.9999999999999918 1.2924300563099572e-7
vn 0 -1 0
vn 0 -1 0
vn 0 -1 0
vn 0 -1 0
vn 0 -1 0
vn 0 -1 0
vn 0 -1 0
vn 0 -1 0
vn 0 -1 0
vn 0 -0.9999999999999902 -1.4096799816343126e-7
vn 0 -0.9999999999999902 -1.4096799816343126e-7
vn 0 -0.9999999999999902 -1.4096799816343126e-7
vn 0 -0.9999999999999611 2.789819859572054e-7
vn 0 -0.9999999999999611 2.789819859572054e-7
vn 0 -0.9999999999999611 2.789819859572054e-7
vn 0 -0.9999999999999283 -3.7875199154766064e-7
vn 0 -0.9999999999999283 -3.7875199154766064e-7
vn 0 -0.9999999999999283 -3.7875199154766064e-7
vn 0 -0.9999999999999578 2.907669909291021e-7
vn 0 -0.9999999999999578 2.907669909291021e-7
vn 0 -0.9999999999999578 2.907669909291021e-7
vn 0 -0.9999999999999349 -3.606510006193041e-7
vn 0 -0.9999999999999349 -3.606510006193041e-7
vn 0 -0.9999999999999349 -3.606510006193041e-7
vn 0 -0.9999999999994655 0.0000010339599612047026
vn 0 -0.9999999999994655 0.0000010339599612047026
vn 0 -0.9999999999994655 0.0000010339599612047026
vn 0 -1 0
vn 0 -1 0
vn 0 -1 0
vn 0 -0.9999999999999927 1.2165800455932095e-7
vn 0 -0.9999999999999927 1.2165800455932095e-7
vn 0 -0.9999999999999927 1.2165800455932095e-7
vn 0 -1 0
vn 0 -1 0
vn 0 -1 0
vn 0 -0.9999999999999918 -1.2889799450022004e-7
vn 0 -0.9999999999999918 -1.2889799450022004e-7
vn 0 -0.9999999999999918 -1.2889799450022004e-7
vn 0 -1 0
vn 0 -1 0
vn 0 -1 0
vn 0 -1 0
vn 0 -1 0
vn 0 -1 0
vn 0 -1 0
vn 0 -1 0
vn 0 -1 0
vn 0 -1 0
vn 0 -1 0
vn 0 -1 0
vn 0 -0.9999999999999725 -2.3491600131819077e-7
vn 0 -0.9999999999999725 -2.3491600131819077e-7
vn 0 -0.9999999999999725 -2.3491600131819077e-7
vn 0 -1 0
vn 0 -1 0
vn 0 -1 0
vn 0 -0.9999999999999472 3.2548399531149797e-7
vn 0 -0.9999999999999472 3.2548399531149797e-7
vn 0 -0.9999999999999472 3.2548399531149797e-7
vn 0 -1 0
vn 0 -1 0
vn 0 -1 0
vn 0 -1 0
vn 0 -1 0
vn 0 -1 0
vn 0 -1 0
vn 0 -1 0
vn 0 -1 0
vn 0 -1 0
vn 0 -1 0
vn 0 -1 0
vn 0 -1 0
vn 0 -1 0
vn 0 -1 0
vn 0 -0.999999999999978 -2.0970300340649822e-7
vn 0 -0.999999999999978 -2.0970300340649822e-7
vn 0 -0.999999999999978 -2.0970300340649822e-7
vn 0 -0.9999999999999603 2.8193599632685406e-7
vn 0 -0.9999999999999603 2.8193599632685406e-7
vn 0 -0.9999999999999603 2.8193599632685406e-7
vn 0 -1 0
vn 0 -1 0
vn 0 -1 0
vn 0 -1 0
vn 0 -1 0
vn 0 -1 0
vn 0 -1 0
vn 0 -1 0
vn 0 -1 0
vn 0 -1 0
vn 0 -1 0
vn 0 -1 0
vn 0 -0.9999999999998339 5.763250214839852e-7
vn 0 -0.9999999999998339 5.763250214839852e-7
vn 0 -0.9999999999998339 5.763250214839852e-7
vn 0 -1 0
vn 0 -1 0
vn 0 -1 0
vn 0 -1 0
vn 0 -1 0
vn 0 -1 0
vn 0 -1 0
vn 0 -1 0
vn 0 -1 0
vn 0 -1 0
vn 0 -1 0
vn 0 -1 0
vn 0 -1 0
vn 0 -1 0
vn 0 -1 0
vn 0 -1 0
vn 0 -1 0
vn 0 -1 0
vn 0 -1 0
vn 0 -1 0
vn 0 -1 0
vn 0 -1 0
vn 0 -1 0
vn 0 -1 0
vn 0 -0.9999999999998201 5.997359835417968e-7
vn 0 -0.9999999999998201 5.997359835417968e-7
vn 0 -0.9999999999998201 5.997359835417968e-7
vn 0 -1 0
vn 0 -1 0
vn 0 -1 0
vn 0 -1 0
vn 0 -1 0
vn 0 -1 0
vn 0 -1 0
vn 0 -1 0
vn 0 -1 0
vn 0 -1 0
vn 0 -1 0
vn 0 -1 0
vn 0 -1 0
vn 0 -1 0
vn 0 -1 0
vn 0 -1 0
vn 0 -1 0
vn 0 -1 0
vn 0 -1 0
vn 0 -1 0
vn 0 -1 0
vn 0 -0.9999999999999878 -1.5665399644148957e-7
vn 0 -0.9999999999999878 -1.5665399644148957e-7
vn 0 -0.9999999999999878 -1.5665399644148957e-7
vn 0 -1 0
vn 0 -1 0
vn 0 -1 0
vn 0 -1 0
vn 0 -1 0
vn 0 -1 0
vn 0 -1 0
vn 0 -1 0
vn 0 -1 0
vn 0 -1 0
vn 0 -1 0
vn 0 -1 0
vn 0 -1 0
vn 0 -1 0
vn 0 -1 0
vn 0 -1 0
vn 0 -1 0
vn 0 -1 0
vn 0 -1 0
vn 0 -1 0
vn 0 -1 0
vn 0 -1 0
vn 0 -1 0
vn 0 -1 0
vn 0 -1 0
vn 0 -1 0
vn 0 -1 0
vn 0 -1 0
vn 0 -1 0
vn 0 -1 0
vn 0 -0.9999999999998488 -5.501830173670064e-7
vn 0 -0.9999999999998488 -5.501830173670064e-7
vn 0 -0.9999999999998488 -5.501830173670064e-7
vn 0 -0.9999999999999725 2.3453000608241646e-7
vn 0 -0.9999999999999725 2.3453000608241646e-7
vn 0 -0.9999999999999725 2.3453000608241646e-7
vn 0 -1 0
vn 0 -1 0
vn 0 -1 0
vn 0 -1 0
vn 0 -1 0
vn 0 -1 0
vn 0 -0.9999999999999767 2.157050005280275e-7
vn 0 -0.9999999999999767 2.157050005280275e-7
vn 0 -0.9999999999999767 2.157050005280275e-7
vn 0 -1 0
vn 0 -1 0
vn 0 -1 0
vn 0 -1 0
vn 0 -1 0
vn 0 -1 0
vn 0 -0.9999999999999669 2.5707100803628294e-7
vn 0 -0.9999999999999669 2.5707100803628294e-7
vn 0 -0.9999999999999669 2.5707100803628294e-7
vn 0 -1 0
vn 0 -1 0
vn 0 -1 0
vn 0 -1 0
vn 0 -1 0
vn 0 -1 0
vn 0 -1 0
vn 0 -1 0
vn 0 -1 0
vn 0 -0.9999999999999793 -2.0305999726133032e-7
vn 0 -0.9999999999999793 -2.0305999726133032e-7
vn 0 -0.9999999999999793 -2.0305999726133032e-7
vn 0 -1 0
vn 0 -1 0
vn 0 -1 0
vn 0 -0.9999999999999112 4.217679929751819e-7
vn 0 -0.9999999999999112 4.217679929751819e-7
vn 0 -0.9999999999999112 4.217679929751819e-7
vn 0 -0.9999999999998361 5.726749918720969e-7
vn 0 -0.9999999999998361 5.726749918720969e-7
vn 0 -0.9999999999998361 5.726749918720969e-7
vn 0 -0.9999999999994982 -0.0000010018000011763863
vn 0 -0.9999999999994982 -0.0000010018000011763863
vn 0 -0.9999999999994982 -0.0000010018000011763863
vn 0 -1 0
vn 0 -1 0
vn 0 -1 0
vn 0 -1 0
vn 0 -1 0
vn 0 -1 0
vn 0 -1 0
vn 0 -1 0
vn 0 -1 0
vn 0 -0.9999999999998941 4.6032400291546436e-7
vn 0 -0.9999999999998941 4.6032400291546436e-7
vn 0 -0.9999999999998941 4.6032400291546436e-7
vn 0 -0.9999999999999014 -4.4425598844095645e-7
vn 0 -0.9999999999999014 -4.4425598844095645e-7
vn 0 -0.9999999999999014 -4.4425598844095645e-7
vn 0 -0.9999999999999845 1.770650044363692e-7
vn 0 -0.9999999999999845 1.770650044363692e-7
vn 0 -0.9999999999999845 1.770650044363692e-7
vn -0.00001049969977636775 -0.9999999993307147 0.00003504749836266365
vn 7.599589930745043e-7 -0.9999999994235864 0.00003394480152427303
vn 0.000008016820170138765 -0.9999999994165063 0.00003320720132132524
vn -0.00005914270139784553 -0.9999999982317649 -0.0000062137801141208904
vn -0.00005859139845352777 -0.999999998250759 -0.000008095060351871038
vn -0.00005093220159930462 -0.9999999979762129 -0.00003812459900943031
vn -0.0000046193599648866345 -0.999999998872974 -0.00004725160028233117
vn 0.000015188000344570444 -0.999999998893438 -0.000044524698701777915
vn 0.0000100359002210205 -0.9999999989317017 -0.000045120701494853107
vn 0 -1 0
vn 0 -1 0
vn 0 -1 0
vn 0 -0.9999999999999907 1.3639099449846854e-7
vn 0 -0.9999999999999907 1.3639099449846854e-7
vn 0 -0.9999999999999907 1.3639099449846854e-7
vn 0 -0.9999999999999829 -1.8551999403370838e-7
vn 0 -0.9999999999999829 -1.8551999403370838e-7
vn 0 -0.9999999999999829 -1.8551999403370838e-7
vn 0 -1 0
vn 0 -1 0
vn 0 -1 0
vn 0 -1 0
vn 0 -1 0
vn 0 -1 0
vn 0 -0.9999999999999916 1.2983700514723642e-7
vn 0 -0.9999999999999916 1.2983700514723642e-7
vn 0 -0.9999999999999916 1.2983700514723642e-7
vn 0 -1 0
vn 0 -1 0
vn 0 -1 0
vn 0 -1 0
vn 0 -1 0
vn 0 -1 0
vn 0 -0.9999999999993401 0.0000011488000382079612
vn 0 -0.9999999999993401 0.0000011488000382079612
vn 0 -0.9999999999993401 0.0000011488000382079612
vn 0 -1 0
vn 0 -1 0
vn 0 -1 0
vn 0 -1 0
vn 0 -1 0
vn 0 -1 0
vn 0 -0.9999999999999762 2.180999985057445e-7
vn 0 -0.9999999999999762 2.180999985057445e-7
vn 0 -0.9999999999999762 2.180999985057445e-7
vn 0 -1 0
vn 0 -1 0
vn 0 -1 0
vn 0 -0.9999999999999911 1.3410600274710186e-7
vn 0 -0.9999999999999911 1.3410600274710186e-7
vn 0 -0.9999999999999911 1.3410600274710186e-7
vn 0 -1 0
vn 0 -1 0
vn 0 -1 0
vn 0 -1 0
vn 0 -1 0
vn 0 -1 0
vn 0 -1 0
vn 0 -1 0
vn 0 -1 0
vn 0 -1 0
vn 0 -1 0
vn 0 -1 0
vn 0 -1 0
vn 0 -1 0
vn 0 -1 0
vn 0 -1 0
vn 0 -1 0
vn 0 -1 0
vn 0 -0.9999999999999525 -3.0827200703241385e-7
vn 0 -0.9999999999999525 -3.0827200703241385e-7
vn 0 -0.9999999999999525 -3.0827200703241385e-7
vn 0 -1 0
vn 0 -1 0
vn 0 -1 0
vn 0 -1 0
vn 0 -1 0
vn 0 -1 0
vn 0 -1 0
vn 0 -1 0
vn 0 -1 0
vn 0 -0.9999999999999591 -2.863380075268534e-7
vn 0 -0.9999999999999591 -2.863380075268534e-7
vn 0 -0.9999999999999591 -2.863380075268534e-7
vn 0 -1 0
vn 0 -1 0
vn 0 -1 0
vn 0 -0.9999999999999845 -1.770650044363692e-7
vn 0 -0.9999999999999845 -1.770650044363692e-7
vn 0 -0.9999999999999845 -1.770650044363692e-7
vn 0 -0.9999999999999578 2.9093399689371517e-7
vn 0 -0.9999999999999578 2.9093399689371517e-7
vn 0 -0.9999999999999578 2.9093399689371517e-7
vn 0 -1 0
vn 0 -1 0
vn 0 -1 0
vn 0 -0.9999999999998579 -5.331770012161693e-7
vn 0 -0.9999999999998579 -5.331770012161693e-7
vn 0 -0.9999999999998579 -5.331770012161693e-7
vn 0 -1 0
vn 0 -1 0
vn 0 -1 0
vn -0.00003132220077769159 -0.9999999989142108 -0.00003450359868912373
vn -0.00003699960140221963 -0.9999999991351762 -0.00001899150082130408
vn -0.000043273001170146164 -0.9999999990613573 -0.0000021755699870070258
vn 0.0000499039996677854 -0.9999999983098184 0.000029832099193809696
vn 0.00000950693992615725 -0.9999999993664783 0.00003430249851235758
vn 0.00003591549826063574 -0.999999998858879 0.00003150109838359306
vn 0 -1 0
vn 0 -1 0
vn 0 -1 0
vn 0 -1 0
vn 0 -1 0
vn 0 -1 0
vn 0 -0.9999999999999629 -2.7278099423709944e-7
vn 0 -0.9999999999999629 -2.7278099423709944e-7
vn 0 -0.9999999999999629 -2.7278099423709944e-7
vn 0 -0.9999999999997653 6.852840215286261e-7
vn 0 -0.9999999999997653 6.852840215286261e-7
vn 0 -0.9999999999997653 6.852840215286261e-7
vn 0 -0.9999999999999887 1.5123700336516605e-7
vn 0 -0.9999999999999887 1.5123700336516605e-7
vn 0 -0.9999999999999887 1.5123700336516605e-7
vn 0 -1 0
vn 0 -1 0
vn 0 -1 0
vn 0 -1 0
vn 0 -1 0
vn 0 -1 0
vn 0 -0.9999999999987934 0.0000015534300246126251
vn 0 -0.9999999999987934 0.0000015534300246126251
vn 0 -0.9999999999987934 0.0000015534300246126251
vn 0 -1 0
vn 0 -1 0
vn 0 -1 0
vn 0 -1 0
vn 0 -1 0
vn 0 -1 0
vn 0 -1 0
vn 0 -1 0
vn 0 -1 0
vn 0 -0.9999999999999725 -2.3532200543740407e-7
vn 0 -0.9999999999999725 -2.3532200543740407e-7
vn 0 -0.9999999999999725 -2.3532200543740407e-7
vn 0 -1 0
vn 0 -1 0
vn 0 -1 0
vn 0 -1 0
vn 0 -1 0
vn 0 -1 0
vn 0 -0.9999999999999396 3.4800700632329325e-7
vn 0 -0.9999999999999396 3.4800700632329325e-7
vn 0 -0.9999999999999396 3.4800700632329325e-7
vn 0 -1 0
vn 0 -1 0
vn 0 -1 0
vn 0 -1 0
vn 0 -1 0
vn 0 -1 0
vn 0 -1 0
vn 0 -1 0
vn 0 -1 0
vn 0 -1 0
vn 0 -1 0
vn 0 -1 0
vn 0 -1 0
vn 0 -1 0
vn 0 -1 0
vn 0 -1 0
vn 0 -1 0
vn 0 -1 0
vn 0 -1 0
vn 0 -1 0
vn 0 -1 0
vn 0 -0.9999999999999893 1.4693199545945234e-7
vn 0 -0.9999999999999893 1.4693199545945234e-7
vn 0 -0.9999999999999893 1.4693199545945234e-7
vn 0 -1 0
vn 0 -1 0
vn 0 -1 0
vn 0 -1 0
vn 0 -1 0
vn 0 -1 0
vn 0 -1 0
vn 0 -1 0
vn 0 -1 0
vn 0 -1 0
vn 0 -1 0
vn 0 -1 0
vn 0 -1 0
vn 0 -1 0
vn 0 -1 0
vn 0 -1 0
vn 0 -1 0
vn 0 -1 0
vn 0 -1 0
vn 0 -1 0
vn 0 -1 0
vn 0 -0.9999999999999512 3.1299799729821023e-7
vn 0 -0.9999999999999512 3.1299799729821023e-7
vn 0 -0.9999999999999512 3.1299799729821023e-7
vn 0 -0.9999999999999571 -2.92893986397745e-7
vn 0 -0.9999999999999571 -2.92893986397745e-7
vn 0 -0.9999999999999571 -2.92893986397745e-7
vn 0 -1 0
vn 0 -1 0
vn 0 -1 0
vn 0 -1 0
vn 0 -1 0
vn 0 -1 0
vn 0 -1 0
vn 0 -1 0
vn 0 -1 0
vn 0 -0.9999999999990019 -0.0000014129400369697117
vn 0 -0.9999999999990019 -0.0000014129400369697117
vn 0 -0.9999999999990019 -0.0000014129400369697117
vn 0 -0.9999999999999671 2.56611997428982e-7
vn 0 -0.9999999999999671 2.56611997428982e-7
vn 0 -0.9999999999999671 2.56611997428982e-7
vn 0 -1 0
vn 0 -1 0
vn 0 -1 0
vn 0 -1 0
vn 0 -1 0
vn 0 -1 0
vn 0.59282644688379 -0.0000041909503689578136 -0.8053302452147051
vn 0.5928265526587312 0.0000016119097583064368 -0.80533016736005
vn 0.5928265526595013 0 -0.8053301673610963
vn 0.883549094876166 0 -0.4683385494954563
vn 0.883549094876166 0 -0.4683385494954563
vn 0.883549094876166 0 -0.4683385494954563
vn 0.8835496318342028 0 -0.46833753649013093
vn 0.8835496318342028 0 -0.46833753649013093
vn 0.8835496318342028 0 -0.46833753649013093
vn 0.9992494366278661 0 -0.038737106227650406
vn 0.9992494366278661 0 -0.038737106227650406
vn 0.9992494366278164 -3.150119527922446e-7 -0.03873710622764848
vn 0.9992623773828346 0 -0.03840183781026045
vn 0.9992623773828346 0 -0.03840183781026045
vn 0.9992623773828346 0 -0.03840183781026045
vn 0.9171479379474752 0 0.39854693565337346
vn 0.9171479379474752 0 0.39854693565337346
vn 0.9171479379474752 0 0.39854693565337346
vn 0.9170142401714549 0 0.3988544638370859
vn 0.9170142401713984 3.5093498200638096e-7 0.39885446383706136
vn 0.9170142401714549 0 0.3988544638370859
vn 0.6532789353216413 0 0.7571173176364565
vn 0.6532789353216413 0 0.7571173176364565
vn 0.6532789353216413 0 0.7571173176364565
vn 0.6532784556188913 0 0.7571177315478723
vn 0.6532784556188913 0 0.7571177315478723
vn 0.6532784556188913 0 0.7571177315478723
vn 0.2601219186660586 0 0.9655757802624756
vn 0.2601219186660586 0 0.9655757802624756
vn 0.2601219186660524 -2.1740500821353252e-7 0.9655757802624526
vn 0.27701937792013825 -0.008705555348120135 0.9608248943292531
vn 0.27701916844425944 -0.008705971622289864 0.9608249509523381
vn 0.27701916844425944 -0.008705971622289864 0.9608249509523381
vn -0.18469420521829827 0 0.9827960371098273
vn -0.18469420521713675 -0.0000035464800878120845 0.9827960371036468
vn -0.18469420521825078 7.171480152087141e-7 0.9827960371095746
vn -0.3986678764923243 -0.0000017155298532831537 0.9170953735845351
vn -0.39866787649291097 0 0.9170953735858846
vn -0.39866787647858104 0.000008478758996578785 0.9170953735529199
vn -0.3664658959932365 0.000015415300351983834 -0.9304314842245199
vn -0.36646589602697005 0.000007316370094952921 -0.9304314843101671
vn -0.36646589603677837 0 -0.9304314843350697
vn 0 -1 0
vn 0 -1 0
vn 0 -1 0
vn 0.000029414899456667303 -0.9999999994579079 0.000014796900351193931
vn 0.000014677600112574793 -0.9999999994808781 -0.000028684700722467215
vn 0.00001955029983368111 -0.9999999997041085 -0.000014476499923412366
vn -0.000004172330130065422 -0.999999998458228 -0.00005537270035905058
vn 0.000013947499607492952 -0.9999999997939215 -0.000014752099556660491
vn 0.000010162600116399925 -0.999999999679561 -0.000023186199534239576
vn 0.000004164870005464679 -0.9999999998217874 -0.0000184141008470686
vn 0.000016018799212408918 -0.9999999998326583 -0.000008836390405462368
vn 0.000009128820237061858 -0.9999999998531841 -0.000014501600160346305
vn -0.000022530599360073358 -0.9999999990781434 0.000036552501081087645
vn -0.000008776780291927487 -0.9999999984880588 0.00005428490104328097
vn -0.000031143401405257655 -0.9999999992283342 0.000023946200580833387
vn 0.000017518199453385673 -0.999999999828503 0.000006008890067157104
vn 0.000018090899172141124 -0.9999999998337139 0.0000023003699421491685
vn 0.00001826879997373222 -0.9999999998323503 0.0000012451799873547066
vn 0.00001103989961780212 -0.9999999999384808 0.0000010766100330576381
vn 0.000011704900315742733 -0.9999999999314753 -2.123420017451293e-7
vn 0.00001270509983336563 -0.9999999999169922 -0.0000021439000191133623
vn 0.00005879249864355125 -0.9999999982146461 -0.000010684099815104607
vn 0.000059992100323625774 -0.9999999981888192 -0.000004827979856041103
vn 0.00006116930296608056 -0.9999999981289285 6.780030035817328e-7
vn 0.00001344829978804028 -0.9999999993756361 -0.00003267830104738686
vn 0.00000871345036480053 -0.9999999993890962 -0.000033850901652169786
vn 0.000009909270368878112 -0.999999999390351 -0.000033482898268226446
vn -0.000008098780198499034 -0.9999999998935067 -0.000012140700163016335
vn 0.000010535100044604684 -0.999999999898675 -0.000009573999704055841
vn -0.000002173710072238308 -0.9999999999329832 -0.000011371400432073723
vn 0 -0.9999999999999811 -1.9433200293405749e-7
vn 0 -0.9999999999999811 -1.9433200293405749e-7
vn 0 -0.9999999999999811 -1.9433200293405749e-7
vn -0.000015568000888222354 -0.9999999998730853 0.000003386290017740487
vn -0.000015497200363694167 -0.9999999998741849 -0.0000033862900177442105
vn -0.0000153928995107461 -0.999999999837683 -0.000009364450305228031
vn -0.00002603979918617631 -0.9999999996560685 0.000003129239984279281
vn -0.000026375100778671115 -0.9999999996521596 1.8719599375199871e-7
vn -0.00002566729926015767 -0.9999999996509639 0.000006265940098815303
vn -0.000028267499135005814 -0.999999999584527 -0.000005647540090121861
vn -0.000030666600636454846 -0.9999999995297799 0
vn -0.000029675700703223895 -0.9999999995585214 -0.0000015199200327171767
vn 0.00000122189999222435 -0.9999999995757902 -0.000029102000541048384
vn -0.000002376739984388964 -0.9999999996310402 -0.00002706049962309609
vn -0.000009946529641118064 -0.9999999996733779 -0.000023543800117790705
vn -0.000015310899462930448 -0.9999999994773441 -0.000028476100836665633
vn -0.000007711350003830903 -0.9999999994176691 -0.000033244501518051245
vn -0.0000037848899385352953 -0.9999999993444593 -0.00003601050045658171
vn -0.000010833099616932305 -0.9999999994687989 0.00003074160120563193
vn -0.000008296219671456916 -0.9999999994903266 0.00003083049885637851
vn -0.0000011501799684816233 -0.9999999995101976 0.00003127750095077836
vn 0 -0.9999999999998468 -5.535999889615657e-7
vn 0 -0.9999999999998468 -5.535999889615657e-7
vn 0 -0.9999999999998468 -5.535999889615657e-7
vn 0 -0.9999999999984559 0.0000017573900095130887
vn 0 -0.9999999999984559 0.0000017573900095130887
vn 0 -0.9999999999984559 0.0000017573900095130887
vn -0.000004596080082319253 -0.9999999985553798 0.000053554798719173783
vn 0.000001966950091546805 -0.9999999985715806 0.00005341320130911405
vn -0.000009413810389347522 -0.9999999985282115 0.00005343179865443205
vn -0.000005386770218154862 -0.9999999984836152 0.000054806499891694394
vn -0.000027343599824498948 -0.999999998413097 0.00004925579916203567
vn -0.00002060090079423143 -0.9999999984953063 0.00005084279829669344
vn 0.977431383204368 -0.0060848586035738925 -0.21116549344760557
vn 0.9774316956233066 -0.006090341949345476 -0.21116388925639662
vn 0.9774313623814124 -0.006084739730314647 -0.21116559325711726
vn 0.9944882849724458 0.00854354898593515 0.10449908527488797
vn 0.9944882109902868 0.008543430584455744 0.10449979901984076
vn 0.9944882002692296 0.008543431004403957 0.10449990101402777
vn 0.8572204087981875 0 0.5149496778714093
vn 0.8572204087981875 0 0.5149496778714093
vn 0.8572204087981875 0 0.5149496778714093
vn 0.602760797673089 -0.6983601519214212 -0.3859695829942958
vn 0.6027594074792223 -0.6983601891800209 -0.38597168660893016
vn 0.6027548319207603 -0.6983604438181349 -0.3859783712934101
vn 0.590113216361866 -0.7074181958768708 -0.3890062827479355
vn 0.5901134150029849 -0.7074182196453745 -0.3890059381902586
vn 0.5901101153067716 -0.7074181939425045 -0.3890109904511102
vn 0.571213253361339 -0.7054385641291442 -0.4196091650855186
vn 0.571202457530657 -0.7054388530258863 -0.41962337536469535
vn 0.5712132909294882 -0.7054385965190956 -0.41960905949070293
vn 0.5202751077982563 -0.705941367986702 -0.48058360060511507
vn 0.5202751077982563 -0.705941367986702 -0.48058360060511507
vn 0.5202751077982563 -0.705941367986702 -0.48058360060511507
vn 0.4639232923110901 -0.7642604495138038 -0.44797449052395555
vn 0.4639232923110901 -0.7642604495138038 -0.44797449052395555
vn 0.4639232923110901 -0.7642604495138038 -0.44797449052395555
vn 0.4686024856412285 -0.7071939218465051 -0.5294227680731362
vn 0.4686024856412285 -0.7071939218465051 -0.5294227680731362
vn 0.4686024856412285 -0.7071939218465051 -0.5294227680731362
vn 0.4233985832133227 -0.7037478670185345 -0.5705020415386908
vn 0.4233983831999524 -0.7037478813177455 -0.5705021723398173
vn 0.4233981687890688 -0.7037478716862591 -0.5705023433458655
vn 0.4497869835009378 -0.6702529678043305 -0.5902987621726936
vn 0.4497920667514986 -0.6702539465962195 -0.5902937775037168
vn 0.44977768402903656 -0.6702511779550777 -0.5903078801772063
vn -0.8223190375625108 0.0000017698198608681275 -0.569026713308904
vn -0.8223190375627215 -0.0000016186398986239037 -0.5690267133090497
vn -0.8223190375625049 -0.0000017737899189610249 -0.5690267133089
vn -0.054607030430233114 0.007821618640341749 -0.9984772879286924
vn -0.05460166112721546 0.00782376517272819 -0.9984775647457838
vn -0.054609347506900614 0.007820785098909447 -0.9984771677335978
vn 0.3160597705383745 -0.006087957460773163 -0.9487197469333004
vn 0.3160595818459739 -0.006093083735483294 -0.9487197768856409
vn 0.31605916946489115 -0.0061029185953147234 -0.9487198510528714
vn -0.5070731208778932 0 -0.8619030398386778
vn -0.5070731651568035 0 -0.8619030137885939
vn -0.5070731651568035 0 -0.8619030137885939
vn -0.9170356503199939 0.000007535850363361378 -0.39880523565444453
vn -0.9170356503201104 -0.000007518960591799837 -0.39880523565449516
vn -0.9170356925022741 0.000006832179176552191 -0.39880513867074957
vn 0 -0.9999999999999913 -1.323609950532034e-7
vn 0 -0.9999999999999913 -1.323609950532034e-7
vn 0 -0.9999999999999913 -1.323609950532034e-7
vn 0 -1 0
vn 0 -1 0
vn 0 -1 0
vn 0 -1 0
vn 0 -1 0
vn 0 -1 0
vn 0 -1 0
vn 0 -1 0
vn 0 -1 0
vn 0 -0.9999999999999147 -4.1309598941548874e-7
vn 0 -0.9999999999999147 -4.1309598941548874e-7
vn 0 -0.9999999999999147 -4.1309598941548874e-7
vn 0 -0.9999999999998876 -4.7431700522787777e-7
vn 0 -0.9999999999998876 -4.7431700522787777e-7
vn 0 -0.9999999999998876 -4.7431700522787777e-7
vn 0 -1 0
vn 0 -1 0
vn 0 -1 0
vn 0 -1 0
vn 0 -1 0
vn 0 -1 0
vn 0.000004500150224789657 -0.9999999997766775 -0.000020649300490667568
vn 0.00000486150020043053 -0.9999999997771345 -0.00002054499963830093
vn 0.000006442190168331395 -0.9999999997775877 -0.000020082899932357423
vn 0.000060111298695223856 -0.9999999981255967 0.000011637799594623476
vn 0.00005464260166108304 -0.999999998307145 0.000019997400125047138
vn 0.0000442712989025588 -0.9999999983587722 0.00003636629838581505
vn 0.000028794600426337575 -0.9999999995553357 0.000007758850184660871
vn 9.07108016875957e-7 -0.9999999997031639 0.00002434849920250896
vn 0.000028252599792362115 -0.9999999995687605 0.000008016830175801076
vn 0.0000018421600285036763 -0.999999998303589 0.00005821880030581171
vn 0.00003273789839018042 -0.9999999985818462 0.00004200639881173666
vn 0.000042825900823130734 -0.9999999984075207 0.000036754601692923236
vn -0.0000012256200524487499 -0.9999999991858253 0.00004033419824181059
vn -0.0000059008598278815315 -0.9999999991726392 0.00004024799997149483
vn 8.735809722025424e-7 -0.9999999992093367 0.00003975630167173051
vn -0.000012449900139071474 -0.9999999976301173 0.0000677108981322497
vn 0.000010459700182448643 -0.9999999977090712 0.000066876396732864
vn -0.00001667439933488396 -0.9999999975392477 0.00006814300269582467
vn -0.000008177010370511522 -0.9999999980894025 0.00006127259973371399
vn -0.00002171099909647067 -0.999999998207223 0.00005580489950261703
vn -0.00002630890044088991 -0.9999999982286267 0.00005339090048074782
vn -0.000005370940012611425 -0.9999999993148043 0.0000366271014831053
vn -0.000015348199658874245 -0.9999999994287507 0.000030115299506255472
vn -0.00001303849966607326 -0.9999999994141344 0.00003165009909899898
vn -0.00006844099680458965 -0.9999999973851263 0.000023357599214109487
vn -0.00005435939953131815 -0.9999999977179654 0.00004011390037644493
vn -0.000048290901649092296 -0.9999999977204521 0.000047191999221211947
vn -0.00003912179814976964 -0.9999999991904502 0.000009411949569423392
vn -0.00003786390149401201 -0.9999999991744595 0.00001474469989863461
vn -0.00003521140021302494 -0.999999999082928 0.00002437829969077811
vn -0.00001784410050616727 -0.9999999996806552 0.000017896300045064155
vn -0.000018946799169377543 -0.9999999998016182 0.000006146729900737461
vn -0.00001858170071089304 -0.9999999997787881 0.00000985619044295411
vn -0.000028967899170214023 -0.9999999990547432 -0.00003242490126131099
vn -0.000030010900420145768 -0.9999999991507773 -0.000028245200131665663
vn -0.00003111359908244588 -0.999999999213965 -0.00002457670050604017
vn 0.000011533499672473712 -0.9999999999081739 -0.000007115540028536623
vn 0.000010237099558251212 -0.9999999999109581 -0.000008560719833587322
vn 0.000011687199729576909 -0.9999999999074205 -0.000006969090008433887
vn 0.4268943797280632 0 -0.9043014920681001
vn 0.4268943797280632 0 -0.9043014920681001
vn 0.4268943797280632 0 -0.9043014920681001
vn 0.7295603835762241 -0.0038104651466928396 -0.6839057881546835
vn 0.7295587558530714 -0.003804265469138737 -0.6839075590475358
vn 0.7295592972178035 -0.003806768889872269 -0.6839069676159789
vn 0.9761596604430945 0.00003097210445510171 -0.2170537176929969
vn 0.9761594658222212 0.000028155698959568318 -0.21705459334677138
vn 0.9761581130744865 0.000006213779485662369 -0.21706067870585682
vn 0.9761719354120219 0 -0.21699850809152493
vn 0.9761719354120219 0 -0.21699850809152493
vn 0.9761719354117881 6.916699991990018e-7 -0.21699850809147297
vn 0.9769859911314156 0.0000017644097172330552 0.21330347660048193
vn 0.9769859911328437 4.3585893655709584e-7 0.21330347660079374
vn 0.9769859911329364 0 0.21330347660081395
vn 0.14188119324002446 -0.7058654802138546 -0.6939911028588559
vn 0.14188119324002446 -0.7058654802138546 -0.6939911028588559
vn 0.1418811847085932 -0.7058653926942647 -0.6939911936201048
vn 0.11529539721283676 -0.7707869541396603 -0.626573573261464
vn 0.11529528998537739 -0.7707869346229841 -0.6265736170009806
vn 0.1152950935483896 -0.7707869760308406 -0.6265736022087912
vn -0.11010679592742961 -0.7531367533601504 -0.648584246053454
vn -0.11010669288387986 -0.7531367620099476 -0.6485842535024627
vn -0.11010678856717618 -0.7531367539779933 -0.6485842465855263
vn -0.11330360857236384 -0.7769103603765147 -0.6193323697532
vn -0.11329550676722604 -0.7769114125228669 -0.6193325320359664
vn -0.11329470194018862 -0.7769115306050719 -0.6193325311374885
vn 0.012309429149910308 -0.7051143597065485 -0.70898675424131
vn 0.012309429149910308 -0.7051143597065485 -0.70898675424131
vn 0.012309429149910308 -0.7051143597065485 -0.70898675424131
vn -0.0030694000389134045 -0.7777351014415541 -0.6285846727125125
vn -0.0030694000389134045 -0.7777351014415541 -0.6285846727125125
vn -0.0030694000389134045 -0.7777351014415541 -0.6285846727125125
vn 0.0676217535098144 -0.7069609258245354 -0.7040124628226221
vn 0.0676217535098144 -0.7069609258245354 -0.7040124628226221
vn 0.06762176091444158 -0.7069609849487536 -0.7040124027395528
vn -0.7445531808063527 0.007784961434786152 -0.6675177565627762
vn -0.7445527370468761 0.007804392429322462 -0.6675180246366493
vn -0.7445532205145279 0.0077781082470316535 -0.6675177921625328
vn -0.4473115881073442 -0.006089269757137363 -0.8943574587035713
vn -0.44731203815683085 -0.006090341750485372 -0.8943572263124753
vn -0.44731259505637777 -0.006095944925545145 -0.894356909605664
vn -0.9679912175436441 0.0000034234896615030707 -0.2509840687108508
vn -0.9679912175442366 0.0000032398097060593357 -0.2509840687110044
vn -0.9679912175436053 0.000003435239650742749 -0.2509840687108408
vn -0.967946685144828 0 -0.2511557578817161
vn -0.967946685144828 0 -0.2511557578817161
vn -0.967946685144828 0 -0.2511557578817161
vn -0.00005163480083211904 -0.9999999984642851 0.0000201314996647918
vn -0.00003620979982564185 -0.9999999986872308 0.000036254499671185906
vn -0.000027418100178120127 -0.9999999985859163 0.00004556769993464629
vn -0.00005409120049251013 -0.9999999983501635 0.000019334300272864585
vn -0.00005275009962608319 -0.9999999983658592 0.000022038799179792146
vn -0.00003924969853379442 -0.9999999982530521 0.00004419680036799696
vn -0.000024855100483692945 -0.9999999996838929 0.000003799799968582491
vn -0.000023939899612533856 -0.9999999996873792 0.0000072196098676780835
vn -0.000025123399601581245 -0.9999999996814848 0.000002417709992326573
vn 0 -0.9999999999254092 0.000012213999979392873
vn 0 -0.9999999999254092 0.000012213999979392873
vn 0 -0.9999999999254092 0.000012213999979392873
vn 0 -1 0
vn 0 -1 0
vn 0 -1 0
vn -0.000024223700158389693 -0.9999999996962106 -0.000004559749866963968
vn -0.000022649799569196866 -0.9999999997240487 -0.000006236140050630531
vn -0.000017911199389030513 -0.9999999997792901 -0.00001098220036268223
vn 0 -0.9999999999999536 3.046430094855027e-7
vn 0 -0.9999999999999536 3.046430094855027e-7
vn 0 -0.9999999999999536 3.046430094855027e-7
vn 0 -1 0
vn 0 -1 0
vn 0 -1 0
vn 0 -1 0
vn 0 -1 0
vn 0 -1 0
vn 0 -1 0
vn 0 -1 0
vn 0 -1 0
vn 0 -0.9999999999987512 -0.0000015804499753338223
vn 0 -0.9999999999987512 -0.0000015804499753338223
vn 0 -0.9999999999987512 -0.0000015804499753338223
vn 0 -0.9999999999636713 0.000008523929863858504
vn 1.767769930374344e-7 -0.9999999999636573 0.000008523739779465721
vn 0 -0.9999999999636635 0.000008524860276938317
vn 0.000023893999234221577 -0.9999999996992 -0.000005538689945904636
vn 0.000023525199132719563 -0.9999999996973286 -0.000007204710070802629
vn 0.000024018299875076904 -0.9999999996992588 -0.000004960219938184138
vn 0.0000198018005814827 -0.9999999995518063 -0.000022456100840767035
vn 0.000020175699310193414 -0.999999999552363 -0.000022095600788020364
vn 0.000016216199575782206 -0.999999999546199 -0.000025389699646740673
vn 0.0000323802014265164 -0.9999999993872271 0.0000133066996486692
vn 0.00003783400095003432 -0.9999999992752449 -0.0000042542801535181415
vn 0.000037028501512468413 -0.9999999993142339 -6.500629861055562e-7
vn 0.00002663960000769957 -0.9999999988995527 0.00003861639920912777
vn 0.000019826000401291027 -0.9999999987848538 0.00004513559901142416
vn 0.0000430346007707842 -0.9999999988201977 0.00002253059935426169
vn 0.000027790700167749337 -0.9999999992956201 0.000025227700444212866
vn 0.000027522399230994944 -0.9999999992985136 0.000025406499826571378
vn 0.00002482909983943184 -0.9999999992918109 0.000028282400287914758
vn 0.000017538699456835852 -0.9999999994223001 0.00002911689987877735
vn -0.000011232699754319293 -0.9999999992867228 0.00003606079914945356
vn -0.00000543892019447298 -0.9999999993927824 0.00003442170052678066
vn 0.000008225440063527968 -0.9999999992728368 0.00003723799815836838
vn 0.000007025899771497209 -0.999999999268604 0.00003759560056074991
vn 0.00001324339972565801 -0.9999999992889681 0.00003530830142371669
vn -0.000026285599202163202 -0.9999999988179775 0.00004090369834269915
vn -0.000031426599850022274 -0.9999999987429207 0.00003907080094540777
vn -0.00004106760018775123 -0.9999999984782917 0.00003683569951896867
vn -0.000009790060156972805 -0.9999999980693683 0.00006136300350566813
vn -0.000004768370208613087 -0.9999999980756296 0.00006185469816875742
vn 2.8312200529210935e-7 -0.9999999980659318 0.00006219369958466195
vn -0.00004731120122734712 -0.9999999975685585 0.00005123019933584262
vn 0.000008851289745187508 -0.9999999995528335 0.000028565500529980773
vn -0.000031704101201513776 -0.9999999976835685 0.00006023050068197001
vn -0.3374999995999901 0.00003759499961323429 -0.9413255275708944
vn -0.3374996712441998 0.000037526496414629366 -0.9413256453012524
vn -0.337499565613845 0.00003750420075191716 -0.9413256831744797
vn 0.032329543891361785 -0.003800331785011873 -0.9994700386055103
vn 0.03232954384739188 -0.0038006896405361214 -0.9994700372461778
vn 0.03232954377414719 -0.0038012856783611656 -0.9994700349818132
vn 0.5367186666044148 0 -0.8437612653579086
vn 0.5367186666044148 0 -0.8437612653579086
vn 0.536718736031636 0 -0.8437612211950745
vn 0.5367655154590083 0.000027365998885802265 -0.8437314624127319
vn 0.5367607444188572 0.0000065565090694895 -0.8437344980548835
vn 0.5367647479542568 0.000023074499341737975 -0.8437319508120875
vn -0.38597079022661435 -0.6983631056230901 -0.6027566024493765
vn -0.38597588348529444 -0.6983621466324047 -0.6027544520936583
vn -0.38597138947668264 -0.698362873001065 -0.602756488243086
vn -0.4194197728568494 -0.7069226627835234 -0.5695150594846125
vn -0.41941938388415784 -0.7069233754394296 -0.5695144613436577
vn -0.4194190435336552 -0.7069238311659963 -0.5695141463132447
vn -0.48058360060511507 -0.705941367986702 -0.5202751077982563
vn -0.48058360060511507 -0.705941367986702 -0.5202751077982563
vn -0.48058360060511507 -0.705941367986702 -0.5202751077982563
vn -0.44801245135737533 -0.7642010024221542 -0.4639845593613327
vn -0.44801249280342875 -0.7642009714479863 -0.4639845703576918
vn -0.448012361310633 -0.7642010013308554 -0.4639846481057199
vn -0.5294201416763996 -0.7071969566176629 -0.4686008729591273
vn -0.5294201416763996 -0.7071969566176629 -0.4686008729591273
vn -0.5294201416763996 -0.7071969566176629 -0.4686008729591273
vn -0.5705267839371855 -0.703715092445579 -0.4234197178623146
vn -0.5705266626664208 -0.7037150302982125 -0.4234199845532825
vn -0.5705267623389385 -0.7037150658052655 -0.4234197912400166
vn -0.5902994944254448 -0.6702519142199099 -0.4497875924985156
vn -0.5902944940877302 -0.6702529348254178 -0.4497926340077443
vn -0.5903086124285069 -0.670250124368665 -0.44977829302504096
vn -0.5690280183764193 0.000001769819841476707 0.8223181344829222
vn -0.5690279501811445 -0.0000016260897547952683 0.8223181816730073
vn -0.5690280183764151 -0.0000017737898995261057 0.8223181344829164
vn -0.9984772949267928 0.007819890160437612 0.0546071500222527
vn -0.9984775675748904 0.00782215493818177 0.05460184009585735
vn -0.9984771705565395 0.007819174864273705 0.05460952647523078
vn -0.9487196188487642 -0.00608795740382049 -0.3160601550118344
vn -0.9487196339112233 -0.006093083499998704 -0.3160600110181867
vn -0.948719672328096 -0.006102919061549538 -0.3160597059363918
vn -0.8619016867162571 0 0.5070754208553901
vn -0.8619017127664161 0 0.507075376576617
vn -0.8619017127664161 0 0.507075376576617
vn -0.3987163003515394 0.000007540380003970257 0.917074321839361
vn -0.39871620336348107 -0.000007523490089577064 0.9170743640069807
vn -0.3987163003533234 0.000006921589822821134 0.9170743218434644
vn 0 -1 0
vn 0 -1 0
vn 0 -1 0
vn 0 -1 0
vn 0 -1 0
vn 0 -1 0
vn -0.00002259760002673958 -0.9999999995665925 -0.00001887230063494522
vn -0.000023177799438489954 -0.9999999995636424 -0.000018316799461183074
vn -0.000017872100208021793 -0.9999999995673323 -0.000023365000732960405
vn 0 -1 0
vn 0 -1 0
vn 0 -1 0
vn 0 -0.999999999998672 0.0000016298099581014142
vn 0 -0.999999999998672 0.0000016298099581014142
vn 0 -0.999999999998672 0.0000016298099581014142
vn -0.000001659620010886406 -0.9999999998133109 0.000019251599947936744
vn -0.0000032419300162855203 -0.9999999998153946 0.000018939399520746302
vn -0.000007016580183105585 -0.9999999998116929 0.000018093700415423676
vn -0.00005780160052155195 -0.9999999980726433 -0.00002266470069295799
vn -0.00006574390121559558 -0.9999999978129159 -0.000007204710057225983
vn -0.00005628170027178267 -0.9999999980580694 -0.0000267625000040947
vn 0 -1 0
vn 0 -1 0
vn 0 -1 0
vn 0.00004374979826420594 -0.9999999980115484 -0.00004541869921076789
vn 0.00002492960079100852 -0.9999999980127108 -0.000057905901370279796
vn 0.00002962349930151207 -0.9999999980788883 -0.000054448799241971424
vn 0.000009134409990366909 -0.9999999997293421 -0.000021398100210382934
vn 0.000012531900207472487 -0.9999999997274445 -0.000019699300532098782
vn 3.874299919435241e-7 -0.9999999996269031 -0.000027313799354301603
vn 0.000028637199623066003 -0.9999999991267348 -0.000030437500727907688
vn 0.000033438198416878136 -0.9999999992177093 -0.00002112979926262184
vn 0.00002065300029429761 -0.999999998768788 -0.000045120701487502324
vn 0.000042386298406379444 -0.9999999990601183 -0.000009119509732568804
vn 0.00004088129931751888 -0.9999999990701349 -0.000013727700194035455
vn 0.00004014369911488657 -0.9999999990656427 -0.00001603740018574553
vn 0.0000681132003776218 -0.9999999975996103 0.000012703199869495618
vn 0.00006729360013980335 -0.999999997683777 -0.000010198899848570653
vn 0.00006843730062699503 -0.9999999975146421 0.00001694260022641292
vn 0.00006365119757576085 -0.9999999979483758 0.0000071954000157063335
vn 0.00005792079889910523 -0.9999999981100851 0.00002061580012847181
vn 0.000055938999033896854 -0.9999999981126919 0.000025405599396690744
vn 0.00003667180132856568 -0.9999999993117576 0.000005627050082459245
vn 0.00003011529950615142 -0.9999999994252955 0.00001557170070569585
vn 0.000031665000260072945 -0.9999999994106241 0.000013269500406205247
vn -0.000006265940097354435 -0.9999999994178195 0.00003354249927590806
vn 0.000010222200214547344 -0.9999999997641451 0.000019162900566726037
vn 0.000017330099577062977 -0.999999999763663 0.000013127900271309634
vn -0.000014862000142530093 -0.9999999980858145 0.00006006240061977998
vn 0.00001043080008490085 -0.9999999982871224 0.00005759299882950785
vn 0.000024247899955139047 -0.9999999981180092 0.0000563561988050276
vn 0.0000011455299499233711 -0.9999999999256906 0.000012137000338960531
vn -2.9429799039878777e-7 -0.9999999999214324 0.000012531900209903524
vn 0.000009085980308632564 -0.999999999908437 0.000010028499672435268
vn -0.000032991199954035395 -0.9999999990005282 0.000030174900500096436
vn -0.00002880389908705503 -0.999999999100212 0.00003114340140126749
vn -0.0000251270994131066 -0.9999999991672879 0.000032156698553588355
vn -0.0000385282982781467 -0.9999999989435027 0.00002507120004418222
vn -0.000031001898573333204 -0.999999998958899 0.000033482599939518314
vn -0.000029020000480404602 -0.9999999989428916 0.000035665900175941185
vn -0.9042202179523194 0 -0.42706650236966576
vn -0.9042202294608486 0 -0.4270664780028634
vn -0.9042202179523194 0 -0.42706650236966576
vn -0.6839043420972512 -0.0038107025473303868 -0.7295617378992827
vn -0.6839060515268647 -0.0038045035580639578 -0.7295601677981126
vn -0.6839053374708558 -0.0038068884489314164 -0.7295608247289683
vn -0.21705357726456076 0.00003203379673652178 -0.9761596916337477
vn -0.21705429672897383 0.000029154100607905052 -0.9761595317475157
vn -0.21706029689877276 0.000007189809793830937 -0.9761581979671754
vn -0.21699867848540005 0 -0.9761718975342356
vn -0.21699867848540005 0 -0.9761718975342356
vn -0.21699867848540005 0 -0.9761718975342356
vn -0.6939861962282584 -0.7058887076702607 -0.1417896040908582
vn -0.693986407417239 -0.70588850115972 -0.14178959852752912
vn -0.6939864380824605 -0.7058884727462134 -0.14178958989163346
vn -0.6265702810156534 -0.7707897979521792 -0.1152942770513951
vn -0.6265700627383901 -0.7707898823341348 -0.11529489915577631
vn -0.6265702740186646 -0.7707897893446729 -0.11529437262143562
vn -0.6485780428755555 -0.7531436029070188 0.11009648359483999
vn -0.648578097623931 -0.7531435972678093 0.1100961996484273
vn -0.6485780907077198 -0.7531435892365478 0.11009629533194498
vn -0.6192836886160716 -0.7769478119877652 0.1133128874466476
vn -0.6192837467208432 -0.7769477505013905 0.11331299148033963
vn -0.619283863453182 -0.7769476281845374 0.11331319219279995
vn -0.7024756637579707 -0.7069075074951476 0.08252101353471358
vn -0.7024756933567627 -0.7069074776760282 0.08252101701173414
vn -0.7024756933567627 -0.7069074776760282 0.08252101701173414
vn -0.7087612805709899 -0.7053390798634166 -0.012418920275104472
vn -0.7087612805709899 -0.7053390798634166 -0.012418920275104472
vn -0.7087612800463455 -0.7053390793413055 -0.012418979870556865
vn -0.6285842096776784 -0.7777354761467645 0.0030692811298510454
vn -0.6285842096776784 -0.7777354761467645 0.0030692811298510454
vn -0.6285842096776784 -0.7777354761467645 0.0030692811298510454
vn -0.703959597786941 -0.7070182101924666 -0.06757318358557486
vn -0.7039596578743365 -0.7070181510726676 -0.06757317618133332
vn -0.7039595981413559 -0.7070182105484214 -0.06757317616901447
vn 0 -0.9999999999999392 -3.491890083750847e-7
vn 0 -0.9999999999999392 -3.491890083750847e-7
vn 0 -0.9999999999999392 -3.491890083750847e-7
vn 0 -0.9999999999999833 1.8327399686768026e-7
vn 0 -0.9999999999999833 1.8327399686768026e-7
vn 0 -0.9999999999999833 1.8327399686768026e-7
vn 0 -1 0
vn 0 -1 0
vn 0 -1 0
vn 0 -1 0
vn 0 -1 0
vn 0 -1 0
vn 0 -1 0
vn 0 -1 0
vn 0 -1 0
vn 0 -0.9999999999999873 -1.5880300452408645e-7
vn 0 -0.9999999999999873 -1.5880300452408645e-7
vn 0 -0.9999999999999873 -1.5880300452408645e-7
vn 0 -1 0
vn 0 -1 0
vn 0 -1 0
vn 0 -1 0
vn 0 -1 0
vn 0 -1 0
vn 0 -0.9999999999994782 0.0000010216899681831035
vn 0 -0.9999999999994782 0.0000010216899681831035
vn 0 -0.9999999999994782 0.0000010216899681831035
vn -0.00004112720120849786 -0.9999999988196897 0.00002586839943108216
vn -0.00004138310027570992 -0.999999998825597 0.000025223900563495716
vn -0.00004411859840120497 -0.9999999988312356 0.00001977569988829313
vn -0.00001588280061692248 -0.9999999977068565 -0.00006583330089962328
vn -0.000026773699510738754 -0.9999999976437886 -0.00006321069653153354
vn -0.000020116600307191382 -0.9999999976978109 -0.00006480509895114657
vn 0.0000035241300783543286 -0.9999999997279179 -0.000023059599691897846
vn 0.000006027520155969397 -0.9999999997197304 -0.000022895599607131318
vn -0.0000016666000415226872 -0.9999999997305018 -0.000023156400851019844
vn 0.000019431099608060983 -0.9999999981060705 -0.000058397701539791134
vn -0.00000188127000530494 -0.9999999979787066 -0.00006355350329500328
vn 0.00001925039938153104 -0.9999999980783034 -0.00005893059994876594
vn 0.000012218900327707109 -0.9999999991775064 -0.000038674101201673157
vn 0.000018179400272870028 -0.9999999993003355 -0.00003269310034270306
vn 0.000027105199459105556 -0.9999999992777213 -0.000026643299842217968
vn 0.000046670400417561574 -0.9999999986762227 -0.000021666299261109558
vn 0.00003718580042490867 -0.9999999989078179 -0.000028312200780420257
vn 0.00003609060145890192 -0.999999998928788 -0.000028980899483818578
vn 0.00004324319883269893 -0.9999999987124581 0.000026553900136067125
vn 0.00002601740011127833 -0.9999999981420655 -0.000055126798440492935
vn 0.00003269310033751674 -0.9999999991416988 -0.000025451199668151632
vn 0.000010058300175882732 -0.9999999999135969 -0.000008463859557374164
vn 0.00000955909035752714 -0.9999999999108049 -0.000009328129635000715
vn 0.000009380280061187969 -0.9999999999099782 -0.000009594489710298456
vn 0.00004300479845756819 -0.9999999990326511 0.000009235000097921829
vn 0.00004194680146543841 -0.9999999991166906 0.000002661719915899915
vn 0.00004188060116503179 -0.9999999991140056 0.000004243110193662257
vn 0.000020932400723127978 -0.9999999996674387 0.000015065100337316262
vn 0.000015214100123291909 -0.9999999995042903 0.000027567199126656135
vn 0.000028550599369923223 -0.9999999995923996 2.533199959875417e-7
vn 0.000028267499135005814 -0.999999999584527 0.000005647540090121861
vn 0.000030666600636454846 -0.9999999995297799 0
vn 0.000029675700703223895 -0.9999999995585214 0.0000015199200327171767
vn 0.0000030100300128877973 -0.9999999997355773 0.00002279880026742064
vn 0.000027134999968135024 -0.9999999994860391 0.000017076699796552798
vn 0.00001611560036889178 -0.9999999996719795 0.000019908000461164133
vn 0 -1 0
vn 0 -1 0
vn 0 -1 0
vn 0 -0.9999999999994296 0.0000010682000493028044
vn 0 -0.9999999999994296 0.0000010682000493028044
vn 0 -0.9999999999994296 0.0000010682000493028044
vn -0.9613889249561188 0.000012424498624524062 0.2751932681177901
vn -0.9613898881717436 0.0000102613001853985 0.27518990318655895
vn -0.9613899794185571 0.000010062899706661547 0.27518958441831437
vn -0.9909521786410707 -0.005994676055334627 -0.13408148084469868
vn -0.9909515427815416 -0.006014703335801358 -0.13408528331873293
vn -0.9909521949787701 -0.005994258921654119 -0.1340813787471541
vn -0.8236846967660562 -0.0000028423999234574227 -0.5670480758324916
vn -0.8236820716176196 0.000018127300831569106 -0.5670518887783618
vn -0.823683843814586 0.000004451719556702432 -0.5670493148034049
vn -0.8236748998725735 0.0000011455298121941533 -0.5670623063814009
vn -0.8236748998698201 0.0000028280596184201215 -0.5670623063795052
vn -0.8236748998715543 0.0000019460196244207824 -0.5670623063806991
vn -0.44977768402903656 -0.6702511779550777 0.5903078801772063
vn -0.4497869835009378 -0.6702529678043305 0.5902987621726936
vn -0.4497920667514986 -0.6702539465962195 0.5902937775037168
vn -0.42339756673132906 -0.7037493518107336 0.5705009643392042
vn -0.4233973278606824 -0.7037493510593263 0.5705011425440012
vn -0.4233976689055605 -0.7037493730318114 0.5705008623329765
vn -0.4686024044765783 -0.7071941277276779 0.5294225649009099
vn -0.4686024044765783 -0.7071941277276779 0.5294225649009099
vn -0.4686024044765783 -0.7071941277276779 0.5294225649009099
vn -0.46360979887545317 -0.7645654909786074 0.4477784769183338
vn -0.46360979887545317 -0.7645654909786074 0.4477784769183338
vn -0.46360979887545317 -0.7645654909786074 0.4477784769183338
vn -0.5202751077982563 -0.705941367986702 0.48058360060511507
vn -0.5202751077982563 -0.705941367986702 0.48058360060511507
vn -0.5202751077982563 -0.705941367986702 0.48058360060511507
vn -0.571175100653285 -0.7054737833914109 0.41960188910575513
vn -0.5711856404068522 -0.7054735322900451 0.4195879638779225
vn -0.5711855690878312 -0.7054735774262152 0.41958798507496436
vn -0.5894917261437965 -0.7078947439008757 0.38908165770891934
vn -0.5894860764273734 -0.7078947591817266 0.389090189572169
vn -0.5894864259861302 -0.707894749491787 0.3890896776066651
vn -0.6027548319207603 -0.6983604438181349 0.3859783712934101
vn -0.602760797673089 -0.6983601519214212 0.3859695829942958
vn -0.6027593513733547 -0.6983602528383648 0.38597165904701874
vn 0.054607030430233114 0.007821618640341749 0.9984772879286924
vn 0.05460166112721546 0.00782376517272819 0.9984775647457838
vn 0.054609347506900614 0.007820785098909447 0.9984771677335978
vn -0.3160597705383745 -0.006087957460773163 0.9487197469333004
vn -0.3160595818459739 -0.006093083735483294 0.9487197768856409
vn -0.31605916946489115 -0.0061029185953147234 0.9487198510528714
vn 0.5070731208778932 0 0.8619030398386778
vn 0.5070731651568035 0 0.8619030137885939
vn 0.5070731651568035 0 0.8619030137885939
vn 0.9170356503201104 -0.000007518960591799837 0.39880523565449516
vn 0.9170356925022741 0.000006832179176552191 0.39880513867074957
vn 0.9170356503199939 0.000007535850363361378 0.39880523565444453
vn 0.9170743000254125 0.000009953979069352285 0.3987163504721347
vn 0.9170742796911844 -0.000003831829941410244 0.3987163973480553
vn 0.9170742470060289 0 0.3987164725444954
vn 0 -1 0
vn 0 -1 0
vn 0 -1 0
vn 0 -1 0
vn 0 -1 0
vn 0 -1 0
vn 0 -1 0
vn 0 -1 0
vn 0 -1 0
vn 0 -1 0
vn 0 -1 0
vn 0 -1 0
vn 0 -1 0
vn 0 -1 0
vn 0 -1 0
vn -0.000004500150224789657 -0.9999999997766775 0.000020649300490667568
vn -0.00000486150020043053 -0.9999999997771345 0.00002054499963830093
vn -0.000006442190168331395 -0.9999999997775877 0.000020082899932357423
vn -0.000060111298695223856 -0.9999999981255967 -0.000011637799594623476
vn -0.00005464260166108304 -0.999999998307145 -0.000019997400125047138
vn -0.0000442712989025588 -0.9999999983587722 -0.00003636629838581505
vn -0.000028794600426337575 -0.9999999995553357 -0.000007758850184660871
vn -9.07108016875957e-7 -0.9999999997031639 -0.00002434849920250896
vn -0.000028252599792362115 -0.9999999995687605 -0.000008016830175801076
vn -0.0000018421600285036763 -0.999999998303589 -0.00005821880030581171
vn -0.00003273789839018042 -0.9999999985818462 -0.00004200639881173666
vn -0.000042825900823130734 -0.9999999984075207 -0.000036754601692923236
vn 0.0000012256200524487499 -0.9999999991858253 -0.00004033419824181059
vn 0.0000059008598278815315 -0.9999999991726392 -0.00004024799997149483
vn -8.735809722025424e-7 -0.9999999992093367 -0.00003975630167173051
vn 0.000012449900139071474 -0.9999999976301173 -0.0000677108981322497
vn -0.000010459700182448643 -0.9999999977090712 -0.000066876396732864
vn 0.00001667439933488396 -0.9999999975392477 -0.00006814300269582467
vn 0.000008177010370511522 -0.9999999980894025 -0.00006127259973371399
vn 0.00002171099909647067 -0.999999998207223 -0.00005580489950261703
vn 0.00002630890044088991 -0.9999999982286267 -0.00005339090048074782
vn 0.000005370940012611425 -0.9999999993148043 -0.0000366271014831053
vn 0.000015348199658874245 -0.9999999994287507 -0.000030115299506255472
vn 0.00001303849966607326 -0.9999999994141344 -0.00003165009909899898
vn 0.00006844099680458965 -0.9999999973851263 -0.000023357599214109487
vn 0.00005435939953131815 -0.9999999977179654 -0.00004011390037644493
vn 0.000048290901649092296 -0.9999999977204521 -0.000047191999221211947
vn 0.00003912179814976964 -0.9999999991904502 -0.000009411949569423392
vn 0.00003786390149401201 -0.9999999991744595 -0.00001474469989863461
vn 0.00003521140021302494 -0.999999999082928 -0.00002437829969077811
vn 0.00001784410050616727 -0.9999999996806552 -0.000017896300045064155
vn 0.000018946799169377543 -0.9999999998016182 -0.000006146729900737461
vn 0.00001858170071089304 -0.9999999997787881 -0.00000985619044295411
vn 0.000028967899170214023 -0.9999999990547432 0.00003242490126131099
vn 0.000030010900420145768 -0.9999999991507773 0.000028245200131665663
vn 0.00003111359908244588 -0.999999999213965 0.00002457670050604017
vn -0.000011533499672473712 -0.9999999999081739 0.000007115540028536623
vn -0.000010237099558251212 -0.9999999999109581 0.000008560719833587322
vn -0.000011687199729576909 -0.9999999999074205 0.000006969090008433887
vn 0 -0.9999999999999147 4.1309598941548874e-7
vn 0 -0.9999999999999147 4.1309598941548874e-7
vn 0 -0.9999999999999147 4.1309598941548874e-7
vn 0 -0.9999999999983848 -0.0000017973600279190651
vn 0 -0.9999999999983848 -0.0000017973600279190651
vn 0 -0.9999999999983848 -0.0000017973600279190651
vn 0 -1 0
vn 0 -1 0
vn 0 -1 0
vn -0.4268943797280632 0 0.9043014920681001
vn -0.4268943797280632 0 0.9043014920681001
vn -0.4268943797280632 0 0.9043014920681001
vn -0.7295603835762241 -0.0038104651466928396 0.6839057881546835
vn -0.7295587558530714 -0.003804265469138737 0.6839075590475358
vn -0.7295592972178035 -0.003806768889872269 0.6839069676159789
vn -0.9761596604430945 0.00003097210445510171 0.2170537176929969
vn -0.9761594658222212 0.000028155698959568318 0.21705459334677138
vn -0.9761581130744865 0.000006213779485662369 0.21706067870585682
vn -0.9761719354120219 0 0.21699850809152493
vn -0.9761719354120219 0 0.21699850809152493
vn -0.9761719354117881 6.916699991990018e-7 0.21699850809147297
vn -0.9769859911314156 0.0000017644097172330552 -0.21330347660048193
vn -0.9769859911328437 4.3585893655709584e-7 -0.21330347660079374
vn -0.9769859911329364 0 -0.21330347660081395
vn 0.11010679592742961 -0.7531367533601504 0.648584246053454
vn 0.11010669288387986 -0.7531367620099476 0.6485842535024627
vn 0.11010678856717618 -0.7531367539779933 0.6485842465855263
vn -0.14188119324002446 -0.7058654802138546 0.6939911028588559
vn -0.14188119324002446 -0.7058654802138546 0.6939911028588559
vn -0.1418811847085932 -0.7058653926942647 0.6939911936201048
vn -0.11529539721283676 -0.7707869541396603 0.626573573261464
vn -0.11529528998537739 -0.7707869346229841 0.6265736170009806
vn -0.1152950935483896 -0.7707869760308406 0.6265736022087912
vn 0.11331017853548574 -0.7769424773448943 0.6192908770016194
vn 0.11331017853548574 -0.7769424773448943 0.6192908770016194
vn 0.11331019431007681 -0.7769424237291641 0.61929094137995
vn 0.08228552264911873 -0.7067553931291124 0.7026563221413973
vn 0.08228552264911873 -0.7067553931291124 0.7026563221413973
vn 0.08228552264911873 -0.7067553931291124 0.7026563221413973
vn -0.012309429149910308 -0.7051143597065485 0.70898675424131
vn -0.012309429149910308 -0.7051143597065485 0.70898675424131
vn -0.012309429149910308 -0.7051143597065485 0.70898675424131
vn 0.0030694000389134045 -0.7777351014415541 0.6285846727125125
vn 0.0030694000389134045 -0.7777351014415541 0.6285846727125125
vn 0.0030694000389134045 -0.7777351014415541 0.6285846727125125
vn -0.0676217535098144 -0.7069609258245354 0.7040124628226221
vn -0.0676217535098144 -0.7069609258245354 0.7040124628226221
vn -0.06762176091444158 -0.7069609849487536 0.7040124027395528
vn 0.7445531808063527 0.007784961434786152 0.6675177565627762
vn 0.7445527370468761 0.007804392429322462 0.6675180246366493
vn 0.7445532205145279 0.0077781082470316535 0.6675177921625328
vn 0.4473115881073442 -0.006089269757137363 0.8943574587035713
vn 0.44731203815683085 -0.006090341750485372 0.8943572263124753
vn 0.44731259505637777 -0.006095944925545145 0.894356909605664
vn 0.9679912175436441 0.0000034234896615030707 0.2509840687108508
vn 0.9679912175442366 0.0000032398097060593357 0.2509840687110044
vn 0.9679912175436053 0.000003435239650742749 0.2509840687108408
vn 0.967946685144828 0 0.2511557578817161
vn 0.967946685144828 0 0.2511557578817161
vn 0.967946685144828 0 0.2511557578817161
vn 0.9304364165399298 0.000008665028724856114 -0.36645337316124116
vn 0.9304363983931979 -0.00000586827007080302 -0.36645341929180814
vn 0.9304363984092184 0 -0.3664534192981178
vn 0 -0.9999999999995688 -9.287859938918333e-7
vn 0 -0.9999999999995688 -9.287859938918333e-7
vn 0 -0.9999999999995688 -9.287859938918333e-7
vn 0 -1 0
vn 0 -1 0
vn 0 -1 0
vn 0.000029658300244753125 -0.9999999993614725 0.00001993590011443633
vn 0.000031136001762281904 -0.999999999418216 0.000013932600260057024
vn 0.00003267819918586083 -0.9999999994331821 0.000008109959703638822
vn 0.0000015515799987023637 -0.9999999999987808 -1.7695100495963086e-7
vn 0.0000015199200333864132 -0.9999999999988316 -1.6391300050580815e-7
vn 4.088510081599323e-7 -0.9999999999995235 -8.866189773466754e-7
vn 0.00002229960045304101 -0.999999999709509 0.000009149310241880564
vn 0.000003889199887576458 -0.9999999997978184 0.00001972909921788796
vn 0.00003789370018246962 -0.9999999992819528 4.023310108844809e-7
vn 0 -1 0
vn 0 -1 0
vn 0 -1 0
vn 0 -1 0
vn 0 -1 0
vn 0 -1 0
vn 0 -0.9999999999999605 2.810230057548213e-7
vn 0 -0.9999999999999605 2.810230057548213e-7
vn 0 -0.9999999999999605 2.810230057548213e-7
vn 0 -1 0
vn 0 -1 0
vn 0 -1 0
vn 0 -1 0
vn 0 -1 0
vn 0 -1 0
vn 0 -1 0
vn 0 -1 0
vn 0 -1 0
vn 0 -0.999999999999744 7.157680101952778e-7
vn 0 -0.999999999999744 7.157680101952778e-7
vn 0 -0.999999999999744 7.157680101952778e-7
vn 0 -1 0
vn 0 -1 0
vn 0 -1 0
vn 0 -1 0
vn 0 -1 0
vn 0 -1 0
vn 0 -1 0
vn 0 -1 0
vn 0 -1 0
vn -0.00002003090047820577 -0.9999999995737001 -0.000021245299640251566
vn -0.000019913499264177002 -0.9999999995739433 -0.00002134399982424048
vn -0.000020413799566488335 -0.9999999995741895 -0.000020854200547761507
vn -0.0000015571699795469994 -0.9999999993783415 -0.000035226301384611445
vn 0.000012795399916889884 -0.9999999993364337 -0.00003410880160582952
vn -0.0000068470799260978275 -0.9999999993433166 -0.000035587698197836816
vn 0.00004461409833728005 -0.9999999976470964 -0.00005210940059004373
vn 0.000045791300981245104 -0.9999999976140008 -0.00005172190127660635
vn 0.000021606700050741306 -0.9999999976284011 -0.00006539379667581588
vn 0.000025947600070212054 -0.9999999996522748 0.000004708770118849958
vn 0.00001743440042920624 -0.9999999997503901 -0.000013973600285830761
vn 0.000015392899508774223 -0.9999999997095801 -0.000018544500557325926
vn 0.000022962700307473508 -0.9999999997307742 -0.0000033415899442942036
vn 0.00001886489917087307 -0.9999999997684315 -0.000010356299751368314
vn 0.000020145000230314087 -0.9999999997643547 -0.000008091329616857893
vn -0.9304080537380051 -7.763829273693914e-7 0.36652537911972044
vn -0.9304080537382854 0 0.36652537911983085
vn -0.9304080536928111 0.000009886919469748427 0.36652537910191674
vn 0.9886376087618703 0 -0.1503185901397799
vn 0.9886376087554157 -0.000003613529934236911 -0.15031859013879853
vn 0.9886376087589017 0.0000024506200157191794 -0.15031859013932855
vn 0.9557685923421386 -0.022385290059713125 0.29326659659986754
vn 0.9556969835796509 -0.02238397634250739 0.2934999713455776
vn 0.9556973489036362 -0.02238397838540816 0.2934987816162152
vn 0.9533265679046559 -0.019500130480588088 0.3013108027243129
vn 0.9533273452493084 -0.019501257431704107 0.3013082703121312
vn 0.9533270688798043 -0.019500848092715746 0.3013091712256786
vn 0.7338758030137305 0 0.6792836710468994
vn 0.7338757457970748 0 0.6792837328618927
vn 0.7338758030137305 0 0.6792836710468994
vn 0.7338758602303805 0 0.6792836092319016
vn 0.7338758602303805 0 0.6792836092319016
vn 0.7338758602303805 0 0.6792836092319016
vn 0.36631069321709403 0 0.9304925985921716
vn 0.36631069321709403 0 0.9304925985921716
vn 0.36631069321709403 0 0.9304925985921716
vn 0.36630887541803037 0 0.9304933142102516
vn 0.36630887541803037 0 0.9304933142102516
vn 0.36630887541803037 0 0.9304933142102516
vn -0.07351111413857546 0 0.9972943979077118
vn -0.07351111413857546 0 0.9972943979077118
vn -0.07351111413857546 0 0.9972943979077118
vn -0.07351117779087418 0 0.9972943932158641
vn -0.07351117779087418 0 0.9972943932158641
vn -0.07351117779087418 0 0.9972943932158641
vn -0.4987757832331635 0 0.866731052899424
vn -0.4987757832331635 0 0.866731052899424
vn -0.4987757832331635 0 0.866731052899424
vn -0.4987795799196469 0 0.8667288680176637
vn -0.4987795799196469 0 0.8667288680176637
vn -0.4987795799196469 0 0.8667288680176637
vn -0.8255208735716247 0 0.5643715861890475
vn -0.8255208735646052 -0.000004123900000848135 0.5643715861842485
vn -0.825520826816752 3.240269900399539e-7 0.5643716545785066
vn -0.09276508500066459 0.19393078899524183 -0.9766194182405461
vn -0.09278242449117756 0.19393079315371003 -0.9766177702521657
vn -0.09279733410577429 0.19393081015006702 -0.9766163502918638
vn -0.5321713154227351 0.7234210459357844 -0.4398359709464559
vn -0.5322111811458857 0.7234159662409374 -0.4397960873529822
vn -0.5322278150743834 0.7234135282036922 -0.43977996779416156
vn 0.008696435732429982 0.8662068030391191 -0.49960999426983094
vn 0.00868749621057822 0.8662071253228857 -0.4996095910302901
vn 0.008684990762291595 0.8662072255270982 -0.4996094608592855
vn 0.5472031144699202 0.7233709572663972 -0.4210738767697606
vn 0.5472305349474106 0.7233709603613714 -0.421038234994208
vn 0.5472437179181687 0.7233709740350909 -0.42102107681519185
vn -0.0034996855201991604 0.9798111821420954 0.1998944710355171
vn -0.003499746034575371 0.9798111760974654 0.19989449960465436
vn -0.0035001025147696953 0.9798111807121053 0.19989447074378017
vn -0.19560590480056675 0.9798204945752983 0.041111171442436006
vn -0.1956177082459615 0.979818595870282 0.04110026042967205
vn -0.19560870062573438 0.979820049326234 0.0411084806073896
vn -0.014629238054479151 0.5457647356772203 0.8378107415670435
vn -0.014656540402726417 0.545764222597967 0.8378105986172889
vn -0.014612609890657588 0.5457645792907678 0.8378111336236554
vn 0.9708967135708723 -0.0000017536199133903816 0.23949858365803434
vn 0.9708966858973336 -0.0000017732399323284925 0.23949869584285804
vn 0.9708966858973285 -0.0000017762098873524216 0.23949869584285677
vn 0.9708968832161279 3.487799856330526e-7 0.23949789594292306
vn 0.9708968832161787 -1.2912599126095757e-7 0.23949789594293563
vn 0.9708968832160767 4.7632698043167126e-7 0.23949789594291046
vn 0.7708365089534029 0.000007664299798108108 0.6370330261499704
vn 0.7708364313288331 0.000002273360050583044 0.6370331201209722
vn 0.7708366451556579 -0.0000028349497597918284 0.6370328613793277
vn 0.7708319776841462 0.000025031199698787107 0.6370385086892211
vn 0.7708290414229255 0.000022825498158121578 0.6370420617023732
vn 0.7708314138481842 0.00002461299688679332 0.63703919096003
vn 0.4181061748603462 -0.0000029327098209132023 0.9083981651979759
vn 0.4181026862940239 0.000006960699543242572 0.9083997708417091
vn 0.418107483303736 -0.000007033349506497295 0.9083975629403395
vn 0.41810128136972613 0.00001741189773405677 0.9084004173346791
vn 0.4181014515636148 0.000017391597453727164 0.9084003390014397
vn 0.41810089375137116 0.000017432499600217735 0.908400595739794
vn -0.01750075027364619 -0.0000029899198726161335 0.9998468501380198
vn -0.01750068882518395 -0.0000029853498924415343 0.9998468512135905
vn -0.017501350904664197 -0.0000030174899877094974 0.9998468396246531
vn -0.017401206948086202 0.000005710748969459517 0.9998485875191989
vn -0.017401327983357275 0.000005714758919492711 0.9998485854126898
vn -0.017400797290237444 0.0000057225092313091975 0.9998485946486683
vn -0.44952318930721713 7.809719740156395e-7 0.8932686618674461
vn -0.44952297497645616 -0.0000030212097692174293 0.8932687697211791
vn -0.4495224987312042 -0.000011406799873453243 0.8932690093159728
vn -0.4494896867704897 0.000013785898891081775 0.8932855205906542
vn -0.44977078322727937 0.000014848999103006898 0.8931440210484686
vn -0.44949306791823 0.000013749998816766793 0.8932838192335038
vn -0.7925976890869467 0.000017137397187071202 0.6097449491060516
vn -0.7925984956305197 0.000020245095831311406 0.6097439005962859
vn -0.7925951519592868 0.000006929039534248136 0.609748247264905
vn -0.7926204194591697 0.0000011478599603041035 0.6097154013595623
vn -0.7926204194593699 -9.0157897034591e-7 0.6097154013597162
vn -0.7926204194596276 4.0337897593645357e-7 0.6097154013599144
vn -0.9765533122742183 4.808859970016646e-7 0.21527570296255383
vn -0.9765533122741163 6.633339863302733e-7 0.21527570296253135
vn -0.9765533122743313 0 0.21527570296257872
vn -0.9786573641007786 0.004611073523977335 0.20544707759486924
vn -0.9786562336680332 0.004623233346873884 0.20545218912467295
vn -0.9786570771348188 0.004614113412990689 0.20544837631713103
vn -0.9709055137339831 0.000022821098591372737 -0.2394629050190192
vn -0.9709056349184494 0.00002181899921301301 -0.2394624137678692
vn -0.9709056418472692 0.000021822897462935777 -0.23946238567445904
vn -0.9611533209070272 -0.017855100194147624 -0.27543690585404523
vn -0.9611533209070272 -0.017855100194147624 -0.27543690585404523
vn -0.9611533209070272 -0.017855100194147624 -0.27543690585404523
vn -0.7464948602421776 -0.00000659003919131101 -0.6653911808767706
vn -0.7464972217325715 0.0000021867499757893194 -0.665388531566911
vn -0.7464966585599246 1.620499959958708e-7 -0.6653891633915006
vn -0.6943889970634323 -0.02967756104144473 -0.7189875959485477
vn -0.6943868133745602 -0.029677620887991175 -0.7189897024505651
vn -0.694388995835112 -0.029677620593593083 -0.7189875946767145
vn -0.34902880437004946 -0.000004271039973161328 -0.9371119963493008
vn -0.3490233782261493 0.000013999598447716151 -0.9371140172122159
vn -0.3490258952924468 0.0000049248299977455 -0.9371130798313788
vn -0.2417674937166403 -0.03560595927702986 -0.9696807178891085
vn -0.24176788810697497 -0.035607390813576896 -0.9696805669908739
vn -0.24176801075450416 -0.0356078100831192 -0.9696805210155015
vn -0.09457749225698756 0.000009528360449480204 -0.9955175025420646
vn -0.0945760633213583 -0.000001588839993101984 -0.9955176383390251
vn -0.09457658019681901 0.0000024642797046780324 -0.9955175892329587
vn 0.27546358327672466 -0.035604227617519295 -0.9606519417895885
vn 0.27546336709211555 -0.03560339589957351 -0.9606520346049826
vn 0.27546378474785227 -0.03560494940030224 -0.9606518572670283
vn 0.3814973277859534 0.000002462420325468548 -0.9243699415743208
vn 0.3814983152628034 -9.452920358302855e-7 -0.9243695340342785
vn 0.38149890863588176 -0.000002818180105789517 -0.9243692891381068
vn 0.7190114132977791 -0.02972722001126869 -0.6943622109086381
vn 0.7190114132977791 -0.02972722001126869 -0.6943622109086381
vn 0.7190114132977791 -0.02972722001126869 -0.6943622109086381
vn 0.769200582397581 -0.0000029122496279847554 -0.6390074053019581
vn 0.7692009335041782 -0.000004285710089099937 -0.6390069826519374
vn 0.769199767949315 2.1327299176710885e-7 -0.639008385693548
vn 0.9676949467198734 -0.01703310214108567 -0.2515479348439826
vn 0.9676949467198734 -0.01703310214108567 -0.2515479348439826
vn 0.9676949540051059 -0.017033100406673163 -0.25154790693542306
vn 0.9786092044323039 0.004839717876858509 -0.2056711018379727
vn 0.9786092044323039 0.004839717876858509 -0.2056711018379727
vn 0.9786092044323039 0.004839717876858509 -0.2056711018379727
vn 0.1922968873324524 -0.9636102064597837 -0.18568057822180306
vn 0.19229019073568746 -0.9636101915833437 -0.18568759038649987
vn 0.19229168971412405 -0.9636102209260431 -0.18568588582266926
vn -0.25465768325195126 -0.9639143848979063 -0.07757913990010319
vn -0.2546500855174472 -0.9639143919295018 -0.07760398815225775
vn -0.25466370616525236 -0.9639143956634841 -0.07755923281517235
vn -0.000009723010406830416 -0.9999999999342504 0.000006079670128711301
vn 0.000005032869921406698 -0.9999999999405005 0.00000967829964735469
vn 8.046629886547229e-7 -0.9999999999625373 0.00000861846001466347
vn 0.000027814900005623106 -0.9999999993986599 -0.000020712599495077696
vn 0.000020280500381585666 -0.9999999994021631 -0.000028006699705283967
vn 0.00001921500005398281 -0.9999999993880171 -0.000029236100072309952
vn 0.00002108509942424729 -0.9999999995588611 -0.000020921199384113093
vn 0.000019572700685423072 -0.9999999995632962 -0.000022143100058535992
vn 0.000011421700032117425 -0.9999999995447328 -0.00002792990015770473
vn 0.00002115959977370106 -0.9999999995818107 -0.000019714199871428112
vn 0.00002347679946188566 -0.9999999996632947 -0.000011056699800889585
vn 0.00002546980066725699 -0.999999999670979 -0.000003054740090096775
vn 0.000029137399893405535 -0.9999999995617108 0.000005252659773276466
vn 0.000029083299510687027 -0.9999999995650819 0.0000048987599235783134
vn 0.000029087099379485663 -0.9999999995628912 0.000005306440013964395
vn 0.0000476687999995263 -0.9999999977411405 0.00004738569976535552
vn 0.00005079800019062364 -0.9999999978042027 0.00004255770172426559
vn 0.00005802509973345328 -0.9999999978023881 0.00003206729881868868
vn -0.000020373599904915938 -0.9999999997817546 0.000004626810094932566
vn -0.000021219300828975735 -0.9999999997743649 0.0000010058299719734945
vn -0.000020056999342278982 -0.9999999997792275 0.000006265940099618996
vn -0.000010472300343667214 -0.9999999997763416 0.000018375199938856225
vn -0.000015687199261916165 -0.9999999997516218 0.000015832500135435318
vn -0.000017538699462325215 -0.999999999735286 0.00001489369969537174
vn 0.00002857670002998202 -0.9999999989316499 0.00003633279989782858
vn 0.00002916529953437442 -0.999999998927722 0.000035971399445398096
vn 0.000025711900861954554 -0.9999999989368007 0.00003827919859327414
vn -0.000033020998637158724 -0.9999999989624986 -0.00003137860036459189
vn -0.00003657719931512672 -0.9999999989671589 -0.000026977599163150148
vn -0.00004380010063505574 -0.9999999988787649 -0.00001800060088299566
vn -0.000020727500645648202 -0.9999999988865682 -0.00004239379991131517
vn -0.000018238999453014698 -0.999999998882505 -0.00004361569876565177
vn -0.00003540140091961128 -0.999999998732733 -0.00003579489925880288
vn -0.00002872379990261289 -0.9999999995831192 -0.0000029504299151518585
vn -0.000028654900221219113 -0.9999999995553757 -0.000008255009557582868
vn -0.000029021899521956716 -0.9999999995154529 0.000011261599860518082
vn -0.00004531439838482708 -0.999999998590859 -0.00002765660061154429
vn -0.0000529661992112277 -0.999999998486268 -0.000014901200279563408
vn -0.000042065999817796356 -0.9999999985663381 -0.000033132699125209914
vn 0.4358338692564991 -0.8248608072437331 0.36007427995085367
vn 0.43584574175692714 -0.824859993930184 0.36006177220839597
vn 0.4357831578121559 -0.8248657773478946 0.36012426845120993
vn -0.009908674147435842 -0.8248770718649417 0.5652252953364345
vn -0.00985199126931817 -0.8248770891926724 0.565226260884129
vn -0.00993305365285479 -0.8248770946787986 0.5652248341318644
vn -0.4480776197808852 -0.8248707665072424 0.34469503218533754
vn -0.44809038463129536 -0.824869234194348 0.34468210525150184
vn -0.44805719449535303 -0.8248736078413115 0.3447147828971243
vn 0.1970716961857145 -0.9795016988822618 0.04170333858636046
vn 0.19707390557042045 -0.9795017188273107 0.04169242806031851
vn 0.1970711901481108 -0.9795017018737017 0.04170565956952717
vn 0.4619266251403596 -0.4421749279577103 -0.7688336140362434
vn 0.4619283597876442 -0.4421749636112759 -0.7688325513265316
vn 0.4619159989408827 -0.4421780102608211 -0.768838225613313
vn 0.5149888459230266 -0.00003182889525114237 -0.8571968779468289
vn 0.514985200764561 -0.00003191829800655844 -0.8571990678802137
vn 0.5158413533848073 -0.000028699595803114663 -0.8566841292532874
vn -0.48480332760377876 -0.000017747299668566503 -0.8746231949984727
vn -0.4847879954139903 -0.000009998678144953664 -0.8746316935730785
vn -0.4848087885114874 -0.00002040800129823746 -0.8746201679389387
vn -0.4848370449957279 -0.0000069439391511056385 -0.8746045047629198
vn -0.4848374880541167 -0.000004119240081736929 -0.8746042591712014
vn -0.48483646266876806 -0.000010928099151861305 -0.8746048275349347
vn -0.9998466735859751 -0.000015780298414237844 -0.017510827223259785
vn -0.9998468405770206 -0.00001379849925067469 -0.017501291316688233
vn -0.9998470347095649 -0.00001180149842494058 -0.01749019848986247
vn -0.9998469059676649 -0.00005685539342066402 -0.017497468226914024
vn -0.9998469871083208 -0.000056985998083449754 -0.01749283061741185
vn -0.9998467858425021 -0.00005681810019812203 -0.0175043312389077
vn -0.515024893690978 -0.00003898140079276722 0.8571752197532587
vn -0.5150296165853496 -0.000034056600758699325 0.8571723822429743
vn -0.5150157282786862 -0.000047734899189021806 0.8571807261872807
vn -0.5150045920753354 -0.0000013709100578466901 0.8571874183277761
vn -0.5149995011540015 -0.000006582009875040881 0.8571904769465225
vn -0.5150021824205645 -0.000004194679988876671 0.8571888660525524
vn 0.4848129887399132 -0.00000474601997543287 0.8746178399315603
vn 0.4848089278688866 -0.0000046826904183974785 0.87462009091759
vn 0.4848110519722182 -0.000004682629560857963 0.8746189135067134
vn 0.48479891733037017 -0.00001561640085327259 0.8746256396375703
vn 0.4848015300945509 -0.000016803898662752742 0.8746241913734214
vn 0.48480967461558816 -0.00002175569932848665 0.8746196767314448
vn 0.999844256126514 -0.000002082599855398799 0.017648328149745273
vn 0.9998442561266458 -0.000002018279707771594 0.0176483281497476
vn 0.9998442561265692 -0.0000020558297882649103 0.017648328149746248
vn 0.9998474620123643 -0.00004080680042956743 0.017465710470481455
vn 0.9998474880746405 -0.000039778701389583136 0.017464220809603307
vn 0.9998474965131283 -0.00003940709673286036 0.017463738531891784
vn -0.00004387649818330316 -0.9999999987279815 -0.000024877499495420444
vn -0.000041574199659767925 -0.9999999987179511 -0.000028908199928310024
vn -0.000043496500383574926 -0.9999999987308679 -0.000025422799776173976
vn 0 -1 0
vn 0 -1 0
vn 0 -1 0
vn 0.000005718320153289652 -0.9999999999821565 0.0000017285300372951385
vn -0.0000024884900539638674 -0.9999999999774125 0.000006243590178059948
vn 0.000005669890015169353 -0.9999999999823141 0.0000017955900375137238
vn 0.00002010169917715522 -0.999999999246107 0.00003322209883887057
vn 0.000019714199864779686 -0.9999999992445703 0.000033499400135201786
vn 0.000022776399401542723 -0.9999999992359736 0.00003176930110686227
vn 0.46833579246154405 0 0.8835505562781438
vn 0.46833579246154405 0 0.8835505562781438
vn 0.46833579246154405 0 0.8835505562781438
vn 0.4683395625001648 0 0.8835485579169683
vn 0.4683395625001648 0 0.8835485579169683
vn 0.4683395625001648 0 0.8835485579169683
vn 0.03840147698998737 0 0.999262391249159
vn 0.03840147698998737 0 0.999262391249159
vn 0.03840147698998737 0 0.999262391249159
vn 0.03840147698998737 0 0.999262391249159
vn 0.03840147698998737 0 0.999262391249159
vn 0.03840147698998737 0 0.999262391249159
vn -0.3985478652872069 0 0.9171475339742297
vn -0.3985478652872069 0 0.9171475339742297
vn -0.3985478652872069 0 0.9171475339742297
vn -0.39885363131840207 0 0.9170146022742082
vn -0.3988536313183983 1.392389924124132e-7 0.9170146022741994
vn -0.39885363131840207 0 0.9170146022742082
vn -0.7571179807032458 0 0.6532781668599063
vn -0.7571179807032458 0 0.6532781668599063
vn -0.7571179807032458 0 0.6532781668599063
vn -0.7571169332057199 0 0.6532793808571989
vn -0.7571169332057199 0 0.6532793808571989
vn -0.7571169332057199 0 0.6532793808571989
vn -0.9656630112623811 0 0.25979789968294675
vn -0.9656630112623811 0 0.25979789968294675
vn -0.9656630112623811 0 0.25979789968294675
vn -0.9608247457348679 -0.008705556553247024 0.27701989327235166
vn -0.9608247944256597 -0.008705972755555815 0.27701971131179176
vn -0.9608247944256597 -0.008705972755555815 0.27701971131179176
vn -0.9827872629460507 0 -0.18474088824894866
vn -0.982787262939883 -0.000003542749750932926 -0.1847408882477893
vn -0.9827872629457982 7.166279458020964e-7 -0.1847408882489012
vn 0.14377410857843417 0.9798178773642354 -0.13887380206475414
vn 0.1437787848383837 0.9798178589322629 -0.13886909068541428
vn 0.14377699485323298 0.9798179655625556 -0.13887019158850455
vn 0.5605990911064515 0.82485008598412 0.07315049352267071
vn 0.5606116127016791 0.8248499735720803 0.07305573764024938
vn 0.5606057663613717 0.8248499660901739 0.07310067142932616
vn 0.06524282180092916 0.7233706969160194 0.6873705034744253
vn 0.06526267017918268 0.7233688495137915 0.687370563403887
vn 0.06529067620262098 0.7233661594381231 0.6873707347427184
vn -0.7774664981975911 0.1939619984067685 0.5982679895786067
vn -0.777517057882924 0.19396331346916224 0.5982018536657548
vn -0.7775176207204384 0.1939643035306122 0.5982008010903304
vn -0.3593567356949203 0.8662420024120365 0.3471131368413999
vn -0.3593959757192461 0.8662420983989527 0.3470722685525164
vn -0.3593722835138877 0.866242099943081 0.34709679648221314
vn -0.684647562177753 0.7233856938173363 -0.08927963700906869
vn -0.6846463732220067 0.7233823592718658 -0.08931576528375006
vn -0.6846469152224001 0.7233861202376215 -0.08928114316031895
vn 0.5172026651094802 0.00000267940999193458 0.8558629581869237
vn 0.5172026214190648 0.000011086500429789052 0.8558629845216681
vn 0.5172026214508066 -4.07849005299157e-7 0.8558629845741943
vn 0.4847080343867341 -0.017801638451472993 0.8744948387894531
vn 0.4847084255469213 -0.017796512589042156 0.8744947263097089
vn 0.48470773325291383 -0.017804257216258935 0.8744949523866903
vn 0.057300191162613076 -0.0000031557894883755514 0.9983569943075319
vn 0.05730067355716494 -0.0000018551898463040809 0.9983569666238893
vn 0.05730174632795509 6.854529782237508e-7 0.9983569050531462
vn -0.017403659986094645 -0.029696160319961553 0.9994074497827898
vn -0.01740223015622254 -0.029695680920579646 0.9994074889254397
vn -0.01740312007598902 -0.02969598008188026 0.999407464540163
vn -0.4157812555914209 0.000017492098611457085 0.909464648676818
vn -0.4157820317060597 0.000020662297040834796 0.9094642937924778
vn -0.41577654950820886 -0.000002272429803650605 0.9094668003142743
vn -0.5147141814005007 -0.035613171754697866 0.8566218614200684
vn -0.5147136546511492 -0.035613228304676635 0.8566221755741422
vn -0.5147144793100166 -0.03561317174683039 0.8566216824168936
vn -0.7925437840687674 -0.000006590039118998919 0.6098150131724623
vn -0.7925454927113299 0.000009624288338422215 0.6098127924948185
vn -0.7925447946552123 0.0000017248097764378966 0.6098136997985143
vn -0.8740738206861909 -0.03561775829201039 0.4844856357884063
vn -0.8740737688740431 -0.03561775488425762 0.48448572951463786
vn -0.874073899185289 -0.03561776035839534 0.4844854940140906
vn -0.923427845649591 0.000008808450062913752 0.3837720857506002
vn -0.9234282961191583 0.000004518779855998355 0.38377100190875396
vn -0.923428553032279 0.0000020042100840607864 0.38377038374618544
vn -0.9994084119040867 -0.029672259108685477 -0.01738917061674844
vn -0.9994083972397229 -0.02967159929693787 -0.017391139177466586
vn -0.9994084109558299 -0.029672257217886775 -0.01738922834224816
vn -0.9957516406659442 0.000012032699745178819 -0.09207969356103654
vn -0.9957516623553124 0.000011440800144955907 -0.09207945908691967
vn -0.9957517127444662 0.000009999609315022791 -0.09207891434237256
vn -0.8621447573736707 -0.01700406872659957 -0.506376617726209
vn -0.8621446781780286 -0.017001326526643754 -0.5063768446380995
vn -0.8621446031814116 -0.016995478692647243 -0.5063771686294459
vn -0.8373123876766905 0.00457793374141009 -0.5467055953306303
vn -0.8373094958140754 0.004577875225357126 -0.5467100248559561
vn -0.8373128576246697 0.004577933703744154 -0.5467048755767718
vn -0.5171840825839646 -0.000018747099743505697 -0.8558741872321709
vn -0.5171838287865016 -0.000018738197052102235 -0.8558743405959863
vn -0.5171847912085236 -0.00001880059780020037 -0.8558737590259052
vn -0.517195823619895 0.000004097819805331267 -0.8558670924935404
vn -0.5171958672707991 0.000007447739600971323 -0.8558670660929399
vn -0.517195893657057 0.000006850810398544418 -0.8558670501528519
vn -0.09467619525987647 0 -0.9955081205349927
vn -0.09467619525987647 0 -0.9955081205349927
vn -0.09467619525987647 0 -0.9955081205349927
vn -0.09467309551107707 0 -0.9955084153267368
vn -0.09467309551107707 0 -0.9955084153267368
vn -0.09467309551107707 0 -0.9955084153267368
vn 0.3470347807664348 0 -0.9378522596541485
vn 0.3470347807664348 0 -0.9378522596541485
vn 0.3470347807664348 0 -0.9378522596541485
vn 0.3470319869409193 0 -0.9378532934525727
vn 0.3470319869409193 0 -0.9378532934525727
vn 0.3470319869409193 0 -0.9378532934525727
vn 0.7192896771491328 0 -0.6947102707940166
vn 0.7192896771491328 0 -0.6947102707940166
vn 0.7192896771491328 0 -0.6947102707940166
vn 0.7192898815681864 0 -0.6947100591423908
vn 0.7192898815681864 0 -0.6947100591423908
vn 0.7192898815681864 0 -0.6947100591423908
vn 0.9494349936370965 0 -0.3139636807933786
vn 0.9494349936370522 -3.055709776501614e-7 -0.313963680793364
vn 0.9494349847533783 0 -0.3139637076579905
vn 0.9495406112109721 0 -0.3136441098778892
vn 0.9495406112109721 0 -0.3136441098778892
vn 0.9495406112109721 0 -0.3136441098778892
vn 0.9916323237442936 0 0.129094285332436
vn 0.9916323237442936 0 0.129094285332436
vn 0.9916323237442936 0 0.129094285332436
vn 0.9916324420915896 0 0.12909337624940387
vn 0.9916324420915896 0 0.12909337624940387
vn 0.9916324420915896 0 0.12909337624940387
vn 0.8427299989734097 -0.000006611949278871455 0.5383364642921368
vn 0.842729998937362 0.000011369598902233674 0.5383364642691095
vn 0.8427301589703837 0.000003984199312172675 0.5383362138532737
vn 0.8373049524710475 0.004598379150018186 0.5467168110426545
vn 0.8373052071771466 0.00459325277423899 0.5467164640496821
vn 0.8373052355376982 0.004590510323560648 0.5467164436489256
vn -0.06772881057293786 -0.6981186924544152 -0.7127714216101209
vn -0.06767355445062634 -0.6981187846755912 -0.7127765796594987
vn -0.06767319110325207 -0.6981188621379459 -0.7127765382875074
vn -0.067658299867329 -0.6980615480017173 -0.7128340828415185
vn -0.06768894834566329 -0.6980635414430367 -0.7128292210479759
vn -0.06767361801709317 -0.6980624395500907 -0.7128317556856266
vn 0.5151326726238065 -0.69804997199219 -0.49735758383396234
vn 0.5150918875309359 -0.698050010570589 -0.49739976894065635
vn 0.5150935703174658 -0.6980499697441492 -0.49739808358878695
vn 0.26282029949581637 -0.9642348740828574 0.03430157103320399
vn 0.2628195047034239 -0.9642349102951154 0.03430664244162487
vn 0.2628198873721629 -0.9642348928262449 0.03430420175494129
vn 0.00002011660034897795 -0.9999999997750291 -0.000006727870184782484
vn 0.000014260400345213571 -0.9999999997642273 -0.000016376399795039712
vn 0.000013500500241503883 -0.9999999997525064 -0.00001768400033614652
vn 0.00004906949828638489 -0.9999999987955086 -0.0000010803299788397112
vn 0.000048179201201482545 -0.999999998829407 -0.000004466619879395785
vn 0.000044778000249160797 -0.9999999988322874 -0.000018175700439918704
vn 0.00003697910139833965 -0.9999999993158255 9.462240193790382e-7
vn 0.00003251430095872383 -0.9999999992482542 -0.000021126099438823218
vn 0.00003826620010676253 -0.9999999992439206 0.000006917859986287165
vn -0.00002272429991857498 -0.9999999997415474 7.15256021336922e-7
vn -0.00002335009957541571 -0.9999999997233362 -0.0000028461199682480805
vn -0.000024199500322991794 -0.999999999680488 -0.000007308090059662041
vn -0.00004136560160941035 -0.9999999991094557 0.000008365140267241402
vn -0.00003969670066065872 -0.9999999991004529 0.000014942100265417437
vn -0.000040229398983329296 -0.9999999991094948 0.000012751699603099536
vn -0.000009335580214530352 -0.9999999997965514 -0.000017881400704936856
vn -0.000010063899933452501 -0.9999999997835716 -0.00001820920078504681
vn 0.000012714400325403997 -0.9999999998555507 -0.0000112801999404914
vn 0.00002577899974213732 -0.9999999989032893 -0.000039100701499456195
vn 0.000015482299189506718 -0.9999999990348085 -0.000041117898905544346
vn 0.000008236619570613723 -0.9999999990566915 -0.000042647101468689774
vn 0.000014153700246780088 -0.9999999998323335 0.000011619200447837997
vn 0.000013123300048006634 -0.9999999998320515 0.000012793600033217004
vn 0.000013810999914727184 -0.9999999998324625 0.000012013800185547502
vn 4.637990114885466e-7 -0.9999999996718745 0.00002561320069686128
vn -0.0000072754901318396484 -0.9999999997158864 0.00002270010008297395
vn -0.000012818700266373893 -0.9999999997057964 0.0000205933993068706
vn -0.000020965899218147023 -0.99999999900801 0.000039299000452171094
vn -0.000019881899768947545 -0.9999999990043538 0.000039949998569014274
vn -0.00001466740012194434 -0.9999999989657653 0.000043050400518991504
vn -0.0000058168097891084395 -0.9999999999509028 -0.00000802240992885975
vn -0.0000071087802094673455 -0.99999999995052 -0.000006958840003445778
vn -0.000004274299953754103 -0.9999999999478801 -0.000009272010174271285
vn 0.000006217509962601565 -0.9999999999551716 0.0000071413801375893005
vn 0.0000013019899824649536 -0.9999999999777074 0.000006549059889802699
vn 0.000011215000084897503 -0.9999999999070337 0.000007756059857644864
vn -0.8400864220596294 -0.5422519584523282 -0.014751848211824372
vn -0.8400829817761423 -0.5422602158594078 -0.014643839189717926
vn -0.8400850258696317 -0.5422554588067827 -0.01470260874355277
vn 0.4047718320777467 -0.5425829853420764 0.736045832794198
vn 0.40480879045552753 -0.5425896061465223 0.7360206263901132
vn 0.40478307149160636 -0.5425847787605581 0.7360383297703845
vn -0.5688274429901894 -0.8223970427089169 -0.00992190732020412
vn -0.5688306717410975 -0.8223953883812994 -0.00987380654780529
vn -0.5688297325674305 -0.8223958861830433 -0.009886442053263613
vn 0.9703002629445772 -0.000050991795734798576 -0.2419036939145848
vn 0.9703001090738878 -0.00005090979751136303 -0.24190431112196842
vn 0.9701613275898365 -0.000049591101283291256 -0.24246029775996014
vn 0.9702984245331812 -0.000020958498096600818 -0.24191107231618808
vn 0.9702993967208763 -0.000020925297015324645 -0.2419071728685111
vn 0.9703028307482447 -0.00002115960001245354 -0.24189339840974264
vn 0.27560410026822685 -0.00003051760008939873 -0.9612712307065145
vn 0.27560886966597126 -0.0000268592977973371 -0.961269863378658
vn 0.2756020972590792 -0.00003180190047989685 -0.9612718049412643
vn 0.27561447313529475 -0.000041298597785898164 -0.961268256259812
vn 0.27561106526084994 -0.00004412329387985668 -0.9612692332322482
vn 0.2756209660941629 -0.000037103894868559184 -0.961266394748418
vn -0.6947068747729658 -0.000017259299493077076 -0.7192929568995481
vn -0.6947032969394709 -0.00001971049687159667 -0.7192964123592761
vn -0.6947080276682789 -0.00001632749757943525 -0.7192918434312061
vn -0.6946979609749113 -0.000024199499803417213 -0.719301565709185
vn -0.6946842856412275 -0.000015644000505268006 -0.7193147732657814
vn -0.6946957477078576 -0.00002309679908468903 -0.7193037033014347
vn -0.9703028058097573 -0.00003726040030612534 0.24189349650078415
vn -0.9703002915039235 -0.00003724919491270762 0.24190358186661587
vn -0.9703035016863295 -0.00003736840253053623 0.2418907051104888
vn -0.9702988896079193 -0.00002282109934236875 0.24190920673847077
vn -0.9703001100761587 -0.000022932699061531508 0.24190431137184334
vn -0.9703009598533853 -0.00002282109896800459 0.24190090282344243
vn -0.27561149837741644 -0.000021710999794432167 0.9612691098182589
vn -0.2756130684581057 -0.000021547097192062038 0.9612686596528724
vn -0.27561468187456156 -0.00002024119771107894 0.9612681970841843
vn -0.27557793171683126 -0.000005040320486219298 0.9612787335238769
vn -0.2755769164441197 0.000001351350064859615 0.9612790245924044
vn -0.2755782937628583 -0.000006215649671284819 0.961278629726115
vn 0.6947091484295729 -0.000030434698841750267 0.719290760514819
vn 0.6947134547903562 -0.00002709029941391625 0.7192866014318378
vn 0.6947001133539964 -0.00003716349919935255 0.7192994863927118
vn 0.6947091484200308 -0.000030882701396431366 0.7192907605049395
vn 0.6947077849227932 -0.000031635200412359164 0.7192920773697431
vn 0.6947057226726804 -0.000032707099211817646 0.7192940690816759
vn -0.000003214930075005676 -0.9999999999874134 -0.000003851950168561136
vn 0.0000022333099422764632 -0.999999999984003 -0.000005196779966271237
vn -0.0000039804699553644705 -0.9999999999854341 -0.0000036451999675970187
vn 0 -0.9999999999998817 -4.864680249738164e-7
vn 0 -0.9999999999998817 -4.864680249738164e-7
vn 0 -0.9999999999998817 -4.864680249738164e-7
vn 0 -1 0
vn 0 -1 0
vn 0 -1 0
vn -0.000004325060214366958 -0.9999999992698549 0.000037968198711968416
vn 0.000004328790052480008 -0.9999999993492774 0.0000358149008883404
vn 0.000013109300189683064 -0.9999999993452573 0.000033728800168063325
vn -0.36652258816431676 -0.000006452199750646652 -0.930409153181384
vn -0.3665224904242184 -0.00001178399996244042 -0.9304091916325665
vn -0.3665224904496666 0 -0.9304091916971662
vn -0.993580024806149 0 0.11313149122243701
vn -0.993580024806149 0 0.11313149122243701
vn -0.993580024806149 0 0.11313149122243701
vn -0.9935800474181953 0 0.11313129263142385
vn -0.9935800474181953 0 0.11313129263142385
vn -0.9935800474181953 0 0.11313129263142385
vn -0.9171704699846599 0 -0.3984950802558521
vn -0.9171704699846599 0 -0.3984950802558521
vn -0.9171704699846599 0 -0.3984950802558521
vn -0.9171704699846599 0 -0.3984950802558521
vn -0.9171704699846599 0 -0.3984950802558521
vn -0.9171704699846599 0 -0.3984950802558521
vn -0.5947573817814202 0.000004987120095328108 -0.8039052536161451
vn -0.5947573817888164 0 -0.8039052536261422
vn -0.5947573817865991 0.000002730639852055319 -0.8039052536231451
vn 0.17792938953400325 -0.0000034738298520128753 0.9840432573459307
vn 0.17792938953323947 0.0000045445099979394205 0.9840432573417066
vn 0.1779293895350768 0 0.984043257351868
vn -0.2974485998512957 -0.038388128620651496 0.9539657656475458
vn -0.29745316555190415 -0.03837745643121406 0.9539647714360431
vn -0.2974540551122692 -0.03837536596159489 0.9539645781603113
vn -0.21217868697542344 -0.0009692189393271007 0.9772304054868703
vn -0.2121761852807243 -0.000968106947958638 0.9772309497599106
vn -0.2121761852877067 -0.0009680729547170905 0.9772309497920699
vn -0.5700029013142479 0 0.8216426793280275
vn -0.5700029013142479 0 0.8216426793280275
vn -0.5700029013142479 0 0.8216426793280275
vn -0.5700040566650536 0 0.8216418778186654
vn -0.5700040566650536 0 0.8216418778186654
vn -0.5700040566650536 0 0.8216418778186654
vn -0.8409757206778583 0 0.5410728575990083
vn -0.8409757206778583 0 0.5410728575990083
vn -0.8409757206778583 0 0.5410728575990083
vn -0.8410279873509986 0 0.5409916122199385
vn -0.8410279873509986 0 0.5409916122199385
vn -0.8410279873509986 0 0.5409916122199385
vn 0.3664928882073411 0.00000766664997309319 0.9304208525364551
vn 0.3664928881996749 -0.00001003059944831505 0.9304208525169928
vn 0.3664928882181118 0 0.9304208525637988
vn -0.8514600839269134 0.000005425879765285506 0.5244194174987553
vn -0.8514621745788594 0.00001711769960928341 0.5244160227990982
vn -0.8514621745815052 0.000016935200404793962 0.5244160228007276
vn -0.8574606208817437 0.0029990668508696776 0.5145408528339794
vn -0.8574607293420984 0.002999842139310286 0.5145406675698783
vn -0.8574611592608072 0.003008543763387152 0.514539900322158
vn -0.19300070580412124 -8.449420155950861e-7 0.981198617792747
vn -0.193000295883801 -0.0000026505398744966432 0.981198698420325
vn -0.1930012878769932 0.0000011296898649182992 0.9811985032991773
vn -0.19282490065110952 0 0.9812331821177318
vn -0.19282490065110952 0 0.9812331821177318
vn -0.19282490065110952 0 0.9812331821177318
vn 0.13543949962370563 0.8248500192059249 -0.5488885021182952
vn 0.13538509626033682 0.8248500239332704 -0.5489019163091549
vn 0.1354116900583708 0.8248499948483433 -0.5488954000483368
vn 0.041122127455363616 0.9798236520514522 0.19558778467506538
vn 0.04112093578782467 0.9798240794193958 0.19558589425075387
vn 0.041124339347465275 0.9798229146294944 0.19559101380226226
vn 0.513498056374029 0.8249043637840068 -0.2363314128722583
vn 0.5134959119854161 0.8249041871846462 -0.23633668851768164
vn 0.5135088569897225 0.8249042641330961 -0.23630829187344243
vn -0.4398646881699399 0.723387766454129 0.5321928179200357
vn -0.4398832963201677 0.7233899907399707 0.5321744139995161
vn -0.4398830029898401 0.7233902964806994 0.53217424086309
vn -0.972791369229563 0.19393309861114902 -0.12675529659761917
vn -0.9727858201168473 0.19393367858404661 -0.1267969892799215
vn -0.9727889469619895 0.19393301349492936 -0.12677401526085355
vn -0.49957029625619065 0.8662300386301747 -0.008662521184264783
vn -0.49956986448354473 0.8662299538136655 -0.008695838997340125
vn -0.49956936004934027 0.8662299576375139 -0.008724390592102846
vn -0.23948071630200632 0.000011187001166900552 0.9709011208121705
vn -0.23947768450829096 0.000004746019946760915 0.9709018686767591
vn -0.23947717920800443 0.0000038078895771679393 0.9709019933155342
vn -0.27553740067834126 -0.01781225013293963 0.9611253115866967
vn -0.27553740067834126 -0.01781225013293963 0.9611253115866967
vn -0.27553740067834126 -0.01781225013293963 0.9611253115866967
vn -0.6653918090953973 -0.000004930419937763114 0.7464943002893224
vn -0.6653891633866869 0.00000380724999952505 0.7464966585545241
vn -0.6653903606059092 -1.3224800222784333e-7 0.74649559142216
vn -0.7189885940159283 -0.029699738929246145 0.6943870154190191
vn -0.7189873016042423 -0.02969854761664846 0.6943884045700301
vn -0.7189875308741905 -0.029698778206754838 0.6943881573158205
vn -0.9371023561975842 0 0.34905468627270425
vn -0.937103705138403 0.000015836198422333803 0.3490510644090515
vn -0.9371032839284581 0.000011220599993820738 0.34905219541581123
vn -0.9696777634652916 -0.03559541020238592 0.2417808962955379
vn -0.969677799992844 -0.03559647851356978 0.24178059251823938
vn -0.9696777696372322 -0.03559523161500994 0.24178089783445875
vn -0.9916114271973242 0.000009832899255696507 -0.12925469954705693
vn -0.991611299094514 0.000014623597921423809 -0.12925568186443906
vn -0.9916112579726424 0.00001581940002780341 -0.12925599719804284
vn -0.960759994922122 -0.03557418650273553 -0.2750903659016664
vn -0.960759994922122 -0.03557418650273553 -0.2750903659016664
vn -0.960759994922122 -0.03557418650273553 -0.2750903659016664
vn -0.9243674017094308 0.000004470350050841233 -0.3815034818150051
vn -0.9243667702922013 -6.966290001764773e-7 -0.3815050117352056
vn -0.9243690546143609 0.000017639200783740073 -0.3814994764874667
vn -0.694358516020369 -0.029680840173502497 -0.7190168975459382
vn -0.694358189596714 -0.029681918116275442 -0.7190171682768867
vn -0.6943597548702153 -0.029676726903976262 -0.7190158709631113
vn -0.6390030789920967 -0.000004086639697801519 -0.7692041764199667
vn -0.6390053213596555 0.000004326460051584806 -0.7692023136050263
vn -0.6390037598999248 -0.000001484529790044457 -0.7692036107764676
vn -0.251597469701654 -0.01700167768407654 -0.9676826216253199
vn -0.2515980611043874 -0.017000727421248002 -0.9676824845555806
vn -0.25159457874678426 -0.01700716875334292 -0.967683276778215
vn -0.20548896683450793 0.004602014595783889 -0.9786486121029072
vn -0.20548866940893182 0.004602014609168552 -0.978648674553889
vn -0.205488500430465 0.004602014961381214 -0.9786487100329381
vn 0.23948379007250828 0 -0.9709003627007804
vn 0.23948379007250828 0 -0.9709003627007804
vn 0.23948379007250828 0 -0.9709003627007804
vn 0.23948379007250828 0 -0.9709003627007804
vn 0.23948379007250828 0 -0.9709003627007804
vn 0.23948379007250828 0 -0.9709003627007804
vn 0.6370310317517084 0 -0.7708381571934241
vn 0.6370310317517084 0 -0.7708381571934241
vn 0.6370310317517084 0 -0.7708381571934241
vn 0.6370231664314062 0.00000496301948520986 -0.7708446571165124
vn 0.637023560690934 0.000006006769510923797 -0.7708443312943037
vn 0.6370229723759447 0.000004315279968071681 -0.7708448174870833
vn 0.9084013093707574 -0.00001673299809978358 -0.41809934328278997
vn 0.9084012092993314 -0.000016726599247459324 -0.41809956070741466
vn 0.9084012867330263 -0.00001671769998230592 -0.4180993924682271
vn 0.9084007741671213 -0.000015979399907512003 -0.4181005061432401
vn 0.9084005513859096 -0.000015944701140118554 -0.4181009901776626
vn 0.9084002389521226 -0.000015887897485996184 -0.4181016689984643
vn 0.9998468427728878 0.000005983890037679227 0.017501170283186696
vn 0.9998468490814956 0.00000600469986643068 0.017500809859796584
vn 0.9998468438158283 0.000005992070039495823 0.017501110696795743
vn 0.9998468615066884 0.00000456977016150406 0.017500100409489024
vn 0.9998468615067411 0.000004558250047027454 0.017500100409489943
vn 0.999846850131681 0.0000046496296540065574 0.017500750273535242
vn 0.8932848735131187 -0.000017824301136255842 0.44949097258448434
vn 0.8932849693967208 -0.00001780360057157491 0.4494907820333265
vn 0.8932848854795992 -0.000017814999062927438 0.44949094880356033
vn 0.8932843462778887 -0.000019567900938356593 0.44949202029845003
vn 0.8932843103787583 -0.00001957180006520132 0.4494920916413219
vn 0.8932842744034271 -0.000019566598273147154 0.44949216313601176
vn 0.60977684939486 -0.000009660278838793529 0.7925731473174936
vn 0.6097769530852428 -0.000009670859653940425 0.7925730675417579
vn 0.6097770193336303 -0.00000968389099909591 0.7925730165724895
vn 0.6097908621682849 0.0000011399398555609 0.7925623662619619
vn 0.6097908621684368 -8.954469316514698e-7 0.7925623662621591
vn 0.6097908621686323 4.007009696634406e-7 0.7925623662624133
vn 0.21527979883075904 4.7168298645094947e-7 0.9765524093540322
vn 0.21527979883078088 -1.4016400234091225e-7 0.9765524093541313
vn 0.215279798830783 0 0.9765524093541409
vn 0.20547770339685592 0.004596054172414227 0.9786510050537925
vn 0.2054822926241771 0.004606961815199809 0.9786499902011676
vn 0.20547920130836922 0.004599749967052601 0.9786506731872795
vn 0.36005940383809915 -0.8248416036576167 -0.43588250089133407
vn 0.36011374069252494 -0.8248465077798084 -0.43582832901027835
vn 0.36014381070330115 -0.824849188769058 -0.43579840683409077
vn 0.5653448102512423 -0.8247957226191656 0.009862123053153786
vn 0.5653449250017016 -0.8247957757187121 0.009851097978825241
vn 0.5653443947904782 -0.8247957848086617 0.009880720664604041
vn 0.34463419749404933 -0.8248786744151922 0.4481098552951806
vn 0.34468480170424814 -0.8248850517959105 0.4480591911765243
vn 0.3446972005438508 -0.8248866040862478 0.4480467948064021
vn 0.12726068399317447 -0.9798307343841374 -0.15406638265965553
vn 0.1272660916382114 -0.9798310210401768 -0.15406009258240316
vn 0.12726798924110674 -0.9798311203365004 -0.15405789345127316
vn 0.000045634798832145185 -0.9999999989469517 0.000004854050070552869
vn 0.00004352629907795601 -0.9999999989608441 0.000013556299549701235
vn 0.000043226398657114037 -0.9999999989559349 0.000014819200244335777
vn 0.000005260109899856694 -0.9999999997012365 -0.000023871700243178833
vn -0.000001922250020567463 -0.999999999577287 -0.00002901260084992426
vn 0.0000065490598880569 -0.9999999997111351 -0.000023126600347181695
vn 0.000016521700670200743 -0.9999999998634934 -2.1606699360069832e-7
vn 0.000008978179720135127 -0.9999999998532403 -0.000014591500073625372
vn 0.000013306699655381373 -0.9999999998916478 -0.000006295740148971127
vn -0.000012472300112614054 -0.9999999999220521 -5.811450022976653e-7
vn -0.00001115909981233002 -0.9999999999323395 0.0000032857099083735776
vn -0.00001204759973828568 -0.9999999999272411 6.109480068072341e-7
vn -0.000025272400299040857 -0.9999999996618989 -0.000006124379977084833
vn -0.000019252300256884542 -0.9999999997108591 -0.000014409400132916793
vn -0.000031997900788877055 -0.9999999994824966 0.000003337860105694521
vn -0.000038981401270621126 -0.999999999161234 0.000012569100352637508
vn -0.000043451800552004083 -0.9999999990524924 0.000002637510076285483
vn -0.00003459820069814247 -0.9999999991518485 0.000022344300286170226
vn -0.000013662000126235213 -0.9999999998317612 -0.000012240399880952977
vn -0.00001460640032502941 -0.9999999998331859 -0.000010967300111577464
vn -0.000013504200067022194 -0.9999999998319198 -0.000012401499586947581
vn -0.000004470350171202839 -0.9999999986710524 0.000051360599104511704
vn 0.0000013448300234496146 -0.9999999987590908 0.000049799698837936
vn 0.0000068396297965145494 -0.9999999987967085 0.00004857779998540534
vn -0.0000011944199513774944 -0.9999999999902531 0.000004250559868482421
vn 9.313229725189786e-7 -0.9999999999995361 2.458689891681157e-7
vn 0.0000014714900089510208 -0.999999999998676 -6.947669817227403e-7
vn 0.00000670551980021566 -0.9999999987276631 -0.00004999709920417135
vn 0.000008911590145883982 -0.9999999987113666 -0.000049978498217739886
vn -0.0000063888701251808024 -0.9999999987169446 -0.000050252299778646696
vn 0.000043090400079006365 -0.9999999985729227 -0.00003158119939184536
vn 0.00002817809941327694 -0.9999999984999774 -0.00004696850003032088
vn 0.000043124000451378446 -0.9999999985765804 -0.00003141909833250522
vn -0.0000033602100268640733 -0.9999999990003097 0.000044587999537716455
vn -0.0000016260900094476123 -0.9999999989921362 0.00004486739994743387
vn 0.000011954500209891934 -0.9999999988608446 0.000046210399834418056
vn 0.0000014063000417230185 -0.9999999987171053 0.000050634098378011626
vn -0.000008486210380563976 -0.9999999988407591 0.00004739690115419577
vn -0.000021129799254610368 -0.9999999988385542 0.000043317701006055625
vn -0.1857097895344157 -0.9636072523658075 -0.1922834815034884
vn -0.18571180226841297 -0.9636067215134738 -0.19228419787458448
vn -0.18570590259473074 -0.9636083369939038 -0.19228180001580902
vn -0.07759355832331158 -0.9639088609196267 0.25467419882539
vn -0.0775834922751138 -0.9639087974174109 0.2546775058534187
vn -0.077588780041273 -0.9639088303604468 0.2546757702744067
vn 0.8572032954579069 0.000005772339983260037 0.5149781648019498
vn 0.8572035428806672 -0.000003114339732546381 0.5149777529788381
vn 0.8572033639014722 0.000002091749819316537 0.5149780509027788
vn 0.8571774354974382 -0.00005528330433609583 0.5150212044351101
vn 0.8571760720111697 -0.000054168395269005454 0.5150234738701597
vn 0.8571825576978794 -0.0000597387949196009 0.5150126786883968
vn 0.8746183964186425 -0.00003822149965007218 -0.4848119833349828
vn 0.8746156542310523 -0.000038154397115784586 -0.4848169303131137
vn 0.8746183052198578 -0.00003806499866145918 -0.48481214787317334
vn 0.874632611313417 -0.000012665998136426946 -0.4847863396040009
vn 0.8746243976313838 -0.0000197371979517489 -0.4848011578764867
vn 0.8746217340092487 -0.000022917998258240743 -0.4848059631166068
vn 0.017532458775938134 -0.00004292279542373255 -0.9998462937106402
vn 0.01753568120819421 -0.00004039709962673117 -0.9998462373048362
vn 0.01752256802812878 -0.00005118739178734574 -0.9998464667085394
vn 0.017534369271072256 -0.000029116899344744815 -0.9998462607053507
vn 0.01752823083190524 -0.000034204099473670566 -0.9998463681756229
vn 0.017533650510814208 -0.000029668199016276604 -0.9998462732938311
vn -0.857207232792307 -0.000024117498303936718 -0.5149716103504168
vn -0.8572049743996275 -0.000027885696931760327 -0.5149753693983063
vn -0.8572043005597301 -0.000029343599946357042 -0.5149764909594002
vn -0.8571885763862884 -0.000017285297750471917 -0.51500266427861
vn -0.8571918244841449 -0.00001854589805312842 -0.5149972579476446
vn -0.857188934364243 -0.00001741949915685641 -0.5150020684425007
vn -0.8746153446286452 -0.000013992199939936807 0.4848174901386443
vn -0.8746274766577866 -0.000008285050225129827 0.48479560332844474
vn -0.8746216696294226 -0.000010996700191569897 0.4848060796789928
vn -0.8746238813529459 -8.065249962565173e-7 0.48480208968862504
vn -0.8746204529851501 0.000004803989752673553 0.4848082746787356
vn -0.8746213848047336 0.000003285709884208551 0.4848065936344659
vn -0.017248206044155827 -0.000006631019083260125 0.999851238607168
vn -0.017502900150408812 -0.000006739050125817229 0.9998468124872479
vn -0.01749335947475032 -0.000006809830105813643 0.9998469794563133
vn -0.017494969347447077 -0.000019021299823835884 0.9998469511308828
vn -0.01748572846502519 -0.00001757589777780802 0.9998471128083211
vn -0.017493119264417732 -0.000018662800145353866 0.9998469835080269
vn -0.000004451169843230482 -0.9999999999668561 0.000006817279881717299
vn -0.000005602839791899467 -0.9999999999609648 0.0000068321801333757
vn 0.000010535100044842304 -0.9999999999212301 0.000006822870090590261
vn 0.000007580969849038332 -0.9999999998604636 0.000014886300048343506
vn 5.885959807793798e-7 -0.9999999998905185 0.00001478569993034412
vn 0.0000075765401550959 -0.999999999860719 0.000014871399796650237
vn 0 -1 0
vn 0 -1 0
vn 0 -1 0
vn -0.000008679930030999844 -0.9999999997240505 -0.00002183019932397338
vn -0.000005200509802594518 -0.9999999997054476 -0.000023707800203121134
vn -0.000009693209901427672 -0.9999999997272588 -0.00002124909951237694
vn 0.3986678764923243 -0.0000017155298532831537 -0.9170953735845351
vn 0.39866787649291097 0 -0.9170953735858846
vn 0.39866787647858104 0.000008478758996578785 -0.9170953735529199
vn -0.883549094876166 0 0.4683385494954563
vn -0.883549094876166 0 0.4683385494954563
vn -0.883549094876166 0 0.4683385494954563
vn -0.8835496318342028 0 0.46833753649013093
vn -0.8835496318342028 0 0.46833753649013093
vn -0.8835496318342028 0 0.46833753649013093
vn -0.9992494366278661 0 0.038737106227650406
vn -0.9992494366278661 0 0.038737106227650406
vn -0.9992494366278164 -3.150119527922446e-7 0.03873710622764848
vn -0.9992623773828346 0 0.03840183781026045
vn -0.9992623773828346 0 0.03840183781026045
vn -0.9992623773828346 0 0.03840183781026045
vn -0.9171479379474752 0 -0.39854693565337346
vn -0.9171479379474752 0 -0.39854693565337346
vn -0.9171479379474752 0 -0.39854693565337346
vn -0.9170142401714549 0 -0.3988544638370859
vn -0.9170142401713984 3.5093498200638096e-7 -0.39885446383706136
vn -0.9170142401714549 0 -0.3988544638370859
vn -0.6532789353216413 0 -0.7571173176364565
vn -0.6532789353216413 0 -0.7571173176364565
vn -0.6532789353216413 0 -0.7571173176364565
vn -0.6532784556188913 0 -0.7571177315478723
vn -0.6532784556188913 0 -0.7571177315478723
vn -0.6532784556188913 0 -0.7571177315478723
vn -0.2597013113597715 -0.02727353011652067 -0.9653037777989881
vn -0.25990965304553443 -0.027272696847839038 -0.9652477258509319
vn -0.2599124044444613 -0.027272640111631403 -0.9652469865880133
vn -0.1602972037986299 0.0000037178400313998316 -0.9870687951913576
vn -0.16029718928121786 0.0000017537399110585337 -0.987068797554388
vn -0.1602971892814644 0 -0.987068797555906
vn 0.18469420521829827 0 -0.9827960371098273
vn 0.18469420521713675 -0.0000035464800878120845 -0.9827960371036468
vn 0.18469420521825078 7.171480152087141e-7 -0.9827960371095746
vn 0.13887000463860824 0.9798184305279225 0.14377400672399557
vn 0.13886518463526282 0.9798184412482692 0.14377858910848515
vn 0.13886668030763863 0.9798184208478128 0.14377728355910116
vn 0.17740908700760746 0.824849089373548 0.5367960465640146
vn 0.17746500762804404 0.8248490137850691 0.5367776779313548
vn 0.17737230202693438 0.8248489883156574 0.5368083577481838
vn -0.43779626836950425 0.5989827561343553 0.6704879456451311
vn -0.43774425723053406 0.598982747806655 0.6705219109706089
vn -0.4377710848375811 0.5989828149600454 0.6705043360506084
vn 0.834086720760026 0.5459020763841367 -0.07931119247164602
vn 0.8340817227546405 0.5459020821337439 -0.07936369754928382
vn 0.8340832019575458 0.5459020749911001 -0.07934819930319309
vn 0.004702567979217156 0.9636077131166463 -0.2672789948284529
vn 0.004691420963542071 0.9636077098390615 -0.2672792025355913
vn 0.004713057960910061 0.9636077192586726 -0.26727878791583193
vn -0.7192190021226866 0.6946702340411695 -0.012541647532672114
vn -0.7192185265099578 0.6946702352237896 -0.012568827271073299
vn -0.7192176098471896 0.6946703901813697 -0.01261264012644788
vn -0.8745442049454007 0 0.48494580480339955
vn -0.8745442049454007 0 0.48494580480339955
vn -0.8745442049454007 0 0.48494580480339955
vn -0.8747076054332915 0 0.48465101361408214
vn -0.8747076054332915 0 0.48465101361408214
vn -0.8747076054332207 4.021380112153413e-7 0.4846510136140429
vn -0.9998449391782234 0 -0.01760958828862522
vn -0.9998449391782234 0 -0.01760958828862522
vn -0.9998449391782234 0 -0.01760958828862522
vn -0.9998467540722289 -0.00000110361986308291 -0.017506238031333356
vn -0.9998467479432811 -5.44037954937948e-7 -0.017506588101307164
vn -0.9998467729768277 -0.000003199089913425122 -0.017505158028128083
vn -0.857183949044858 -0.0000035651006075499405 -0.5150103663880489
vn -0.8571843491145085 -0.000010052701311229809 -0.5150097004252244
vn -0.8571839490438226 -0.000003889199505238323 -0.5150103663874268
vn -0.8571996735420923 0.000019216899195099328 -0.5149841932623188
vn -0.8571999630821319 0.00001892439823417892 -0.5149837113286779
vn -0.8571982837621053 0.00002081320019032995 -0.5149865065048906
vn -0.48482962457122075 0.000015691398993332137 -0.8746086181212196
vn -0.48483027776248533 0.000014264099810657314 -0.8746082560559824
vn -0.48483074609671944 0.00001322850063796287 -0.8746079964557295
vn -0.48478916251789883 -0.0000147688988254818 -0.8746310466059812
vn -0.48478806626950677 -0.000012542898887655612 -0.874631654266725
vn -0.48478902325657713 -0.000014404800192009636 -0.8746311238015919
vn 0.017500988618994476 0.000005651779988811174 -0.9998468459546267
vn 0.01750045978980137 0.0000056615098152540096 -0.9998468552108831
vn 0.017501529663631787 0.00000565220000401566 -0.9998468364842116
vn 0.01753628079425814 -0.00004211809601691573 -0.9998462267178743
vn 0.017540808541777173 -0.000035021897479415725 -0.9998461475692985
vn 0.017545220023011277 -0.00002785030018819726 -0.9998460703921902
vn 0.5063549154924325 -0.000021206299991977796 -0.8623251701689709
vn 0.506352244367777 -0.000015236399078605306 -0.862326738766442
vn 0.5063561142242129 -0.000023394799155562296 -0.8623244662193225
vn 0.5148968786941773 0.005211769694642291 -0.857236281177858
vn 0.5148968788553765 0.005211709625966808 -0.8572362814462335
vn 0.5148968786941773 0.005211769694642291 -0.857236281177858
vn 0.8558533041025367 -8.9686385094092e-7 -0.517218640282779
vn 0.8558739389232005 -0.0000018970998704271915 -0.5171844938399514
vn 0.8558740499602931 -0.0000019024597318914202 -0.5171843100877541
vn 0.8745004965500648 -0.01779966954030824 -0.4846978990030242
vn 0.8745005358583797 -0.0178003911840851 -0.48469780158063475
vn 0.8745004890696156 -0.017800149950485747 -0.4846978948569339
vn 0.9953977581171974 0.014897879386024243 -0.09466444065781558
vn 0.9953977581171974 0.014897879386024243 -0.09466444065781558
vn 0.9953977581171974 0.014897879386024243 -0.09466444065781558
vn 0.9983600779934484 0 -0.05724643804566003
vn 0.9983600779934484 0 -0.05724643804566003
vn 0.9983600779934484 0 -0.05724643804566003
vn 0.9377096362384547 0.02377253042762871 0.34660569081106035
vn 0.9377094124494791 0.023772588540515064 0.34660629226506523
vn 0.9377101200271502 0.023772528741216624 0.3466043820783509
vn 0.909462409061588 0.0000028442598773226667 0.4157861547668502
vn 0.9094624090563179 -0.00000443612961108075 0.4157861547644408
vn 0.9094624087823904 0.000024941397438023976 0.41578615463920715
vn 0.6943954061892214 0.026788228476724317 0.719094855132746
vn 0.6943947690900654 0.026788227329771628 0.7190954703910207
vn 0.6943947084630769 0.026788227290331857 0.7190955289369556
vn 0.6097875930207911 0.000004321339543225206 0.7925648814950333
vn 0.6097875267669037 -0.000006189039626139027 0.7925649324573971
vn 0.6097875263443959 0.000037736696119072785 0.7925649319082471
vn 0.3838023875456604 0.000003590689889326304 0.9234152518240955
vn 0.3838023875322726 0.0000090915692348084 0.923415251791885
vn 0.3838022393621419 0 0.9234153134211092
vn 0.3137076837026031 0.023774618600645517 0.9492219217318684
vn 0.31370645781414813 0.02377461829801452 0.9492223268815815
vn 0.31370839955011487 0.023774620508138028 0.9492216851038537
vn -0.12909278250592746 0 0.9916325193865303
vn -0.12909278250592746 0 0.9916325193865303
vn -0.12909278250592746 0 0.9916325193865303
vn -0.09211360611546358 0.017804739896996193 0.9955893103110366
vn -0.09210758727832523 0.01779180033918451 0.9955900984875534
vn -0.09210514547930622 0.01778655924026292 0.9955904180367688
vn -0.5063418257950252 -0.017014140626109477 0.862164992602527
vn -0.5063431155612136 -0.017016879853412464 0.8621641810721541
vn -0.5063418711611357 -0.017014019075731187 0.862164968358104
vn -0.5467070982036923 0.004601954985935413 0.8373112747264339
vn -0.5467072781418835 0.004601954995398928 0.837311157239
vn -0.5467072090675342 0.0046019549156868815 0.8373112023402896
vn 0.6912200596091007 -0.7225431355615503 0.012093239717889536
vn 0.6912210980931706 -0.7225429803939234 0.012043049212627938
vn 0.6912190331747292 -0.7225427641821268 0.012173828692914756
vn -0.012078699977055612 -0.7225814057827196 0.6911803071731233
vn -0.012079469480386303 -0.7225816023005588 0.6911800882793352
vn -0.012147059436830233 -0.7225971086708958 0.6911626924881724
vn -0.3204118975220154 -0.7830191420227772 0.5331202858194906
vn -0.3204270026712123 -0.7830160908751495 0.5331156885608811
vn -0.320439095581514 -0.7830138688072051 0.5331116836822037
vn 0.0000493488986956485 -0.999999998780041 -0.0000021457699377804163
vn 0.00003440679934236235 -0.9999999987175232 0.00003716349960777354
vn 0.00004315379915255547 -0.9999999989661301 0.000014334899773261691
vn 0.00003099440071389671 -0.9999999994388926 0.000012710699586167002
vn 0.00003181400095968486 -0.9999999994639865 0.00000773928968141156
vn 0.000034186501559087605 -0.9999999993934088 -0.000006668270084949263
vn 0.00001154470009489404 -0.9999999994897155 0.000029787399383428575
vn 0.000028088699750549825 -0.9999999995090756 0.000013887900415742142
vn 0.000027809299340432457 -0.9999999995129922 0.000014165399982098136
vn 0 -0.9999999999999818 -1.9062800049595916e-7
vn 0 -0.9999999999999818 -1.9062800049595916e-7
vn 0 -0.9999999999999818 -1.9062800049595916e-7
vn 0.00005978349861274828 -0.9999999980808183 -0.000016257199573096537
vn 0.00005538019820925035 -0.9999999980228722 -0.000029787399339735126
vn 0.000059498801306118794 -0.9999999980863765 -0.00001694519957195228
vn 0 -1 0
vn 0 -1 0
vn 0 -1 0
vn -0.00002426649915123278 -0.9999999993327489 -0.000027306399697378445
vn -0.000015690900897958963 -0.9999999992804889 -0.00003453719907399977
vn -0.000027028800086432503 -0.999999999322492 -0.000024989200011427645
vn -0.0000011029200095301434 -0.9999999999878033 -0.000004814240128267046
vn -0.00000113621001672507 -0.9999999999878153 -0.000004803990122978248
vn -0.000111971995628024 -0.999999993325692 0.000028476100661490566
vn 0.00000376254001794286 -0.9999999999276508 0.000011425499905354732
vn 0.000009212640179185154 -0.9999999999536449 -0.000002799559979264188
vn 0.000006020070031608074 -0.9999999999665983 0.000005528329893238123
vn -0.0000030398400646216842 -0.9999999992911819 0.00003752859990595602
vn 0.000014074100353504384 -0.9999999992997821 0.00003467499843582463
vn -0.0000029318000522231832 -0.9999999992969468 0.00003738329903271928
vn -0.000016420599418420633 -0.9999999997565894 0.000014737200213908947
vn -0.000019863300617900625 -0.9999999997890077 0.0000052377599775217274
vn -0.000018879800332467295 -0.9999999997898208 0.000007994470250334891
vn -0.00003199739873778651 -0.999999999169489 -0.00002524259978322294
vn -0.000037372101334111215 -0.9999999993010218 0.000001132489955243402
vn -0.000035628698218810844 -0.999999999338967 -0.000007256860039638574
vn -0.000025033999903577663 -0.9999999994087923 -0.000023573600614942028
vn -0.000023454400419461903 -0.9999999993684232 -0.000026702900851393508
vn -0.00003889200158220266 -0.999999999230966 0.000005047770169523391
vn -0.22910199456934996 -0.963612948349508 -0.13770389194759192
vn -0.22910138608518055 -0.9636131375247333 -0.13770358050387932
vn -0.22910271786592915 -0.9636127437510308 -0.13770412029803106
vn -0.26725727269060856 -0.9636137467239596 -0.004700778508962133
vn -0.2672611227534065 -0.9636127535032379 -0.004685461609798738
vn -0.267254208354819 -0.9636145407063723 -0.004712224091230869
vn 0.4138326923833809 -0.5954449149325098 -0.688612994355856
vn 0.4138285912817803 -0.5954454680923515 -0.6886149806430422
vn 0.4138389903222951 -0.5954440347459988 -0.6886099705743661
vn 0.24193037327318376 -0.000022590197897246898 0.9702936122522814
vn 0.24191129663320451 -0.00003680310034022355 0.9702983681356853
vn 0.24191910967031321 -0.000030983500640400465 0.9702964203872679
vn 0.24193037324013933 -0.000027990897325337727 0.9702936121197524
vn 0.24192480454913903 -0.00003246679950735685 0.970295000445621
vn 0.24193016280393037 -0.00002818559619332212 0.9702936645836847
vn 0.9612719232613458 -0.000060468896415234154 0.2756016797716334
vn 0.9612681360490727 -0.00005461279630933899 0.27561489008067713
vn 0.9612636073459379 -0.00004805529585432386 0.2756306856700887
vn 0.9612832537696693 -0.000008128578775748186 0.2755621635056665
vn 0.9612836723098933 4.4610399108838855e-7 0.27556070356675766
vn 0.9612830224713406 -0.000012557998996982018 0.275562970209462
vn 0.7193120198850974 -0.000042766296703730266 -0.6946871354932846
vn 0.7193156211880369 -0.00004119430223613052 -0.6946834066090093
vn 0.7193090328257112 -0.00004407179590825264 -0.6946902283413929
vn 0.719279807657226 -0.000010387999931200873 -0.6947204892535367
vn 0.7192811255422815 -0.000014420600334832563 -0.6947191247048516
vn 0.7192817110363636 -0.000016383798946685782 -0.6947185184664161
vn -0.24190405882020213 -0.000032633494885386323 -0.9703001727616909
vn -0.24191459304073995 -0.000028964098479478403 -0.9702975465469416
vn -0.24191415817615577 -0.000029026895090113966 -0.9702976549654034
vn -0.24188127894003483 -0.000044405496334041134 -0.9703058512275833
vn -0.24188708610482357 -0.00004576889718984733 -0.9703044035151678
vn -0.241894394106708 -0.000047817800794805704 -0.9703025815760806
vn -0.9612680018995524 -0.000020101697250867448 -0.27561536263416786
vn -0.9612709159862095 -0.000028677298899649186 -0.275605198166954
vn -0.9612685118478446 -0.000021234198959044224 -0.27561358398841507
vn -0.9612679940064444 -0.000019960099676705175 -0.27561539017337294
vn -0.9612681372800945 -0.000020525900474409262 -0.27561489043363585
vn -0.9612686235350477 -0.000021882401137111363 -0.2756131944014931
vn -0.7192999260800927 -0.00003511069801914198 0.6946996582037535
vn -0.7193034688536241 -0.000035025200246099654 0.6946959899613491
vn -0.7193011268624666 -0.0000350996971950398 0.6946984148984343
vn -0.7192975829592609 -0.00003888459805968536 0.6947020840885344
vn -0.7192954155885978 -0.00003864239482368489 0.6947043282001283
vn -0.7192946842194765 -0.00003859029766442204 0.6947050854602927
vn 0.000015161899678160809 -0.9999999997187279 -0.000018238999468266566
vn 0.00002165879959011858 -0.999999999706285 -0.000010877800374589322
vn 0.000019162000166167434 -0.999999999722184 -0.00001372770020298659
vn 0.000028384900331216865 -0.9999999989565935 -0.00003579260006421226
vn 0.000029970000437961685 -0.9999999989679249 -0.00003414599992652425
vn 0.00003033880053921163 -0.9999999989699571 -0.0000337585988397831
vn -0.000011116299900195348 -0.999999999845365 0.000013627100086235332
vn -0.000012880200299911431 -0.9999999998472342 0.000011816599906537878
vn -0.000009853390109366062 -0.9999999998394873 0.000014964500221466534
vn -0.000031137398749133386 -0.9999999995142541 0.0000013979199586659836
vn -0.00003036579981583472 -0.9999999995276261 -0.00000476092008969069
vn -0.00003022139934209041 -0.999999999527228 -0.000005675480221770869
vn 0.9304080537380051 -7.763829273693914e-7 -0.36652537911972044
vn 0.9304080537382854 0 -0.36652537911983085
vn 0.9304080536928111 0.000009886919469748427 -0.36652537910191674
vn -0.9886375764075095 -0.0000031614897894556206 0.15031880289934088
vn -0.98863757641245 0 0.15031880290009206
vn -0.98863757641245 0 0.15031880290009206
vn -0.9886376220327155 0.000005684789788425128 0.1503185027505947
vn -0.9886376217922509 0.00002277659940689706 0.150318502714033
vn -0.9886376220486904 0 0.1503185027530236
vn -0.9558674110577934 0 -0.2937983874660845
vn -0.9558674110577934 0 -0.2937983874660845
vn -0.9558674110577934 0 -0.2937983874660845
vn -0.9558674496805273 0 -0.2937982618077322
vn -0.9558674496805273 0 -0.2937982618077322
vn -0.9558674496805273 0 -0.2937982618077322
vn -0.7338758030137305 0 -0.6792836710468994
vn -0.7338757457970748 0 -0.6792837328618927
vn -0.7338758030137305 0 -0.6792836710468994
vn -0.7338758602303805 0 -0.6792836092319016
vn -0.7338758602303805 0 -0.6792836092319016
vn -0.7338758602303805 0 -0.6792836092319016
vn -0.36631069321709403 0 -0.9304925985921716
vn -0.36631069321709403 0 -0.9304925985921716
vn -0.36631069321709403 0 -0.9304925985921716
vn -0.36630887541803037 0 -0.9304933142102516
vn -0.36630887541803037 0 -0.9304933142102516
vn -0.36630887541803037 0 -0.9304933142102516
vn 0.07351111413857546 0 -0.9972943979077118
vn 0.07351111413857546 0 -0.9972943979077118
vn 0.07351111413857546 0 -0.9972943979077118
vn 0.07351117779087418 0 -0.9972943932158641
vn 0.07351117779087418 0 -0.9972943932158641
vn 0.07351117779087418 0 -0.9972943932158641
vn 0.4987757832331635 0 -0.866731052899424
vn 0.4987757832331635 0 -0.866731052899424
vn 0.4987757832331635 0 -0.866731052899424
vn 0.4987795799196469 0 -0.8667288680176637
vn 0.4987795799196469 0 -0.8667288680176637
vn 0.4987795799196469 0 -0.8667288680176637
vn 0.8255208735716247 0 -0.5643715861890475
vn 0.8255208735646052 -0.000004123900000848135 -0.5643715861842485
vn 0.825520826816752 3.240269900399539e-7 -0.5643716545785066
vn 0.003471790989907449 0.9798036656165474 -0.19993179715017623
vn 0.0034876461449203705 0.9798014250609087 -0.19994250116716042
vn 0.0034795399135880024 0.979802557669905 -0.19993709207023633
vn 0.19698118927119038 0.9796694995613413 -0.038027394106598666
vn 0.1969746106055477 0.9796710277131043 -0.038022101945353624
vn 0.19697140222159346 0.9796717795244437 -0.03801935178654569
vn -0.5482118702540763 0.8250605429011513 -0.13688990415726593
vn -0.5482008562726594 0.825060860305929 -0.13693209256110705
vn -0.5482083509489288 0.8250607773598583 -0.13690258438832553
vn 0.6641549597453494 0.5457973586575225 -0.5108849505790175
vn 0.6641746984834538 0.5457975453606796 -0.5108590895468831
vn 0.6640925386249964 0.5457979423298555 -0.5109654648712606
vn -0.9708967135708723 -0.0000017536199133903816 -0.23949858365803434
vn -0.9708966858973336 -0.0000017732399323284925 -0.23949869584285804
vn -0.9708966858973285 -0.0000017762098873524216 -0.23949869584285677
vn -0.970894836925898 -0.000013691099741327663 -0.23950619082434596
vn -0.9708950065699057 -0.000014078699884243183 -0.2395055031088276
vn -0.9708948819241744 -0.0000137942999000992 -0.2395060084072229
vn -0.7708140964398726 -0.0000018014397369206157 -0.6370601452973946
vn -0.7708143153432387 -0.000006128099028284042 -0.6370598804071562
vn -0.7708141257044706 -0.000003881750242112622 -0.6370601098792675
vn -0.7708399899622843 0.0000018295800164447359 -0.6370288140042006
vn -0.7706445861008695 0.00000285357002431314 -0.6372651896230302
vn -0.7708374279037966 0.000001814219903686799 -0.6370319142235874
vn -0.4181061748603462 -0.0000029327098209132023 -0.9083981651979759
vn -0.4181026862940239 0.000006960699543242572 -0.9083997708417091
vn -0.418107483303736 -0.000007033349506497295 -0.9083975629403395
vn -0.41810128136972613 0.00001741189773405677 -0.9084004173346791
vn -0.4181014515636148 0.000017391597453727164 -0.9084003390014397
vn -0.41810089375137116 0.000017432499600217735 -0.908400595739794
vn 0.017504807958178097 -0.000002330199829920889 -0.9998467791081378
vn 0.01750486940665705 -0.0000016931399297130764 -0.9998467780336092
vn 0.017504387947438624 -0.000009853388909281023 -0.9998467864155469
vn 0.017402228402305868 0.00002028189606478229 -0.9998485695520489
vn 0.017605120134981063 0.00002136079979965056 -0.9998450176346078
vn 0.017398529271975036 0.000020280499177666476 -0.9998486339280928
vn 0.4494539691051295 0.000010319798758931379 -0.8933034924084573
vn 0.44945735040531914 0.000020001098298405498 -0.8933017909791665
vn 0.4494530643555064 0.000007692720064280946 -0.8933039476473096
vn 0.44949202030466473 -0.000018848101345277835 -0.8932843462902393
vn 0.44949185353446447 -0.00001884029713616925 -0.8932844302075319
vn 0.44949230597987605 -0.00001883319966629172 -0.8932842025415004
vn 0.7926203396873357 -0.0000029876497704095386 -0.6097155050554369
vn 0.7926202887238071 -0.000002992339839710045 -0.6097155713071749
vn 0.7926201070278226 -0.0000030244700022819923 -0.6097158075087571
vn 0.7926366939819429 -0.000025995095759366407 -0.6096942435988968
vn 0.7926447549917742 9.724749555685763e-7 -0.6096837642442879
vn 0.7926368247268655 -0.000025160598355341223 -0.6096940736581393
vn 0.9765391446649359 -0.000014771197275954781 -0.21533996080357903
vn 0.9765412087642774 -0.00003385539778554206 -0.21533059800923698
vn 0.9765399074490922 -0.00002158059937020365 -0.21533650107122143
vn 0.9786535872027672 0.00460219232937105 -0.20546526733469875
vn 0.97865317819388 0.004607260159758829 -0.20546710190402218
vn 0.9786532484757374 0.004606186395100011 -0.20546679122130673
vn 0.9612783386821528 0.000002838410012131756 0.27557930904264866
vn 0.96127771706804 0.0000068768894842681 0.27558147728242854
vn 0.9612780837230854 0.000004444269974688889 0.27558019837049524
vn 0.9612723751619836 -0.000003843570149472313 0.2756001101880504
vn 0.9612722758915545 -0.0000032178394702722827 0.27560045644359255
vn 0.9612724112698892 -0.000004134139968133233 0.2755999842421656
vn 0.6946762809784586 -0.000021332900389376018 0.7193225036038045
vn 0.6946996893108783 -0.000021466499200821736 0.7192998965734378
vn 0.6946995372252638 -0.00002147069825434986 0.7193000434575363
vn 0.694699264808018 -0.000029383597346771327 0.7193003062781245
vn 0.6946992041847345 -0.000029382396770720507 0.7193003648280538
vn 0.6946992648080057 -0.00002938419761325444 0.7193003062781117
vn 0.2418987005943568 -0.000021785099306676793 0.9703015089013164
vn 0.24189860238982078 -0.000021783601009052707 0.9703015333839919
vn 0.24189900919792306 -0.000021808101857135982 0.9703014319650723
vn 0.24190018750655193 -0.000007829158572318075 0.9703011384219846
vn 0.24189999113664828 -0.00000783815975523983 0.9703011873777403
vn 0.24189969656227733 -0.000007834750171388152 0.9703012608162965
vn -0.27559229486323394 -0.0000309726999120924 0.9612746153169281
vn -0.2755922948632152 -0.000030974900889248995 0.9612746153168625
vn -0.27559200368483133 -0.000030961201030162125 0.9612746987965428
vn -0.2755928655769297 0.000014015599038244602 0.9612744520929803
vn -0.27559307413897643 0.000014012398523609279 0.9612743922992444
vn -0.27559307413897716 0.000014012198434773501 0.9612743922992469
vn -0.7193232061578602 -0.000022649797387707573 0.6946755534562616
vn -0.7192999263365605 -0.000022795999469774038 0.69469965845145
vn -0.7192999848865324 -0.000022794100411378216 0.6946995978282003
vn -0.7192996038589935 0.00001904070058330253 0.6946999924613118
vn -0.7192998966086971 0.000019046599426212226 0.6946996893449318
vn -0.7192994867592003 0.000019029199169279993 0.6947001137079514
vn -0.9678229712224181 -0.000012365198955907953 0.25163206516919145
vn -0.9678230731136268 -0.00001315959777904752 0.25163167323634
vn -0.9678230658567014 -0.00001308229972745266 0.25163170115187855
vn -0.9702877697895187 0.0053023692904446765 0.2418956979294793
vn -0.9702877627922658 0.005302369717867814 0.2418957259873659
vn -0.9702877697895187 0.0053023692904446765 0.2418956979294793
vn 0.39518334766202706 -0.8224031780481116 0.409247033546976
vn 0.39523583590227884 -0.8224031316595084 0.40919643578024995
vn 0.39520082210279817 -0.822403139836225 0.40923023568254435
vn -0.15684788063101002 -0.8223758410162518 0.546897356415601
vn -0.15679328101509243 -0.8223758317807185 0.5469130262953095
vn -0.15678308873272062 -0.8223758323674453 0.5469159473130947
vn 0.19396838640076935 -0.9794311571042421 0.055595625462147615
vn 0.19396847344303372 -0.9794310855591831 0.05559658218397142
vn 0.19396908315268827 -0.9794301256339526 0.055611363780844386
vn 0.000012218900320217418 -0.9999999985645469 -0.00005216900164456256
vn 0.000020101699162267072 -0.9999999985054657 -0.00005084279829720997
vn 0.000011205699577056294 -0.9999999985664889 -0.00005235890050014303
vn 0 -1 0
vn 0 -1 0
vn 0 -1 0
vn 0.000022761500069946204 -0.9999999997015203 0.000008881090249892974
vn 0.000020183599184335184 -0.9999999997092084 0.000013198699885633684
vn 0.000018787599395991837 -0.9999999997042375 0.000015445100866579505
vn 0 -0.9999999999998952 4.580570021061678e-7
vn 0 -0.9999999999998952 4.580570021061678e-7
vn 0 -0.9999999999998952 4.580570021061678e-7
vn -0.000025039500517490208 -0.9999999990078048 -0.00003684309918735994
vn -0.00003145639854235023 -0.9999999989958588 -0.00003191829815910762
vn -0.00002817809942765003 -0.9999999990100576 -0.00003443660167478572
vn -0.000020355000723302742 -0.9999999990465054 -0.00003863500020042548
vn 0.0003174469695689548 -0.9999999239023022 -0.00022676598372323178
vn -0.000025179200723237298 -0.9999999990357633 -0.00003597890096157748
vn 0.000016670699532211343 -0.9999999988448371 0.00004508229898669042
vn 0.000016465799471063104 -0.9999999988434702 0.000045187800371912436
vn 0.00001794849956894822 -0.9999999988442163 0.00004460290069193319
vn 0.00002802910055752306 -0.9999999993218116 0.000023890299400759956
vn 0.000018406699371498512 -0.9999999994040929 0.000029206299569399412
vn 0.000008642669848952112 -0.9999999993635391 0.000034615401069255565
vn -0.000024633500268457386 -0.9999999991874458 0.00003191080029090743
vn -0.0000274628000396569 -0.9999999991684223 0.00003014879982623285
vn -0.000021047899264393653 -0.9999999991988189 0.00003404920059438681
vn -0.000012181700171820922 -0.9999999988799397 0.000045735399856926936
vn -0.000014442999583893617 -0.9999999988951658 0.00004473330040642301
vn -0.0000257306000714262 -0.9999999988755148 0.00003983599886009632
vn -0.0000069495299607213785 -0.9999999999202789 0.000010542599738142503
vn -0.0000072643201744700565 -0.9999999999646445 -0.000004235650066980583
vn -0.000007286670097227231 -0.9999999999586879 -0.0000054340298445396636
vn -0.000015415300365822398 -0.9999999998750009 -0.0000035166699485823084
vn -0.00001560149939690725 -0.9999999998624096 -0.00000563682988208461
vn -0.00001561079988967211 -0.9999999998589384 -0.0000061988798725347445
vn -0.43579659286241723 -0.8248770912572425 -0.36008209337385694
vn -0.4357873717023181 -0.8248771276889596 -0.3600931697219452
vn -0.4357680438515343 -0.8248770943128807 -0.36011663559983753
vn 0.009916006553871995 -0.8248968692506633 -0.5651962737974108
vn 0.009917734891486563 -0.8248967336496219 -0.565196441380169
vn 0.00989037595660127 -0.8248968372709627 -0.5651967695624242
vn 0.2540836906757572 -0.8249077720584502 -0.5049442006104733
vn 0.2540574642855526 -0.8249081881650975 -0.5049567168965784
vn 0.25406387800818214 -0.8249080295575781 -0.5049537490333914
vn -0.1941271121739412 -0.9798077322025922 -0.04786932457241716
vn -0.19413439728794463 -0.9798058170118421 -0.04787898014163681
vn -0.19413100045934498 -0.9798067142920794 -0.04787439074090863
vn -0.515022510353117 -0.00004063549521413828 0.8571766516759132
vn -0.5150276450686876 -0.00003599379507849156 0.8571735667409774
vn -0.5150134588212583 -0.00004939549422595189 0.8571820896361808
vn -0.5150045920733576 -0.000003091990139217736 0.8571874183244841
vn -0.5149995712555259 -0.000008428529372633409 0.8571904348133992
vn -0.5150020685117157 -0.000005885960452320791 0.857188934479447
vn 0.48480948739725777 -2.1234200147024158e-7 0.8746197807788041
vn 0.4848068037663261 -0.0000026915199553391025 0.8746212683296896
vn 0.4848091608024357 -4.693869760618962e-7 0.8746199618130253
vn 0.48481644168750104 -0.00003672759776871244 0.8746159251468918
vn 0.4848116795664752 -0.00003666639790677928 0.8746185648678562
vn 0.48481637082048473 -0.00003662709775130424 0.8746159644340538
vn 0.999846669001906 -0.000055596190847791076 0.01751100781955108
vn 0.9998467870043826 -0.00005561109921740495 0.017504268748461324
vn 0.999851254464165 -0.00005555149408752136 0.017247198626647663
vn 0.9998468947510277 -0.00002171469937429542 0.017498188054752634
vn 0.9998468884209732 -0.00002207700009387047 0.01749854929713475
vn 0.9998471441879737 -0.000010348899799504454 0.01748393983212471
vn 0.5150101822877432 -0.00001884999998671107 -0.8571840594555074
vn 0.515013985099097 -0.000016763800635887024 -0.8571817746961973
vn 0.5150174461860412 -0.00001502709790863168 -0.857179695220433
vn 0.5149879524226384 -6.537879445058235e-7 -0.8571974153362287
vn 0.51498598087932 0.000004183969868182357 -0.8571985997890215
vn 0.5149889600871939 -0.000003019349613230795 -0.8571968099445975
vn -0.4848146672600709 -0.000014275298592776172 -0.8746169093984649
vn -0.4848170723588869 -0.000013578699915218186 -0.8746155762190477
vn -0.4848194749794984 -0.000012498599143419471 -0.8746142444097217
vn -0.4848000590095637 -0.000030875194346388624 -0.8746250064062003
vn -0.48479142576730555 -0.000028486096075900763 -0.8746297917925306
vn -0.48480929979629583 -0.000033244500889548814 -0.8746198841358619
vn -0.9998464353458631 -0.00002306509797050252 -0.01752441708508024
vn -0.9998466638155468 -0.00003315740192982415 -0.017511360812558822
vn -0.999846560634097 -0.0000286995995913002 -0.017517259046439877
vn -0.9998469247413357 -0.00005561860176012786 -0.017496399397151634
vn -0.9998466795027233 -0.00005559619143168605 -0.017510408231731528
vn -0.9998469747730852 -0.00005561429749877311 -0.01749354006938823
vn -0.0000033080600570630214 -0.9999999994837117 -0.00003196300165823752
vn 0.000011902099679479784 -0.9999999994297195 -0.00003160539925391501
vn 0.0000012665999513908678 -0.9999999994936066 -0.000031799099799440886
vn 0 -1 0
vn 0 -1 0
vn 0 -1 0
vn 0 -1 0
vn 0 -1 0
vn 0 -1 0
vn -0.000011744899887039302 -0.999999999447464 0.00003109870156650406
vn -0.000001452860032456163 -0.9999999995095692 0.00003128499882507645
vn 0.0000033080600571177126 -0.9999999995002444 0.00003144150103500879
vn -0.46833579246154405 0 -0.8835505562781438
vn -0.46833579246154405 0 -0.8835505562781438
vn -0.46833579246154405 0 -0.8835505562781438
vn -0.4683395625001648 0 -0.8835485579169683
vn -0.4683395625001648 0 -0.8835485579169683
vn -0.4683395625001648 0 -0.8835485579169683
vn -0.03840147698998737 0 -0.999262391249159
vn -0.03840147698998737 0 -0.999262391249159
vn -0.03840147698998737 0 -0.999262391249159
vn -0.03840147698998737 0 -0.999262391249159
vn -0.03840147698998737 0 -0.999262391249159
vn -0.03840147698998737 0 -0.999262391249159
vn 0.3985478652872069 0 -0.9171475339742297
vn 0.3985478652872069 0 -0.9171475339742297
vn 0.3985478652872069 0 -0.9171475339742297
vn 0.39885363131840207 0 -0.9170146022742082
vn 0.3988536313183983 1.392389924124132e-7 -0.9170146022741994
vn 0.39885363131840207 0 -0.9170146022742082
vn 0.7571179807032458 0 -0.6532781668599063
vn 0.7571179807032458 0 -0.6532781668599063
vn 0.7571179807032458 0 -0.6532781668599063
vn 0.9266486260145351 0.00002918770071068372 -0.3759286143052324
vn 0.9266498221889787 0.00003212689671927233 -0.37592566553109463
vn 0.9266521541571406 0.000037942100726983304 -0.3759199166795077
vn 0.965246723618694 -0.02727263755531554 -0.25991338131029884
vn 0.9652476919222565 -0.027272695710658358 -0.2599097791685232
vn 0.9652475865831057 -0.027272696102553753 -0.25991017033349767
vn 0.9827872629460507 0 0.18474088824894866
vn 0.982787262939883 -0.000003542749750932926 0.1847408882477893
vn 0.9827872629457982 7.166279458020964e-7 0.1847408882489012
vn -0.14377410857843417 0.9798178773642354 0.13887380206475414
vn -0.1437787848383837 0.9798178589322629 0.13886909068541428
vn -0.14377699485323298 0.9798179655625556 0.13887019158850455
vn -0.5605990911064515 0.82485008598412 -0.07315049352267071
vn -0.5606116127016791 0.8248499735720803 -0.07305573764024938
vn -0.5606057663613717 0.8248499660901739 -0.07310067142932616
vn -0.06524282180092916 0.7233706969160194 -0.6873705034744253
vn -0.06526267017918268 0.7233688495137915 -0.687370563403887
vn -0.06529067620262098 0.7233661594381231 -0.6873707347427184
vn 0.7774664981975911 0.1939619984067685 -0.5982679895786067
vn 0.777517057882924 0.19396331346916224 -0.5982018536657548
vn 0.7775176207204384 0.1939643035306122 -0.5982008010903304
vn 0.3593567356949203 0.8662420024120365 -0.3471131368413999
vn 0.3593959757192461 0.8662420983989527 -0.3470722685525164
vn 0.3593722835138877 0.866242099943081 -0.34709679648221314
vn 0.684647562177753 0.7233856938173363 0.08927963700906869
vn 0.6846463732220067 0.7233823592718658 0.08931576528375006
vn 0.6846469152224001 0.7233861202376215 0.08928114316031895
vn -0.5172153245352977 0.000020965897947251162 -0.8558553076462619
vn -0.5172147032278468 0.000022523099153954146 -0.8558556830784267
vn -0.5172162605751301 0.000018751897928791594 -0.8558547420240457
vn -0.4848710837486824 -0.017770640342779004 -0.8744050757436085
vn -0.4848710837486824 -0.017770640342779004 -0.8744050757436085
vn -0.4848710837486824 -0.017770640342779004 -0.8744050757436085
vn -0.057300191162613076 -0.0000031557894883755514 -0.9983569943075319
vn -0.05730067355716494 -0.0000018551898463040809 -0.9983569666238893
vn -0.05730174632795509 6.854529782237508e-7 -0.9983569050531462
vn 0.017420581001851818 -0.029674757938419526 -0.9994077906934956
vn 0.017418380485988136 -0.02967344911466359 -0.999407867909236
vn 0.01741384938785295 -0.029670706660800662 -0.9994080282926218
vn 0.41577451263660586 0.000011503699759363008 -0.9094677314283657
vn 0.41577516762482164 0.000014118898928301131 -0.9094674319552121
vn 0.4157719151917029 -5.103650149377133e-7 -0.9094689189508144
vn 0.5146930238965287 -0.03560631736893411 -0.8566348588025531
vn 0.5146933065176287 -0.03560715076842541 -0.8566346543539461
vn 0.5146932001862433 -0.03560673815211272 -0.8566347353920518
vn 0.7925402293454551 0.0000024847696942616683 -0.6098196330579061
vn 0.79254269360554 0.00001795779820928831 -0.6098164301574636
vn 0.792542613813884 0.000018754997120113383 -0.6098165338339938
vn 0.8739889341598928 -0.03566186906724479 -0.4846355063970087
vn 0.8739889341598928 -0.03566186906724479 -0.4846355063970087
vn 0.8739889341598928 -0.03566186906724479 -0.4846355063970087
vn 0.9234224909127464 0.00002308929772607569 -0.38378496940784845
vn 0.9234247382132583 0.00000493041952944314 -0.38377956281108366
vn 0.9234238460283345 0.000012069899892464096 -0.3837817093616581
vn 0.9994070794079726 -0.02969103943798479 0.017433640076542977
vn 0.9994070733397782 -0.029691208758418932 0.017433699575335488
vn 0.999407231710433 -0.02968685887465011 0.01743202842602335
vn 0.9957494799655143 0.0000016223599563580647 0.09210305720102704
vn 0.9957494145468938 -5.154869316629648e-7 0.09210376446841342
vn 0.9957492666086076 -0.0000053588290333518744 0.09210536368585216
vn 0.86216289824863 -0.01700865869972155 0.5063455760770098
vn 0.8621637042850766 -0.017005560560068193 0.50634430768349
vn 0.8621621299700853 -0.017011998552385214 0.5063467720354299
vn 0.8372966862423366 0.004739283705908809 0.5467282674213552
vn 0.8372966862423366 0.004739283705908809 0.5467282674213552
vn 0.8372966862423366 0.004739283705908809 0.5467282674213552
vn 0.5172164444139848 -0.0000012940698762542617 0.8558546311296567
vn 0.517184012628251 -0.00000223842968740041 0.8558742297071049
vn 0.5171841963804911 -0.0000022280098553800776 0.855874118670089
vn 0.517203216361199 3.45054988526787e-7 0.855862625066378
vn 0.5172032163612299 0 0.8558626250664289
vn 0.5172032163611723 4.7174697632724717e-7 0.8558626250663337
vn 0.09467619525987647 0 0.9955081205349927
vn 0.09467619525987647 0 0.9955081205349927
vn 0.09467619525987647 0 0.9955081205349927
vn 0.09459023840629288 -0.000005034260040688006 0.995516291565787
vn 0.09458981191065305 -0.000004066169254244904 0.9955163320941418
vn 0.09459053937549894 -0.000005537180310786615 0.9955162629661013
vn -0.3466927702197738 -0.000021614297989565535 0.9379787431547483
vn -0.34669375178393746 -0.000021561996468377897 0.9379783803526912
vn -0.3466930711876247 -0.000021603198699727234 0.937978631912153
vn -0.34669070907939104 0.000016837400578933124 0.9379795050823505
vn -0.3466901789667775 0.000016802197984283606 0.937979701020054
vn -0.34669085956322715 0.000016865298490609107 0.9379794494608463
vn -0.719299985061333 0.000005791470007462684 0.6946995979970226
vn -0.7193001894768142 0.000005777929631708202 0.6946993863429238
vn -0.7193000723770039 0.000005769540014996829 0.6946995075895401
vn -0.7193001309014492 0.000010204598482686065 0.6946994469416427
vn -0.7192997508358249 0.000010248699499615677 0.6946998404652791
vn -0.7193002480012095 0.00001021469839111172 0.6946993256949788
vn -0.9494901950556226 -0.000004350500173791341 0.3137967008658775
vn -0.9494902955890724 -0.000004335310162668981 0.3137963966704862
vn -0.9494901181503405 -0.0000043524204925599144 0.3137969335667715
vn -0.9494903043869076 -0.00001381359827975913 0.31379636977575454
vn -0.9494900678016771 -0.000013836400248038593 0.3137970856373918
vn -0.9494902629996826 -0.000013817599412045523 0.3137964950057081
vn -0.9916053915646627 0.0000013416299551914088 -0.12930099542575807
vn -0.9916053915646629 0.0000013415700422285021 -0.1293009954257581
vn -0.9916053408935144 0.0000013239898627997067 -0.12930138402083766
vn -0.9916053408934076 0.0000014030398453162395 -0.12930138402082372
vn -0.991605340894207 -5.967949615683044e-7 -0.12930138402092797
vn -0.991605340894268 4.828909252053109e-7 -0.12930138402093594
vn -0.8427424513880502 4.808859491363743e-7 -0.5383169704070536
vn -0.8427424513878904 7.813799320180762e-7 -0.5383169704069516
vn -0.8427424513881475 0 -0.5383169704071158
vn -0.8372969700252584 0.004605828358830663 -0.5467289733786299
vn -0.8372989414197289 0.004615007498684746 -0.5467258768370016
vn -0.8372969695655281 0.004605947565592288 -0.5467289730784403
vn 0.4140865840757191 -0.5989973003985806 0.6853718224465569
vn 0.4141561851664138 -0.5989971564067523 0.6853298920264806
vn 0.41412797936248275 -0.5989971213829974 0.6853469670787414
vn -0.4066950116473255 -0.8248494931848188 0.39271170226252367
vn -0.4066723304155421 -0.8248496090185097 0.3927349464669572
vn -0.40670459619976534 -0.8248497672853429 0.3927012004556411
vn -0.5605562824607685 -0.8248826117105008 -0.0731117712234247
vn -0.5605564716007232 -0.8248819712545896 -0.07311754677018356
vn -0.56055646957978 -0.8248864982336771 -0.0730664727767461
vn -0.06928579536996388 -0.9798280039913422 0.1874474890583867
vn -0.06928687574319957 -0.9798280045434987 0.18744708683266376
vn -0.06929152484158552 -0.9798280036395178 0.18744537302618317
vn 0.018896097343984057 -0.9798150672424208 0.19901098339010673
vn 0.018893707437164627 -0.9798170868983941 0.19900126643120528
vn 0.018893949275185354 -0.9798168922235968 0.1990022019829912
vn -0.000039532798762785244 -0.9999999981183567 -0.00004690889900571229
vn -0.00005006790151067808 -0.9999999979897292 -0.000038906899057113564
vn -0.000045359098208703035 -0.9999999981132526 -0.00004142519893690714
vn 0.000018909600822304734 -0.9999999990730108 -0.000038683399871454195
vn 0.000024160399311710304 -0.9999999990565183 -0.00003610039854043003
vn 0.000008761880044790584 -0.9999999990061799 -0.00004371349855521978
vn 0.00003166500026163801 -0.9999999994600499 -0.000008787959809326595
vn 0.00003296140128467796 -0.9999999994562634 -0.0000010095500323554424
vn 0.00003161279890353498 -0.9999999994528295 -0.000009745360324938695
vn -0.000001946460088197056 -0.9999999999881137 0.000004470350177090564
vn -0.0000033369299216720387 -0.9999999999869347 -0.0000038724401746952665
vn -0.0000016167799685361307 -0.9999999999779436 0.000006441960067462582
vn -0.000035859600730329925 -0.9999999992493287 -0.000014677600109176202
vn -0.000028848600755745754 -0.9999999992436786 -0.00002608450083999609
vn -0.000029295699255979986 -0.999999999248042 -0.000025410199649733102
vn 0.000007029620063055715 -0.9999999997641678 0.00002054869946248047
vn 0.000015675999743823152 -0.9999999997300497 0.00001715120014970061
vn -0.000007547439960836068 -0.999999999624088 0.00002636019961674248
vn -0.000014441099658178138 -0.999999999498612 0.000028182099399112956
vn -0.000007264320171071932 -0.9999999994968616 0.00003087889852660518
vn -0.0000078007597000561 -0.9999999994984397 0.00003069639931988769
vn -0.000034883600130107004 -0.9999999990025019 0.000027894999192909254
vn -0.000036686698839800496 -0.9999999989854822 0.00002613660032770467
vn -0.00003024189933693557 -0.9999999990073165 0.00003272300088090917
vn -0.0000012889499883814745 -0.9999999998921627 -0.000014629200448567135
vn 0.0000037960699043039443 -0.9999999999120026 -0.000012711599991935235
vn 0.0000032931600341534126 -0.9999999999113158 -0.000012904400135759444
vn 0.00003942850158817254 -0.9999999991229995 -0.0000141207001310102
vn 0.00003863870002828133 -0.9999999991348254 -0.000015407800661108038
vn 0.00003769620158398941 -0.99999999914553 -0.000016968699113984176
vn 0.000014786600328138163 -0.9999999997579245 0.0000162943997526445
vn 0.000013090700118952664 -0.999999999758022 0.00001768020046738097
vn 0.000016430900355358577 -0.999999999753435 0.000014938400450728462
vn -0.00002355129977818463 -0.9999999982758141 -0.000053793199092998176
vn -0.000029042399497239798 -0.999999998300507 -0.000050552200178151487
vn -0.00002256779949404501 -0.9999999982678751 -0.00005435939956121091
vn 0.26728979240568806 -0.9636048850324171 0.00466823493262455
vn 0.26729136743677995 -0.9636044516058311 0.004667519598433181
vn 0.2672818037366936 -0.9636070844685197 0.00467163283432287
vn -0.12519778280668847 -0.963901457816094 -0.23498828651721768
vn -0.1251954009199109 -0.9639014755165594 -0.23498948292530566
vn -0.1252005815224036 -0.9639014370092968 -0.23498688073563698
vn -0.9702997877601197 -0.00004184250096882877 0.2419056016752647
vn -0.9703012599989457 -0.000041786599016156436 0.24189969635850872
vn -0.9703004871714705 -0.00004163830053690416 0.2419027963068196
vn -0.9703045543483149 -0.000033661697865599816 0.24188648304071916
vn -0.9703061209826944 -0.00003051620003933633 0.24188019896692273
vn -0.9703029561987359 -0.000036746300519433344 0.24189289332616443
vn -0.27560188874133545 -0.00002634529981393719 0.9612718648894982
vn -0.2756137767629905 -0.000020287895813754868 0.9612684565962007
vn -0.2756086886699024 -0.000023011099990133385 0.9612699153724442
vn -0.2756198682252064 -0.00003617999804453979 0.9612667095715568
vn -0.2756161691959096 -0.00003790159465395489 0.9612677701042727
vn -0.27561077411812646 -0.000041261297060453144 0.961269316834524
vn 0.6946998404908015 -0.0000056177397235856155 0.719299750862251
vn 0.694696839099561 -0.0000070743294139355894 0.719302649581546
vn 0.6947028727073823 -0.000004160569514495214 0.7192968223444342
vn 0.6946979609749113 -0.000024199499803417213 0.719301565709185
vn 0.6946842856412275 -0.000015644000505268006 0.7193147732657814
vn 0.6946957477078576 -0.00002309679908468903 0.7193037033014347
vn 0.9703094077580093 -0.00003074849792462866 -0.24186701360630203
vn 0.9703086419397283 -0.00003343079448358687 -0.2418700854993481
vn 0.9703081908468225 -0.00003471879994761226 -0.24187189495716785
vn 0.9703062961852522 -0.000013031100278779774 -0.24187949771207962
vn 0.9703027852015798 -0.000025149599151592143 -0.2418935807282914
vn 0.9703051282223063 -0.00001697989835636934 -0.2418841827345823
vn 0.2755899180628345 -0.00003100559898505279 -0.9612752967286599
vn 0.27559255850228226 -0.00003104469499591201 -0.9612745397306603
vn 0.27559247588616803 -0.000031011695655151714 -0.9612745634173446
vn 0.2755960765062154 -0.000032231196443251535 -0.9612735310906725
vn 0.27561241522327284 -0.00002378319743651832 -0.9612688468941214
vn 0.27560138897675784 -0.000029668199414245175 -0.961272008077776
vn -0.6946759471539721 -0.000006749300850517695 -0.7193228262749477
vn -0.6946755834147462 -0.0000033602098930556113 -0.7193231775746497
vn -0.6946762811105458 -0.000008649190035527116 -0.7193225037405779
vn -0.6947213668010267 -0.00005301829710679186 -0.7192789581929765
vn -0.6947132720170155 -0.000057831393807285144 -0.7192867761463033
vn -0.6947186993951754 -0.00005444759003804319 -0.7192815344120382
vn 0.0000061350901874459705 -0.9999999997852356 0.000019796199917732706
vn 0.000005875710029262349 -0.9999999997854647 0.000019863200573413075
vn 0.000005907379999012883 -0.9999999997853872 0.000019857699949456393
vn 0 -0.9999999999998817 4.864680249738164e-7
vn 0 -0.9999999999998817 4.864680249738164e-7
vn 0 -0.9999999999998817 4.864680249738164e-7
vn 0.00001027439975175992 -0.9999999995997884 -0.000026360199616101933
vn 0.0000113733003626586 -0.9999999995947348 -0.000026099400191351624
vn 0.0000058785099076061065 -0.9999999995991846 -0.000027696099994313313
vn 0.000008098780194353891 -0.9999999993816837 -0.000034220498470618014
vn 0.000013280699923483334 -0.9999999993750128 -0.00003276580171357998
vn 0.000007916240060346878 -0.9999999993816147 -0.000034265198316190745
vn 0.3665402906902512 -0.000007271769544348353 0.9304021793008804
vn 0.36654029069595034 0.000004667099900176898 0.9304021793153467
vn 0.36654029069994226 0 0.9304021793254795
vn -0.113220891757546 0 -0.993569841364776
vn -0.11322089175510137 -0.000006571409294652378 -0.9935698413433232
vn -0.11322089175699496 -0.000003119969703208777 -0.9935698413599402
vn 0.28055455912354393 -0.00000805927891965985 -0.9598380797249304
vn 0.28055455913265526 0 -0.9598380797561021
vn 0.2805545591200759 -0.000009469688723735615 -0.9598380797130653
vn 0.39850190449702017 -0.037381880142770926 -0.9164053836317415
vn 0.39850156348594906 -0.037381875180598156 -0.9164055321238718
vn 0.39850085298040167 -0.037381875626193786 -0.9164058410707345
vn 0.8039433973054373 0 -0.5947058213343736
vn 0.8039433973054373 0 -0.5947058213343736
vn 0.8039433973054373 0 -0.5947058213343736
vn 0.8039429647648582 0 -0.5947064060568796
vn 0.8039429647648582 0 -0.5947064060568796
vn 0.8039429647648582 0 -0.5947064060568796
vn 0.993580024806149 0 -0.11313149122243701
vn 0.993580024806149 0 -0.11313149122243701
vn 0.993580024806149 0 -0.11313149122243701
vn 0.9935800474181953 0 -0.11313129263142385
vn 0.9935800474181953 0 -0.11313129263142385
vn 0.9935800474181953 0 -0.11313129263142385
vn 0.9171704699846599 0 0.3984950802558521
vn 0.9171704699846599 0 0.3984950802558521
vn 0.9171704699846599 0 0.3984950802558521
vn 0.9171704699846599 0 0.3984950802558521
vn 0.9171704699846599 0 0.3984950802558521
vn 0.9171704699846599 0 0.3984950802558521
vn 0.5947725906136139 -0.0000017953500848618073 0.8038940013780095
vn 0.5947725906145724 0 0.803894001379305
vn 0.5947725235940028 0.000002790239732802802 0.8038940509605951
vn -0.9766102818071373 0.19401466426933683 0.0926858539208678
vn -0.9766008615308105 0.19401469352679368 0.09278499853415265
vn -0.9765946457318616 0.19401470200750362 0.09285038143594013
vn -0.4398070672372891 0.7234030528067357 0.5322196602888978
vn -0.4398035729467031 0.7234035174412349 0.5322219162877107
vn -0.43979488184118376 0.723403178190891 0.5322295592031855
vn -0.4996202293828708 0.8662011033873234 -0.00867610984205324
vn -0.49961925346852076 0.8662011164982344 -0.008730827038149057
vn -0.49962041442197413 0.8662011141800132 -0.008664368766302475
vn -0.4209938892693681 0.7233365687056809 -0.5473101073166314
vn -0.42099944376142384 0.7233367072615168 -0.5473056516067034
vn -0.4210419698099751 0.7233371212880975 -0.5472723897888362
vn 0.19985867503431365 0.9798184371794014 0.0035128587850817737
vn 0.19985919024869506 0.9798184196136508 0.003488360495077581
vn 0.19985918110995818 0.9798184344152366 0.0034847246851758534
vn 0.041121896877934765 0.9798236613576887 0.1955877865327325
vn 0.041120760995239265 0.979824086473927 0.19558589565893197
vn 0.04112416455493465 0.9798229216846011 0.19559101521059374
vn 0.23949868179668649 -9.648788642924517e-7 -0.9708966893633526
vn 0.23949887844677947 -9.89529873648897e-7 -0.9708966408540899
vn 0.23949887844677895 -9.917418784039041e-7 -0.9708966408540877
vn 0.23949799408130962 3.4877996992687694e-7 -0.9708968590076432
vn 0.23949799408132216 -1.2912599596852696e-7 -0.9708968590076942
vn 0.23949799408129702 4.7632696937549923e-7 -0.9708968590075922
vn 0.6371780071099077 0 -0.770716671193407
vn 0.6371780071099077 0 -0.770716671193407
vn 0.6371780071099077 0 -0.770716671193407
vn 0.6370511035716266 -0.00001323969987056592 -0.7708215690176833
vn 0.6370519506297767 -0.000010668499450171318 -0.7708208689993932
vn 0.6370509742014666 -0.000013476200109682377 -0.7708216759324782
vn 0.908401019577658 0.000016581398216330614 -0.41809997291955014
vn 0.9084011753440354 0.00001661669710338235 -0.41809963448615983
vn 0.9084011309678955 0.00001660640190192933 -0.4180997309021803
vn 0.9083964585528664 8.242200020886236e-7 -0.41810988279151096
vn 0.9083964585519975 0.0000016101699460615044 -0.41810988279111105
vn 0.9083964368137062 9.650828053928747e-7 -0.41810993002227437
vn 0.9998458396224955 0 0.01755838801220083
vn 0.9998458396224955 0 0.01755838801220083
vn 0.9998458396224955 0 0.01755838801220083
vn 0.9998467750665884 -0.000001900829751227347 0.017505038855423514
vn 0.9998467677001149 -9.357029389935202e-7 0.017505459684261804
vn 0.999846779108138 -0.000002330169816595051 0.0175048079581781
vn 0.8932845740436991 -0.000012627699315944512 0.4494915679032349
vn 0.8932844902029463 -0.000012626897708512887 0.4494917345218079
vn 0.8932841187874391 -0.000012660598838917313 0.449492472642043
vn 0.8932935482554991 2.682210117844279e-7 0.4494737329867321
vn 0.8932935482550178 0.0000010721500849220844 0.44947373298649
vn 0.8932935721872196 8.058269827716126e-7 0.4494736854236822
vn 0.6097508742168603 0 0.7925931310526068
vn 0.6097508742168603 0 0.7925931310526068
vn 0.6097508742168603 0 0.7925931310526068
vn 0.6096738607037069 0 0.7926523724651539
vn 0.6096738607037069 0 0.7926523724651539
vn 0.6096738607037069 0 0.7926523724651539
vn 0.21527647950475728 4.808859439151245e-7 0.9765531410895194
vn 0.21527647950473472 6.637999370164442e-7 0.9765531410894172
vn 0.21527647950478213 0 0.9765531410896322
vn 0.20544639716088067 0.004611014497649288 0.9786575072204352
vn 0.20545129689670572 0.004623174249333354 0.9786564212548353
vn 0.20544768389867119 0.004614054583243306 0.9786572227705543
vn -0.23946210492663936 0.000022351699721284745 0.9709057110783232
vn -0.2394616839086151 0.000021379396806545728 0.9709058149391072
vn -0.23946176800004002 0.000021348798622191012 0.9709057941996864
vn -0.27574527768460716 -0.017752398130453532 0.9610668000692026
vn -0.27574527768460716 -0.017752398130453532 0.9610668000692026
vn -0.27574527768460716 -0.017752398130453532 0.9610668000692026
vn -0.6653893186403024 -8.656639033986469e-7 0.7464965201785235
vn -0.6653906118875208 0.0000032829098076670423 0.746495367434503
vn -0.6653906118869657 0.0000035278496915900756 0.7464953674338802
vn -0.7189798099686899 -0.029692700940547573 0.6943964115462016
vn -0.7189791795717919 -0.029694849613361073 0.6943969723787058
vn -0.7189791782992326 -0.029694909165447234 0.6943969711496559
vn -0.937119444488129 -0.000005065459954245693 0.34900880610179724
vn -0.9371199777034294 0.0000033853598935824147 0.34900737438865576
vn -0.937119977703689 0.000003302469909209324 0.3490073743887525
vn -0.9696679338933686 -0.03560495086174963 0.2418189104538723
vn -0.9696679473793346 -0.035605370126124934 0.2418187946445223
vn -0.9696679269695477 -0.03560525235603487 0.24181889382602612
vn -0.995517113534774 0.00000647827923676461 0.09458158709507813
vn -0.995517276673559 -5.774200094847939e-7 0.0945798701845519
vn -0.9955172661509377 -2.8312200933071675e-7 0.09457998094355265
vn -0.9607006641389519 -0.035503855854442455 -0.27530657482603604
vn -0.9607006641389519 -0.035503855854442455 -0.27530657482603604
vn -0.9607006641389519 -0.035503855854442455 -0.27530657482603604
vn -0.924370002794509 0.0000034887296348348965 -0.38149717944109124
vn -0.9243695847482114 0 -0.38149819238420946
vn -0.9243693188346129 -0.0000017639200366071257 -0.381498836687771
vn -0.6943821934101866 -0.029695449512683936 -0.7189934281710076
vn -0.6943818589039188 -0.029692589478430623 -0.7189938693446584
vn -0.6944449518052306 -0.030402947103832498 -0.7189032408604321
vn -0.6390044760638797 0.000004325059811144983 -0.7692030158232745
vn -0.6390043469357289 0.000004654049442065153 -0.7692031230927124
vn -0.6390054857568335 0.000002679410059875394 -0.7692021770415721
vn -0.2516273854991479 -0.01701140030426499 -0.9676746721530699
vn -0.2516278936711175 -0.017010329386902685 -0.9676745588372083
vn -0.25162628362982153 -0.017013957771269 -0.9676749137120392
vn -0.20538288081527045 0.004460214577858359 -0.978671537725472
vn -0.20538288081527045 0.004460214577858359 -0.978671537725472
vn -0.20538278085205114 0.004460274742521493 -0.9786715584294353
vn -0.2569088030195126 -0.963621135180186 -0.07370328869956148
vn -0.25690969239211314 -0.9636211175623494 -0.07370041887858353
vn -0.2569088622170414 -0.9636211336531647 -0.07370310231825232
vn -0.1923101853415445 -0.9636029656274777 0.18570438133719624
vn -0.19231247572478852 -0.9636032416260913 0.18570057729660203
vn -0.19228687406408806 -0.9636016249531446 0.18573547439926738
vn -0.0720477714738375 -0.9546182943842754 -0.28898621187266144
vn -0.07204745919750793 -0.9546180645524136 -0.28898704893712324
vn -0.07204777196195977 -0.9546184200610888 -0.2889857965980129
vn 0.000014368400113536834 -0.9999999998336362 -0.00001123729998466341
vn 0.000015243899722253267 -0.999999999837049 -0.000009670849975252448
vn 0.00001335140040958631 -0.9999999998251634 -0.000013092500009846086
vn 0.00000554323013475703 -0.9999999981301706 -0.0000609009983916564
vn -0.000010486700353819432 -0.999999997920874 -0.0000636261027962512
vn 0.000009149310227531152 -0.9999999981411491 -0.00006028260020392984
vn 0.000022620000884503998 -0.9999999997111308 -0.000008128579790916994
vn 0.000019326800605771414 -0.9999999997060669 0.000014640399963599042
vn 0.00001910329955867859 -0.9999999996979303 0.000015466199324567445
vn -0.000004420060121745193 -0.9999999998616933 -0.000016033600329648626
vn 0.000008895989594327531 -0.9999999999527076 -0.000003930179900449399
vn 0.00001526440064300681 -0.9999999998818736 0.0000018030400494952289
vn -0.00000958378041041825 -0.9999999999342075 -0.000006303660029101589
vn -0.00000893510968976607 -0.9999999999340206 -0.000007219609869458738
vn -0.000010723199920166026 -0.9999999999312332 -0.000004748349965339892
vn -0.00003820659908869761 -0.9999999989478094 -0.00002538969963154774
vn -0.00003988530075824609 -0.999999999111479 -0.000013645700152364024
vn -0.00004008410174814845 -0.9999999991161359 -0.00001268829963707437
vn -0.000016018699165148813 -0.9999999996551829 -0.00002080950070386324
vn -0.000004422619894201362 -0.9999999997754057 -0.000020727500664071582
vn 0.000006191430200884903 -0.9999999997703206 -0.000020518900778204857
vn 0.000018686099765232263 -0.9999999985230528 0.00005103649884142285
vn -0.000014469000209552089 -0.9999999982837147 0.00005677339858526857
vn 0.00003077830110060289 -0.9999999983246328 0.00004902479841775141
vn 0.000040290898991136425 -0.9999999985170038 0.00003664199897707713
vn 0.00004979220095009614 -0.9999999984874068 0.000023365000707727944
vn 0.00004726650142695799 -0.9999999985228267 0.000026837000365423746
vn -0.000021112200539077776 -0.999999999166624 0.00003494320114257909
vn -0.00002588330060496716 -0.9999999993106912 0.000026620900807596568
vn -0.00002187489915799506 -0.9999999991951922 0.0000336318989595741
vn -0.00004574660118030123 -0.999999998587892 0.000027045600252684572
vn -0.00004167110085554569 -0.9999999985354817 0.000034533400998400266
vn -0.00004374979828887849 -0.999999998575495 0.00003057720091611205
vn -0.000007763500429962382 -0.9999999994127986 0.00003337860105461879
vn -0.000006891789776618643 -0.9999999994166968 0.00003345309958471707
vn 2.0861600079691268e-7 -0.9999999994172564 0.000034138600292977806
vn 0.16159351459235732 -0.9642581516205483 0.209985125842316
vn 0.1616048245137099 -0.964258151261373 0.20997642348580922
vn 0.16158752500750334 -0.9642581556906353 0.20998971628640228
vn 0.26500064151050134 -0.9642373329426942 0.004585385325417601
vn 0.26500091171622914 -0.9642372209554297 0.004593311846258448
vn 0.2649985831060242 -0.9642380407601832 0.004555403688274743
vn 0.26504117069454514 -0.9642262392957398 0.004575728407548453
vn 0.2650343760387416 -0.9642281476399486 0.004567145343475096
vn 0.2650380806351552 -0.9642271078935608 0.004571675453564733
vn 0.059587529293329236 -0.956951176897894 0.28406649113623417
vn 0.05957453634362435 -0.9569512503574261 0.28406896884172483
vn 0.0596091703391417 -0.9569511903029886 0.28406190555787736
vn -0.8571908349285875 0.000005766749298138832 -0.5149989053203664
vn -0.8571885343911454 0.0000019664899165927414 -0.5150027344631221
vn -0.8571899663022419 0.000004348809463751729 -0.5150003511181811
vn -0.8571774354974382 -0.00005528330433609583 -0.5150212044351101
vn -0.8571760720111697 -0.000054168395269005454 -0.5150234738701597
vn -0.8571825576978794 -0.0000597387949196009 -0.5150126786883968
vn -0.8746362848548087 -0.00002653149544714801 0.4847797113240795
vn -0.8746299978414497 -0.00003724549705948585 0.4847910534329594
vn -0.8746314082269061 -0.00003474110066810221 0.4847885090800681
vn -0.8745656953651352 0.00024118299948989736 0.4849069872885502
vn -0.8745656953651352 0.00024118299948989736 0.4849069872885502
vn -0.8745656953651352 0.00024118299948989736 0.4849069872885502
vn -0.017510950113309606 -0.00003208219922218253 0.9998466710435464
vn -0.01752494881814768 -0.000027902399625125497 0.999846425902687
vn -0.01751719945932289 -0.000030179300182382115 0.99984656163449
vn -0.017501710280077507 -0.000024080298726214544 0.9998468330486481
vn -0.0174931807108619 -0.0000241040994906759 0.999846982316599
vn -0.017504510021209063 -0.000024147301457823993 0.9998467840353467
vn 0.857207232792307 -0.000024117498303936718 0.5149716103504168
vn 0.8572049743996275 -0.000027885696931760327 0.5149753693983063
vn 0.8572043005597301 -0.000029343599946357042 0.5149764909594002
vn 0.8571774354974382 -0.00005528330433609583 0.5150212044351101
vn 0.8571760720111697 -0.000054168395269005454 0.5150234738701597
vn 0.8571825576978794 -0.0000597387949196009 0.5150126786883968
vn 0.8746365697837689 -0.000023215999495693886 -0.48477919742693126
vn 0.8746302575351365 -0.000033929899806434264 -0.4847905851527883
vn 0.8746317577312559 -0.00003171339613772973 -0.48478787872861884
vn 0.874623440631557 -0.000014575199581799358 -0.4848028845679255
vn 0.8746248762735388 -0.000012244900453510088 -0.4848002946096047
vn 0.8746246054096923 -0.000012559799805200047 -0.4848007832648288
vn 0.017522508459319866 -0.00002487319787381492 -0.9998464687533866
vn 0.0175123756450755 -0.000029120594522812222 -0.9998466461669292
vn 0.01750319993523723 -0.000033058200333642905 -0.9998468067155
vn 0.017513869024872425 -0.00003521139963128445 -0.9998466198132276
vn 0.017504268761952834 -0.00003938380066289259 -0.9998467877750198
vn 0.017523938528633987 -0.00003081579734018492 -0.9998464435246202
vn -5.140900042696915e-7 -0.9999999998548235 0.00001703199995725417
vn -0.000004704919773941195 -0.9999999998456583 0.00001692769910471485
vn -0.0000021122400536657817 -0.9999999998534852 0.00001698730011163519
vn 0.000006590620155177516 -0.9999999992924196 -0.000037036799741313764
vn -0.000008236619572374978 -0.9999999992705235 -0.00003729759916503535
vn 0.000004835429987253361 -0.9999999993006496 -0.000037085301275040805
vn 0.0000034868698989996487 -0.9999999996067248 -0.00002782790032867244
vn -0.000008564439663873306 -0.9999999995555426 -0.000028558100881167826
vn -9.085050006479938e-7 -0.9999999996046813 -0.00002810359909543382
vn -0.006990253404273513 -0.9659200234170467 0.2587462941171451
vn -0.007014333925707043 -0.9659198783598248 0.25874618395044935
vn -0.006993353096857068 -0.9659199984914741 0.2587463034068188
vn -0.6241187826462147 -0.7045320616924676 0.33780218944756396
vn -0.6241187826462147 -0.7045320616924676 0.33780218944756396
vn -0.6241187826462147 -0.7045320616924676 0.33780218944756396
vn -0.624095748736655 -0.7045563581348803 0.3377940713223789
vn -0.6240934667939282 -0.7045556833301985 0.33779969477821187
vn -0.6240907929545741 -0.7045549775232016 0.337806106807754
vn -0.45323327119213647 -0.7905042160226831 0.4119255834915313
vn -0.45322288590452664 -0.790504183841652 0.41193707167626453
vn -0.4532337897015189 -0.7905041771208363 0.41192508764010555
vn -0.5691017378519208 -0.7070139485042289 0.41982673639774687
vn -0.5691030778535592 -0.7070122556237197 0.4198277708483154
vn -0.5690976527571057 -0.7070188704056483 0.41982398516125025
vn 0.6868087823870791 -0.7045539796573088 -0.1785983935678774
vn 0.6868075672975238 -0.7045538964618262 -0.17860339437792286
vn 0.6868065498283186 -0.7045539517679401 -0.1786070887761754
vn 0.6868314124716571 -0.7045330382382125 -0.17859397770647842
vn 0.6868320614711857 -0.7045323757641432 -0.17859409518618952
vn 0.6868338000508468 -0.7045306575332695 -0.1785941872051061
vn 0.7096413766855085 -0.7045043505225915 -0.009095965624249202
vn 0.7096414068633062 -0.7045043208772894 -0.009095907337735945
vn 0.7096414662566727 -0.7045042610628942 -0.009095906403705264
vn 0.7096914690316896 -0.7044538300508563 -0.009100555495242885
vn 0.7096914690316896 -0.7044538300508563 -0.009100555495242885
vn 0.7096914690316896 -0.7044538300508563 -0.009100555495242885
vn 0.6912047530054295 -0.7044591575779268 0.16116229313118244
vn 0.6912047530054295 -0.7044591575779268 0.16116229313118244
vn 0.6912047530054295 -0.7044591575779268 0.16116229313118244
vn 0.6910272248267652 -0.7046512969166963 0.1610835941424125
vn 0.6910272248267652 -0.7046512969166963 0.1610835941424125
vn 0.6910272248267652 -0.7046512969166963 0.1610835941424125
vn 0.6325029755372852 -0.7045785216051474 0.32172829037743195
vn 0.6325029755372852 -0.7045785216051474 0.32172829037743195
vn 0.6325029755372852 -0.7045785216051474 0.32172829037743195
vn 0.6325555483238009 -0.7045120640850363 0.32177046142151905
vn 0.6325555483238009 -0.7045120640850363 0.32177046142151905
vn 0.632555566521487 -0.7045120843528048 0.3217703812714083
vn 0.5370733198713131 -0.7046569660341941 0.46369258059827834
vn 0.5370733198713131 -0.7046569660341941 0.46369258059827834
vn 0.5370733198713131 -0.7046569660341941 0.46369258059827834
vn 0.5369290584784353 -0.704886598904109 0.4635105919467847
vn 0.5369290584784353 -0.704886598904109 0.4635105919467847
vn 0.5369290584784353 -0.704886598904109 0.4635105919467847
vn 0.4104002824003399 -0.7048027704056404 0.578640357246412
vn 0.4104002824003399 -0.7048027704056404 0.578640357246412
vn 0.4104002824003399 -0.7048027704056404 0.578640357246412
vn 0.4104526071259953 -0.7046784807191467 0.5787546078562384
vn 0.4104526071259953 -0.7046784807191467 0.5787546078562384
vn 0.4104526071259953 -0.7046784807191467 0.5787546078562384
vn 0.2600556843882631 -0.704698604299942 0.6601294707215135
vn 0.2600556843882631 -0.704698604299942 0.6601294707215135
vn 0.2600556843882631 -0.704698604299942 0.6601294707215135
vn 0.26006978161487676 -0.7046187956563297 0.6602091043742231
vn 0.26006978161487676 -0.7046187956563297 0.6602091043742231
vn 0.26006978161487676 -0.7046187956563297 0.6602091043742231
vn 0.09446631935838343 -0.7045931680953943 0.7032955153988794
vn 0.09446631935838343 -0.7045931680953943 0.7032955153988794
vn 0.09446631935838343 -0.7045931680953943 0.7032955153988794
vn 0.09446702729968837 -0.7046050304350727 0.7032835358792001
vn 0.09446702729968837 -0.7046050304350727 0.7032835358792001
vn 0.09446702729968837 -0.7046050304350727 0.7032835358792001
vn -0.07654046716597628 -0.7044953431682538 0.7055691804070371
vn -0.07654046716597628 -0.7044953431682538 0.7055691804070371
vn -0.07654046716597628 -0.7044953431682538 0.7055691804070371
vn -0.07653664598507924 -0.7045090015306511 0.7055559570889044
vn -0.07653664598507924 -0.7045090015306511 0.7055559570889044
vn -0.07653664598507924 -0.7045090015306511 0.7055559570889044
vn -0.24321999382289816 -0.7044303627617898 0.6667997440192092
vn -0.24321999382289816 -0.7044303627617898 0.6667997440192092
vn -0.24321999382289816 -0.7044303627617898 0.6667997440192092
vn -0.2430185631234616 -0.7048179378523237 0.6664635417327839
vn -0.2430185631234616 -0.7048179378523237 0.6664635417327839
vn -0.2430185631234616 -0.7048179378523237 0.6664635417327839
vn -0.3954063742749321 -0.7048465767850329 0.5889355672543243
vn -0.3954063742749321 -0.7048465767850329 0.5889355672543243
vn -0.3954063742749321 -0.7048465767850329 0.5889355672543243
vn -0.39572907984608646 -0.7044204804355347 0.5892285482791376
vn -0.39572907984608646 -0.7044204804355347 0.5892285482791376
vn -0.39572907984608646 -0.7044204804355347 0.5892285482791376
vn -0.8794468692003412 0 0.47599706328266134
vn -0.8794468692003412 0 0.47599706328266134
vn -0.8794468692003412 0 0.47599706328266134
vn -0.8794466405215501 0 0.4759974857868049
vn -0.8794466405215501 0 0.4759974857868049
vn -0.8794466405215501 0 0.4759974857868049
vn -0.740062261500328 0 0.6725383625511785
vn -0.740062261500328 0 0.6725383625511785
vn -0.740062261500328 0 0.6725383625511785
vn -0.7400620889152553 0 0.6725385524640121
vn -0.7400620889152553 0 0.6725385524640121
vn -0.7400620889152553 0 0.6725385524640121
vn -0.5574132732600535 0 0.8302351731849914
vn -0.5574132732600535 0 0.8302351731849914
vn -0.5574132732600535 0 0.8302351731849914
vn -0.5574129850832118 0 0.830235366664552
vn -0.5574129850832118 0 0.830235366664552
vn -0.5574129850832118 0 0.830235366664552
vn -0.342672908096741 0 0.9394547770151167
vn -0.342672908096741 0 0.9394547770151167
vn -0.342672908096741 0 0.9394547770151167
vn -0.34267275739450814 0 0.9394548319848297
vn -0.34267275739450814 0 0.9394548319848297
vn -0.34267275739450814 0 0.9394548319848297
vn -0.10784829880765132 0 0.9941673623914112
vn -0.10784829880765132 0 0.9941673623914112
vn -0.10784829880765132 0 0.9941673623914112
vn -0.10784739401846778 0 0.9941674605434565
vn -0.10784739401846778 0 0.9941674605434565
vn -0.10784739401846778 0 0.9941674605434565
vn 0.13312448912865227 0 0.99109932418211
vn 0.13312448912865227 0 0.99109932418211
vn 0.13312448912865227 0 0.99109932418211
vn 0.13312448912865227 0 0.99109932418211
vn 0.13312448912865227 0 0.99109932418211
vn 0.13312448912865227 0 0.99109932418211
vn 0.36653000802085384 0 0.9304062302135735
vn 0.36653000802085384 0 0.9304062302135735
vn 0.36653000802085384 0 0.9304062302135735
vn 0.3665288392651744 0 0.9304066906395955
vn 0.3665288392651744 0 0.9304066906395955
vn 0.3665288392651744 0 0.9304066906395955
vn 0.5785151718877316 0 0.8156716225882253
vn 0.5785151718877316 0 0.8156716225882253
vn 0.5785151718877316 0 0.8156716225882253
vn 0.5785151718877316 0 0.8156716225882253
vn 0.5785151718877316 0 0.8156716225882253
vn 0.5785151718877316 0 0.8156716225882253
vn 0.7569227584338994 0 0.6535043517566019
vn 0.7569227584338994 0 0.6535043517566019
vn 0.7569227584338994 0 0.6535043517566019
vn 0.7569229527338647 0 0.6535041267082004
vn 0.7569229527338647 0 0.6535041267082004
vn 0.7569229527338647 0 0.6535041267082004
vn 0.8913190189597138 0 0.453376671698813
vn 0.8913190189597138 0 0.453376671698813
vn 0.8913190189597138 0 0.453376671698813
vn 0.8913190189597138 0 0.453376671698813
vn 0.8913190189597138 0 0.453376671698813
vn 0.8913190189597138 0 0.453376671698813
vn 0.9739543467418228 0 0.2267441960948704
vn 0.9739543467418228 0 0.2267441960948704
vn 0.9739543467418228 0 0.2267441960948704
vn 0.9739543467418228 0 0.2267441960948704
vn 0.9739543467418076 -1.764420054185635e-7 0.22674419609486687
vn 0.9739543467418228 0 0.2267441960948704
vn 0.9999164560552832 0 -0.0129259781000545
vn 0.9999164560552832 0 -0.0129259781000545
vn 0.9999164560552832 0 -0.0129259781000545
vn 0.9999164560552832 0 -0.0129259781000545
vn 0.9999164560552832 0 -0.0129259781000545
vn 0.9999164560552832 0 -0.0129259781000545
vn 0.967830082794627 0 -0.25160471147763774
vn 0.967830082794627 0 -0.25160471147763774
vn 0.967830082794627 0 -0.25160471147763774
vn 0.9678300900518086 0 -0.25160468356194843
vn 0.9678300900518086 0 -0.25160468356194843
vn 0.9678300900518086 0 -0.25160468356194843
vn 0 -0.9999999999998439 -5.588440217251483e-7
vn 0 -0.9999999999998439 -5.588440217251483e-7
vn 0 -0.9999999999998439 -5.588440217251483e-7
vn 0 -0.9999999999995057 9.94256993180406e-7
vn 0 -0.9999999999995057 9.94256993180406e-7
vn 0 -0.9999999999995057 9.94256993180406e-7
vn 0 -0.9999999999998441 5.584020073000868e-7
vn 0 -0.9999999999998441 5.584020073000868e-7
vn 0 -0.9999999999998441 5.584020073000868e-7
vn 0 -1 0
vn 0 -1 0
vn 0 -1 0
vn 0 -0.9999999999998441 -5.585570193033203e-7
vn 0 -0.9999999999998441 -5.585570193033203e-7
vn 0 -0.9999999999998441 -5.585570193033203e-7
vn 0 -1 0
vn 0 -1 0
vn 0 -1 0
vn 0 -1 0
vn 0 -1 0
vn 0 -1 0
vn 0 -1 0
vn 0 -1 0
vn 0 -1 0
vn 0 -0.9999999999993765 0.0000011166799822596972
vn 0 -0.9999999999993765 0.0000011166799822596972
vn 0 -0.9999999999993765 0.0000011166799822596972
vn 0 -1 0
vn 0 -1 0
vn 0 -1 0
vn 0 -1 0
vn 0 -1 0
vn 0 -1 0
vn 0 -0.9999999999980138 -0.0000019930600956246485
vn 0 -0.9999999999980138 -0.0000019930600956246485
vn 0 -0.9999999999980138 -0.0000019930600956246485
vn 0 -1 0
vn 0 -1 0
vn 0 -1 0
vn 0 -1 0
vn 0 -1 0
vn 0 -1 0
vn 0 -0.9999999999998441 5.584349764830261e-7
vn 0 -0.9999999999998441 5.584349764830261e-7
vn 0 -0.9999999999998441 5.584349764830261e-7
vn 0 -1 0
vn 0 -1 0
vn 0 -1 0
vn 0 -1 0
vn 0 -1 0
vn 0 -1 0
vn 0 -1 0
vn 0 -1 0
vn 0 -1 0
vn 0 -1 0
vn 0 -1 0
vn 0 -1 0
vn 0 -1 0
vn 0 -1 0
vn 0 -1 0
vn 0 -0.9999999999999611 -2.791450128824982e-7
vn 0 -0.9999999999999611 -2.791450128824982e-7
vn 0 -0.9999999999999611 -2.791450128824982e-7
vn 0 -1 0
vn 0 -1 0
vn 0 -1 0
vn 0 -0.9999999999999902 -1.396650048945944e-7
vn 0 -0.9999999999999902 -1.396650048945944e-7
vn 0 -0.9999999999999902 -1.396650048945944e-7
vn 0 -1 0
vn 0 -1 0
vn 0 -1 0
vn 0 -1 0
vn 0 -1 0
vn 0 -1 0
vn 0 -1 0
vn 0 -1 0
vn 0 -1 0
vn 0 -0.9999999999998439 5.588440217251483e-7
vn 0 -0.9999999999998439 5.588440217251483e-7
vn 0 -0.9999999999998439 5.588440217251483e-7
vn 0 -0.9999999999995057 -9.94256993180406e-7
vn 0 -0.9999999999995057 -9.94256993180406e-7
vn 0 -0.9999999999995057 -9.94256993180406e-7
vn 0 -0.9999999999998441 -5.584020073000868e-7
vn 0 -0.9999999999998441 -5.584020073000868e-7
vn 0 -0.9999999999998441 -5.584020073000868e-7
vn 0 -1 0
vn 0 -1 0
vn 0 -1 0
vn 0 -0.9999999999998441 5.585570193033203e-7
vn 0 -0.9999999999998441 5.585570193033203e-7
vn 0 -0.9999999999998441 5.585570193033203e-7
vn 0 -1 0
vn 0 -1 0
vn 0 -1 0
vn 0 -1 0
vn 0 -1 0
vn 0 -1 0
vn 0 -1 0
vn 0 -1 0
vn 0 -1 0
vn 0 -0.9999999999993765 -0.0000011166799822596972
vn 0 -0.9999999999993765 -0.0000011166799822596972
vn 0 -0.9999999999993765 -0.0000011166799822596972
vn 0 -1 0
vn 0 -1 0
vn 0 -1 0
vn 0 -1 0
vn 0 -1 0
vn 0 -1 0
vn 0 -0.9999999999980138 0.0000019930600956246485
vn 0 -0.9999999999980138 0.0000019930600956246485
vn 0 -0.9999999999980138 0.0000019930600956246485
vn 0 -1 0
vn 0 -1 0
vn 0 -1 0
vn 0 -1 0
vn 0 -1 0
vn 0 -1 0
vn 0 -0.9999999999998441 -5.584349764830261e-7
vn 0 -0.9999999999998441 -5.584349764830261e-7
vn 0 -0.9999999999998441 -5.584349764830261e-7
vn 0 -1 0
vn 0 -1 0
vn 0 -1 0
vn 0 -1 0
vn 0 -1 0
vn 0 -1 0
vn 0 -1 0
vn 0 -1 0
vn 0 -1 0
vn 0 -1 0
vn 0 -1 0
vn 0 -1 0
vn 0 -1 0
vn 0 -1 0
vn 0 -1 0
vn 0 -0.9999999999999611 2.791450128824982e-7
vn 0 -0.9999999999999611 2.791450128824982e-7
vn 0 -0.9999999999999611 2.791450128824982e-7
vn 0 -1 0
vn 0 -1 0
vn 0 -1 0
vn 0 -0.9999999999999902 1.396650048945944e-7
vn 0 -0.9999999999999902 1.396650048945944e-7
vn 0 -0.9999999999999902 1.396650048945944e-7
vn 0 -1 0
vn 0 -1 0
vn 0 -1 0
vn 0 -1 0
vn 0 -1 0
vn 0 -1 0
vn 0 -1 0
vn 0 -1 0
vn 0 -1 0
vn 0.8794468692003412 0 -0.47599706328266134
vn 0.8794468692003412 0 -0.47599706328266134
vn 0.8794468692003412 0 -0.47599706328266134
vn 0.8794466405215501 0 -0.4759974857868049
vn 0.8794466405215501 0 -0.4759974857868049
vn 0.8794466405215501 0 -0.4759974857868049
vn 0.740062261500328 0 -0.6725383625511785
vn 0.740062261500328 0 -0.6725383625511785
vn 0.740062261500328 0 -0.6725383625511785
vn 0.7400620889152553 0 -0.6725385524640121
vn 0.7400620889152553 0 -0.6725385524640121
vn 0.7400620889152553 0 -0.6725385524640121
vn 0.5574132732600535 0 -0.8302351731849914
vn 0.5574132732600535 0 -0.8302351731849914
vn 0.5574132732600535 0 -0.8302351731849914
vn 0.5574129850832118 0 -0.830235366664552
vn 0.5574129850832118 0 -0.830235366664552
vn 0.5574129850832118 0 -0.830235366664552
vn 0.342672908096741 0 -0.9394547770151167
vn 0.342672908096741 0 -0.9394547770151167
vn 0.342672908096741 0 -0.9394547770151167
vn 0.34267275739450814 0 -0.9394548319848297
vn 0.34267275739450814 0 -0.9394548319848297
vn 0.34267275739450814 0 -0.9394548319848297
vn 0.10784829880765132 0 -0.9941673623914112
vn 0.10784829880765132 0 -0.9941673623914112
vn 0.10784829880765132 0 -0.9941673623914112
vn 0.10784739401846778 0 -0.9941674605434565
vn 0.10784739401846778 0 -0.9941674605434565
vn 0.10784739401846778 0 -0.9941674605434565
vn -0.13312448912865227 0 -0.99109932418211
vn -0.13312448912865227 0 -0.99109932418211
vn -0.13312448912865227 0 -0.99109932418211
vn -0.13312448912865227 0 -0.99109932418211
vn -0.13312448912865227 0 -0.99109932418211
vn -0.13312448912865227 0 -0.99109932418211
vn -0.36653000802085384 0 -0.9304062302135735
vn -0.36653000802085384 0 -0.9304062302135735
vn -0.36653000802085384 0 -0.9304062302135735
vn -0.3665288392651744 0 -0.9304066906395955
vn -0.3665288392651744 0 -0.9304066906395955
vn -0.3665288392651744 0 -0.9304066906395955
vn -0.5785151718877316 0 -0.8156716225882253
vn -0.5785151718877316 0 -0.8156716225882253
vn -0.5785151718877316 0 -0.8156716225882253
vn -0.5785151718877316 0 -0.8156716225882253
vn -0.5785151718877316 0 -0.8156716225882253
vn -0.5785151718877316 0 -0.8156716225882253
vn -0.7569227584338994 0 -0.6535043517566019
vn -0.7569227584338994 0 -0.6535043517566019
vn -0.7569227584338994 0 -0.6535043517566019
vn -0.7569229527338647 0 -0.6535041267082004
vn -0.7569229527338647 0 -0.6535041267082004
vn -0.7569229527338647 0 -0.6535041267082004
vn -0.8913190189597138 0 -0.453376671698813
vn -0.8913190189597138 0 -0.453376671698813
vn -0.8913190189597138 0 -0.453376671698813
vn -0.8913190189597138 0 -0.453376671698813
vn -0.8913190189597138 0 -0.453376671698813
vn -0.8913190189597138 0 -0.453376671698813
vn -0.9739543467418228 0 -0.2267441960948704
vn -0.9739543467418228 0 -0.2267441960948704
vn -0.9739543467418228 0 -0.2267441960948704
vn -0.9739543467418228 0 -0.2267441960948704
vn -0.9739543467418076 -1.764420054185635e-7 -0.22674419609486687
vn -0.9739543467418228 0 -0.2267441960948704
vn -0.9999164560552832 0 0.0129259781000545
vn -0.9999164560552832 0 0.0129259781000545
vn -0.9999164560552832 0 0.0129259781000545
vn -0.9999164560552832 0 0.0129259781000545
vn -0.9999164560552832 0 0.0129259781000545
vn -0.9999164560552832 0 0.0129259781000545
vn -0.967830082794627 0 0.25160471147763774
vn -0.967830082794627 0 0.25160471147763774
vn -0.967830082794627 0 0.25160471147763774
vn -0.9678300900518086 0 0.25160468356194843
vn -0.9678300900518086 0 0.25160468356194843
vn -0.9678300900518086 0 0.25160468356194843
vn 0.5252160918468189 -0.7044994686845925 -0.47731389618183223
vn 0.5252160918468189 -0.7044994686845925 -0.47731389618183223
vn 0.5252161139013992 -0.7044994386628939 -0.4773139162249303
vn 0.6485671529250828 -0.7069562813339691 -0.28208768925477473
vn 0.6485635047957828 -0.7069500094978183 -0.28211179400734965
vn 0.6485661101971945 -0.7069541630712755 -0.28209539524755256
vn 0.5252190859624901 -0.7044981164002955 -0.4773125974968208
vn 0.5252182415308895 -0.7044979242177706 -0.47731381033451414
vn 0.5252181253209325 -0.7044979282409038 -0.47731393226956964
vn 0.6105027562636219 -0.7197869742330574 -0.3304437869274295
vn 0.6105027188744393 -0.7197870004252408 -0.330443798951882
vn 0.6105027008377588 -0.7197869791598677 -0.3304438785962212
vn -0.4104002824003399 -0.7048027704056404 -0.578640357246412
vn -0.4104002824003399 -0.7048027704056404 -0.578640357246412
vn -0.4104002824003399 -0.7048027704056404 -0.578640357246412
vn -0.4104526071259953 -0.7046784807191467 -0.5787546078562384
vn -0.4104526071259953 -0.7046784807191467 -0.5787546078562384
vn -0.4104526071259953 -0.7046784807191467 -0.5787546078562384
vn -0.2600556843882631 -0.704698604299942 -0.6601294707215135
vn -0.2600556843882631 -0.704698604299942 -0.6601294707215135
vn -0.2600556843882631 -0.704698604299942 -0.6601294707215135
vn -0.26006978161487676 -0.7046187956563297 -0.6602091043742231
vn -0.26006978161487676 -0.7046187956563297 -0.6602091043742231
vn -0.26006978161487676 -0.7046187956563297 -0.6602091043742231
vn -0.09446631935838343 -0.7045931680953943 -0.7032955153988794
vn -0.09446631935838343 -0.7045931680953943 -0.7032955153988794
vn -0.09446631935838343 -0.7045931680953943 -0.7032955153988794
vn -0.09446702729968837 -0.7046050304350727 -0.7032835358792001
vn -0.09446702729968837 -0.7046050304350727 -0.7032835358792001
vn -0.09446702729968837 -0.7046050304350727 -0.7032835358792001
vn 0.07654046716597628 -0.7044953431682538 -0.7055691804070371
vn 0.07654046716597628 -0.7044953431682538 -0.7055691804070371
vn 0.07654046716597628 -0.7044953431682538 -0.7055691804070371
vn 0.07653664598507924 -0.7045090015306511 -0.7055559570889044
vn 0.07653664598507924 -0.7045090015306511 -0.7055559570889044
vn 0.07653664598507924 -0.7045090015306511 -0.7055559570889044
vn 0.24321999382289816 -0.7044303627617898 -0.6667997440192092
vn 0.24321999382289816 -0.7044303627617898 -0.6667997440192092
vn 0.24321999382289816 -0.7044303627617898 -0.6667997440192092
vn 0.2430185631234616 -0.7048179378523237 -0.6664635417327839
vn 0.2430185631234616 -0.7048179378523237 -0.6664635417327839
vn 0.2430185631234616 -0.7048179378523237 -0.6664635417327839
vn 0.3954063742749321 -0.7048465767850329 -0.5889355672543243
vn 0.3954063742749321 -0.7048465767850329 -0.5889355672543243
vn 0.3954063742749321 -0.7048465767850329 -0.5889355672543243
vn 0.435076775922483 -0.7067015215814315 -0.5579257642799684
vn 0.4350754659127193 -0.7067035502386914 -0.557924216216557
vn 0.4350767160260686 -0.7067016999214418 -0.5579255850918794
vn -0.4997266941983789 -0.7428884674165552 -0.44540987425633205
vn -0.4997236041556608 -0.7428876622244566 -0.4454146840466288
vn -0.49972328745400474 -0.7428876191565565 -0.44541511119411414
vn -0.47661056101850796 -0.7768558098704504 -0.4115062864600607
vn -0.47660360037307303 -0.7768558908243794 -0.4115141953844167
vn -0.47660796814612516 -0.7768558693603602 -0.41150917722449515
vn -0.6868087823870791 -0.7045539796573088 0.1785983935678774
vn -0.6868075672975238 -0.7045538964618262 0.17860339437792286
vn -0.6868065498283186 -0.7045539517679401 0.1786070887761754
vn -0.6868314124716571 -0.7045330382382125 0.17859397770647842
vn -0.6868320614711857 -0.7045323757641432 0.17859409518618952
vn -0.6868338000508468 -0.7045306575332695 0.1785941872051061
vn -0.7096413766855085 -0.7045043505225915 0.009095965624249202
vn -0.7096414068633062 -0.7045043208772894 0.009095907337735945
vn -0.7096414662566727 -0.7045042610628942 0.009095906403705264
vn -0.7096914690316896 -0.7044538300508563 0.009100555495242885
vn -0.7096914690316896 -0.7044538300508563 0.009100555495242885
vn -0.7096914690316896 -0.7044538300508563 0.009100555495242885
vn -0.6912047530054295 -0.7044591575779268 -0.16116229313118244
vn -0.6912047530054295 -0.7044591575779268 -0.16116229313118244
vn -0.6912047530054295 -0.7044591575779268 -0.16116229313118244
vn -0.6910272248267652 -0.7046512969166963 -0.1610835941424125
vn -0.6910272248267652 -0.7046512969166963 -0.1610835941424125
vn -0.6910272248267652 -0.7046512969166963 -0.1610835941424125
vn -0.6325029755372852 -0.7045785216051474 -0.32172829037743195
vn -0.6325029755372852 -0.7045785216051474 -0.32172829037743195
vn -0.6325029755372852 -0.7045785216051474 -0.32172829037743195
vn -0.6325555483238009 -0.7045120640850363 -0.32177046142151905
vn -0.6325555483238009 -0.7045120640850363 -0.32177046142151905
vn -0.632555566521487 -0.7045120843528048 -0.3217703812714083
vn 0.42455020542239796 -0.6980912088579396 -0.5765637754759314
vn 0.4245593807047161 -0.6980682547674544 -0.5765848107100535
vn 0.42454678180911126 -0.6980994403069883 -0.5765563298573664
vn 0.6326192485409867 -0.6980628225576305 -0.3354119588480877
vn 0.6326200999310606 -0.6980626624196091 -0.3354106863218008
vn 0.6326207662899538 -0.6980629722583123 -0.3354087846503164
vn 0.6565870735170968 -0.6981048682342885 0.2855573634803366
vn 0.6565857599940085 -0.6981061771751657 0.2855571837005098
vn 0.6565909466376726 -0.6981009330716009 0.28555807822228585
vn 0.46773841524060705 -0.6981149248213543 0.542085165495128
vn 0.4677462789923661 -0.6980969777621221 0.5421014924607632
vn 0.46773677088553534 -0.6981170031818499 0.542083907739351
vn 0.1463292976714986 -0.7020916893490441 0.6968895151958963
vn 0.14632930406729172 -0.702091302803693 0.6968899032835784
vn 0.14632940110687007 -0.7020898970222195 0.6968912991787413
vn 0.1463023825617113 -0.7020626445502327 0.6969244263074014
vn 0.1462798888780337 -0.702071380755932 0.6969203472659476
vn 0.14628418116493566 -0.702069477018321 0.6969213641295018
vn -0.14879600617494715 -0.6897112091152662 -0.7086312133734604
vn -0.14879308830150947 -0.689718255229898 -0.7086249680023451
vn -0.14879470120544686 -0.6897143379109014 -0.7086284421142781
vn -0.17177298979824146 -0.7040721307077441 -0.6890402562524419
vn -0.17176519785801522 -0.704078692823133 -0.6890354933653746
vn -0.1717634089352275 -0.7040802989373373 -0.6890342981298244
vn -0.5033888844568057 -0.7031219044323708 -0.5022143153203905
vn -0.503388479479724 -0.7031253786199908 -0.5022098571987471
vn -0.5033890571334895 -0.7031222534878696 -0.5022136535463732
vn -0.6565975523284818 -0.6981240485898969 -0.2854863693010541
vn -0.6565874739096835 -0.6981260695828272 -0.28550460604644196
vn -0.6565815633395712 -0.6981243903280578 -0.2855223044030754
vn -0.7644403611658456 -0.6441031127693985 -0.027606418482000794
vn -0.7644389809143363 -0.64410423738398 -0.027618396815396577
vn -0.764444472197328 -0.6440995946722148 -0.027574645419974876
vn -0.42445227542403385 -0.6981100446378408 0.5766130691053681
vn -0.4244602771603915 -0.6981197843953277 0.5765953865135802
vn -0.4244576281878644 -0.6981164031668676 0.5766014303680561
vn -0.42453000736198976 -0.6980804930356295 0.5765916215939682
vn -0.4245239767324977 -0.6980731442992479 0.5766049586912924
vn -0.4245286615351056 -0.6980787567356435 0.5765947146216569
vn -0.5927971646434135 -0.000005735079000999255 0.8053517998724772
vn -0.5927978175392734 0.000005920419443193422 0.8053513192921603
vn -0.5927970588629999 -0.0000073816597663609105 0.8053518777210916
vn -0.622546672507361 -0.0023963449045117094 0.782579004370237
vn -0.6225448452972538 -0.0024340737935978924 0.7825803414848764
vn -0.6225468705592215 -0.002395390838556799 0.7825788497395331
vn -0.9993481752737841 -0.0000034631198509138695 -0.036100201730257006
vn -0.999348102087578 0.0000014174697726206035 -0.03610222779755859
vn -0.9993482097452512 -0.000005857089411834101 -0.0360992471480489
vn -0.9890054027010888 -0.004807949143320825 -0.1478012078877983
vn -0.9890055833301492 -0.004807889081837723 -0.14780000116497974
vn -0.9890053893507023 -0.004808008217402918 -0.14780129529962666
vn -0.7079680497703299 0.000003618189761127064 -0.7062444622730181
vn -0.7079680497702062 0.000003666149462678294 -0.7062444622728946
vn -0.7079678414430838 -0.000004260800011763695 -0.7062446711050402
vn -0.7825620988749903 -0.004801212943909627 -0.6225540215584807
vn -0.7825620984270858 -0.00480133215045443 -0.622554021202158
vn -0.7825620984270858 -0.00480133215045443 -0.622554021202158
vn 0.1477773909337983 -0.0024116029550597723 -0.9890177080821083
vn 0.1477885986691708 0 -0.9890189735810951
vn 0.14777749732856038 -0.0023993248979859885 -0.9890177220471539
vn -0.24186238475518232 0.000014468999222599087 -0.9703105619497215
vn -0.24186528829800563 -0.000026929197268473857 -0.9703098379339152
vn -0.24186398384540753 -0.000007126479518563525 -0.9703101634362291
vn 0.8834862118932545 -0.000010696198849380866 -0.46845716269483906
vn 0.8834861994064455 0.000021431600255508383 -0.46845718587619173
vn 0.8834861495256231 0 -0.46845728043909024
vn 0.8835132031143698 0.0000041418492884515185 -0.46840625519460305
vn 0.8835136276608391 0.000004125759452002118 -0.4684054544094915
vn 0.8835120288832243 0.0000041301996544355576 -0.4684084700361319
vn 0.9992567089924905 0 -0.03854905360053915
vn 0.9992567089924905 0 -0.03854905360053915
vn 0.9992567089924905 0 -0.03854905360053915
vn 0.9170605485826152 0.00000965098928372406 0.39874797822711444
vn 0.9170605486253234 0 0.3987479782456844
vn 0.9170605485219765 0.000015012898894293306 0.3987479782007481
vn 0.6532326340332787 -0.000015016598808082687 0.7571572661002774
vn 0.653232634076483 -0.00000965503932106495 0.7571572661503553
vn 0.6532326341069301 0 0.7571572661856463
vn 0.2055221900147895 -0.000001810519921955679 0.9786524558842361
vn 0.20552219001437677 0.0000027008399548489696 0.9786524558822708
vn 0.20552219001450878 -0.000002451469928119631 0.9786524558828994
vn -0.184666198033824 -0.000016718200329462395 0.9828012998690194
vn -0.18466551434447978 -0.000003954400163435738 0.9828014284667334
vn -0.18466630960041608 -0.000017391499928235792 0.9828012788942122
vn 0.5243093363825518 -0.8512879597777571 -0.02021210824016779
vn 0.5243093363825518 -0.8512879597777571 -0.02021210824016779
vn 0.5243093363825518 -0.8512879597777571 -0.02021210824016779
vn 0.46360229811280107 -0.8512912872137439 -0.24571539125275946
vn 0.4635962851273941 -0.8512950553138845 -0.24571368137368796
vn 0.4636059631370004 -0.8512890806274246 -0.24571612105909668
vn -0.09688608133683131 -0.8513236453242032 0.5156172399707978
vn -0.09688971941532017 -0.8513180617760999 0.5156257751173862
vn -0.09688960676711038 -0.8513181135651682 0.515625710779009
vn 0.3427143708607304 -0.8512930312851652 0.3972996789463194
vn 0.3427125771430131 -0.851295342009705 0.3972962750147217
vn 0.34271499969917035 -0.851292025432427 0.397301291737585
vn -0.522391366316823 -0.8491144572145085 -0.07817863484963906
vn -0.5223913229778521 -0.8491144836533436 -0.07817863728388336
vn -0.522391366316823 -0.8491144572145085 -0.07817863484963906
vn -0.32883799408925674 -0.8491039958114648 0.41338599146603616
vn -0.3288365660762506 -0.8491059692162248 0.4133830739792755
vn -0.3288336037991959 -0.849110170554676 0.4133768005984885
vn 0.07807587910753501 -0.849112459618222 -0.5224099807839419
vn 0.07807629563269795 -0.8491116174604155 -0.5224112873532046
vn 0.07807402272024927 -0.8491151288557498 -0.5224059196875181
vn -0.4134128742649369 -0.8491078723805787 -0.3287941855528018
vn -0.4134128742649369 -0.8491078723805787 -0.3287941855528018
vn -0.4134128621120478 -0.8491078474197843 -0.32879426529437117
vn 0.45613429654929244 -0.6981114256935314 -0.551889428081049
vn 0.4561365425608899 -0.6981048401571704 -0.5518959020410725
vn 0.45614046532064983 -0.6980973585235174 -0.5519021234961399
vn 0.4561564524617245 -0.6981021013278632 -0.5518829105880669
vn 0.4561595013712843 -0.698096095143591 -0.5518879879594878
vn 0.45615657905771134 -0.6981025298649812 -0.5518822638738076
vn 0.715899364488812 -0.6980906287144419 0.012552849301663773
vn 0.7158883348739168 -0.6981018913056558 0.012555530531092261
vn 0.7159065868740004 -0.6980832477068156 0.01255141990071117
vn 0.6395700557994585 -0.6981007439395325 0.3218780747981273
vn 0.6395673926162803 -0.698101599171661 0.3218815116405141
vn 0.6395571949553512 -0.6981021894696453 0.3219004930697226
vn 0.43656501160225164 -0.6981083152479923 0.5674995778204031
vn 0.43656789163286935 -0.6981122914975462 0.5674924708357603
vn 0.43656191498229174 -0.6981043858533955 0.5675067936503031
vn -0.1982995874738207 -0.6947782660246143 0.6913468266127665
vn -0.19832730746847443 -0.6947800079931592 0.6913371244229045
vn -0.1982863810081055 -0.6947785499030588 0.6913503292118343
vn -0.19831218236856296 -0.6947539592880545 0.6913676405341733
vn -0.19833227058333086 -0.694755812108129 0.6913600161907215
vn -0.1982538868088455 -0.6947509712904031 0.6913873619442482
vn -0.5173809516922327 -0.6948058589846425 0.49956157693186587
vn -0.5173791720651174 -0.6948064068578046 0.4995626580345657
vn -0.517388346425264 -0.6948024069606681 0.49955871953654574
vn -0.6979345924547964 -0.6947008615481589 0.1740057976597424
vn -0.6979392050506871 -0.6946880101528539 0.17403860089958043
vn -0.6979256861666258 -0.6947181218157603 0.17397260649201948
vn -0.6913964478393871 -0.6947201815162062 -0.19833008170513916
vn -0.6913923677461314 -0.6947310623457593 -0.19830618960166338
vn -0.6913945301450602 -0.6947255954302244 -0.19831780237692112
vn -0.49961257243651935 -0.6947496569932091 -0.5174071815999289
vn -0.49959639285483076 -0.6947578271119913 -0.5174118339515111
vn -0.49965245100668076 -0.6947313626254911 -0.5173932372843164
vn -0.1269568080078184 -0.7002198233618482 -0.7025483384590473
vn -0.12696540195090916 -0.7002074629910005 -0.7025591046162241
vn -0.12696360213844288 -0.7002099841886995 -0.7025569171067156
vn -0.27552827757654774 7.711348522318067e-7 0.9612929669227308
vn -0.2755300168859473 -0.000024929601421798778 0.9612924680727216
vn -0.2755292928377949 -0.000014549100217210028 0.9612926758155544
vn -0.27521860546825055 0 0.9613816719722253
vn -0.27521860546825055 0 0.9613816719722253
vn -0.27521860546825055 0 0.9613816719722253
vn -0.719344963095235 -0.000013317100444423608 0.6946530241006438
vn -0.7193449929431736 0 0.6946529933193879
vn -0.7193449629704778 0.000022895601095358062 0.6946530239801689
vn -0.9702937136756765 -0.000022944097815972904 0.24192996646763815
vn -0.9702937068487728 0.000013345799828187986 0.24192999456776212
vn -0.9702937069351825 0 0.24192999458930725
vn -0.9612563201480571 0.00000776763040877575 -0.2756561026262248
vn -0.9612563201770563 0 -0.2756561026345408
vn -0.9612563201744342 0.00000233575996067265 -0.27565610263378887
vn -0.6947244307362643 -0.0000023394797731929694 -0.7192760008040726
vn -0.6947244605015354 -0.000007773190414033435 -0.7192759720166022
vn -0.694724460522524 0 -0.7192759720383326
vn -0.17789038573070826 -6.221239191082756e-7 -0.9840503090107705
vn -0.1778903857250427 -0.00000800525847869327 -0.98405030897943
vn -0.17789038573074265 0 -0.9840503090109608
vn 0.23946799987225556 0.000001017000072644939 -0.9709042573993313
vn 0.2394680138985576 0.00001307760097677695 -0.9709042538522819
vn 0.23946795792095996 0 -0.970904267746911
vn 0.6370674512053203 0.000014870898994718484 -0.7708080580751691
vn 0.6370675513726283 0 -0.7708079754310302
vn 0.6370674511544309 0.000019516798120990295 -0.7708080580135963
vn 0.9083789734854623 -0.000019460898645986567 -0.4181478687626797
vn 0.9083789735576229 -0.000014827299552611391 -0.4181478687958969
vn 0.908378973657476 0 -0.4181478688418616
vn 0.9998461399502073 0 0.01754127779467959
vn 0.9998461399502073 0 0.01754127779467959
vn 0.9998461399502073 0 0.01754127779467959
vn 0.9998462788272447 -0.0000010896500262321937 0.01753336003520702
vn 0.999846291431196 0.000008155590063251253 0.01753263941254934
vn 0.9998463058080702 0.000020923098966275837 0.017531808924894327
vn 0.6098182159904864 0.000003497119881872061 0.7925413197013457
vn 0.6098181123086722 -9.899959152899118e-7 0.7925413994860507
vn 0.6098175074064344 -0.0000133374988405989 0.7925418648139129
vn 0.6097607107315677 0.000011137698659022875 0.7925855635349945
vn 0.6097594347029246 -0.000013356097617892382 0.7925865451875804
vn 0.6097610505574622 0.0000176997980101779 0.7925853019768768
vn 0.12567741025674822 -0.8512981172928195 -0.509408190005675
vn 0.12567910697476084 -0.8512958386715122 -0.5094115793055684
vn 0.12567970280026855 -0.8512948238959492 -0.509413128130794
vn 0.5247141690470918 -0.8512287093830583 0.009204625102243048
vn 0.5247141690470918 -0.8512287093830583 0.009204625102243048
vn 0.5247141690470918 -0.8512287093830583 0.009204625102243048
vn 0.47660347215391924 -0.8512975465666084 -0.2194119813057196
vn 0.47660329494027764 -0.8512976686342978 -0.21941189263547267
vn 0.4766020689370883 -0.8512984361570642 -0.21941157781991324
vn 0.31993848573739303 -0.8513190876247865 0.4158066574620532
vn 0.31993203775069856 -0.8513284171218377 0.41579251727455596
vn 0.319937208033632 -0.8513210646791947 0.4158035927563961
vn -0.512516553317549 -0.8491060057351005 0.12785059092582807
vn -0.5125026750755008 -0.8491143663569287 0.12785069763879656
vn -0.5125142925539119 -0.8491073836215395 0.12785050256978678
vn -0.14557488248372594 -0.84912854349761 0.5077289337899477
vn -0.1455801891029345 -0.8491223551473768 0.5077377615755265
vn -0.14557599886924547 -0.8491274636053966 0.5077304197153123
vn -0.3669297011997384 -0.849104384290112 -0.37997939280542603
vn -0.3669303745637296 -0.8491034716047852 -0.37998078205512287
vn -0.36693229729587856 -0.8491011136575771 -0.3799841943905446
vn 0.10675389434695293 -0.6979831532352083 0.7081123666774897
vn 0.10675389434695293 -0.6979831532352083 0.7081123666774897
vn 0.10675389434695293 -0.6979831532352083 0.7081123666774897
vn -0.213031380493259 -0.6979888648915631 0.6836879225293684
vn -0.21303139008242328 -0.6979885982868432 0.6836881917227462
vn -0.21303071915778696 -0.697993007810719 0.6836838989931397
vn -0.48994828157439174 -0.6979740388382659 0.5222862457408766
vn -0.48995217752398035 -0.6979692588496673 0.5222889788616606
vn -0.48996378703483046 -0.6979550538631131 0.5222970708145188
vn -0.6687122658822765 -0.6979922730980955 0.25618487885498875
vn -0.6687097768093255 -0.6979952682797507 0.2561832154117456
vn -0.6687027929123884 -0.6980037215414235 0.25617841334799113
vn -0.713488461801493 -0.6979826710429197 -0.06127320621553065
vn -0.7134947738141667 -0.6979761085845165 -0.06127446111624518
vn -0.7134940031770599 -0.6979768279716727 -0.06127524006461008
vn -0.6153796852506086 -0.6978995137362404 -0.36639338382069775
vn -0.6153796536576843 -0.6978994858995704 -0.36639348990568027
vn -0.6153796536576843 -0.6978994858995704 -0.36639348990568027
vn -0.6152896331297538 -0.6979585342408373 -0.3664321926952308
vn -0.6152784374896488 -0.6979651617380065 -0.36643836775143346
vn -0.6152850340783097 -0.6979610268664956 -0.3664351672734486
vn -0.11322889993013062 -0.6987169839653921 -0.7063807702216408
vn -0.11322569548625275 -0.6987182909830961 -0.7063799910298393
vn -0.11322310115445557 -0.6987196984279586 -0.7063790146895014
vn 0.4049012670550086 -0.6979975716875625 0.5906389369619265
vn 0.40492488582908615 -0.6979858046340577 0.59063665088246
vn 0.40489920573223115 -0.6979988744349331 0.5906388105136461
vn 0.6320484214458116 -0.7007127926947256 0.3309325839227923
vn 0.6320468869330863 -0.7007231807632882 0.3309135183989532
vn 0.6320472582683812 -0.7007236727972826 0.33091176723850313
vn 0.7418661635485566 -0.6687089730423129 0.049627661182464
vn 0.7418689153618093 -0.6687082071954306 0.04959683507408261
vn 0.7418711259431107 -0.6687088079375706 0.04955565233769271
vn 0.62515156192972 -0.7046372151481916 -0.3356663814638469
vn 0.625164236387924 -0.7046222975210009 -0.3356740910134863
vn 0.62516199165844 -0.704625292997801 -0.335671983718355
vn 0.5609725527169865 -0.6380007650867837 -0.527508122067202
vn 0.5609759009291535 -0.6379910613034059 -0.5275162976379764
vn 0.56098059841849 -0.6379772798052523 -0.5275279695431548
vn 0.20011809076310577 -0.6980149609225343 -0.6875520809928817
vn 0.20011909078799978 -0.6980146686444425 -0.6875520866518939
vn 0.20008658230751605 -0.698014867876494 -0.6875613454840651
vn -0.15833909761426346 0.000021075800695610178 -0.9873847931391851
vn -0.15833898140327127 0.000017980099359389986 -0.9873848118362419
vn -0.15834039882237314 -0.000001962300128924974 -0.9873845846968248
vn -0.11316928731592578 -0.002814709604691403 -0.9935717336046989
vn -0.11316948376994672 -0.0028193588351026495 -0.9935716980464988
vn -0.11316968165550911 -0.0028215634266857514 -0.9935716692487864
vn 0.7284858022483123 0.000020494698554160135 -0.685060899119633
vn 0.7284853703939544 0.0000013122299138829328 -0.6850613586535595
vn 0.7284856589069222 0.000015116299749219844 -0.685061051686961
vn 0.8038131827583236 -0.004788338811124029 -0.5948625379323894
vn 0.8038131827583236 -0.004788338811124029 -0.5948625379323894
vn 0.8038131827583236 -0.004788338811124029 -0.5948625379323894
vn 0.8810196970502966 0.000019770999318645756 -0.4730795842334681
vn 0.8810200371900431 -0.0000018570598869098008 -0.47307895119758436
vn 0.8810200753355951 -0.000009342099540335924 -0.47307888007010784
vn 0.9935616863113723 -0.004688024060997855 -0.1131953970994671
vn 0.9935616863113723 -0.004688024060997855 -0.1131953970994671
vn 0.9935616411353547 -0.004688024129077931 -0.1131957936240828
vn 0.5948361021200517 -0.00232040783627429 0.8038436585071111
vn 0.594829629330595 0 0.8038517973298479
vn 0.5948360153670322 -0.002327442009680628 0.8038437023675457
vn 0.8859347362058475 0.000021573200400032118 0.4638099208926779
vn 0.8859348476917908 0.000013932100328826098 0.46380970823304263
vn 0.8859349346501864 0.000001808629775011133 0.4638095423372605
vn 0.1490253811039762 0 0.9888333710928321
vn 0.1490253811039762 0 0.9888333710928321
vn 0.1490253811039762 0 0.9888333710928321
vn -0.2936092003708786 0.00019784500078556038 0.9559255192298869
vn -0.29360720845524907 0.00019786098205003144 0.9559261310342698
vn -0.29360896577645773 0.00019784296609427646 0.9559255912851373
vn -0.6841696605870788 -0.00019654998624861456 0.7293228619070325
vn -0.6841696581971973 -0.00021358399206923323 0.7293228593594258
vn -0.6841696604180453 -0.00019780299343164534 0.7293228617268434
vn -0.9304343252190931 0.000304385954635604 0.3664585567336112
vn -0.9304342951811219 0.00027291896073560216 0.36645865778563613
vn -0.9304343557988997 0.0003040499609135128 0.3664584793707299
vn -0.9963331189943927 -0.000395762005224817 -0.08555792989162804
vn -0.9963331129159413 -0.0003869179599978665 -0.08555804112836221
vn -0.9963331031721822 -0.0004114179676768497 -0.08555804029163709
vn -0.8592367937372543 -0.000412186004649229 -0.51157791429148
vn -0.8592367937326467 -0.00041219901405948885 -0.5115779142887368
vn -0.859236793731585 -0.0004122020117535755 -0.5115779142881046
vn -0.8666193970538467 0.0004899359129146129 -0.4989695187211623
vn -0.8666199914028822 0.000471224914111019 -0.4989685044649097
vn -0.8666188031456785 0.0005069529236160022 -0.49897053323125706
vn -0.4882019004003333 -0.8512868529035633 0.19227479949033885
vn -0.4882123381719737 -0.8512792432814729 0.19228198775438485
vn -0.4882068274481359 -0.8512832415105197 0.19227827843094542
vn -0.15399930036754783 -0.8512854662156787 0.501594727340968
vn -0.15400660051839113 -0.8512855179810087 0.5015923981407358
vn -0.15399859639020153 -0.8512855653987742 0.5015947751457717
vn -0.4546886574260244 -0.8512901461109067 -0.2618459698803676
vn -0.4546859559040733 -0.8512918346796927 -0.26184517125828727
vn -0.45467827335682554 -0.8512967343405323 -0.2618425821718095
vn 0.4245017541713848 -0.8491798188850382 -0.31415266337211084
vn 0.4245017541713848 -0.8491798188850382 -0.31415266337211084
vn 0.4245017541713848 -0.8491798188850382 -0.31415266337211084
vn -0.059747570287732366 -0.8491070416171573 -0.5248308867824678
vn -0.05974738636409905 -0.8491073199657367 -0.5248304573891106
vn -0.059747803215595516 -0.8491060032487722 -0.5248325402047843
vn 0.3142517810862354 -0.8491036311461989 0.4245807834305134
vn 0.3142567634304934 -0.8490953009684838 0.4245937546778461
vn 0.3142547800649117 -0.849098773297568 0.424588278678203
vn 0.524755435241791 -0.849153903718643 -0.059744296661589154
vn 0.524755435241791 -0.849153903718643 -0.059744296661589154
vn 0.524755435241791 -0.849153903718643 -0.059744296661589154
vn -0.7102652387397878 -0.7008606388146198 -0.06570887001216337
vn -0.7102632413424835 -0.700862635331563 -0.06570916521890727
vn -0.7102630314049798 -0.700862842249625 -0.06570922745844712
vn -0.7062023119183419 -0.6684787715285742 0.23326900063411185
vn -0.7062043493600938 -0.6684742518780634 0.23327578425749712
vn -0.7062048375087137 -0.668472653259766 0.23327888743548994
vn -0.4518588508441713 -0.7049055138656297 0.5467465550285775
vn -0.4518561947851945 -0.704905925400522 0.5467482195393762
vn -0.45187775319271856 -0.7049017111425099 0.5467358354798612
vn -0.24816127734043633 -0.698124086012393 0.6715941787702779
vn -0.2482315247013674 -0.6981237199392489 0.6715685979872938
vn -0.24815340480753414 -0.6981238762360343 0.6715973057655923
vn 0.042420198435497186 -0.6727232520518949 0.7386771642019373
vn 0.0424187094164559 -0.6727239852317725 0.7386765819933135
vn 0.042422529038803516 -0.6727222161204846 0.7386779737936524
vn -0.38622787849474693 -0.7001987741865223 -0.6004579106824545
vn -0.3862304576998138 -0.7001983919086116 -0.6004566974508543
vn -0.3862222890833339 -0.7001995789607997 -0.6004605674299927
vn -0.38622607976476253 -0.700210258682712 -0.6004456752654922
vn -0.38622189635007237 -0.7002110078640713 -0.6004474924968338
vn -0.3862331903974462 -0.7002092774563571 -0.6004422456818445
vn 0.2482157588306236 -0.6980983448132573 -0.6716008025882102
vn 0.2482141929372712 -0.6981131827934028 -0.6715859575918512
vn 0.2482153750153001 -0.6981029445375435 -0.6715961632067483
vn 0.24822058390970017 -0.6981088689915341 -0.6715880796730156
vn 0.2482228948064962 -0.6980915870660751 -0.6716051894986009
vn 0.24822160091057557 -0.6981009101328883 -0.6715959768439832
vn 0.679873224257845 -0.6980669459269867 -0.22466628127382945
vn 0.6798684446824574 -0.6980725372597391 -0.22466337184509264
vn 0.6798735950880832 -0.6980664826454879 -0.22466659856098245
vn 0.6798822466897788 -0.6980632731614592 -0.22465038904744572
vn 0.6798967575552141 -0.698046371506183 -0.22465899112423354
vn 0.6798908921246815 -0.6980532028111591 -0.22465551595940694
vn 0.5994880421164677 -0.6980899830574584 0.39151559728087676
vn 0.599487761625292 -0.6980901724834533 0.3915156890132493
vn 0.599482823030652 -0.6980955469051577 0.39151366806586557
vn 0.5994851818733081 -0.6980803876174568 0.39153708526548014
vn 0.599473470389987 -0.6980906058780957 0.3915367981216308
vn 0.5994768700729083 -0.6980875686243283 0.39153700818666304
vn 0.8373017373417796 0.000018963597681426843 0.5467410724326642
vn 0.8373015475395506 0.000012875499050628766 0.546741363280752
vn 0.8373017373936775 0.00001535099738855578 0.5467410724665526
vn 0.8373343206906889 0.000001962300269510422 0.5466911700307698
vn 0.8373344654415023 0.000006605869747299235 0.5466909482881128
vn 0.8373339231044938 -0.000009848739929072131 0.5466917789042011
vn 0.94951029402045 0.000013457598721173913 -0.31373587835644773
vn 0.9495107582777885 -0.00000763311895323784 -0.31373447349068045
vn 0.9495106222785623 -0.000002021899920404501 -0.3137348851755082
vn 0.9495569589864299 0 -0.31359461353863133
vn 0.9495569589864299 0 -0.31359461353863133
vn 0.9495569589864299 0 -0.31359461353863133
vn 0.7192636718983587 0.000008573780167177478 -0.6947371950700355
vn 0.7192636719247951 0 -0.6947371950955704
vn 0.719263671922932 -0.000002276150095757203 -0.6947371950937709
vn 0.3467338702611099 0.000002289189765658532 -0.9379635511087365
vn 0.34673379842559304 -0.000008615320188522558 -0.9379635776271574
vn 0.34673379843846097 0 -0.937963577661967
vn -0.09463530035381719 -0.000014180600376277449 -0.9955120088305582
vn -0.09463534466645833 0 -0.9955120047191097
vn -0.09463518220453664 -0.00001902320058226849 -0.9955120199812919
vn -0.5410084791389737 0.000004537870210476229 -0.8410171374467602
vn -0.5410096055943849 0.0000058460295875949495 -0.8410164128127539
vn -0.5410075755570493 0.0000035129498700333067 -0.8410177187060585
vn 0.4848121481341993 0.00001929069761493706 0.8746183056907579
vn 0.4848125683951033 0.000019251400287495152 0.8746180727354808
vn 0.4848119835987025 0.000019312099226216254 0.8746183968944024
vn 0.057323628425413324 0.000004536239984092726 0.9983556488564422
vn 0.05732398487870399 0 0.9983556283998334
vn 0.0573236247127994 0.000002322719689183582 0.9983556490772171
vn -0.01756941855984962 -0.004008113306968933 0.9998376120946777
vn -0.017522089001719695 -0.004003523807455621 0.9998384610496532
vn -0.017523048633492966 -0.003994046753262229 0.9998384821345501
vn -0.6370462384776536 0.000015702100933756934 0.7708255897379879
vn -0.6370497976528794 -7.9907494388507e-7 0.7708226484151764
vn -0.6370482329258114 0.000006650569382524863 0.7708239415598553
vn -0.874608859511185 -0.004803121008603796 0.48480539693068725
vn -0.8746094157565332 -0.004803000976746811 0.48480439462904346
vn -0.874609013898747 -0.004803121201793568 0.4848051184071617
vn -0.9998406102053863 -0.004010318284819609 -0.017397457612392704
vn -0.999840610647236 -0.004010200008625646 -0.017397459482726127
vn -0.9998406102053863 -0.004010318284819609 -0.017397457612392704
vn -0.8569896098339463 -0.0024871818830499532 -0.5153276846463238
vn -0.8569896098339463 -0.0024871818830499532 -0.5153276846463238
vn -0.8569896098339463 -0.0024871818830499532 -0.5153276846463238
vn -0.9957476540228171 9.58360060246166e-7 -0.09212279580612885
vn -0.9957476437710863 -9.367939410920436e-7 -0.09212290661638857
vn -0.995747649922356 6.640328980819098e-7 -0.09212284013025442
vn -0.009235618798972445 -0.8491138965704014 0.5281290505136312
vn -0.009234367984141682 -0.8491103158236571 0.5281348293852459
vn -0.009236215378516146 -0.8491153500753085 0.5281267031612472
vn 0.25611105314428056 -0.8491191782179373 0.4619564369503063
vn 0.25611119829198303 -0.8491191058027711 0.46195648958548796
vn 0.2561111739704619 -0.8491191239739913 0.46195646966907333
vn -0.4528163600272707 -0.8491229281386327 -0.27193307448879367
vn -0.45281633266596427 -0.8491229327160343 -0.2719331057570365
vn -0.4528163482442918 -0.849122902323928 -0.2719331747170497
vn -0.5281182461412058 -0.8491201890477917 -0.00927483930745892
vn -0.5281182461412058 -0.8491201890477917 -0.00927483930745892
vn -0.5281182461412058 -0.8491201890477917 -0.00927483930745892
vn -0.4619909730559537 -0.849098546215411 0.25611715996724754
vn -0.4619908757638473 -0.8490985864972611 0.25611720191995435
vn -0.4619908757638473 -0.8490985864972611 0.25611720191995435
vn 0.3773727478257203 -0.851293220035323 -0.3645403444344077
vn 0.3773756940814334 -0.8512911244563685 -0.3645421881461294
vn 0.37736756723206616 -0.8512968672218699 -0.3645371902283526
vn -0.04964505942145821 -0.8513097867792015 -0.5223093097092855
vn -0.04964464059887429 -0.8513075541408368 -0.5223129884681742
vn -0.04964499784614913 -0.8513096933817257 -0.5223094677900911
vn 0.43931016900425623 -0.8512916676262704 0.28689557689085293
vn 0.4393055651653183 -0.851295633463052 0.28689085879742
vn 0.4393090817454039 -0.8512925934442919 0.2868944946193664
vn 0.4981034133773591 -0.8513518033437375 -0.16459980718454603
vn 0.4981034133773591 -0.8513518033437375 -0.16459980718454603
vn 0.4981034133773591 -0.8513518033437375 -0.16459980718454603
vn -0.5765763554488823 -0.6981045048017689 -0.42451125628510833
vn -0.5765779009416167 -0.6981112946120708 -0.42449799113873055
vn -0.5765784785619008 -0.6981125836041322 -0.42449508674754693
vn -0.36825260716423397 -0.7020689882536568 -0.6094991001217566
vn -0.3682525692121444 -0.7020693303440894 -0.6094987290051203
vn -0.36830278513609005 -0.7020391089055954 -0.6095031977176466
vn -0.027674906829114696 -0.6981000650711906 -0.7154651624499963
vn -0.027673945924722086 -0.6980989977491685 -0.7154662410334689
vn -0.02767705170978664 -0.6981006261352913 -0.7154645320336768
vn 0.2855245851820818 -0.6980933749454307 -0.6566135477690805
vn 0.2855348621992745 -0.6981022443405857 -0.656599648884675
vn 0.28551336609493955 -0.6980829113359133 -0.6566295505701161
vn 0.5421224256938729 -0.698130371819946 -0.46767217097271796
vn 0.5421131262240433 -0.6981352579260309 -0.4676756568564894
vn 0.5421253883641336 -0.6981286802742169 -0.46767126175297274
vn 0.6914310682542921 -0.6980419388328691 -0.18617338553933335
vn 0.691428897470502 -0.6980463243207954 -0.18616500435085304
vn 0.6914301974284517 -0.6980436306590524 -0.18617027630741972
vn 0.7036627021146322 -0.6981253113379211 0.13221138877594846
vn 0.7036677792547312 -0.698117275371251 0.13222679859595682
vn 0.7036680775003679 -0.6981169775686691 0.13222678373658744
vn 0.562935706115989 -0.6947318268148748 0.4477176337717329
vn 0.5629589044561164 -0.6947203976964827 0.4477061993294374
vn 0.5629357258000957 -0.6947314934796023 0.44771812626419444
vn 0.17177790755597216 -0.7041357303997812 0.6889740369927293
vn 0.1717845855811308 -0.7041377664050512 0.6889702911438379
vn 0.1717868965597733 -0.7041381889603313 0.6889692830729295
vn -0.10630109909517312 -0.6946992280269216 0.7114021780329024
vn -0.10629519333870781 -0.6946960856721796 0.7114061290323823
vn -0.10632339452528818 -0.6947109916579725 0.711387358508862
vn -0.4477204929995399 -0.6947603150492614 0.5628982721424004
vn -0.44771336214273505 -0.6947637595461599 0.5628996924676137
vn -0.4477398952482539 -0.6947516738298691 0.5628935049489181
vn -0.7113786113996622 -0.6947228092015053 -0.10630470176928751
vn -0.7113756313972434 -0.6947230478444246 -0.10632308238537184
vn -0.7113745737518119 -0.6947227050980133 -0.10633239788853975
vn -0.7113760566478433 -0.6947271087905872 -0.10629369849448383
vn -0.7113758252414208 -0.6947270560339857 -0.10629559198969096
vn -0.7113772921075496 -0.6947273895609883 -0.10628359453605589
vn 0.3665437973417338 -0.004920004836185151 0.9303877891410193
vn 0.36654427968933656 -0.004915236538526265 0.9303876243140788
vn 0.3665455491208659 -0.004894017589328201 0.9303872360536328
vn 0.2418719652072788 0.000018796897865205797 0.9703081737744176
vn 0.2418701697639531 0.000007171179422129852 0.9703086214843866
vn 0.24186887930635764 -0.000003846359440033565 0.9703089431764981
vn -0.6224786676710445 -0.00001431999962264381 0.7826367663797932
vn -0.6224774729360739 0.00000593624964641445 0.782637716732257
vn -0.6224771086806941 0.000008435918896565676 0.7826380064227386
vn -0.6225518025919439 -0.0000023711495630722993 0.7825785922729417
vn -0.6225504111078433 0.00002253239957208804 0.7825796988944619
vn -0.6225506733366619 0.000017970798782983198 0.7825794904066419
vn -0.930411516246735 0 0.3665165895774044
vn -0.930411516246735 0 0.3665165895774044
vn -0.930411516246735 0 0.3665165895774044
vn -0.9891017775918632 0 -0.14723339826484996
vn -0.9891017775918632 0 -0.14723339826484996
vn -0.9891017775918632 0 -0.14723339826484996
vn -0.8053556157994474 -0.000024776900543800173 -0.5927919799443966
vn -0.8053566265927583 -0.000003024940060669546 -0.5927906072079604
vn -0.8053564499253116 -0.000005649399603468446 -0.5927908472064859
vn -0.8053070424716118 -0.0000026998998632507897 -0.5928579655687661
vn -0.8053077489813553 0.000022641397749082303 -0.5928570054557422
vn -0.8053065617722303 -0.00001353679922121373 -0.5928586183765433
vn -0.03863518646105844 -0.000025725895934096693 -0.9992533821335295
vn -0.03863573184918799 -0.00001807320092551966 -0.9992533612141802
vn -0.0386366171508779 -0.000003353689844337328 -0.9992533271417661
vn -0.038568009548752925 0.000013717499619276836 -0.9992559774408544
vn -0.03856717775122859 4.2375196820335494e-7 -0.9992560096392344
vn -0.03856830712593527 0.00001816730056197643 -0.9992559658843119
vn 0.7571557203504659 -0.000018801500216190113 -0.6532344255985524
vn 0.7571554164066109 -0.000007919969882204839 -0.653234778118408
vn 0.7571553066006615 -8.40052913685419e-7 -0.6532349054404184
vn 0.757226720497629 0.000022068596516826013 -0.653152121084654
vn 0.7572270500512671 0.000014033198324343123 -0.6531517392411391
vn 0.7572269951261968 0.000015617395373212444 -0.653151802882184
vn 0.9828011342118427 -0.000016625997799875016 0.18466707967445542
vn 0.9828012790354992 -0.0000038659200877549954 0.18466630962696362
vn 0.982801134200523 -0.00001730489739221913 0.18466707967232845
vn 0.9827911363800718 0.000022156198849997215 0.18472027977964456
vn 0.9827911336607804 0.000022795100631921386 0.1847202941697021
vn 0.9827910776663384 0.000015120998973076054 0.18472059287148446
vn -0.42254092633886703 -0.8513179289359741 -0.31099348777885366
vn -0.42253359348221775 -0.8513247804771066 -0.31098469500059045
vn -0.42252999238841976 -0.8513280687807739 -0.31098058595069833
vn -0.02032320959904346 -0.8512907084534331 -0.5243005787260254
vn -0.02032404508156772 -0.851294666564498 -0.5242941196221471
vn -0.020323269670577425 -0.85129180089387 -0.5242988026314466
vn 0.5156162266703355 -0.8513244201490309 0.09688466572250497
vn 0.5156248287702577 -0.8513187891293409 0.0968883647864645
vn 0.5156245318619778 -0.851318969784107 0.096888357545388
vn 0.3973012940784172 -0.8512931033317226 -0.342712319509323
vn 0.39729786491944535 -0.8512953642546152 -0.34271067874965905
vn 0.39730296099319257 -0.8512920261299365 -0.3427130628289927
vn 0.19362808412951082 -0.8491292441924075 0.49141397181354723
vn 0.19362847488142748 -0.849128305085063 0.49141544055764136
vn 0.19362900183720305 -0.8491246929488195 0.4914214743701188
vn -0.4915665825043646 -0.8490948917010996 0.1933912093454042
vn -0.4915665124242627 -0.8490949332112342 0.19339120522416955
vn -0.4915665124242627 -0.8490949332112342 0.19339120522416955
vn -0.32876532690840016 -0.8491068928895384 0.4134378360410266
vn -0.32877508070243766 -0.8490996429068197 0.4134449694029625
vn -0.3287829946540884 -0.8490939456886555 0.4134503764917383
vn -0.6951599694558747 -0.6980977035733764 -0.1714998925121701
vn -0.6951617387303174 -0.6980943467688018 -0.17150638476418906
vn -0.6951659652718134 -0.6980864735451395 -0.17152129949664827
vn -0.5519181494348784 -0.6980856662598945 -0.45613896883171284
vn -0.551899003290179 -0.6980959613518355 -0.45614637882105724
vn -0.5519113698051716 -0.6980894407045949 -0.45614139546474536
vn -0.3502993046136779 -0.7036219952794368 -0.618228505446132
vn -0.35029867540158954 -0.7036229421981041 -0.6182277842546186
vn -0.3502998145527669 -0.7036211078374104 -0.6182292265252045
vn 0.012554758671417327 -0.6980932679478206 -0.7158967574173212
vn 0.0125530897855943 -0.6980851045678902 -0.7159047469581918
vn 0.012553569487782452 -0.6980857641715701 -0.7159040953606218
vn 0.32190370553496817 -0.698098480567086 -0.6395596264561909
vn 0.3218703105429434 -0.6980985096547461 -0.6395764020105899
vn 0.3218228007339244 -0.6980987970376914 -0.6395999957022367
vn 0.5675046874540907 -0.6981217061605535 -0.43653695502799383
vn 0.5674859881912853 -0.6981316805515478 -0.4365453124440027
vn 0.5675053026029577 -0.6981212528224267 -0.4365368803150208
vn 0.7007275535418079 -0.6980994060463788 -0.1470989972263778
vn 0.7007306114310177 -0.698094357636312 -0.14710838874740306
vn 0.7007330437482218 -0.698090233485959 -0.14711637336092862
vn -0.7013297073204725 -0.6986846916068573 0.14133769258061052
vn -0.7013527268176241 -0.698673557596352 0.14127849270550752
vn -0.7013280438450283 -0.6986854719012936 0.14134208952245175
vn -0.01933705121466136 -0.6979838229472282 0.7158524019337323
vn -0.019294729272117686 -0.6979477934968327 0.7158886721936717
vn -0.019308088690880854 -0.6979589586473982 0.7158774264879041
vn 0.38696736515341584 -0.7062252240174133 0.592876202311897
vn 0.38697317289838656 -0.7062263497386506 0.5928710706315299
vn 0.3869740925554112 -0.7062264016509886 0.5928704085228175
vn 0.550175965486105 -0.6979730137536274 0.45841038281556284
vn 0.5501730874112765 -0.6979762703762568 0.45840887849167417
vn 0.5501803205507543 -0.6979680715481567 0.4584126808651963
vn 0.6950870514187023 -0.6979311465513618 0.1724705935038089
vn 0.6950870388090852 -0.6979311341340346 0.172470694571564
vn 0.6950870206118028 -0.6979311754669395 0.1724706006493373
vn 0.9706197233588815 0 0.2406186871935103
vn 0.9706197233588815 0 0.2406186871935103
vn 0.9706197233588815 0 0.2406186871935103
vn 0.9613790106850145 -0.0023221960752168977 0.2752181048181443
vn 0.9613790106850145 -0.0023221960752168977 0.2752181048181443
vn 0.9613790106850145 -0.0023221960752168977 0.2752181048181443
vn 0.6946945272134853 -0.003898441138893262 0.7192943180759312
vn 0.6946945580528979 -0.0038984409774704297 0.7192942882920967
vn 0.6946945580528979 -0.0038984409774704297 0.7192942882920967
vn 0.5465138438046822 0.000010115998304941631 0.837450069214576
vn 0.5465132621101899 0.000009181909308485178 0.8374504488346589
vn 0.5465128331005538 0.000008368869063958025 0.837450728811175
vn -0.27554070196343705 -0.004804551004412696 0.9612773990119307
vn -0.27554136071958807 -0.004812299662251502 0.9612771714259933
vn -0.27554226517553293 -0.004824696213043806 0.9612768500324911
vn -0.38648547929324323 0.000003913879856289974 0.9222954918463788
vn -0.3864854792927344 0.000004236880071781872 0.9222954918451646
vn -0.38648478999800073 -5.809119834760844e-7 0.9222957807015403
vn -0.9702821577340767 -0.002799630223789036 0.24196011335241677
vn -0.9702895203986281 0 0.2419467846543952
vn -0.9702820797984495 -0.002819240099068943 0.241960198188171
vn -0.7735409036321609 -0.000002574179881639757 0.6337463770321008
vn -0.7735402070144468 -0.000026406696914104734 0.6337472267668972
vn -0.7735408504717394 -0.0000031311096629692853 0.6337464419163664
vn -0.9708879776440024 -2.1427898800397342e-7 -0.2395339952204973
vn -0.9708879776440248 0 -0.2395339952205028
vn -0.9708879568298665 0.000006671999457081813 -0.2395340794922754
vn -0.7708723525191031 -0.000006707379708111842 -0.6369896514674902
vn -0.7708722163621637 2.1536200204839377e-7 -0.6369898162771828
vn -0.7708722163621815 0 -0.6369898162771974
vn -0.4929952544402772 -0.000007257769880442789 -0.8700319988636575
vn -0.492995138651387 0 -0.8700320645045788
vn -0.49299555673797146 0.000003368589636212648 -0.8700318275932611
vn 0.017450388871539303 -0.000017392498543078187 -0.9998477302198234
vn 0.017448417754921317 0.000009592618832473968 -0.9998477647251263
vn 0.017449726794734763 -0.000014453198269905667 -0.9998477418216707
vn 0.017440667568170823 -0.000006680379175091456 -0.9998478999678647
vn 0.017439898530031687 0.0000024558997356920514 -0.9998479134014485
vn 0.017439538107547954 0.000015257898224999076 -0.999847919574668
vn 0.7925717509660589 -0.00002693739864102437 -0.6097786638157913
vn 0.7925718750679102 -0.000026917396993701445 -0.6097785025128314
vn 0.7925731470681875 -0.000026877998373087612 -0.6097768492030529
vn 0.7926081636187033 -0.000013710899486890017 -0.6097313332747449
vn 0.792608134887588 0 -0.6097313707773442
vn 0.7926081636480539 0.000010673699145653332 -0.6097313332973235
vn 0.009156346590208139 -0.8512861978858582 -0.5246217405008674
vn 0.009155391014145541 -0.8512883400200437 -0.5246182811924269
vn 0.009151934406495905 -0.8512973562552644 -0.5246037107468997
vn -0.4044265742085012 -0.8513211597438947 -0.3342026765995237
vn -0.4044246681651695 -0.8513231294448534 -0.33419996566683513
vn -0.40442691438899253 -0.8513209473325462 -0.3342028060184636
vn 0.4158355954432759 -0.8513122329385104 -0.31991911417041613
vn 0.41583513196721256 -0.8513123184887558 -0.31991948895168903
vn 0.41583129537974195 -0.851312275082034 -0.319924591235899
vn 0.3668880754059306 -0.8491045221288792 0.3800192766495139
vn 0.36688797531016454 -0.8491045569959783 0.3800192953804734
vn 0.3668879320390563 -0.8491045947973834 0.38001925269396025
vn 0.5077654048398275 -0.8491436713833932 0.14535927558080963
vn 0.5077654048398275 -0.8491436713833932 0.14535927558080963
vn 0.5077654048398275 -0.8491436713833932 0.14535927558080963
vn -0.5125216189068458 -0.8491031433777575 0.127849294323893
vn -0.5125166933871206 -0.8491060998997776 0.1278494040366276
vn -0.5124998649420692 -0.8491161996616455 0.12784978649385945
vn -0.1455937923506083 -0.8491247305111852 0.5077298884872496
vn -0.1455878916804656 -0.8491317649656663 0.5077198159638142
vn -0.14558999614622598 -0.8491295794355652 0.5077228676647547
vn -0.6844503029605034 -0.6980936864342018 -0.21022128279025734
vn -0.6844539968438275 -0.6980941616348518 -0.21020767753781772
vn -0.6844673637556452 -0.6980941774147912 -0.21016409639365974
vn -0.6844599234840881 -0.6980859028834474 -0.2102158065882731
vn -0.6844788798962224 -0.6980862626888908 -0.2101528796402035
vn -0.6844849318235938 -0.6980862343911423 -0.2101332611940465
vn -0.33219737782123954 -0.7049187627127557 -0.6266852799804783
vn -0.3322122926232993 -0.7049141984660471 -0.6266825076790812
vn -0.3322006837336534 -0.7049176852765149 -0.6266847394913118
vn -0.3321625720401939 -0.7048830666014385 -0.6267438776359884
vn -0.33218118369648 -0.7048708758572364 -0.6267477240216017
vn -0.3321872099479128 -0.7049028966702706 -0.6267085158292354
vn 0.05261366616480231 -0.6981132858250018 -0.7140515683669618
vn 0.05262212936469078 -0.6981083894887726 -0.7140557317370386
vn 0.05263000008843261 -0.6981040275415185 -0.7140594161699728
vn 0.5910914119173335 -0.6981004087098233 -0.40406281951789497
vn 0.5910642920285006 -0.6980996341155679 -0.4041038276687781
vn 0.5910815558164514 -0.6981007411408021 -0.4040766630136736
vn 0.5910824689983514 -0.6980988563647152 -0.40407858342788966
vn 0.5910636312447674 -0.6980984359605571 -0.4041068639966087
vn 0.5910518198643644 -0.6980983649457954 -0.4041242619480176
vn -0.5911039260413465 -0.6980930739703731 0.40405718492943715
vn -0.5910973492345903 -0.6980968050935306 0.4040603599043661
vn -0.5910814408986664 -0.6981057529994769 0.4040681722855559
vn -0.3658558891249557 -0.6800008764863947 0.6354118950494421
vn -0.3658551594395434 -0.6800001301985059 0.6354131138412876
vn -0.3658536119766753 -0.6799991211162266 0.6354150847161087
vn 0.0008428249672510887 -0.703122481181603 0.7110682569930266
vn 0.000838033908663002 -0.7031187377316745 0.7110719642552252
vn 0.0008492170115536341 -0.7031273922496022 0.7110633931645908
vn 0.3322170891911103 -0.7048652000415476 0.6267350759449919
vn 0.3321769890914054 -0.704892766724497 0.626725326867881
vn 0.3321552009032957 -0.7049080198048933 0.6267197189554795
vn 0.33221277791836645 -0.7049371642010731 0.6266564167994383
vn 0.332199696157358 -0.7049411012028538 0.6266589229460205
vn 0.3321959771765371 -0.7049423662896275 0.6266594712901947
vn 0.684496214110042 -0.6980463166264411 0.21022909578190543
vn 0.6844974050578684 -0.6980454809937103 0.2102279927443159
vn 0.6845005971972307 -0.6980432497652255 0.21022500777461695
vn 0.6986976491972207 -0.6727239707216446 0.24344209624216892
vn 0.6986882695659051 -0.6727305659419115 0.24345079095882308
vn 0.698689825853619 -0.6727293801719614 0.2434496011540956
vn 0.9935769394853444 -0.0024017088474783794 -0.11313309470507742
vn 0.993576889801722 -0.0024311540318040954 -0.11313290211963263
vn 0.9935769441776838 -0.002399741672712034 -0.11313309523936807
vn 0.9443092464399094 -1.2666001384176963e-7 0.32905933672830856
vn 0.9443091566268962 -0.000005386770121432023 0.3290595944226256
vn 0.944309156628341 -0.0000050948000452357606 0.3290595944231291
vn 0.5948282976832653 -0.00481551784421187 0.8038383587905725
vn 0.5948289108363272 -0.004815517051378275 0.8038379050709147
vn 0.5948281921529739 -0.004815517954952168 0.8038384368807269
vn 0.46841975354929044 0.00001017559937718366 0.883506046601425
vn 0.46841949482930095 0.000013165399723103267 0.8835061837307846
vn 0.46842031890979147 0.000002579759623375223 0.883505746911583
vn 0.0011332630099134947 -0.000012895098907708474 0.9999993577741272
vn 0.0011328449630584935 -0.000010248299219674331 0.999999358278425
vn 0.001133798985162509 -0.000023206698026394445 0.9999993569804485
vn -0.398627165336605 -0.004021703765136324 0.9171042519553206
vn -0.3986279081473491 -0.004003583930401236 0.9171040083664342
vn -0.39862839500365793 -0.003990769032043077 0.9171038526030412
vn -0.8255631754749319 0.000022498895754157948 0.5643097046778006
vn -0.825562718161144 -0.000023372900688529665 0.5643103736740014
vn -0.8255629609167117 0.0000025727799983315306 0.564310019010661
vn -0.9886338804148174 -0.000028085000205117745 0.1503431066167426
vn -0.988633880516319 0.000024154300493620095 0.15034310663217812
vn -0.9886338808047184 0 0.15034310667603545
vn -0.9558747005304359 0 -0.2937746702591116
vn -0.9558747005304359 0 -0.2937746702591116
vn -0.9558747005304359 0 -0.2937746702591116
vn -0.7339045693173043 -0.000004235660237664519 -0.6792525915425286
vn -0.7339041962605639 -0.000013436200123327677 -0.6792529944951321
vn -0.7339041093158754 -0.000015097699982609532 -0.6792530884002891
vn -0.46841935388246353 0.000004129020547419008 -0.8835062585467557
vn -0.4684200369434632 -0.0000022305198792586744 -0.8835058964064186
vn -0.46841961258994 9.029170109056287e-7 -0.883506121393777
vn -0.36648327113488666 -0.003604947822295439 -0.9304176569312688
vn -0.36648432464102804 -0.0036293860627248315 -0.9304171469557175
vn -0.36648293675007787 -0.003597080177635395 -0.9304178190927095
vn 0.07355861265032511 -4.163009293551286e-7 -0.9972908956291469
vn 0.0735571218345718 0.00002168959822164554 -0.9972910053524875
vn 0.07355833105828583 0.000007214960129511533 -0.9972909163728826
vn 0.4989356721303113 0.000004293399363966536 -0.86663902234866
vn 0.49893460853620625 -0.000016283200622605337 -0.8666396345308008
vn 0.49893527805383625 -0.00000445916972144751 -0.8666392492227992
vn 0.8255770201799089 0 -0.5642894503274559
vn 0.8255770201799089 0 -0.5642894503274559
vn 0.8255770201799089 0 -0.5642894503274559
vn -0.5187105504128565 -0.8513058966978747 0.07885198245966339
vn -0.5187162256317599 -0.8513024605988759 0.07885174598346335
vn -0.5187152629162032 -0.8513030418070968 0.07885180421371989
vn -0.19225408594000434 -0.8512819611794461 -0.48821858732523665
vn -0.19225970076312104 -0.8512758089949718 -0.4882271033877894
vn -0.19225519500459146 -0.851280612140597 -0.48822050283378815
vn -0.3851160912270661 -0.8512776889271154 -0.35638727897176026
vn -0.3851071782967109 -0.8512871615644131 -0.3563742832752532
vn -0.3851183823457264 -0.8512753562556261 -0.35639037502613286
vn 0.26181936257572436 -0.8512956497951123 -0.4546936749289117
vn 0.26182186193980717 -0.8512900934567271 -0.45470263842736763
vn 0.2618175204531913 -0.8512998403984087 -0.45468688976194005
vn 0.3142884057254458 -0.8490374038615147 0.42468610157462966
vn 0.3142884057254458 -0.8490374038615147 0.42468610157462966
vn 0.3142884057254458 -0.8490374038615147 0.42468610157462966
vn 0.5248207889429408 -0.8491125449606491 -0.05975805789815202
vn 0.5248285621767159 -0.8491075184145794 -0.05976121229824205
vn 0.5248260551061981 -0.8491091217936438 -0.059760448195211105
vn -0.2105607877469007 -0.8491119307774588 0.4844306799478958
vn -0.21056897484507292 -0.8491041477339772 0.48444076328654595
vn -0.21056278317281676 -0.8491099584619423 0.4844332696907555
vn -0.6127626722976849 -0.6981432836920229 0.37029429225187854
vn -0.6127596985903855 -0.6981389995917209 0.3703072900072198
vn -0.6127594073278556 -0.6981282188537848 0.37032809611377976
vn -0.7127998012027182 -0.6980956926822699 0.06766718010843494
vn -0.7127958592350557 -0.69809985711265 0.06766574138111803
vn -0.7128076411982671 -0.6980874399978846 0.06766973301677996
vn -0.4973480914948774 -0.6980686665158485 -0.5151165040213606
vn -0.49735250570350575 -0.6980631877519374 -0.5151196666562514
vn -0.4973548074179654 -0.6980605748821129 -0.515120985141833
vn -0.31409711023610704 -0.7058764185008831 -0.6348869876959938
vn -0.31409838378882254 -0.7058790828501254 -0.6348833953537574
vn -0.314100419831455 -0.7058830380718337 -0.6348779905022554
vn 0.0926589258922212 -0.6980862904987314 -0.7099928552247696
vn 0.09266029225827496 -0.6980928127997761 -0.7099862639205833
vn 0.09265840027514102 -0.698078511183301 -0.7100005725931195
vn 0.3915164765016576 -0.6981103413697113 -0.5994637602894708
vn 0.39146739233520483 -0.6981120703653497 -0.5994938014262364
vn 0.3915072049736089 -0.6981120645446559 -0.5994678088029003
vn -0.3915019043827079 -0.6981170788641274 0.5994654310825026
vn -0.3915216285723084 -0.6981073544846614 0.5994638737859976
vn -0.3915080935685227 -0.69811408134031 0.5994648797925662
vn -0.09484682788577747 -0.6799469454966081 0.7271012519242683
vn -0.09484653558774475 -0.6799467481213998 0.7271014746279478
vn -0.09482782687790013 -0.6799338713578839 0.7271159562476233
vn -0.06567626260112715 -0.7008971373025227 0.7102322376884033
vn -0.06567357996300638 -0.7008957022106804 0.7102339019769754
vn -0.06566894319930948 -0.700893847671243 0.7102361608617843
vn 0.4973667687318311 -0.6980415758526821 0.5151351820079476
vn 0.497373114053944 -0.6980379363585834 0.5151339872504365
vn 0.4973830636187963 -0.6980325657499685 0.5151316581008164
vn 0.4822939953884268 -0.611896815648365 0.6268770126680823
vn 0.4822877631640763 -0.611897824437331 0.6268808227654226
vn 0.48229201957404527 -0.6118971024292759 0.6268782528480669
vn 0.6957017577259479 -0.6440943888484767 0.3180274870996748
vn 0.6957011186873882 -0.6440951194844172 0.3180274052868257
vn 0.6957124771928812 -0.6440824592463292 0.31802819807266347
vn 0.7128091781781886 -0.6980876659387805 -0.06765120966457985
vn 0.712814153104454 -0.6980824478978527 -0.06765263535829076
vn 0.7128144893712818 -0.6980820693504314 -0.06765299840937077
vn 0.6125790663965179 -0.6980947469382713 -0.37068937361348947
vn 0.6125790663965179 -0.6980947469382713 -0.37068937361348947
vn 0.6125790663965179 -0.6980947469382713 -0.37068937361348947
vn 0.85589612129597 0 -0.5171477830857577
vn 0.85589612129597 0 -0.5171477830857577
vn 0.85589612129597 0 -0.5171477830857577
vn 0.8746405747494054 -0.002387939927079796 -0.48476609075401966
vn 0.8746396464543305 -0.0024163723437751377 -0.48476762473884377
vn 0.8746405726311735 -0.00238895389873655 -0.48476608957999795
vn 0.9094556774119537 0.000004084779539676964 0.4158008787947411
vn 0.9094558323014168 -0.0000016959401071173582 0.41580054003098754
vn 0.9094555214584985 0.000015762599731407872 0.415801219623261
vn 0.8572241853034933 -0.004818974634767419 0.5149208420856859
vn 0.8572241855477913 -0.004818915497155956 0.5149208422324317
vn 0.8572241592362217 -0.004818915814905839 0.5149208860321375
vn 0.48481244516689886 -0.004792272644944389 0.8746050120678415
vn 0.48481249062339793 -0.004792332109736706 0.8746049865444901
vn 0.4848123745775143 -0.004792152395751402 0.874605051855938
vn 0.609708361368874 -0.0000033094597308994377 0.7926258348463856
vn 0.6097083613682481 -0.0000036063695022759087 0.792625834845572
vn 0.6097077190140822 0 0.7926263289688558
vn -0.5467456544219782 0.000011078998724811254 0.8372987455191477
vn -0.5467469830206124 -0.000012612899217829748 0.8372978779375789
vn -0.5467467340413202 -0.000007634980692909278 0.8372980405786561
vn -0.5149709651899377 -0.0023967617049506225 0.8572042700224223
vn -0.5149719750988566 -0.002416193036428614 0.8572036087616484
vn -0.5149716146217905 -0.0024101128836234004 0.8572038424375583
vn -0.09208445976014998 -0.000009374690287202602 0.9957511999404252
vn -0.09208505622116867 0.0000036018898383324375 0.9957511448187095
vn -0.09208456318699977 -0.000004264989406619933 0.995751190410772
vn -0.9955122187613928 -0.00001197679887384578 0.09463309227392369
vn -0.9955122474495449 -0.000018007098339911686 0.09463278952720623
vn -0.9955120936822767 0.000005032869595423775 0.09463440868415833
vn -0.9955204757107764 0.000008731150074441869 0.09454619169674018
vn -0.9955205435971946 -0.0000034300597175727835 0.094545477227528
vn -0.9955203851870851 0.000023117297398013286 0.09454714243459794
vn -0.6947370738483546 0.000004377220175078131 -0.719263789024212
vn -0.6947366186525833 -0.000008379110339214642 -0.7192642286621554
vn -0.6947373163298276 0.000004253349750573811 -0.7192635548119606
vn -0.6946629392544943 0.0000032642899942817754 -0.7193353882686793
vn -0.6946638484914421 0.000021422300848079185 -0.7193345099049147
vn -0.6946623935915707 -0.000009374690327192339 -0.719335915161856
vn -0.3137895819884854 -0.0033010838686917594 -0.9494868093242703
vn -0.31379487983351056 -0.003300725469025321 -0.9494850597042855
vn -0.31379508566623016 -0.0033007259054073394 -0.9494849916771831
vn 0.12934039252311255 0.000010062600049220152 -0.991600253509806
vn 0.12934039252966079 0 -0.9916002535600086
vn 0.12934020203993501 0.00001536869972855931 -0.9916002782876132
vn 0.5466924713453363 -0.000015409699157270443 -0.8373334709283212
vn 0.5466923187262226 -0.000010087998945220295 -0.8373335706538815
vn 0.5466923187540403 0 -0.8373335706964882
vn -0.3645398550690894 -0.8512932503835475 -0.37737315208904576
vn -0.3645416894337183 -0.851291083363312 -0.3773762685317257
vn -0.3645367587450803 -0.8512968339423305 -0.37736805911920424
vn -0.5223082348910125 -0.851310439277009 0.04964517844686119
vn -0.5223119152949214 -0.8513082093197909 0.0496446964506953
vn -0.5223085311206965 -0.8513102575397798 0.049645178276385836
vn 0.28678696933473186 -0.8513149496158522 -0.4393359657259561
vn 0.2867853721693155 -0.8513164162239224 -0.43933416641249834
vn 0.28678896947455046 -0.8513133503363726 -0.43933775904967
vn -0.16460068399817326 -0.8511803086019945 -0.49839612465943917
vn -0.16460068399817326 -0.8511803086019945 -0.49839612465943917
vn -0.16460068399817326 -0.8511803086019945 -0.49839612465943917
vn 0.45275669748159003 -0.8490520018057186 0.27225368889193374
vn 0.45275669748159003 -0.8490520018057186 0.27225368889193374
vn 0.45275669748159003 -0.8490520018057186 0.27225368889193374
vn 0.46203505034773257 -0.849086445843989 -0.2560777611082054
vn 0.46202355991134925 -0.8490960665601847 -0.2560665925865109
vn 0.46201951125364626 -0.8490992934042588 -0.2560631975925673
vn -0.2719897872421415 -0.8490941953747756 0.45283617679778737
vn -0.2719836837031823 -0.849099101490156 0.4528306434505699
vn -0.2719835917324262 -0.8490992126956137 0.4528304901704585
vn 0.2561166548243346 -0.8490985511769189 0.46199124397638713
vn 0.2561166548243346 -0.8490985511769189 0.46199124397638713
vn 0.256116688581231 -0.8490985046827961 0.4619913107144164
vn -0.42454807475824635 -0.6980886812927141 0.5765684046755131
vn -0.42454517019235877 -0.6980963370977097 0.5765612739311425
vn -0.42454887901816135 -0.6980865838673327 0.5765703519509653
vn -0.4245273889521608 -0.6980966527922841 0.5765739843156906
vn -0.4245334946899165 -0.6980810302275 0.5765884035626098
vn -0.42452797747993276 -0.6980952695216509 0.5765752258017087
vn -0.7154845514280848 -0.6980793396998146 0.027696428506633963
vn -0.7154844360286973 -0.6980794626263234 0.02769631130747166
vn -0.7154845526461417 -0.6980793408882406 0.02769636708649565
vn -0.7155130779264188 -0.6980516581529443 0.02765714855489656
vn -0.7155173618070502 -0.6980468823141066 0.027666858228475942
vn -0.7155226616910186 -0.6980410362496339 0.02767728885091757
vn -0.6565592377745085 -0.6981428956014755 -0.2855283954603178
vn -0.6565597802705435 -0.6981415311322827 -0.28553048425582755
vn -0.6565598612912388 -0.6981400600136795 -0.2855338949149913
vn -0.1462858045606805 -0.702120733026127 -0.6968693849200784
vn -0.14621600400690535 -0.702115411340768 -0.6968893953347522
vn -0.14627009532467272 -0.7021197033697362 -0.6968737198041728
vn -0.14635138247144358 -0.7020995632988716 -0.6968769447070489
vn -0.14635209462475754 -0.7020835147663683 -0.6968929635835395
vn -0.14635190456161357 -0.7020921749591416 -0.6968842786950573
vn 0.1322521862190392 -0.6980822665608518 -0.7036977393409392
vn 0.13225220311590855 -0.6980853169319539 -0.7036947101229355
vn 0.1322523013344395 -0.6980870133230388 -0.7036930087910952
vn 0.14879600617494715 -0.6897112091152662 0.7086312133734604
vn 0.14879308830150947 -0.689718255229898 0.7086249680023451
vn 0.14879470120544686 -0.6897143379109014 0.7086284421142781
vn 0.17177298979824146 -0.7040721307077441 0.6890402562524419
vn 0.17176519785801522 -0.704078692823133 0.6890354933653746
vn 0.1717634089352275 -0.7040802989373373 0.6890342981298244
vn 0.5033888844568057 -0.7031219044323708 0.5022143153203905
vn 0.503388479479724 -0.7031253786199908 0.5022098571987471
vn 0.5033890571334895 -0.7031222534878696 0.5022136535463732
vn 0.6566640509652875 -0.6980816482703921 0.2854370973050825
vn 0.6566403717137236 -0.6980663760112277 0.28552890732501035
vn 0.6566305715252335 -0.6980578855460278 0.28557219921668486
vn 0.7644653265944475 -0.6440738393754036 0.027598077235046325
vn 0.764465997526994 -0.6440730177852197 0.02759866638259881
vn 0.7644701378522168 -0.6440679244303013 0.027602845002939677
vn 0.42447743344584904 -0.6980978932858689 -0.5766092610122182
vn 0.4244880659319807 -0.6980837555667524 -0.5766185499055203
vn 0.4244856712701493 -0.6980868973845501 -0.576616509117059
vn 0.5927971646434135 -0.000005735079000999255 -0.8053517998724772
vn 0.5927978175392734 0.000005920419443193422 -0.8053513192921603
vn 0.5927970588629999 -0.0000073816597663609105 -0.8053518777210916
vn 0.622546672507361 -0.0023963449045117094 -0.782579004370237
vn 0.6225448452972538 -0.0024340737935978924 -0.7825803414848764
vn 0.6225468705592215 -0.002395390838556799 -0.7825788497395331
vn 0.9993481752737841 -0.0000034631198509138695 0.036100201730257006
vn 0.999348102087578 0.0000014174697726206035 0.03610222779755859
vn 0.9993482097452512 -0.000005857089411834101 0.0360992471480489
vn 0.9890054027010888 -0.004807949143320825 0.1478012078877983
vn 0.9890055833301492 -0.004807889081837723 0.14780000116497974
vn 0.9890053893507023 -0.004808008217402918 0.14780129529962666
vn 0.7826218108232682 -0.004799305522203021 0.6224789698377072
vn 0.7826218112692687 -0.004799186781308212 0.6224789701924456
vn 0.7826217815620554 -0.004799364947406525 0.6224790061686706
vn 0.7079680497703299 0.000003618189761127064 0.7062444622730181
vn 0.7079680497702062 0.000003666149462678294 0.7062444622728946
vn 0.7079678414430838 -0.000004260800011763695 0.7062446711050402
vn -0.1477773909337983 -0.0024116029550597723 0.9890177080821083
vn -0.1477885986691708 0 0.9890189735810951
vn -0.14777749732856038 -0.0023993248979859885 0.9890177220471539
vn 0.24186238475518232 0.000014468999222599087 0.9703105619497215
vn 0.24186528829800563 -0.000026929197268473857 0.9703098379339152
vn 0.24186398384540753 -0.000007126479518563525 0.9703101634362291
vn -0.5928534341943146 0.0000019032497908755085 0.8053103784010145
vn -0.5928533670831891 0 0.8053104278091309
vn -0.5928534341583646 0.000011175899225921637 0.8053103783521812
vn -0.8834858373789611 -0.000011216898904017648 0.4684578689967509
vn -0.8834858374329292 -0.000001910059801410227 0.4684578690253668
vn -0.8834858374345408 0 0.46845786902622133
vn -0.9992567134409737 0 0.03854893828815419
vn -0.9992567134409737 0 0.03854893828815419
vn -0.9992567134409737 0 0.03854893828815419
vn -0.9992567089924905 0 0.03854905360053915
vn -0.9992567089924905 0 0.03854905360053915
vn -0.9992567089924905 0 0.03854905360053915
vn -0.9170605485826152 0.00000965098928372406 -0.39874797822711444
vn -0.9170605486253234 0 -0.3987479782456844
vn -0.9170605485219765 0.000015012898894293306 -0.3987479782007481
vn -0.6532326340332787 -0.000015016598808082687 -0.7571572661002774
vn -0.653232634076483 -0.00000965503932106495 -0.7571572661503553
vn -0.6532326341069301 0 -0.7571572661856463
vn -0.2055221900147895 -0.000001810519921955679 -0.9786524558842361
vn -0.20552219001437677 0.0000027008399548489696 -0.9786524558822708
vn -0.20552219001450878 -0.000002451469928119631 -0.9786524558828994
vn 0.184666198033824 -0.000016718200329462395 -0.9828012998690194
vn 0.18466551434447978 -0.000003954400163435738 -0.9828014284667334
vn 0.18466630960041608 -0.000017391499928235792 -0.9828012788942122
vn -0.5243093363825518 -0.8512879597777571 0.02021210824016779
vn -0.5243093363825518 -0.8512879597777571 0.02021210824016779
vn -0.5243093363825518 -0.8512879597777571 0.02021210824016779
vn -0.46360229811280107 -0.8512912872137439 0.24571539125275946
vn -0.4635962851273941 -0.8512950553138845 0.24571368137368796
vn -0.4636059631370004 -0.8512890806274246 0.24571612105909668
vn 0.09688608133683131 -0.8513236453242032 -0.5156172399707978
vn 0.09688971941532017 -0.8513180617760999 -0.5156257751173862
vn 0.09688960676711038 -0.8513181135651682 -0.515625710779009
vn -0.3427143708607304 -0.8512930312851652 -0.3972996789463194
vn -0.3427125771430131 -0.851295342009705 -0.3972962750147217
vn -0.34271499969917035 -0.851292025432427 -0.397301291737585
vn 0.522391366316823 -0.8491144572145085 0.07817863484963906
vn 0.5223913229778521 -0.8491144836533436 0.07817863728388336
vn 0.522391366316823 -0.8491144572145085 0.07817863484963906
vn 0.32883799408925674 -0.8491039958114648 -0.41338599146603616
vn 0.3288365660762506 -0.8491059692162248 -0.4133830739792755
vn 0.3288336037991959 -0.849110170554676 -0.4133768005984885
vn -0.07807587910753501 -0.849112459618222 0.5224099807839419
vn -0.07807629563269795 -0.8491116174604155 0.5224112873532046
vn -0.07807402272024927 -0.8491151288557498 0.5224059196875181
vn 0.4134128742649369 -0.8491078723805787 0.3287941855528018
vn 0.4134128742649369 -0.8491078723805787 0.3287941855528018
vn 0.4134128621120478 -0.8491078474197843 0.32879426529437117
vn -0.1714995010629108 -0.6981000713992711 0.6951576881884463
vn -0.1715057909273984 -0.6980965611346981 0.695159661524082
vn -0.17152098009038083 -0.6980889516018255 0.6951635556042185
vn -0.4561376255617936 -0.6980876298991597 0.5519167759079467
vn -0.4561445749360694 -0.6980980690270752 0.5518978282046971
vn -0.45613948282416605 -0.6980916379776198 0.5519101713092686
vn -0.6503911722719645 -0.6981153604407715 0.299376462914758
vn -0.6503896360773536 -0.6981159710059747 0.29937837648960647
vn -0.650391573490675 -0.6981151048333394 0.299376187322672
vn -0.715905518403167 -0.6980849224235995 -0.012519177478158994
vn -0.7159066970787392 -0.6980837157636107 -0.012519060007875227
vn -0.7159047842117644 -0.6980856177313471 -0.012522390320958861
vn -0.6395444852901868 -0.6981114726481493 -0.32190561208519225
vn -0.6395445342588114 -0.6981128319449286 -0.3219025668948787
vn -0.6395454731983209 -0.698099881653411 -0.3219287855210051
vn -0.12699559730973026 -0.7002735954570235 -0.7024877292662396
vn -0.12698440628466734 -0.700273832482314 -0.7024895160079346
vn -0.1270146813001925 -0.7002749421182825 -0.7024829365724459
vn 0.12701071560258537 -0.7002674209682319 0.7024911510137477
vn 0.12696230583601492 -0.7002664303319246 0.7025008892855481
vn 0.1269879080766644 -0.7002667396342235 0.7024959534149412
vn 0.4517926724718062 -0.7012883659091599 0.5514326875886518
vn 0.45178344674812226 -0.7013005587742757 0.5514247396583465
vn 0.4517773569862241 -0.7013080532993334 0.5514201973921895
vn 0.7158641613097484 -0.697975079382963 0.019216948577670506
vn 0.7158712707503939 -0.6979678236922666 0.019215639580746745
vn 0.7158749891896399 -0.6979640313720763 0.019214857885825522
vn 0.7814065958066926 -0.6149146670210911 0.10622468786556667
vn 0.7813993636182418 -0.6149261549579474 0.10621138585688944
vn 0.781400256306247 -0.6149247233591825 0.10621310675319054
vn 0.7165521570769822 -0.6457997729473192 -0.26362029407751403
vn 0.7165732615626343 -0.6457691401611553 -0.263637968489007
vn 0.7165602365862653 -0.6457882451672519 -0.26362657253629956
vn 0.4584093917424226 -0.6979746115125991 -0.5501747642760241
vn 0.45840809685928546 -0.6979777955585368 -0.5501718037496046
vn 0.4584117019135088 -0.697969508949266 -0.5501793127025777
vn 0.17245558995854945 -0.6979628044016453 -0.6950589853845783
vn 0.17245929407958194 -0.697954375481189 -0.69506653036399
vn 0.17246218045141795 -0.6979484565979827 -0.6950717576239425
vn 0.24075159173291757 0.000006105749824452298 -0.9705867663639282
vn 0.2407509743065269 -0.0000034095697547831977 -0.97058691952799
vn 0.24075170392019685 0.000007806350539980382 -0.9705867385239625
vn 0.27565046600094 -0.0023046726836743947 -0.9612551737583969
vn 0.2756487134591973 -0.002331674101906436 -0.961255611200357
vn 0.27565049456110385 -0.0023030628822577445 -0.9612551694267132
vn 0.9384802938517933 0.00002006810013137217 -0.3453327926060932
vn 0.938479886836564 -0.000013000299799407915 -0.3453338990516596
vn 0.9384801374592412 0.000008875500485628295 -0.3453332180890067
vn 0.970281793839981 -0.0047011371452531266 -0.2419320976063528
vn 0.9702817946577366 -0.00470095786961689 -0.24193209781025363
vn 0.9702817946577366 -0.00470095786961689 -0.24193209781025363
vn 0.9908935370032538 0.000013596098972859166 0.13464768152600168
vn 0.9908933708250267 -3.0267998095782966e-7 0.13464890513823272
vn 0.9908933847411612 0.0000014053700009918215 0.1346488027211152
vn 0.6337581074340759 -0.000005416569647110084 0.7735312929883568
vn 0.6337579419811697 -0.000009496698918529473 0.7735314285053999
vn 0.6337577116385936 -0.000012921200347128712 0.7735316171764772
vn 0.6947291444601085 -0.004208146564896477 0.719259137821838
vn 0.6947286261644755 -0.004219173534306373 0.7192595738412579
vn 0.6947288882031915 -0.0042128556892897335 0.7192593577722146
vn -0.2394508902467062 -0.00002921929850010707 0.9709084767918612
vn -0.2394499639919585 -0.000015275598408544212 0.9709087055490366
vn -0.23944827972008956 0.000010399098780532136 0.9709091209948275
vn -0.23953758826611682 -0.000008514150297422091 0.9708870911363287
vn -0.2395359039715384 0.00002117449965526069 0.9708875064909314
vn -0.23953549697712614 0.000025500499902271382 0.9708876067999045
vn -0.9083774348013183 -0.000009737910026467446 0.41815121170331404
vn -0.9083774904729617 -0.000012735799225447904 0.41815109068355183
vn -0.9083773225297507 -0.000005122269461523874 0.4181514556801682
vn -0.9084251924338195 -0.000012621298722054137 0.4180474489723397
vn -0.908424814001448 0.0000032037499522134894 0.41804827149047113
vn -0.9084242559775784 0.00002314239821939687 0.418049483453828
vn -0.9998461399502073 0 -0.01754127779467959
vn -0.9998461399502073 0 -0.01754127779467959
vn -0.9998461399502073 0 -0.01754127779467959
vn -0.893271166177842 -0.000007380308637286645 -0.4495182127798707
vn -0.8932711782462783 0 -0.4495181888583658
vn -0.8932711901423808 0.000012587799325287703 -0.44951816504248415
vn -0.6097760745519916 0.000014070201241831165 -0.7925737433866917
vn -0.6097783989833371 0.00001404590044964772 -0.7925719550526823
vn -0.6097790701024911 0.000014033199712222475 -0.7925714387157856
vn -0.12567741025674822 -0.8512981172928195 0.509408190005675
vn -0.12567910697476084 -0.8512958386715122 0.5094115793055684
vn -0.12567970280026855 -0.8512948238959492 0.509413128130794
vn -0.5247141690470918 -0.8512287093830583 -0.009204625102243048
vn -0.5247141690470918 -0.8512287093830583 -0.009204625102243048
vn -0.5247141690470918 -0.8512287093830583 -0.009204625102243048
vn -0.47660347215391924 -0.8512975465666084 0.2194119813057196
vn -0.47660329494027764 -0.8512976686342978 0.21941189263547267
vn -0.4766020689370883 -0.8512984361570642 0.21941157781991324
vn -0.3199197264709869 -0.8513104683518296 -0.41583873687923517
vn -0.3199201796685284 -0.8513104251462332 -0.41583847666876167
vn -0.319927896306241 -0.8513105982026149 -0.4158321855664479
vn 0.5125179938235656 -0.8491209830594101 -0.12774530181297603
vn 0.5125181076589194 -0.8491209145514261 -0.12774530047352053
vn 0.5125179239362193 -0.8491210256280511 -0.12774529925000866
vn 0.14565238572896144 -0.8491171724535391 -0.5077257231773552
vn 0.1456523994751685 -0.8491156756043134 -0.5077282225464291
vn 0.14565210032047246 -0.8491262786348842 -0.5077105756274024
vn 0.3669297011997384 -0.849104384290112 0.37997939280542603
vn 0.3669303745637296 -0.8491034716047852 0.37998078205512287
vn 0.36693229729587856 -0.8491011136575771 0.3799841943905446
vn -0.6355010987546207 -0.6799571046934969 -0.3657822976286673
vn -0.6354118763066884 -0.6800117682613555 -0.36583567687484875
vn -0.6354392741068623 -0.679995295615737 -0.36581870764493485
vn -0.7110797117467536 -0.7031108688188202 0.0008658469827350969
vn -0.7110722972954988 -0.7031183557912475 0.0008750818902232529
vn -0.7110816103722595 -0.7031089528448907 0.0008624498566724383
vn -0.6662258026281367 -0.6980723860746124 0.26237020355328533
vn -0.6662279751429184 -0.6980638877877052 0.2623872971461859
vn -0.6662277951801989 -0.698064899862946 0.2623850615196418
vn -0.5600411936014277 -0.6441410830648953 0.5209953229900166
vn -0.5600429578137097 -0.6441415919866271 0.5209927973362061
vn -0.5600684869544655 -0.6441456066066117 0.5209603894826706
vn -0.21017108741116697 -0.6980933508318947 0.6844660601817338
vn -0.2102010872289632 -0.6980934229917917 0.684456774167197
vn -0.21022619245217036 -0.6980934122536605 0.6844490746396725
vn 0.10764429255439804 -0.6981073800977984 0.7078550643553039
vn 0.10761798477686291 -0.6981216979335645 0.7078449436330839
vn 0.10764320449947912 -0.6981080936017 0.7078545261371744
vn 0.21031640636181034 -0.6982110197867542 -0.6843013817488569
vn 0.21031640636181034 -0.6982110197867542 -0.6843013817488569
vn 0.21031640636181034 -0.6982110197867542 -0.6843013817488569
vn 0.4864034725612444 -0.6980700597486101 -0.5254615624029363
vn 0.48640140006473903 -0.6980742089153912 -0.5254579686922757
vn 0.48640614291614376 -0.6980644398994582 -0.5254665563870793
vn 0.6661707491484583 -0.6981330829751146 -0.26234849234299773
vn 0.6661558508941445 -0.6981315959048396 -0.2623902763420553
vn 0.6661389639352299 -0.69813128099412 -0.26243398260287765
vn 0.7140704056429339 -0.6980937972637183 0.052616594405741915
vn 0.714071276813998 -0.69809282120312 0.05261772148141278
vn 0.714078457789712 -0.69808426725107 0.05263375283222264
vn 0.6205211917780341 -0.69810057135932 0.3572240792865999
vn 0.620502178333579 -0.698112194757179 0.3572343911420032
vn 0.6205016893256154 -0.6981124194826658 0.357234801367554
vn -0.15034649819448495 -0.000018812699077349488 -0.9886333648662371
vn -0.15034639625690346 -0.00001357210002597094 -0.9886333804542309
vn -0.1503462943204062 0 -0.9886333960493758
vn 0.2934595121148069 0 -0.9559715031052649
vn 0.2934595121148069 0 -0.9559715031052649
vn 0.2934595121148069 0 -0.9559715031052649
vn 0.6792544187389431 -0.0000036507799777396228 -0.7339028781864071
vn 0.6792547598766948 -0.000012894199956359261 -0.7339025623463876
vn 0.6792548513916712 -0.000014556599587004798 -0.7339024776146925
vn 0.6793174095277689 0.000018933800529010356 -0.7338445726132972
vn 0.6793183689342355 -0.0000013401698889384648 -0.7338436847358802
vn 0.6793177186688112 0.000011256899694875751 -0.7338442866002868
vn 0.9972998910098203 -0.000024493799626919242 0.07343654942775016
vn 0.9972999123889885 -0.00002007650078841475 0.0734362604293691
vn 0.9972999576013487 -0.000010449399147930288 0.07343564842199025
vn 0.9972907539341012 0.000022717801209664823 0.07356053018741489
vn 0.9972907550125484 0.00002335849661164759 0.0735605153658
vn 0.9972907809290354 0.000027147096012490082 0.07356016270366487
vn 0.5643730331470148 -6.239859730251387e-7 0.8255198843492803
vn 0.5643722272768165 -0.00002036989775267537 0.825520435036997
vn 0.5643736059560851 0.000004496429886346793 0.8255194927316422
vn 0.15033228488270084 -0.00000930111933403194 0.988635526387473
vn 0.1503306036613977 0.000014555599643561478 0.9886357819697477
vn 0.15033199930207336 -0.000008073629699099501 0.9886355698237131
vn 0.11313190111375862 -0.0023893708872478746 0.9935771051393798
vn 0.11313459856997946 -0.002433477865385646 0.9935766909463447
vn 0.1131332970092119 -0.002412676126347341 0.9935768898790545
vn -0.7321921922452159 -0.0000034444996028582653 0.6810980792832115
vn -0.732193456567763 7.357449341344496e-7 0.681096720120432
vn -0.7321916184897957 -0.000005624260182395123 0.68109869606516
vn -0.8038386709326949 -0.004784107677954011 0.5948281293171032
vn -0.8038380895307161 -0.004784107299450466 0.594828915014188
vn -0.8038383163923737 -0.004784107230668508 0.594828608439002
vn -0.9999993524537594 -0.000010697199373068415 0.0011379708395369524
vn -0.999999353517288 0.000004570929419131412 0.0011370770038980355
vn -0.9999993537267441 0.000011960999584817209 0.0011368390512161576
vn -0.9171038693019956 -0.004006624146211774 -0.3986281975403385
vn -0.9171035175993064 -0.003980039569534951 -0.3986292729993666
vn -0.9171037772501792 -0.003999828403956781 -0.3986284775655057
vn -0.5643100189856294 0.000009763989592222275 -0.8255629608800913
vn -0.5643102370267903 0.000007839409373548397 -0.8255628118594679
vn -0.564310373828127 -2.202580028214156e-7 -0.8255627183866233
vn -0.4245017541713848 -0.8491798188850382 0.31415266337211084
vn -0.4245017541713848 -0.8491798188850382 0.31415266337211084
vn -0.4245017541713848 -0.8491798188850382 0.31415266337211084
vn 0.059747570287732366 -0.8491070416171573 0.5248308867824678
vn 0.05974738636409905 -0.8491073199657367 0.5248304573891106
vn 0.059747803215595516 -0.8491060032487722 0.5248325402047843
vn -0.484431500644816 -0.8491101781100009 -0.2105659673665582
vn -0.4844368724675702 -0.8491060187637671 -0.21057038132886674
vn -0.4844372372290991 -0.8491056140348919 -0.21057117419121418
vn -0.07883542097004652 -0.8513041209870396 -0.5187159820084197
vn -0.0788354802042471 -0.8513041169867965 -0.5187159795709946
vn -0.07883613569265205 -0.8513078703226318 -0.5187097200128362
vn 0.3563769706535397 -0.8512759086348743 -0.3851295654265913
vn 0.3563677007127864 -0.8512825809662186 -0.3851233948128515
vn 0.3563745661981399 -0.851277719545057 -0.38512778758907384
vn 0.29615300341899986 -0.8513060649540171 0.43309511927336797
vn 0.2961524723597251 -0.8513070341006688 0.433093577424031
vn 0.2961491849489656 -0.8513125510147445 0.43308498096658976
vn 0.5233017078353482 -0.851274350351186 0.03856556768380017
vn 0.5232944982522255 -0.8512788844990563 0.03856331034796882
vn 0.5233013034621737 -0.8512746096885301 0.038565330212910864
vn 0.3861791835255888 -0.7002602302493439 0.6004175614875413
vn 0.3861685276620649 -0.7002609157038475 0.6004236156089481
vn 0.3862088090736257 -0.7002592206678306 0.6003996832640854
vn 0.06768620001565137 -0.6981037842126555 0.7127900706346935
vn 0.06768625193077542 -0.6981037817482711 0.7127900681184649
vn 0.06768625193077542 -0.6981037817482711 0.7127900681184649
vn -0.2482157588306236 -0.6980983448132573 0.6716008025882102
vn -0.2482141929372712 -0.6981131827934028 0.6715859575918512
vn -0.2482153750153001 -0.6981029445375435 0.6715961632067483
vn -0.515092683446524 -0.6980866959619044 0.4973474563932649
vn -0.5150746059966723 -0.6980854805006728 0.49736788413760447
vn -0.5150760367130409 -0.6980860172201828 0.49736564916130743
vn -0.679853969091692 -0.6980920961440574 0.22464640217788698
vn -0.6798590669907391 -0.6980885522144411 0.2246419869428406
vn -0.6798538789684976 -0.6980921856150825 0.2246463968877415
vn -0.5994489054893299 -0.6981255251304496 -0.3915121465152499
vn -0.5994874470959815 -0.6981253894125605 -0.3914533706993765
vn -0.5994511451396305 -0.6981262803072185 -0.39150737072907416
vn 0.5994908138375091 -0.6980771334772565 0.3915342639420174
vn 0.5994812802848598 -0.6980870911679768 0.3915311069795835
vn 0.5994824006564288 -0.6980857657561672 0.39153175471707374
vn 0.7102652387397878 -0.7008606388146198 0.06570887001216337
vn 0.7102632413424835 -0.700862635331563 0.06570916521890727
vn 0.7102630314049798 -0.700862842249625 0.06570922745844712
vn 0.7061521836660899 -0.6685033875389814 -0.23335019681268587
vn 0.7061818216762613 -0.6685028648258339 -0.23326198673090762
vn 0.7061877336231401 -0.6685035905769989 -0.23324200793569128
vn 0.45187517703178987 -0.7049065185880049 -0.5467317664400224
vn 0.45184638355508355 -0.704912174112697 -0.5467482715618799
vn 0.4518430940923835 -0.7049127395642829 -0.5467502610159403
vn -0.06765251646121653 -0.6980735700273706 -0.7128228586722697
vn -0.06766711156399377 -0.6980650405312859 -0.7128298262563375
vn -0.0676641316741063 -0.6980661169467156 -0.7128290550024766
vn -0.3862629826093462 -0.7002193323118885 -0.6004113547580734
vn -0.3862632962779439 -0.7002212736013318 -0.6004088889620356
vn -0.3862630173000484 -0.7002205332664746 -0.6004099318451324
vn -0.042420198435497186 -0.6727232520518949 -0.7386771642019373
vn -0.0424187094164559 -0.6727239852317725 -0.7386765819933135
vn -0.042422529038803516 -0.6727222161204846 -0.7386779737936524
vn -0.4849026417698961 -0.0035489787667952904 -0.8745609371303343
vn -0.4849026417698961 -0.0035489787667952904 -0.8745609371303343
vn -0.4849026418716681 -0.0035489196285576723 -0.8745609373138883
vn -0.5410335080231331 -0.000010546300504692038 -0.8410010363162213
vn -0.5410334387528342 -0.000009090638606303998 -0.8410010808962396
vn -0.5410323815856677 0.00001041220017443298 -0.841001760977542
vn -0.057323628425413324 0.000004536239984092726 -0.9983556488564422
vn -0.05732398487870399 0 -0.9983556283998334
vn -0.0573236247127994 0.000002322719689183582 -0.9983556490772171
vn 0.01756941855984962 -0.004008113306968933 -0.9998376120946777
vn 0.017522089001719695 -0.004003523807455621 -0.9998384610496532
vn 0.017523048633492966 -0.003994046753262229 -0.9998384821345501
vn 0.6370462384776536 0.000015702100933756934 -0.7708255897379879
vn 0.6370497976528794 -7.9907494388507e-7 -0.7708226484151764
vn 0.6370482329258114 0.000006650569382524863 -0.7708239415598553
vn 0.874608859511185 -0.004803121008603796 -0.48480539693068725
vn 0.8746094157565332 -0.004803000976746811 -0.48480439462904346
vn 0.874609013898747 -0.004803121201793568 -0.4848051184071617
vn 0.9998406102053863 -0.004010318284819609 0.017397457612392704
vn 0.999840610647236 -0.004010200008625646 0.017397459482726127
vn 0.9998406102053863 -0.004010318284819609 0.017397457612392704
vn 0.8372982755410402 0.000011073399966174942 0.546746374156592
vn 0.8372974079592844 -0.000012515100443105118 0.5467477027551522
vn 0.8372976157036818 -0.000007648020048718265 0.5467473847019639
vn 0.8569896098339463 -0.0024871818830499532 0.5153276846463238
vn 0.8569896098339463 -0.0024871818830499532 0.5153276846463238
vn 0.8569896098339463 -0.0024871818830499532 0.5153276846463238
vn 0.9957476540228171 9.58360060246166e-7 0.09212279580612885
vn 0.9957476437710863 -9.367939410920436e-7 0.09212290661638857
vn 0.995747649922356 6.640328980819098e-7 0.09212284013025442
vn -0.8373343206906889 0.000001962300269510422 -0.5466911700307698
vn -0.8373344654415023 0.000006605869747299235 -0.5466909482881128
vn -0.8373339231044938 -0.000009848739929072131 -0.5466917789042011
vn -0.94951029402045 0.000013457598721173913 0.31373587835644773
vn -0.9495107582777885 -0.00000763311895323784 0.31373447349068045
vn -0.9495106222785623 -0.000002021899920404501 0.3137348851755082
vn -0.9495569589864299 0 0.31359461353863133
vn -0.9495569589864299 0 0.31359461353863133
vn -0.9495569589864299 0 0.31359461353863133
vn -0.7192636718983587 0.000008573780167177478 0.6947371950700355
vn -0.7192636719247951 0 0.6947371950955704
vn -0.719263671922932 -0.000002276150095757203 0.6947371950937709
vn -0.3467338702611099 0.000002289189765658532 0.9379635511087365
vn -0.34673379842559304 -0.000008615320188522558 0.9379635776271574
vn -0.34673379843846097 0 0.937963577661967
vn 0.09464948098288559 0 0.995510660791571
vn 0.09464948098288559 0 0.995510660791571
vn 0.09464948098286426 6.711789111004206e-7 0.9955106607913466
vn 0.0946326713856213 -0.00001792240093849509 0.9955122586815335
vn 0.09463421847239176 0.000005118549241988401 0.9955121117635486
vn 0.09463291506144414 -0.000011888298876601132 0.9955122356082029
vn -0.3773727478257203 -0.851293220035323 0.3645403444344077
vn -0.3773756940814334 -0.8512911244563685 0.3645421881461294
vn -0.37736756723206616 -0.8512968672218699 0.3645371902283526
vn 0.04964505942145821 -0.8513097867792015 0.5223093097092855
vn 0.04964464059887429 -0.8513075541408368 0.5223129884681742
vn 0.04964499784614913 -0.8513096933817257 0.5223094677900911
vn -0.43931016900425623 -0.8512916676262704 -0.28689557689085293
vn -0.4393055651653183 -0.851295633463052 -0.28689085879742
vn -0.4393090817454039 -0.8512925934442919 -0.2868944946193664
vn -0.4981034133773591 -0.8513518033437375 0.16459980718454603
vn -0.4981034133773591 -0.8513518033437375 0.16459980718454603
vn -0.4981034133773591 -0.8513518033437375 0.16459980718454603
vn 0.009235618798972445 -0.8491138965704014 -0.5281290505136312
vn 0.009234367984141682 -0.8491103158236571 -0.5281348293852459
vn 0.009236215378516146 -0.8491153500753085 -0.5281267031612472
vn -0.25611105314428056 -0.8491191782179373 -0.4619564369503063
vn -0.25611119829198303 -0.8491191058027711 -0.46195648958548796
vn -0.2561111739704619 -0.8491191239739913 -0.46195646966907333
vn 0.4528163600272707 -0.8491229281386327 0.27193307448879367
vn 0.45281633266596427 -0.8491229327160343 0.2719331057570365
vn 0.4528163482442918 -0.849122902323928 0.2719331747170497
vn 0.5281182461412058 -0.8491201890477917 0.00927483930745892
vn 0.5281182461412058 -0.8491201890477917 0.00927483930745892
vn 0.5281182461412058 -0.8491201890477917 0.00927483930745892
vn 0.4619909730559537 -0.849098546215411 -0.25611715996724754
vn 0.4619908757638473 -0.8490985864972611 -0.25611720191995435
vn 0.4619908757638473 -0.8490985864972611 -0.25611720191995435
vn 0.5765763554488823 -0.6981045048017689 0.42451125628510833
vn 0.5765779009416167 -0.6981112946120708 0.42449799113873055
vn 0.5765784785619008 -0.6981125836041322 0.42449508674754693
vn 0.36825260716423397 -0.7020689882536568 0.6094991001217566
vn 0.3682525692121444 -0.7020693303440894 0.6094987290051203
vn 0.36830278513609005 -0.7020391089055954 0.6095031977176466
vn 0.027674906829114696 -0.6981000650711906 0.7154651624499963
vn 0.027673945924722086 -0.6980989977491685 0.7154662410334689
vn 0.02767705170978664 -0.6981006261352913 0.7154645320336768
vn -0.2855245851820818 -0.6980933749454307 0.6566135477690805
vn -0.2855348621992745 -0.6981022443405857 0.656599648884675
vn -0.28551336609493955 -0.6980829113359133 0.6566295505701161
vn -0.5421224256938729 -0.698130371819946 0.46767217097271796
vn -0.5421131262240433 -0.6981352579260309 0.4676756568564894
vn -0.5421253883641336 -0.6981286802742169 0.46767126175297274
vn -0.6913379495281632 -0.6981217330272861 0.18621999199112146
vn -0.691329086943025 -0.6981388582498115 0.18618868963546906
vn -0.691354074228536 -0.6980889816441777 0.18628289710705803
vn 0.7037001253943919 -0.6980813743439372 0.1322441995476435
vn 0.7037283465140094 -0.6980592889168028 0.132210602712588
vn 0.7037080872427864 -0.6980750908837381 0.13223500080069342
vn 0.6813004004668616 -0.7009184943991474 -0.21105219385954374
vn 0.6812901860970652 -0.7009258627661638 -0.21106069561463917
vn 0.6812894317666793 -0.7009263607250147 -0.21106147683511958
vn 0.563097242702358 -0.6685277272996221 -0.48579025627589917
vn 0.563114541717669 -0.6685277435264626 -0.4857701813013187
vn 0.5630908797139833 -0.6685276851577863 -0.4857976897438937
vn 0.20823060030159876 -0.7048726100147413 -0.6780815738161909
vn 0.20823279283078522 -0.7048597423793274 -0.6780942763088621
vn 0.20822979407595166 -0.7048761213981013 -0.6780781712618804
vn 0.02758002096362632 -0.644085288383654 -0.7644563321285208
vn 0.027579717326481838 -0.6440844533117845 -0.7644570466640039
vn 0.0275775654413266 -0.6440826527939213 -0.7644586412974048
vn -0.3538757638991852 -0.6833834795583561 -0.6385600704643862
vn -0.3539161872091089 -0.683395603294685 -0.6385246916360091
vn -0.3539427979224464 -0.6833995914771996 -0.6385056727763871
vn -0.7825761606650226 -0.002392350747762492 -0.6225502625625443
vn -0.7825760377111813 -0.002386807737088516 -0.62255043839764
vn -0.7825757686052363 -0.002403615920113928 -0.6225507120086142
vn -0.48486528049479405 -0.000018431797892882208 -0.8745888516502904
vn -0.484865584322368 -0.000013139099107417247 -0.8745886833060971
vn -0.4848662831214789 -0.000001389529961014236 -0.874588295994196
vn 0.03617410811645073 0.0000026319199258770818 -0.9993455027642104
vn 0.036173573942284196 -0.0000028330798077922716 -0.9993455220994467
vn 0.03617422716978981 -0.000002158809857538571 -0.9993454984558683
vn 0.1478531041814983 -0.004800080719901766 -0.9889976839249814
vn 0.1478531041814983 -0.004800080719901766 -0.9889976839249814
vn 0.1478531040968936 -0.004800199926442864 -0.9889976833590558
vn 0.2936375199419184 -0.000010630100616216418 -0.9559168409277871
vn 0.2936368539080927 0.000007839868764019541 -0.9559170455460525
vn 0.2936364935836033 0.000023355699673443585 -0.9559171559766242
vn 0.9303838381664081 -0.004000902077433567 -0.3665650098704313
vn 0.9303839958829515 -0.0040092459621111215 -0.36656451840254184
vn 0.9303842473287579 -0.00402396929728377 -0.36656371887244243
vn 0.9552309710595993 0.00002572499814488809 -0.29586110130728466
vn 0.9552309710567326 0.00002584139891712895 -0.2958611013063967
vn 0.9552311943159741 0.00001224409794728086 -0.29586038135539505
vn 0.8053556157994474 -0.000024776900543800173 0.5927919799443966
vn 0.8053566265927583 -0.000003024940060669546 0.5927906072079604
vn 0.8053564499253116 -0.000005649399603468446 0.5927908472064859
vn 0.8053070424716118 -0.0000026998998632507897 0.5928579655687661
vn 0.8053077489813553 0.000022641397749082303 0.5928570054557422
vn 0.8053065617722303 -0.00001353679922121373 0.5928586183765433
vn 0.03863518646105844 -0.000025725895934096693 0.9992533821335295
vn 0.03863573184918799 -0.00001807320092551966 0.9992533612141802
vn 0.0386366171508779 -0.000003353689844337328 0.9992533271417661
vn 0.038568009548752925 0.000013717499619276836 0.9992559774408544
vn 0.03856717775122859 4.2375196820335494e-7 0.9992560096392344
vn 0.03856830712593527 0.00001816730056197643 0.9992559658843119
vn -0.7571557203504659 -0.000018801500216190113 0.6532344255985524
vn -0.7571554164066109 -0.000007919969882204839 0.653234778118408
vn -0.7571553066006615 -8.40052913685419e-7 0.6532349054404184
vn -0.757226720497629 0.000022068596516826013 0.653152121084654
vn -0.7572270500512671 0.000014033198324343123 0.6531517392411391
vn -0.7572269951261968 0.000015617395373212444 0.653151802882184
vn -0.9828011342118427 -0.000016625997799875016 -0.18466707967445542
vn -0.9828012790354992 -0.0000038659200877549954 -0.18466630962696362
vn -0.982801134200523 -0.00001730489739221913 -0.18466707967232845
vn -0.9827841431313628 0 -0.18475748431268824
vn -0.9827841431313628 0 -0.18475748431268824
vn -0.9827841431313628 0 -0.18475748431268824
vn 0.42254092633886703 -0.8513179289359741 0.31099348777885366
vn 0.42253359348221775 -0.8513247804771066 0.31098469500059045
vn 0.42252999238841976 -0.8513280687807739 0.31098058595069833
vn 0.02032320959904346 -0.8512907084534331 0.5243005787260254
vn 0.02032404508156772 -0.851294666564498 0.5242941196221471
vn 0.020323269670577425 -0.85129180089387 0.5242988026314466
vn -0.5156162266703355 -0.8513244201490309 -0.09688466572250497
vn -0.5156248287702577 -0.8513187891293409 -0.0968883647864645
vn -0.5156245318619778 -0.851318969784107 -0.096888357545388
vn -0.3973012940784172 -0.8512931033317226 0.342712319509323
vn -0.39729786491944535 -0.8512953642546152 0.34271067874965905
vn -0.39730296099319257 -0.8512920261299365 0.3427130628289927
vn 0.07826994221928736 -0.8491177409660954 -0.5223723558168295
vn 0.07826994221928736 -0.8491177409660954 -0.5223723558168295
vn 0.07826994221928736 -0.8491177409660954 -0.5223723558168295
vn -0.4133839768181511 -0.8491045551066063 -0.3288390825422402
vn -0.4133809984220867 -0.8491064662265723 -0.3288378919099526
vn -0.4133942823289109 -0.8490978684812551 -0.32884339293705445
vn 0.49141670185096464 -0.8491290965261986 -0.19362180294202885
vn 0.4914149564607016 -0.8491301998893054 -0.19362139396945555
vn 0.4914202829274321 -0.849126959048936 -0.1936220879544207
vn 0.6951599694558747 -0.6980977035733764 0.1714998925121701
vn 0.6951617387303174 -0.6980943467688018 0.17150638476418906
vn 0.6951659652718134 -0.6980864735451395 0.17152129949664827
vn 0.5519181494348784 -0.6980856662598945 0.45613896883171284
vn 0.551899003290179 -0.6980959613518355 0.45614637882105724
vn 0.5519113698051716 -0.6980894407045949 0.45614139546474536
vn 0.3502993046136779 -0.7036219952794368 0.618228505446132
vn 0.35029867540158954 -0.7036229421981041 0.6182277842546186
vn 0.3502998145527669 -0.7036211078374104 0.6182292265252045
vn -0.012554758671417327 -0.6980932679478206 0.7158967574173212
vn -0.0125530897855943 -0.6980851045678902 0.7159047469581918
vn -0.012553569487782452 -0.6980857641715701 0.7159040953606218
vn -0.32190370553496817 -0.698098480567086 0.6395596264561909
vn -0.3218703105429434 -0.6980985096547461 0.6395764020105899
vn -0.3218228007339244 -0.6980987970376914 0.6395999957022367
vn -0.567492705500618 -0.6980803983958942 0.436618582493941
vn -0.567492736497684 -0.698080376921155 0.4366185765401975
vn -0.567492705500618 -0.6980803983958942 0.436618582493941
vn -0.7007299598775297 -0.6981069382984296 0.1470517800967678
vn -0.7007193089160564 -0.6981186986153851 0.1470467026347931
vn -0.7007313128757426 -0.6981054303408288 0.14705249159427514
vn -0.700713031804843 -0.6981172495494714 0.1470834896932556
vn -0.7007222291216052 -0.6981071348935811 0.14708768074017559
vn -0.7007246714071084 -0.6981044511851765 0.14708878311021395
vn 0.7006998673063405 -0.6981257215069581 -0.14710599215282202
vn 0.7006917794043684 -0.6981259781881523 -0.14714329360856193
vn 0.7007084989834325 -0.698125293318564 -0.14706690409896458
vn 0.5486493121645882 -0.7009108080597696 -0.455749900061783
vn 0.5486312964269984 -0.7009124576540867 -0.4557690503820318
vn 0.5486563994612 -0.7009102047875966 -0.4557422957712851
vn 0.012543969835406274 -0.6980785158027045 -0.7159113315177109
vn 0.012533659807214784 -0.6980723605255775 -0.7159175139931172
vn 0.012513749585455725 -0.6980607668050544 -0.7159291668306662
vn -0.06708311421070007 -0.7048896689330747 -0.7061376710098497
vn -0.0670816816463117 -0.704889408942918 -0.706138066632586
vn -0.06708078592812755 -0.7048890935969213 -0.7061384665116153
vn -0.5518900217694457 -0.6980978328515502 -0.4561543813658813
vn -0.5519200634683499 -0.6980775088786451 -0.4561491369485181
vn -0.5518837614448625 -0.6981020624579126 -0.4561554825336187
vn -0.5522776242778756 -0.672696172790079 -0.492411702577798
vn -0.5522785144306711 -0.6726942010659136 -0.49241339781787347
vn -0.5522760646676589 -0.6726993793950548 -0.4924090711559974
vn -0.9612713686229662 -0.0024037357063729525 -0.27559313837681687
vn -0.9612711237545664 -0.0024027820159118383 -0.27559400079504115
vn -0.9612711597247785 -0.0024028417943104674 -0.2755938748098205
vn -0.7464833159435582 0.000010274198619705854 -0.6654041320223001
vn -0.7464828119828104 -0.000008323230099836859 -0.6654046974172634
vn -0.7464831479915567 -2.49128959522652e-7 -0.6654043205184003
vn -0.24192347734580796 -0.004781125502345862 -0.9702835523432535
vn -0.24192347734580796 -0.004781125502345862 -0.9702835523432535
vn -0.24192350526438697 -0.004781246071388058 -0.9702835447881185
vn -0.09459899308561685 0.0000010803298599058071 -0.9955154597021688
vn -0.09459899308564275 7.870839292578701e-7 -0.9955154597024414
vn -0.09459947126838678 0.000003213409653509298 -0.9955154142580696
vn 0.27554220317355127 -0.00479417998953126 -0.961277020482906
vn 0.27554217563454014 -0.004794179563249502 -0.9612770283788643
vn 0.27554220309542826 -0.004794239127156229 -0.9612770202103603
vn 0.9702840512605329 -0.002413212803570873 -0.24195668263846767
vn 0.9702895203986281 0 -0.2419467846543952
vn 0.9702841364203769 -0.0023992056277610564 -0.2419564804325753
vn 0.769220244617154 0.00001288529912438792 -0.6389837361819898
vn 0.7692210297610778 0.000010732000497699783 -0.6389827910500654
vn 0.7692208102603628 0.00001155399940248367 -0.638983055275252
vn 0.9708879776440024 -2.1427898800397342e-7 0.2395339952204973
vn 0.9708879776440248 0 0.2395339952205028
vn 0.9708879568298665 0.000006671999457081813 0.2395340794922754
vn 0.7708723525191031 -0.000006707379708111842 0.6369896514674902
vn 0.7708722163621637 2.1536200204839377e-7 0.6369898162771828
vn 0.7708722163621815 0 0.6369898162771974
vn 0.4929952544402772 -0.000007257769880442789 0.8700319988636575
vn 0.492995138651387 0 0.8700320645045788
vn 0.49299555673797146 0.000003368589636212648 0.8700318275932611
vn -0.017450388871539303 -0.000017392498543078187 0.9998477302198234
vn -0.017448417754921317 0.000009592618832473968 0.9998477647251263
vn -0.017449726794734763 -0.000014453198269905667 0.9998477418216707
vn -0.017440667568170823 -0.000006680379175091456 0.9998478999678647
vn -0.017439898530031687 0.0000024558997356920514 0.9998479134014485
vn -0.017439538107547954 0.000015257898224999076 0.999847919574668
vn -0.7925393783257026 0.0000027837198358242895 0.6098207390662929
vn -0.7925396620010128 -0.0000015767299262478596 0.6098203703983939
vn -0.7925402580772645 -0.000014025698978177029 0.6098195955609353
vn -0.7925837974565404 1.2856599633583078e-7 0.6097630064290169
vn -0.792583826262766 -1.2703898782006385e-7 0.6097629689860294
vn -0.7925838262627724 0 0.6097629689860343
vn -0.9786717481325181 -0.000006382400109159761 0.20543030294118217
vn -0.9786717481524514 0 0.2054303029453663
vn -0.978671748144227 0.000004099680232298171 0.20543030294363993
vn -0.009156346590208139 -0.8512861978858582 0.5246217405008674
vn -0.009155391014145541 -0.8512883400200437 0.5246182811924269
vn -0.009151934406495905 -0.8512973562552644 0.5246037107468997
vn 0.4044265742085012 -0.8513211597438947 0.3342026765995237
vn 0.4044246681651695 -0.8513231294448534 0.33419996566683513
vn 0.40442691438899253 -0.8513209473325462 0.3342028060184636
vn -0.4158073124897556 -0.8513178942555323 0.3199408098389027
vn -0.41579303986194716 -0.8513273172866308 0.31993428519605344
vn -0.41580426592087616 -0.8513199666350879 0.31993925493823683
vn -0.12793260563441197 -0.849108262203743 -0.512492348696963
vn -0.12793259354395733 -0.8491082212541875 -0.5124924195611741
vn -0.12793260563441197 -0.849108262203743 -0.512492348696963
vn -0.5077316166851616 -0.8491203192042291 -0.14561349158913864
vn -0.5077367313060178 -0.8491191676868559 -0.14560237205987275
vn -0.5077341047995981 -0.8491197572075195 -0.1456080929865979
vn 0.5125216189068458 -0.8491031433777575 -0.127849294323893
vn 0.5125166933871206 -0.8491060998997776 -0.1278494040366276
vn 0.5124998649420692 -0.8491161996616455 -0.12784978649385945
vn 0.1455614883387782 -0.8491283763445018 -0.5077330534829793
vn 0.1455614883387782 -0.8491283763445018 -0.5077330534829793
vn 0.14556148689560733 -0.8491283083211648 -0.5077331676583446
vn 0.7063909636154561 -0.6987030970723245 -0.11325099851201975
vn 0.7064066508909634 -0.69868743218229 -0.1132497933222423
vn 0.7064041876393663 -0.6986898567240772 -0.11325019998417374
vn -0.5906362318945951 -0.6980004056970898 0.4049003275128981
vn -0.5906339672271953 -0.6979886639476829 0.4049238715585847
vn -0.5906365356235681 -0.6980014257189572 0.4048981260525821
vn -0.3309350841325286 -0.7007090904623196 0.6320512167804642
vn -0.3309160061722223 -0.7007194521957769 0.6320497181183425
vn -0.33091458868038626 -0.7007203142300998 0.6320495045672933
vn -0.049627477176738856 -0.6686394448556251 0.7419288417983454
vn -0.049657157950032366 -0.6686606921938263 0.7419077067797575
vn -0.04964131044478539 -0.668648710037151 0.7419195663028292
vn 0.33564837422095894 -0.7047016934305785 0.6250885474546003
vn 0.3356492048493934 -0.7047029996437663 0.625086628857991
vn 0.3356473730465871 -0.7046994538679489 0.6250916098342224
vn 0.5313940778700988 -0.6980180320900764 0.4799907924967772
vn 0.531387618628491 -0.6980166919683063 0.47999989218953387
vn 0.53137199806698 -0.6980175805932585 0.48001589229216063
vn 0.5275091018943903 -0.63800186960128 0.5609703751570534
vn 0.5275027807015641 -0.6380096144553509 0.560967510836993
vn 0.5275156965663793 -0.6379943930858766 0.5609726769345111
vn -0.7080958577217836 -0.6980129570671901 0.10666849602187385
vn -0.7080958504059826 -0.6980129498555621 0.1066685917773599
vn -0.7080957906641377 -0.6980130093249608 0.10666859920727255
vn -0.6836903784582222 -0.6979855394236978 -0.2130343943100794
vn -0.683690602302392 -0.6979851669166907 -0.2130348964082459
vn -0.6836861490211517 -0.6979896546891612 -0.213034484493786
vn -0.5222853300394698 -0.6979764537203512 -0.4899458174916124
vn -0.5222876043160246 -0.6979718169865915 -0.48994999854093646
vn -0.5222960175005168 -0.6979575238048106 -0.4899613914048302
vn -0.18078609264712206 -0.7046894608005857 -0.6860970430937346
vn -0.18078207613345973 -0.7046934227331869 -0.6860940321161975
vn -0.18079000808259485 -0.7046853937693756 -0.6861001885917212
vn 0.06130950587201791 -0.6980087231422045 -0.7134598565491391
vn 0.06130743148414662 -0.698009385611401 -0.7134593866809877
vn 0.06131308732826729 -0.6980079648145431 -0.7134602906803826
vn 0.36618751624826873 -0.6978915994090681 -0.6155111846410076
vn 0.36618751624826873 -0.6978915994090681 -0.6155111846410076
vn 0.36618751624826873 -0.6978915994090681 -0.6155111846410076
vn 0.5938563980454215 -0.6987243338890848 -0.3988970841354602
vn 0.5938540764825304 -0.6987278541144408 -0.39889437415149087
vn 0.593853397529213 -0.6987287803713448 -0.39889376245284125
vn -0.9888404817610357 0 0.14897819179532004
vn -0.9888404817610357 0 0.14897819179532004
vn -0.9888404817610357 0 0.14897819179532004
vn -0.9886436669554226 0.00010224499633799744 0.1502787055270836
vn -0.9886437295564594 0.0001092659975996987 0.15027828875002633
vn -0.9886437296936018 0.00010798899426318576 0.15027828877087257
vn -0.7293372027668681 -0.00017258600265172573 -0.6841543794161317
vn -0.7293382094160169 -0.00019482300043405622 -0.6841533003134872
vn -0.7293378364667946 -0.00018916700276216413 -0.6841536994811767
vn -0.7338630830054792 0.00028504202387797127 -0.6792973532649289
vn -0.7338624478801944 0.00030139696416954146 -0.6792980323474807
vn -0.7338620454415314 0.0003099259642110716 -0.6792984632738899
vn -0.25477120788808033 0.0002085319907352329 -0.9670013382336434
vn -0.25477031349082047 0.00020129699635918432 -0.9670015754089072
vn -0.2547712078818094 0.00020864999221303942 -0.9670013382098417
vn 0.07348573017891849 0.0004002699757831678 -0.9972961883232172
vn 0.07348573017880035 0.0004002739921110235 -0.9972961883216139
vn 0.07348573017777045 0.0004003090040125475 -0.9972961883076369
vn 0.5117800254330866 -0.0003888870428932487 -0.8591164381703897
vn 0.5117800254235345 -0.0003889350351025868 -0.8591164381543547
vn 0.5117800254271319 -0.00038891696162654163 -0.8591164381603936
vn 0.4989288361243636 0.0004933799413512562 -0.8666428174627776
vn 0.4989278700323865 0.0004746549902621619 -0.866643384101896
vn 0.49892807746181017 0.00047802698808358164 -0.8666432628310569
vn 0.9873854207784765 0.00002108789946883465 -0.15833518367504795
vn 0.9873850531820105 -0.000013260198352287076 -0.1583374768553715
vn 0.9873851773970581 -0.000001932490068468805 -0.15833670279769585
vn 0.9935717327711984 -0.002815007625546391 -0.11316928722098883
vn 0.9935716856519414 -0.0028195965200159133 -0.11316958666631283
vn 0.9935716661377324 -0.0028218031698561616 -0.11316970299139713
vn 0.6850599468199389 0.000020520797454565964 0.7284866977796915
vn 0.6850604379864419 0.0000013327198689670474 0.7284862361802372
vn 0.685060192397093 0.000015144199769975333 0.7284864669734856
vn 0.5948637750561555 -0.0047880411362486415 0.803812268995701
vn 0.5948637750561555 -0.0047880411362486415 0.803812268995701
vn 0.5948637750561555 -0.0047880411362486415 0.803812268995701
vn 0.47307582488934036 0.00001967880002740494 0.8810217156903767
vn 0.4730742742905189 -0.0000019222499690217127 0.8810225485200727
vn 0.4730745801239427 -0.000009413810302205945 0.8810223842513512
vn 0.11319559537124074 -0.0046886199875794 0.9935616609104653
vn 0.11319628541721208 -0.004688679782450739 0.9935615820117255
vn 0.11319549972287167 -0.004688680107969393 0.9935616715238841
vn -0.8038431266918774 -0.0023204076167988668 0.5948368207993837
vn -0.8038512655214364 0 0.5948303480149486
vn -0.8038430143706281 -0.002327441683196152 0.5948369451057605
vn -0.46381131418649807 0.000021282600123215733 0.885934006785858
vn -0.4638111015252264 0.000013763099618810756 0.8859341182686968
vn -0.463810724006908 0.0000015255100543647617 0.885934316015505
vn 0.3141526822678416 -0.8491800874268673 0.42450120299195704
vn 0.3141526822678416 -0.8491800874268673 0.42450120299195704
vn 0.3141526822678416 -0.8491800874268673 0.42450120299195704
vn 0.5248199142936364 -0.8491106690324098 -0.05979238493448483
vn 0.5248336165933999 -0.8491054128729555 -0.05974673818159304
vn 0.5248355981959918 -0.8491041252711573 -0.059747630193658155
vn -0.4245790943024214 -0.8491035907488934 0.31425417238068826
vn -0.4245919076168269 -0.849095242729703 0.31425941634275756
vn -0.42458665990050165 -0.8490986947846564 0.3142571793126269
vn 0.059741184201369084 -0.8491556060611415 0.5247530348698841
vn 0.059741184201369084 -0.8491556060611415 0.5247530348698841
vn 0.059741184201369084 -0.8491556060611415 0.5247530348698841
vn -0.5187191962046646 -0.8513057826063567 0.07879631964606833
vn -0.5187108362327615 -0.851311181483073 0.0787930241620636
vn -0.5187102542075414 -0.8513115621226568 0.07879274316984884
vn -0.38507485555362403 -0.8512783087157716 -0.3564303532674667
vn -0.38507238664766014 -0.8512800476116035 -0.35642886748951896
vn -0.38507485555362403 -0.8512783087157716 -0.3564303532674667
vn 0.26184460548047306 -0.8512911805446383 -0.4546875064345749
vn 0.2618438874920646 -0.8512929001950261 -0.45468470027106067
vn 0.26184151309646664 -0.8512977600009591 -0.45467696866753937
vn 0.03859740490174678 -0.8513250338805428 -0.5232169024631594
vn 0.03859733794641741 -0.8513250360839043 -0.5232169038173261
vn 0.03859733347183763 -0.8513250791617876 -0.5232168340554804
vn 0.6128066862697493 -0.6981226302106563 -0.37026039276547534
vn 0.612763786472007 -0.6981224691095341 -0.37033168931769267
vn 0.6127508666519829 -0.6981222983842437 -0.37035338788236444
vn 0.712766061891001 -0.6981286510326312 -0.06768255036383004
vn 0.712780970819071 -0.6981154860127955 -0.0676613318472307
vn 0.7127719560541235 -0.6981234588692895 -0.06767403371425458
vn 0.4973435429897489 -0.6980735698873538 0.5151142506969978
vn 0.497376982181324 -0.6980378680882565 0.515130344972028
vn 0.4974280322532405 -0.698055151601612 0.5150576259518147
vn 0.31414267392656536 -0.7058652633072346 0.6348768466990082
vn 0.31414366086580847 -0.7058735561332449 0.634867138139654
vn 0.31414278150744285 -0.7058545679476858 0.6348886845220607
vn -0.0926589258922212 -0.6980862904987314 0.7099928552247696
vn -0.09266029225827496 -0.6980928127997761 0.7099862639205833
vn -0.09265840027514102 -0.698078511183301 0.7100005725931195
vn -0.3915164765016576 -0.6981103413697113 0.5994637602894708
vn -0.39146739233520483 -0.6981120703653497 0.5994938014262364
vn -0.3915072049736089 -0.6981120645446559 0.5994678088029003
vn 0.39153318074292043 -0.6980810425229882 -0.5994869693724372
vn 0.39152989023166673 -0.698091093856682 -0.5994774138640755
vn 0.39152999982554487 -0.6980897654104113 -0.5994788892578667
vn 0.06566268424045918 -0.7008537883222054 -0.7102762696956382
vn 0.06566244151134926 -0.7008540999413239 -0.7102759846497735
vn 0.06565886079157611 -0.7008609865981899 -0.7102695202978686
vn -0.16548900703634253 -0.7035936882181433 -0.691063897515791
vn -0.16546869719781726 -0.7035921403881291 -0.6910703366747183
vn -0.16556839844926358 -0.7036010111931366 -0.6910374248063138
vn -0.3141421947876595 -0.7058274687908195 -0.6349191017400068
vn -0.31414351566462473 -0.7058249869086234 -0.634921207254342
vn -0.3141422026318012 -0.7058282016711056 -0.6349182831289184
vn -0.6957017577259479 -0.6440943888484767 -0.3180274870996748
vn -0.6957011186873882 -0.6440951194844172 -0.3180274052868257
vn -0.6957124771928812 -0.6440824592463292 -0.31802819807266347
vn -0.7128091781781886 -0.6980876659387805 0.06765120966457985
vn -0.712814153104454 -0.6980824478978527 0.06765263535829076
vn -0.7128144893712818 -0.6980820693504314 0.06765299840937077
vn -0.6125790663965179 -0.6980947469382713 0.37068937361348947
vn -0.6125790663965179 -0.6980947469382713 0.37068937361348947
vn -0.6125790663965179 -0.6980947469382713 0.37068937361348947
vn -0.85589612129597 0 0.5171477830857577
vn -0.85589612129597 0 0.5171477830857577
vn -0.85589612129597 0 0.5171477830857577
vn -0.8746405747494054 -0.002387939927079796 0.48476609075401966
vn -0.8746396464543305 -0.0024163723437751377 0.48476762473884377
vn -0.8746405726311735 -0.00238895389873655 0.48476608957999795
vn -0.8572241853034933 -0.004818974634767419 -0.5149208420856859
vn -0.8572241589919235 -0.004818974952515485 -0.5149208858853914
vn -0.8572241853034933 -0.004818974634767419 -0.5149208420856859
vn -0.9094555214623753 0.000015489800438556504 -0.41580121962503347
vn -0.9094557215274406 0.000003818419393338446 -0.4158007823061688
vn -0.9094557994562752 -0.000001969750024133958 -0.41580061187000095
vn -0.44343626301415545 -0.006201027399213786 -0.8962844570242391
vn -0.44343624284256244 -0.006199656161375443 -0.8962844764901111
vn -0.4434365298827695 -0.0062081799376227185 -0.896284275477033
vn -0.4848272625446166 -0.0035999406576937383 -0.8746025188168361
vn -0.4848272627522687 -0.0035998216827736198 -0.8746025191914295
vn -0.48482726879997523 -0.003594933692807756 -0.8746025359440144
vn 0.5467456544219782 0.000011078998724811254 -0.8372987455191477
vn 0.5467469830206124 -0.000012612899217829748 -0.8372978779375789
vn 0.5467467340413202 -0.000007634980692909278 -0.8372980405786561
vn 0.5149709651899377 -0.0023967617049506225 -0.8572042700224223
vn 0.5149719750988566 -0.002416193036428614 -0.8572036087616484
vn 0.5149716146217905 -0.0024101128836234004 -0.8572038424375583
vn 0.09208445976014998 -0.000009374690287202602 -0.9957511999404252
vn 0.09208505622116867 0.0000036018898383324375 -0.9957511448187095
vn 0.09208456318699977 -0.000004264989406619933 -0.995751190410772
vn 0.9955122187613928 -0.00001197679887384578 -0.09463309227392369
vn 0.9955122474495449 -0.000018007098339911686 -0.09463278952720623
vn 0.9955120936822767 0.000005032869595423775 -0.09463440868415833
vn 0.9955204757107764 0.000008731150074441869 -0.09454619169674018
vn 0.9955205435971946 -0.0000034300597175727835 -0.094545477227528
vn 0.9955203851870851 0.000023117297398013286 -0.09454714243459794
vn 0.6947370738483546 0.000004377220175078131 0.719263789024212
vn 0.6947366186525833 -0.000008379110339214642 0.7192642286621554
vn 0.6947373163298276 0.000004253349750573811 0.7192635548119606
vn 0.6946629392544943 0.0000032642899942817754 0.7193353882686793
vn 0.6946638484914421 0.000021422300848079185 0.7193345099049147
vn 0.6946623935915707 -0.000009374690327192339 0.719335915161856
vn 0.3137895819884854 -0.0033010838686917594 0.9494868093242703
vn 0.31379487983351056 -0.003300725469025321 0.9494850597042855
vn 0.31379508566623016 -0.0033007259054073394 0.9494849916771831
vn -0.12934039252311255 0.000010062600049220152 0.991600253509806
vn -0.12934039252966079 0 0.9916002535600086
vn -0.12934020203993501 0.00001536869972855931 0.9916002782876132
vn -0.5466924713453363 -0.000015409699157270443 0.8373334709283212
vn -0.5466923187262226 -0.000010087998945220295 0.8373335706538815
vn -0.5466923187540403 0 0.8373335706964882
vn 0.3645398550690894 -0.8512932503835475 0.37737315208904576
vn 0.3645416894337183 -0.851291083363312 0.3773762685317257
vn 0.3645367587450803 -0.8512968339423305 0.37736805911920424
vn 0.5223082348910125 -0.851310439277009 -0.04964517844686119
vn 0.5223119152949214 -0.8513082093197909 -0.0496446964506953
vn 0.5223085311206965 -0.8513102575397798 -0.049645178276385836
vn -0.28678696933473186 -0.8513149496158522 0.4393359657259561
vn -0.2867853721693155 -0.8513164162239224 0.43933416641249834
vn -0.28678896947455046 -0.8513133503363726 0.43933775904967
vn 0.16460068399817326 -0.8511803086019945 0.49839612465943917
vn 0.16460068399817326 -0.8511803086019945 0.49839612465943917
vn 0.16460068399817326 -0.8511803086019945 0.49839612465943917
vn -0.45275669748159003 -0.8490520018057186 -0.27225368889193374
vn -0.45275669748159003 -0.8490520018057186 -0.27225368889193374
vn -0.45275669748159003 -0.8490520018057186 -0.27225368889193374
vn -0.46203505034773257 -0.849086445843989 0.2560777611082054
vn -0.46202355991134925 -0.8490960665601847 0.2560665925865109
vn -0.46201951125364626 -0.8490992934042588 0.2560631975925673
vn 0.2719897872421415 -0.8490941953747756 -0.45283617679778737
vn 0.2719836837031823 -0.849099101490156 -0.4528306434505699
vn 0.2719835917324262 -0.8490992126956137 -0.4528304901704585
vn -0.2561166548243346 -0.8490985511769189 -0.46199124397638713
vn -0.2561166548243346 -0.8490985511769189 -0.46199124397638713
vn -0.256116688581231 -0.8490985046827961 -0.4619913107144164
vn -0.6836824421527808 -0.6980146174168548 -0.21296457960048554
vn -0.6836858967099323 -0.6980121114568822 -0.21296170289383182
vn -0.6836976672511561 -0.6980040938509219 -0.21295019315013788
vn -0.6837096620125899 -0.6979638739954788 -0.21304349008560106
vn -0.683730370727391 -0.6979493569048946 -0.21302458858316894
vn -0.6836984048777628 -0.6979715117025099 -0.21305459398782262
vn 0.36647667372421333 -0.6979405072827608 -0.6152835898266091
vn 0.36646999291557714 -0.6979503891166484 -0.6152763595526612
vn 0.36647561293702086 -0.697941782017457 -0.6152827756704483
vn 0.5938599761729874 -0.6987345284587673 -0.3988738991703051
vn 0.5938685516841076 -0.6987222410096093 -0.3988826559768297
vn 0.5938674612173848 -0.6987237700426814 -0.3988816010855352
vn 0.7064071521690369 -0.6986905557977402 -0.1132273933439962
vn 0.7064017570009524 -0.6986958301968502 -0.11322850600224968
vn 0.7063902172180824 -0.6987074167600937 -0.11322900151033331
vn -0.5906412771349783 -0.6979941330439856 0.404903781138849
vn -0.5906409552037668 -0.6979930319069698 0.4049061489349076
vn -0.5906410009344961 -0.6979935519531842 0.40490518574954565
vn -0.330903287871698 -0.7007228650992627 0.6320525930670489
vn -0.3309183688118247 -0.7007143436788971 0.6320541446312758
vn -0.33093369259113253 -0.7007061296415314 0.6320552278011653
vn -0.04961966631109975 -0.6694377536504258 0.7412091356038774
vn -0.04962419957493274 -0.6694376884557881 0.741208890995999
vn -0.04962699564396239 -0.6694377764067739 0.741208624358155
vn 0.687576445759663 -0.6979918801880136 0.20011488307497452
vn 0.6875840259689593 -0.697983903743235 0.20011665934567188
vn 0.6875875848800818 -0.6979808471773847 0.20011509211530357
vn 0.987385610820622 0.000019796199525272892 -0.15833399872578827
vn 0.9873849221180944 -0.000007931140371290826 -0.15833829451823006
vn 0.9873854209356174 0.000011242899163241088 -0.15833518370024674
vn 0.9935514795095298 -0.0071885580174588706 -0.11315379886709043
vn 0.9935513151364866 -0.007195531865389376 -0.11315479888953893
vn 0.9935504920702435 -0.007227539176933001 -0.11315998579190042
vn 0.685008491052871 -0.000027432998733654563 0.7285350824997374
vn 0.685012147141035 0.000056788291358359665 0.7285316431317991
vn 0.6850108572672712 0.000014804299246389742 0.7285328580145103
vn 0.2638540892445466 -0.000007741619894473425 0.9645626052926779
vn 0.2638646050575926 -0.00003176560111873077 0.9645597281603391
vn 0.2638764039394452 -0.000058457298044664435 0.9645564991366402
vn 0.11323867888851077 -0.012204458168042092 0.993492854933748
vn 0.11323290172945139 -0.012167929515560462 0.9934939614598735
vn 0.11323629212472193 -0.012189619127751435 0.993493309152792
vn -0.8038116927725645 -0.006008504599330654 0.5948534781226249
vn -0.8038119866976928 -0.005993067896651903 0.5948532366712768
vn -0.80381225164927 -0.005977689651987035 0.594853033382999
vn -0.4638573956959848 -0.00000953674070614428 0.885909880499811
vn -0.4638570170026016 -0.00001613239846637708 0.8859100786858641
vn -0.46385720635678895 -0.000011971200433222404 0.885909979607164
vn -0.9886479257885934 0.00019221100723170812 0.15025059696666918
vn -0.9886479351047863 0.00021205101745214495 0.15025050897553846
vn -0.988647927138125 0.00018497301590459994 0.15025059717176537
vn -0.9547620869502724 -0.0002079829688167134 -0.2973706677960096
vn -0.9547619856858179 -0.0001957759967254657 -0.2973710012106644
vn -0.9547619938222622 -0.00019750699238751997 -0.2973709739425257
vn -0.3665392356905763 -0.009303926383819529 -0.9303560746580917
vn -0.3664894135054842 -0.009303808291107095 -0.9303757031112153
vn -0.36648986147089807 -0.009303807383408313 -0.9303755266596464
vn -0.254773107371761 0.00041331300875946234 -0.967000771939968
vn -0.25477260449753103 0.00041094399216323827 -0.9670009054404137
vn -0.2548075033873344 0.0004999940310204678 -0.9669916681251616
vn 0.5116447711218983 -0.0010769360032844104 -0.8591964085076621
vn 0.5116435274862212 -0.0010862938330412804 -0.859197137301542
vn 0.5116417995768191 -0.0010977979964532174 -0.8591981516305498
vn 0.49896177731744346 0.0013970729219472803 -0.8666228666285405
vn 0.498964103750843 0.0014144770178399024 -0.8666214989387719
vn 0.4989615475811158 0.0013958208994471494 -0.8666230009176279
vn 0 -1 0
vn 0 -1 0
vn 0 -1 0
vn 0 -1 0
vn 0 -1 0
vn 0 -1 0
vn 0 -1 0
vn 0 -1 0
vn 0 -1 0
vn 0 -0.9999999999996902 -7.871270213397401e-7
vn 0 -0.9999999999996902 -7.871270213397401e-7
vn 0 -0.9999999999996902 -7.871270213397401e-7
vn -0.6837002972987527 -0.6979981993431577 -0.2129610696519594
vn -0.6837017634726122 -0.6979962687980062 -0.21296269008561436
vn -0.6837145957528244 -0.6979816833018379 -0.21296929668307757
vn -0.18082689185111767 -0.7046798637651962 -0.6860961483548272
vn -0.18082738771667653 -0.7046802986165854 -0.6860955710345334
vn -0.18081309952378083 -0.7046713061886715 -0.6861085725123647
vn 0.061365838307985934 -0.69796400368372 -0.71349876205257
vn 0.06123970684800529 -0.6979858123423792 -0.7134882648466752
vn 0.06132899353736605 -0.6979700645787137 -0.7134960010425287
vn 0.3661328660908828 -0.6978853548403592 -0.6155507744024223
vn 0.3661328660908828 -0.6978853548403592 -0.6155507744024223
vn 0.3661328660908828 -0.6978853548403592 -0.6155507744024223
vn 0.5938184230195269 -0.6986993514629876 -0.3989973643369123
vn 0.5938134848310356 -0.698706574211225 -0.3989920655687719
vn 0.5938125316558401 -0.698707945705369 -0.3989910824274962
vn 0.7063989794521014 -0.6987006817823127 -0.1132158959950451
vn 0.7064052032820101 -0.6986943890148545 -0.1132158978909829
vn 0.7064011495887478 -0.6986984415593595 -0.11321618092047656
vn -0.5906257852646956 -0.6979870463991398 0.40493859391204806
vn -0.5906288729212414 -0.6980052714934983 0.4049026740329973
vn -0.5906301186239389 -0.6980114632918852 0.40489018275007954
vn -0.3309344828594676 -0.700706695209941 0.6320541870302734
vn -0.3309167861253969 -0.7007166019569718 0.6320524696592151
vn -0.33093242218565333 -0.7007080008765232 0.6320538184790621
vn -0.04958741893081426 -0.6694506614270759 0.7411996355899201
vn -0.049617580495220255 -0.669450573325873 0.7411976966906064
vn -0.04963450687038088 -0.669450665051663 0.7411964805566874
vn 0.6875766930236832 -0.6979813987502487 0.20015058883066517
vn 0.6875786559028886 -0.697979606475305 0.20015009590643545
vn 0.6875865466051116 -0.6979714638743099 0.20015138406918304
vn 0.987384060201535 -0.0000031217895667320194 -0.15834366943514308
vn 0.9873842005299794 -0.000015549800089058746 -0.15834279365344453
vn 0.9873839779671771 0.000008895988832017448 -0.1583441820041856
vn 0.9170064063787113 -0.010787598475448463 0.3987265709474784
vn 0.9170055493086127 -0.010804768773888683 0.398728077151525
vn 0.9170056180265911 -0.01080208946616393 0.3987279917071726
vn 0.6850253878460235 0.000029206299326010167 0.7285191947734783
vn 0.6850230833776924 0.000021224798253393347 0.7285213619306075
vn 0.6850185989491778 -0.0000015168900516028309 0.7285255788861532
vn 0.2638620662357706 0.000025734297404999846 0.964560422855684
vn 0.26386510688580517 -0.000008769329512814107 0.9645595913634581
vn 0.2638634756843218 0.00001104179870843534 0.9645600375704294
vn 0.11320068855935836 -0.012173407892543694 0.9934975652964476
vn 0.11320228993253281 -0.012173469305885459 0.9934973820796354
vn 0.1132020037325376 -0.012173470837537495 0.993497414671375
vn -0.8037928707090818 -0.006004213648010538 0.5948789544232695
vn -0.8037929349739241 -0.006001173380346741 0.594878898267592
vn -0.8037927850628859 -0.0060073119433063735 0.5948790388676215
vn -0.46385713509568244 0.000009462239902543908 0.8859100169494031
vn -0.4638550335078805 -0.000012192898025005872 0.8859111172915352
vn -0.4638557184643556 -0.00000645964889771851 0.8859107587145497
vn -0.9886463000970745 0.00019229200000767018 0.15026129351283926
vn -0.9886463005685072 0.00018979599746212316 0.15026129358449083
vn -0.9886462990869426 0.00019753399242248356 0.15026129335931243
vn -0.9547653271487581 -0.00019447498347325608 -0.29736027349665595
vn -0.9547652957154802 -0.0001810229977983252 -0.2973603829160938
vn -0.9547652952590274 -0.00018364499083399822 -0.2973603827739322
vn -0.7338620547815782 0.0006895599770031303 -0.6792981738962633
vn -0.7338620466862577 0.0007053759222810677 -0.6792981664028435
vn -0.7338619008843612 0.00070856090341363 -0.6792983206013673
vn -0.2548171043763941 0.00040564701566579296 -0.9669891823426611
vn -0.25481948100189944 0.0004019459568454989 -0.9669885576062264
vn -0.2548076799689871 0.0004199869567055021 -0.9669916596536801
vn 0.07352643363058022 0.0010795588462718033 -0.9972926842759177
vn 0.0735289397642918 0.0010946980009569867 -0.9972924830025671
vn 0.07352823176930219 0.0010902880692301535 -0.9972925400326657
vn 0.5116843499863688 -0.0011013739101605959 -0.8591728073877438
vn 0.5116841917858683 -0.0011013740709452725 -0.8591729016045597
vn 0.5116841215493949 -0.0011014341183670849 -0.859172943357219
vn 0.8255392914184145 0.00000999576878424263 -0.5643446448974836
vn 0.825539365651783 0.000028245198854739463 -0.5643445356884926
vn 0.8255391701708943 -0.0000060282200026972975 -0.564344822318068
vn 0 -1 0
vn 0 -1 0
vn 0 -1 0
vn 0 -0.9999999999995242 -9.756760164232125e-7
vn 0 -0.9999999999995242 -9.756760164232125e-7
vn 0 -0.9999999999995242 -9.756760164232125e-7
vn 0 -0.9999999999994225 0.0000010747500027712864
vn 0 -0.9999999999994225 0.0000010747500027712864
vn 0 -0.9999999999994225 0.0000010747500027712864
vn 0 -0.9999999999988081 -0.0000015440200513676031
vn 0 -0.9999999999988081 -0.0000015440200513676031
vn 0 -0.9999999999988081 -0.0000015440200513676031
vn 0 -1 0
vn 0 -1 0
vn 0 -1 0
vn -0.13887000463860824 0.9798184305279225 -0.14377400672399557
vn -0.13886518463526282 0.9798184412482692 -0.14377858910848515
vn -0.13886668030763863 0.9798184208478128 -0.14377728355910116
vn 0.07315049352267071 0.82485008598412 -0.5605990911064515
vn 0.07305573764024938 0.8248499735720803 -0.5606116127016791
vn 0.07310067142932616 0.8248499660901739 -0.5606057663613717
vn -0.834086720760026 0.5459020763841367 0.07931119247164602
vn -0.8340817227546405 0.5459020821337439 0.07936369754928382
vn -0.8340832019575458 0.5459020749911001 0.07934819930319309
vn 0.4072974148146854 0.5422651930083384 0.7348858934126464
vn 0.4072837073830917 0.5422657912344923 0.7348930489242053
vn 0.40732198027928623 0.5422648068214265 0.7348725628735105
vn 0.8745442049454007 0 -0.48494580480339955
vn 0.8745442049454007 0 -0.48494580480339955
vn 0.8745442049454007 0 -0.48494580480339955
vn 0.8747076054332915 0 -0.48465101361408214
vn 0.8747076054332915 0 -0.48465101361408214
vn 0.8747076054332207 4.021380112153413e-7 -0.4846510136140429
vn 0.9998465244543412 -6.142029217995687e-7 0.017519347482068386
vn 0.999846524433234 -0.000006526709554135098 0.017519347481698547
vn 0.9998465244471836 0.000003833320103704195 0.01751934748194297
vn 0.999846822988211 0.000005949869360221605 0.017502300562492076
vn 0.9998467916664039 0.00000520624995290272 0.01750409001614914
vn 0.9998468051602871 0.000005535779958908488 0.017503319117300107
vn 0.8572040534803493 0.000009214849970653226 0.5149769029888087
vn 0.8572028005542368 0.00001465899866639381 0.5149789884132039
vn 0.8572046167517667 0.000006787479383944926 0.5149759654327443
vn 0.8571933406070661 0.00001982409752692356 0.5149947343671616
vn 0.8571932300529674 0.00001982529826009421 0.5149949183810631
vn 0.8571931879318736 0.00001984180053663261 0.5149949884896889
vn 0.48481105197557534 -0.0000028421898982833034 0.8746189135127699
vn 0.4848115178314468 -0.0000028391396160295278 0.8746186552834944
vn 0.4848106317146166 -0.0000028598595440022808 0.8746191464679328
vn 0.4848110975713354 0.0000022816200280176087 0.8746188882401703
vn 0.4848111684402544 0.0000022806100871394 0.8746188489567294
vn 0.48481128490422953 0.0000022775500792460308 0.874618784399422
vn -0.01750111069670397 0.000006811200098885699 0.9998468438105853
vn -0.01750068882485409 0.000006827059966115717 0.9998468511947451
vn -0.01750141049072859 0.0000067999396089823986 0.999846838563085
vn -0.017530081738819425 -0.00002065300207409808 0.9998463360975445
vn -0.01753615977407386 -0.000010862399099365086 0.9998462296685359
vn -0.017531210155459487 -0.00001895430025170505 0.9998463163462772
vn -0.5063671950043708 -0.00001777030006778192 0.8623179596341608
vn -0.506366251640256 -0.000015631298044600644 0.862318513633715
vn -0.5063709058212787 -0.00002585350031137333 0.862315780366644
vn -0.5148968786941773 0.005211769694642291 0.857236281177858
vn -0.5148968788553765 0.005211709625966808 0.8572362814462335
vn -0.5148968786941773 0.005211769694642291 0.857236281177858
vn -0.8558533041025367 -8.9686385094092e-7 0.517218640282779
vn -0.8558739389232005 -0.0000018970998704271915 0.5171844938399514
vn -0.8558740499602931 -0.0000019024597318914202 0.5171843100877541
vn -0.8558712003588204 0.000005786309883199654 0.5171890257564161
vn -0.8558711316482243 0.000005707819520232789 0.5171891394631258
vn -0.855871131648968 0.000005553479635267439 0.5171891394635754
vn -0.9955056093202352 -0.000029917796641363098 0.09470259192267434
vn -0.995515278726194 -0.000030137596447439096 0.0946008927782051
vn -0.9955153396029578 -0.000030141698307026893 0.09460025214916398
vn -0.9955122532261736 1.4249198531287666e-7 0.0946327304716839
vn -0.9955122476104737 9.732558515354262e-7 0.09463278954250402
vn -0.995512247610638 7.855709331630058e-7 0.09463278954251964
vn -0.9378527147673282 0 -0.3470335508327009
vn -0.9378527147673282 0 -0.3470335508327009
vn -0.9378527147673282 0 -0.3470335508327009
vn -0.9378525574371152 0 -0.34703397601483155
vn -0.9378525574371152 0 -0.34703397601483155
vn -0.9378525574371152 0 -0.34703397601483155
vn -0.6947105739061034 0 -0.7192893843948014
vn -0.6947105739061034 0 -0.7192893843948014
vn -0.6947105739061034 0 -0.7192893843948014
vn -0.694685286525444 -0.00000966805973340341 -0.7193138067572387
vn -0.694685499233184 -0.00001047939956736497 -0.7193136013209566
vn -0.6946855290177081 -0.000010441099375219844 -0.7193135725567609
vn -0.31367490250509256 0.000005136239997149646 -0.9495304394868231
vn -0.31379708566482456 0.0000040745398913720945 -0.9494900678846835
vn -0.3137972108947985 0.000004058700209559467 -0.9494900264974732
vn -0.3137883878431341 0.0000014016399226392041 -0.9494929423923288
vn -0.3137884415784632 0.0000022036001453829135 -0.9494929246323554
vn -0.31378838784323 0.0000011634498513157411 -0.9494929423926189
vn 0.12909278250592746 0 -0.9916325193865303
vn 0.12909278250592746 0 -0.9916325193865303
vn 0.12909278250592746 0 -0.9916325193865303
vn 0.12909439553246962 0 -0.9916323093980481
vn 0.12909439553246962 0 -0.9916323093980481
vn 0.12909439553246962 0 -0.9916323093980481
vn 0.5383185730595937 4.808860000188313e-7 -0.8427414276626322
vn 0.5383185730594917 7.813800360190912e-7 -0.8427414276624723
vn 0.538318573059656 0 -0.8427414276627296
vn 0.5467070982036923 0.004601954985935413 -0.8373112747264339
vn 0.5467072781418835 0.004601954995398928 -0.837311157239
vn 0.5467072090675342 0.0046019549156868815 -0.8373112023402896
vn -0.5292614149030276 -0.7858429620414887 0.31989559813274143
vn -0.5292607595088185 -0.7858427240043347 0.3198972672180795
vn -0.5292574154661324 -0.7858409862897784 0.31990706844522543
vn -0.6716112066622437 -0.6980841930697169 -0.24822740878454036
vn -0.6716088872399545 -0.6980844368505873 -0.2482329986269119
vn -0.6716143882338418 -0.6980842737383276 -0.2482185735929411
vn -0.4973718424425066 -0.6980586508263703 -0.5151071445357889
vn -0.497390580129153 -0.6980560588570511 -0.5150925640035448
vn -0.4973751264943902 -0.6980582417291439 -0.5151045279345791
vn 0.03429811802949012 -0.9642454336730527 -0.2627820061197145
vn 0.03427040195919881 -0.9642454361881176 -0.2627856128861352
vn 0.03430288988432359 -0.9642454268700846 -0.2627814082192879
vn -0.1840945786364435 -0.9642541440422382 -0.19058628443316958
vn -0.18410088168428598 -0.964254560523867 -0.19057808864607856
vn -0.18407729727698674 -0.964253092046818 -0.19060829757738912
vn 0.43783841722691014 -0.5989822907521204 -0.6704608383534243
vn 0.4377660636334929 -0.5989813051218462 -0.670508963135741
vn 0.4377774626374749 -0.5989816230078789 -0.6705012367666009
vn 0.00002498180037106989 -0.9999999996639748 0.0000069253201194818265
vn 0.000026785399304053322 -0.9999999996410904 -6.011690059156203e-7
vn 0.000024880300762383185 -0.9999999996638562 0.000007297840054254959
vn -0.000001281499975989722 -0.9999999997128255 0.000023931299431245544
vn 0.000003218649907828286 -0.9999999998297093 0.00001817200063360136
vn 0.00001016260011886073 -0.9999999999217044 0.000007301569893908373
vn 0.00002455339926029268 -0.9999999995598892 0.000016653899358008003
vn 0.00002084580045394381 -0.9999999995379376 0.000022126399916268237
vn 0.000025983899820252192 -0.9999999995566617 0.000014543499667443658
vn 0.000008478759802077563 -0.9999999990886579 0.00004184250061195826
vn 0.000015065100328450887 -0.9999999990789676 0.00004018839896098305
vn 0.000012863400104010802 -0.9999999990875559 0.00004073599844480841
vn 0.000017091599135259718 -0.9999999992818531 -0.00003382559950595436
vn 0.000012770299680818575 -0.9999999992339745 -0.00003699960140587513
vn 0.000026434699956480253 -0.9999999992747273 -0.000027418100197006017
vn -0.000001298260030368968 -0.99999999948685 -0.00003200960052885396
vn -0.0000031143399594785005 -0.9999999995018032 -0.00003141169871268495
vn 2.1606699351811245e-7 -0.99999999948127 -0.00003220889992156087
vn 0.000004103409992194588 -0.9999999999889566 0.000002291049895549969
vn 0.0000013180499536232697 -0.9999999999988978 -6.835909971406832e-7
vn 0.000005006790161044079 -0.9999999999822773 0.0000032214400106906633
vn 0.00002872199910323063 -0.9999999995875235 0
vn 0.000028640000879908336 -0.9999999995863478 0.0000026561299353415518
vn 0.000028725700746662262 -0.9999999995874171 0
vn -0.00002957690047485693 -0.9999999995596174 -0.000002443789979967462
vn -0.0000286549002217397 -0.9999999995735431 -0.000005640089964213434
vn -0.000029608600003150386 -0.9999999995586657 -0.0000024493799617734413
vn -0.000013533000127272537 -0.9999999999079445 9.844079612779405e-7
vn -0.000010482999640732898 -0.9999999999095495 0.000008426610292337466
vn -0.000010024799847938505 -0.9999999999034204 0.000009626150130295896
vn -0.000007812869625269164 -0.9999999999163438 0.000010308799573114617
vn -0.000007541850208602682 -0.999999999916007 0.000010540699803665622
vn -0.000009584239705066167 -0.9999999999157971 0.000008749189873187772
vn 0.5688554651440723 -0.8223775635140496 0.009929894481646296
vn 0.5688597634674412 -0.8223751295380778 0.009885131511338099
vn 0.5688532553853473 -0.8223788088695948 0.009953319030313545
vn -0.009911953679569164 -0.8224263363780939 0.5687852621209167
vn -0.009881316487410627 -0.8224233821170399 0.5687900668363022
vn -0.009908317408704018 -0.8224260657991355 0.5687857167161323
vn -0.24193037327318376 -0.000022590197897246898 -0.9702936122522814
vn -0.24191129663320451 -0.00003680310034022355 -0.9702983681356853
vn -0.24191910967031321 -0.000030983500640400465 -0.9702964203872679
vn -0.24191110037311933 -0.00002121930101025583 -0.9702984175324659
vn -0.24190710272135 -0.000021193500101588642 -0.9702994142035735
vn -0.24189338437917943 -0.000021412998049114017 -0.9703028342404603
vn -0.9612756159029638 -0.000034436600947731946 -0.2755888043526042
vn -0.9612737938863158 -0.00003434719490180502 -0.2755951596230946
vn -0.9612714336675602 -0.00003418019797406889 -0.27560339193563554
vn -0.9612743687073232 -0.0000010654298235693648 -0.2755931567822436
vn -0.9612759673337059 -0.0000010818399378335601 -0.2755875806807654
vn -0.9612741013187793 -0.0000010579799589398178 -0.275594089437081
vn -0.7193183159428738 -0.00001694260174963164 0.6946806173070157
vn -0.7193165594562554 -0.000019602498031050902 0.6946824360150164
vn -0.719310585293837 -0.000028415599587595822 0.6946886216692998
vn -0.7193197509815518 0.000004313889289970911 0.6946791315630755
vn -0.719319633881678 0.000005323209677297449 0.6946792528095194
vn -0.719319399681776 0.000006931370046937703 0.694679495302262
vn 0.24190818275372636 -0.00002473589899129918 0.9702991448542685
vn 0.2419065836971156 -0.000025208997653362788 0.9702995435062808
vn 0.2419124890126682 -0.000023777598947581117 0.9702980712617754
vn 0.24190286660869617 -0.00002108509524545158 0.9703004703090244
vn 0.24188317276571206 -0.00002080399819763262 0.9703053799191191
vn 0.24189718567723967 -0.0000209808008338783 0.9703018865905789
vn 0.9612680018995524 -0.000020101697250867448 0.27561536263416786
vn 0.9612709159862095 -0.000028677298899649186 0.275605198166954
vn 0.9612685118478446 -0.000021234198959044224 0.27561358398841507
vn 0.9612800527972366 0.0000913857952696803 0.27557331464199997
vn 0.9612800527975087 0.00009138269571174672 0.27557331464207796
vn 0.9612800967982755 0.00009137448694828929 0.27557316115725283
vn 0.7192912576498027 -0.00003209379738559357 -0.6947086336289144
vn 0.7192869527006269 -0.000028967896349865106 -0.6947130910206797
vn 0.7192999845327235 -0.00003877280027098569 -0.6946995974864919
vn 0.7192975829592609 -0.00003888459805968536 -0.6947020840885344
vn 0.7192954155885978 -0.00003864239482368489 -0.6947043282001283
vn 0.7192946842194765 -0.00003859029766442204 -0.6947050854602927
vn -0.000012002899891549752 -0.9999999998325602 0.00001381340007124611
vn 0.0000026747600254734816 -0.9999999998362841 0.000017896300047849335
vn -0.000007066879787917266 -0.9999999998597482 0.000015184299625305768
vn 0 -0.9999999999999705 -2.4309900936713537e-7
vn 0 -0.9999999999999705 -2.4309900936713537e-7
vn 0 -0.9999999999999705 -2.4309900936713537e-7
vn 0.000011116299900195348 -0.999999999845365 -0.000013627100086235332
vn 0.000012880200299911431 -0.9999999998472342 -0.000011816599906537878
vn 0.000009853390109366062 -0.9999999998394873 -0.000014964500221466534
vn 0.000031137398749133386 -0.9999999995142541 -0.0000013979199586659836
vn 0.00003036579981583472 -0.9999999995276261 0.00000476092008969069
vn 0.00003022139934209041 -0.999999999527228 0.000005675480221770869
vn 0.5094145529625972 -0.8512934434976633 0.12568327767769238
vn 0.5094173513292604 -0.8512916502587051 0.12568408158749197
vn 0.5094069859026685 -0.8512986336639209 0.1256787931017005
vn 0.21941130054491845 -0.8512935116576451 0.4766109925324659
vn 0.2193978886436449 -0.8512934487312853 0.47661727896280204
vn 0.21940658962055712 -0.8512934436823942 0.47661328262486247
vn -0.415880868146548 -0.8512823771004273 0.3199397098640919
vn -0.41587996131200883 -0.8512829470179614 0.3199393722184515
vn -0.4158788635305054 -0.8512836723127911 0.3199388693519805
vn -0.5077569465304013 -0.8491027322741034 -0.1456277215875317
vn -0.5077543310008301 -0.8491033401515201 -0.1456332966509767
vn -0.5077595067849885 -0.8491021316371101 -0.145622296777592
vn 0.14561639948649607 -0.8491118680036607 -0.5077449160906716
vn 0.1456265872840695 -0.8491118412006542 -0.5077420390403281
vn 0.1456067893095659 -0.8491118742561606 -0.5077476616432117
vn -0.4013282571900735 -0.8531344352766862 0.33331256400848136
vn -0.40132044509224435 -0.8531326388689665 0.3333265678691642
vn -0.40132256729562965 -0.8531331289680679 0.33332275835351977
vn 0.3894483482977318 -0.8531242091625334 0.3471441598946615
vn 0.3894536707347157 -0.8531226327633915 0.34714206287644694
vn 0.3894149320792702 -0.853134384436231 0.3471566401011371
vn -0.38942327854625264 -0.853113109558367 -0.3471995570647249
vn -0.38942316198813853 -0.853113234575611 -0.34719938061450883
vn -0.3894210519197756 -0.8531152144465727 -0.3471968824766056
vn 0.06689833067923226 -0.855706448630648 -0.5131189795011059
vn 0.06688535310350673 -0.8557104592291181 -0.5131139829571113
vn 0.06689839069710862 -0.8557065135209987 -0.5131188634613564
vn 0.40133528626186843 -0.853135379861011 -0.3333016826097829
vn 0.40133628589740045 -0.8531345201409563 -0.3333026795060911
vn 0.40133041035129 -0.8531401730405875 -0.33329528480244286
vn 0.5077401313207631 -0.8491165493471363 0.1456057851569997
vn 0.5077403241237656 -0.8491155594627061 0.1456108853658578
vn 0.5077400245202633 -0.8491168681221385 0.1456042985993662
vn 0.04902517062727141 -0.8557137272234052 0.5151218784777003
vn 0.04902308840660294 -0.8557117640511732 0.5151253378232403
vn 0.049024633410028454 -0.8557132964557941 0.5151226451902212
vn -0.4013279903077878 -0.853130683029721 0.33332248929340796
vn -0.4013260904916058 -0.853130281809463 0.33332580360726594
vn -0.4013266647288994 -0.8531303584057872 0.3333249161763797
vn -0.12782468120778984 -0.8491106178849991 -0.5125153748611662
vn -0.1278248980813258 -0.8491159977737224 -0.5125064075260275
vn -0.1278250072702009 -0.8491161494048637 -0.5125061290718682
vn -0.5077335119141141 -0.849124054028123 -0.14558510140191394
vn -0.5077333977389048 -0.8491241220516661 -0.1455851028453618
vn -0.5077335119141141 -0.849124054028123 -0.14558510140191394
vn 0.3799835427789987 -0.8490998709866839 -0.3669358476730196
vn 0.3799893334828363 -0.849095897705372 -0.36693904526389454
vn 0.37999513304120053 -0.8490918776158013 -0.3669423418357077
vn -0.12568168346950828 -0.8512962463794418 0.5094102623039148
vn -0.1256830975659279 -0.8512945075906196 0.5094128191675958
vn -0.1256780047971526 -0.851301564160757 0.5094022830412676
vn -0.4766129203971081 -0.8512921837688651 0.2194122648453742
vn -0.47661913969546044 -0.8512921670027629 0.21939881967708735
vn -0.47661499656177947 -0.8512922787466604 0.21940738638143656
vn -0.31995428391173547 -0.8513174861305598 -0.4157977801947393
vn -0.31995397298815426 -0.8513180478523948 -0.41579686936036825
vn -0.319951078563685 -0.8513221509959935 -0.4157906956023544
vn 0.14562909434642987 -0.8491025642588389 -0.5077568337786337
vn 0.14561520482938511 -0.8491010646106263 -0.5077633249847782
vn 0.1456190061226632 -0.8491015501778252 -0.5077614228567013
vn 0.5077425232076991 -0.8491132839706567 0.1456164863991931
vn 0.5077397149876067 -0.8491132129911042 0.14562669174374476
vn 0.5077454517721111 -0.8491131780342804 0.14560689232745624
vn -0.009199558776563754 -0.85128772437521 0.5246185075332294
vn -0.009203850126749942 -0.8512876477291208 0.5246185566358331
vn -0.009199677223647605 -0.8512876804196904 0.5246185767818783
vn 0.404438374850257 -0.8513161506848413 0.3342011557903824
vn 0.40442803674749184 -0.8513262904274045 0.33418783688172116
vn 0.4044331869308134 -0.8513212718104823 0.33419438874997354
vn -0.5134970448034976 -0.8512899117568629 0.10782518777663863
vn -0.5134959292707355 -0.8512905955172791 0.10782510193002266
vn -0.5135011475328616 -0.8512874514032135 0.1078250739200097
vn -0.3669424698056567 -0.8490976199336293 -0.3799821781030931
vn -0.3669401147169102 -0.8491005985339561 -0.3799777964313413
vn -0.3669467581060753 -0.8490923672414126 -0.37998977434638365
vn 0.5125082076060613 -0.8491109511622374 -0.12785120160867794
vn 0.5125061754775055 -0.8491121936303866 -0.12785109591088056
vn 0.512516926195551 -0.8491057329773448 -0.12785090765446275
vn 0.1455894996235155 -0.8491203724161451 -0.5077384077920846
vn 0.14558019838179348 -0.8491313822600607 -0.507722661991994
vn 0.1455917047303278 -0.8491181058939633 -0.507741565913965
vn -0.22453248119411368 0 -0.9744666053225299
vn -0.22453248119411368 0 -0.9744666053225299
vn -0.22453248119411368 0 -0.9744666053225299
vn -0.500226258660771 0 -0.8658947338714144
vn -0.500226258660771 0 -0.8658947338714144
vn -0.500226258660771 0 -0.8658947338714144
vn 0.38321319184822344 0.00004664060174913724 0.9236599197854971
vn 0.38317377217367904 0.000060260297192368265 0.923676272666398
vn 0.3831834747443936 0.00005686279405855428 0.9236722478506298
vn 0.34970220601411567 -0.00004154440064611074 0.9368609103719313
vn 0.3496507171379912 -0.00002452729903526108 0.9368801286201452
vn 0.3496787492707172 -0.000033825595356770714 0.9368696660498173
vn -0.19811819509309506 -0.8545964962986383 0.48001459278562136
vn -0.19810506360783964 -0.854594573583081 0.48002343544381876
vn -0.19810980402511297 -0.8545952968110183 0.48002019146867025
vn -0.5125135793108789 -0.8491156720017339 0.12779830430406944
vn -0.5125135793108789 -0.8491156720017339 0.12779830430406944
vn -0.5125135793108789 -0.8491156720017339 0.12779830430406944
vn 0.38942576033162474 -0.8531062729716692 0.3472135714607416
vn 0.389426222310189 -0.8531064192352353 0.34721269394544035
vn 0.38942175576456284 -0.8531055334959945 0.34721987969550316
vn -0.38945772358597325 -0.8531413480420326 -0.347091517903067
vn -0.38945745677792987 -0.8531415299509421 -0.34709137015061714
vn -0.38946561088969534 -0.8531336421334262 -0.34710160845849086
vn 0.06689828082281618 -0.8557059415784057 -0.5131198315894309
vn 0.06688534433908 -0.8557099655830221 -0.5131148073429042
vn 0.0668984514131961 -0.8557061105050814 -0.5131195276373542
vn 0.4013366146469756 -0.8531342836866075 -0.33330288888973675
vn 0.4013374659588208 -0.853133421681702 -0.3333040702233074
vn 0.4013314859512646 -0.8531391655360151 -0.3332965685581861
vn 0.5077415191102536 -0.8491181869061633 0.14559139547652514
vn 0.5077380627021475 -0.8491206318026487 0.14558919029426778
vn 0.5077224999073939 -0.8491315294480186 0.14557990515539918
vn -0.40132827551086026 -0.8531341761993648 0.3333132050731116
vn -0.4013204673956295 -0.8531323882585846 0.3333271824402519
vn -0.4013225616934578 -0.8531328190357333 0.3333235583632569
vn 0.3893851814786542 -0.8531146976321583 0.34723838084063596
vn 0.3893814018082692 -0.8531173912876073 0.3472360013138828
vn 0.38937377505590826 -0.8531226422849866 0.34723165253097776
vn -0.3669435063352165 -0.8490970683312835 -0.3799824097371303
vn -0.3669410933082983 -0.8490999911830313 -0.3799782086050289
vn -0.36694758306851466 -0.8490918684159018 -0.3799900923315877
vn 0.14562322094293412 -0.8491002259989994 -0.5077624284354383
vn 0.14561690461105808 -0.8491002362641327 -0.5077642227133459
vn 0.14561460560567568 -0.8491002116185125 -0.5077649232309188
vn 0.3799818746930909 -0.8490981443382848 -0.366941570534064
vn 0.3799775902941117 -0.8491011405154245 -0.3669390740295799
vn 0.3799894922832653 -0.8490928727525544 -0.3669458804716584
vn 0.5077446772722506 -0.8491131786372069 0.14560958954106196
vn 0.5077449799876963 -0.8491131864841063 0.14560848820072755
vn 0.5077446768881845 -0.8491130587856331 0.14561028978550627
vn -0.12565639605367335 -0.8512966626277179 0.5094158049469135
vn -0.1256594839147435 -0.8512926320083243 0.5094217788734794
vn -0.1256592892907911 -0.8512931622930203 0.5094209407239587
vn -0.4766090478897719 -0.8512940943227771 0.21941326404930012
vn -0.47660180080960857 -0.8512985555332115 0.21941169707220673
vn -0.47660511348206175 -0.8512964776133556 0.2194125634640018
vn -0.10783290055067593 -0.8512849758073916 -0.5135036080919361
vn -0.10783280185748909 -0.8512834115952242 -0.5135062219548655
vn -0.1078331900234027 -0.8512896162863745 -0.5134958542504252
vn -0.4687082413272386 -0.8512810366618105 -0.23586687162872194
vn -0.4687080375659943 -0.8512811646889088 -0.23586681446725277
vn -0.46871785033153035 -0.8512734898586075 -0.23587501403187355
vn 0.9368791722590337 -0.000031262596642065276 -0.3496532791350287
vn 0.9368688973134979 -0.0000426768997966725 -0.34968080791669526
vn 0.936860161029541 -0.00005078319828199994 -0.34970421229486126
vn 0.9236785369754567 0.000018894700080268326 -0.3831683180716672
vn 0.9236663618917271 0.0000066757197882663144 -0.3831976668315396
vn 0.9236825301143551 0.000022023898513876907 -0.38315869176685935
vn -0.9743910899632406 0 0.2248599648675771
vn -0.9743910899632406 0 0.2248599648675771
vn -0.9743910899632406 0 0.2248599648675771
vn -0.8658698325292938 0 0.5002693605605809
vn -0.8658698325292938 0 0.5002693605605809
vn -0.8658698325292938 0 0.5002693605605809
vn -0.1980886874250322 -0.8546065549493991 0.48000886257625236
vn -0.19809210029920554 -0.8546041729566084 0.48001169502856983
vn -0.19809969314080636 -0.8545989033050985 0.4800179434638262
vn -0.5125178004817194 -0.8491054617827362 0.1278492039869895
vn -0.5125048090712683 -0.8491132739704582 0.12784939830125225
vn -0.512512572509038 -0.8491085897800029 0.12784938710053662
vn 0.1813227981800774 -0.8546093704540014 0.4865849019363039
vn 0.18132950568355194 -0.8545898890711285 0.48661661692337954
vn 0.181322615541666 -0.8546102464981379 0.486583431359434
vn -0.38945900069761014 -0.8531407423829066 -0.3470915735968852
vn -0.3894586624110992 -0.8531410231702754 -0.34709126300864046
vn -0.3894539866701769 -0.8531457389993328 -0.34708491798692176
vn 0.40134316704763345 -0.8531343345539156 -0.33329486865150343
vn 0.40133916537778264 -0.8531380126988235 -0.33329027231854075
vn 0.40134254746219883 -0.8531347054957709 -0.33329466523662993
vn -0.04890017844034441 -0.8557120960849137 -0.51513646848429
vn -0.04888599401607212 -0.8557164135406612 -0.5151306428336102
vn -0.04888879884429896 -0.8557155735552896 -0.5151317719986834
vn 0.8481370633379277 0 0.5297768603785145
vn 0.8481370633379277 0 0.5297768603785145
vn 0.8481370633379277 0 0.5297768603785145
vn 0.96588757102173 0 0.2589617735221598
vn 0.96588757102173 0 0.2589617735221598
vn 0.96588757102173 0 0.2589617735221598
vn -0.9240915106826083 0.000009506938948173873 -0.38217127023620306
vn -0.924085342618643 0.000014394499343140014 -0.3821861841435188
vn -0.9240825633394655 0.000016868099665990594 -0.3821929039731509
vn -0.9097309412818733 -0.000020652999648244568 -0.41519828280937093
vn -0.9097246073540158 -0.000015616398984870276 -0.4152121608656349
vn -0.9097223809762417 -0.000013858097996365793 -0.4152170388590418
vn 0.5094112262952871 -0.8512954887602632 0.1256829079101702
vn 0.5094138292013975 -0.8512937273072022 0.1256842888581558
vn 0.5094035270571071 -0.8513006572535993 0.1256791055878782
vn -0.009225845231373203 -0.8512958190807101 0.5246049105712504
vn -0.009226142308412783 -0.8512967713840369 0.5246033600056518
vn -0.009224354268811567 -0.8512920122153014 0.5246111142806134
vn 0.21941278433438202 -0.8512943215759909 0.47660886282475606
vn 0.21941069988492407 -0.8513010635473186 0.4765977800821275
vn 0.21941250586647323 -0.8512958893542965 0.4766061907255007
vn -0.41590821990547105 -0.8512896350028293 0.3198848385775916
vn -0.4159089664110732 -0.8512889227099311 0.319885763562928
vn -0.4159054564139733 -0.8512922146321288 0.31988156657083255
vn -0.36694180270645904 -0.8490975934429117 -0.3799828815038777
vn -0.36693945592899224 -0.8491005912753349 -0.3799784488341568
vn -0.36694618694524006 -0.8490922962597892 -0.3799904845106351
vn 0.14562350572567714 -0.849099460821706 -0.5077636263188333
vn 0.14561708289021072 -0.8490994582854067 -0.5077654725461102
vn 0.1456148903882361 -0.8490994464407682 -0.5077661211140447
vn -0.38321319184822344 0.00004664060174913724 -0.9236599197854971
vn -0.38317377217367904 0.000060260297192368265 -0.923676272666398
vn -0.3831834747443936 0.00005686279405855428 -0.9236722478506298
vn -0.34970220601411567 -0.00004154440064611074 -0.9368609103719313
vn -0.3496507171379912 -0.00002452729903526108 -0.9368801286201452
vn -0.3496787492707172 -0.000033825595356770714 -0.9368696660498173
vn 0.22453248119411368 0 0.9744666053225299
vn 0.22453248119411368 0 0.9744666053225299
vn 0.22453248119411368 0 0.9744666053225299
vn 0.500226258660771 0 0.8658947338714144
vn 0.500226258660771 0 0.8658947338714144
vn 0.500226258660771 0 0.8658947338714144
vn -0.4152113373130728 -0.000017613195651447614 0.9097249831990243
vn -0.41521657667030365 -0.000016540300298734136 0.909722591884258
vn -0.415197699434243 -0.00002345440038751146 0.9097312074642725
vn -0.3821917684784567 0.000019997397882040088 0.9240830329074406
vn -0.3821702830374828 0.000012606400338307189 0.9240919189150661
vn -0.38218497669640084 0.000017940997814350694 0.9240858419355271
vn 0.5301836080711324 0 -0.847882858496783
vn 0.5301836080711324 0 -0.847882858496783
vn 0.5301836080711324 0 -0.847882858496783
vn 0.258636204262236 0 -0.965974799798019
vn 0.258636204262236 0 -0.965974799798019
vn 0.258636204262236 0 -0.965974799798019
f 1/1/1 2/2/2 3/3/3
f 4/4/4 5/5/5 6/6/6
f 7/7/7 8/8/8 9/9/9
f 10/10/10 11/11/11 12/12/12
f 13/13/13 14/14/14 15/15/15
f 16/16/16 17/17/17 18/18/18
f 19/19/19 20/20/20 21/21/21
f 22/22/22 23/23/23 24/24/24
f 25/25/25 26/26/26 27/27/27
f 28/28/28 29/29/29 30/30/30
f 31/31/31 32/32/32 33/33/33
f 34/34/34 35/35/35 36/36/36
f 37/37/37 38/38/38 39/39/39
f 40/40/40 41/41/41 42/42/42
f 43/43/43 44/44/44 45/45/45
f 46/46/46 47/47/47 48/48/48
f 49/49/49 50/50/50 51/51/51
f 52/52/52 53/53/53 54/54/54
f 55/55/55 56/56/56 57/57/57
f 58/58/58 59/59/59 60/60/60
f 61/61/61 62/62/62 63/63/63
f 64/64/64 65/65/65 66/66/66
f 67/67/67 68/68/68 69/69/69
f 70/70/70 71/71/71 72/72/72
f 73/73/73 74/74/74 75/75/75
f 76/76/76 77/77/77 78/78/78
f 79/79/79 80/80/80 81/81/81
f 82/82/82 83/83/83 84/84/84
f 85/85/85 86/86/86 87/87/87
f 88/88/88 89/89/89 90/90/90
f 91/91/91 92/92/92 93/93/93
f 94/94/94 95/95/95 96/96/96
f 97/97/97 98/98/98 99/99/99
f 100/100/100 101/101/101 102/102/102
f 103/103/103 104/104/104 105/105/105
f 106/106/106 107/107/107 108/108/108
f 109/109/109 110/110/110 111/111/111
f 112/112/112 113/113/113 114/114/114
f 115/115/115 116/116/116 117/117/117
f 118/118/118 119/119/119 120/120/120
f 121/121/121 122/122/122 123/123/123
f 124/124/124 125/125/125 126/126/126
f 127/127/127 128/128/128 129/129/129
f 130/130/130 131/131/131 132/132/132
f 133/133/133 134/134/134 135/135/135
f 136/136/136 137/137/137 138/138/138
f 139/139/139 140/140/140 141/141/141
f 142/142/142 143/143/143 144/144/144
f 145/145/145 146/146/146 147/147/147
f 148/148/148 149/149/149 150/150/150
f 151/151/151 152/152/152 153/153/153
f 154/154/154 155/155/155 156/156/156
f 157/157/157 158/158/158 159/159/159
f 160/160/160 161/161/161 162/162/162
f 163/163/163 164/164/164 165/165/165
f 166/166/166 167/167/167 168/168/168
f 169/169/169 170/170/170 171/171/171
f 172/172/172 173/173/173 174/174/174
f 175/175/175 176/176/176 177/177/177
f 178/178/178 179/179/179 180/180/180
f 181/181/181 182/182/182 183/183/183
f 184/184/184 185/185/185 186/186/186
f 187/187/187 188/188/188 189/189/189
f 190/190/190 191/191/191 192/192/192
f 193/193/193 194/194/194 195/195/195
f 196/196/196 197/197/197 198/198/198
f 199/199/199 200/200/200 201/201/201
f 202/202/202 203/203/203 204/204/204
f 205/205/205 206/206/206 207/207/207
f 208/208/208 209/209/209 210/210/210
f 211/211/211 212/212/212 213/213/213
f 214/214/214 215/215/215 216/216/216
f 217/217/217 218/218/218 219/219/219
f 220/220/220 221/221/221 222/222/222
f 223/223/223 224/224/224 225/225/225
f 226/226/226 227/227/227 228/228/228
f 229/229/229 230/230/230 231/231/231
f 232/232/232 233/233/233 234/234/234
f 235/235/235 236/236/236 237/237/237
f 238/238/238 239/239/239 240/240/240
f 241/241/241 242/242/242 243/243/243
f 244/244/244 245/245/245 246/246/246
f 247/247/247 248/248/248 249/249/249
f 250/250/250 251/251/251 252/252/252
f 253/253/253 254/254/254 255/255/255
f 256/256/256 257/257/257 258/258/258
f 259/259/259 260/260/260 261/261/261
f 262/262/262 263/263/263 264/264/264
f 265/265/265 266/266/266 267/267/267
f 268/268/268 269/269/269 270/270/270
f 271/271/271 272/272/272 273/273/273
f 274/274/274 275/275/275 276/276/276
f 277/277/277 278/278/278 279/279/279
f 280/280/280 281/281/281 282/282/282
f 283/283/283 284/284/284 285/285/285
f 286/286/286 287/287/287 288/288/288
f 289/289/289 290/290/290 291/291/291
f 292/292/292 293/293/293 294/294/294
f 295/295/295 296/296/296 297/297/297
f 298/298/298 299/299/299 300/300/300
f 301/301/301 302/302/302 303/303/303
f 304/304/304 305/305/305 306/306/306
f 307/307/307 308/308/308 309/309/309
f 310/310/310 311/311/311 312/312/312
f 313/313/313 314/314/314 315/315/315
f 316/316/316 317/317/317 318/318/318
f 319/319/319 320/320/320 321/321/321
f 322/322/322 323/323/323 324/324/324
f 325/325/325 326/326/326 327/327/327
f 328/328/328 329/329/329 330/330/330
f 331/331/331 332/332/332 333/333/333
f 334/334/334 335/335/335 336/336/336
f 337/337/337 338/338/338 339/339/339
f 340/340/340 341/341/341 342/342/342
f 343/343/343 344/344/344 345/345/345
f 346/346/346 347/347/347 348/348/348
f 349/349/349 350/350/350 351/351/351
f 352/352/352 353/353/353 354/354/354
f 355/355/355 356/356/356 357/357/357
f 358/358/358 359/359/359 360/360/360
f 361/361/361 362/362/362 363/363/363
f 364/364/364 365/365/365 366/366/366
f 367/367/367 368/368/368 369/369/369
f 370/370/370 371/371/371 372/372/372
f 373/373/373 374/374/374 375/375/375
f 376/376/376 377/377/377 378/378/378
f 379/379/379 380/380/380 381/381/381
f 382/382/382 383/383/383 384/384/384
f 385/385/385 386/386/386 387/387/387
f 388/388/388 389/389/389 390/390/390
f 391/391/391 392/392/392 393/393/393
f 394/394/394 395/395/395 396/396/396
f 397/397/397 398/398/398 399/399/399
f 400/400/400 401/401/401 402/402/402
f 403/403/403 404/404/404 405/405/405
f 406/406/406 407/407/407 408/408/408
f 409/409/409 410/410/410 411/411/411
f 412/412/412 413/413/413 414/414/414
f 415/415/415 416/416/416 417/417/417
f 418/418/418 419/419/419 420/420/420
f 421/421/421 422/422/422 423/423/423
f 424/424/424 425/425/425 426/426/426
f 427/427/427 428/428/428 429/429/429
f 430/430/430 431/431/431 432/432/432
f 433/433/433 434/434/434 435/435/435
f 436/436/436 437/437/437 438/438/438
f 439/439/439 440/440/440 441/441/441
f 442/442/442 443/443/443 444/444/444
f 445/445/445 446/446/446 447/447/447
f 448/448/448 449/449/449 450/450/450
f 451/451/451 452/452/452 453/453/453
f 454/454/454 455/455/455 456/456/456
f 457/457/457 458/458/458 459/459/459
f 460/460/460 461/461/461 462/462/462
f 463/463/463 464/464/464 465/465/465
f 466/466/466 467/467/467 468/468/468
f 469/469/469 470/470/470 471/471/471
f 472/472/472 473/473/473 474/474/474
f 475/475/475 476/476/476 477/477/477
f 478/478/478 479/479/479 480/480/480
f 481/481/481 482/482/482 483/483/483
f 484/484/484 485/485/485 486/486/486
f 487/487/487 488/488/488 489/489/489
f 490/490/490 491/491/491 492/492/492
f 493/493/493 494/494/494 495/495/495
f 496/496/496 497/497/497 498/498/498
f 499/499/499 500/500/500 501/501/501
f 502/502/502 503/503/503 504/504/504
f 505/505/505 506/506/506 507/507/507
f 508/508/508 509/509/509 510/510/510
f 511/511/511 512/512/512 513/513/513
f 514/514/514 515/515/515 516/516/516
f 517/517/517 518/518/518 519/519/519
f 520/520/520 521/521/521 522/522/522
f 523/523/523 524/524/524 525/525/525
f 526/526/526 527/527/527 528/528/528
f 529/529/529 530/530/530 531/531/531
f 532/532/532 533/533/533 534/534/534
f 535/535/535 536/536/536 537/537/537
f 538/538/538 539/539/539 540/540/540
f 541/541/541 542/542/542 543/543/543
f 544/544/544 545/545/545 546/546/546
f 547/547/547 548/548/548 549/549/549
f 550/550/550 551/551/551 552/552/552
f 553/553/553 554/554/554 555/555/555
f 556/556/556 557/557/557 558/558/558
f 559/559/559 560/560/560 561/561/561
f 562/562/562 563/563/563 564/564/564
f 565/565/565 566/566/566 567/567/567
f 568/568/568 569/569/569 570/570/570
f 571/571/571 572/572/572 573/573/573
f 574/574/574 575/575/575 576/576/576
f 577/577/577 578/578/578 579/579/579
f 580/580/580 581/581/581 582/582/582
f 583/583/583 584/584/584 585/585/585
f 586/586/586 587/587/587 588/588/588
f 589/589/589 590/590/590 591/591/591
f 592/592/592 593/593/593 594/594/594
f 595/595/595 596/596/596 597/597/597
f 598/598/598 599/599/599 600/600/600
f 601/601/601 602/602/602 603/603/603
f 604/604/604 605/605/605 606/606/606
f 607/607/607 608/608/608 609/609/609
f 610/610/610 611/611/611 612/612/612
f 613/613/613 614/614/614 615/615/615
f 616/616/616 617/617/617 618/618/618
f 619/619/619 620/620/620 621/621/621
f 622/622/622 623/623/623 624/624/624
f 625/625/625 626/626/626 627/627/627
f 628/628/628 629/629/629 630/630/630
f 631/631/631 632/632/632 633/633/633
f 634/634/634 635/635/635 636/636/636
f 637/637/637 638/638/638 639/639/639
f 640/640/640 641/641/641 642/642/642
f 643/643/643 644/644/644 645/645/645
f 646/646/646 647/647/647 648/648/648
f 649/649/649 650/650/650 651/651/651
f 652/652/652 653/653/653 654/654/654
f 655/655/655 656/656/656 657/657/657
f 658/658/658 659/659/659 660/660/660
f 661/661/661 662/662/662 663/663/663
f 664/664/664 665/665/665 666/666/666
f 667/667/667 668/668/668 669/669/669
f 670/670/670 671/671/671 672/672/672
f 673/673/673 674/674/674 675/675/675
f 676/676/676 677/677/677 678/678/678
f 679/679/679 680/680/680 681/681/681
f 682/682/682 683/683/683 684/684/684
f 685/685/685 686/686/686 687/687/687
f 688/688/688 689/689/689 690/690/690
f 691/691/691 692/692/692 693/693/693
f 694/694/694 695/695/695 696/696/696
f 697/697/697 698/698/698 699/699/699
f 700/700/700 701/701/701 702/702/702
f 703/703/703 704/704/704 705/705/705
f 706/706/706 707/707/707 708/708/708
f 709/709/709 710/710/710 711/711/711
f 712/712/712 713/713/713 714/714/714
f 715/715/715 716/716/716 717/717/717
f 718/718/718 719/719/719 720/720/720
f 721/721/721 722/722/722 723/723/723
f 724/724/724 725/725/725 726/726/726
f 727/727/727 728/728/728 729/729/729
f 730/730/730 731/731/731 732/732/732
f 733/733/733 734/734/734 735/735/735
f 736/736/736 737/737/737 738/738/738
f 739/739/739 740/740/740 741/741/741
f 742/742/742 743/743/743 744/744/744
f 745/745/745 746/746/746 747/747/747
f 748/748/748 749/749/749 750/750/750
f 751/751/751 752/752/752 753/753/753
f 754/754/754 755/755/755 756/756/756
f 757/757/757 758/758/758 759/759/759
f 760/760/760 761/761/761 762/762/762
f 763/763/763 764/764/764 765/765/765
f 766/766/766 767/767/767 768/768/768
f 769/769/769 770/770/770 771/771/771
f 772/772/772 773/773/773 774/774/774
f 775/775/775 776/776/776 777/777/777
f 778/778/778 779/779/779 780/780/780
f 781/781/781 782/782/782 783/783/783
f 784/784/784 785/785/785 786/786/786
f 787/787/787 788/788/788 789/789/789
f 790/790/790 791/791/791 792/792/792
f 793/793/793 794/794/794 795/795/795
f 796/796/796 797/797/797 798/798/798
f 799/799/799 800/800/800 801/801/801
f 802/802/802 803/803/803 804/804/804
f 805/805/805 806/806/806 807/807/807
f 808/808/808 809/809/809 810/810/810
f 811/811/811 812/812/812 813/813/813
f 814/814/814 815/815/815 816/816/816
f 817/817/817 818/818/818 819/819/819
f 820/820/820 821/821/821 822/822/822
f 823/823/823 824/824/824 825/825/825
f 826/826/826 827/827/827 828/828/828
f 829/829/829 830/830/830 831/831/831
f 832/832/832 833/833/833 834/834/834
f 835/835/835 836/836/836 837/837/837
f 838/838/838 839/839/839 840/840/840
f 841/841/841 842/842/842 843/843/843
f 844/844/844 845/845/845 846/846/846
f 847/847/847 848/848/848 849/849/849
f 850/850/850 851/851/851 852/852/852
f 853/853/853 854/854/854 855/855/855
f 856/856/856 857/857/857 858/858/858
f 859/859/859 860/860/860 861/861/861
f 862/862/862 863/863/863 864/864/864
f 865/865/865 866/866/866 867/867/867
f 868/868/868 869/869/869 870/870/870
f 871/871/871 872/872/872 873/873/873
f 874/874/874 875/875/875 876/876/876
f 877/877/877 878/878/878 879/879/879
f 880/880/880 881/881/881 882/882/882
f 883/883/883 884/884/884 885/885/885
f 886/886/886 887/887/887 888/888/888
f 889/889/889 890/890/890 891/891/891
f 892/892/892 893/893/893 894/894/894
f 895/895/895 896/896/896 897/897/897
f 898/898/898 899/899/899 900/900/900
f 901/901/901 902/902/902 903/903/903
f 904/904/904 905/905/905 906/906/906
f 907/907/907 908/908/908 909/909/909
f 910/910/910 911/911/911 912/912/912
f 913/913/913 914/914/914 915/915/915
f 916/916/916 917/917/917 918/918/918
f 919/919/919 920/920/920 921/921/921
f 922/922/922 923/923/923 924/924/924
f 925/925/925 926/926/926 927/927/927
f 928/928/928 929/929/929 930/930/930
f 931/931/931 932/932/932 933/933/933
f 934/934/934 935/935/935 936/936/936
f 937/937/937 938/938/938 939/939/939
f 940/940/940 941/941/941 942/942/942
f 943/943/943 944/944/944 945/945/945
f 946/946/946 947/947/947 948/948/948
f 949/949/949 950/950/950 951/951/951
f 952/952/952 953/953/953 954/954/954
f 955/955/955 956/956/956 957/957/957
f 958/958/958 959/959/959 960/960/960
f 961/961/961 962/962/962 963/963/963
f 964/964/964 965/965/965 966/966/966
f 967/967/967 968/968/968 969/969/969
f 970/970/970 971/971/971 972/972/972
f 973/973/973 974/974/974 975/975/975
f 976/976/976 977/977/977 978/978/978
f 979/979/979 980/980/980 981/981/981
f 982/982/982 983/983/983 984/984/984
f 985/985/985 986/986/986 987/987/987
f 988/988/988 989/989/989 990/990/990
f 991/991/991 992/992/992 993/993/993
f 994/994/994 995/995/995 996/996/996
f 997/997/997 998/998/998 999/999/999
f 1000/1000/1000 1001/1001/1001 1002/1002/1002
f 1003/1003/1003 1004/1004/1004 1005/1005/1005
f 1006/1006/1006 1007/1007/1007 1008/1008/1008
f 1009/1009/1009 1010/1010/1010 1011/1011/1011
f 1012/1012/1012 1013/1013/1013 1014/1014/1014
f 1015/1015/1015 1016/1016/1016 1017/1017/1017
f 1018/1018/1018 1019/1019/1019 1020/1020/1020
f 1021/1021/1021 1022/1022/1022 1023/1023/1023
f 1024/1024/1024 1025/1025/1025 1026/1026/1026
f 1027/1027/1027 1028/1028/1028 1029/1029/1029
f 1030/1030/1030 1031/1031/1031 1032/1032/1032
f 1033/1033/1033 1034/1034/1034 1035/1035/1035
f 1036/1036/1036 1037/1037/1037 1038/1038/1038
f 1039/1039/1039 1040/1040/1040 1041/1041/1041
f 1042/1042/1042 1043/1043/1043 1044/1044/1044
f 1045/1045/1045 1046/1046/1046 1047/1047/1047
f 1048/1048/1048 1049/1049/1049 1050/1050/1050
f 1051/1051/1051 1052/1052/1052 1053/1053/1053
f 1054/1054/1054 1055/1055/1055 1056/1056/1056
f 1057/1057/1057 1058/1058/1058 1059/1059/1059
f 1060/1060/1060 1061/1061/1061 1062/1062/1062
f 1063/1063/1063 1064/1064/1064 1065/1065/1065
f 1066/1066/1066 1067/1067/1067 1068/1068/1068
f 1069/1069/1069 1070/1070/1070 1071/1071/1071
f 1072/1072/1072 1073/1073/1073 1074/1074/1074
f 1075/1075/1075 1076/1076/1076 1077/1077/1077
f 1078/1078/1078 1079/1079/1079 1080/1080/1080
f 1081/1081/1081 1082/1082/1082 1083/1083/1083
f 1084/1084/1084 1085/1085/1085 1086/1086/1086
f 1087/1087/1087 1088/1088/1088 1089/1089/1089
f 1090/1090/1090 1091/1091/1091 1092/1092/1092
f 1093/1093/1093 1094/1094/1094 1095/1095/1095
f 1096/1096/1096 1097/1097/1097 1098/1098/1098
f 1099/1099/1099 1100/1100/1100 1101/1101/1101
f 1102/1102/1102 1103/1103/1103 1104/1104/1104
f 1105/1105/1105 1106/1106/1106 1107/1107/1107
f 1108/1108/1108 1109/1109/1109 1110/1110/1110
f 1111/1111/1111 1112/1112/1112 1113/1113/1113
f 1114/1114/1114 1115/1115/1115 1116/1116/1116
f 1117/1117/1117 1118/1118/1118 1119/1119/1119
f 1120/1120/1120 1121/1121/1121 1122/1122/1122
f 1123/1123/1123 1124/1124/1124 1125/1125/1125
f 1126/1126/1126 1127/1127/1127 1128/1128/1128
f 1129/1129/1129 1130/1130/1130 1131/1131/1131
f 1132/1132/1132 1133/1133/1133 1134/1134/1134
f 1135/1135/1135 1136/1136/1136 1137/1137/1137
f 1138/1138/1138 1139/1139/1139 1140/1140/1140
f 1141/1141/1141 1142/1142/1142 1143/1143/1143
f 1144/1144/1144 1145/1145/1145 1146/1146/1146
f 1147/1147/1147 1148/1148/1148 1149/1149/1149
f 1150/1150/1150 1151/1151/1151 1152/1152/1152
f 1153/1153/1153 1154/1154/1154 1155/1155/1155
f 1156/1156/1156 1157/1157/1157 1158/1158/1158
f 1159/1159/1159 1160/1160/1160 1161/1161/1161
f 1162/1162/1162 1163/1163/1163 1164/1164/1164
f 1165/1165/1165 1166/1166/1166 1167/1167/1167
f 1168/1168/1168 1169/1169/1169 1170/1170/1170
f 1171/1171/1171 1172/1172/1172 1173/1173/1173
f 1174/1174/1174 1175/1175/1175 1176/1176/1176
f 1177/1177/1177 1178/1178/1178 1179/1179/1179
f 1180/1180/1180 1181/1181/1181 1182/1182/1182
f 1183/1183/1183 1184/1184/1184 1185/1185/1185
f 1186/1186/1186 1187/1187/1187 1188/1188/1188
f 1189/1189/1189 1190/1190/1190 1191/1191/1191
f 1192/1192/1192 1193/1193/1193 1194/1194/1194
f 1195/1195/1195 1196/1196/1196 1197/1197/1197
f 1198/1198/1198 1199/1199/1199 1200/1200/1200
f 1201/1201/1201 1202/1202/1202 1203/1203/1203
f 1204/1204/1204 1205/1205/1205 1206/1206/1206
f 1207/1207/1207 1208/1208/1208 1209/1209/1209
f 1210/1210/1210 1211/1211/1211 1212/1212/1212
f 1213/1213/1213 1214/1214/1214 1215/1215/1215
f 1216/1216/1216 1217/1217/1217 1218/1218/1218
f 1219/1219/1219 1220/1220/1220 1221/1221/1221
f 1222/1222/1222 1223/1223/1223 1224/1224/1224
f 1225/1225/1225 1226/1226/1226 1227/1227/1227
f 1228/1228/1228 1229/1229/1229 1230/1230/1230
f 1231/1231/1231 1232/1232/1232 1233/1233/1233
f 1234/1234/1234 1235/1235/1235 1236/1236/1236
f 1237/1237/1237 1238/1238/1238 1239/1239/1239
f 1240/1240/1240 1241/1241/1241 1242/1242/1242
f 1243/1243/1243 1244/1244/1244 1245/1245/1245
f 1246/1246/1246 1247/1247/1247 1248/1248/1248
f 1249/1249/1249 1250/1250/1250 1251/1251/1251
f 1252/1252/1252 1253/1253/1253 1254/1254/1254
f 1255/1255/1255 1256/1256/1256 1257/1257/1257
f 1258/1258/1258 1259/1259/1259 1260/1260/1260
f 1261/1261/1261 1262/1262/1262 1263/1263/1263
f 1264/1264/1264 1265/1265/1265 1266/1266/1266
f 1267/1267/1267 1268/1268/1268 1269/1269/1269
f 1270/1270/1270 1271/1271/1271 1272/1272/1272
f 1273/1273/1273 1274/1274/1274 1275/1275/1275
f 1276/1276/1276 1277/1277/1277 1278/1278/1278
f 1279/1279/1279 1280/1280/1280 1281/1281/1281
f 1282/1282/1282 1283/1283/1283 1284/1284/1284
f 1285/1285/1285 1286/1286/1286 1287/1287/1287
f 1288/1288/1288 1289/1289/1289 1290/1290/1290
f 1291/1291/1291 1292/1292/1292 1293/1293/1293
f 1294/1294/1294 1295/1295/1295 1296/1296/1296
f 1297/1297/1297 1298/1298/1298 1299/1299/1299
f 1300/1300/1300 1301/1301/1301 1302/1302/1302
f 1303/1303/1303 1304/1304/1304 1305/1305/1305
f 1306/1306/1306 1307/1307/1307 1308/1308/1308
f 1309/1309/1309 1310/1310/1310 1311/1311/1311
f 1312/1312/1312 1313/1313/1313 1314/1314/1314
f 1315/1315/1315 1316/1316/1316 1317/1317/1317
f 1318/1318/1318 1319/1319/1319 1320/1320/1320
f 1321/1321/1321 1322/1322/1322 1323/1323/1323
f 1324/1324/1324 1325/1325/1325 1326/1326/1326
f 1327/1327/1327 1328/1328/1328 1329/1329/1329
f 1330/1330/1330 1331/1331/1331 1332/1332/1332
f 1333/1333/1333 1334/1334/1334 1335/1335/1335
f 1336/1336/1336 1337/1337/1337 1338/1338/1338
f 1339/1339/1339 1340/1340/1340 1341/1341/1341
f 1342/1342/1342 1343/1343/1343 1344/1344/1344
f 1345/1345/1345 1346/1346/1346 1347/1347/1347
f 1348/1348/1348 1349/1349/1349 1350/1350/1350
f 1351/1351/1351 1352/1352/1352 1353/1353/1353
f 1354/1354/1354 1355/1355/1355 1356/1356/1356
f 1357/1357/1357 1358/1358/1358 1359/1359/1359
f 1360/1360/1360 1361/1361/1361 1362/1362/1362
f 1363/1363/1363 1364/1364/1364 1365/1365/1365
f 1366/1366/1366 1367/1367/1367 1368/1368/1368
f 1369/1369/1369 1370/1370/1370 1371/1371/1371
f 1372/1372/1372 1373/1373/1373 1374/1374/1374
f 1375/1375/1375 1376/1376/1376 1377/1377/1377
f 1378/1378/1378 1379/1379/1379 1380/1380/1380
f 1381/1381/1381 1382/1382/1382 1383/1383/1383
f 1384/1384/1384 1385/1385/1385 1386/1386/1386
f 1387/1387/1387 1388/1388/1388 1389/1389/1389
f 1390/1390/1390 1391/1391/1391 1392/1392/1392
f 1393/1393/1393 1394/1394/1394 1395/1395/1395
f 1396/1396/1396 1397/1397/1397 1398/1398/1398
f 1399/1399/1399 1400/1400/1400 1401/1401/1401
f 1402/1402/1402 1403/1403/1403 1404/1404/1404
f 1405/1405/1405 1406/1406/1406 1407/1407/1407
f 1408/1408/1408 1409/1409/1409 1410/1410/1410
f 1411/1411/1411 1412/1412/1412 1413/1413/1413
f 1414/1414/1414 1415/1415/1415 1416/1416/1416
f 1417/1417/1417 1418/1418/1418 1419/1419/1419
f 1420/1420/1420 1421/1421/1421 1422/1422/1422
f 1423/1423/1423 1424/1424/1424 1425/1425/1425
f 1426/1426/1426 1427/1427/1427 1428/1428/1428
f 1429/1429/1429 1430/1430/1430 1431/1431/1431
f 1432/1432/1432 1433/1433/1433 1434/1434/1434
f 1435/1435/1435 1436/1436/1436 1437/1437/1437
f 1438/1438/1438 1439/1439/1439 1440/1440/1440
f 1441/1441/1441 1442/1442/1442 1443/1443/1443
f 1444/1444/1444 1445/1445/1445 1446/1446/1446
f 1447/1447/1447 1448/1448/1448 1449/1449/1449
f 1450/1450/1450 1451/1451/1451 1452/1452/1452
f 1453/1453/1453 1454/1454/1454 1455/1455/1455
f 1456/1456/1456 1457/1457/1457 1458/1458/1458
f 1459/1459/1459 1460/1460/1460 1461/1461/1461
f 1462/1462/1462 1463/1463/1463 1464/1464/1464
f 1465/1465/1465 1466/1466/1466 1467/1467/1467
f 1468/1468/1468 1469/1469/1469 1470/1470/1470
f 1471/1471/1471 1472/1472/1472 1473/1473/1473
f 1474/1474/1474 1475/1475/1475 1476/1476/1476
f 1477/1477/1477 1478/1478/1478 1479/1479/1479
f 1480/1480/1480 1481/1481/1481 1482/1482/1482
f 1483/1483/1483 1484/1484/1484 1485/1485/1485
f 1486/1486/1486 1487/1487/1487 1488/1488/1488
f 1489/1489/1489 1490/1490/1490 1491/1491/1491
f 1492/1492/1492 1493/1493/1493 1494/1494/1494
f 1495/1495/1495 1496/1496/1496 1497/1497/1497
f 1498/1498/1498 1499/1499/1499 1500/1500/1500
f 1501/1501/1501 1502/1502/1502 1503/1503/1503
f 1504/1504/1504 1505/1505/1505 1506/1506/1506
f 1507/1507/1507 1508/1508/1508 1509/1509/1509
f 1510/1510/1510 1511/1511/1511 1512/1512/1512
f 1513/1513/1513 1514/1514/1514 1515/1515/1515
f 1516/1516/1516 1517/1517/1517 1518/1518/1518
f 1519/1519/1519 1520/1520/1520 1521/1521/1521
f 1522/1522/1522 1523/1523/1523 1524/1524/1524
f 1525/1525/1525 1526/1526/1526 1527/1527/1527
f 1528/1528/1528 1529/1529/1529 1530/1530/1530
f 1531/1531/1531 1532/1532/1532 1533/1533/1533
f 1534/1534/1534 1535/1535/1535 1536/1536/1536
f 1537/1537/1537 1538/1538/1538 1539/1539/1539
f 1540/1540/1540 1541/1541/1541 1542/1542/1542
f 1543/1543/1543 1544/1544/1544 1545/1545/1545
f 1546/1546/1546 1547/1547/1547 1548/1548/1548
f 1549/1549/1549 1550/1550/1550 1551/1551/1551
f 1552/1552/1552 1553/1553/1553 1554/1554/1554
f 1555/1555/1555 1556/1556/1556 1557/1557/1557
f 1558/1558/1558 1559/1559/1559 1560/1560/1560
f 1561/1561/1561 1562/1562/1562 1563/1563/1563
f 1564/1564/1564 1565/1565/1565 1566/1566/1566
f 1567/1567/1567 1568/1568/1568 1569/1569/1569
f 1570/1570/1570 1571/1571/1571 1572/1572/1572
f 1573/1573/1573 1574/1574/1574 1575/1575/1575
f 1576/1576/1576 1577/1577/1577 1578/1578/1578
f 1579/1579/1579 1580/1580/1580 1581/1581/1581
f 1582/1582/1582 1583/1583/1583 1584/1584/1584
f 1585/1585/1585 1586/1586/1586 1587/1587/1587
f 1588/1588/1588 1589/1589/1589 1590/1590/1590
f 1591/1591/1591 1592/1592/1592 1593/1593/1593
f 1594/1594/1594 1595/1595/1595 1596/1596/1596
f 1597/1597/1597 1598/1598/1598 1599/1599/1599
f 1600/1600/1600 1601/1601/1601 1602/1602/1602
f 1603/1603/1603 1604/1604/1604 1605/1605/1605
f 1606/1606/1606 1607/1607/1607 1608/1608/1608
f 1609/1609/1609 1610/1610/1610 1611/1611/1611
f 1612/1612/1612 1613/1613/1613 1614/1614/1614
f 1615/1615/1615 1616/1616/1616 1617/1617/1617
f 1618/1618/1618 1619/1619/1619 1620/1620/1620
f 1621/1621/1621 1622/1622/1622 1623/1623/1623
f 1624/1624/1624 1625/1625/1625 1626/1626/1626
f 1627/1627/1627 1628/1628/1628 1629/1629/1629
f 1630/1630/1630 1631/1631/1631 1632/1632/1632
f 1633/1633/1633 1634/1634/1634 1635/1635/1635
f 1636/1636/1636 1637/1637/1637 1638/1638/1638
f 1639/1639/1639 1640/1640/1640 1641/1641/1641
f 1642/1642/1642 1643/1643/1643 1644/1644/1644
f 1645/1645/1645 1646/1646/1646 1647/1647/1647
f 1648/1648/1648 1649/1649/1649 1650/1650/1650
f 1651/1651/1651 1652/1652/1652 1653/1653/1653
f 1654/1654/1654 1655/1655/1655 1656/1656/1656
f 1657/1657/1657 1658/1658/1658 1659/1659/1659
f 1660/1660/1660 1661/1661/1661 1662/1662/1662
f 1663/1663/1663 1664/1664/1664 1665/1665/1665
f 1666/1666/1666 1667/1667/1667 1668/1668/1668
f 1669/1669/1669 1670/1670/1670 1671/1671/1671
f 1672/1672/1672 1673/1673/1673 1674/1674/1674
f 1675/1675/1675 1676/1676/1676 1677/1677/1677
f 1678/1678/1678 1679/1679/1679 1680/1680/1680
f 1681/1681/1681 1682/1682/1682 1683/1683/1683
f 1684/1684/1684 1685/1685/1685 1686/1686/1686
f 1687/1687/1687 1688/1688/1688 1689/1689/1689
f 1690/1690/1690 1691/1691/1691 1692/1692/1692
f 1693/1693/1693 1694/1694/1694 1695/1695/1695
f 1696/1696/1696 1697/1697/1697 1698/1698/1698
f 1699/1699/1699 1700/1700/1700 1701/1701/1701
f 1702/1702/1702 1703/1703/1703 1704/1704/1704
f 1705/1705/1705 1706/1706/1706 1707/1707/1707
f 1708/1708/1708 1709/1709/1709 1710/1710/1710
f 1711/1711/1711 1712/1712/1712 1713/1713/1713
f 1714/1714/1714 1715/1715/1715 1716/1716/1716
f 1717/1717/1717 1718/1718/1718 1719/1719/1719
f 1720/1720/1720 1721/1721/1721 1722/1722/1722
f 1723/1723/1723 1724/1724/1724 1725/1725/1725
f 1726/1726/1726 1727/1727/1727 1728/1728/1728
f 1729/1729/1729 1730/1730/1730 1731/1731/1731
f 1732/1732/1732 1733/1733/1733 1734/1734/1734
f 1735/1735/1735 1736/1736/1736 1737/1737/1737
f 1738/1738/1738 1739/1739/1739 1740/1740/1740
f 1741/1741/1741 1742/1742/1742 1743/1743/1743
f 1744/1744/1744 1745/1745/1745 1746/1746/1746
f 1747/1747/1747 1748/1748/1748 1749/1749/1749
f 1750/1750/1750 1751/1751/1751 1752/1752/1752
f 1753/1753/1753 1754/1754/1754 1755/1755/1755
f 1756/1756/1756 1757/1757/1757 1758/1758/1758
f 1759/1759/1759 1760/1760/1760 1761/1761/1761
f 1762/1762/1762 1763/1763/1763 1764/1764/1764
f 1765/1765/1765 1766/1766/1766 1767/1767/1767
f 1768/1768/1768 1769/1769/1769 1770/1770/1770
f 1771/1771/1771 1772/1772/1772 1773/1773/1773
f 1774/1774/1774 1775/1775/1775 1776/1776/1776
f 1777/1777/1777 1778/1778/1778 1779/1779/1779
f 1780/1780/1780 1781/1781/1781 1782/1782/1782
f 1783/1783/1783 1784/1784/1784 1785/1785/1785
f 1786/1786/1786 1787/1787/1787 1788/1788/1788
f 1789/1789/1789 1790/1790/1790 1791/1791/1791
f 1792/1792/1792 1793/1793/1793 1794/1794/1794
f 1795/1795/1795 1796/1796/1796 1797/1797/1797
f 1798/1798/1798 1799/1799/1799 1800/1800/1800
f 1801/1801/1801 1802/1802/1802 1803/1803/1803
f 1804/1804/1804 1805/1805/1805 1806/1806/1806
f 1807/1807/1807 1808/1808/1808 1809/1809/1809
f 1810/1810/1810 1811/1811/1811 1812/1812/1812
f 1813/1813/1813 1814/1814/1814 1815/1815/1815
f 1816/1816/1816 1817/1817/1817 1818/1818/1818
f 1819/1819/1819 1820/1820/1820 1821/1821/1821
f 1822/1822/1822 1823/1823/1823 1824/1824/1824
f 1825/1825/1825 1826/1826/1826 1827/1827/1827
f 1828/1828/1828 1829/1829/1829 1830/1830/1830
f 1831/1831/1831 1832/1832/1832 1833/1833/1833
f 1834/1834/1834 1835/1835/1835 1836/1836/1836
f 1837/1837/1837 1838/1838/1838 1839/1839/1839
f 1840/1840/1840 1841/1841/1841 1842/1842/1842
f 1843/1843/1843 1844/1844/1844 1845/1845/1845
f 1846/1846/1846 1847/1847/1847 1848/1848/1848
f 1849/1849/1849 1850/1850/1850 1851/1851/1851
f 1852/1852/1852 1853/1853/1853 1854/1854/1854
f 1855/1855/1855 1856/1856/1856 1857/1857/1857
f 1858/1858/1858 1859/1859/1859 1860/1860/1860
f 1861/1861/1861 1862/1862/1862 1863/1863/1863
f 1864/1864/1864 1865/1865/1865 1866/1866/1866
f 1867/1867/1867 1868/1868/1868 1869/1869/1869
f 1870/1870/1870 1871/1871/1871 1872/1872/1872
f 1873/1873/1873 1874/1874/1874 1875/1875/1875
f 1876/1876/1876 1877/1877/1877 1878/1878/1878
f 1879/1879/1879 1880/1880/1880 1881/1881/1881
f 1882/1882/1882 1883/1883/1883 1884/1884/1884
f 1885/1885/1885 1886/1886/1886 1887/1887/1887
f 1888/1888/1888 1889/1889/1889 1890/1890/1890
f 1891/1891/1891 1892/1892/1892 1893/1893/1893
f 1894/1894/1894 1895/1895/1895 1896/1896/1896
f 1897/1897/1897 1898/1898/1898 1899/1899/1899
f 1900/1900/1900 1901/1901/1901 1902/1902/1902
f 1903/1903/1903 1904/1904/1904 1905/1905/1905
f 1906/1906/1906 1907/1907/1907 1908/1908/1908
f 1909/1909/1909 1910/1910/1910 1911/1911/1911
f 1912/1912/1912 1913/1913/1913 1914/1914/1914
f 1915/1915/1915 1916/1916/1916 1917/1917/1917
f 1918/1918/1918 1919/1919/1919 1920/1920/1920
f 1921/1921/1921 1922/1922/1922 1923/1923/1923
f 1924/1924/1924 1925/1925/1925 1926/1926/1926
f 1927/1927/1927 1928/1928/1928 1929/1929/1929
f 1930/1930/1930 1931/1931/1931 1932/1932/1932
f 1933/1933/1933 1934/1934/1934 1935/1935/1935
f 1936/1936/1936 1937/1937/1937 1938/1938/1938
f 1939/1939/1939 1940/1940/1940 1941/1941/1941
f 1942/1942/1942 1943/1943/1943 1944/1944/1944
f 1945/1945/1945 1946/1946/1946 1947/1947/1947
f 1948/1948/1948 1949/1949/1949 1950/1950/1950
f 1951/1951/1951 1952/1952/1952 1953/1953/1953
f 1954/1954/1954 1955/1955/1955 1956/1956/1956
f 1957/1957/1957 1958/1958/1958 1959/1959/1959
f 1960/1960/1960 1961/1961/1961 1962/1962/1962
f 1963/1963/1963 1964/1964/1964 1965/1965/1965
f 1966/1966/1966 1967/1967/1967 1968/1968/1968
f 1969/1969/1969 1970/1970/1970 1971/1971/1971
f 1972/1972/1972 1973/1973/1973 1974/1974/1974
f 1975/1975/1975 1976/1976/1976 1977/1977/1977
f 1978/1978/1978 1979/1979/1979 1980/1980/1980
f 1981/1981/1981 1982/1982/1982 1983/1983/1983
f 1984/1984/1984 1985/1985/1985 1986/1986/1986
f 1987/1987/1987 1988/1988/1988 1989/1989/1989
f 1990/1990/1990 1991/1991/1991 1992/1992/1992
f 1993/1993/1993 1994/1994/1994 1995/1995/1995
f 1996/1996/1996 1997/1997/1997 1998/1998/1998
f 1999/1999/1999 2000/2000/2000 2001/2001/2001
f 2002/2002/2002 2003/2003/2003 2004/2004/2004
f 2005/2005/2005 2006/2006/2006 2007/2007/2007
f 2008/2008/2008 2009/2009/2009 2010/2010/2010
f 2011/2011/2011 2012/2012/2012 2013/2013/2013
f 2014/2014/2014 2015/2015/2015 2016/2016/2016
f 2017/2017/2017 2018/2018/2018 2019/2019/2019
f 2020/2020/2020 2021/2021/2021 2022/2022/2022
f 2023/2023/2023 2024/2024/2024 2025/2025/2025
f 2026/2026/2026 2027/2027/2027 2028/2028/2028
f 2029/2029/2029 2030/2030/2030 2031/2031/2031
f 2032/2032/2032 2033/2033/2033 2034/2034/2034
f 2035/2035/2035 2036/2036/2036 2037/2037/2037
f 2038/2038/2038 2039/2039/2039 2040/2040/2040
f 2041/2041/2041 2042/2042/2042 2043/2043/2043
f 2044/2044/2044 2045/2045/2045 2046/2046/2046
f 2047/2047/2047 2048/2048/2048 2049/2049/2049
f 2050/2050/2050 2051/2051/2051 2052/2052/2052
f 2053/2053/2053 2054/2054/2054 2055/2055/2055
f 2056/2056/2056 2057/2057/2057 2058/2058/2058
f 2059/2059/2059 2060/2060/2060 2061/2061/2061
f 2062/2062/2062 2063/2063/2063 2064/2064/2064
f 2065/2065/2065 2066/2066/2066 2067/2067/2067
f 2068/2068/2068 2069/2069/2069 2070/2070/2070
f 2071/2071/2071 2072/2072/2072 2073/2073/2073
f 2074/2074/2074 2075/2075/2075 2076/2076/2076
f 2077/2077/2077 2078/2078/2078 2079/2079/2079
f 2080/2080/2080 2081/2081/2081 2082/2082/2082
f 2083/2083/2083 2084/2084/2084 2085/2085/2085
f 2086/2086/2086 2087/2087/2087 2088/2088/2088
f 2089/2089/2089 2090/2090/2090 2091/2091/2091
f 2092/2092/2092 2093/2093/2093 2094/2094/2094
f 2095/2095/2095 2096/2096/2096 2097/2097/2097
f 2098/2098/2098 2099/2099/2099 2100/2100/2100
f 2101/2101/2101 2102/2102/2102 2103/2103/2103
f 2104/2104/2104 2105/2105/2105 2106/2106/2106
f 2107/2107/2107 2108/2108/2108 2109/2109/2109
f 2110/2110/2110 2111/2111/2111 2112/2112/2112
f 2113/2113/2113 2114/2114/2114 2115/2115/2115
f 2116/2116/2116 2117/2117/2117 2118/2118/2118
f 2119/2119/2119 2120/2120/2120 2121/2121/2121
f 2122/2122/2122 2123/2123/2123 2124/2124/2124
f 2125/2125/2125 2126/2126/2126 2127/2127/2127
f 2128/2128/2128 2129/2129/2129 2130/2130/2130
f 2131/2131/2131 2132/2132/2132 2133/2133/2133
f 2134/2134/2134 2135/2135/2135 2136/2136/2136
f 2137/2137/2137 2138/2138/2138 2139/2139/2139
f 2140/2140/2140 2141/2141/2141 2142/2142/2142
f 2143/2143/2143 2144/2144/2144 2145/2145/2145
f 2146/2146/2146 2147/2147/2147 2148/2148/2148
f 2149/2149/2149 2150/2150/2150 2151/2151/2151
f 2152/2152/2152 2153/2153/2153 2154/2154/2154
f 2155/2155/2155 2156/2156/2156 2157/2157/2157
f 2158/2158/2158 2159/2159/2159 2160/2160/2160
f 2161/2161/2161 2162/2162/2162 2163/2163/2163
f 2164/2164/2164 2165/2165/2165 2166/2166/2166
f 2167/2167/2167 2168/2168/2168 2169/2169/2169
f 2170/2170/2170 2171/2171/2171 2172/2172/2172
f 2173/2173/2173 2174/2174/2174 2175/2175/2175
f 2176/2176/2176 2177/2177/2177 2178/2178/2178
f 2179/2179/2179 2180/2180/2180 2181/2181/2181
f 2182/2182/2182 2183/2183/2183 2184/2184/2184
f 2185/2185/2185 2186/2186/2186 2187/2187/2187
f 2188/2188/2188 2189/2189/2189 2190/2190/2190
f 2191/2191/2191 2192/2192/2192 2193/2193/2193
f 2194/2194/2194 2195/2195/2195 2196/2196/2196
f 2197/2197/2197 2198/2198/2198 2199/2199/2199
f 2200/2200/2200 2201/2201/2201 2202/2202/2202
f 2203/2203/2203 2204/2204/2204 2205/2205/2205
f 2206/2206/2206 2207/2207/2207 2208/2208/2208
f 2209/2209/2209 2210/2210/2210 2211/2211/2211
f 2212/2212/2212 2213/2213/2213 2214/2214/2214
f 2215/2215/2215 2216/2216/2216 2217/2217/2217
f 2218/2218/2218 2219/2219/2219 2220/2220/2220
f 2221/2221/2221 2222/2222/2222 2223/2223/2223
f 2224/2224/2224 2225/2225/2225 2226/2226/2226
f 2227/2227/2227 2228/2228/2228 2229/2229/2229
f 2230/2230/2230 2231/2231/2231 2232/2232/2232
f 2233/2233/2233 2234/2234/2234 2235/2235/2235
f 2236/2236/2236 2237/2237/2237 2238/2238/2238
f 2239/2239/2239 2240/2240/2240 2241/2241/2241
f 2242/2242/2242 2243/2243/2243 2244/2244/2244
f 2245/2245/2245 2246/2246/2246 2247/2247/2247
f 2248/2248/2248 2249/2249/2249 2250/2250/2250
f 2251/2251/2251 2252/2252/2252 2253/2253/2253
f 2254/2254/2254 2255/2255/2255 2256/2256/2256
f 2257/2257/2257 2258/2258/2258 2259/2259/2259
f 2260/2260/2260 2261/2261/2261 2262/2262/2262
f 2263/2263/2263 2264/2264/2264 2265/2265/2265
f 2266/2266/2266 2267/2267/2267 2268/2268/2268
f 2269/2269/2269 2270/2270/2270 2271/2271/2271
f 2272/2272/2272 2273/2273/2273 2274/2274/2274
f 2275/2275/2275 2276/2276/2276 2277/2277/2277
f 2278/2278/2278 2279/2279/2279 2280/2280/2280
f 2281/2281/2281 2282/2282/2282 2283/2283/2283
f 2284/2284/2284 2285/2285/2285 2286/2286/2286
f 2287/2287/2287 2288/2288/2288 2289/2289/2289
f 2290/2290/2290 2291/2291/2291 2292/2292/2292
f 2293/2293/2293 2294/2294/2294 2295/2295/2295
f 2296/2296/2296 2297/2297/2297 2298/2298/2298
f 2299/2299/2299 2300/2300/2300 2301/2301/2301
f 2302/2302/2302 2303/2303/2303 2304/2304/2304
f 2305/2305/2305 2306/2306/2306 2307/2307/2307
f 2308/2308/2308 2309/2309/2309 2310/2310/2310
f 2311/2311/2311 2312/2312/2312 2313/2313/2313
f 2314/2314/2314 2315/2315/2315 2316/2316/2316
f 2317/2317/2317 2318/2318/2318 2319/2319/2319
f 2320/2320/2320 2321/2321/2321 2322/2322/2322
f 2323/2323/2323 2324/2324/2324 2325/2325/2325
f 2326/2326/2326 2327/2327/2327 2328/2328/2328
f 2329/2329/2329 2330/2330/2330 2331/2331/2331
f 2332/2332/2332 2333/2333/2333 2334/2334/2334
f 2335/2335/2335 2336/2336/2336 2337/2337/2337
f 2338/2338/2338 2339/2339/2339 2340/2340/2340
f 2341/2341/2341 2342/2342/2342 2343/2343/2343
f 2344/2344/2344 2345/2345/2345 2346/2346/2346
f 2347/2347/2347 2348/2348/2348 2349/2349/2349
f 2350/2350/2350 2351/2351/2351 2352/2352/2352
f 2353/2353/2353 2354/2354/2354 2355/2355/2355
f 2356/2356/2356 2357/2357/2357 2358/2358/2358
f 2359/2359/2359 2360/2360/2360 2361/2361/2361
f 2362/2362/2362 2363/2363/2363 2364/2364/2364
f 2365/2365/2365 2366/2366/2366 2367/2367/2367
f 2368/2368/2368 2369/2369/2369 2370/2370/2370
f 2371/2371/2371 2372/2372/2372 2373/2373/2373
f 2374/2374/2374 2375/2375/2375 2376/2376/2376
f 2377/2377/2377 2378/2378/2378 2379/2379/2379
f 2380/2380/2380 2381/2381/2381 2382/2382/2382
f 2383/2383/2383 2384/2384/2384 2385/2385/2385
f 2386/2386/2386 2387/2387/2387 2388/2388/2388
f 2389/2389/2389 2390/2390/2390 2391/2391/2391
f 2392/2392/2392 2393/2393/2393 2394/2394/2394
f 2395/2395/2395 2396/2396/2396 2397/2397/2397
f 2398/2398/2398 2399/2399/2399 2400/2400/2400
f 2401/2401/2401 2402/2402/2402 2403/2403/2403
f 2404/2404/2404 2405/2405/2405 2406/2406/2406
f 2407/2407/2407 2408/2408/2408 2409/2409/2409
f 2410/2410/2410 2411/2411/2411 2412/2412/2412
f 2413/2413/2413 2414/2414/2414 2415/2415/2415
f 2416/2416/2416 2417/2417/2417 2418/2418/2418
f 2419/2419/2419 2420/2420/2420 2421/2421/2421
f 2422/2422/2422 2423/2423/2423 2424/2424/2424
f 2425/2425/2425 2426/2426/2426 2427/2427/2427
f 2428/2428/2428 2429/2429/2429 2430/2430/2430
f 2431/2431/2431 2432/2432/2432 2433/2433/2433
f 2434/2434/2434 2435/2435/2435 2436/2436/2436
f 2437/2437/2437 2438/2438/2438 2439/2439/2439
f 2440/2440/2440 2441/2441/2441 2442/2442/2442
f 2443/2443/2443 2444/2444/2444 2445/2445/2445
f 2446/2446/2446 2447/2447/2447 2448/2448/2448
f 2449/2449/2449 2450/2450/2450 2451/2451/2451
f 2452/2452/2452 2453/2453/2453 2454/2454/2454
f 2455/2455/2455 2456/2456/2456 2457/2457/2457
f 2458/2458/2458 2459/2459/2459 2460/2460/2460
f 2461/2461/2461 2462/2462/2462 2463/2463/2463
f 2464/2464/2464 2465/2465/2465 2466/2466/2466
f 2467/2467/2467 2468/2468/2468 2469/2469/2469
f 2470/2470/2470 2471/2471/2471 2472/2472/2472
f 2473/2473/2473 2474/2474/2474 2475/2475/2475
f 2476/2476/2476 2477/2477/2477 2478/2478/2478
f 2479/2479/2479 2480/2480/2480 2481/2481/2481
f 2482/2482/2482 2483/2483/2483 2484/2484/2484
f 2485/2485/2485 2486/2486/2486 2487/2487/2487
f 2488/2488/2488 2489/2489/2489 2490/2490/2490
f 2491/2491/2491 2492/2492/2492 2493/2493/2493
f 2494/2494/2494 2495/2495/2495 2496/2496/2496
f 2497/2497/2497 2498/2498/2498 2499/2499/2499
f 2500/2500/2500 2501/2501/2501 2502/2502/2502
f 2503/2503/2503 2504/2504/2504 2505/2505/2505
f 2506/2506/2506 2507/2507/2507 2508/2508/2508
f 2509/2509/2509 2510/2510/2510 2511/2511/2511
f 2512/2512/2512 2513/2513/2513 2514/2514/2514
f 2515/2515/2515 2516/2516/2516 2517/2517/2517
f 2518/2518/2518 2519/2519/2519 2520/2520/2520
f 2521/2521/2521 2522/2522/2522 2523/2523/2523
f 2524/2524/2524 2525/2525/2525 2526/2526/2526
f 2527/2527/2527 2528/2528/2528 2529/2529/2529
f 2530/2530/2530 2531/2531/2531 2532/2532/2532
f 2533/2533/2533 2534/2534/2534 2535/2535/2535
f 2536/2536/2536 2537/2537/2537 2538/2538/2538
f 2539/2539/2539 2540/2540/2540 2541/2541/2541
f 2542/2542/2542 2543/2543/2543 2544/2544/2544
f 2545/2545/2545 2546/2546/2546 2547/2547/2547
f 2548/2548/2548 2549/2549/2549 2550/2550/2550
f 2551/2551/2551 2552/2552/2552 2553/2553/2553
f 2554/2554/2554 2555/2555/2555 2556/2556/2556
f 2557/2557/2557 2558/2558/2558 2559/2559/2559
f 2560/2560/2560 2561/2561/2561 2562/2562/2562
f 2563/2563/2563 2564/2564/2564 2565/2565/2565
f 2566/2566/2566 2567/2567/2567 2568/2568/2568
f 2569/2569/2569 2570/2570/2570 2571/2571/2571
f 2572/2572/2572 2573/2573/2573 2574/2574/2574
f 2575/2575/2575 2576/2576/2576 2577/2577/2577
f 2578/2578/2578 2579/2579/2579 2580/2580/2580
f 2581/2581/2581 2582/2582/2582 2583/2583/2583
f 2584/2584/2584 2585/2585/2585 2586/2586/2586
f 2587/2587/2587 2588/2588/2588 2589/2589/2589
f 2590/2590/2590 2591/2591/2591 2592/2592/2592
f 2593/2593/2593 2594/2594/2594 2595/2595/2595
f 2596/2596/2596 2597/2597/2597 2598/2598/2598
f 2599/2599/2599 2600/2600/2600 2601/2601/2601
f 2602/2602/2602 2603/2603/2603 2604/2604/2604
f 2605/2605/2605 2606/2606/2606 2607/2607/2607
f 2608/2608/2608 2609/2609/2609 2610/2610/2610
f 2611/2611/2611 2612/2612/2612 2613/2613/2613
f 2614/2614/2614 2615/2615/2615 2616/2616/2616
f 2617/2617/2617 2618/2618/2618 2619/2619/2619
f 2620/2620/2620 2621/2621/2621 2622/2622/2622
f 2623/2623/2623 2624/2624/2624 2625/2625/2625
f 2626/2626/2626 2627/2627/2627 2628/2628/2628
f 2629/2629/2629 2630/2630/2630 2631/2631/2631
f 2632/2632/2632 2633/2633/2633 2634/2634/2634
f 2635/2635/2635 2636/2636/2636 2637/2637/2637
f 2638/2638/2638 2639/2639/2639 2640/2640/2640
f 2641/2641/2641 2642/2642/2642 2643/2643/2643
f 2644/2644/2644 2645/2645/2645 2646/2646/2646
f 2647/2647/2647 2648/2648/2648 2649/2649/2649
f 2650/2650/2650 2651/2651/2651 2652/2652/2652
f 2653/2653/2653 2654/2654/2654 2655/2655/2655
f 2656/2656/2656 2657/2657/2657 2658/2658/2658
f 2659/2659/2659 2660/2660/2660 2661/2661/2661
f 2662/2662/2662 2663/2663/2663 2664/2664/2664
f 2665/2665/2665 2666/2666/2666 2667/2667/2667
f 2668/2668/2668 2669/2669/2669 2670/2670/2670
f 2671/2671/2671 2672/2672/2672 2673/2673/2673
f 2674/2674/2674 2675/2675/2675 2676/2676/2676
f 2677/2677/2677 2678/2678/2678 2679/2679/2679
f 2680/2680/2680 2681/2681/2681 2682/2682/2682
f 2683/2683/2683 2684/2684/2684 2685/2685/2685
f 2686/2686/2686 2687/2687/2687 2688/2688/2688
f 2689/2689/2689 2690/2690/2690 2691/2691/2691
f 2692/2692/2692 2693/2693/2693 2694/2694/2694
f 2695/2695/2695 2696/2696/2696 2697/2697/2697
f 2698/2698/2698 2699/2699/2699 2700/2700/2700
f 2701/2701/2701 2702/2702/2702 2703/2703/2703
f 2704/2704/2704 2705/2705/2705 2706/2706/2706
f 2707/2707/2707 2708/2708/2708 2709/2709/2709
f 2710/2710/2710 2711/2711/2711 2712/2712/2712
f 2713/2713/2713 2714/2714/2714 2715/2715/2715
f 2716/2716/2716 2717/2717/2717 2718/2718/2718
f 2719/2719/2719 2720/2720/2720 2721/2721/2721
f 2722/2722/2722 2723/2723/2723 2724/2724/2724
f 2725/2725/2725 2726/2726/2726 2727/2727/2727
f 2728/2728/2728 2729/2729/2729 2730/2730/2730
f 2731/2731/2731 2732/2732/2732 2733/2733/2733
f 2734/2734/2734 2735/2735/2735 2736/2736/2736
f 2737/2737/2737 2738/2738/2738 2739/2739/2739
f 2740/2740/2740 2741/2741/2741 2742/2742/2742
f 2743/2743/2743 2744/2744/2744 2745/2745/2745
f 2746/2746/2746 2747/2747/2747 2748/2748/2748
f 2749/2749/2749 2750/2750/2750 2751/2751/2751
f 2752/2752/2752 2753/2753/2753 2754/2754/2754
f 2755/2755/2755 2756/2756/2756 2757/2757/2757
f 2758/2758/2758 2759/2759/2759 2760/2760/2760
f 2761/2761/2761 2762/2762/2762 2763/2763/2763
f 2764/2764/2764 2765/2765/2765 2766/2766/2766
f 2767/2767/2767 2768/2768/2768 2769/2769/2769
f 2770/2770/2770 2771/2771/2771 2772/2772/2772
f 2773/2773/2773 2774/2774/2774 2775/2775/2775
f 2776/2776/2776 2777/2777/2777 2778/2778/2778
f 2779/2779/2779 2780/2780/2780 2781/2781/2781
f 2782/2782/2782 2783/2783/2783 2784/2784/2784
f 2785/2785/2785 2786/2786/2786 2787/2787/2787
f 2788/2788/2788 2789/2789/2789 2790/2790/2790
f 2791/2791/2791 2792/2792/2792 2793/2793/2793
f 2794/2794/2794 2795/2795/2795 2796/2796/2796
f 2797/2797/2797 2798/2798/2798 2799/2799/2799
f 2800/2800/2800 2801/2801/2801 2802/2802/2802
f 2803/2803/2803 2804/2804/2804 2805/2805/2805
f 2806/2806/2806 2807/2807/2807 2808/2808/2808
f 2809/2809/2809 2810/2810/2810 2811/2811/2811
f 2812/2812/2812 2813/2813/2813 2814/2814/2814
f 2815/2815/2815 2816/2816/2816 2817/2817/2817
f 2818/2818/2818 2819/2819/2819 2820/2820/2820
f 2821/2821/2821 2822/2822/2822 2823/2823/2823
f 2824/2824/2824 2825/2825/2825 2826/2826/2826
f 2827/2827/2827 2828/2828/2828 2829/2829/2829
f 2830/2830/2830 2831/2831/2831 2832/2832/2832
f 2833/2833/2833 2834/2834/2834 2835/2835/2835
f 2836/2836/2836 2837/2837/2837 2838/2838/2838
f 2839/2839/2839 2840/2840/2840 2841/2841/2841
f 2842/2842/2842 2843/2843/2843 2844/2844/2844
f 2845/2845/2845 2846/2846/2846 2847/2847/2847
f 2848/2848/2848 2849/2849/2849 2850/2850/2850
f 2851/2851/2851 2852/2852/2852 2853/2853/2853
f 2854/2854/2854 2855/2855/2855 2856/2856/2856
f 2857/2857/2857 2858/2858/2858 2859/2859/2859
f 2860/2860/2860 2861/2861/2861 2862/2862/2862
f 2863/2863/2863 2864/2864/2864 2865/2865/2865
f 2866/2866/2866 2867/2867/2867 2868/2868/2868
f 2869/2869/2869 2870/2870/2870 2871/2871/2871
f 2872/2872/2872 2873/2873/2873 2874/2874/2874
f 2875/2875/2875 2876/2876/2876 2877/2877/2877
f 2878/2878/2878 2879/2879/2879 2880/2880/2880
f 2881/2881/2881 2882/2882/2882 2883/2883/2883
f 2884/2884/2884 2885/2885/2885 2886/2886/2886
f 2887/2887/2887 2888/2888/2888 2889/2889/2889
f 2890/2890/2890 2891/2891/2891 2892/2892/2892
f 2893/2893/2893 2894/2894/2894 2895/2895/2895
f 2896/2896/2896 2897/2897/2897 2898/2898/2898
f 2899/2899/2899 2900/2900/2900 2901/2901/2901
f 2902/2902/2902 2903/2903/2903 2904/2904/2904
f 2905/2905/2905 2906/2906/2906 2907/2907/2907
f 2908/2908/2908 2909/2909/2909 2910/2910/2910
f 2911/2911/2911 2912/2912/2912 2913/2913/2913
f 2914/2914/2914 2915/2915/2915 2916/2916/2916
f 2917/2917/2917 2918/2918/2918 2919/2919/2919
f 2920/2920/2920 2921/2921/2921 2922/2922/2922
f 2923/2923/2923 2924/2924/2924 2925/2925/2925
f 2926/2926/2926 2927/2927/2927 2928/2928/2928
f 2929/2929/2929 2930/2930/2930 2931/2931/2931
f 2932/2932/2932 2933/2933/2933 2934/2934/2934
f 2935/2935/2935 2936/2936/2936 2937/2937/2937
f 2938/2938/2938 2939/2939/2939 2940/2940/2940
f 2941/2941/2941 2942/2942/2942 2943/2943/2943
f 2944/2944/2944 2945/2945/2945 2946/2946/2946
f 2947/2947/2947 2948/2948/2948 2949/2949/2949
f 2950/2950/2950 2951/2951/2951 2952/2952/2952
f 2953/2953/2953 2954/2954/2954 2955/2955/2955
f 2956/2956/2956 2957/2957/2957 2958/2958/2958
f 2959/2959/2959 2960/2960/2960 2961/2961/2961
f 2962/2962/2962 2963/2963/2963 2964/2964/2964
f 2965/2965/2965 2966/2966/2966 2967/2967/2967
f 2968/2968/2968 2969/2969/2969 2970/2970/2970
f 2971/2971/2971 2972/2972/2972 2973/2973/2973
f 2974/2974/2974 2975/2975/2975 2976/2976/2976
f 2977/2977/2977 2978/2978/2978 2979/2979/2979
f 2980/2980/2980 2981/2981/2981 2982/2982/2982
f 2983/2983/2983 2984/2984/2984 2985/2985/2985
f 2986/2986/2986 2987/2987/2987 2988/2988/2988
f 2989/2989/2989 2990/2990/2990 2991/2991/2991
f 2992/2992/2992 2993/2993/2993 2994/2994/2994
f 2995/2995/2995 2996/2996/2996 2997/2997/2997
f 2998/2998/2998 2999/2999/2999 3000/3000/3000
f 3001/3001/3001 3002/3002/3002 3003/3003/3003
f 3004/3004/3004 3005/3005/3005 3006/3006/3006
f 3007/3007/3007 3008/3008/3008 3009/3009/3009
f 3010/3010/3010 3011/3011/3011 3012/3012/3012
f 3013/3013/3013 3014/3014/3014 3015/3015/3015
f 3016/3016/3016 3017/3017/3017 3018/3018/3018
f 3019/3019/3019 3020/3020/3020 3021/3021/3021
f 3022/3022/3022 3023/3023/3023 3024/3024/3024
f 3025/3025/3025 3026/3026/3026 3027/3027/3027
f 3028/3028/3028 3029/3029/3029 3030/3030/3030
f 3031/3031/3031 3032/3032/3032 3033/3033/3033
f 3034/3034/3034 3035/3035/3035 3036/3036/3036
f 3037/3037/3037 3038/3038/3038 3039/3039/3039
f 3040/3040/3040 3041/3041/3041 3042/3042/3042
f 3043/3043/3043 3044/3044/3044 3045/3045/3045
f 3046/3046/3046 3047/3047/3047 3048/3048/3048
f 3049/3049/3049 3050/3050/3050 3051/3051/3051
f 3052/3052/3052 3053/3053/3053 3054/3054/3054
f 3055/3055/3055 3056/3056/3056 3057/3057/3057
f 3058/3058/3058 3059/3059/3059 3060/3060/3060
f 3061/3061/3061 3062/3062/3062 3063/3063/3063
f 3064/3064/3064 3065/3065/3065 3066/3066/3066
f 3067/3067/3067 3068/3068/3068 3069/3069/3069
f 3070/3070/3070 3071/3071/3071 3072/3072/3072
f 3073/3073/3073 3074/3074/3074 3075/3075/3075
f 3076/3076/3076 3077/3077/3077 3078/3078/3078
f 3079/3079/3079 3080/3080/3080 3081/3081/3081
f 3082/3082/3082 3083/3083/3083 3084/3084/3084
f 3085/3085/3085 3086/3086/3086 3087/3087/3087
f 3088/3088/3088 3089/3089/3089 3090/3090/3090
f 3091/3091/3091 3092/3092/3092 3093/3093/3093
f 3094/3094/3094 3095/3095/3095 3096/3096/3096
f 3097/3097/3097 3098/3098/3098 3099/3099/3099
f 3100/3100/3100 3101/3101/3101 3102/3102/3102
f 3103/3103/3103 3104/3104/3104 3105/3105/3105
f 3106/3106/3106 3107/3107/3107 3108/3108/3108
f 3109/3109/3109 3110/3110/3110 3111/3111/3111
f 3112/3112/3112 3113/3113/3113 3114/3114/3114
f 3115/3115/3115 3116/3116/3116 3117/3117/3117
f 3118/3118/3118 3119/3119/3119 3120/3120/3120
f 3121/3121/3121 3122/3122/3122 3123/3123/3123
f 3124/3124/3124 3125/3125/3125 3126/3126/3126
f 3127/3127/3127 3128/3128/3128 3129/3129/3129
f 3130/3130/3130 3131/3131/3131 3132/3132/3132
f 3133/3133/3133 3134/3134/3134 3135/3135/3135
f 3136/3136/3136 3137/3137/3137 3138/3138/3138
f 3139/3139/3139 3140/3140/3140 3141/3141/3141
f 3142/3142/3142 3143/3143/3143 3144/3144/3144
f 3145/3145/3145 3146/3146/3146 3147/3147/3147
f 3148/3148/3148 3149/3149/3149 3150/3150/3150
f 3151/3151/3151 3152/3152/3152 3153/3153/3153
f 3154/3154/3154 3155/3155/3155 3156/3156/3156
f 3157/3157/3157 3158/3158/3158 3159/3159/3159
f 3160/3160/3160 3161/3161/3161 3162/3162/3162
f 3163/3163/3163 3164/3164/3164 3165/3165/3165
f 3166/3166/3166 3167/3167/3167 3168/3168/3168
f 3169/3169/3169 3170/3170/3170 3171/3171/3171
f 3172/3172/3172 3173/3173/3173 3174/3174/3174
f 3175/3175/3175 3176/3176/3176 3177/3177/3177
f 3178/3178/3178 3179/3179/3179 3180/3180/3180
f 3181/3181/3181 3182/3182/3182 3183/3183/3183
f 3184/3184/3184 3185/3185/3185 3186/3186/3186
f 3187/3187/3187 3188/3188/3188 3189/3189/3189
f 3190/3190/3190 3191/3191/3191 3192/3192/3192
f 3193/3193/3193 3194/3194/3194 3195/3195/3195
f 3196/3196/3196 3197/3197/3197 3198/3198/3198
f 3199/3199/3199 3200/3200/3200 3201/3201/3201
f 3202/3202/3202 3203/3203/3203 3204/3204/3204
f 3205/3205/3205 3206/3206/3206 3207/3207/3207
f 3208/3208/3208 3209/3209/3209 3210/3210/3210
f 3211/3211/3211 3212/3212/3212 3213/3213/3213
f 3214/3214/3214 3215/3215/3215 3216/3216/3216
f 3217/3217/3217 3218/3218/3218 3219/3219/3219
f 3220/3220/3220 3221/3221/3221 3222/3222/3222
f 3223/3223/3223 3224/3224/3224 3225/3225/3225
f 3226/3226/3226 3227/3227/3227 3228/3228/3228
f 3229/3229/3229 3230/3230/3230 3231/3231/3231
f 3232/3232/3232 3233/3233/3233 3234/3234/3234
f 3235/3235/3235 3236/3236/3236 3237/3237/3237
f 3238/3238/3238 3239/3239/3239 3240/3240/3240
f 3241/3241/3241 3242/3242/3242 3243/3243/3243
f 3244/3244/3244 3245/3245/3245 3246/3246/3246
f 3247/3247/3247 3248/3248/3248 3249/3249/3249
f 3250/3250/3250 3251/3251/3251 3252/3252/3252
f 3253/3253/3253 3254/3254/3254 3255/3255/3255
f 3256/3256/3256 3257/3257/3257 3258/3258/3258
f 3259/3259/3259 3260/3260/3260 3261/3261/3261
f 3262/3262/3262 3263/3263/3263 3264/3264/3264
f 3265/3265/3265 3266/3266/3266 3267/3267/3267
f 3268/3268/3268 3269/3269/3269 3270/3270/3270
f 3271/3271/3271 3272/3272/3272 3273/3273/3273
f 3274/3274/3274 3275/3275/3275 3276/3276/3276
f 3277/3277/3277 3278/3278/3278 3279/3279/3279
f 3280/3280/3280 3281/3281/3281 3282/3282/3282
f 3283/3283/3283 3284/3284/3284 3285/3285/3285
f 3286/3286/3286 3287/3287/3287 3288/3288/3288
f 3289/3289/3289 3290/3290/3290 3291/3291/3291
f 3292/3292/3292 3293/3293/3293 3294/3294/3294
f 3295/3295/3295 3296/3296/3296 3297/3297/3297
f 3298/3298/3298 3299/3299/3299 3300/3300/3300
f 3301/3301/3301 3302/3302/3302 3303/3303/3303
f 3304/3304/3304 3305/3305/3305 3306/3306/3306
f 3307/3307/3307 3308/3308/3308 3309/3309/3309
f 3310/3310/3310 3311/3311/3311 3312/3312/3312
f 3313/3313/3313 3314/3314/3314 3315/3315/3315
f 3316/3316/3316 3317/3317/3317 3318/3318/3318
f 3319/3319/3319 3320/3320/3320 3321/3321/3321
f 3322/3322/3322 3323/3323/3323 3324/3324/3324
f 3325/3325/3325 3326/3326/3326 3327/3327/3327
f 3328/3328/3328 3329/3329/3329 3330/3330/3330
f 3331/3331/3331 3332/3332/3332 3333/3333/3333
f 3334/3334/3334 3335/3335/3335 3336/3336/3336
f 3337/3337/3337 3338/3338/3338 3339/3339/3339
f 3340/3340/3340 3341/3341/3341 3342/3342/3342
f 3343/3343/3343 3344/3344/3344 3345/3345/3345
f 3346/3346/3346 3347/3347/3347 3348/3348/3348
f 3349/3349/3349 3350/3350/3350 3351/3351/3351
f 3352/3352/3352 3353/3353/3353 3354/3354/3354
f 3355/3355/3355 3356/3356/3356 3357/3357/3357
f 3358/3358/3358 3359/3359/3359 3360/3360/3360
f 3361/3361/3361 3362/3362/3362 3363/3363/3363
f 3364/3364/3364 3365/3365/3365 3366/3366/3366
f 3367/3367/3367 3368/3368/3368 3369/3369/3369
f 3370/3370/3370 3371/3371/3371 3372/3372/3372
f 3373/3373/3373 3374/3374/3374 3375/3375/3375
f 3376/3376/3376 3377/3377/3377 3378/3378/3378
f 3379/3379/3379 3380/3380/3380 3381/3381/3381
f 3382/3382/3382 3383/3383/3383 3384/3384/3384
f 3385/3385/3385 3386/3386/3386 3387/3387/3387
f 3388/3388/3388 3389/3389/3389 3390/3390/3390
f 3391/3391/3391 3392/3392/3392 3393/3393/3393
f 3394/3394/3394 3395/3395/3395 3396/3396/3396
f 3397/3397/3397 3398/3398/3398 3399/3399/3399
f 3400/3400/3400 3401/3401/3401 3402/3402/3402
f 3403/3403/3403 3404/3404/3404 3405/3405/3405
f 3406/3406/3406 3407/3407/3407 3408/3408/3408
f 3409/3409/3409 3410/3410/3410 3411/3411/3411
f 3412/3412/3412 3413/3413/3413 3414/3414/3414
f 3415/3415/3415 3416/3416/3416 3417/3417/3417
f 3418/3418/3418 3419/3419/3419 3420/3420/3420
f 3421/3421/3421 3422/3422/3422 3423/3423/3423
f 3424/3424/3424 3425/3425/3425 3426/3426/3426
f 3427/3427/3427 3428/3428/3428 3429/3429/3429
f 3430/3430/3430 3431/3431/3431 3432/3432/3432
f 3433/3433/3433 3434/3434/3434 3435/3435/3435
f 3436/3436/3436 3437/3437/3437 3438/3438/3438
f 3439/3439/3439 3440/3440/3440 3441/3441/3441
f 3442/3442/3442 3443/3443/3443 3444/3444/3444
f 3445/3445/3445 3446/3446/3446 3447/3447/3447
f 3448/3448/3448 3449/3449/3449 3450/3450/3450
f 3451/3451/3451 3452/3452/3452 3453/3453/3453
f 3454/3454/3454 3455/3455/3455 3456/3456/3456
f 3457/3457/3457 3458/3458/3458 3459/3459/3459
f 3460/3460/3460 3461/3461/3461 3462/3462/3462
f 3463/3463/3463 3464/3464/3464 3465/3465/3465
f 3466/3466/3466 3467/3467/3467 3468/3468/3468
f 3469/3469/3469 3470/3470/3470 3471/3471/3471
f 3472/3472/3472 3473/3473/3473 3474/3474/3474
f 3475/3475/3475 3476/3476/3476 3477/3477/3477
f 3478/3478/3478 3479/3479/3479 3480/3480/3480
f 3481/3481/3481 3482/3482/3482 3483/3483/3483
f 3484/3484/3484 3485/3485/3485 3486/3486/3486
f 3487/3487/3487 3488/3488/3488 3489/3489/3489
f 3490/3490/3490 3491/3491/3491 3492/3492/3492
f 3493/3493/3493 3494/3494/3494 3495/3495/3495
f 3496/3496/3496 3497/3497/3497 3498/3498/3498
f 3499/3499/3499 3500/3500/3500 3501/3501/3501
f 3502/3502/3502 3503/3503/3503 3504/3504/3504
f 3505/3505/3505 3506/3506/3506 3507/3507/3507
f 3508/3508/3508 3509/3509/3509 3510/3510/3510
f 3511/3511/3511 3512/3512/3512 3513/3513/3513
f 3514/3514/3514 3515/3515/3515 3516/3516/3516
f 3517/3517/3517 3518/3518/3518 3519/3519/3519
f 3520/3520/3520 3521/3521/3521 3522/3522/3522
f 3523/3523/3523 3524/3524/3524 3525/3525/3525
f 3526/3526/3526 3527/3527/3527 3528/3528/3528
f 3529/3529/3529 3530/3530/3530 3531/3531/3531
f 3532/3532/3532 3533/3533/3533 3534/3534/3534
f 3535/3535/3535 3536/3536/3536 3537/3537/3537
f 3538/3538/3538 3539/3539/3539 3540/3540/3540
f 3541/3541/3541 3542/3542/3542 3543/3543/3543
f 3544/3544/3544 3545/3545/3545 3546/3546/3546
f 3547/3547/3547 3548/3548/3548 3549/3549/3549
f 3550/3550/3550 3551/3551/3551 3552/3552/3552
f 3553/3553/3553 3554/3554/3554 3555/3555/3555
f 3556/3556/3556 3557/3557/3557 3558/3558/3558
f 3559/3559/3559 3560/3560/3560 3561/3561/3561
f 3562/3562/3562 3563/3563/3563 3564/3564/3564
f 3565/3565/3565 3566/3566/3566 3567/3567/3567
f 3568/3568/3568 3569/3569/3569 3570/3570/3570
f 3571/3571/3571 3572/3572/3572 3573/3573/3573
f 3574/3574/3574 3575/3575/3575 3576/3576/3576
f 3577/3577/3577 3578/3578/3578 3579/3579/3579
f 3580/3580/3580 3581/3581/3581 3582/3582/3582
f 3583/3583/3583 3584/3584/3584 3585/3585/3585
f 3586/3586/3586 3587/3587/3587 3588/3588/3588
f 3589/3589/3589 3590/3590/3590 3591/3591/3591
f 3592/3592/3592 3593/3593/3593 3594/3594/3594
f 3595/3595/3595 3596/3596/3596 3597/3597/3597
f 3598/3598/3598 3599/3599/3599 3600/3600/3600
f 3601/3601/3601 3602/3602/3602 3603/3603/3603
f 3604/3604/3604 3605/3605/3605 3606/3606/3606
f 3607/3607/3607 3608/3608/3608 3609/3609/3609
f 3610/3610/3610 3611/3611/3611 3612/3612/3612
f 3613/3613/3613 3614/3614/3614 3615/3615/3615
f 3616/3616/3616 3617/3617/3617 3618/3618/3618
f 3619/3619/3619 3620/3620/3620 3621/3621/3621
f 3622/3622/3622 3623/3623/3623 3624/3624/3624
f 3625/3625/3625 3626/3626/3626 3627/3627/3627
f 3628/3628/3628 3629/3629/3629 3630/3630/3630
f 3631/3631/3631 3632/3632/3632 3633/3633/3633
f 3634/3634/3634 3635/3635/3635 3636/3636/3636
f 3637/3637/3637 3638/3638/3638 3639/3639/3639
f 3640/3640/3640 3641/3641/3641 3642/3642/3642
f 3643/3643/3643 3644/3644/3644 3645/3645/3645
f 3646/3646/3646 3647/3647/3647 3648/3648/3648
f 3649/3649/3649 3650/3650/3650 3651/3651/3651
f 3652/3652/3652 3653/3653/3653 3654/3654/3654
f 3655/3655/3655 3656/3656/3656 3657/3657/3657
f 3658/3658/3658 3659/3659/3659 3660/3660/3660
f 3661/3661/3661 3662/3662/3662 3663/3663/3663
f 3664/3664/3664 3665/3665/3665 3666/3666/3666
f 3667/3667/3667 3668/3668/3668 3669/3669/3669
f 3670/3670/3670 3671/3671/3671 3672/3672/3672
f 3673/3673/3673 3674/3674/3674 3675/3675/3675
f 3676/3676/3676 3677/3677/3677 3678/3678/3678
f 3679/3679/3679 3680/3680/3680 3681/3681/3681
f 3682/3682/3682 3683/3683/3683 3684/3684/3684
f 3685/3685/3685 3686/3686/3686 3687/3687/3687
f 3688/3688/3688 3689/3689/3689 3690/3690/3690
f 3691/3691/3691 3692/3692/3692 3693/3693/3693
f 3694/3694/3694 3695/3695/3695 3696/3696/3696
f 3697/3697/3697 3698/3698/3698 3699/3699/3699
f 3700/3700/3700 3701/3701/3701 3702/3702/3702
f 3703/3703/3703 3704/3704/3704 3705/3705/3705
f 3706/3706/3706 3707/3707/3707 3708/3708/3708
f 3709/3709/3709 3710/3710/3710 3711/3711/3711
f 3712/3712/3712 3713/3713/3713 3714/3714/3714
f 3715/3715/3715 3716/3716/3716 3717/3717/3717
f 3718/3718/3718 3719/3719/3719 3720/3720/3720
f 3721/3721/3721 3722/3722/3722 3723/3723/3723
f 3724/3724/3724 3725/3725/3725 3726/3726/3726
f 3727/3727/3727 3728/3728/3728 3729/3729/3729
f 3730/3730/3730 3731/3731/3731 3732/3732/3732
f 3733/3733/3733 3734/3734/3734 3735/3735/3735
f 3736/3736/3736 3737/3737/3737 3738/3738/3738
f 3739/3739/3739 3740/3740/3740 3741/3741/3741
f 3742/3742/3742 3743/3743/3743 3744/3744/3744
f 3745/3745/3745 3746/3746/3746 3747/3747/3747
f 3748/3748/3748 3749/3749/3749 3750/3750/3750
f 3751/3751/3751 3752/3752/3752 3753/3753/3753
f 3754/3754/3754 3755/3755/3755 3756/3756/3756
f 3757/3757/3757 3758/3758/3758 3759/3759/3759
f 3760/3760/3760 3761/3761/3761 3762/3762/3762
f 3763/3763/3763 3764/3764/3764 3765/3765/3765
f 3766/3766/3766 3767/3767/3767 3768/3768/3768
f 3769/3769/3769 3770/3770/3770 3771/3771/3771
f 3772/3772/3772 3773/3773/3773 3774/3774/3774
f 3775/3775/3775 3776/3776/3776 3777/3777/3777
f 3778/3778/3778 3779/3779/3779 3780/3780/3780
f 3781/3781/3781 3782/3782/3782 3783/3783/3783
f 3784/3784/3784 3785/3785/3785 3786/3786/3786
f 3787/3787/3787 3788/3788/3788 3789/3789/3789
f 3790/3790/3790 3791/3791/3791 3792/3792/3792
f 3793/3793/3793 3794/3794/3794 3795/3795/3795
f 3796/3796/3796 3797/3797/3797 3798/3798/3798
f 3799/3799/3799 3800/3800/3800 3801/3801/3801
f 3802/3802/3802 3803/3803/3803 3804/3804/3804
f 3805/3805/3805 3806/3806/3806 3807/3807/3807
f 3808/3808/3808 3809/3809/3809 3810/3810/3810
f 3811/3811/3811 3812/3812/3812 3813/3813/3813
f 3814/3814/3814 3815/3815/3815 3816/3816/3816
f 3817/3817/3817 3818/3818/3818 3819/3819/3819
f 3820/3820/3820 3821/3821/3821 3822/3822/3822
f 3823/3823/3823 3824/3824/3824 3825/3825/3825
f 3826/3826/3826 3827/3827/3827 3828/3828/3828
f 3829/3829/3829 3830/3830/3830 3831/3831/3831
f 3832/3832/3832 3833/3833/3833 3834/3834/3834
f 3835/3835/3835 3836/3836/3836 3837/3837/3837
f 3838/3838/3838 3839/3839/3839 3840/3840/3840
f 3841/3841/3841 3842/3842/3842 3843/3843/3843
f 3844/3844/3844 3845/3845/3845 3846/3846/3846
f 3847/3847/3847 3848/3848/3848 3849/3849/3849
f 3850/3850/3850 3851/3851/3851 3852/3852/3852
f 3853/3853/3853 3854/3854/3854 3855/3855/3855
f 3856/3856/3856 3857/3857/3857 3858/3858/3858
f 3859/3859/3859 3860/3860/3860 3861/3861/3861
f 3862/3862/3862 3863/3863/3863 3864/3864/3864
f 3865/3865/3865 3866/3866/3866 3867/3867/3867
f 3868/3868/3868 3869/3869/3869 3870/3870/3870
f 3871/3871/3871 3872/3872/3872 3873/3873/3873
f 3874/3874/3874 3875/3875/3875 3876/3876/3876
f 3877/3877/3877 3878/3878/3878 3879/3879/3879
f 3880/3880/3880 3881/3881/3881 3882/3882/3882
f 3883/3883/3883 3884/3884/3884 3885/3885/3885
f 3886/3886/3886 3887/3887/3887 3888/3888/3888
f 3889/3889/3889 3890/3890/3890 3891/3891/3891
f 3892/3892/3892 3893/3893/3893 3894/3894/3894
f 3895/3895/3895 3896/3896/3896 3897/3897/3897
f 3898/3898/3898 3899/3899/3899 3900/3900/3900
f 3901/3901/3901 3902/3902/3902 3903/3903/3903
f 3904/3904/3904 3905/3905/3905 3906/3906/3906
f 3907/3907/3907 3908/3908/3908 3909/3909/3909
f 3910/3910/3910 3911/3911/3911 3912/3912/3912
f 3913/3913/3913 3914/3914/3914 3915/3915/3915
f 3916/3916/3916 3917/3917/3917 3918/3918/3918
f 3919/3919/3919 3920/3920/3920 3921/3921/3921
f 3922/3922/3922 3923/3923/3923 3924/3924/3924
f 3925/3925/3925 3926/3926/3926 3927/3927/3927
f 3928/3928/3928 3929/3929/3929 3930/3930/3930
f 3931/3931/3931 3932/3932/3932 3933/3933/3933
f 3934/3934/3934 3935/3935/3935 3936/3936/3936
f 3937/3937/3937 3938/3938/3938 3939/3939/3939
f 3940/3940/3940 3941/3941/3941 3942/3942/3942
f 3943/3943/3943 3944/3944/3944 3945/3945/3945
f 3946/3946/3946 3947/3947/3947 3948/3948/3948
f 3949/3949/3949 3950/3950/3950 3951/3951/3951
f 3952/3952/3952 3953/3953/3953 3954/3954/3954
f 3955/3955/3955 3956/3956/3956 3957/3957/3957
f 3958/3958/3958 3959/3959/3959 3960/3960/3960
f 3961/3961/3961 3962/3962/3962 3963/3963/3963
f 3964/3964/3964 3965/3965/3965 3966/3966/3966
f 3967/3967/3967 3968/3968/3968 3969/3969/3969
f 3970/3970/3970 3971/3971/3971 3972/3972/3972
f 3973/3973/3973 3974/3974/3974 3975/3975/3975
f 3976/3976/3976 3977/3977/3977 3978/3978/3978
f 3979/3979/3979 3980/3980/3980 3981/3981/3981
f 3982/3982/3982 3983/3983/3983 3984/3984/3984
f 3985/3985/3985 3986/3986/3986 3987/3987/3987
f 3988/3988/3988 3989/3989/3989 3990/3990/3990
f 3991/3991/3991 3992/3992/3992 3993/3993/3993
f 3994/3994/3994 3995/3995/3995 3996/3996/3996
f 3997/3997/3997 3998/3998/3998 3999/3999/3999
f 4000/4000/4000 4001/4001/4001 4002/4002/4002
f 4003/4003/4003 4004/4004/4004 4005/4005/4005
f 4006/4006/4006 4007/4007/4007 4008/4008/4008
f 4009/4009/4009 4010/4010/4010 4011/4011/4011
f 4012/4012/4012 4013/4013/4013 4014/4014/4014
f 4015/4015/4015 4016/4016/4016 4017/4017/4017
f 4018/4018/4018 4019/4019/4019 4020/4020/4020
f 4021/4021/4021 4022/4022/4022 4023/4023/4023
f 4024/4024/4024 4025/4025/4025 4026/4026/4026
f 4027/4027/4027 4028/4028/4028 4029/4029/4029
f 4030/4030/4030 4031/4031/4031 4032/4032/4032
f 4033/4033/4033 4034/4034/4034 4035/4035/4035
f 4036/4036/4036 4037/4037/4037 4038/4038/4038
f 4039/4039/4039 4040/4040/4040 4041/4041/4041
f 4042/4042/4042 4043/4043/4043 4044/4044/4044
f 4045/4045/4045 4046/4046/4046 4047/4047/4047
f 4048/4048/4048 4049/4049/4049 4050/4050/4050
f 4051/4051/4051 4052/4052/4052 4053/4053/4053
f 4054/4054/4054 4055/4055/4055 4056/4056/4056
f 4057/4057/4057 4058/4058/4058 4059/4059/4059
f 4060/4060/4060 4061/4061/4061 4062/4062/4062
f 4063/4063/4063 4064/4064/4064 4065/4065/4065
f 4066/4066/4066 4067/4067/4067 4068/4068/4068
f 4069/4069/4069 4070/4070/4070 4071/4071/4071
f 4072/4072/4072 4073/4073/4073 4074/4074/4074
f 4075/4075/4075 4076/4076/4076 4077/4077/4077
f 4078/4078/4078 4079/4079/4079 4080/4080/4080
f 4081/4081/4081 4082/4082/4082 4083/4083/4083
f 4084/4084/4084 4085/4085/4085 4086/4086/4086
f 4087/4087/4087 4088/4088/4088 4089/4089/4089
f 4090/4090/4090 4091/4091/4091 4092/4092/4092
f 4093/4093/4093 4094/4094/4094 4095/4095/4095
f 4096/4096/4096 4097/4097/4097 4098/4098/4098
f 4099/4099/4099 4100/4100/4100 4101/4101/4101
f 4102/4102/4102 4103/4103/4103 4104/4104/4104
f 4105/4105/4105 4106/4106/4106 4107/4107/4107
f 4108/4108/4108 4109/4109/4109 4110/4110/4110
f 4111/4111/4111 4112/4112/4112 4113/4113/4113
f 4114/4114/4114 4115/4115/4115 4116/4116/4116
f 4117/4117/4117 4118/4118/4118 4119/4119/4119
f 4120/4120/4120 4121/4121/4121 4122/4122/4122
f 4123/4123/4123 4124/4124/4124 4125/4125/4125
f 4126/4126/4126 4127/4127/4127 4128/4128/4128
f 4129/4129/4129 4130/4130/4130 4131/4131/4131
f 4132/4132/4132 4133/4133/4133 4134/4134/4134
f 4135/4135/4135 4136/4136/4136 4137/4137/4137
f 4138/4138/4138 4139/4139/4139 4140/4140/4140
f 4141/4141/4141 4142/4142/4142 4143/4143/4143
f 4144/4144/4144 4145/4145/4145 4146/4146/4146
f 4147/4147/4147 4148/4148/4148 4149/4149/4149
f 4150/4150/4150 4151/4151/4151 4152/4152/4152
f 4153/4153/4153 4154/4154/4154 4155/4155/4155
f 4156/4156/4156 4157/4157/4157 4158/4158/4158
f 4159/4159/4159 4160/4160/4160 4161/4161/4161
f 4162/4162/4162 4163/4163/4163 4164/4164/4164
f 4165/4165/4165 4166/4166/4166 4167/4167/4167
f 4168/4168/4168 4169/4169/4169 4170/4170/4170
f 4171/4171/4171 4172/4172/4172 4173/4173/4173
f 4174/4174/4174 4175/4175/4175 4176/4176/4176
f 4177/4177/4177 4178/4178/4178 4179/4179/4179
f 4180/4180/4180 4181/4181/4181 4182/4182/4182
f 4183/4183/4183 4184/4184/4184 4185/4185/4185
f 4186/4186/4186 4187/4187/4187 4188/4188/4188
f 4189/4189/4189 4190/4190/4190 4191/4191/4191
f 4192/4192/4192 4193/4193/4193 4194/4194/4194
f 4195/4195/4195 4196/4196/4196 4197/4197/4197
f 4198/4198/4198 4199/4199/4199 4200/4200/4200
f 4201/4201/4201 4202/4202/4202 4203/4203/4203
f 4204/4204/4204 4205/4205/4205 4206/4206/4206
f 4207/4207/4207 4208/4208/4208 4209/4209/4209
f 4210/4210/4210 4211/4211/4211 4212/4212/4212
f 4213/4213/4213 4214/4214/4214 4215/4215/4215
f 4216/4216/4216 4217/4217/4217 4218/4218/4218
f 4219/4219/4219 4220/4220/4220 4221/4221/4221
f 4222/4222/4222 4223/4223/4223 4224/4224/4224
f 4225/4225/4225 4226/4226/4226 4227/4227/4227
f 4228/4228/4228 4229/4229/4229 4230/4230/4230
f 4231/4231/4231 4232/4232/4232 4233/4233/4233
f 4234/4234/4234 4235/4235/4235 4236/4236/4236
f 4237/4237/4237 4238/4238/4238 4239/4239/4239
f 4240/4240/4240 4241/4241/4241 4242/4242/4242
f 4243/4243/4243 4244/4244/4244 4245/4245/4245
f 4246/4246/4246 4247/4247/4247 4248/4248/4248
f 4249/4249/4249 4250/4250/4250 4251/4251/4251
f 4252/4252/4252 4253/4253/4253 4254/4254/4254
f 4255/4255/4255 4256/4256/4256 4257/4257/4257
f 4258/4258/4258 4259/4259/4259 4260/4260/4260
f 4261/4261/4261 4262/4262/4262 4263/4263/4263
f 4264/4264/4264 4265/4265/4265 4266/4266/4266
f 4267/4267/4267 4268/4268/4268 4269/4269/4269
f 4270/4270/4270 4271/4271/4271 4272/4272/4272
f 4273/4273/4273 4274/4274/4274 4275/4275/4275
f 4276/4276/4276 4277/4277/4277 4278/4278/4278
f 4279/4279/4279 4280/4280/4280 4281/4281/4281
f 4282/4282/4282 4283/4283/4283 4284/4284/4284
f 4285/4285/4285 4286/4286/4286 4287/4287/4287
f 4288/4288/4288 4289/4289/4289 4290/4290/4290
f 4291/4291/4291 4292/4292/4292 4293/4293/4293
f 4294/4294/4294 4295/4295/4295 4296/4296/4296
f 4297/4297/4297 4298/4298/4298 4299/4299/4299
f 4300/4300/4300 4301/4301/4301 4302/4302/4302
f 4303/4303/4303 4304/4304/4304 4305/4305/4305
f 4306/4306/4306 4307/4307/4307 4308/4308/4308
f 4309/4309/4309 4310/4310/4310 4311/4311/4311
f 4312/4312/4312 4313/4313/4313 4314/4314/4314
f 4315/4315/4315 4316/4316/4316 4317/4317/4317
f 4318/4318/4318 4319/4319/4319 4320/4320/4320
f 4321/4321/4321 4322/4322/4322 4323/4323/4323
f 4324/4324/4324 4325/4325/4325 4326/4326/4326
f 4327/4327/4327 4328/4328/4328 4329/4329/4329
f 4330/4330/4330 4331/4331/4331 4332/4332/4332
f 4333/4333/4333 4334/4334/4334 4335/4335/4335
f 4336/4336/4336 4337/4337/4337 4338/4338/4338
f 4339/4339/4339 4340/4340/4340 4341/4341/4341
f 4342/4342/4342 4343/4343/4343 4344/4344/4344
f 4345/4345/4345 4346/4346/4346 4347/4347/4347
f 4348/4348/4348 4349/4349/4349 4350/4350/4350
f 4351/4351/4351 4352/4352/4352 4353/4353/4353
f 4354/4354/4354 4355/4355/4355 4356/4356/4356
f 4357/4357/4357 4358/4358/4358 4359/4359/4359
f 4360/4360/4360 4361/4361/4361 4362/4362/4362
f 4363/4363/4363 4364/4364/4364 4365/4365/4365
f 4366/4366/4366 4367/4367/4367 4368/4368/4368
f 4369/4369/4369 4370/4370/4370 4371/4371/4371
f 4372/4372/4372 4373/4373/4373 4374/4374/4374
f 4375/4375/4375 4376/4376/4376 4377/4377/4377
f 4378/4378/4378 4379/4379/4379 4380/4380/4380
f 4381/4381/4381 4382/4382/4382 4383/4383/4383
f 4384/4384/4384 4385/4385/4385 4386/4386/4386
f 4387/4387/4387 4388/4388/4388 4389/4389/4389
f 4390/4390/4390 4391/4391/4391 4392/4392/4392
f 4393/4393/4393 4394/4394/4394 4395/4395/4395
f 4396/4396/4396 4397/4397/4397 4398/4398/4398
f 4399/4399/4399 4400/4400/4400 4401/4401/4401
f 4402/4402/4402 4403/4403/4403 4404/4404/4404
f 4405/4405/4405 4406/4406/4406 4407/4407/4407
f 4408/4408/4408 4409/4409/4409 4410/4410/4410
f 4411/4411/4411 4412/4412/4412 4413/4413/4413
f 4414/4414/4414 4415/4415/4415 4416/4416/4416
f 4417/4417/4417 4418/4418/4418 4419/4419/4419
f 4420/4420/4420 4421/4421/4421 4422/4422/4422
f 4423/4423/4423 4424/4424/4424 4425/4425/4425
f 4426/4426/4426 4427/4427/4427 4428/4428/4428
f 4429/4429/4429 4430/4430/4430 4431/4431/4431
f 4432/4432/4432 4433/4433/4433 4434/4434/4434
f 4435/4435/4435 4436/4436/4436 4437/4437/4437
f 4438/4438/4438 4439/4439/4439 4440/4440/4440
f 4441/4441/4441 4442/4442/4442 4443/4443/4443
f 4444/4444/4444 4445/4445/4445 4446/4446/4446
f 4447/4447/4447 4448/4448/4448 4449/4449/4449
f 4450/4450/4450 4451/4451/4451 4452/4452/4452
f 4453/4453/4453 4454/4454/4454 4455/4455/4455
f 4456/4456/4456 4457/4457/4457 4458/4458/4458
f 4459/4459/4459 4460/4460/4460 4461/4461/4461
f 4462/4462/4462 4463/4463/4463 4464/4464/4464
f 4465/4465/4465 4466/4466/4466 4467/4467/4467
f 4468/4468/4468 4469/4469/4469 4470/4470/4470
f 4471/4471/4471 4472/4472/4472 4473/4473/4473
f 4474/4474/4474 4475/4475/4475 4476/4476/4476
f 4477/4477/4477 4478/4478/4478 4479/4479/4479
f 4480/4480/4480 4481/4481/4481 4482/4482/4482
f 4483/4483/4483 4484/4484/4484 4485/4485/4485
f 4486/4486/4486 4487/4487/4487 4488/4488/4488
f 4489/4489/4489 4490/4490/4490 4491/4491/4491
f 4492/4492/4492 4493/4493/4493 4494/4494/4494
f 4495/4495/4495 4496/4496/4496 4497/4497/4497
f 4498/4498/4498 4499/4499/4499 4500/4500/4500
f 4501/4501/4501 4502/4502/4502 4503/4503/4503
f 4504/4504/4504 4505/4505/4505 4506/4506/4506
f 4507/4507/4507 4508/4508/4508 4509/4509/4509
f 4510/4510/4510 4511/4511/4511 4512/4512/4512
f 4513/4513/4513 4514/4514/4514 4515/4515/4515
f 4516/4516/4516 4517/4517/4517 4518/4518/4518
f 4519/4519/4519 4520/4520/4520 4521/4521/4521
f 4522/4522/4522 4523/4523/4523 4524/4524/4524
f 4525/4525/4525 4526/4526/4526 4527/4527/4527
f 4528/4528/4528 4529/4529/4529 4530/4530/4530
f 4531/4531/4531 4532/4532/4532 4533/4533/4533
f 4534/4534/4534 4535/4535/4535 4536/4536/4536
f 4537/4537/4537 4538/4538/4538 4539/4539/4539
f 4540/4540/4540 4541/4541/4541 4542/4542/4542
f 4543/4543/4543 4544/4544/4544 4545/4545/4545
f 4546/4546/4546 4547/4547/4547 4548/4548/4548
f 4549/4549/4549 4550/4550/4550 4551/4551/4551
f 4552/4552/4552 4553/4553/4553 4554/4554/4554
f 4555/4555/4555 4556/4556/4556 4557/4557/4557
f 4558/4558/4558 4559/4559/4559 4560/4560/4560
f 4561/4561/4561 4562/4562/4562 4563/4563/4563
f 4564/4564/4564 4565/4565/4565 4566/4566/4566
f 4567/4567/4567 4568/4568/4568 4569/4569/4569
f 4570/4570/4570 4571/4571/4571 4572/4572/4572
f 4573/4573/4573 4574/4574/4574 4575/4575/4575
f 4576/4576/4576 4577/4577/4577 4578/4578/4578
f 4579/4579/4579 4580/4580/4580 4581/4581/4581
f 4582/4582/4582 4583/4583/4583 4584/4584/4584
f 4585/4585/4585 4586/4586/4586 4587/4587/4587
f 4588/4588/4588 4589/4589/4589 4590/4590/4590
f 4591/4591/4591 4592/4592/4592 4593/4593/4593
f 4594/4594/4594 4595/4595/4595 4596/4596/4596
f 4597/4597/4597 4598/4598/4598 4599/4599/4599
f 4600/4600/4600 4601/4601/4601 4602/4602/4602
f 4603/4603/4603 4604/4604/4604 4605/4605/4605
f 4606/4606/4606 4607/4607/4607 4608/4608/4608
f 4609/4609/4609 4610/4610/4610 4611/4611/4611
f 4612/4612/4612 4613/4613/4613 4614/4614/4614
f 4615/4615/4615 4616/4616/4616 4617/4617/4617
f 4618/4618/4618 4619/4619/4619 4620/4620/4620
f 4621/4621/4621 4622/4622/4622 4623/4623/4623
f 4624/4624/4624 4625/4625/4625 4626/4626/4626
f 4627/4627/4627 4628/4628/4628 4629/4629/4629
f 4630/4630/4630 4631/4631/4631 4632/4632/4632
f 4633/4633/4633 4634/4634/4634 4635/4635/4635
f 4636/4636/4636 4637/4637/4637 4638/4638/4638
f 4639/4639/4639 4640/4640/4640 4641/4641/4641
f 4642/4642/4642 4643/4643/4643 4644/4644/4644
f 4645/4645/4645 4646/4646/4646 4647/4647/4647
f 4648/4648/4648 4649/4649/4649 4650/4650/4650
f 4651/4651/4651 4652/4652/4652 4653/4653/4653
f 4654/4654/4654 4655/4655/4655 4656/4656/4656
f 4657/4657/4657 4658/4658/4658 4659/4659/4659
f 4660/4660/4660 4661/4661/4661 4662/4662/4662
f 4663/4663/4663 4664/4664/4664 4665/4665/4665
f 4666/4666/4666 4667/4667/4667 4668/4668/4668
f 4669/4669/4669 4670/4670/4670 4671/4671/4671
f 4672/4672/4672 4673/4673/4673 4674/4674/4674
f 4675/4675/4675 4676/4676/4676 4677/4677/4677
f 4678/4678/4678 4679/4679/4679 4680/4680/4680
f 4681/4681/4681 4682/4682/4682 4683/4683/4683
f 4684/4684/4684 4685/4685/4685 4686/4686/4686
f 4687/4687/4687 4688/4688/4688 4689/4689/4689
f 4690/4690/4690 4691/4691/4691 4692/4692/4692
f 4693/4693/4693 4694/4694/4694 4695/4695/4695
f 4696/4696/4696 4697/4697/4697 4698/4698/4698
f 4699/4699/4699 4700/4700/4700 4701/4701/4701
f 4702/4702/4702 4703/4703/4703 4704/4704/4704
f 4705/4705/4705 4706/4706/4706 4707/4707/4707
f 4708/4708/4708 4709/4709/4709 4710/4710/4710
f 4711/4711/4711 4712/4712/4712 4713/4713/4713
f 4714/4714/4714 4715/4715/4715 4716/4716/4716
f 4717/4717/4717 4718/4718/4718 4719/4719/4719
f 4720/4720/4720 4721/4721/4721 4722/4722/4722
f 4723/4723/4723 4724/4724/4724 4725/4725/4725
f 4726/4726/4726 4727/4727/4727 4728/4728/4728
f 4729/4729/4729 4730/4730/4730 4731/4731/4731
f 4732/4732/4732 4733/4733/4733 4734/4734/4734
f 4735/4735/4735 4736/4736/4736 4737/4737/4737
f 4738/4738/4738 4739/4739/4739 4740/4740/4740
f 4741/4741/4741 4742/4742/4742 4743/4743/4743
f 4744/4744/4744 4745/4745/4745 4746/4746/4746
f 4747/4747/4747 4748/4748/4748 4749/4749/4749
f 4750/4750/4750 4751/4751/4751 4752/4752/4752
f 4753/4753/4753 4754/4754/4754 4755/4755/4755
f 4756/4756/4756 4757/4757/4757 4758/4758/4758
f 4759/4759/4759 4760/4760/4760 4761/4761/4761
f 4762/4762/4762 4763/4763/4763 4764/4764/4764
f 4765/4765/4765 4766/4766/4766 4767/4767/4767
f 4768/4768/4768 4769/4769/4769 4770/4770/4770
f 4771/4771/4771 4772/4772/4772 4773/4773/4773
f 4774/4774/4774 4775/4775/4775 4776/4776/4776
f 4777/4777/4777 4778/4778/4778 4779/4779/4779
f 4780/4780/4780 4781/4781/4781 4782/4782/4782
f 4783/4783/4783 4784/4784/4784 4785/4785/4785
f 4786/4786/4786 4787/4787/4787 4788/4788/4788
f 4789/4789/4789 4790/4790/4790 4791/4791/4791
f 4792/4792/4792 4793/4793/4793 4794/4794/4794
f 4795/4795/4795 4796/4796/4796 4797/4797/4797
f 4798/4798/4798 4799/4799/4799 4800/4800/4800
f 4801/4801/4801 4802/4802/4802 4803/4803/4803
f 4804/4804/4804 4805/4805/4805 4806/4806/4806
f 4807/4807/4807 4808/4808/4808 4809/4809/4809
f 4810/4810/4810 4811/4811/4811 4812/4812/4812
f 4813/4813/4813 4814/4814/4814 4815/4815/4815
f 4816/4816/4816 4817/4817/4817 4818/4818/4818
f 4819/4819/4819 4820/4820/4820 4821/4821/4821
f 4822/4822/4822 4823/4823/4823 4824/4824/4824
f 4825/4825/4825 4826/4826/4826 4827/4827/4827
f 4828/4828/4828 4829/4829/4829 4830/4830/4830
f 4831/4831/4831 4832/4832/4832 4833/4833/4833
f 4834/4834/4834 4835/4835/4835 4836/4836/4836
f 4837/4837/4837 4838/4838/4838 4839/4839/4839
f 4840/4840/4840 4841/4841/4841 4842/4842/4842
f 4843/4843/4843 4844/4844/4844 4845/4845/4845
f 4846/4846/4846 4847/4847/4847 4848/4848/4848
f 4849/4849/4849 4850/4850/4850 4851/4851/4851
f 4852/4852/4852 4853/4853/4853 4854/4854/4854
f 4855/4855/4855 4856/4856/4856 4857/4857/4857
f 4858/4858/4858 4859/4859/4859 4860/4860/4860
f 4861/4861/4861 4862/4862/4862 4863/4863/4863
f 4864/4864/4864 4865/4865/4865 4866/4866/4866
f 4867/4867/4867 4868/4868/4868 4869/4869/4869
f 4870/4870/4870 4871/4871/4871 4872/4872/4872
f 4873/4873/4873 4874/4874/4874 4875/4875/4875
f 4876/4876/4876 4877/4877/4877 4878/4878/4878
f 4879/4879/4879 4880/4880/4880 4881/4881/4881
f 4882/4882/4882 4883/4883/4883 4884/4884/4884
f 4885/4885/4885 4886/4886/4886 4887/4887/4887
f 4888/4888/4888 4889/4889/4889 4890/4890/4890
f 4891/4891/4891 4892/4892/4892 4893/4893/4893
f 4894/4894/4894 4895/4895/4895 4896/4896/4896
f 4897/4897/4897 4898/4898/4898 4899/4899/4899
f 4900/4900/4900 4901/4901/4901 4902/4902/4902
f 4903/4903/4903 4904/4904/4904 4905/4905/4905
f 4906/4906/4906 4907/4907/4907 4908/4908/4908
f 4909/4909/4909 4910/4910/4910 4911/4911/4911
f 4912/4912/4912 4913/4913/4913 4914/4914/4914
f 4915/4915/4915 4916/4916/4916 4917/4917/4917
f 4918/4918/4918 4919/4919/4919 4920/4920/4920
f 4921/4921/4921 4922/4922/4922 4923/4923/4923
f 4924/4924/4924 4925/4925/4925 4926/4926/4926
f 4927/4927/4927 4928/4928/4928 4929/4929/4929
f 4930/4930/4930 4931/4931/4931 4932/4932/4932
f 4933/4933/4933 4934/4934/4934 4935/4935/4935
f 4936/4936/4936 4937/4937/4937 4938/4938/4938
f 4939/4939/4939 4940/4940/4940 4941/4941/4941
f 4942/4942/4942 4943/4943/4943 4944/4944/4944
f 4945/4945/4945 4946/4946/4946 4947/4947/4947
f 4948/4948/4948 4949/4949/4949 4950/4950/4950
f 4951/4951/4951 4952/4952/4952 4953/4953/4953
f 4954/4954/4954 4955/4955/4955 4956/4956/4956
f 4957/4957/4957 4958/4958/4958 4959/4959/4959
f 4960/4960/4960 4961/4961/4961 4962/4962/4962
f 4963/4963/4963 4964/4964/4964 4965/4965/4965
f 4966/4966/4966 4967/4967/4967 4968/4968/4968
f 4969/4969/4969 4970/4970/4970 4971/4971/4971
f 4972/4972/4972 4973/4973/4973 4974/4974/4974
f 4975/4975/4975 4976/4976/4976 4977/4977/4977
f 4978/4978/4978 4979/4979/4979 4980/4980/4980
f 4981/4981/4981 4982/4982/4982 4983/4983/4983
f 4984/4984/4984 4985/4985/4985 4986/4986/4986
f 4987/4987/4987 4988/4988/4988 4989/4989/4989
f 4990/4990/4990 4991/4991/4991 4992/4992/4992
f 4993/4993/4993 4994/4994/4994 4995/4995/4995
f 4996/4996/4996 4997/4997/4997 4998/4998/4998
f 4999/4999/4999 5000/5000/5000 5001/5001/5001
f 5002/5002/5002 5003/5003/5003 5004/5004/5004
f 5005/5005/5005 5006/5006/5006 5007/5007/5007
f 5008/5008/5008 5009/5009/5009 5010/5010/5010
f 5011/5011/5011 5012/5012/5012 5013/5013/5013
f 5014/5014/5014 5015/5015/5015 5016/5016/5016
f 5017/5017/5017 5018/5018/5018 5019/5019/5019
f 5020/5020/5020 5021/5021/5021 5022/5022/5022
f 5023/5023/5023 5024/5024/5024 5025/5025/5025
f 5026/5026/5026 5027/5027/5027 5028/5028/5028
f 5029/5029/5029 5030/5030/5030 5031/5031/5031
f 5032/5032/5032 5033/5033/5033 5034/5034/5034
f 5035/5035/5035 5036/5036/5036 5037/5037/5037
f 5038/5038/5038 5039/5039/5039 5040/5040/5040
f 5041/5041/5041 5042/5042/5042 5043/5043/5043
f 5044/5044/5044 5045/5045/5045 5046/5046/5046
f 5047/5047/5047 5048/5048/5048 5049/5049/5049
f 5050/5050/5050 5051/5051/5051 5052/5052/5052
f 5053/5053/5053 5054/5054/5054 5055/5055/5055
f 5056/5056/5056 5057/5057/5057 5058/5058/5058
f 5059/5059/5059 5060/5060/5060 5061/5061/5061
f 5062/5062/5062 5063/5063/5063 5064/5064/5064
f 5065/5065/5065 5066/5066/5066 5067/5067/5067
f 5068/5068/5068 5069/5069/5069 5070/5070/5070
f 5071/5071/5071 5072/5072/5072 5073/5073/5073
f 5074/5074/5074 5075/5075/5075 5076/5076/5076
f 5077/5077/5077 5078/5078/5078 5079/5079/5079
f 5080/5080/5080 5081/5081/5081 5082/5082/5082
f 5083/5083/5083 5084/5084/5084 5085/5085/5085
f 5086/5086/5086 5087/5087/5087 5088/5088/5088
f 5089/5089/5089 5090/5090/5090 5091/5091/5091
f 5092/5092/5092 5093/5093/5093 5094/5094/5094
f 5095/5095/5095 5096/5096/5096 5097/5097/5097
f 5098/5098/5098 5099/5099/5099 5100/5100/5100
f 5101/5101/5101 5102/5102/5102 5103/5103/5103
f 5104/5104/5104 5105/5105/5105 5106/5106/5106
f 5107/5107/5107 5108/5108/5108 5109/5109/5109
f 5110/5110/5110 5111/5111/5111 5112/5112/5112
f 5113/5113/5113 5114/5114/5114 5115/5115/5115
f 5116/5116/5116 5117/5117/5117 5118/5118/5118
f 5119/5119/5119 5120/5120/5120 5121/5121/5121
f 5122/5122/5122 5123/5123/5123 5124/5124/5124
f 5125/5125/5125 5126/5126/5126 5127/5127/5127
f 5128/5128/5128 5129/5129/5129 5130/5130/5130
f 5131/5131/5131 5132/5132/5132 5133/5133/5133
f 5134/5134/5134 5135/5135/5135 5136/5136/5136
f 5137/5137/5137 5138/5138/5138 5139/5139/5139
f 5140/5140/5140 5141/5141/5141 5142/5142/5142
f 5143/5143/5143 5144/5144/5144 5145/5145/5145
f 5146/5146/5146 5147/5147/5147 5148/5148/5148
f 5149/5149/5149 5150/5150/5150 5151/5151/5151
f 5152/5152/5152 5153/5153/5153 5154/5154/5154
f 5155/5155/5155 5156/5156/5156 5157/5157/5157
f 5158/5158/5158 5159/5159/5159 5160/5160/5160
f 5161/5161/5161 5162/5162/5162 5163/5163/5163
f 5164/5164/5164 5165/5165/5165 5166/5166/5166
f 5167/5167/5167 5168/5168/5168 5169/5169/5169
f 5170/5170/5170 5171/5171/5171 5172/5172/5172
f 5173/5173/5173 5174/5174/5174 5175/5175/5175
f 5176/5176/5176 5177/5177/5177 5178/5178/5178
f 5179/5179/5179 5180/5180/5180 5181/5181/5181
f 5182/5182/5182 5183/5183/5183 5184/5184/5184
f 5185/5185/5185 5186/5186/5186 5187/5187/5187
f 5188/5188/5188 5189/5189/5189 5190/5190/5190
f 5191/5191/5191 5192/5192/5192 5193/5193/5193
f 5194/5194/5194 5195/5195/5195 5196/5196/5196
f 5197/5197/5197 5198/5198/5198 5199/5199/5199
f 5200/5200/5200 5201/5201/5201 5202/5202/5202
f 5203/5203/5203 5204/5204/5204 5205/5205/5205
f 5206/5206/5206 5207/5207/5207 5208/5208/5208
f 5209/5209/5209 5210/5210/5210 5211/5211/5211
f 5212/5212/5212 5213/5213/5213 5214/5214/5214
f 5215/5215/5215 5216/5216/5216 5217/5217/5217
f 5218/5218/5218 5219/5219/5219 5220/5220/5220
f 5221/5221/5221 5222/5222/5222 5223/5223/5223
f 5224/5224/5224 5225/5225/5225 5226/5226/5226
f 5227/5227/5227 5228/5228/5228 5229/5229/5229
f 5230/5230/5230 5231/5231/5231 5232/5232/5232
f 5233/5233/5233 5234/5234/5234 5235/5235/5235
f 5236/5236/5236 5237/5237/5237 5238/5238/5238
f 5239/5239/5239 5240/5240/5240 5241/5241/5241
f 5242/5242/5242 5243/5243/5243 5244/5244/5244
f 5245/5245/5245 5246/5246/5246 5247/5247/5247
f 5248/5248/5248 5249/5249/5249 5250/5250/5250
f 5251/5251/5251 5252/5252/5252 5253/5253/5253
f 5254/5254/5254 5255/5255/5255 5256/5256/5256
f 5257/5257/5257 5258/5258/5258 5259/5259/5259
f 5260/5260/5260 5261/5261/5261 5262/5262/5262
f 5263/5263/5263 5264/5264/5264 5265/5265/5265
f 5266/5266/5266 5267/5267/5267 5268/5268/5268
f 5269/5269/5269 5270/5270/5270 5271/5271/5271
f 5272/5272/5272 5273/5273/5273 5274/5274/5274
f 5275/5275/5275 5276/5276/5276 5277/5277/5277
f 5278/5278/5278 5279/5279/5279 5280/5280/5280
f 5281/5281/5281 5282/5282/5282 5283/5283/5283
f 5284/5284/5284 5285/5285/5285 5286/5286/5286
f 5287/5287/5287 5288/5288/5288 5289/5289/5289
f 5290/5290/5290 5291/5291/5291 5292/5292/5292
f 5293/5293/5293 5294/5294/5294 5295/5295/5295
f 5296/5296/5296 5297/5297/5297 5298/5298/5298
f 5299/5299/5299 5300/5300/5300 5301/5301/5301
f 5302/5302/5302 5303/5303/5303 5304/5304/5304
f 5305/5305/5305 5306/5306/5306 5307/5307/5307
f 5308/5308/5308 5309/5309/5309 5310/5310/5310
f 5311/5311/5311 5312/5312/5312 5313/5313/5313
f 5314/5314/5314 5315/5315/5315 5316/5316/5316
f 5317/5317/5317 5318/5318/5318 5319/5319/5319
f 5320/5320/5320 5321/5321/5321 5322/5322/5322
f 5323/5323/5323 5324/5324/5324 5325/5325/5325
f 5326/5326/5326 5327/5327/5327 5328/5328/5328
f 5329/5329/5329 5330/5330/5330 5331/5331/5331
f 5332/5332/5332 5333/5333/5333 5334/5334/5334
f 5335/5335/5335 5336/5336/5336 5337/5337/5337
f 5338/5338/5338 5339/5339/5339 5340/5340/5340
f 5341/5341/5341 5342/5342/5342 5343/5343/5343
f 5344/5344/5344 5345/5345/5345 5346/5346/5346
f 5347/5347/5347 5348/5348/5348 5349/5349/5349
f 5350/5350/5350 5351/5351/5351 5352/5352/5352
f 5353/5353/5353 5354/5354/5354 5355/5355/5355
f 5356/5356/5356 5357/5357/5357 5358/5358/5358
f 5359/5359/5359 5360/5360/5360 5361/5361/5361
f 5362/5362/5362 5363/5363/5363 5364/5364/5364
f 5365/5365/5365 5366/5366/5366 5367/5367/5367
f 5368/5368/5368 5369/5369/5369 5370/5370/5370
f 5371/5371/5371 5372/5372/5372 5373/5373/5373
f 5374/5374/5374 5375/5375/5375 5376/5376/5376
f 5377/5377/5377 5378/5378/5378 5379/5379/5379
f 5380/5380/5380 5381/5381/5381 5382/5382/5382
f 5383/5383/5383 5384/5384/5384 5385/5385/5385
f 5386/5386/5386 5387/5387/5387 5388/5388/5388
f 5389/5389/5389 5390/5390/5390 5391/5391/5391
f 5392/5392/5392 5393/5393/5393 5394/5394/5394
f 5395/5395/5395 5396/5396/5396 5397/5397/5397
f 5398/5398/5398 5399/5399/5399 5400/5400/5400
f 5401/5401/5401 5402/5402/5402 5403/5403/5403
f 5404/5404/5404 5405/5405/5405 5406/5406/5406
f 5407/5407/5407 5408/5408/5408 5409/5409/5409
f 5410/5410/5410 5411/5411/5411 5412/5412/5412
f 5413/5413/5413 5414/5414/5414 5415/5415/5415
f 5416/5416/5416 5417/5417/5417 5418/5418/5418
f 5419/5419/5419 5420/5420/5420 5421/5421/5421
f 5422/5422/5422 5423/5423/5423 5424/5424/5424
f 5425/5425/5425 5426/5426/5426 5427/5427/5427
f 5428/5428/5428 5429/5429/5429 5430/5430/5430
f 5431/5431/5431 5432/5432/5432 5433/5433/5433
f 5434/5434/5434 5435/5435/5435 5436/5436/5436
f 5437/5437/5437 5438/5438/5438 5439/5439/5439
f 5440/5440/5440 5441/5441/5441 5442/5442/5442
f 5443/5443/5443 5444/5444/5444 5445/5445/5445
f 5446/5446/5446 5447/5447/5447 5448/5448/5448
f 5449/5449/5449 5450/5450/5450 5451/5451/5451
f 5452/5452/5452 5453/5453/5453 5454/5454/5454
f 5455/5455/5455 5456/5456/5456 5457/5457/5457
f 5458/5458/5458 5459/5459/5459 5460/5460/5460
f 5461/5461/5461 5462/5462/5462 5463/5463/5463
f 5464/5464/5464 5465/5465/5465 5466/5466/5466
f 5467/5467/5467 5468/5468/5468 5469/5469/5469
f 5470/5470/5470 5471/5471/5471 5472/5472/5472
f 5473/5473/5473 5474/5474/5474 5475/5475/5475
f 5476/5476/5476 5477/5477/5477 5478/5478/5478
f 5479/5479/5479 5480/5480/5480 5481/5481/5481
f 5482/5482/5482 5483/5483/5483 5484/5484/5484
f 5485/5485/5485 5486/5486/5486 5487/5487/5487
f 5488/5488/5488 5489/5489/5489 5490/5490/5490
f 5491/5491/5491 5492/5492/5492 5493/5493/5493
f 5494/5494/5494 5495/5495/5495 5496/5496/5496
f 5497/5497/5497 5498/5498/5498 5499/5499/5499
f 5500/5500/5500 5501/5501/5501 5502/5502/5502
f 5503/5503/5503 5504/5504/5504 5505/5505/5505
f 5506/5506/5506 5507/5507/5507 5508/5508/5508
f 5509/5509/5509 5510/5510/5510 5511/5511/5511
f 5512/5512/5512 5513/5513/5513 5514/5514/5514
f 5515/5515/5515 5516/5516/5516 5517/5517/5517
f 5518/5518/5518 5519/5519/5519 5520/5520/5520
f 5521/5521/5521 5522/5522/5522 5523/5523/5523
f 5524/5524/5524 5525/5525/5525 5526/5526/5526
f 5527/5527/5527 5528/5528/5528 5529/5529/5529
f 5530/5530/5530 5531/5531/5531 5532/5532/5532
f 5533/5533/5533 5534/5534/5534 5535/5535/5535
f 5536/5536/5536 5537/5537/5537 5538/5538/5538
f 5539/5539/5539 5540/5540/5540 5541/5541/5541
f 5542/5542/5542 5543/5543/5543 5544/5544/5544
f 5545/5545/5545 5546/5546/5546 5547/5547/5547
f 5548/5548/5548 5549/5549/5549 5550/5550/5550
f 5551/5551/5551 5552/5552/5552 5553/5553/5553
f 5554/5554/5554 5555/5555/5555 5556/5556/5556
f 5557/5557/5557 5558/5558/5558 5559/5559/5559
f 5560/5560/5560 5561/5561/5561 5562/5562/5562
f 5563/5563/5563 5564/5564/5564 5565/5565/5565
f 5566/5566/5566 5567/5567/5567 5568/5568/5568
f 5569/5569/5569 5570/5570/5570 5571/5571/5571
f 5572/5572/5572 5573/5573/5573 5574/5574/5574
f 5575/5575/5575 5576/5576/5576 5577/5577/5577
f 5578/5578/5578 5579/5579/5579 5580/5580/5580
f 5581/5581/5581 5582/5582/5582 5583/5583/5583
f 5584/5584/5584 5585/5585/5585 5586/5586/5586
f 5587/5587/5587 5588/5588/5588 5589/5589/5589
f 5590/5590/5590 5591/5591/5591 5592/5592/5592
f 5593/5593/5593 5594/5594/5594 5595/5595/5595
f 5596/5596/5596 5597/5597/5597 5598/5598/5598
f 5599/5599/5599 5600/5600/5600 5601/5601/5601
f 5602/5602/5602 5603/5603/5603 5604/5604/5604
f 5605/5605/5605 5606/5606/5606 5607/5607/5607
f 5608/5608/5608 5609/5609/5609 5610/5610/5610
f 5611/5611/5611 5612/5612/5612 5613/5613/5613
f 5614/5614/5614 5615/5615/5615 5616/5616/5616
f 5617/5617/5617 5618/5618/5618 5619/5619/5619
f 5620/5620/5620 5621/5621/5621 5622/5622/5622
f 5623/5623/5623 5624/5624/5624 5625/5625/5625
f 5626/5626/5626 5627/5627/5627 5628/5628/5628
f 5629/5629/5629 5630/5630/5630 5631/5631/5631
f 5632/5632/5632 5633/5633/5633 5634/5634/5634
f 5635/5635/5635 5636/5636/5636 5637/5637/5637
f 5638/5638/5638 5639/5639/5639 5640/5640/5640
f 5641/5641/5641 5642/5642/5642 5643/5643/5643
f 5644/5644/5644 5645/5645/5645 5646/5646/5646
f 5647/5647/5647 5648/5648/5648 5649/5649/5649
f 5650/5650/5650 5651/5651/5651 5652/5652/5652
f 5653/5653/5653 5654/5654/5654 5655/5655/5655
f 5656/5656/5656 5657/5657/5657 5658/5658/5658
f 5659/5659/5659 5660/5660/5660 5661/5661/5661
f 5662/5662/5662 5663/5663/5663 5664/5664/5664
f 5665/5665/5665 5666/5666/5666 5667/5667/5667
f 5668/5668/5668 5669/5669/5669 5670/5670/5670
f 5671/5671/5671 5672/5672/5672 5673/5673/5673
f 5674/5674/5674 5675/5675/5675 5676/5676/5676
f 5677/5677/5677 5678/5678/5678 5679/5679/5679
f 5680/5680/5680 5681/5681/5681 5682/5682/5682
f 5683/5683/5683 5684/5684/5684 5685/5685/5685
f 5686/5686/5686 5687/5687/5687 5688/5688/5688
f 5689/5689/5689 5690/5690/5690 5691/5691/5691
f 5692/5692/5692 5693/5693/5693 5694/5694/5694
f 5695/5695/5695 5696/5696/5696 5697/5697/5697
f 5698/5698/5698 5699/5699/5699 5700/5700/5700
f 5701/5701/5701 5702/5702/5702 5703/5703/5703
f 5704/5704/5704 5705/5705/5705 5706/5706/5706
f 5707/5707/5707 5708/5708/5708 5709/5709/5709
f 5710/5710/5710 5711/5711/5711 5712/5712/5712
f 5713/5713/5713 5714/5714/5714 5715/5715/5715
f 5716/5716/5716 5717/5717/5717 5718/5718/5718
f 5719/5719/5719 5720/5720/5720 5721/5721/5721
f 5722/5722/5722 5723/5723/5723 5724/5724/5724
f 5725/5725/5725 5726/5726/5726 5727/5727/5727
f 5728/5728/5728 5729/5729/5729 5730/5730/5730
f 5731/5731/5731 5732/5732/5732 5733/5733/5733
f 5734/5734/5734 5735/5735/5735 5736/5736/5736
f 5737/5737/5737 5738/5738/5738 5739/5739/5739
f 5740/5740/5740 5741/5741/5741 5742/5742/5742
f 5743/5743/5743 5744/5744/5744 5745/5745/5745
f 5746/5746/5746 5747/5747/5747 5748/5748/5748
f 5749/5749/5749 5750/5750/5750 5751/5751/5751
f 5752/5752/5752 5753/5753/5753 5754/5754/5754
f 5755/5755/5755 5756/5756/5756 5757/5757/5757
f 5758/5758/5758 5759/5759/5759 5760/5760/5760
f 5761/5761/5761 5762/5762/5762 5763/5763/5763
f 5764/5764/5764 5765/5765/5765 5766/5766/5766
f 5767/5767/5767 5768/5768/5768 5769/5769/5769
f 5770/5770/5770 5771/5771/5771 5772/5772/5772
f 5773/5773/5773 5774/5774/5774 5775/5775/5775
f 5776/5776/5776 5777/5777/5777 5778/5778/5778
f 5779/5779/5779 5780/5780/5780 5781/5781/5781
f 5782/5782/5782 5783/5783/5783 5784/5784/5784
f 5785/5785/5785 5786/5786/5786 5787/5787/5787
f 5788/5788/5788 5789/5789/5789 5790/5790/5790
f 5791/5791/5791 5792/5792/5792 5793/5793/5793
f 5794/5794/5794 5795/5795/5795 5796/5796/5796
f 5797/5797/5797 5798/5798/5798 5799/5799/5799
f 5800/5800/5800 5801/5801/5801 5802/5802/5802
f 5803/5803/5803 5804/5804/5804 5805/5805/5805
f 5806/5806/5806 5807/5807/5807 5808/5808/5808
f 5809/5809/5809 5810/5810/5810 5811/5811/5811
f 5812/5812/5812 5813/5813/5813 5814/5814/5814
f 5815/5815/5815 5816/5816/5816 5817/5817/5817
f 5818/5818/5818 5819/5819/5819 5820/5820/5820
f 5821/5821/5821 5822/5822/5822 5823/5823/5823
f 5824/5824/5824 5825/5825/5825 5826/5826/5826
f 5827/5827/5827 5828/5828/5828 5829/5829/5829
f 5830/5830/5830 5831/5831/5831 5832/5832/5832
f 5833/5833/5833 5834/5834/5834 5835/5835/5835
f 5836/5836/5836 5837/5837/5837 5838/5838/5838
f 5839/5839/5839 5840/5840/5840 5841/5841/5841
f 5842/5842/5842 5843/5843/5843 5844/5844/5844
f 5845/5845/5845 5846/5846/5846 5847/5847/5847
f 5848/5848/5848 5849/5849/5849 5850/5850/5850
f 5851/5851/5851 5852/5852/5852 5853/5853/5853
f 5854/5854/5854 5855/5855/5855 5856/5856/5856
f 5857/5857/5857 5858/5858/5858 5859/5859/5859
f 5860/5860/5860 5861/5861/5861 5862/5862/5862
f 5863/5863/5863 5864/5864/5864 5865/5865/5865
f 5866/5866/5866 5867/5867/5867 5868/5868/5868
f 5869/5869/5869 5870/5870/5870 5871/5871/5871
f 5872/5872/5872 5873/5873/5873 5874/5874/5874
f 5875/5875/5875 5876/5876/5876 5877/5877/5877
f 5878/5878/5878 5879/5879/5879 5880/5880/5880
f 5881/5881/5881 5882/5882/5882 5883/5883/5883
f 5884/5884/5884 5885/5885/5885 5886/5886/5886
f 5887/5887/5887 5888/5888/5888 5889/5889/5889
f 5890/5890/5890 5891/5891/5891 5892/5892/5892
f 5893/5893/5893 5894/5894/5894 5895/5895/5895
f 5896/5896/5896 5897/5897/5897 5898/5898/5898
f 5899/5899/5899 5900/5900/5900 5901/5901/5901
f 5902/5902/5902 5903/5903/5903 5904/5904/5904
f 5905/5905/5905 5906/5906/5906 5907/5907/5907
f 5908/5908/5908 5909/5909/5909 5910/5910/5910
f 5911/5911/5911 5912/5912/5912 5913/5913/5913
f 5914/5914/5914 5915/5915/5915 5916/5916/5916
f 5917/5917/5917 5918/5918/5918 5919/5919/5919
f 5920/5920/5920 5921/5921/5921 5922/5922/5922
f 5923/5923/5923 5924/5924/5924 5925/5925/5925
f 5926/5926/5926 5927/5927/5927 5928/5928/5928
f 5929/5929/5929 5930/5930/5930 5931/5931/5931
f 5932/5932/5932 5933/5933/5933 5934/5934/5934
f 5935/5935/5935 5936/5936/5936 5937/5937/5937
f 5938/5938/5938 5939/5939/5939 5940/5940/5940
f 5941/5941/5941 5942/5942/5942 5943/5943/5943
f 5944/5944/5944 5945/5945/5945 5946/5946/5946
f 5947/5947/5947 5948/5948/5948 5949/5949/5949
f 5950/5950/5950 5951/5951/5951 5952/5952/5952
f 5953/5953/5953 5954/5954/5954 5955/5955/5955
f 5956/5956/5956 5957/5957/5957 5958/5958/5958
f 5959/5959/5959 5960/5960/5960 5961/5961/5961
f 5962/5962/5962 5963/5963/5963 5964/5964/5964
f 5965/5965/5965 5966/5966/5966 5967/5967/5967
f 5968/5968/5968 5969/5969/5969 5970/5970/5970
f 5971/5971/5971 5972/5972/5972 5973/5973/5973
f 5974/5974/5974 5975/5975/5975 5976/5976/5976
f 5977/5977/5977 5978/5978/5978 5979/5979/5979
f 5980/5980/5980 5981/5981/5981 5982/5982/5982
f 5983/5983/5983 5984/5984/5984 5985/5985/5985
f 5986/5986/5986 5987/5987/5987 5988/5988/5988
f 5989/5989/5989 5990/5990/5990 5991/5991/5991
f 5992/5992/5992 5993/5993/5993 5994/5994/5994
f 5995/5995/5995 5996/5996/5996 5997/5997/5997
f 5998/5998/5998 5999/5999/5999 6000/6000/6000
f 6001/6001/6001 6002/6002/6002 6003/6003/6003
f 6004/6004/6004 6005/6005/6005 6006/6006/6006
f 6007/6007/6007 6008/6008/6008 6009/6009/6009
f 6010/6010/6010 6011/6011/6011 6012/6012/6012
f 6013/6013/6013 6014/6014/6014 6015/6015/6015
f 6016/6016/6016 6017/6017/6017 6018/6018/6018
f 6019/6019/6019 6020/6020/6020 6021/6021/6021
f 6022/6022/6022 6023/6023/6023 6024/6024/6024
f 6025/6025/6025 6026/6026/6026 6027/6027/6027
f 6028/6028/6028 6029/6029/6029 6030/6030/6030
f 6031/6031/6031 6032/6032/6032 6033/6033/6033
f 6034/6034/6034 6035/6035/6035 6036/6036/6036
f 6037/6037/6037 6038/6038/6038 6039/6039/6039
f 6040/6040/6040 6041/6041/6041 6042/6042/6042
f 6043/6043/6043 6044/6044/6044 6045/6045/6045
f 6046/6046/6046 6047/6047/6047 6048/6048/6048
f 6049/6049/6049 6050/6050/6050 6051/6051/6051
f 6052/6052/6052 6053/6053/6053 6054/6054/6054
f 6055/6055/6055 6056/6056/6056 6057/6057/6057
f 6058/6058/6058 6059/6059/6059 6060/6060/6060
f 6061/6061/6061 6062/6062/6062 6063/6063/6063
f 6064/6064/6064 6065/6065/6065 6066/6066/6066
f 6067/6067/6067 6068/6068/6068 6069/6069/6069
f 6070/6070/6070 6071/6071/6071 6072/6072/6072
f 6073/6073/6073 6074/6074/6074 6075/6075/6075
f 6076/6076/6076 6077/6077/6077 6078/6078/6078
f 6079/6079/6079 6080/6080/6080 6081/6081/6081
f 6082/6082/6082 6083/6083/6083 6084/6084/6084
f 6085/6085/6085 6086/6086/6086 6087/6087/6087
f 6088/6088/6088 6089/6089/6089 6090/6090/6090
f 6091/6091/6091 6092/6092/6092 6093/6093/6093
f 6094/6094/6094 6095/6095/6095 6096/6096/6096
f 6097/6097/6097 6098/6098/6098 6099/6099/6099
f 6100/6100/6100 6101/6101/6101 6102/6102/6102
f 6103/6103/6103 6104/6104/6104 6105/6105/6105
f 6106/6106/6106 6107/6107/6107 6108/6108/6108
f 6109/6109/6109 6110/6110/6110 6111/6111/6111
f 6112/6112/6112 6113/6113/6113 6114/6114/6114
f 6115/6115/6115 6116/6116/6116 6117/6117/6117
f 6118/6118/6118 6119/6119/6119 6120/6120/6120
f 6121/6121/6121 6122/6122/6122 6123/6123/6123
f 6124/6124/6124 6125/6125/6125 6126/6126/6126
f 6127/6127/6127 6128/6128/6128 6129/6129/6129
f 6130/6130/6130 6131/6131/6131 6132/6132/6132
f 6133/6133/6133 6134/6134/6134 6135/6135/6135
f 6136/6136/6136 6137/6137/6137 6138/6138/6138
f 6139/6139/6139 6140/6140/6140 6141/6141/6141
f 6142/6142/6142 6143/6143/6143 6144/6144/6144
f 6145/6145/6145 6146/6146/6146 6147/6147/6147
f 6148/6148/6148 6149/6149/6149 6150/6150/6150
f 6151/6151/6151 6152/6152/6152 6153/6153/6153
f 6154/6154/6154 6155/6155/6155 6156/6156/6156
f 6157/6157/6157 6158/6158/6158 6159/6159/6159
f 6160/6160/6160 6161/6161/6161 6162/6162/6162
f 6163/6163/6163 6164/6164/6164 6165/6165/6165
f 6166/6166/6166 6167/6167/6167 6168/6168/6168
f 6169/6169/6169 6170/6170/6170 6171/6171/6171
f 6172/6172/6172 6173/6173/6173 6174/6174/6174
f 6175/6175/6175 6176/6176/6176 6177/6177/6177
f 6178/6178/6178 6179/6179/6179 6180/6180/6180
f 6181/6181/6181 6182/6182/6182 6183/6183/6183
f 6184/6184/6184 6185/6185/6185 6186/6186/6186
f 6187/6187/6187 6188/6188/6188 6189/6189/6189
f 6190/6190/6190 6191/6191/6191 6192/6192/6192
f 6193/6193/6193 6194/6194/6194 6195/6195/6195
f 6196/6196/6196 6197/6197/6197 6198/6198/6198
f 6199/6199/6199 6200/6200/6200 6201/6201/6201
f 6202/6202/6202 6203/6203/6203 6204/6204/6204
f 6205/6205/6205 6206/6206/6206 6207/6207/6207
f 6208/6208/6208 6209/6209/6209 6210/6210/6210
f 6211/6211/6211 6212/6212/6212 6213/6213/6213
f 6214/6214/6214 6215/6215/6215 6216/6216/6216
f 6217/6217/6217 6218/6218/6218 6219/6219/6219
f 6220/6220/6220 6221/6221/6221 6222/6222/6222
f 6223/6223/6223 6224/6224/6224 6225/6225/6225
f 6226/6226/6226 6227/6227/6227 6228/6228/6228
f 6229/6229/6229 6230/6230/6230 6231/6231/6231
f 6232/6232/6232 6233/6233/6233 6234/6234/6234
f 6235/6235/6235 6236/6236/6236 6237/6237/6237
f 6238/6238/6238 6239/6239/6239 6240/6240/6240
f 6241/6241/6241 6242/6242/6242 6243/6243/6243
f 6244/6244/6244 6245/6245/6245 6246/6246/6246
f 6247/6247/6247 6248/6248/6248 6249/6249/6249
f 6250/6250/6250 6251/6251/6251 6252/6252/6252
f 6253/6253/6253 6254/6254/6254 6255/6255/6255
f 6256/6256/6256 6257/6257/6257 6258/6258/6258
f 6259/6259/6259 6260/6260/6260 6261/6261/6261
f 6262/6262/6262 6263/6263/6263 6264/6264/6264
f 6265/6265/6265 6266/6266/6266 6267/6267/6267
f 6268/6268/6268 6269/6269/6269 6270/6270/6270
f 6271/6271/6271 6272/6272/6272 6273/6273/6273
f 6274/6274/6274 6275/6275/6275 6276/6276/6276
f 6277/6277/6277 6278/6278/6278 6279/6279/6279
f 6280/6280/6280 6281/6281/6281 6282/6282/6282
f 6283/6283/6283 6284/6284/6284 6285/6285/6285
f 6286/6286/6286 6287/6287/6287 6288/6288/6288
f 6289/6289/6289 6290/6290/6290 6291/6291/6291
f 6292/6292/6292 6293/6293/6293 6294/6294/6294
f 6295/6295/6295 6296/6296/6296 6297/6297/6297
f 6298/6298/6298 6299/6299/6299 6300/6300/6300
f 6301/6301/6301 6302/6302/6302 6303/6303/6303
f 6304/6304/6304 6305/6305/6305 6306/6306/6306
f 6307/6307/6307 6308/6308/6308 6309/6309/6309
f 6310/6310/6310 6311/6311/6311 6312/6312/6312
f 6313/6313/6313 6314/6314/6314 6315/6315/6315
f 6316/6316/6316 6317/6317/6317 6318/6318/6318
f 6319/6319/6319 6320/6320/6320 6321/6321/6321
f 6322/6322/6322 6323/6323/6323 6324/6324/6324
f 6325/6325/6325 6326/6326/6326 6327/6327/6327
f 6328/6328/6328 6329/6329/6329 6330/6330/6330
f 6331/6331/6331 6332/6332/6332 6333/6333/6333
f 6334/6334/6334 6335/6335/6335 6336/6336/6336
f 6337/6337/6337 6338/6338/6338 6339/6339/6339
f 6340/6340/6340 6341/6341/6341 6342/6342/6342
f 6343/6343/6343 6344/6344/6344 6345/6345/6345
f 6346/6346/6346 6347/6347/6347 6348/6348/6348
f 6349/6349/6349 6350/6350/6350 6351/6351/6351
f 6352/6352/6352 6353/6353/6353 6354/6354/6354
f 6355/6355/6355 6356/6356/6356 6357/6357/6357
f 6358/6358/6358 6359/6359/6359 6360/6360/6360
f 6361/6361/6361 6362/6362/6362 6363/6363/6363
f 6364/6364/6364 6365/6365/6365 6366/6366/6366
f 6367/6367/6367 6368/6368/6368 6369/6369/6369
f 6370/6370/6370 6371/6371/6371 6372/6372/6372
f 6373/6373/6373 6374/6374/6374 6375/6375/6375
f 6376/6376/6376 6377/6377/6377 6378/6378/6378
f 6379/6379/6379 6380/6380/6380 6381/6381/6381
f 6382/6382/6382 6383/6383/6383 6384/6384/6384
f 6385/6385/6385 6386/6386/6386 6387/6387/6387
f 6388/6388/6388 6389/6389/6389 6390/6390/6390
f 6391/6391/6391 6392/6392/6392 6393/6393/6393
f 6394/6394/6394 6395/6395/6395 6396/6396/6396
f 6397/6397/6397 6398/6398/6398 6399/6399/6399
f 6400/6400/6400 6401/6401/6401 6402/6402/6402
f 6403/6403/6403 6404/6404/6404 6405/6405/6405
f 6406/6406/6406 6407/6407/6407 6408/6408/6408
f 6409/6409/6409 6410/6410/6410 6411/6411/6411
f 6412/6412/6412 6413/6413/6413 6414/6414/6414
f 6415/6415/6415 6416/6416/6416 6417/6417/6417
f 6418/6418/6418 6419/6419/6419 6420/6420/6420
f 6421/6421/6421 6422/6422/6422 6423/6423/6423
f 6424/6424/6424 6425/6425/6425 6426/6426/6426
f 6427/6427/6427 6428/6428/6428 6429/6429/6429
f 6430/6430/6430 6431/6431/6431 6432/6432/6432
f 6433/6433/6433 6434/6434/6434 6435/6435/6435
f 6436/6436/6436 6437/6437/6437 6438/6438/6438
f 6439/6439/6439 6440/6440/6440 6441/6441/6441
f 6442/6442/6442 6443/6443/6443 6444/6444/6444
f 6445/6445/6445 6446/6446/6446 6447/6447/6447
f 6448/6448/6448 6449/6449/6449 6450/6450/6450
f 6451/6451/6451 6452/6452/6452 6453/6453/6453
f 6454/6454/6454 6455/6455/6455 6456/6456/6456
f 6457/6457/6457 6458/6458/6458 6459/6459/6459
f 6460/6460/6460 6461/6461/6461 6462/6462/6462
f 6463/6463/6463 6464/6464/6464 6465/6465/6465
f 6466/6466/6466 6467/6467/6467 6468/6468/6468
f 6469/6469/6469 6470/6470/6470 6471/6471/6471
f 6472/6472/6472 6473/6473/6473 6474/6474/6474
f 6475/6475/6475 6476/6476/6476 6477/6477/6477
f 6478/6478/6478 6479/6479/6479 6480/6480/6480
f 6481/6481/6481 6482/6482/6482 6483/6483/6483
f 6484/6484/6484 6485/6485/6485 6486/6486/6486
f 6487/6487/6487 6488/6488/6488 6489/6489/6489
f 6490/6490/6490 6491/6491/6491 6492/6492/6492
f 6493/6493/6493 6494/6494/6494 6495/6495/6495
f 6496/6496/6496 6497/6497/6497 6498/6498/6498
f 6499/6499/6499 6500/6500/6500 6501/6501/6501
f 6502/6502/6502 6503/6503/6503 6504/6504/6504
f 6505/6505/6505 6506/6506/6506 6507/6507/6507
f 6508/6508/6508 6509/6509/6509 6510/6510/6510
f 6511/6511/6511 6512/6512/6512 6513/6513/6513
f 6514/6514/6514 6515/6515/6515 6516/6516/6516
f 6517/6517/6517 6518/6518/6518 6519/6519/6519
f 6520/6520/6520 6521/6521/6521 6522/6522/6522
f 6523/6523/6523 6524/6524/6524 6525/6525/6525
f 6526/6526/6526 6527/6527/6527 6528/6528/6528
f 6529/6529/6529 6530/6530/6530 6531/6531/6531
f 6532/6532/6532 6533/6533/6533 6534/6534/6534
f 6535/6535/6535 6536/6536/6536 6537/6537/6537
f 6538/6538/6538 6539/6539/6539 6540/6540/6540
f 6541/6541/6541 6542/6542/6542 6543/6543/6543
f 6544/6544/6544 6545/6545/6545 6546/6546/6546
f 6547/6547/6547 6548/6548/6548 6549/6549/6549
f 6550/6550/6550 6551/6551/6551 6552/6552/6552
f 6553/6553/6553 6554/6554/6554 6555/6555/6555
f 6556/6556/6556 6557/6557/6557 6558/6558/6558
f 6559/6559/6559 6560/6560/6560 6561/6561/6561
f 6562/6562/6562 6563/6563/6563 6564/6564/6564
f 6565/6565/6565 6566/6566/6566 6567/6567/6567
f 6568/6568/6568 6569/6569/6569 6570/6570/6570
f 6571/6571/6571 6572/6572/6572 6573/6573/6573
f 6574/6574/6574 6575/6575/6575 6576/6576/6576
f 6577/6577/6577 6578/6578/6578 6579/6579/6579
f 6580/6580/6580 6581/6581/6581 6582/6582/6582
f 6583/6583/6583 6584/6584/6584 6585/6585/6585
f 6586/6586/6586 6587/6587/6587 6588/6588/6588
f 6589/6589/6589 6590/6590/6590 6591/6591/6591
f 6592/6592/6592 6593/6593/6593 6594/6594/6594
f 6595/6595/6595 6596/6596/6596 6597/6597/6597
f 6598/6598/6598 6599/6599/6599 6600/6600/6600
f 6601/6601/6601 6602/6602/6602 6603/6603/6603
f 6604/6604/6604 6605/6605/6605 6606/6606/6606
f 6607/6607/6607 6608/6608/6608 6609/6609/6609
f 6610/6610/6610 6611/6611/6611 6612/6612/6612
f 6613/6613/6613 6614/6614/6614 6615/6615/6615
f 6616/6616/6616 6617/6617/6617 6618/6618/6618
f 6619/6619/6619 6620/6620/6620 6621/6621/6621
f 6622/6622/6622 6623/6623/6623 6624/6624/6624
f 6625/6625/6625 6626/6626/6626 6627/6627/6627
f 6628/6628/6628 6629/6629/6629 6630/6630/6630
f 6631/6631/6631 6632/6632/6632 6633/6633/6633
f 6634/6634/6634 6635/6635/6635 6636/6636/6636
