o hipPitchRight
usemtl 黑色
v -0.06970398873090744 -0.03331898897886276 0.03782695159316063
v -0.07110399007797241 -0.03467195853590965 0.039058979600667953
v -0.06929998844861984 -0.03337394818663597 0.03739695996046066
v -0.07390397042036057 -0.03750300034880638 0.04137599095702171
v -0.06929998844861984 -0.03337394818663597 0.03739695996046066
v -0.07110399007797241 -0.03467195853590965 0.039058979600667953
v -0.07631795853376389 -0.04093997925519943 0.04330294951796532
v -0.07390397042036057 -0.03750300034880638 0.04137599095702171
v -0.07530397176742554 -0.03897899016737938 0.04245799034833908
v -0.07631795853376389 -0.027821950614452362 0.031094960868358612
v -0.07341896742582321 -0.0257639791816473 0.028272980824112892
v -0.07530397176742554 -0.026267999783158302 0.02962999977171421
v -0.07250397652387619 -0.017488950863480568 -0.007111966144293547
v -0.07221894711256027 -0.018013950437307358 -0.00793296005576849
v -0.07341896742582321 -0.017705969512462616 -0.006132959853857756
v -0.07221894711256027 -0.018013950437307358 -0.00793296005576849
v -0.07250397652387619 -0.017488950863480568 -0.007111966144293547
v -0.0708189606666565 -0.01819998025894165 -0.009447990916669369
v -0.0708189606666565 -0.01819998025894165 -0.009447990916669369
v -0.06843595951795578 -0.018976980820298195 -0.01267194002866745
v -0.07221894711256027 -0.018013950437307358 -0.00793296005576849
v -0.06843595951795578 -0.018976980820298195 -0.01267194002866745
v -0.07069998234510422 -0.01840393990278244 -0.010380979627370834
v -0.07221894711256027 -0.018013950437307358 -0.00793296005576849
v -0.06509994715452194 -0.020111970603466034 -0.016662949696183205
v -0.07069998234510422 -0.01840393990278244 -0.010380979627370834
v -0.06843595951795578 -0.018976980820298195 -0.01267194002866745
v -0.06509994715452194 -0.020111970603466034 -0.016662949696183205
v -0.0625 -0.021508989855647087 -0.0208089891821146
v -0.06410396099090576 -0.020581960678100586 -0.01896595023572445
v -0.0660960003733635 -0.019693970680236816 -0.016519960016012192
v -0.06825195997953415 -0.019144950434565544 -0.013392980210483074
v -0.06509994715452194 -0.020111970603466034 -0.016662949696183205
v -0.07069998234510422 -0.01840393990278244 -0.010380979627370834
v -0.06825195997953415 -0.019144950434565544 -0.013392980210483074
v -0.06970398873090744 -0.018399950116872787 -0.011986969970166683
v -0.07069998234510422 -0.01840393990278244 -0.010380979627370834
v -0.06509994715452194 -0.020111970603466034 -0.016662949696183205
v -0.06825195997953415 -0.019144950434565544 -0.013392980210483074
v -0.06410396099090576 -0.024321969598531723 -0.026605959981679916
v -0.0625 -0.02546399086713791 -0.028160979971289635
v -0.0625 -0.029424959793686867 -0.03349994868040085
v -0.08329998701810837 -0.018766989931464195 -0.01201396994292736
v -0.08090399950742722 -0.018955999985337257 -0.014127960428595543
v -0.08050494641065598 -0.0197369996458292 -0.015429969877004623
v -0.07950395345687866 -0.019483979791402817 -0.015879979357123375
v -0.07756798714399338 -0.020693950355052948 -0.018354950472712517
v -0.08050494641065598 -0.0197369996458292 -0.015429969877004623
v -0.08050494641065598 -0.0197369996458292 -0.015429969877004623
v -0.07756798714399338 -0.020693950355052948 -0.018354950472712517
v -0.07670395821332932 -0.021221989765763283 -0.020523959770798683
v -0.07530397176742554 -0.021432990208268166 -0.021007949486374855
v -0.07341896742582321 -0.02289699949324131 -0.023306960240006447
v -0.07670395821332932 -0.021221989765763283 -0.020523959770798683
v -0.07341896742582321 -0.02289699949324131 -0.023306960240006447
v -0.06776899099349976 -0.02662700042128563 -0.029577970504760742
v -0.07068198174238205 -0.02493095025420189 -0.026841990649700165
v -0.07068198174238205 -0.02493095025420189 -0.026841990649700165
v -0.06776899099349976 -0.02662700042128563 -0.029577970504760742
v -0.06658899039030075 -0.027921969071030617 -0.031224960461258888
v -0.06658899039030075 -0.027921969071030617 -0.031224960461258888
v -0.06410396099090576 -0.029139989987015724 -0.033394988626241684
v -0.0625 -0.03134094923734665 -0.03527497872710228
v -0.06410396099090576 -0.029139989987015724 -0.033394988626241684
v -0.0625 -0.029424959793686867 -0.03349994868040085
v -0.0625 -0.03134094923734665 -0.03527497872710228
v -0.06749600172042847 -0.02720296010375023 -0.030936000868678093
v -0.07068198174238205 -0.02493095025420189 -0.026841990649700165
v -0.06658899039030075 -0.027921969071030617 -0.031224960461258888
v -0.07309596985578537 -0.023276979103684425 -0.02476697973906994
v -0.07341896742582321 -0.02289699949324131 -0.023306960240006447
v -0.07068198174238205 -0.02493095025420189 -0.026841990649700165
v -0.07309596985578537 -0.023276979103684425 -0.02476697973906994
v -0.07670395821332932 -0.021221989765763283 -0.020523959770798683
v -0.07341896742582321 -0.02289699949324131 -0.023306960240006447
v -0.0625 -0.0339999683201313 -0.03825496882200241
v -0.06329596042633057 -0.03679800033569336 -0.040828999131917953
v -0.0625 -0.03134094923734665 -0.03527497872710228
v -0.0625 -0.0339999683201313 -0.03825496882200241
v -0.0625 -0.045677948743104935 -0.04602795094251633
v -0.06329596042633057 -0.03679800033569336 -0.040828999131917953
v -0.08041094988584518 -0.027816949412226677 -0.031086979433894157
v -0.07670395821332932 -0.03024297021329403 -0.0346679612994194
v -0.07478100061416626 -0.03279697149991989 -0.03676794841885567
v -0.0625 -0.045677948743104935 -0.04602795094251633
v -0.0660960003733635 -0.04184800013899803 -0.04434800148010254
v -0.06362395733594894 -0.04389594867825508 -0.04514896124601364
v -0.07478100061416626 -0.03279697149991989 -0.03676794841885567
v -0.07390397042036057 -0.03277695178985596 -0.037307970225811005
v -0.07250397652387619 -0.034110959619283676 -0.038558948785066605
v -0.06970398873090744 -0.03690898045897484 -0.04091697186231613
v -0.06843595951795578 -0.03882598131895065 -0.04186099022626877
v -0.07250397652387619 -0.034110959619283676 -0.038558948785066605
v -0.06843595951795578 -0.03882598131895065 -0.04186099022626877
v -0.07478100061416626 -0.03279697149991989 -0.03676794841885567
v -0.07250397652387619 -0.034110959619283676 -0.038558948785066605
v -0.07810395210981369 -0.029892979189753532 -0.03427296131849289
v -0.08041094988584518 -0.027816949412226677 -0.031086979433894157
v -0.07478100061416626 -0.03279697149991989 -0.03676794841885567
v -0.0660960003733635 -0.04184800013899803 -0.04434800148010254
v -0.0625 -0.045677948743104935 -0.04602795094251633
v -0.06329596042633057 -0.04503399133682251 -0.04614799842238426
v -0.06749600172042847 -0.04030495136976242 -0.043365951627492905
v -0.06843595951795578 -0.03882598131895065 -0.04186099022626877
v -0.0660960003733635 -0.04184800013899803 -0.04434800148010254
v -0.07217597216367722 -0.03544396162033081 -0.03927600011229515
v -0.06843595951795578 -0.03882598131895065 -0.04186099022626877
v -0.06749600172042847 -0.04030495136976242 -0.043365951627492905
v -0.07309596985578537 -0.03450495004653931 -0.03891199082136154
v -0.07478100061416626 -0.03279697149991989 -0.03676794841885567
v -0.07217597216367722 -0.03544396162033081 -0.03927600011229515
v -0.07478100061416626 -0.03279697149991989 -0.03676794841885567
v -0.06843595951795578 -0.03882598131895065 -0.04186099022626877
v -0.07217597216367722 -0.03544396162033081 -0.03927600011229515
v -0.08318095654249191 -0.025997990742325783 -0.028647949919104576
v -0.08464998006820679 -0.023519989103078842 -0.025209959596395493
v -0.08041094988584518 -0.027816949412226677 -0.031086979433894157
v -0.08464998006820679 -0.029754990711808205 -0.03411494940519333
v -0.08464998006820679 -0.023519989103078842 -0.025209959596395493
v -0.08318095654249191 -0.025997990742325783 -0.028647949919104576
v -0.07810395210981369 -0.029892979189753532 -0.03427296131849289
v -0.07478100061416626 -0.03279697149991989 -0.03676794841885567
v -0.07530397176742554 -0.03239994868636131 -0.03693794831633568
v -0.08289598673582077 -0.037630971521139145 -0.04147297143936157
v -0.08050494641065598 -0.04118096083402634 -0.04348599165678024
v -0.08464998006820679 -0.03770595043897629 -0.041528988629579544
v -0.08289598673582077 -0.037630971521139145 -0.04147297143936157
v -0.08090399950742722 -0.039744969457387924 -0.04298996180295944
v -0.08050494641065598 -0.04118096083402634 -0.04348599165678024
v -0.07950395345687866 -0.04127597063779831 -0.043992988765239716
v -0.07756798714399338 -0.043793968856334686 -0.045111000537872314
v -0.08050494641065598 -0.04118096083402634 -0.04348599165678024
v -0.08050494641065598 -0.04118096083402634 -0.04348599165678024
v -0.07756798714399338 -0.043793968856334686 -0.045111000537872314
v -0.07631795853376389 -0.04552799090743065 -0.045951958745718
v -0.07631795853376389 -0.04552799090743065 -0.045951958745718
v -0.07530397176742554 -0.04606496915221214 -0.04666893929243088
v -0.07341896742582321 -0.048663970082998276 -0.04748797044157982
v -0.07631795853376389 -0.04552799090743065 -0.045951958745718
v -0.07341896742582321 -0.048663970082998276 -0.04748797044157982
v -0.0708189606666565 -0.051781948655843735 -0.04871796816587448
v -0.07250397652387619 -0.04940294846892357 -0.04816596955060959
v -0.0708189606666565 -0.051781948655843735 -0.04871796816587448
v -0.07341896742582321 -0.048663970082998276 -0.04748797044157982
v -0.07478100061416626 -0.04755597934126854 -0.04693299159407616
v -0.07631795853376389 -0.04552799090743065 -0.045951958745718
v -0.0708189606666565 -0.051781948655843735 -0.04871796816587448
v -0.07631795853376389 -0.04552799090743065 -0.045951958745718
v -0.07478100061416626 -0.04755597934126854 -0.04693299159407616
v -0.07530397176742554 -0.0472409687936306 -0.047228988260030746
v -0.08329998701810837 -0.05428797006607056 -0.04950999841094017
v -0.08090399950742722 -0.05621296167373657 -0.050402991473674774
v -0.08050494641065598 -0.057731978595256805 -0.05037796124815941
v -0.07217597216367722 -0.10255599766969681 0.03927600011229515
v -0.06843595951795578 -0.09917396306991577 0.04186099022626877
v -0.07110399007797241 -0.10150499641895294 0.040588971227407455
v -0.08449994772672653 -0.1010420024394989 0.04047399014234543
v -0.08050494641065598 -0.09681898355484009 0.04348599165678024
v -0.08329998701810837 -0.09975796192884445 0.04149299114942551
v -0.07069998234510422 -0.08530794829130173 0.049007948487997055
v -0.06825195997953415 -0.08232896775007248 0.049871981143951416
v -0.06970398873090744 -0.0839189812541008 0.049813978374004364
v -0.07670395821332932 -0.0924069806933403 0.046433981508016586
v -0.07950395345687866 -0.09561394900083542 0.04467295855283737
v -0.08050494641065598 -0.09681898355484009 0.04348599165678024
v -0.06970398873090744 -0.048408981412649155 0.047748979181051254
v -0.07110399007797241 -0.05010097846388817 0.04844396933913231
v -0.06929998844861984 -0.048312958329916 0.04732596129179001
v -0.07478100061416626 -0.05525897815823555 0.04973696917295456
v -0.07110399007797241 -0.05010097846388817 0.04844396933913231
v -0.07390397042036057 -0.0535539910197258 0.04965298995375633
v -0.06970398873090744 -0.040899988263845444 0.04375296086072922
v -0.06921899318695068 -0.04351096972823143 0.04493296146392822
v -0.0693809911608696 -0.03804098814725876 0.041354950517416
v -0.06929998844861984 -0.048312958329916 0.04732596129179001
v -0.06921899318695068 -0.04351096972823143 0.04493296146392822
v -0.06970398873090744 -0.048408981412649155 0.047748979181051254
v -0.08090399950742722 -0.031742990016937256 0.03627495840191841
v -0.07950395345687866 -0.036558978259563446 0.04063998907804489
v -0.08050494641065598 -0.031005969271063805 0.034947991371154785
v -0.06929998844861984 -0.03337394818663597 0.03739695996046066
v -0.06921899318695068 -0.029679950326681137 0.03350596874952316
v -0.06970398873090744 -0.03331898897886276 0.03782695159316063
v -0.08370398730039597 -0.018086960539221764 -0.010573980398476124
v -0.08329998701810837 -0.018766989931464195 -0.01201396994292736
v -0.08464998006820679 -0.019271960482001305 -0.015202989801764488
v -0.08464998006820679 -0.023519989103078842 -0.025209959596395493
v -0.08464998006820679 -0.019271960482001305 -0.015202989801764488
v -0.08370398730039597 -0.02097593992948532 -0.01994198001921177
v -0.08464998006820679 -0.0470239482820034 -0.04712795838713646
v -0.08329998701810837 -0.05428797006607056 -0.04950999841094017
v -0.08464998006820679 -0.05730295181274414 -0.05066698044538498
v -0.06690400093793869 -0.01735997013747692 -0.006104946136474609
v -0.06550394743680954 -0.019527969881892204 -0.016017969697713852
v -0.06843595951795578 -0.018976980820298195 -0.01267194002866745
v -0.06690400093793869 -0.01735997013747692 -0.006104946136474609
v -0.06329596042633057 -0.02049296908080578 -0.0187369491904974
v -0.06550394743680954 -0.019527969881892204 -0.016017969697713852
v -0.0625 -0.018999990075826645 -0.013726940378546715
v -0.0625 -0.021508989855647087 -0.0208089891821146
v -0.06329596042633057 -0.02049296908080578 -0.0187369491904974
v -0.08050494641065598 -0.0197369996458292 -0.015429969877004623
v -0.08090399950742722 -0.018955999985337257 -0.014127960428595543
v -0.07950395345687866 -0.019483979791402817 -0.015879979357123375
v -0.08090399950742722 -0.018955999985337257 -0.014127960428595543
v -0.07950395345687866 -0.017584970220923424 -0.007774949073791504
v -0.07950395345687866 -0.019483979791402817 -0.015879979357123375
v -0.07950395345687866 -0.017584970220923424 -0.007774949073791504
v -0.07810395210981369 -0.017889970913529396 -0.009577988646924496
v -0.07950395345687866 -0.019483979791402817 -0.015879979357123375
v -0.07810395210981369 -0.017889970913529396 -0.009577988646924496
v -0.07756798714399338 -0.020693950355052948 -0.018354950472712517
v -0.07950395345687866 -0.019483979791402817 -0.015879979357123375
v -0.07810395210981369 -0.017889970913529396 -0.009577988646924496
v -0.0772959515452385 -0.01805800013244152 -0.010435990057885647
v -0.07756798714399338 -0.020693950355052948 -0.018354950472712517
v -0.0772959515452385 -0.01805800013244152 -0.010435990057885647
v -0.07638096064329147 -0.019528979435563087 -0.01487897988408804
v -0.07756798714399338 -0.020693950355052948 -0.018354950472712517
v -0.07756798714399338 -0.020693950355052948 -0.018354950472712517
v -0.07638096064329147 -0.019528979435563087 -0.01487897988408804
v -0.07670395821332932 -0.021221989765763283 -0.020523959770798683
v -0.07670395821332932 -0.021221989765763283 -0.020523959770798683
v -0.07638096064329147 -0.019528979435563087 -0.01487897988408804
v -0.07530397176742554 -0.021432990208268166 -0.021007949486374855
v -0.07638096064329147 -0.019528979435563087 -0.01487897988408804
v -0.07481896132230759 -0.01837795041501522 -0.010299979709088802
v -0.07530397176742554 -0.021432990208268166 -0.021007949486374855
v -0.07481896132230759 -0.01837795041501522 -0.010299979709088802
v -0.07449597120285034 -0.01891797035932541 -0.013991950079798698
v -0.07530397176742554 -0.021432990208268166 -0.021007949486374855
v -0.07481896132230759 -0.01837795041501522 -0.010299979709088802
v -0.07309596985578537 -0.017563989385962486 -0.007634996902197599
v -0.07449597120285034 -0.01891797035932541 -0.013991950079798698
v -0.07449597120285034 -0.01891797035932541 -0.013991950079798698
v -0.07341896742582321 -0.02289699949324131 -0.023306960240006447
v -0.07530397176742554 -0.021432990208268166 -0.021007949486374855
v -0.07449597120285034 -0.01891797035932541 -0.013991950079798698
v -0.07309596985578537 -0.017563989385962486 -0.007634996902197599
v -0.07341896742582321 -0.02289699949324131 -0.023306960240006447
v -0.07217597216367722 -0.018048999831080437 -0.008517979644238949
v -0.07110399007797241 -0.02035498060286045 -0.01837599091231823
v -0.07250397652387619 -0.023027950897812843 -0.024300990626215935
v -0.07250397652387619 -0.023027950897812843 -0.024300990626215935
v -0.07110399007797241 -0.02035498060286045 -0.01837599091231823
v -0.06970398873090744 -0.024849949404597282 -0.02747296914458275
v -0.07217597216367722 -0.018048999831080437 -0.008517979644238949
v -0.07069998234510422 -0.01840393990278244 -0.010380979627370834
v -0.07110399007797241 -0.02035498060286045 -0.01837599091231823
v -0.06970398873090744 -0.018399950116872787 -0.011986969970166683
v -0.07110399007797241 -0.02035498060286045 -0.01837599091231823
v -0.07069998234510422 -0.01840393990278244 -0.010380979627370834
v -0.06970398873090744 -0.018399950116872787 -0.011986969970166683
v -0.06889598816633224 -0.021375950425863266 -0.020878970623016357
v -0.07110399007797241 -0.02035498060286045 -0.01837599091231823
v -0.07110399007797241 -0.02035498060286045 -0.01837599091231823
v -0.06889598816633224 -0.021375950425863266 -0.020878970623016357
v -0.06970398873090744 -0.024849949404597282 -0.02747296914458275
v -0.06970398873090744 -0.018399950116872787 -0.011986969970166683
v -0.06825195997953415 -0.019144950434565544 -0.013392980210483074
v -0.06889598816633224 -0.021375950425863266 -0.020878970623016357
v -0.06889598816633224 -0.021375950425863266 -0.020878970623016357
v -0.06776899099349976 -0.02662700042128563 -0.029577970504760742
v -0.06970398873090744 -0.024849949404597282 -0.02747296914458275
v -0.06825195997953415 -0.019144950434565544 -0.013392980210483074
v -0.0660960003733635 -0.022961970418691635 -0.02417599968612194
v -0.06889598816633224 -0.021375950425863266 -0.020878970623016357
v -0.06776899099349976 -0.02662700042128563 -0.029577970504760742
v -0.0660960003733635 -0.022961970418691635 -0.02417599968612194
v -0.06658899039030075 -0.027921969071030617 -0.031224960461258888
v -0.06658899039030075 -0.027921969071030617 -0.031224960461258888
v -0.0660960003733635 -0.022961970418691635 -0.02417599968612194
v -0.0660960003733635 -0.026403959840536118 -0.029825979843735695
v -0.06509994715452194 -0.020111970603466034 -0.016662949696183205
v -0.06410396099090576 -0.020581960678100586 -0.01896595023572445
v -0.0660960003733635 -0.019693970680236816 -0.016519960016012192
v -0.06410396099090576 -0.020581960678100586 -0.01896595023572445
v -0.0660960003733635 -0.022961970418691635 -0.02417599968612194
v -0.0660960003733635 -0.019693970680236816 -0.016519960016012192
v -0.0660960003733635 -0.022961970418691635 -0.02417599968612194
v -0.06410396099090576 -0.020581960678100586 -0.01896595023572445
v -0.0660960003733635 -0.026403959840536118 -0.029825979843735695
v -0.06410396099090576 -0.020581960678100586 -0.01896595023572445
v -0.06410396099090576 -0.024321969598531723 -0.026605959981679916
v -0.0660960003733635 -0.026403959840536118 -0.029825979843735695
v -0.06658899039030075 -0.027921969071030617 -0.031224960461258888
v -0.0660960003733635 -0.026403959840536118 -0.029825979843735695
v -0.06410396099090576 -0.029139989987015724 -0.033394988626241684
v -0.0660960003733635 -0.026403959840536118 -0.029825979843735695
v -0.06410396099090576 -0.024321969598531723 -0.026605959981679916
v -0.06410396099090576 -0.029139989987015724 -0.033394988626241684
v -0.06410396099090576 -0.029139989987015724 -0.033394988626241684
v -0.06410396099090576 -0.024321969598531723 -0.026605959981679916
v -0.0625 -0.029424959793686867 -0.03349994868040085
v -0.06410396099090576 -0.024321969598531723 -0.026605959981679916
v -0.06410396099090576 -0.020581960678100586 -0.01896595023572445
v -0.0625 -0.02546399086713791 -0.028160979971289635
v -0.06410396099090576 -0.020581960678100586 -0.01896595023572445
v -0.0625 -0.021508989855647087 -0.0208089891821146
v -0.0625 -0.02546399086713791 -0.028160979971289635
v -0.08329998701810837 -0.018766989931464195 -0.01201396994292736
v -0.08370398730039597 -0.02097593992948532 -0.01994198001921177
v -0.08464998006820679 -0.019271960482001305 -0.015202989801764488
v -0.08370398730039597 -0.02097593992948532 -0.01994198001921177
v -0.08149600028991699 -0.026358960196375847 -0.029760949313640594
v -0.08464998006820679 -0.023519989103078842 -0.025209959596395493
v -0.08370398730039597 -0.02097593992948532 -0.01994198001921177
v -0.08198100328445435 -0.02367597073316574 -0.024787960574030876
v -0.08149600028991699 -0.026358960196375847 -0.029760949313640594
v -0.08178097009658813 -0.019253959879279137 -0.013971979729831219
v -0.08370398730039597 -0.02097593992948532 -0.01994198001921177
v -0.08329998701810837 -0.018766989931464195 -0.01201396994292736
v -0.08370398730039597 -0.02097593992948532 -0.01994198001921177
v -0.08178097009658813 -0.019253959879279137 -0.013971979729831219
v -0.08198100328445435 -0.02367597073316574 -0.024787960574030876
v -0.08178097009658813 -0.019253959879279137 -0.013971979729831219
v -0.08090399950742722 -0.022496990859508514 -0.023268990218639374
v -0.08198100328445435 -0.02367597073316574 -0.024787960574030876
v -0.08198100328445435 -0.02367597073316574 -0.024787960574030876
v -0.08090399950742722 -0.022496990859508514 -0.023268990218639374
v -0.08149600028991699 -0.026358960196375847 -0.029760949313640594
v -0.08178097009658813 -0.019253959879279137 -0.013971979729831219
v -0.08050494641065598 -0.0197369996458292 -0.015429969877004623
v -0.08090399950742722 -0.022496990859508514 -0.023268990218639374
v -0.08149600028991699 -0.026358960196375847 -0.029760949313640594
v -0.08090399950742722 -0.022496990859508514 -0.023268990218639374
v -0.08041094988584518 -0.027816949412226677 -0.031086979433894157
v -0.08090399950742722 -0.022496990859508514 -0.023268990218639374
v -0.08050494641065598 -0.0197369996458292 -0.015429969877004623
v -0.08041094988584518 -0.027816949412226677 -0.031086979433894157
v -0.08041094988584518 -0.027816949412226677 -0.031086979433894157
v -0.08009599894285202 -0.026403959840536118 -0.029825979843735695
v -0.07670395821332932 -0.03024297021329403 -0.0346679612994194
v -0.08009599894285202 -0.022893959656357765 -0.02404797077178955
v -0.08050494641065598 -0.0197369996458292 -0.015429969877004623
v -0.07670395821332932 -0.021221989765763283 -0.020523959770798683
v -0.08009599894285202 -0.026403959840536118 -0.029825979843735695
v -0.08009599894285202 -0.022893959656357765 -0.02404797077178955
v -0.07670395821332932 -0.021221989765763283 -0.020523959770798683
v -0.07670395821332932 -0.03024297021329403 -0.0346679612994194
v -0.08009599894285202 -0.026403959840536118 -0.029825979843735695
v -0.07670395821332932 -0.025206979364156723 -0.02803998999297619
v -0.07670395821332932 -0.021221989765763283 -0.020523959770798683
v -0.07670395821332932 -0.025206979364156723 -0.02803998999297619
v -0.08009599894285202 -0.026403959840536118 -0.029825979843735695
v -0.07670395821332932 -0.021221989765763283 -0.020523959770798683
v -0.07449597120285034 -0.026403959840536118 -0.029825979843735695
v -0.07670395821332932 -0.025206979364156723 -0.02803998999297619
v -0.07670395821332932 -0.025206979364156723 -0.02803998999297619
v -0.07449597120285034 -0.026403959840536118 -0.029825979843735695
v -0.07670395821332932 -0.03024297021329403 -0.0346679612994194
v -0.07670395821332932 -0.021221989765763283 -0.020523959770798683
v -0.07309596985578537 -0.023276979103684425 -0.02476697973906994
v -0.07449597120285034 -0.026403959840536118 -0.029825979843735695
v -0.07670395821332932 -0.03024297021329403 -0.0346679612994194
v -0.07449597120285034 -0.026403959840536118 -0.029825979843735695
v -0.07478100061416626 -0.03279697149991989 -0.03676794841885567
v -0.07478100061416626 -0.03279697149991989 -0.03676794841885567
v -0.07449597120285034 -0.026403959840536118 -0.029825979843735695
v -0.07390397042036057 -0.03277695178985596 -0.037307970225811005
v -0.07309596985578537 -0.023276979103684425 -0.02476697973906994
v -0.07390397042036057 -0.03277695178985596 -0.037307970225811005
v -0.07449597120285034 -0.026403959840536118 -0.029825979843735695
v -0.07250397652387619 -0.034110959619283676 -0.038558948785066605
v -0.07390397042036057 -0.03277695178985596 -0.037307970225811005
v -0.07309596985578537 -0.02781498059630394 -0.031745970249176025
v -0.07068198174238205 -0.02493095025420189 -0.026841990649700165
v -0.07309596985578537 -0.02781498059630394 -0.031745970249176025
v -0.07309596985578537 -0.023276979103684425 -0.02476697973906994
v -0.07309596985578537 -0.02781498059630394 -0.031745970249176025
v -0.07068198174238205 -0.02493095025420189 -0.026841990649700165
v -0.07110399007797241 -0.026403959840536118 -0.029825979843735695
v -0.07309596985578537 -0.02781498059630394 -0.031745970249176025
v -0.07110399007797241 -0.026403959840536118 -0.029825979843735695
v -0.07250397652387619 -0.034110959619283676 -0.038558948785066605
v -0.07110399007797241 -0.026403959840536118 -0.029825979843735695
v -0.07110399007797241 -0.029573969542980194 -0.03390495851635933
v -0.07250397652387619 -0.034110959619283676 -0.038558948785066605
v -0.07110399007797241 -0.026403959840536118 -0.029825979843735695
v -0.06889598816633224 -0.031388990581035614 -0.03590898960828781
v -0.07110399007797241 -0.029573969542980194 -0.03390495851635933
v -0.07250397652387619 -0.034110959619283676 -0.038558948785066605
v -0.07110399007797241 -0.029573969542980194 -0.03390495851635933
v -0.06970398873090744 -0.03690898045897484 -0.04091697186231613
v -0.07110399007797241 -0.029573969542980194 -0.03390495851635933
v -0.06889598816633224 -0.031388990581035614 -0.03590898960828781
v -0.06970398873090744 -0.03690898045897484 -0.04091697186231613
v -0.07068198174238205 -0.02493095025420189 -0.026841990649700165
v -0.06889598816633224 -0.031388990581035614 -0.03590898960828781
v -0.07110399007797241 -0.026403959840536118 -0.029825979843735695
v -0.06749600172042847 -0.02720296010375023 -0.030936000868678093
v -0.06889598816633224 -0.031388990581035614 -0.03590898960828781
v -0.07068198174238205 -0.02493095025420189 -0.026841990649700165
v -0.06889598816633224 -0.031388990581035614 -0.03590898960828781
v -0.06843595951795578 -0.03882598131895065 -0.04186099022626877
v -0.06970398873090744 -0.03690898045897484 -0.04091697186231613
v -0.06889598816633224 -0.031388990581035614 -0.03590898960828781
v -0.06690400093793869 -0.033364951610565186 -0.03787099942564964
v -0.06843595951795578 -0.03882598131895065 -0.04186099022626877
v -0.06749600172042847 -0.02720296010375023 -0.030936000868678093
v -0.06690400093793869 -0.033364951610565186 -0.03787099942564964
v -0.06889598816633224 -0.031388990581035614 -0.03590898960828781
v -0.06690400093793869 -0.033364951610565186 -0.03787099942564964
v -0.0660960003733635 -0.04184800013899803 -0.04434800148010254
v -0.06843595951795578 -0.03882598131895065 -0.04186099022626877
v -0.06658899039030075 -0.027921969071030617 -0.031224960461258888
v -0.06690400093793869 -0.033364951610565186 -0.03787099942564964
v -0.06749600172042847 -0.02720296010375023 -0.030936000868678093
v -0.06690400093793869 -0.033364951610565186 -0.03787099942564964
v -0.06410396099090576 -0.03611695021390915 -0.04028195142745972
v -0.0660960003733635 -0.04184800013899803 -0.04434800148010254
v -0.06690400093793869 -0.033364951610565186 -0.03787099942564964
v -0.0660960003733635 -0.02831697091460228 -0.03238695114850998
v -0.06410396099090576 -0.03611695021390915 -0.04028195142745972
v -0.06410396099090576 -0.03611695021390915 -0.04028195142745972
v -0.06362395733594894 -0.04389594867825508 -0.04514896124601364
v -0.0660960003733635 -0.04184800013899803 -0.04434800148010254
v -0.0660960003733635 -0.02831697091460228 -0.03238695114850998
v -0.06410396099090576 -0.029989000409841537 -0.03438197821378708
v -0.06410396099090576 -0.03611695021390915 -0.04028195142745972
v -0.0625 -0.03134094923734665 -0.03527497872710228
v -0.06329596042633057 -0.03679800033569336 -0.040828999131917953
v -0.06410396099090576 -0.029989000409841537 -0.03438197821378708
v -0.06329596042633057 -0.03679800033569336 -0.040828999131917953
v -0.06410396099090576 -0.03611695021390915 -0.04028195142745972
v -0.06410396099090576 -0.029989000409841537 -0.03438197821378708
v -0.06410396099090576 -0.03611695021390915 -0.04028195142745972
v -0.06329596042633057 -0.03679800033569336 -0.040828999131917953
v -0.06362395733594894 -0.04389594867825508 -0.04514896124601364
v -0.06329596042633057 -0.03679800033569336 -0.040828999131917953
v -0.0625 -0.045677948743104935 -0.04602795094251633
v -0.06362395733594894 -0.04389594867825508 -0.04514896124601364
v -0.08289598673582077 -0.031288981437683105 -0.03580296039581299
v -0.08464998006820679 -0.03770595043897629 -0.041528988629579544
v -0.08464998006820679 -0.029754990711808205 -0.03411494940519333
v -0.08289598673582077 -0.031288981437683105 -0.03580296039581299
v -0.08289598673582077 -0.037630971521139145 -0.04147297143936157
v -0.08464998006820679 -0.03770595043897629 -0.041528988629579544
v -0.08464998006820679 -0.029754990711808205 -0.03411494940519333
v -0.08318095654249191 -0.025997990742325783 -0.028647949919104576
v -0.08289598673582077 -0.031288981437683105 -0.03580296039581299
v -0.08289598673582077 -0.031288981437683105 -0.03580296039581299
v -0.08090399950742722 -0.039744969457387924 -0.04298996180295944
v -0.08289598673582077 -0.037630971521139145 -0.04147297143936157
v -0.08009599894285202 -0.03389995917677879 -0.038365960121154785
v -0.08289598673582077 -0.031288981437683105 -0.03580296039581299
v -0.08318095654249191 -0.025997990742325783 -0.028647949919104576
v -0.08289598673582077 -0.031288981437683105 -0.03580296039581299
v -0.08009599894285202 -0.03389995917677879 -0.038365960121154785
v -0.08090399950742722 -0.039744969457387924 -0.04298996180295944
v -0.08009599894285202 -0.03389995917677879 -0.038365960121154785
v -0.08318095654249191 -0.025997990742325783 -0.028647949919104576
v -0.08041094988584518 -0.027816949412226677 -0.031086979433894157
v -0.08050494641065598 -0.04118096083402634 -0.04348599165678024
v -0.08090399950742722 -0.039744969457387924 -0.04298996180295944
v -0.07950395345687866 -0.04127597063779831 -0.043992988765239716
v -0.08090399950742722 -0.039744969457387924 -0.04298996180295944
v -0.08009599894285202 -0.03389995917677879 -0.038365960121154785
v -0.07950395345687866 -0.04127597063779831 -0.043992988765239716
v -0.07810395210981369 -0.029892979189753532 -0.03427296131849289
v -0.08009599894285202 -0.03389995917677879 -0.038365960121154785
v -0.08041094988584518 -0.027816949412226677 -0.031086979433894157
v -0.08009599894285202 -0.03389995917677879 -0.038365960121154785
v -0.07810395210981369 -0.029892979189753532 -0.03427296131849289
v -0.07950395345687866 -0.04127597063779831 -0.043992988765239716
v -0.07810395210981369 -0.029892979189753532 -0.03427296131849289
v -0.07810395210981369 -0.03600393980741501 -0.04018998146057129
v -0.07950395345687866 -0.04127597063779831 -0.043992988765239716
v -0.07810395210981369 -0.03600393980741501 -0.04018998146057129
v -0.07756798714399338 -0.043793968856334686 -0.045111000537872314
v -0.07950395345687866 -0.04127597063779831 -0.043992988765239716
v -0.0772959515452385 -0.03668396919965744 -0.04073898866772652
v -0.07810395210981369 -0.03600393980741501 -0.04018998146057129
v -0.07810395210981369 -0.029892979189753532 -0.03427296131849289
v -0.0772959515452385 -0.03668396919965744 -0.04073898866772652
v -0.07810395210981369 -0.029892979189753532 -0.03427296131849289
v -0.07530397176742554 -0.03239994868636131 -0.03693794831633568
v -0.07810395210981369 -0.03600393980741501 -0.04018998146057129
v -0.0772959515452385 -0.03668396919965744 -0.04073898866772652
v -0.07756798714399338 -0.043793968856334686 -0.045111000537872314
v -0.0772959515452385 -0.03668396919965744 -0.04073898866772652
v -0.07638096064329147 -0.04066698998212814 -0.043196968734264374
v -0.07756798714399338 -0.043793968856334686 -0.045111000537872314
v -0.07756798714399338 -0.043793968856334686 -0.045111000537872314
v -0.07638096064329147 -0.04066698998212814 -0.043196968734264374
v -0.07631795853376389 -0.04552799090743065 -0.045951958745718
v -0.0772959515452385 -0.03668396919965744 -0.04073898866772652
v -0.07530397176742554 -0.03239994868636131 -0.03693794831633568
v -0.07638096064329147 -0.04066698998212814 -0.043196968734264374
v -0.07530397176742554 -0.03239994868636131 -0.03693794831633568
v -0.07481896132230759 -0.036841981112957 -0.040429938584566116
v -0.07638096064329147 -0.04066698998212814 -0.043196968734264374
v -0.07631795853376389 -0.04552799090743065 -0.045951958745718
v -0.07638096064329147 -0.04066698998212814 -0.043196968734264374
v -0.07530397176742554 -0.04606496915221214 -0.04666893929243088
v -0.07638096064329147 -0.04066698998212814 -0.043196968734264374
v -0.07481896132230759 -0.036841981112957 -0.040429938584566116
v -0.07530397176742554 -0.04606496915221214 -0.04666893929243088
v -0.07478100061416626 -0.03279697149991989 -0.03676794841885567
v -0.07481896132230759 -0.036841981112957 -0.040429938584566116
v -0.07530397176742554 -0.03239994868636131 -0.03693794831633568
v -0.07169598340988159 -0.04271893948316574 -0.04486994817852974
v -0.0708189606666565 -0.051781948655843735 -0.04871796816587448
v -0.07250397652387619 -0.04940294846892357 -0.04816596955060959
v -0.07061897963285446 -0.04128098115324974 -0.04359297826886177
v -0.07169598340988159 -0.04271893948316574 -0.04486994817852974
v -0.07217597216367722 -0.03544396162033081 -0.03927600011229515
v -0.07217597216367722 -0.03544396162033081 -0.03927600011229515
v -0.06749600172042847 -0.04030495136976242 -0.043365951627492905
v -0.07061897963285446 -0.04128098115324974 -0.04359297826886177
v -0.07169598340988159 -0.04271893948316574 -0.04486994817852974
v -0.07061897963285446 -0.04128098115324974 -0.04359297826886177
v -0.0708189606666565 -0.051781948655843735 -0.04871796816587448
v -0.07061897963285446 -0.04128098115324974 -0.04359297826886177
v -0.06970398873090744 -0.045158978551626205 -0.046212971210479736
v -0.0708189606666565 -0.051781948655843735 -0.04871796816587448
v -0.0708189606666565 -0.051781948655843735 -0.04871796816587448
v -0.06970398873090744 -0.045158978551626205 -0.046212971210479736
v -0.06970398873090744 -0.05283898115158081 -0.04942493885755539
v -0.07061897963285446 -0.04128098115324974 -0.04359297826886177
v -0.06749600172042847 -0.04030495136976242 -0.043365951627492905
v -0.06970398873090744 -0.045158978551626205 -0.046212971210479736
v -0.06970398873090744 -0.045158978551626205 -0.046212971210479736
v -0.06843595951795578 -0.05496298894286156 -0.049656979739665985
v -0.06970398873090744 -0.05283898115158081 -0.04942493885755539
v -0.06970398873090744 -0.045158978551626205 -0.046212971210479736
v -0.06690400093793869 -0.04846698045730591 -0.04777497053146362
v -0.06843595951795578 -0.05496298894286156 -0.049656979739665985
v -0.06749600172042847 -0.04030495136976242 -0.043365951627492905
v -0.06690400093793869 -0.04846698045730591 -0.04777497053146362
v -0.06970398873090744 -0.045158978551626205 -0.046212971210479736
v -0.06690400093793869 -0.04846698045730591 -0.04777497053146362
v -0.06550394743680954 -0.0581359788775444 -0.05085200071334839
v -0.06843595951795578 -0.05496298894286156 -0.049656979739665985
v -0.0660960003733635 -0.04184800013899803 -0.04434800148010254
v -0.06690400093793869 -0.04846698045730591 -0.04777497053146362
v -0.06749600172042847 -0.04030495136976242 -0.043365951627492905
v -0.06690400093793869 -0.04846698045730591 -0.04777497053146362
v -0.06469594687223434 -0.050978001207113266 -0.048776980489492416
v -0.06550394743680954 -0.0581359788775444 -0.05085200071334839
v -0.06690400093793869 -0.04846698045730591 -0.04777497053146362
v -0.0660960003733635 -0.04184800013899803 -0.04434800148010254
v -0.06469594687223434 -0.050978001207113266 -0.048776980489492416
v -0.06329596042633057 -0.04503399133682251 -0.04614799842238426
v -0.06469594687223434 -0.050978001207113266 -0.048776980489492416
v -0.0660960003733635 -0.04184800013899803 -0.04434800148010254
v -0.06469594687223434 -0.050978001207113266 -0.048776980489492416
v -0.06362395733594894 -0.060851991176605225 -0.05101196840405464
v -0.06550394743680954 -0.0581359788775444 -0.05085200071334839
v -0.06469594687223434 -0.050978001207113266 -0.048776980489492416
v -0.06329596042633057 -0.04503399133682251 -0.04614799842238426
v -0.06362395733594894 -0.060851991176605225 -0.05101196840405464
v -0.06329596042633057 -0.05270497873425484 -0.04938095062971115
v -0.0625 -0.045677948743104935 -0.04602795094251633
v -0.0625 -0.05375099182128906 -0.04955697059631348
v -0.06329596042633057 -0.05270497873425484 -0.04938095062971115
v -0.06329596042633057 -0.04503399133682251 -0.04614799842238426
v -0.0625 -0.045677948743104935 -0.04602795094251633
v -0.08464998006820679 -0.0470239482820034 -0.04712795838713646
v -0.08464998006820679 -0.03770595043897629 -0.041528988629579544
v -0.08289598673582077 -0.04580897092819214 -0.046541981399059296
v -0.08464998006820679 -0.03770595043897629 -0.041528988629579544
v -0.08050494641065598 -0.04118096083402634 -0.04348599165678024
v -0.08289598673582077 -0.04580897092819214 -0.046541981399059296
v -0.08289598673582077 -0.04580897092819214 -0.046541981399059296
v -0.08329998701810837 -0.05428797006607056 -0.04950999841094017
v -0.08464998006820679 -0.0470239482820034 -0.04712795838713646
v -0.08289598673582077 -0.04580897092819214 -0.046541981399059296
v -0.08090399950742722 -0.05621296167373657 -0.050402991473674774
v -0.08329998701810837 -0.05428797006607056 -0.04950999841094017
v -0.07950395345687866 -0.05002497881650925 -0.04841398820281029
v -0.08289598673582077 -0.04580897092819214 -0.046541981399059296
v -0.08050494641065598 -0.04118096083402634 -0.04348599165678024
v -0.08289598673582077 -0.04580897092819214 -0.046541981399059296
v -0.07950395345687866 -0.05002497881650925 -0.04841398820281029
v -0.08090399950742722 -0.05621296167373657 -0.050402991473674774
v -0.08090399950742722 -0.05621296167373657 -0.050402991473674774
v -0.07950395345687866 -0.05002497881650925 -0.04841398820281029
v -0.08050494641065598 -0.057731978595256805 -0.05037796124815941
v -0.07950395345687866 -0.05002497881650925 -0.04841398820281029
v -0.08050494641065598 -0.04118096083402634 -0.04348599165678024
v -0.07950395345687866 -0.04238599166274071 -0.04467295855283737
v -0.07950395345687866 -0.04238599166274071 -0.04467295855283737
v -0.07810395210981369 -0.05173999071121216 -0.04905200004577637
v -0.07950395345687866 -0.05002497881650925 -0.04841398820281029
v -0.07950395345687866 -0.05002497881650925 -0.04841398820281029
v -0.07810395210981369 -0.05173999071121216 -0.04905200004577637
v -0.08050494641065598 -0.057731978595256805 -0.05037796124815941
v -0.07950395345687866 -0.04238599166274071 -0.04467295855283737
v -0.07631795853376389 -0.04552799090743065 -0.045951958745718
v -0.07810395210981369 -0.05173999071121216 -0.04905200004577637
v -0.0772959515452385 -0.052567001432180405 -0.04933499917387962
v -0.07810395210981369 -0.05173999071121216 -0.04905200004577637
v -0.07631795853376389 -0.04552799090743065 -0.045951958745718
v -0.0772959515452385 -0.052567001432180405 -0.04933499917387962
v -0.07631795853376389 -0.04552799090743065 -0.045951958745718
v -0.07530397176742554 -0.0472409687936306 -0.047228988260030746
v -0.0772959515452385 -0.052567001432180405 -0.04933499917387962
v -0.07530397176742554 -0.0472409687936306 -0.047228988260030746
v -0.07638096064329147 -0.057149939239025116 -0.05028200149536133
v -0.07530397176742554 -0.0472409687936306 -0.047228988260030746
v -0.07481896132230759 -0.05260895937681198 -0.048989951610565186
v -0.07638096064329147 -0.057149939239025116 -0.05028200149536133
v -0.07478100061416626 -0.04755597934126854 -0.04693299159407616
v -0.07481896132230759 -0.05260895937681198 -0.048989951610565186
v -0.07530397176742554 -0.0472409687936306 -0.047228988260030746
v -0.09599994868040085 -0.04117798060178757 -0.043753981590270996
v -0.09584999084472656 -0.03770595043897629 -0.041528988629579544
v -0.09584999084472656 -0.0470239482820034 -0.04712795838713646
v -0.09584999084472656 -0.023519989103078842 -0.025209959596395493
v -0.09584999084472656 -0.029754990711808205 -0.03411494940519333
v -0.09599994868040085 -0.026526980102062225 -0.029739970341324806
v -0.09599994868040085 -0.021097000688314438 -0.019841959699988365
v -0.09584999084472656 -0.019271960482001305 -0.015202989801764488
v -0.09584999084472656 -0.023519989103078842 -0.025209959596395493
v -0.09599994868040085 -0.014719960279762745 -0.007738946937024593
v -0.09599994868040085 -0.01218700036406517 -0.007566988002508879
v -0.09599994868040085 -0.01794796995818615 -0.005038976203650236
v -0.09599994868040085 -0.01218700036406517 -0.007566988002508879
v -0.09599994868040085 -0.01365095004439354 -0.0062909722328186035
v -0.09599994868040085 -0.01794796995818615 -0.005038976203650236
v -0.09599994868040085 -0.01218700036406517 -0.007566988002508879
v -0.09599994868040085 -0.009896992705762386 -0.008660972118377686
v -0.09599994868040085 -0.01365095004439354 -0.0062909722328186035
v -0.09599994868040085 -0.014719960279762745 -0.007738946937024593
v -0.09599994868040085 -0.01794796995818615 -0.005038976203650236
v -0.09599994868040085 -0.016841940581798553 -0.009131968021392822
v -0.09599994868040085 -0.01794796995818615 -0.005038976203650236
v -0.09599994868040085 -0.018005959689617157 -0.011388000100851059
v -0.09599994868040085 -0.016841940581798553 -0.009131968021392822
v -0.09599994868040085 -0.01794796995818615 -0.005038976203650236
v -0.09584999084472656 -0.019271960482001305 -0.015202989801764488
v -0.09599994868040085 -0.018005959689617157 -0.011388000100851059
v -0.09584999084472656 -0.019271960482001305 -0.015202989801764488
v -0.09599994868040085 -0.01935696043074131 -0.016298940405249596
v -0.09599994868040085 -0.018005959689617157 -0.011388000100851059
v -0.09584999084472656 -0.019271960482001305 -0.015202989801764488
v -0.09599994868040085 -0.021097000688314438 -0.019841959699988365
v -0.09599994868040085 -0.01935696043074131 -0.016298940405249596
v -0.09599994868040085 -0.021097000688314438 -0.019841959699988365
v -0.09599994868040085 -0.019587989896535873 -0.018295999616384506
v -0.09599994868040085 -0.01935696043074131 -0.016298940405249596
v -0.09599994868040085 -0.021097000688314438 -0.019841959699988365
v -0.09599994868040085 -0.01901298016309738 -0.02022193931043148
v -0.09599994868040085 -0.019587989896535873 -0.018295999616384506
v -0.09599994868040085 -0.021097000688314438 -0.019841959699988365
v -0.09599994868040085 -0.017724990844726562 -0.021766960620880127
v -0.09599994868040085 -0.01901298016309738 -0.02022193931043148
v -0.09579998254776001 -0.10588999837636948 0.02756994031369686
v -0.09589999169111252 -0.1064160019159317 0.02619897946715355
v -0.09569995850324631 -0.10627099871635437 0.026097949594259262
v -0.09589999169111252 -0.1064160019159317 0.02619897946715355
v -0.09599994868040085 -0.10813199728727341 0.025235949084162712
v -0.09569995850324631 -0.10627099871635437 0.026097949594259262
v -0.09599994868040085 -0.10813199728727341 0.025235949084162712
v -0.09569995850324631 -0.10854200273752213 0.024823959916830063
v -0.09569995850324631 -0.10627099871635437 0.026097949594259262
v -0.09584999084472656 -0.11448000371456146 0.025209959596395493
v -0.09584999084472656 -0.10824500024318695 0.03411494940519333
v -0.09599994868040085 -0.11209700256586075 0.028828969225287437
v -0.09584999084472656 -0.1206120029091835 -0.006336987018585205
v -0.09584999084472656 -0.12080200016498566 0.0045319790951907635
v -0.09599994868040085 -0.12077300250530243 0.002827941905707121
v -0.09584999084472656 -0.1206120029091835 -0.006336987018585205
v -0.09599994868040085 -0.12077300250530243 0.002827941905707121
v -0.09599994868040085 -0.12059400230646133 -0.005150972865521908
v -0.09599994868040085 -0.11995700001716614 -0.009581983089447021
v -0.09599994868040085 -0.11924400180578232 -0.012805989943444729
v -0.09584999084472656 -0.1206120029091835 -0.006336987018585205
v -0.09599994868040085 -0.11924400180578232 -0.012805989943444729
v -0.09584999084472656 -0.11816699802875519 -0.016929980367422104
v -0.09584999084472656 -0.1206120029091835 -0.006336987018585205
v -0.10517200082540512 -0.07638496160507202 -0.04864894971251488
v -0.09988099336624146 -0.07736200094223022 -0.05099695175886154
v -0.10028800368309021 -0.07756494730710983 -0.04997599124908447
v -0.10981199890375137 -0.11343000084161758 -0.0030999770388007164
v -0.10842300206422806 -0.11503899842500687 -0.007955968379974365
v -0.10883200168609619 -0.1152070015668869 -0.0011219970183447003
v -0.10883200168609619 -0.1152070015668869 -0.0011219970183447003
v -0.10586400330066681 -0.11785800009965897 0.004873991012573242
v -0.10928700119256973 -0.11389899998903275 0.007984994910657406
v -0.10842300206422806 -0.11503899842500687 -0.007955968379974365
v -0.11072590202093124 -0.10983899980783463 -0.013616969808936119
v -0.10883200168609619 -0.11284700036048889 -0.014619939960539341
v -0.11157800257205963 -0.09626597166061401 -0.029990969225764275
v -0.11178799718618393 -0.10117200016975403 -0.022938959300518036
v -0.1120000034570694 -0.09493099898099899 -0.026392990723252296
v -0.11157800257205963 -0.09626597166061401 -0.029990969225764275
v -0.11083000153303146 -0.09650397300720215 -0.03279196843504906
v -0.11178799718618393 -0.10117200016975403 -0.022938959300518036
v -0.10883200168609619 -0.10224100202322006 -0.03211497887969017
v -0.11083000153303146 -0.09650397300720215 -0.03279196843504906
v -0.10883200168609619 -0.09711295366287231 -0.03668797016143799
v -0.10870999842882156 -0.09329699724912643 -0.03924094885587692
v -0.10621999949216843 -0.09870100021362305 -0.03875993937253952
v -0.10883200168609619 -0.09711295366287231 -0.03668797016143799
v -0.10870999842882156 -0.09329699724912643 -0.03924094885587692
v -0.10554499924182892 -0.09246200323104858 -0.04339098185300827
v -0.10621999949216843 -0.09870100021362305 -0.03875993937253952
v -0.10554499924182892 -0.09246200323104858 -0.04339098185300827
v -0.10305000096559525 -0.09985297173261642 -0.04026395082473755
v -0.10621999949216843 -0.09870100021362305 -0.03875993937253952
v -0.10305000096559525 -0.08669298142194748 -0.04753993824124336
v -0.0995669886469841 -0.08300799131393433 -0.049847960472106934
v -0.0995129868388176 -0.08706294745206833 -0.04853599891066551
v -0.0995669886469841 -0.08300799131393433 -0.049847960472106934
v -0.10305000096559525 -0.08669298142194748 -0.04753993824124336
v -0.10665000230073929 -0.08323097229003906 -0.04612499102950096
v -0.09584999084472656 -0.07892197370529175 -0.051045000553131104
v -0.0995669886469841 -0.08300799131393433 -0.049847960472106934
v -0.09988099336624146 -0.07736200094223022 -0.05099695175886154
v -0.09584999084472656 -0.07892197370529175 -0.051045000553131104
v -0.09599994868040085 -0.08796799182891846 -0.04841696843504906
v -0.0995669886469841 -0.08300799131393433 -0.049847960472106934
v -0.09599994868040085 -0.08796799182891846 -0.04841696843504906
v -0.0995129868388176 -0.08706294745206833 -0.04853599891066551
v -0.0995669886469841 -0.08300799131393433 -0.049847960472106934
v -0.09584999084472656 -0.07892197370529175 -0.051045000553131104
v -0.0995129868388176 -0.07203900068998337 -0.05169897899031639
v -0.09584999084472656 -0.06809300184249878 -0.05199199169874191
v -0.09988099336624146 -0.07736200094223022 -0.05099695175886154
v -0.0995129868388176 -0.07203900068998337 -0.05169897899031639
v -0.09584999084472656 -0.07892197370529175 -0.051045000553131104
v -0.10305000096559525 -0.06322997063398361 -0.05102698877453804
v -0.09988099336624146 -0.07736200094223022 -0.05099695175886154
v -0.10517200082540512 -0.07638496160507202 -0.04864894971251488
v -0.10305000096559525 -0.06322997063398361 -0.05102698877453804
v -0.0995129868388176 -0.07203900068998337 -0.05169897899031639
v -0.09988099336624146 -0.07736200094223022 -0.05099695175886154
v -0.10621999949216843 -0.07186596840620041 -0.048746999353170395
v -0.10305000096559525 -0.06322997063398361 -0.05102698877453804
v -0.10517200082540512 -0.07638496160507202 -0.04864894971251488
v -0.09599994868040085 -0.0924229621887207 -0.046425990760326385
v -0.09599994868040085 -0.1006769984960556 -0.04123795032501221
v -0.0995129868388176 -0.09405796974897385 -0.0453220009803772
v -0.09599994868040085 -0.11924400180578232 -0.012805989943444729
v -0.10224899649620056 -0.11833400279283524 -0.013129940256476402
v -0.0995129868388176 -0.11812900006771088 -0.01638096012175083
v -0.10224899649620056 -0.11833400279283524 -0.013129940256476402
v -0.10305000096559525 -0.11712100356817245 -0.016044970601797104
v -0.0995129868388176 -0.11812900006771088 -0.01638096012175083
v -0.10305000096559525 -0.11712100356817245 -0.016044970601797104
v -0.10224899649620056 -0.11833400279283524 -0.013129940256476402
v -0.10542900115251541 -0.11677899956703186 -0.012579970061779022
v -0.10883200168609619 -0.11284700036048889 -0.014619939960539341
v -0.10762699693441391 -0.11537600308656693 -0.010665950365364552
v -0.10842300206422806 -0.11503899842500687 -0.007955968379974365
v -0.10883200168609619 -0.11284700036048889 -0.014619939960539341
v -0.10542900115251541 -0.11677899956703186 -0.012579970061779022
v -0.10762699693441391 -0.11537600308656693 -0.010665950365364552
v -0.10338299721479416 -0.11949100345373154 0.002902983920648694
v -0.10586400330066681 -0.11785800009965897 0.004873991012573242
v -0.10590200126171112 -0.11785099655389786 -0.004657982848584652
v -0.10586400330066681 -0.11785800009965897 0.004873991012573242
v -0.10883200168609619 -0.1152070015668869 -0.0011219970183447003
v -0.10590200126171112 -0.11785099655389786 -0.004657982848584652
v -0.10883200168609619 -0.1152070015668869 -0.0011219970183447003
v -0.10842300206422806 -0.11503899842500687 -0.007955968379974365
v -0.10590200126171112 -0.11785099655389786 -0.004657982848584652
v -0.10590200126171112 -0.11785099655389786 -0.004657982848584652
v -0.10121099650859833 -0.12019100040197372 -0.00459396792575717
v -0.10338299721479416 -0.11949100345373154 0.002902983920648694
v -0.10121099650859833 -0.12019100040197372 -0.00459396792575717
v -0.09838098287582397 -0.12092699855566025 0.0010049929842352867
v -0.10338299721479416 -0.11949100345373154 0.002902983920648694
v -0.10121099650859833 -0.12019100040197372 -0.00459396792575717
v -0.0987919494509697 -0.12068100273609161 -0.004678964149206877
v -0.09838098287582397 -0.12092699855566025 0.0010049929842352867
v -0.0987919494509697 -0.12068100273609161 -0.004678964149206877
v -0.09599994868040085 -0.12077300250530243 0.002827941905707121
v -0.09838098287582397 -0.12092699855566025 0.0010049929842352867
v -0.0987919494509697 -0.12068100273609161 -0.004678964149206877
v -0.09599994868040085 -0.12059400230646133 -0.005150972865521908
v -0.09599994868040085 -0.12077300250530243 0.002827941905707121
v -0.09584999084472656 -0.1070299968123436 -0.035463981330394745
v -0.0995129868388176 -0.1004989966750145 -0.04110699146986008
v -0.09599994868040085 -0.1006769984960556 -0.04123795032501221
v -0.0995129868388176 -0.1004989966750145 -0.04110699146986008
v -0.0995129868388176 -0.09405796974897385 -0.0453220009803772
v -0.09599994868040085 -0.1006769984960556 -0.04123795032501221
v -0.0995129868388176 -0.1004989966750145 -0.04110699146986008
v -0.10305000096559525 -0.09985297173261642 -0.04026395082473755
v -0.0995129868388176 -0.09405796974897385 -0.0453220009803772
v -0.10305000096559525 -0.09985297173261642 -0.04026395082473755
v -0.10305000096559525 -0.09354399889707565 -0.04439299926161766
v -0.0995129868388176 -0.09405796974897385 -0.0453220009803772
v -0.10305000096559525 -0.09985297173261642 -0.04026395082473755
v -0.10554499924182892 -0.09246200323104858 -0.04339098185300827
v -0.10305000096559525 -0.09354399889707565 -0.04439299926161766
v -0.09599994868040085 -0.0924229621887207 -0.046425990760326385
v -0.0995129868388176 -0.09405796974897385 -0.0453220009803772
v -0.09599994868040085 -0.08796799182891846 -0.04841696843504906
v -0.0995129868388176 -0.09405796974897385 -0.0453220009803772
v -0.0995129868388176 -0.08706294745206833 -0.04853599891066551
v -0.09599994868040085 -0.08796799182891846 -0.04841696843504906
v -0.0995129868388176 -0.09405796974897385 -0.0453220009803772
v -0.10305000096559525 -0.09354399889707565 -0.04439299926161766
v -0.0995129868388176 -0.08706294745206833 -0.04853599891066551
v -0.10305000096559525 -0.09354399889707565 -0.04439299926161766
v -0.10305000096559525 -0.08669298142194748 -0.04753993824124336
v -0.0995129868388176 -0.08706294745206833 -0.04853599891066551
v -0.10305000096559525 -0.09354399889707565 -0.04439299926161766
v -0.10554499924182892 -0.09246200323104858 -0.04339098185300827
v -0.10305000096559525 -0.08669298142194748 -0.04753993824124336
v -0.10554499924182892 -0.09246200323104858 -0.04339098185300827
v -0.10665000230073929 -0.08323097229003906 -0.04612499102950096
v -0.10305000096559525 -0.08669298142194748 -0.04753993824124336
v -0.09599994868040085 -0.11089000105857849 -0.030808979645371437
v -0.0995129868388176 -0.1062450036406517 -0.035983968526124954
v -0.09584999084472656 -0.1070299968123436 -0.035463981330394745
v -0.0995129868388176 -0.1062450036406517 -0.035983968526124954
v -0.0995129868388176 -0.1004989966750145 -0.04110699146986008
v -0.09584999084472656 -0.1070299968123436 -0.035463981330394745
v -0.0995129868388176 -0.1062450036406517 -0.035983968526124954
v -0.10305000096559525 -0.10548099875450134 -0.035245951265096664
v -0.0995129868388176 -0.1004989966750145 -0.04110699146986008
v -0.10305000096559525 -0.10548099875450134 -0.035245951265096664
v -0.10305000096559525 -0.09985297173261642 -0.04026395082473755
v -0.0995129868388176 -0.1004989966750145 -0.04110699146986008
v -0.10305000096559525 -0.10548099875450134 -0.035245951265096664
v -0.10621999949216843 -0.10411900281906128 -0.03392999991774559
v -0.10305000096559525 -0.09985297173261642 -0.04026395082473755
v -0.10621999949216843 -0.10411900281906128 -0.03392999991774559
v -0.10621999949216843 -0.09870100021362305 -0.03875993937253952
v -0.10305000096559525 -0.09985297173261642 -0.04026395082473755
v -0.10621999949216843 -0.10411900281906128 -0.03392999991774559
v -0.10883200168609619 -0.10224100202322006 -0.03211497887969017
v -0.10621999949216843 -0.09870100021362305 -0.03875993937253952
v -0.10883200168609619 -0.10224100202322006 -0.03211497887969017
v -0.10883200168609619 -0.09711295366287231 -0.03668797016143799
v -0.10621999949216843 -0.09870100021362305 -0.03875993937253952
v -0.0995129868388176 -0.11812900006771088 -0.01638096012175083
v -0.10305000096559525 -0.11712100356817245 -0.016044970601797104
v -0.0995129868388176 -0.11515799909830093 -0.023482970893383026
v -0.10305000096559525 -0.11712100356817245 -0.016044970601797104
v -0.10305000096559525 -0.11421100050210953 -0.02300094999372959
v -0.0995129868388176 -0.11515799909830093 -0.023482970893383026
v -0.10305000096559525 -0.11712100356817245 -0.016044970601797104
v -0.10542900115251541 -0.11677899956703186 -0.012579970061779022
v -0.10305000096559525 -0.11421100050210953 -0.02300094999372959
v -0.10542900115251541 -0.11677899956703186 -0.012579970061779022
v -0.10621999949216843 -0.11252299696207047 -0.022141989320516586
v -0.10305000096559525 -0.11421100050210953 -0.02300094999372959
v -0.10542900115251541 -0.11677899956703186 -0.012579970061779022
v -0.10883200168609619 -0.11284700036048889 -0.014619939960539341
v -0.10621999949216843 -0.11252299696207047 -0.022141989320516586
v -0.10883200168609619 -0.11284700036048889 -0.014619939960539341
v -0.10883200168609619 -0.11019600182771683 -0.020958000794053078
v -0.10621999949216843 -0.11252299696207047 -0.022141989320516586
v -0.10883200168609619 -0.11284700036048889 -0.014619939960539341
v -0.11072590202093124 -0.10983899980783463 -0.013616969808936119
v -0.10883200168609619 -0.11019600182771683 -0.020958000794053078
v -0.11072590202093124 -0.10983899980783463 -0.013616969808936119
v -0.11072590202093124 -0.10405199974775314 -0.02499197982251644
v -0.10883200168609619 -0.11019600182771683 -0.020958000794053078
v -0.11072590202093124 -0.10983899980783463 -0.013616969808936119
v -0.11155500262975693 -0.10771699994802475 -0.011014989577233791
v -0.11072590202093124 -0.10405199974775314 -0.02499197982251644
v -0.11155500262975693 -0.10771699994802475 -0.011014989577233791
v -0.11178799718618393 -0.10117200016975403 -0.022938959300518036
v -0.11072590202093124 -0.10405199974775314 -0.02499197982251644
v -0.11155500262975693 -0.10771699994802475 -0.011014989577233791
v -0.11199799925088882 -0.1048090010881424 -0.010279949754476547
v -0.11178799718618393 -0.10117200016975403 -0.022938959300518036
v -0.0995129868388176 -0.11515799909830093 -0.023482970893383026
v -0.10305000096559525 -0.11421100050210953 -0.02300094999372959
v -0.0995129868388176 -0.11116699874401093 -0.03006500005722046
v -0.10305000096559525 -0.11421100050210953 -0.02300094999372959
v -0.10305000096559525 -0.11030200123786926 -0.02944898046553135
v -0.0995129868388176 -0.11116699874401093 -0.03006500005722046
v -0.10305000096559525 -0.11421100050210953 -0.02300094999372959
v -0.10621999949216843 -0.11252299696207047 -0.022141989320516586
v -0.10305000096559525 -0.11030200123786926 -0.02944898046553135
v -0.10621999949216843 -0.11252299696207047 -0.022141989320516586
v -0.10621999949216843 -0.10875990241765976 -0.028348980471491814
v -0.10305000096559525 -0.11030200123786926 -0.02944898046553135
v -0.10621999949216843 -0.11252299696207047 -0.022141989320516586
v -0.10883200168609619 -0.11019600182771683 -0.020958000794053078
v -0.10621999949216843 -0.10875990241765976 -0.028348980471491814
v -0.10883200168609619 -0.11019600182771683 -0.020958000794053078
v -0.10883200168609619 -0.1066339984536171 -0.02683299034833908
v -0.10621999949216843 -0.10875990241765976 -0.028348980471491814
v -0.10883200168609619 -0.11019600182771683 -0.020958000794053078
v -0.11072590202093124 -0.10405199974775314 -0.02499197982251644
v -0.10883200168609619 -0.1066339984536171 -0.02683299034833908
v -0.11199799925088882 -0.1048090010881424 -0.010279949754476547
v -0.1120000034570694 -0.09493099898099899 -0.026392990723252296
v -0.11178799718618393 -0.10117200016975403 -0.022938959300518036
v -0.0995129868388176 -0.11116699874401093 -0.03006500005722046
v -0.0995129868388176 -0.1062450036406517 -0.035983968526124954
v -0.09599994868040085 -0.11089000105857849 -0.030808979645371437
v -0.0995129868388176 -0.11116699874401093 -0.03006500005722046
v -0.10305000096559525 -0.11030200123786926 -0.02944898046553135
v -0.0995129868388176 -0.1062450036406517 -0.035983968526124954
v -0.10305000096559525 -0.11030200123786926 -0.02944898046553135
v -0.10305000096559525 -0.10548099875450134 -0.035245951265096664
v -0.0995129868388176 -0.1062450036406517 -0.035983968526124954
v -0.10305000096559525 -0.11030200123786926 -0.02944898046553135
v -0.10621999949216843 -0.10875990241765976 -0.028348980471491814
v -0.10305000096559525 -0.10548099875450134 -0.035245951265096664
v -0.10621999949216843 -0.10875990241765976 -0.028348980471491814
v -0.10621999949216843 -0.10411900281906128 -0.03392999991774559
v -0.10305000096559525 -0.10548099875450134 -0.035245951265096664
v -0.10621999949216843 -0.10875990241765976 -0.028348980471491814
v -0.10883200168609619 -0.1066339984536171 -0.02683299034833908
v -0.10621999949216843 -0.10411900281906128 -0.03392999991774559
v -0.10883200168609619 -0.1066339984536171 -0.02683299034833908
v -0.10883200168609619 -0.10224100202322006 -0.03211497887969017
v -0.10621999949216843 -0.10411900281906128 -0.03392999991774559
v -0.10883200168609619 -0.1066339984536171 -0.02683299034833908
v -0.11072590202093124 -0.10405199974775314 -0.02499197982251644
v -0.10883200168609619 -0.10224100202322006 -0.03211497887969017
v -0.11072590202093124 -0.10405199974775314 -0.02499197982251644
v -0.11083000153303146 -0.09650397300720215 -0.03279196843504906
v -0.10883200168609619 -0.10224100202322006 -0.03211497887969017
v -0.11072590202093124 -0.10405199974775314 -0.02499197982251644
v -0.11178799718618393 -0.10117200016975403 -0.022938959300518036
v -0.11083000153303146 -0.09650397300720215 -0.03279196843504906
v -0.1099110022187233 -0.10845199972391129 0.01872098073363304
v -0.10818900167942047 -0.11372599750757217 0.01304094959050417
v -0.10807699710130692 -0.1111849993467331 0.018002979457378387
v -0.10818900167942047 -0.11372599750757217 0.01304094959050417
v -0.10494600236415863 -0.11525200307369232 0.014426940120756626
v -0.10807699710130692 -0.1111849993467331 0.018002979457378387
v -0.10347499698400497 -0.11269500106573105 0.019403990358114243
v -0.10807699710130692 -0.1111849993467331 0.018002979457378387
v -0.10494600236415863 -0.11525200307369232 0.014426940120756626
v -0.10536099970340729 -0.10857900232076645 0.02387797087430954
v -0.10347499698400497 -0.11269500106573105 0.019403990358114243
v -0.10199990123510361 -0.10901500284671783 0.024262959137558937
v -0.10536099970340729 -0.10857900232076645 0.02387797087430954
v -0.10807699710130692 -0.1111849993467331 0.018002979457378387
v -0.10347499698400497 -0.11269500106573105 0.019403990358114243
v -0.10536099970340729 -0.10857900232076645 0.02387797087430954
v -0.10774990171194077 -0.10765299946069717 0.02305798977613449
v -0.10807699710130692 -0.1111849993467331 0.018002979457378387
v -0.10774990171194077 -0.10765299946069717 0.02305798977613449
v -0.1099110022187233 -0.10845199972391129 0.01872098073363304
v -0.10807699710130692 -0.1111849993467331 0.018002979457378387
v -0.09989999979734421 -0.11920399963855743 0.00756299402564764
v -0.10018900036811829 -0.12027599662542343 0.004105985164642334
v -0.09599994868040085 -0.12077300250530243 0.002827941905707121
v -0.10338299721479416 -0.11949100345373154 0.002902983920648694
v -0.09838098287582397 -0.12092699855566025 0.0010049929842352867
v -0.10018900036811829 -0.12027599662542343 0.004105985164642334
v -0.09838098287582397 -0.12092699855566025 0.0010049929842352867
v -0.09599994868040085 -0.12077300250530243 0.002827941905707121
v -0.10018900036811829 -0.12027599662542343 0.004105985164642334
v -0.10338299721479416 -0.11949100345373154 0.002902983920648694
v -0.10443399846553802 -0.11836899816989899 0.006875990889966488
v -0.10586400330066681 -0.11785800009965897 0.004873991012573242
v -0.10338299721479416 -0.11949100345373154 0.002902983920648694
v -0.10018900036811829 -0.12027599662542343 0.004105985164642334
v -0.10443399846553802 -0.11836899816989899 0.006875990889966488
v -0.10018900036811829 -0.12027599662542343 0.004105985164642334
v -0.09989999979734421 -0.11920399963855743 0.00756299402564764
v -0.10443399846553802 -0.11836899816989899 0.006875990889966488
v -0.11137700080871582 -0.10596399754285812 0.016882000491023064
v -0.11015000194311142 -0.10868100076913834 0.01606094092130661
v -0.1099110022187233 -0.10845199972391129 0.01872098073363304
v -0.11015000194311142 -0.10868100076913834 0.01606094092130661
v -0.11137700080871582 -0.10596399754285812 0.016882000491023064
v -0.11027900129556656 -0.1038070023059845 0.0061759939417243
v -0.11025699973106384 -0.04589200019836426 -0.03537195175886154
v -0.11025699973106384 -0.0478549487888813 -0.03058099001646042
v -0.10999999940395355 -0.04536699876189232 -0.026312939822673798
v -0.10999999940395355 -0.04536699876189232 -0.026312939822673798
v -0.10999999940395355 -0.03935693949460983 -0.03764497861266136
v -0.11025699973106384 -0.04589200019836426 -0.03537195175886154
v -0.10999999940395355 -0.03935693949460983 -0.03764497861266136
v -0.10999999940395355 -0.04536699876189232 -0.026312939822673798
v -0.10999999940395355 -0.03275895118713379 -0.03276300057768822
v -0.10999999940395355 -0.04536699876189232 -0.026312939822673798
v -0.10999999940395355 -0.033075980842113495 -0.014491969719529152
v -0.10999999940395355 -0.03275895118713379 -0.03276300057768822
v -0.10999999940395355 -0.033075980842113495 -0.014491969719529152
v -0.10999999940395355 -0.026599999517202377 -0.019158950075507164
v -0.10999999940395355 -0.03275895118713379 -0.03276300057768822
v -0.11025699973106384 -0.027960000559687614 -0.01233797986060381
v -0.10999999940395355 -0.026599999517202377 -0.019158950075507164
v -0.10999999940395355 -0.033075980842113495 -0.014491969719529152
v -0.11009500175714493 -0.11140900105237961 -0.010130999609827995
v -0.11015000194311142 -0.10868100076913834 0.01606094092130661
v -0.10999999940395355 -0.10549300163984299 0.002718985080718994
v -0.11025699973106384 -0.02515994943678379 -0.019811980426311493
v -0.11025699973106384 -0.027960000559687614 -0.01233797986060381
v -0.11086490005254745 -0.025081990286707878 -0.012662939727306366
v -0.11025699973106384 -0.02515994943678379 -0.019811980426311493
v -0.11086490005254745 -0.025081990286707878 -0.012662939727306366
v -0.11168599873781204 -0.022396979853510857 -0.014190969988703728
v -0.11025699973106384 -0.03415000066161156 -0.013331940397620201
v -0.11025699973106384 -0.027960000559687614 -0.01233797986060381
v -0.10999999940395355 -0.033075980842113495 -0.014491969719529152
v -0.11025699973106384 -0.02515994943678379 -0.019811980426311493
v -0.10999999940395355 -0.026599999517202377 -0.019158950075507164
v -0.11025699973106384 -0.027960000559687614 -0.01233797986060381
v -0.1120000034570694 -0.019047969952225685 -0.013535969890654087
v -0.1120000034570694 -0.020340969786047935 -0.01891898922622204
v -0.11168599873781204 -0.022396979853510857 -0.014190969988703728
v -0.1120000034570694 -0.019047969952225685 -0.013535969890654087
v -0.1120000034570694 -0.019047969952225685 -0.0411219485104084
v -0.1120000034570694 -0.020340969786047935 -0.01891898922622204
v -0.1120000034570694 -0.019047969952225685 -0.0411219485104084
v -0.11181099712848663 -0.030904939398169518 -0.04090499132871628
v -0.1120000034570694 -0.02729398012161255 -0.035237960517406464
v -0.1120000034570694 -0.019047969952225685 -0.0411219485104084
v -0.1120000034570694 -0.02729398012161255 -0.035237960517406464
v -0.1120000034570694 -0.020340969786047935 -0.01891898922622204
v -0.11197900027036667 -0.058348000049591064 0.03276997059583664
v -0.1120000034570694 -0.05453598126769066 0.023122960701584816
v -0.1120000034570694 -0.06462597101926804 0.032930970191955566
v -0.1120000034570694 -0.05453598126769066 0.023122960701584816
v -0.1120000034570694 -0.04664795845746994 0.016276000067591667
v -0.1120000034570694 -0.028850970789790154 -0.0005830000154674053
v -0.1120000034570694 -0.028850970789790154 -0.0005830000154674053
v -0.1120000034570694 -0.024274999275803566 -0.007479965221136808
v -0.1120000034570694 -0.05453598126769066 0.023122960701584816
v -0.1120000034570694 -0.024274999275803566 -0.007479965221136808
v -0.1120000034570694 -0.03220897167921066 -0.007588982116430998
v -0.1120000034570694 -0.05453598126769066 0.023122960701584816
v -0.1120000034570694 -0.024274999275803566 -0.007479965221136808
v -0.11182700097560883 -0.025294950231909752 -0.00989598035812378
v -0.1120000034570694 -0.03220897167921066 -0.007588982116430998
v -0.1120000034570694 -0.04645894840359688 -0.04074198007583618
v -0.1120000034570694 -0.06366795301437378 -0.0370899997651577
v -0.1117430031299591 -0.04814295843243599 -0.037102989852428436
v -0.1120000034570694 -0.06366795301437378 -0.0370899997651577
v -0.1120000034570694 -0.05226397141814232 -0.03088896907866001
v -0.1117430031299591 -0.04814295843243599 -0.037102989852428436
v -0.1120000034570694 -0.04961096867918968 -0.01701498031616211
v -0.1120000034570694 -0.05226397141814232 -0.03088896907866001
v -0.1120000034570694 -0.06366795301437378 -0.0370899997651577
v -0.1120000034570694 -0.04664795845746994 0.016276000067591667
v -0.1120000034570694 -0.03299200162291527 0.008543968200683594
v -0.1120000034570694 -0.028850970789790154 -0.0005830000154674053
v -0.1120000034570694 -0.04664795845746994 0.016276000067591667
v -0.11169300228357315 -0.03464895114302635 0.012097000144422054
v -0.1120000034570694 -0.03299200162291527 0.008543968200683594
v -0.1120000034570694 -0.10057300329208374 0.011444980278611183
v -0.1120000034570694 -0.09460198134183884 0.006866991054266691
v -0.1120000034570694 -0.09917598217725754 0.0023789999540895224
v -0.1120000034570694 -0.09460198134183884 0.006866991054266691
v -0.1120000034570694 -0.09624999016523361 -0.0037909739185124636
v -0.1120000034570694 -0.09917598217725754 0.0023789999540895224
v -0.1120000034570694 -0.09624999016523361 -0.0037909739185124636
v -0.1120000034570694 -0.1018579974770546 -0.006392954848706722
v -0.1120000034570694 -0.09917598217725754 0.0023789999540895224
v -0.1120000034570694 -0.09624999016523361 -0.0037909739185124636
v -0.1120000034570694 -0.09493099898099899 -0.026392990723252296
v -0.1120000034570694 -0.1018579974770546 -0.006392954848706722
v -0.1120000034570694 -0.03220897167921066 -0.007588982116430998
v -0.1120000034570694 -0.04961096867918968 -0.01701498031616211
v -0.1120000034570694 -0.044977959245443344 -0.0016729830531403422
v -0.1120000034570694 -0.03220897167921066 -0.007588982116430998
v -0.1117430031299591 -0.036077968776226044 -0.011249950155615807
v -0.1120000034570694 -0.04961096867918968 -0.01701498031616211
v -0.1117430031299591 -0.036077968776226044 -0.011249950155615807
v -0.1117430031299591 -0.04703497141599655 -0.021394960582256317
v -0.1120000034570694 -0.04961096867918968 -0.01701498031616211
v -0.1120000034570694 -0.07439398020505905 0.023087970912456512
v -0.1120000034570694 -0.06462597101926804 0.032930970191955566
v -0.1120000034570694 -0.058600958436727524 0.020369939506053925
v -0.1120000034570694 -0.03220897167921066 -0.007588982116430998
v -0.1120000034570694 -0.06462597101926804 0.032930970191955566
v -0.1120000034570694 -0.05453598126769066 0.023122960701584816
v -0.1120000034570694 -0.03220897167921066 -0.007588982116430998
v -0.1120000034570694 -0.05034995079040527 0.013424989767372608
v -0.1120000034570694 -0.06462597101926804 0.032930970191955566
v -0.1120000034570694 -0.03220897167921066 -0.007588982116430998
v -0.1120000034570694 -0.044977959245443344 -0.0016729830531403422
v -0.1120000034570694 -0.05034995079040527 0.013424989767372608
v -0.1120000034570694 -0.06462597101926804 0.032930970191955566
v -0.1120000034570694 -0.05034995079040527 0.013424989767372608
v -0.1120000034570694 -0.058600958436727524 0.020369939506053925
v -0.1120000034570694 -0.1018579974770546 -0.006392954848706722
v -0.1120000034570694 -0.09493099898099899 -0.026392990723252296
v -0.11199799925088882 -0.1048090010881424 -0.010279949754476547
v -0.1120000034570694 -0.08871995657682419 0.015905970707535744
v -0.1120000034570694 -0.10057300329208374 0.011444980278611183
v -0.11198300123214722 -0.10318700224161148 0.015926949679851532
v -0.1120000034570694 -0.08871995657682419 0.015905970707535744
v -0.1120000034570694 -0.09460198134183884 0.006866991054266691
v -0.1120000034570694 -0.10057300329208374 0.011444980278611183
v -0.1120000034570694 -0.06462597101926804 0.032930970191955566
v -0.1120000034570694 -0.07439398020505905 0.023087970912456512
v -0.1120000034570694 -0.07606296986341476 0.029415959492325783
v -0.1120000034570694 -0.07439398020505905 0.023087970912456512
v -0.1120000034570694 -0.08871995657682419 0.015905970707535744
v -0.1120000034570694 -0.07606296986341476 0.029415959492325783
v -0.1120000034570694 -0.08871995657682419 0.015905970707535744
v -0.11198099702596664 -0.09495996683835983 0.02449697069823742
v -0.1120000034570694 -0.07606296986341476 0.029415959492325783
v -0.1120000034570694 -0.08871995657682419 0.015905970707535744
v -0.11198300123214722 -0.10318700224161148 0.015926949679851532
v -0.11198099702596664 -0.09495996683835983 0.02449697069823742
v -0.1120000034570694 -0.019047969952225685 -0.0411219485104084
v -0.1120000034570694 -0.019047969952225685 -0.013535969890654087
v -0.1118130013346672 -0.016689950600266457 -0.034877948462963104
v -0.1120000034570694 -0.019047969952225685 -0.013535969890654087
v -0.11192800104618073 -0.01757895015180111 -0.010028949938714504
v -0.1118130013346672 -0.016689950600266457 -0.034877948462963104
v -0.11192800104618073 -0.01757895015180111 -0.010028949938714504
v -0.11146599799394608 -0.01507996954023838 -0.0086289644241333
v -0.1118130013346672 -0.016689950600266457 -0.034877948462963104
v -0.1118130013346672 -0.016689950600266457 -0.034877948462963104
v -0.1107880026102066 -0.013836969621479511 -0.04188400134444237
v -0.1120000034570694 -0.019047969952225685 -0.0411219485104084
v -0.10926499962806702 -0.010411970317363739 -0.010701949708163738
v -0.11029700189828873 -0.012106000445783138 -0.023391960188746452
v -0.11061900109052658 -0.013246949762105942 -0.008127987384796143
v -0.1118130013346672 -0.016689950600266457 -0.034877948462963104
v -0.11146599799394608 -0.01507996954023838 -0.0086289644241333
v -0.11029700189828873 -0.012106000445783138 -0.023391960188746452
v -0.11146599799394608 -0.01507996954023838 -0.0086289644241333
v -0.11061900109052658 -0.013246949762105942 -0.008127987384796143
v -0.11029700189828873 -0.012106000445783138 -0.023391960188746452
v -0.11029700189828873 -0.012106000445783138 -0.023391960188746452
v -0.10926499962806702 -0.010411970317363739 -0.010701949708163738
v -0.10794290155172348 -0.008787988685071468 -0.021210959181189537
v -0.10926499962806702 -0.010411970317363739 -0.010701949708163738
v -0.1064700037240982 -0.007657945156097412 -0.011780969798564911
v -0.10794290155172348 -0.008787988685071468 -0.021210959181189537
v -0.1064700037240982 -0.007657945156097412 -0.011780969798564911
v -0.10525199770927429 -0.006520986091345549 -0.023305950686335564
v -0.10794290155172348 -0.008787988685071468 -0.021210959181189537
v -0.10525199770927429 -0.006520986091345549 -0.023305950686335564
v -0.10449399799108505 -0.00605398416519165 -0.014964990317821503
v -0.10050699859857559 -0.004463970195502043 -0.018912969157099724
v -0.10525199770927429 -0.006520986091345549 -0.023305950686335564
v -0.1064700037240982 -0.007657945156097412 -0.011780969798564911
v -0.10449399799108505 -0.00605398416519165 -0.014964990317821503
v -0.10050699859857559 -0.004463970195502043 -0.018912969157099724
v -0.09927695244550705 -0.0042219748720526695 -0.03194897994399071
v -0.10525199770927429 -0.006520986091345549 -0.023305950686335564
v -0.10050699859857559 -0.004463970195502043 -0.018912969157099724
v -0.09756100177764893 -0.0040579428896307945 -0.022106999531388283
v -0.09927695244550705 -0.0042219748720526695 -0.03194897994399071
v -0.1118130013346672 -0.016689950600266457 -0.034877948462963104
v -0.11049400269985199 -0.013901939615607262 -0.03198099136352539
v -0.1106489971280098 -0.013659000396728516 -0.03697197884321213
v -0.1107880026102066 -0.013836969621479511 -0.04188400134444237
v -0.1118130013346672 -0.016689950600266457 -0.034877948462963104
v -0.1106489971280098 -0.013659000396728516 -0.03697197884321213
v -0.1106489971280098 -0.013659000396728516 -0.03697197884321213
v -0.11049400269985199 -0.013901939615607262 -0.03198099136352539
v -0.10707700252532959 -0.010810970328748226 -0.036550991237163544
v -0.1118130013346672 -0.016689950600266457 -0.034877948462963104
v -0.11029700189828873 -0.012106000445783138 -0.023391960188746452
v -0.11049400269985199 -0.013901939615607262 -0.03198099136352539
v -0.10794290155172348 -0.008787988685071468 -0.021210959181189537
v -0.11049400269985199 -0.013901939615607262 -0.03198099136352539
v -0.11029700189828873 -0.012106000445783138 -0.023391960188746452
v -0.1023939996957779 -0.005355000030249357 -0.034189991652965546
v -0.10794290155172348 -0.008787988685071468 -0.021210959181189537
v -0.10525199770927429 -0.006520986091345549 -0.023305950686335564
v -0.1019200012087822 -0.0053289528004825115 -0.03957897052168846
v -0.1023939996957779 -0.005355000030249357 -0.034189991652965546
v -0.09927695244550705 -0.0042219748720526695 -0.03194897994399071
v -0.1023939996957779 -0.005355000030249357 -0.034189991652965546
v -0.10525199770927429 -0.006520986091345549 -0.023305950686335564
v -0.09927695244550705 -0.0042219748720526695 -0.03194897994399071
v -0.1019200012087822 -0.0053289528004825115 -0.03957897052168846
v -0.09927695244550705 -0.0042219748720526695 -0.03194897994399071
v -0.09758996218442917 -0.004170000087469816 -0.03310298174619675
v -0.10707700252532959 -0.010810970328748226 -0.036550991237163544
v -0.1023939996957779 -0.005355000030249357 -0.034189991652965546
v -0.10582000017166138 -0.007816970348358154 -0.03904198855161667
v -0.1019200012087822 -0.0053289528004825115 -0.03957897052168846
v -0.10399200022220612 -0.007481991779059172 -0.04265600070357323
v -0.10409700125455856 -0.006306945811957121 -0.03983097895979881
v -0.1023939996957779 -0.005355000030249357 -0.034189991652965546
v -0.10409700125455856 -0.006306945811957121 -0.03983097895979881
v -0.10582000017166138 -0.007816970348358154 -0.03904198855161667
v -0.1023939996957779 -0.005355000030249357 -0.034189991652965546
v -0.1019200012087822 -0.0053289528004825115 -0.03957897052168846
v -0.10409700125455856 -0.006306945811957121 -0.03983097895979881
v -0.1019200012087822 -0.0053289528004825115 -0.03957897052168846
v -0.09976594895124435 -0.005922973155975342 -0.04178500175476074
v -0.10399200022220612 -0.007481991779059172 -0.04265600070357323
v -0.09976594895124435 -0.005922973155975342 -0.04178500175476074
v -0.09976594895124435 -0.007838964462280273 -0.04408495873212814
v -0.10399200022220612 -0.007481991779059172 -0.04265600070357323
v -0.10979100316762924 -0.011612949892878532 -0.0396609902381897
v -0.10409700125455856 -0.006306945811957121 -0.03983097895979881
v -0.10780800133943558 -0.010427949950098991 -0.04301697015762329
v -0.10582000017166138 -0.007816970348358154 -0.03904198855161667
v -0.1106489971280098 -0.013659000396728516 -0.03697197884321213
v -0.10707700252532959 -0.010810970328748226 -0.036550991237163544
v -0.10399200022220612 -0.007481991779059172 -0.04265600070357323
v -0.10780800133943558 -0.010427949950098991 -0.04301697015762329
v -0.10409700125455856 -0.006306945811957121 -0.03983097895979881
v -0.10409700125455856 -0.006306945811957121 -0.03983097895979881
v -0.10979100316762924 -0.011612949892878532 -0.0396609902381897
v -0.10582000017166138 -0.007816970348358154 -0.03904198855161667
v -0.10979100316762924 -0.011612949892878532 -0.0396609902381897
v -0.1106489971280098 -0.013659000396728516 -0.03697197884321213
v -0.10582000017166138 -0.007816970348358154 -0.03904198855161667
v -0.10780800133943558 -0.010427949950098991 -0.04301697015762329
v -0.1107880026102066 -0.013836969621479511 -0.04188400134444237
v -0.10979100316762924 -0.011612949892878532 -0.0396609902381897
v -0.1107880026102066 -0.013836969621479511 -0.04188400134444237
v -0.11136499792337418 -0.016992980614304543 -0.043643951416015625
v -0.1120000034570694 -0.019047969952225685 -0.0411219485104084
v -0.11136499792337418 -0.016992980614304543 -0.043643951416015625
v -0.1107880026102066 -0.013836969621479511 -0.04188400134444237
v -0.1098560020327568 -0.016186950728297234 -0.0458749495446682
v -0.1107880026102066 -0.013836969621479511 -0.04188400134444237
v -0.10780800133943558 -0.010427949950098991 -0.04301697015762329
v -0.1098560020327568 -0.016186950728297234 -0.0458749495446682
v -0.1059660017490387 -0.0114209596067667 -0.0453529916703701
v -0.09976594895124435 -0.007838964462280273 -0.04408495873212814
v -0.10317900031805038 -0.011881940066814423 -0.046220000833272934
v -0.09976594895124435 -0.007838964462280273 -0.04408495873212814
v -0.1059660017490387 -0.0114209596067667 -0.0453529916703701
v -0.10399200022220612 -0.007481991779059172 -0.04265600070357323
v -0.1059660017490387 -0.0114209596067667 -0.0453529916703701
v -0.10780800133943558 -0.010427949950098991 -0.04301697015762329
v -0.10399200022220612 -0.007481991779059172 -0.04265600070357323
v -0.1059660017490387 -0.0114209596067667 -0.0453529916703701
v -0.1098560020327568 -0.016186950728297234 -0.0458749495446682
v -0.10780800133943558 -0.010427949950098991 -0.04301697015762329
v -0.1107880026102066 -0.013836969621479511 -0.04188400134444237
v -0.1106489971280098 -0.013659000396728516 -0.03697197884321213
v -0.10979100316762924 -0.011612949892878532 -0.0396609902381897
v -0.11049400269985199 -0.013901939615607262 -0.03198099136352539
v -0.1023939996957779 -0.005355000030249357 -0.034189991652965546
v -0.10707700252532959 -0.010810970328748226 -0.036550991237163544
v -0.1023939996957779 -0.005355000030249357 -0.034189991652965546
v -0.11049400269985199 -0.013901939615607262 -0.03198099136352539
v -0.10794290155172348 -0.008787988685071468 -0.021210959181189537
v -0.06319998949766159 -0.013252969831228256 -0.04708695039153099
v -0.0685349702835083 -0.016705980524420738 -0.05042498931288719
v -0.0762929916381836 -0.013982949778437614 -0.04764895886182785
v -0.06319998949766159 -0.013252969831228256 -0.04708695039153099
v -0.06319998949766159 -0.01588195003569126 -0.049548979848623276
v -0.0685349702835083 -0.016705980524420738 -0.05042498931288719
v -0.06319998949766159 -0.01588195003569126 -0.049548979848623276
v -0.0660099908709526 -0.01855497993528843 -0.05309097841382027
v -0.0685349702835083 -0.016705980524420738 -0.05042498931288719
v -0.0762929916381836 -0.013982949778437614 -0.04764895886182785
v -0.10317900031805038 -0.011881940066814423 -0.046220000833272934
v -0.06319998949766159 -0.013252969831228256 -0.04708695039153099
v -0.06269997358322144 -0.007843971252441406 -0.0434269905090332
v -0.06269997358322144 -0.013543959707021713 -0.04668097943067551
v -0.06319998949766159 -0.013252969831228256 -0.04708695039153099
v -0.06319998949766159 -0.013252969831228256 -0.04708695039153099
v -0.06269997358322144 -0.013543959707021713 -0.04668097943067551
v -0.06319998949766159 -0.01588195003569126 -0.049548979848623276
v -0.06269997358322144 -0.013543959707021713 -0.04668097943067551
v -0.06269997358322144 -0.01821798086166382 -0.05233597010374069
v -0.06319998949766159 -0.01588195003569126 -0.049548979848623276
v -0.06299299001693726 -0.01153193973004818 -0.030927950516343117
v -0.06269997358322144 -0.008307993412017822 -0.025731980800628662
v -0.06319998949766159 -0.010478969663381577 -0.02551298961043358
v -0.06269997358322144 -0.008307993412017822 -0.025731980800628662
v -0.06299299001693726 -0.01153193973004818 -0.030927950516343117
v -0.0628199502825737 -0.005004941951483488 -0.03054296039044857
v -0.06319998949766159 -0.010478969663381577 -0.02551298961043358
v -0.06319998949766159 -0.012335949577391148 -0.02476298063993454
v -0.06299299001693726 -0.01153193973004818 -0.030927950516343117
v -0.06319998949766159 -0.012335949577391148 -0.02476298063993454
v -0.06283395737409592 -0.015285960398614407 -0.023524990305304527
v -0.06299299001693726 -0.01153193973004818 -0.030927950516343117
v -0.06277596205472946 -0.004670977126806974 -0.0220489501953125
v -0.06269997358322144 -0.008307993412017822 -0.025731980800628662
v -0.0628199502825737 -0.005004941951483488 -0.03054296039044857
v -0.06319998949766159 -0.012942959554493427 -0.011334000155329704
v -0.06319998949766159 -0.01097595039755106 -0.011502980254590511
v -0.06283395737409592 -0.009228943847119808 -0.00995695497840643
v -0.06319998949766159 -0.016096940264105797 -0.013529949821531773
v -0.06319998949766159 -0.012942959554493427 -0.011334000155329704
v -0.06277596205472946 -0.01740396022796631 -0.01152294036000967
v -0.06319998949766159 -0.012942959554493427 -0.011334000155329704
v -0.06283395737409592 -0.009228943847119808 -0.00995695497840643
v -0.06277596205472946 -0.01740396022796631 -0.01152294036000967
v -0.06319998949766159 -0.01097595039755106 -0.011502980254590511
v -0.06319998949766159 -0.009291945956647396 -0.01253294013440609
v -0.06283395737409592 -0.009228943847119808 -0.00995695497840643
v -0.06283395737409592 -0.015285960398614407 -0.023524990305304527
v -0.06319998949766159 -0.01624000072479248 -0.01737098954617977
v -0.06277596205472946 -0.018971970304846764 -0.01824199967086315
v -0.06319998949766159 -0.01624000072479248 -0.01737098954617977
v -0.06319998949766159 -0.016096940264105797 -0.013529949821531773
v -0.06277596205472946 -0.018971970304846764 -0.01824199967086315
v -0.06319998949766159 -0.016096940264105797 -0.013529949821531773
v -0.06277596205472946 -0.01740396022796631 -0.01152294036000967
v -0.06277596205472946 -0.018971970304846764 -0.01824199967086315
v -0.06283395737409592 -0.009228943847119808 -0.00995695497840643
v -0.06277596205472946 -0.004670977126806974 -0.0220489501953125
v -0.06283395737409592 -0.006054996978491545 -0.014607960358262062
v -0.06269997358322144 -0.05283695086836815 -0.05021296814084053
v -0.06269997358322144 -0.052576951682567596 -0.054169949144124985
v -0.06269997358322144 -0.04473799094557762 -0.04746197909116745
v -0.06269997358322144 -0.01821798086166382 -0.05233597010374069
v -0.06269997358322144 -0.021547969430685043 -0.05549997091293335
v -0.06274700164794922 -0.024093979969620705 -0.0595739409327507
v -0.06269997358322144 -0.01821798086166382 -0.05233597010374069
v -0.06276696175336838 -0.016084959730505943 -0.04389994964003563
v -0.06273800134658813 -0.02173900045454502 -0.046028971672058105
v -0.06269997358322144 -0.01821798086166382 -0.05233597010374069
v -0.06269997358322144 -0.013543959707021713 -0.04668097943067551
v -0.06276696175336838 -0.016084959730505943 -0.04389994964003563
v -0.06269997358322144 -0.013543959707021713 -0.04668097943067551
v -0.06269997358322144 -0.01155798975378275 -0.039204951375722885
v -0.06276696175336838 -0.016084959730505943 -0.04389994964003563
v -0.06269997358322144 -0.013543959707021713 -0.04668097943067551
v -0.06269997358322144 -0.007843971252441406 -0.0434269905090332
v -0.06269997358322144 -0.01155798975378275 -0.039204951375722885
v -0.06269997358322144 -0.052576951682567596 -0.054169949144124985
v -0.06269997358322144 -0.04721099138259888 -0.05633794888854027
v -0.06269997358322144 -0.04473799094557762 -0.04746197909116745
v -0.06269997358322144 -0.04721099138259888 -0.05633794888854027
v -0.06269997358322144 -0.04204796999692917 -0.05549997091293335
v -0.06269997358322144 -0.04473799094557762 -0.04746197909116745
v -0.06269997358322144 -0.04204796999692917 -0.05549997091293335
v -0.06269997358322144 -0.04204796999692917 -0.0482969805598259
v -0.06269997358322144 -0.04473799094557762 -0.04746197909116745
v -0.06319998949766159 -0.005922973155975342 -0.04178500175476074
v -0.06319998949766159 -0.005815981887280941 -0.03943495824933052
v -0.06269997358322144 -0.007843971252441406 -0.0434269905090332
v -0.06319998949766159 -0.005815981887280941 -0.03943495824933052
v -0.06269997358322144 -0.01155798975378275 -0.039204951375722885
v -0.06269997358322144 -0.007843971252441406 -0.0434269905090332
v -0.06274700164794922 -0.024093979969620705 -0.0595739409327507
v -0.06300895661115646 -0.023547939956188202 -0.05703793838620186
v -0.06269997358322144 -0.03804498165845871 -0.06025499105453491
v -0.06300895661115646 -0.023547939956188202 -0.05703793838620186
v -0.06269997358322144 -0.04004799947142601 -0.057500001043081284
v -0.06269997358322144 -0.03804498165845871 -0.06025499105453491
v -0.06269997358322144 -0.04204796999692917 -0.05549997091293335
v -0.06269997358322144 -0.04721099138259888 -0.05633794888854027
v -0.06269997358322144 -0.04004799947142601 -0.057500001043081284
v -0.06269997358322144 -0.04721099138259888 -0.05633794888854027
v -0.06269997358322144 -0.03804498165845871 -0.06025499105453491
v -0.06269997358322144 -0.04004799947142601 -0.057500001043081284
v -0.06269997358322144 -0.04473799094557762 -0.04746197909116745
v -0.06269997358322144 -0.04204796999692917 -0.0482969805598259
v -0.06319998949766159 -0.04257994145154953 -0.046871960163116455
v -0.06269997358322144 -0.021547969430685043 -0.05549997091293335
v -0.06300895661115646 -0.023547939956188202 -0.05703793838620186
v -0.06274700164794922 -0.024093979969620705 -0.0595739409327507
v -0.06269997358322144 -0.01821798086166382 -0.05233597010374069
v -0.06273800134658813 -0.02173900045454502 -0.046028971672058105
v -0.06269997358322144 -0.021547969430685043 -0.05549997091293335
v -0.06269997358322144 -0.05283695086836815 -0.05021296814084053
v -0.06319998949766159 -0.05832396820187569 -0.05114798992872238
v -0.06269997358322144 -0.052576951682567596 -0.054169949144124985
v -0.06319998949766159 -0.05832396820187569 -0.05114798992872238
v -0.06319998949766159 -0.05832897871732712 -0.05310498923063278
v -0.06269997358322144 -0.052576951682567596 -0.054169949144124985
v -0.06369996070861816 -0.004047988913953304 -0.02949994057416916
v -0.06369996070861816 -0.004047988913953304 -0.02222095988690853
v -0.06277596205472946 -0.004670977126806974 -0.0220489501953125
v -0.06277596205472946 -0.004670977126806974 -0.0220489501953125
v -0.0628199502825737 -0.005004941951483488 -0.03054296039044857
v -0.06369996070861816 -0.004047988913953304 -0.02949994057416916
v -0.06369996070861816 -0.004047988913953304 -0.02949994057416916
v -0.0628199502825737 -0.005004941951483488 -0.03054296039044857
v -0.06369996070861816 -0.004633963108062744 -0.0309139396995306
v -0.0628199502825737 -0.005004941951483488 -0.03054296039044857
v -0.06369996070861816 -0.006047964096069336 -0.03149997815489769
v -0.06369996070861816 -0.004633963108062744 -0.0309139396995306
v -0.06299299001693726 -0.01153193973004818 -0.030927950516343117
v -0.06369996070861816 -0.006047964096069336 -0.03149997815489769
v -0.0628199502825737 -0.005004941951483488 -0.03054296039044857
v -0.06299299001693726 -0.01153193973004818 -0.030927950516343117
v -0.06369996070861816 -0.010333949699997902 -0.03149997815489769
v -0.06369996070861816 -0.006047964096069336 -0.03149997815489769
v -0.06369996070861816 -0.01271498017013073 -0.030324989929795265
v -0.06369996070861816 -0.01166194025427103 -0.031189970672130585
v -0.06299299001693726 -0.01153193973004818 -0.030927950516343117
v -0.06299299001693726 -0.01153193973004818 -0.030927950516343117
v -0.06369996070861816 -0.01166194025427103 -0.031189970672130585
v -0.06369996070861816 -0.010333949699997902 -0.03149997815489769
v -0.06283395737409592 -0.015285960398614407 -0.023524990305304527
v -0.06369996070861816 -0.014169990085065365 -0.026315979659557343
v -0.06299299001693726 -0.01153193973004818 -0.030927950516343117
v -0.06369996070861816 -0.01901298016309738 -0.02022193931043148
v -0.06369996070861816 -0.015679949894547462 -0.02383296936750412
v -0.06283395737409592 -0.015285960398614407 -0.023524990305304527
v -0.06369996070861816 -0.014169990085065365 -0.026315979659557343
v -0.06369996070861816 -0.01271498017013073 -0.030324989929795265
v -0.06299299001693726 -0.01153193973004818 -0.030927950516343117
v -0.06369996070861816 -0.015679949894547462 -0.02383296936750412
v -0.06369996070861816 -0.014169990085065365 -0.026315979659557343
v -0.06283395737409592 -0.015285960398614407 -0.023524990305304527
v -0.06283395737409592 -0.015285960398614407 -0.023524990305304527
v -0.06277596205472946 -0.018971970304846764 -0.01824199967086315
v -0.06369996070861816 -0.01901298016309738 -0.02022193931043148
v -0.06369996070861816 -0.01901298016309738 -0.02022193931043148
v -0.06277596205472946 -0.018971970304846764 -0.01824199967086315
v -0.06369996070861816 -0.019587989896535873 -0.018295999616384506
v -0.06369996070861816 -0.019587989896535873 -0.018295999616384506
v -0.06277596205472946 -0.018971970304846764 -0.01824199967086315
v -0.06369996070861816 -0.01935696043074131 -0.016298940405249596
v -0.06369996070861816 -0.01935696043074131 -0.016298940405249596
v -0.06277596205472946 -0.01740396022796631 -0.01152294036000967
v -0.06369996070861816 -0.017569949850440025 -0.01018499955534935
v -0.06369996070861816 -0.01935696043074131 -0.016298940405249596
v -0.06277596205472946 -0.018971970304846764 -0.01824199967086315
v -0.06277596205472946 -0.01740396022796631 -0.01152294036000967
v -0.06369996070861816 -0.01097095012664795 -0.007965981028974056
v -0.06283395737409592 -0.009228943847119808 -0.00995695497840643
v -0.06369996070861816 -0.008874951861798763 -0.009604989551007748
v -0.06277596205472946 -0.01740396022796631 -0.01152294036000967
v -0.06283395737409592 -0.009228943847119808 -0.00995695497840643
v -0.06283395737409592 -0.015596980229020119 -0.008716999553143978
v -0.06369996070861816 -0.01097095012664795 -0.007965981028974056
v -0.06369996070861816 -0.01218700036406517 -0.007566988002508879
v -0.06283395737409592 -0.009228943847119808 -0.00995695497840643
v -0.06369996070861816 -0.01218700036406517 -0.007566988002508879
v -0.06283395737409592 -0.015596980229020119 -0.008716999553143978
v -0.06283395737409592 -0.009228943847119808 -0.00995695497840643
v -0.06369996070861816 -0.01218700036406517 -0.007566988002508879
v -0.06369996070861816 -0.014719960279762745 -0.007738946937024593
v -0.06283395737409592 -0.015596980229020119 -0.008716999553143978
v -0.06369996070861816 -0.014719960279762745 -0.007738946937024593
v -0.06369996070861816 -0.01587098091840744 -0.008298993110656738
v -0.06283395737409592 -0.015596980229020119 -0.008716999553143978
v -0.06369996070861816 -0.01587098091840744 -0.008298993110656738
v -0.06277596205472946 -0.01740396022796631 -0.01152294036000967
v -0.06283395737409592 -0.015596980229020119 -0.008716999553143978
v -0.06369996070861816 -0.01587098091840744 -0.008298993110656738
v -0.06369996070861816 -0.017569949850440025 -0.01018499955534935
v -0.06277596205472946 -0.01740396022796631 -0.01152294036000967
v -0.06369996070861816 -0.004047988913953304 -0.02222095988690853
v -0.06369996070861816 -0.004797995090484619 -0.016656989231705666
v -0.06283395737409592 -0.006054996978491545 -0.014607960358262062
v -0.06283395737409592 -0.006054996978491545 -0.014607960358262062
v -0.06369996070861816 -0.007015943061560392 -0.011854940094053745
v -0.06283395737409592 -0.009228943847119808 -0.00995695497840643
v -0.06369996070861816 -0.007015943061560392 -0.011854940094053745
v -0.06369996070861816 -0.008874951861798763 -0.009604989551007748
v -0.06283395737409592 -0.009228943847119808 -0.00995695497840643
v -0.06369996070861816 -0.004797995090484619 -0.016656989231705666
v -0.06369996070861816 -0.005597949028015137 -0.014405960217118263
v -0.06283395737409592 -0.006054996978491545 -0.014607960358262062
v -0.06369996070861816 -0.005597949028015137 -0.014405960217118263
v -0.06369996070861816 -0.007015943061560392 -0.011854940094053745
v -0.06283395737409592 -0.006054996978491545 -0.014607960358262062
v -0.06277596205472946 -0.004670977126806974 -0.0220489501953125
v -0.06369996070861816 -0.004047988913953304 -0.02222095988690853
v -0.06283395737409592 -0.006054996978491545 -0.014607960358262062
v -0.1019200012087822 -0.0053289528004825115 -0.03957897052168846
v -0.09758996218442917 -0.004170000087469816 -0.03310298174619675
v -0.09680098295211792 -0.004845975898206234 -0.037651948630809784
v -0.09980498999357224 -0.004414975177496672 -0.01846097968518734
v -0.06369996070861816 -0.004047988913953304 -0.02222095988690853
v -0.09756100177764893 -0.0040579428896307945 -0.022106999531388283
v -0.0942949578166008 -0.004315971862524748 -0.030873950570821762
v -0.09758996218442917 -0.004170000087469816 -0.03310298174619675
v -0.09927695244550705 -0.0042219748720526695 -0.03194897994399071
v -0.0962589904665947 -0.005060969851911068 -0.034057971090078354
v -0.0942949578166008 -0.004315971862524748 -0.030873950570821762
v -0.09389597177505493 -0.006047964096069336 -0.031790971755981445
v -0.0962589904665947 -0.005060969851911068 -0.034057971090078354
v -0.09758996218442917 -0.004170000087469816 -0.03310298174619675
v -0.0942949578166008 -0.004315971862524748 -0.030873950570821762
v -0.09758996218442917 -0.004170000087469816 -0.03310298174619675
v -0.0962589904665947 -0.005060969851911068 -0.034057971090078354
v -0.09680098295211792 -0.004845975898206234 -0.037651948630809784
v -0.09680098295211792 -0.004845975898206234 -0.037651948630809784
v -0.0962589904665947 -0.005060969851911068 -0.034057971090078354
v -0.09560196846723557 -0.006255983840674162 -0.036766938865184784
v -0.09249997138977051 -0.010333949699997902 -0.03149997815489769
v -0.09464699029922485 -0.010843990370631218 -0.03212999925017357
v -0.09249997138977051 -0.006047964096069336 -0.03149997815489769
v -0.09464699029922485 -0.010843990370631218 -0.03212999925017357
v -0.09389597177505493 -0.006047964096069336 -0.031790971755981445
v -0.09249997138977051 -0.006047964096069336 -0.03149997815489769
v -0.09464699029922485 -0.010843990370631218 -0.03212999925017357
v -0.09551995247602463 -0.010744979605078697 -0.03306996077299118
v -0.09389597177505493 -0.006047964096069336 -0.031790971755981445
v -0.09551995247602463 -0.010744979605078697 -0.03306996077299118
v -0.0962589904665947 -0.005060969851911068 -0.034057971090078354
v -0.09389597177505493 -0.006047964096069336 -0.031790971755981445
v -0.09551995247602463 -0.010744979605078697 -0.03306996077299118
v -0.09615796059370041 -0.011187969706952572 -0.035718970000743866
v -0.0962589904665947 -0.005060969851911068 -0.034057971090078354
v -0.09615796059370041 -0.011187969706952572 -0.035718970000743866
v -0.0947830006480217 -0.010886959731578827 -0.03776394948363304
v -0.0962589904665947 -0.005060969851911068 -0.034057971090078354
v -0.0947830006480217 -0.010886959731578827 -0.03776394948363304
v -0.09560196846723557 -0.006255983840674162 -0.036766938865184784
v -0.0962589904665947 -0.005060969851911068 -0.034057971090078354
v -0.0947830006480217 -0.010886959731578827 -0.03776394948363304
v -0.09249997138977051 -0.007508993148803711 -0.03849995136260986
v -0.09249997138977051 -0.00631898595020175 -0.03889298066496849
v -0.0947830006480217 -0.010886959731578827 -0.03776394948363304
v -0.09249997138977051 -0.010565989650785923 -0.03849995136260986
v -0.09249997138977051 -0.007508993148803711 -0.03849995136260986
v -0.09389597177505493 -0.006047964096069336 -0.031790971755981445
v -0.0942949578166008 -0.004315971862524748 -0.030873950570821762
v -0.09249997138977051 -0.006047964096069336 -0.03149997815489769
v -0.09927695244550705 -0.0042219748720526695 -0.03194897994399071
v -0.09249997138977051 -0.004047988913953304 -0.02949994057416916
v -0.0942949578166008 -0.004315971862524748 -0.030873950570821762
v -0.06369996070861816 -0.004047988913953304 -0.02949994057416916
v -0.09249997138977051 -0.004047988913953304 -0.02949994057416916
v -0.06369996070861816 -0.004047988913953304 -0.02222095988690853
v -0.09249997138977051 -0.004047988913953304 -0.02949994057416916
v -0.09756100177764893 -0.0040579428896307945 -0.022106999531388283
v -0.06369996070861816 -0.004047988913953304 -0.02222095988690853
v -0.09249997138977051 -0.004047988913953304 -0.02949994057416916
v -0.09927695244550705 -0.0042219748720526695 -0.03194897994399071
v -0.09756100177764893 -0.0040579428896307945 -0.022106999531388283
v -0.06369996070861816 -0.004047988913953304 -0.02949994057416916
v -0.06369996070861816 -0.004633963108062744 -0.0309139396995306
v -0.09249997138977051 -0.004047988913953304 -0.02949994057416916
v -0.06369996070861816 -0.004633963108062744 -0.0309139396995306
v -0.0942949578166008 -0.004315971862524748 -0.030873950570821762
v -0.09249997138977051 -0.004047988913953304 -0.02949994057416916
v -0.06369996070861816 -0.004633963108062744 -0.0309139396995306
v -0.06369996070861816 -0.006047964096069336 -0.03149997815489769
v -0.0942949578166008 -0.004315971862524748 -0.030873950570821762
v -0.06369996070861816 -0.006047964096069336 -0.03149997815489769
v -0.09249997138977051 -0.006047964096069336 -0.03149997815489769
v -0.0942949578166008 -0.004315971862524748 -0.030873950570821762
v -0.09249997138977051 -0.010333949699997902 -0.03149997815489769
v -0.09249997138977051 -0.006047964096069336 -0.03149997815489769
v -0.06369996070861816 -0.010333949699997902 -0.03149997815489769
v -0.09249997138977051 -0.006047964096069336 -0.03149997815489769
v -0.06369996070861816 -0.006047964096069336 -0.03149997815489769
v -0.06369996070861816 -0.010333949699997902 -0.03149997815489769
v -0.09249997138977051 -0.01271498017013073 -0.030324989929795265
v -0.06369996070861816 -0.01166194025427103 -0.031189970672130585
v -0.06369996070861816 -0.01271498017013073 -0.030324989929795265
v -0.09249997138977051 -0.01271498017013073 -0.030324989929795265
v -0.09249997138977051 -0.01166194025427103 -0.031189970672130585
v -0.06369996070861816 -0.01166194025427103 -0.031189970672130585
v -0.09249997138977051 -0.01166194025427103 -0.031189970672130585
v -0.06369996070861816 -0.010333949699997902 -0.03149997815489769
v -0.06369996070861816 -0.01166194025427103 -0.031189970672130585
v -0.09249997138977051 -0.01166194025427103 -0.031189970672130585
v -0.09249997138977051 -0.010333949699997902 -0.03149997815489769
v -0.06369996070861816 -0.010333949699997902 -0.03149997815489769
v -0.09599994868040085 -0.017724990844726562 -0.021766960620880127
v -0.06369996070861816 -0.015679949894547462 -0.02383296936750412
v -0.06369996070861816 -0.01901298016309738 -0.02022193931043148
v -0.09249997138977051 -0.01271498017013073 -0.030324989929795265
v -0.10499999672174454 -0.013896999880671501 -0.026960959658026695
v -0.09584199637174606 -0.01293294969946146 -0.030725950375199318
v -0.10499999672174454 -0.013896999880671501 -0.026960959658026695
v -0.09775000065565109 -0.013042979873716831 -0.03123294934630394
v -0.09584199637174606 -0.01293294969946146 -0.030725950375199318
v -0.10499999672174454 -0.013896999880671501 -0.026960959658026695
v -0.10499999672174454 -0.013255950063467026 -0.029190950095653534
v -0.09775000065565109 -0.013042979873716831 -0.03123294934630394
v -0.06369996070861816 -0.01271498017013073 -0.030324989929795265
v -0.06369996070861816 -0.014169990085065365 -0.026315979659557343
v -0.09249997138977051 -0.01271498017013073 -0.030324989929795265
v -0.06369996070861816 -0.014169990085065365 -0.026315979659557343
v -0.10499999672174454 -0.013896999880671501 -0.026960959658026695
v -0.09249997138977051 -0.01271498017013073 -0.030324989929795265
v -0.06369996070861816 -0.014169990085065365 -0.026315979659557343
v -0.06369996070861816 -0.015679949894547462 -0.02383296936750412
v -0.10499999672174454 -0.013896999880671501 -0.026960959658026695
v -0.06369996070861816 -0.015679949894547462 -0.02383296936750412
v -0.10499999672174454 -0.015138980001211166 -0.02458195947110653
v -0.10499999672174454 -0.013896999880671501 -0.026960959658026695
v -0.06369996070861816 -0.015679949894547462 -0.02383296936750412
v -0.10499999672174454 -0.016861969605088234 -0.022522980347275734
v -0.10499999672174454 -0.015138980001211166 -0.02458195947110653
v -0.06369996070861816 -0.015679949894547462 -0.02383296936750412
v -0.09599994868040085 -0.017724990844726562 -0.021766960620880127
v -0.10499999672174454 -0.016861969605088234 -0.022522980347275734
v -0.09599994868040085 -0.017724990844726562 -0.021766960620880127
v -0.10499999672174454 -0.01867597922682762 -0.02107900008559227
v -0.10499999672174454 -0.016861969605088234 -0.022522980347275734
v -0.09599994868040085 -0.017724990844726562 -0.021766960620880127
v -0.09599994868040085 -0.021097000688314438 -0.019841959699988365
v -0.10499999672174454 -0.01867597922682762 -0.02107900008559227
v -0.06369996070861816 -0.01901298016309738 -0.02022193931043148
v -0.09599994868040085 -0.01901298016309738 -0.02022193931043148
v -0.09599994868040085 -0.017724990844726562 -0.021766960620880127
v -0.06369996070861816 -0.01901298016309738 -0.02022193931043148
v -0.09599994868040085 -0.019587989896535873 -0.018295999616384506
v -0.09599994868040085 -0.01901298016309738 -0.02022193931043148
v -0.06369996070861816 -0.01901298016309738 -0.02022193931043148
v -0.06369996070861816 -0.019587989896535873 -0.018295999616384506
v -0.09599994868040085 -0.019587989896535873 -0.018295999616384506
v -0.06369996070861816 -0.019587989896535873 -0.018295999616384506
v -0.09599994868040085 -0.01935696043074131 -0.016298940405249596
v -0.09599994868040085 -0.019587989896535873 -0.018295999616384506
v -0.06369996070861816 -0.019587989896535873 -0.018295999616384506
v -0.06369996070861816 -0.01935696043074131 -0.016298940405249596
v -0.09599994868040085 -0.01935696043074131 -0.016298940405249596
v -0.06369996070861816 -0.01935696043074131 -0.016298940405249596
v -0.06369996070861816 -0.017569949850440025 -0.01018499955534935
v -0.09599994868040085 -0.01935696043074131 -0.016298940405249596
v -0.06369996070861816 -0.017569949850440025 -0.01018499955534935
v -0.09599994868040085 -0.018005959689617157 -0.011388000100851059
v -0.09599994868040085 -0.01935696043074131 -0.016298940405249596
v -0.06319998949766159 -0.05299096927046776 -0.04973696917295456
v -0.07999396324157715 -0.05817794054746628 -0.05111699923872948
v -0.06319998949766159 -0.05832396820187569 -0.05114798992872238
v -0.09599994868040085 -0.05845098942518234 -0.05121796950697899
v -0.07999396324157715 -0.05817794054746628 -0.05111699923872948
v -0.09599994868040085 -0.04783498868346214 -0.047771990299224854
v -0.07999396324157715 -0.05817794054746628 -0.05111699923872948
v -0.06319998949766159 -0.04783498868346214 -0.047771990299224854
v -0.09599994868040085 -0.04783498868346214 -0.047771990299224854
v -0.07999396324157715 -0.05817794054746628 -0.05111699923872948
v -0.06319998949766159 -0.05299096927046776 -0.04973696917295456
v -0.06319998949766159 -0.04783498868346214 -0.047771990299224854
v -0.09599994868040085 -0.01218700036406517 -0.007566988002508879
v -0.06369996070861816 -0.01097095012664795 -0.007965981028974056
v -0.09599994868040085 -0.009896992705762386 -0.008660972118377686
v -0.09599994868040085 -0.01218700036406517 -0.007566988002508879
v -0.06369996070861816 -0.01218700036406517 -0.007566988002508879
v -0.06369996070861816 -0.01097095012664795 -0.007965981028974056
v -0.09599994868040085 -0.01218700036406517 -0.007566988002508879
v -0.09599994868040085 -0.014719960279762745 -0.007738946937024593
v -0.06369996070861816 -0.01218700036406517 -0.007566988002508879
v -0.09599994868040085 -0.014719960279762745 -0.007738946937024593
v -0.06369996070861816 -0.014719960279762745 -0.007738946937024593
v -0.06369996070861816 -0.01218700036406517 -0.007566988002508879
v -0.09599994868040085 -0.014719960279762745 -0.007738946937024593
v -0.06369996070861816 -0.01587098091840744 -0.008298993110656738
v -0.06369996070861816 -0.014719960279762745 -0.007738946937024593
v -0.09599994868040085 -0.014719960279762745 -0.007738946937024593
v -0.09599994868040085 -0.016841940581798553 -0.009131968021392822
v -0.06369996070861816 -0.01587098091840744 -0.008298993110656738
v -0.06369996070861816 -0.017569949850440025 -0.01018499955534935
v -0.09599994868040085 -0.016841940581798553 -0.009131968021392822
v -0.09599994868040085 -0.018005959689617157 -0.011388000100851059
v -0.06369996070861816 -0.017569949850440025 -0.01018499955534935
v -0.06369996070861816 -0.01587098091840744 -0.008298993110656738
v -0.09599994868040085 -0.016841940581798553 -0.009131968021392822
v -0.10719200223684311 -0.010977979749441147 -0.007822990417480469
v -0.1087379977107048 -0.015702959150075912 -0.005529998801648617
v -0.09599994868040085 -0.01365095004439354 -0.0062909722328186035
v -0.1087379977107048 -0.015702959150075912 -0.005529998801648617
v -0.09599994868040085 -0.01794796995818615 -0.005038976203650236
v -0.09599994868040085 -0.01365095004439354 -0.0062909722328186035
v -0.10590489953756332 -0.008874951861798763 -0.009604989551007748
v -0.10719200223684311 -0.010977979749441147 -0.007822990417480469
v -0.09599994868040085 -0.009896992705762386 -0.008660972118377686
v -0.10719200223684311 -0.010977979749441147 -0.007822990417480469
v -0.09599994868040085 -0.01365095004439354 -0.0062909722328186035
v -0.09599994868040085 -0.009896992705762386 -0.008660972118377686
v -0.06369996070861816 -0.005597949028015137 -0.014405960217118263
v -0.06369996070861816 -0.004797995090484619 -0.016656989231705666
v -0.09980498999357224 -0.004414975177496672 -0.01846097968518734
v -0.06369996070861816 -0.004797995090484619 -0.016656989231705666
v -0.06369996070861816 -0.004047988913953304 -0.02222095988690853
v -0.09980498999357224 -0.004414975177496672 -0.01846097968518734
v -0.06369996070861816 -0.007015943061560392 -0.011854940094053745
v -0.10261599719524384 -0.005722999107092619 -0.014128980226814747
v -0.1043270006775856 -0.007077991031110287 -0.011765950359404087
v -0.06369996070861816 -0.007015943061560392 -0.011854940094053745
v -0.06369996070861816 -0.005597949028015137 -0.014405960217118263
v -0.10261599719524384 -0.005722999107092619 -0.014128980226814747
v -0.06369996070861816 -0.005597949028015137 -0.014405960217118263
v -0.09980498999357224 -0.004414975177496672 -0.01846097968518734
v -0.10261599719524384 -0.005722999107092619 -0.014128980226814747
v -0.06369996070861816 -0.01097095012664795 -0.007965981028974056
v -0.06369996070861816 -0.008874951861798763 -0.009604989551007748
v -0.09599994868040085 -0.009896992705762386 -0.008660972118377686
v -0.06369996070861816 -0.008874951861798763 -0.009604989551007748
v -0.10590489953756332 -0.008874951861798763 -0.009604989551007748
v -0.09599994868040085 -0.009896992705762386 -0.008660972118377686
v -0.06369996070861816 -0.008874951861798763 -0.009604989551007748
v -0.06369996070861816 -0.007015943061560392 -0.011854940094053745
v -0.10590489953756332 -0.008874951861798763 -0.009604989551007748
v -0.06369996070861816 -0.007015943061560392 -0.011854940094053745
v -0.1043270006775856 -0.007077991031110287 -0.011765950359404087
v -0.10590489953756332 -0.008874951861798763 -0.009604989551007748
v -0.1087379977107048 -0.015702959150075912 -0.005529998801648617
v -0.11048100143671036 -0.01477097999304533 -0.006588994991034269
v -0.11112090200185776 -0.020824959501624107 -0.005262969993054867
v -0.1064700037240982 -0.007657945156097412 -0.011780969798564911
v -0.10261599719524384 -0.005722999107092619 -0.014128980226814747
v -0.10449399799108505 -0.00605398416519165 -0.014964990317821503
v -0.10803800076246262 -0.010158950462937355 -0.008793950080871582
v -0.10926499962806702 -0.010411970317363739 -0.010701949708163738
v -0.11061900109052658 -0.013246949762105942 -0.008127987384796143
v -0.10803800076246262 -0.010158950462937355 -0.008793950080871582
v -0.1064700037240982 -0.007657945156097412 -0.011780969798564911
v -0.10926499962806702 -0.010411970317363739 -0.010701949708163738
v -0.1043270006775856 -0.007077991031110287 -0.011765950359404087
v -0.10803800076246262 -0.010158950462937355 -0.008793950080871582
v -0.10590489953756332 -0.008874951861798763 -0.009604989551007748
v -0.09980498999357224 -0.004414975177496672 -0.01846097968518734
v -0.10050699859857559 -0.004463970195502043 -0.018912969157099724
v -0.10261599719524384 -0.005722999107092619 -0.014128980226814747
v -0.10050699859857559 -0.004463970195502043 -0.018912969157099724
v -0.10449399799108505 -0.00605398416519165 -0.014964990317821503
v -0.10261599719524384 -0.005722999107092619 -0.014128980226814747
v -0.10261599719524384 -0.005722999107092619 -0.014128980226814747
v -0.1064700037240982 -0.007657945156097412 -0.011780969798564911
v -0.1043270006775856 -0.007077991031110287 -0.011765950359404087
v -0.1064700037240982 -0.007657945156097412 -0.011780969798564911
v -0.10803800076246262 -0.010158950462937355 -0.008793950080871582
v -0.1043270006775856 -0.007077991031110287 -0.011765950359404087
v -0.11061900109052658 -0.013246949762105942 -0.008127987384796143
v -0.11048100143671036 -0.01477097999304533 -0.006588994991034269
v -0.10803800076246262 -0.010158950462937355 -0.008793950080871582
v -0.11061900109052658 -0.013246949762105942 -0.008127987384796143
v -0.11146599799394608 -0.01507996954023838 -0.0086289644241333
v -0.11048100143671036 -0.01477097999304533 -0.006588994991034269
v -0.11146599799394608 -0.01507996954023838 -0.0086289644241333
v -0.11112090200185776 -0.020824959501624107 -0.005262969993054867
v -0.11048100143671036 -0.01477097999304533 -0.006588994991034269
v -0.10590489953756332 -0.008874951861798763 -0.009604989551007748
v -0.10803800076246262 -0.010158950462937355 -0.008793950080871582
v -0.10719200223684311 -0.010977979749441147 -0.007822990417480469
v -0.10803800076246262 -0.010158950462937355 -0.008793950080871582
v -0.11048100143671036 -0.01477097999304533 -0.006588994991034269
v -0.10719200223684311 -0.010977979749441147 -0.007822990417480469
v -0.11048100143671036 -0.01477097999304533 -0.006588994991034269
v -0.1087379977107048 -0.015702959150075912 -0.005529998801648617
v -0.10719200223684311 -0.010977979749441147 -0.007822990417480469
v -0.1117430031299591 -0.036077968776226044 -0.011249950155615807
v -0.1120000034570694 -0.03220897167921066 -0.007588982116430998
v -0.11025699973106384 -0.03415000066161156 -0.013331940397620201
v -0.1120000034570694 -0.03220897167921066 -0.007588982116430998
v -0.11025699973106384 -0.027960000559687614 -0.01233797986060381
v -0.11025699973106384 -0.03415000066161156 -0.013331940397620201
v -0.1120000034570694 -0.03220897167921066 -0.007588982116430998
v -0.11182700097560883 -0.025294950231909752 -0.00989598035812378
v -0.11025699973106384 -0.027960000559687614 -0.01233797986060381
v -0.11182700097560883 -0.025294950231909752 -0.00989598035812378
v -0.11086490005254745 -0.025081990286707878 -0.012662939727306366
v -0.11025699973106384 -0.027960000559687614 -0.01233797986060381
v -0.11168599873781204 -0.022396979853510857 -0.014190969988703728
v -0.1120000034570694 -0.020340969786047935 -0.01891898922622204
v -0.1117430031299591 -0.022573940455913544 -0.020981959998607635
v -0.1117430031299591 -0.022573940455913544 -0.020981959998607635
v -0.11025699973106384 -0.02515994943678379 -0.019811980426311493
v -0.11168599873781204 -0.022396979853510857 -0.014190969988703728
v -0.11192800104618073 -0.01757895015180111 -0.010028949938714504
v -0.11179099977016449 -0.020656999200582504 -0.006620943080633879
v -0.11146599799394608 -0.01507996954023838 -0.0086289644241333
v -0.11146599799394608 -0.01507996954023838 -0.0086289644241333
v -0.11179099977016449 -0.020656999200582504 -0.006620943080633879
v -0.11112090200185776 -0.020824959501624107 -0.005262969993054867
v -0.10937999933958054 -0.02586895041167736 0.00004099999932805076
v -0.11112090200185776 -0.025404980406165123 -0.002040982013568282
v -0.11083400249481201 -0.02895396016538143 0.006611942779272795
v -0.11112090200185776 -0.025404980406165123 -0.002040982013568282
v -0.11169300228357315 -0.029893990606069565 0.00614196015521884
v -0.11083400249481201 -0.02895396016538143 0.006611942779272795
v -0.10937999933958054 -0.02586895041167736 0.00004099999932805076
v -0.11003799736499786 -0.022924000397324562 -0.0033809540327638388
v -0.11112090200185776 -0.025404980406165123 -0.002040982013568282
v -0.1087379977107048 -0.015702959150075912 -0.005529998801648617
v -0.11112090200185776 -0.020824959501624107 -0.005262969993054867
v -0.11003799736499786 -0.022924000397324562 -0.0033809540327638388
v -0.11112090200185776 -0.020824959501624107 -0.005262969993054867
v -0.11112090200185776 -0.025404980406165123 -0.002040982013568282
v -0.11003799736499786 -0.022924000397324562 -0.0033809540327638388
v -0.11112090200185776 -0.020824959501624107 -0.005262969993054867
v -0.11179099977016449 -0.020656999200582504 -0.006620943080633879
v -0.11112090200185776 -0.025404980406165123 -0.002040982013568282
v -0.11179099977016449 -0.020656999200582504 -0.006620943080633879
v -0.1120000034570694 -0.028850970789790154 -0.0005830000154674053
v -0.11112090200185776 -0.025404980406165123 -0.002040982013568282
v -0.11179099977016449 -0.020656999200582504 -0.006620943080633879
v -0.1120000034570694 -0.024274999275803566 -0.007479965221136808
v -0.1120000034570694 -0.028850970789790154 -0.0005830000154674053
v -0.1120000034570694 -0.028850970789790154 -0.0005830000154674053
v -0.11169300228357315 -0.029893990606069565 0.00614196015521884
v -0.11112090200185776 -0.025404980406165123 -0.002040982013568282
v -0.1096000000834465 -0.02844798006117344 0.00686597777530551
v -0.10937999933958054 -0.02586895041167736 0.00004099999932805076
v -0.11083400249481201 -0.02895396016538143 0.006611942779272795
v -0.10899999737739563 -0.06318897008895874 -0.04228394851088524
v -0.10890000313520432 -0.018589969724416733 -0.04119497165083885
v -0.10899999737739563 -0.01718699000775814 -0.029931960627436638
v -0.10899999737739563 -0.021230990067124367 -0.004745959769934416
v -0.10899999737739563 -0.024554960429668427 -0.002481997013092041
v -0.10899999737739563 -0.023660950362682343 -0.0051819682121276855
v -0.10899999737739563 -0.05490595102310181 0.028656000271439552
v -0.10899999737739563 -0.06998497247695923 0.03616397827863693
v -0.10899999737739563 -0.049369990825653076 0.02110694907605648
v -0.10899999737739563 -0.024554960429668427 -0.002481997013092041
v -0.10899999737739563 -0.02778499945998192 -0.007678985130041838
v -0.10899999737739563 -0.023660950362682343 -0.0051819682121276855
v -0.10899999737739563 -0.024554960429668427 -0.002481997013092041
v -0.10899999737739563 -0.02735893987119198 0.0024649500846862793
v -0.10899999737739563 -0.02778499945998192 -0.007678985130041838
v -0.10899999737739563 -0.01718699000775814 -0.029931960627436638
v -0.10890000313520432 -0.018589969724416733 -0.04119497165083885
v -0.10869599878787994 -0.015508940443396568 -0.03849995136260986
v -0.10899999737739563 -0.02778499945998192 -0.007678985130041838
v -0.10899999737739563 -0.04549198970198631 0.018435949459671974
v -0.10899999737739563 -0.049369990825653076 0.02110694907605648
v -0.10899999737739563 -0.10485599935054779 -0.018777960911393166
v -0.10899999737739563 -0.08936195820569992 -0.003388941055163741
v -0.10899999737739563 -0.1078760027885437 -0.016825970262289047
v -0.10899999737739563 -0.08936195820569992 -0.003388941055163741
v -0.10899999737739563 -0.11118900030851364 -0.003808974986895919
v -0.10899999737739563 -0.1078760027885437 -0.016825970262289047
v -0.10899999737739563 -0.1081639975309372 0.016144990921020508
v -0.10899999737739563 -0.08936195820569992 -0.003388941055163741
v -0.10899999737739563 -0.10524199903011322 0.01810096949338913
v -0.10899999737739563 -0.1081639975309372 0.016144990921020508
v -0.10899999737739563 -0.11118900030851364 -0.003808974986895919
v -0.10899999737739563 -0.08936195820569992 -0.003388941055163741
v -0.10899999737739563 -0.030261989682912827 -0.011814950034022331
v -0.10899999737739563 -0.0552629791200161 -0.01305793970823288
v -0.10899999737739563 -0.030622949823737144 -0.014851979911327362
v -0.10899999737739563 -0.06318897008895874 -0.04228394851088524
v -0.10899999737739563 -0.01718699000775814 -0.029931960627436638
v -0.10899999737739563 -0.020865969359874725 -0.02442597970366478
v -0.10899999737739563 -0.08793895691633224 -0.02790600061416626
v -0.10899999737739563 -0.09232497215270996 -0.032494958490133286
v -0.10899999737739563 -0.08497899025678635 -0.036669958382844925
v -0.10899999737739563 -0.05490595102310181 0.028656000271439552
v -0.10899999737739563 -0.06325995177030563 0.03736995905637741
v -0.10899999737739563 -0.06998497247695923 0.03616397827863693
v -0.10918399691581726 -0.05917298048734665 0.03693699091672897
v -0.10899999737739563 -0.06325995177030563 0.03736995905637741
v -0.10899999737739563 -0.05490595102310181 0.028656000271439552
v -0.10899999737739563 -0.07057099789381027 -0.03463900089263916
v -0.10899999737739563 -0.06599199026823044 -0.040553979575634
v -0.10899999737739563 -0.0552629791200161 -0.01305793970823288
v -0.10899999737739563 -0.06599199026823044 -0.040553979575634
v -0.10899999737739563 -0.06318897008895874 -0.04228394851088524
v -0.10899999737739563 -0.0552629791200161 -0.01305793970823288
v -0.10899999737739563 -0.06318897008895874 -0.04228394851088524
v -0.10899999737739563 -0.030622949823737144 -0.014851979911327362
v -0.10899999737739563 -0.0552629791200161 -0.01305793970823288
v -0.10899999737739563 -0.06318897008895874 -0.04228394851088524
v -0.10899999737739563 -0.029007969424128532 -0.02013695053756237
v -0.10899999737739563 -0.030622949823737144 -0.014851979911327362
v -0.10899999737739563 -0.06599199026823044 -0.040553979575634
v -0.10899999737739563 -0.07057099789381027 -0.03463900089263916
v -0.10899999737739563 -0.07691997289657593 -0.03920799121260643
v -0.10899999737739563 -0.10383590310811996 0.019658980891108513
v -0.10899999737739563 -0.10524199903011322 0.01810096949338913
v -0.10899999737739563 -0.08549696207046509 0.009150980971753597
v -0.10899999737739563 -0.10524199903011322 0.01810096949338913
v -0.10899999737739563 -0.0890919491648674 0.0010609619785100222
v -0.10899999737739563 -0.08549696207046509 0.009150980971753597
v -0.10899999737739563 -0.10524199903011322 0.01810096949338913
v -0.10899999737739563 -0.08936195820569992 -0.003388941055163741
v -0.10899999737739563 -0.0890919491648674 0.0010609619785100222
v -0.10899999737739563 -0.030261989682912827 -0.011814950034022331
v -0.10899999737739563 -0.05203896015882492 -0.004811942111700773
v -0.10899999737739563 -0.0552629791200161 -0.01305793970823288
v -0.10899999737739563 -0.030261989682912827 -0.011814950034022331
v -0.10899999737739563 -0.02778499945998192 -0.007678985130041838
v -0.10899999737739563 -0.05203896015882492 -0.004811942111700773
v -0.10899999737739563 -0.02778499945998192 -0.007678985130041838
v -0.10899999737739563 -0.05295497179031372 0.003992973826825619
v -0.10899999737739563 -0.05203896015882492 -0.004811942111700773
v -0.10899999737739563 -0.02778499945998192 -0.007678985130041838
v -0.10899999737739563 -0.054937951266765594 0.007985948584973812
v -0.10899999737739563 -0.05295497179031372 0.003992973826825619
v -0.10899999737739563 -0.06998497247695923 0.03616397827863693
v -0.10899999737739563 -0.06139998883008957 0.014037960208952427
v -0.10899999737739563 -0.054937951266765594 0.007985948584973812
v -0.10899999737739563 -0.02778499945998192 -0.007678985130041838
v -0.10899999737739563 -0.02735893987119198 0.0024649500846862793
v -0.10899999737739563 -0.04549198970198631 0.018435949459671974
v -0.10899999737739563 -0.02735893987119198 0.0024649500846862793
v -0.10899999737739563 -0.03393398970365524 0.012968000024557114
v -0.10899999737739563 -0.04549198970198631 0.018435949459671974
v -0.10899999737739563 -0.06998497247695923 0.03616397827863693
v -0.10899999737739563 -0.02778499945998192 -0.007678985130041838
v -0.10899999737739563 -0.049369990825653076 0.02110694907605648
v -0.10899999737739563 -0.06998497247695923 0.03616397827863693
v -0.10899999737739563 -0.054937951266765594 0.007985948584973812
v -0.10899999737739563 -0.02778499945998192 -0.007678985130041838
v -0.10899999737739563 -0.06998497247695923 0.03616397827863693
v -0.10899999737739563 -0.06991696357727051 0.016452960669994354
v -0.10899999737739563 -0.06139998883008957 0.014037960208952427
v -0.10899999737739563 -0.078592948615551 0.014692960307002068
v -0.10899999737739563 -0.07777100056409836 0.03127098083496094
v -0.10899999737739563 -0.08858799189329147 0.02742397040128708
v -0.10899999737739563 -0.078592948615551 0.014692960307002068
v -0.10899999737739563 -0.06991696357727051 0.016452960669994354
v -0.10899999737739563 -0.07777100056409836 0.03127098083496094
v -0.10899999737739563 -0.06991696357727051 0.016452960669994354
v -0.10899999737739563 -0.06998497247695923 0.03616397827863693
v -0.10899999737739563 -0.07777100056409836 0.03127098083496094
v -0.10899999737739563 -0.10383590310811996 0.019658980891108513
v -0.10899999737739563 -0.08549696207046509 0.009150980971753597
v -0.10899999737739563 -0.09877394884824753 0.026710979640483856
v -0.10899999737739563 -0.08549696207046509 0.009150980971753597
v -0.10899999737739563 -0.09417598694562912 0.02681398019194603
v -0.10899999737739563 -0.09877394884824753 0.026710979640483856
v -0.10899999737739563 -0.08549696207046509 0.009150980971753597
v -0.10899999737739563 -0.078592948615551 0.014692960307002068
v -0.10899999737739563 -0.09417598694562912 0.02681398019194603
v -0.10899999737739563 -0.078592948615551 0.014692960307002068
v -0.10899999737739563 -0.08858799189329147 0.02742397040128708
v -0.10899999737739563 -0.09417598694562912 0.02681398019194603
v -0.10899999737739563 -0.08936195820569992 -0.003388941055163741
v -0.10899999737739563 -0.10485599935054779 -0.018777960911393166
v -0.10899999737739563 -0.09863001108169556 -0.026870960369706154
v -0.10899999737739563 -0.09863001108169556 -0.026870960369706154
v -0.10899999737739563 -0.08793895691633224 -0.02790600061416626
v -0.10899999737739563 -0.08936195820569992 -0.003388941055163741
v -0.10899999737739563 -0.09863001108169556 -0.026870960369706154
v -0.10899999737739563 -0.09232497215270996 -0.032494958490133286
v -0.10899999737739563 -0.08793895691633224 -0.02790600061416626
v -0.10899999737739563 -0.06318897008895874 -0.04228394851088524
v -0.10899999737739563 -0.020865969359874725 -0.02442597970366478
v -0.10899999737739563 -0.029007969424128532 -0.02013695053756237
v -0.10857590287923813 -0.06702399253845215 -0.040725938975811005
v -0.10899999737739563 -0.06599199026823044 -0.040553979575634
v -0.10899999737739563 -0.07691997289657593 -0.03920799121260643
v -0.10580900311470032 -0.0652889609336853 -0.04261099919676781
v -0.10899999737739563 -0.06318897008895874 -0.04228394851088524
v -0.10857590287923813 -0.06702399253845215 -0.040725938975811005
v -0.10899999737739563 -0.06318897008895874 -0.04228394851088524
v -0.10899999737739563 -0.06599199026823044 -0.040553979575634
v -0.10857590287923813 -0.06702399253845215 -0.040725938975811005
v -0.10782299935817719 -0.06227194890379906 -0.046731941401958466
v -0.10899899899959564 -0.060482971370220184 -0.04460196942090988
v -0.10899999737739563 -0.06318897008895874 -0.04228394851088524
v -0.10899999737739563 -0.06318897008895874 -0.04228394851088524
v -0.10580900311470032 -0.0652889609336853 -0.04261099919676781
v -0.10782299935817719 -0.06227194890379906 -0.046731941401958466
v -0.10782299935817719 -0.06227194890379906 -0.046731941401958466
v -0.10580900311470032 -0.0652889609336853 -0.04261099919676781
v -0.10499999672174454 -0.06401199102401733 -0.0464249812066555
v -0.10846400260925293 -0.06028997153043747 -0.04651796072721481
v -0.10890000313520432 -0.018589969724416733 -0.04119497165083885
v -0.10899899899959564 -0.060482971370220184 -0.04460196942090988
v -0.10890000313520432 -0.018589969724416733 -0.04119497165083885
v -0.10899999737739563 -0.06318897008895874 -0.04228394851088524
v -0.10899899899959564 -0.060482971370220184 -0.04460196942090988
v -0.10890000313520432 -0.018589969724416733 -0.04119497165083885
v -0.10846400260925293 -0.06028997153043747 -0.04651796072721481
v -0.10814700275659561 -0.018430940806865692 -0.04276895150542259
v -0.10846400260925293 -0.06028997153043747 -0.04651796072721481
v -0.10700000077486038 -0.060142990201711655 -0.04797399044036865
v -0.10814700275659561 -0.018430940806865692 -0.04276895150542259
v -0.10700000077486038 -0.060142990201711655 -0.04797399044036865
v -0.10675200074911118 -0.018317990005016327 -0.04388998821377754
v -0.10814700275659561 -0.018430940806865692 -0.04276895150542259
v -0.10700000077486038 -0.060142990201711655 -0.04797399044036865
v -0.10499999672174454 -0.06008898839354515 -0.04850798100233078
v -0.10675200074911118 -0.018317990005016327 -0.04388998821377754
v -0.10499999672174454 -0.06008898839354515 -0.04850798100233078
v -0.10499999672174454 -0.018278000876307487 -0.04429196938872337
v -0.10675200074911118 -0.018317990005016327 -0.04388998821377754
v -0.10782299935817719 -0.06227194890379906 -0.046731941401958466
v -0.10846400260925293 -0.06028997153043747 -0.04651796072721481
v -0.10899899899959564 -0.060482971370220184 -0.04460196942090988
v -0.10782299935817719 -0.06227194890379906 -0.046731941401958466
v -0.10700000077486038 -0.060142990201711655 -0.04797399044036865
v -0.10846400260925293 -0.06028997153043747 -0.04651796072721481
v -0.10499999672174454 -0.06008898839354515 -0.04850798100233078
v -0.10700000077486038 -0.060142990201711655 -0.04797399044036865
v -0.10499999672174454 -0.06161797046661377 -0.04836595058441162
v -0.10700000077486038 -0.060142990201711655 -0.04797399044036865
v -0.10782299935817719 -0.06227194890379906 -0.046731941401958466
v -0.10499999672174454 -0.06161797046661377 -0.04836595058441162
v -0.10782299935817719 -0.06227194890379906 -0.046731941401958466
v -0.10499999672174454 -0.06401199102401733 -0.0464249812066555
v -0.10499999672174454 -0.06161797046661377 -0.04836595058441162
v -0.10000000149011612 -0.06528996676206589 -0.042705949395895004
v -0.10000000149011612 -0.06344395130872726 -0.0472249910235405
v -0.10499999672174454 -0.06401199102401733 -0.0464249812066555
v -0.10499999672174454 -0.06161797046661377 -0.04836595058441162
v -0.10499999672174454 -0.06401199102401733 -0.0464249812066555
v -0.10000000149011612 -0.06344395130872726 -0.0472249910235405
v -0.10499999672174454 -0.06008898839354515 -0.04850798100233078
v -0.10499999672174454 -0.06161797046661377 -0.04836595058441162
v -0.09599994868040085 -0.06212395057082176 -0.04817897081375122
v -0.10499999672174454 -0.06161797046661377 -0.04836595058441162
v -0.10000000149011612 -0.06344395130872726 -0.0472249910235405
v -0.09599994868040085 -0.06212395057082176 -0.04817897081375122
v -0.10499999672174454 -0.018278000876307487 -0.04429196938872337
v -0.10499999672174454 -0.06008898839354515 -0.04850798100233078
v -0.09599994868040085 -0.044787999242544174 -0.04696499928832054
v -0.10499999672174454 -0.06008898839354515 -0.04850798100233078
v -0.09584999084472656 -0.0470239482820034 -0.04712795838713646
v -0.09599994868040085 -0.044787999242544174 -0.04696499928832054
v -0.06699097156524658 -0.02129196934401989 -0.04459594935178757
v -0.06319998949766159 -0.020697949454188347 -0.04453599080443382
v -0.10499999672174454 -0.018278000876307487 -0.04429196938872337
v -0.06319998949766159 -0.020697949454188347 -0.04453599080443382
v -0.06319998949766159 -0.018278000876307487 -0.04429196938872337
v -0.10499999672174454 -0.018278000876307487 -0.04429196938872337
v -0.10499999672174454 -0.06008898839354515 -0.04850798100233078
v -0.09599994868040085 -0.05731099098920822 -0.048227958381175995
v -0.09584999084472656 -0.0470239482820034 -0.04712795838713646
v -0.0681999921798706 -0.040197961032390594 -0.04650199040770531
v -0.09599994868040085 -0.044787999242544174 -0.04696499928832054
v -0.06649196147918701 -0.04290597885847092 -0.046774979680776596
v -0.09599994868040085 -0.044787999242544174 -0.04696499928832054
v -0.06319998949766159 -0.044787999242544174 -0.04696499928832054
v -0.06649196147918701 -0.04290597885847092 -0.046774979680776596
v -0.06319998949766159 -0.044787999242544174 -0.04696499928832054
v -0.06319998949766159 -0.04257994145154953 -0.046871960163116455
v -0.06649196147918701 -0.04290597885847092 -0.046774979680776596
v -0.09599994868040085 -0.05731099098920822 -0.048227958381175995
v -0.10499999672174454 -0.06008898839354515 -0.04850798100233078
v -0.09599994868040085 -0.057981960475444794 -0.04829496145248413
v -0.10499999672174454 -0.06008898839354515 -0.04850798100233078
v -0.09599994868040085 -0.06212395057082176 -0.04817897081375122
v -0.09599994868040085 -0.057981960475444794 -0.04829496145248413
v -0.06699097156524658 -0.02129196934401989 -0.04459594935178757
v -0.10499999672174454 -0.018278000876307487 -0.04429196938872337
v -0.0681999921798706 -0.023697970435023308 -0.04483896121382713
v -0.10499999672174454 -0.018278000876307487 -0.04429196938872337
v -0.09599994868040085 -0.044787999242544174 -0.04696499928832054
v -0.0681999921798706 -0.023697970435023308 -0.04483896121382713
v -0.09599994868040085 -0.044787999242544174 -0.04696499928832054
v -0.0681999921798706 -0.040197961032390594 -0.04650199040770531
v -0.0681999921798706 -0.023697970435023308 -0.04483896121382713
v -0.06319998949766159 -0.044787999242544174 -0.04696499928832054
v -0.09599994868040085 -0.044787999242544174 -0.04696499928832054
v -0.06319998949766159 -0.04783498868346214 -0.047771990299224854
v -0.09599994868040085 -0.044787999242544174 -0.04696499928832054
v -0.09599994868040085 -0.04783498868346214 -0.047771990299224854
v -0.06319998949766159 -0.04783498868346214 -0.047771990299224854
v -0.06269997358322144 -0.04473799094557762 -0.04746197909116745
v -0.06319998949766159 -0.044787999242544174 -0.04696499928832054
v -0.06319998949766159 -0.04783498868346214 -0.047771990299224854
v -0.06319998949766159 -0.044787999242544174 -0.04696499928832054
v -0.06269997358322144 -0.04473799094557762 -0.04746197909116745
v -0.06319998949766159 -0.04257994145154953 -0.046871960163116455
v -0.06319998949766159 -0.04004799947142601 -0.05699998140335083
v -0.06269997358322144 -0.04204796999692917 -0.05549997091293335
v -0.06269997358322144 -0.04004799947142601 -0.057500001043081284
v -0.06319998949766159 -0.04004799947142601 -0.05699998140335083
v -0.06269997358322144 -0.04004799947142601 -0.057500001043081284
v -0.06300895661115646 -0.023547939956188202 -0.05703793838620186
v -0.06319998949766159 -0.020697949454188347 -0.04453599080443382
v -0.06276696175336838 -0.016084959730505943 -0.04389994964003563
v -0.06319998949766159 -0.018278000876307487 -0.04429196938872337
v -0.06319998949766159 -0.020697949454188347 -0.04453599080443382
v -0.06273800134658813 -0.02173900045454502 -0.046028971672058105
v -0.06276696175336838 -0.016084959730505943 -0.04389994964003563
v -0.06319998949766159 -0.012750980444252491 -0.039443958550691605
v -0.06319998949766159 -0.014490960165858269 -0.04234497994184494
v -0.06269997358322144 -0.01155798975378275 -0.039204951375722885
v -0.06269997358322144 -0.01155798975378275 -0.039204951375722885
v -0.06319998949766159 -0.014490960165858269 -0.04234497994184494
v -0.06276696175336838 -0.016084959730505943 -0.04389994964003563
v -0.06319998949766159 -0.014490960165858269 -0.04234497994184494
v -0.06319998949766159 -0.016200000420212746 -0.04367696866393089
v -0.06276696175336838 -0.016084959730505943 -0.04389994964003563
v -0.06276696175336838 -0.016084959730505943 -0.04389994964003563
v -0.06319998949766159 -0.016200000420212746 -0.04367696866393089
v -0.06319998949766159 -0.018278000876307487 -0.04429196938872337
v -0.06319998949766159 -0.012750980444252491 -0.039443958550691605
v -0.06269997358322144 -0.01155798975378275 -0.039204951375722885
v -0.06319998949766159 -0.011756000109016895 -0.03874598816037178
v -0.06319998949766159 -0.011756000109016895 -0.03874598816037178
v -0.06269997358322144 -0.01155798975378275 -0.039204951375722885
v -0.06319998949766159 -0.007508993148803711 -0.03849995136260986
v -0.06269997358322144 -0.01155798975378275 -0.039204951375722885
v -0.06319998949766159 -0.005815981887280941 -0.03943495824933052
v -0.06319998949766159 -0.007508993148803711 -0.03849995136260986
v -0.06319998949766159 -0.005922973155975342 -0.04178500175476074
v -0.06319998949766159 -0.0055119991302490234 -0.04038596153259277
v -0.06319998949766159 -0.005815981887280941 -0.03943495824933052
v -0.06319998949766159 -0.005922973155975342 -0.04178500175476074
v -0.06269997358322144 -0.007843971252441406 -0.0434269905090332
v -0.06319998949766159 -0.007505952846258879 -0.04379497841000557
v -0.06319998949766159 -0.007505952846258879 -0.04379497841000557
v -0.06269997358322144 -0.007843971252441406 -0.0434269905090332
v -0.06319998949766159 -0.013252969831228256 -0.04708695039153099
v -0.09976594895124435 -0.007838964462280273 -0.04408495873212814
v -0.06319998949766159 -0.013252969831228256 -0.04708695039153099
v -0.10317900031805038 -0.011881940066814423 -0.046220000833272934
v -0.1019200012087822 -0.0053289528004825115 -0.03957897052168846
v -0.09249997138977051 -0.0055119991302490234 -0.04038596153259277
v -0.09976594895124435 -0.005922973155975342 -0.04178500175476074
v -0.06319998949766159 -0.013252969831228256 -0.04708695039153099
v -0.09976594895124435 -0.007838964462280273 -0.04408495873212814
v -0.06319998949766159 -0.007505952846258879 -0.04379497841000557
v -0.09976594895124435 -0.007838964462280273 -0.04408495873212814
v -0.06319998949766159 -0.005922973155975342 -0.04178500175476074
v -0.06319998949766159 -0.007505952846258879 -0.04379497841000557
v -0.09976594895124435 -0.007838964462280273 -0.04408495873212814
v -0.09976594895124435 -0.005922973155975342 -0.04178500175476074
v -0.06319998949766159 -0.005922973155975342 -0.04178500175476074
v -0.09976594895124435 -0.005922973155975342 -0.04178500175476074
v -0.09249997138977051 -0.0055119991302490234 -0.04038596153259277
v -0.06319998949766159 -0.005922973155975342 -0.04178500175476074
v -0.1019200012087822 -0.0053289528004825115 -0.03957897052168846
v -0.09680098295211792 -0.004845975898206234 -0.037651948630809784
v -0.09249997138977051 -0.0055119991302490234 -0.04038596153259277
v -0.09680098295211792 -0.004845975898206234 -0.037651948630809784
v -0.09249997138977051 -0.00631898595020175 -0.03889298066496849
v -0.09249997138977051 -0.0055119991302490234 -0.04038596153259277
v -0.09680098295211792 -0.004845975898206234 -0.037651948630809784
v -0.09560196846723557 -0.006255983840674162 -0.036766938865184784
v -0.09249997138977051 -0.00631898595020175 -0.03889298066496849
v -0.06319998949766159 -0.0055119991302490234 -0.04038596153259277
v -0.06319998949766159 -0.005922973155975342 -0.04178500175476074
v -0.09249997138977051 -0.0055119991302490234 -0.04038596153259277
v -0.09249997138977051 -0.0055119991302490234 -0.04038596153259277
v -0.06319998949766159 -0.005815981887280941 -0.03943495824933052
v -0.06319998949766159 -0.0055119991302490234 -0.04038596153259277
v -0.09249997138977051 -0.0055119991302490234 -0.04038596153259277
v -0.09249997138977051 -0.00631898595020175 -0.03889298066496849
v -0.06319998949766159 -0.005815981887280941 -0.03943495824933052
v -0.09249997138977051 -0.00631898595020175 -0.03889298066496849
v -0.06319998949766159 -0.007508993148803711 -0.03849995136260986
v -0.06319998949766159 -0.005815981887280941 -0.03943495824933052
v -0.06319998949766159 -0.007508993148803711 -0.03849995136260986
v -0.09249997138977051 -0.00631898595020175 -0.03889298066496849
v -0.09249997138977051 -0.007508993148803711 -0.03849995136260986
v -0.09249997138977051 -0.007508993148803711 -0.03849995136260986
v -0.09249997138977051 -0.010565989650785923 -0.03849995136260986
v -0.06319998949766159 -0.007508993148803711 -0.03849995136260986
v -0.09249997138977051 -0.010565989650785923 -0.03849995136260986
v -0.06319998949766159 -0.011756000109016895 -0.03874598816037178
v -0.06319998949766159 -0.007508993148803711 -0.03849995136260986
v -0.06319998949766159 -0.012750980444252491 -0.039443958550691605
v -0.06319998949766159 -0.011756000109016895 -0.03874598816037178
v -0.09249997138977051 -0.012750980444252491 -0.039443958550691605
v -0.06319998949766159 -0.011756000109016895 -0.03874598816037178
v -0.09249997138977051 -0.010565989650785923 -0.03849995136260986
v -0.09249997138977051 -0.012750980444252491 -0.039443958550691605
v -0.09249997138977051 -0.012750980444252491 -0.039443958550691605
v -0.09249997138977051 -0.010565989650785923 -0.03849995136260986
v -0.0947830006480217 -0.010886959731578827 -0.03776394948363304
v -0.09249997138977051 -0.012750980444252491 -0.039443958550691605
v -0.0947830006480217 -0.010886959731578827 -0.03776394948363304
v -0.09706895798444748 -0.01283997017890215 -0.03791898116469383
v -0.09706895798444748 -0.01283997017890215 -0.03791898116469383
v -0.0947830006480217 -0.010886959731578827 -0.03776394948363304
v -0.09775000065565109 -0.013042979873716831 -0.03123294934630394
v -0.09775000065565109 -0.013042979873716831 -0.03123294934630394
v -0.09615796059370041 -0.011187969706952572 -0.035718970000743866
v -0.09584199637174606 -0.01293294969946146 -0.030725950375199318
v -0.09615796059370041 -0.011187969706952572 -0.035718970000743866
v -0.09551995247602463 -0.010744979605078697 -0.03306996077299118
v -0.09584199637174606 -0.01293294969946146 -0.030725950375199318
v -0.09249997138977051 -0.010333949699997902 -0.03149997815489769
v -0.09249997138977051 -0.01166194025427103 -0.031189970672130585
v -0.09464699029922485 -0.010843990370631218 -0.03212999925017357
v -0.09249997138977051 -0.01271498017013073 -0.030324989929795265
v -0.09464699029922485 -0.010843990370631218 -0.03212999925017357
v -0.09249997138977051 -0.01166194025427103 -0.031189970672130585
v -0.09551995247602463 -0.010744979605078697 -0.03306996077299118
v -0.09464699029922485 -0.010843990370631218 -0.03212999925017357
v -0.09584199637174606 -0.01293294969946146 -0.030725950375199318
v -0.09584199637174606 -0.01293294969946146 -0.030725950375199318
v -0.09464699029922485 -0.010843990370631218 -0.03212999925017357
v -0.09249997138977051 -0.01271498017013073 -0.030324989929795265
v -0.10499999672174454 -0.013255950063467026 -0.029190950095653534
v -0.10499999672174454 -0.013039940036833286 -0.03849995136260986
v -0.09775000065565109 -0.013042979873716831 -0.03123294934630394
v -0.10499999672174454 -0.013039940036833286 -0.03849995136260986
v -0.09706895798444748 -0.01283997017890215 -0.03791898116469383
v -0.09775000065565109 -0.013042979873716831 -0.03123294934630394
v -0.10499999672174454 -0.013255950063467026 -0.029190950095653534
v -0.10675200074911118 -0.013443940319120884 -0.03849995136260986
v -0.10499999672174454 -0.013039940036833286 -0.03849995136260986
v -0.10499999672174454 -0.013255950063467026 -0.029190950095653534
v -0.10700000077486038 -0.013575970195233822 -0.03149997815489769
v -0.10675200074911118 -0.013443940319120884 -0.03849995136260986
v -0.10700000077486038 -0.013575970195233822 -0.03149997815489769
v -0.10814700275659561 -0.014857940375804901 -0.040041979402303696
v -0.10675200074911118 -0.013443940319120884 -0.03849995136260986
v -0.10700000077486038 -0.013575970195233822 -0.03149997815489769
v -0.10846400260925293 -0.015220990404486656 -0.029560979455709457
v -0.10814700275659561 -0.014857940375804901 -0.040041979402303696
v -0.10846400260925293 -0.015220990404486656 -0.029560979455709457
v -0.10869599878787994 -0.015508940443396568 -0.03849995136260986
v -0.10814700275659561 -0.014857940375804901 -0.040041979402303696
v -0.10846400260925293 -0.015220990404486656 -0.029560979455709457
v -0.10899999737739563 -0.01718699000775814 -0.029931960627436638
v -0.10869599878787994 -0.015508940443396568 -0.03849995136260986
v -0.10846400260925293 -0.015220990404486656 -0.029560979455709457
v -0.10846400260925293 -0.016801949590444565 -0.02569299004971981
v -0.10899999737739563 -0.01718699000775814 -0.029931960627436638
v -0.10846400260925293 -0.016801949590444565 -0.02569299004971981
v -0.10899999737739563 -0.020865969359874725 -0.02442597970366478
v -0.10899999737739563 -0.01718699000775814 -0.029931960627436638
v -0.10846400260925293 -0.016801949590444565 -0.02569299004971981
v -0.10846400260925293 -0.019770970568060875 -0.022751979529857635
v -0.10899999737739563 -0.020865969359874725 -0.02442597970366478
v -0.10846400260925293 -0.019770970568060875 -0.022751979529857635
v -0.10700000077486038 -0.017232950776815414 -0.022909989580512047
v -0.10700000077486038 -0.018969949334859848 -0.021526990458369255
v -0.10846400260925293 -0.019770970568060875 -0.022751979529857635
v -0.10846400260925293 -0.016801949590444565 -0.02569299004971981
v -0.10700000077486038 -0.017232950776815414 -0.022909989580512047
v -0.10846400260925293 -0.016801949590444565 -0.02569299004971981
v -0.10700000077486038 -0.014395950362086296 -0.02715693973004818
v -0.10700000077486038 -0.017232950776815414 -0.022909989580512047
v -0.10846400260925293 -0.016801949590444565 -0.02569299004971981
v -0.10846400260925293 -0.015220990404486656 -0.029560979455709457
v -0.10700000077486038 -0.014395950362086296 -0.02715693973004818
v -0.10846400260925293 -0.015220990404486656 -0.029560979455709457
v -0.10700000077486038 -0.013575970195233822 -0.03149997815489769
v -0.10700000077486038 -0.014395950362086296 -0.02715693973004818
v -0.10499999672174454 -0.013255950063467026 -0.029190950095653534
v -0.10700000077486038 -0.014395950362086296 -0.02715693973004818
v -0.10700000077486038 -0.013575970195233822 -0.03149997815489769
v -0.10499999672174454 -0.013255950063467026 -0.029190950095653534
v -0.10499999672174454 -0.013896999880671501 -0.026960959658026695
v -0.10700000077486038 -0.014395950362086296 -0.02715693973004818
v -0.10499999672174454 -0.013896999880671501 -0.026960959658026695
v -0.10499999672174454 -0.015138980001211166 -0.02458195947110653
v -0.10700000077486038 -0.014395950362086296 -0.02715693973004818
v -0.10499999672174454 -0.015138980001211166 -0.02458195947110653
v -0.10700000077486038 -0.017232950776815414 -0.022909989580512047
v -0.10700000077486038 -0.014395950362086296 -0.02715693973004818
v -0.10499999672174454 -0.015138980001211166 -0.02458195947110653
v -0.10499999672174454 -0.016861969605088234 -0.022522980347275734
v -0.10700000077486038 -0.017232950776815414 -0.022909989580512047
v -0.10499999672174454 -0.016861969605088234 -0.022522980347275734
v -0.10499999672174454 -0.01867597922682762 -0.02107900008559227
v -0.10700000077486038 -0.017232950776815414 -0.022909989580512047
v -0.10499999672174454 -0.01867597922682762 -0.02107900008559227
v -0.10700000077486038 -0.018969949334859848 -0.021526990458369255
v -0.10700000077486038 -0.017232950776815414 -0.022909989580512047
v -0.1063809022307396 -0.02785198949277401 -0.017259949818253517
v -0.10700000077486038 -0.018969949334859848 -0.021526990458369255
v -0.10499999672174454 -0.01867597922682762 -0.02107900008559227
v -0.1063809022307396 -0.02785198949277401 -0.017259949818253517
v -0.1084349974989891 -0.02829200029373169 -0.018881969153881073
v -0.10700000077486038 -0.018969949334859848 -0.021526990458369255
v -0.1084349974989891 -0.02829200029373169 -0.018881969153881073
v -0.10846400260925293 -0.019770970568060875 -0.022751979529857635
v -0.10700000077486038 -0.018969949334859848 -0.021526990458369255
v -0.1084349974989891 -0.02829200029373169 -0.018881969153881073
v -0.10899999737739563 -0.029007969424128532 -0.02013695053756237
v -0.10846400260925293 -0.019770970568060875 -0.022751979529857635
v -0.10899999737739563 -0.029007969424128532 -0.02013695053756237
v -0.10899999737739563 -0.020865969359874725 -0.02442597970366478
v -0.10846400260925293 -0.019770970568060875 -0.022751979529857635
v -0.10899999737739563 -0.030622949823737144 -0.014851979911327362
v -0.10499999672174454 -0.03017299994826317 -0.013825950212776661
v -0.10899999737739563 -0.030261989682912827 -0.011814950034022331
v -0.1063809022307396 -0.02785198949277401 -0.017259949818253517
v -0.10499999672174454 -0.029115969315171242 -0.01592295989394188
v -0.1084349974989891 -0.02829200029373169 -0.018881969153881073
v -0.10499999672174454 -0.029115969315171242 -0.01592295989394188
v -0.10899999737739563 -0.030622949823737144 -0.014851979911327362
v -0.1084349974989891 -0.02829200029373169 -0.018881969153881073
v -0.10499999672174454 -0.029115969315171242 -0.01592295989394188
v -0.10499999672174454 -0.03017299994826317 -0.013825950212776661
v -0.10899999737739563 -0.030622949823737144 -0.014851979911327362
v -0.10899999737739563 -0.029007969424128532 -0.02013695053756237
v -0.1084349974989891 -0.02829200029373169 -0.018881969153881073
v -0.10899999737739563 -0.030622949823737144 -0.014851979911327362
v -0.09599994868040085 -0.022557970136404037 -0.004906951915472746
v -0.10899999737739563 -0.021230990067124367 -0.004745959769934416
v -0.10899999737739563 -0.023660950362682343 -0.0051819682121276855
v -0.09599994868040085 -0.022557970136404037 -0.004906951915472746
v -0.09599994868040085 -0.01794796995818615 -0.005038976203650236
v -0.10899999737739563 -0.021230990067124367 -0.004745959769934416
v -0.10899999737739563 -0.021230990067124367 -0.004745959769934416
v -0.09599994868040085 -0.01794796995818615 -0.005038976203650236
v -0.1087379977107048 -0.015702959150075912 -0.005529998801648617
v -0.10899999737739563 -0.023660950362682343 -0.0051819682121276855
v -0.09599994868040085 -0.02778499945998192 -0.007678985130041838
v -0.09599994868040085 -0.022557970136404037 -0.004906951915472746
v -0.10899999737739563 -0.023660950362682343 -0.0051819682121276855
v -0.10899999737739563 -0.02778499945998192 -0.007678985130041838
v -0.09599994868040085 -0.02778499945998192 -0.007678985130041838
v -0.10899999737739563 -0.02778499945998192 -0.007678985130041838
v -0.10899999737739563 -0.030261989682912827 -0.011814950034022331
v -0.09599994868040085 -0.02778499945998192 -0.007678985130041838
v -0.10899999737739563 -0.030261989682912827 -0.011814950034022331
v -0.09599994868040085 -0.03016597032546997 -0.011517999693751335
v -0.09599994868040085 -0.02778499945998192 -0.007678985130041838
v -0.1096000000834465 -0.02844798006117344 0.00686597777530551
v -0.10899999737739563 -0.02735893987119198 0.0024649500846862793
v -0.10937999933958054 -0.02586895041167736 0.00004099999932805076
v -0.10899999737739563 -0.02735893987119198 0.0024649500846862793
v -0.10899999737739563 -0.024554960429668427 -0.002481997013092041
v -0.10937999933958054 -0.02586895041167736 0.00004099999932805076
v -0.10937999933958054 -0.02586895041167736 0.00004099999932805076
v -0.10899999737739563 -0.024554960429668427 -0.002481997013092041
v -0.11003799736499786 -0.022924000397324562 -0.0033809540327638388
v -0.10899999737739563 -0.024554960429668427 -0.002481997013092041
v -0.10899999737739563 -0.021230990067124367 -0.004745959769934416
v -0.11003799736499786 -0.022924000397324562 -0.0033809540327638388
v -0.10000000149011612 -0.10364300012588501 -0.020977970212697983
v -0.10849999636411667 -0.09900099039077759 -0.02720694988965988
v -0.10747700184583664 -0.10446400195360184 -0.019979950040578842
v -0.10849999636411667 -0.09900099039077759 -0.02720694988965988
v -0.10849999636411667 -0.10170599818229675 -0.02388595975935459
v -0.10747700184583664 -0.10446400195360184 -0.019979950040578842
v -0.10849999636411667 -0.10170599818229675 -0.02388595975935459
v -0.10899999737739563 -0.10485599935054779 -0.018777960911393166
v -0.10747700184583664 -0.10446400195360184 -0.019979950040578842
v -0.10000000149011612 -0.06706696003675461 -0.04109596833586693
v -0.10857590287923813 -0.06702399253845215 -0.040725938975811005
v -0.10000000149011612 -0.07701896876096725 -0.039698000997304916
v -0.10857590287923813 -0.06702399253845215 -0.040725938975811005
v -0.10849999636411667 -0.07290797680616379 -0.040310971438884735
v -0.10000000149011612 -0.07701896876096725 -0.039698000997304916
v -0.10000000149011612 -0.10364300012588501 -0.020977970212697983
v -0.10000000149011612 -0.09900099039077759 -0.02720694988965988
v -0.10849999636411667 -0.09900099039077759 -0.02720694988965988
v -0.10000000149011612 -0.09900099039077759 -0.02720694988965988
v -0.10849999636411667 -0.09595900028944016 -0.030222950503230095
v -0.10849999636411667 -0.09900099039077759 -0.02720694988965988
v -0.10000000149011612 -0.09900099039077759 -0.02720694988965988
v -0.10000000149011612 -0.092616967856884 -0.03290098160505295
v -0.10849999636411667 -0.09595900028944016 -0.030222950503230095
v -0.10000000149011612 -0.092616967856884 -0.03290098160505295
v -0.10849999636411667 -0.092616967856884 -0.03290098160505295
v -0.10849999636411667 -0.09595900028944016 -0.030222950503230095
v -0.10000000149011612 -0.092616967856884 -0.03290098160505295
v -0.10000000149011612 -0.08517897129058838 -0.03712797164916992
v -0.10849999636411667 -0.092616967856884 -0.03290098160505295
v -0.10849999636411667 -0.092616967856884 -0.03290098160505295
v -0.10000000149011612 -0.08517897129058838 -0.03712797164916992
v -0.10849999636411667 -0.08901000022888184 -0.03521198034286499
v -0.10000000149011612 -0.08517897129058838 -0.03712797164916992
v -0.10849999636411667 -0.08517897129058838 -0.03712797164916992
v -0.10849999636411667 -0.08901000022888184 -0.03521198034286499
v -0.10000000149011612 -0.08517897129058838 -0.03712797164916992
v -0.10000000149011612 -0.07701896876096725 -0.039698000997304916
v -0.10849999636411667 -0.08517897129058838 -0.03712797164916992
v -0.10000000149011612 -0.07701896876096725 -0.039698000997304916
v -0.10849999636411667 -0.08116698265075684 -0.038628991693258286
v -0.10849999636411667 -0.08517897129058838 -0.03712797164916992
v -0.10000000149011612 -0.07701896876096725 -0.039698000997304916
v -0.10849999636411667 -0.07290797680616379 -0.040310971438884735
v -0.10849999636411667 -0.08116698265075684 -0.038628991693258286
v -0.10841800272464752 -0.10502299666404724 0.018975969403982162
v -0.09599994868040085 -0.09938400238752365 0.026777980849146843
v -0.09599994868040085 -0.10483700037002563 0.01944993995130062
v -0.09599994868040085 -0.09938400238752365 0.026777980849146843
v -0.10841800272464752 -0.10502299666404724 0.018975969403982162
v -0.10849999636411667 -0.09945297241210938 0.026698939502239227
v -0.10849999636411667 -0.10170599818229675 -0.02388595975935459
v -0.10899999737739563 -0.09863001108169556 -0.026870960369706154
v -0.10899999737739563 -0.10485599935054779 -0.018777960911393166
v -0.10849999636411667 -0.10170599818229675 -0.02388595975935459
v -0.10849999636411667 -0.09900099039077759 -0.02720694988965988
v -0.10899999737739563 -0.09863001108169556 -0.026870960369706154
v -0.10849999636411667 -0.09900099039077759 -0.02720694988965988
v -0.10849999636411667 -0.09595900028944016 -0.030222950503230095
v -0.10899999737739563 -0.09863001108169556 -0.026870960369706154
v -0.10849999636411667 -0.09595900028944016 -0.030222950503230095
v -0.10899999737739563 -0.09232497215270996 -0.032494958490133286
v -0.10899999737739563 -0.09863001108169556 -0.026870960369706154
v -0.10849999636411667 -0.09595900028944016 -0.030222950503230095
v -0.10849999636411667 -0.092616967856884 -0.03290098160505295
v -0.10899999737739563 -0.09232497215270996 -0.032494958490133286
v -0.10849999636411667 -0.092616967856884 -0.03290098160505295
v -0.10849999636411667 -0.08901000022888184 -0.03521198034286499
v -0.10899999737739563 -0.09232497215270996 -0.032494958490133286
v -0.10849999636411667 -0.08901000022888184 -0.03521198034286499
v -0.10899999737739563 -0.08497899025678635 -0.036669958382844925
v -0.10899999737739563 -0.09232497215270996 -0.032494958490133286
v -0.10899999737739563 -0.07691997289657593 -0.03920799121260643
v -0.10899999737739563 -0.08497899025678635 -0.036669958382844925
v -0.10849999636411667 -0.08116698265075684 -0.038628991693258286
v -0.10899999737739563 -0.08497899025678635 -0.036669958382844925
v -0.10849999636411667 -0.08517897129058838 -0.03712797164916992
v -0.10849999636411667 -0.08116698265075684 -0.038628991693258286
v -0.10899999737739563 -0.08497899025678635 -0.036669958382844925
v -0.10849999636411667 -0.08901000022888184 -0.03521198034286499
v -0.10849999636411667 -0.08517897129058838 -0.03712797164916992
v -0.10857590287923813 -0.06702399253845215 -0.040725938975811005
v -0.10899999737739563 -0.07691997289657593 -0.03920799121260643
v -0.10849999636411667 -0.07290797680616379 -0.040310971438884735
v -0.10899999737739563 -0.07691997289657593 -0.03920799121260643
v -0.10849999636411667 -0.08116698265075684 -0.038628991693258286
v -0.10849999636411667 -0.07290797680616379 -0.040310971438884735
v -0.10899999737739563 -0.1078760027885437 -0.016825970262289047
v -0.10820399969816208 -0.10881400108337402 -0.018273940309882164
v -0.10899999737739563 -0.10485599935054779 -0.018777960911393166
v -0.10899999737739563 -0.1078760027885437 -0.016825970262289047
v -0.10899999737739563 -0.11118900030851364 -0.003808974986895919
v -0.10835099965333939 -0.11082500219345093 -0.013214940205216408
v -0.10899999737739563 -0.11118900030851364 -0.003808974986895919
v -0.10835099965333939 -0.11286000162363052 -0.0004879999905824661
v -0.10835099965333939 -0.11082500219345093 -0.013214940205216408
v -0.10899999737739563 -0.10383590310811996 0.019658980891108513
v -0.10841800272464752 -0.10502299666404724 0.018975969403982162
v -0.10899999737739563 -0.10524199903011322 0.01810096949338913
v -0.10820399969816208 -0.1091269999742508 0.01757699064910412
v -0.10899999737739563 -0.1081639975309372 0.016144990921020508
v -0.10899999737739563 -0.10524199903011322 0.01810096949338913
v -0.09599994868040085 -0.10483700037002563 0.01944993995130062
v -0.09599994868040085 -0.10597199946641922 0.01894599013030529
v -0.10841800272464752 -0.10502299666404724 0.018975969403982162
v -0.09599994868040085 -0.10858699679374695 0.018909990787506104
v -0.09599994868040085 -0.11060299724340439 0.017150990664958954
v -0.10599999874830246 -0.10858699679374695 0.018909990787506104
v -0.09599994868040085 -0.11060299724340439 0.017150990664958954
v -0.10599999874830246 -0.11060299724340439 0.017150990664958954
v -0.10599999874830246 -0.10858699679374695 0.018909990787506104
v -0.09599994868040085 -0.10597199946641922 0.01894599013030529
v -0.09599994868040085 -0.10858699679374695 0.018909990787506104
v -0.10841800272464752 -0.10502299666404724 0.018975969403982162
v -0.09599994868040085 -0.10858699679374695 0.018909990787506104
v -0.10599999874830246 -0.10858699679374695 0.018909990787506104
v -0.10841800272464752 -0.10502299666404724 0.018975969403982162
v -0.10592599958181381 -0.1140659973025322 -0.0033809540327638388
v -0.09599994868040085 -0.11335399746894836 0.007594943046569824
v -0.09599994868040085 -0.11424899846315384 -0.0031339519191533327
v -0.09599994868040085 -0.11335399746894836 0.007594943046569824
v -0.10599999874830246 -0.11335399746894836 0.007594943046569824
v -0.10599999874830246 -0.11219999939203262 0.012598990462720394
v -0.09599994868040085 -0.11335399746894836 0.007594943046569824
v -0.10592599958181381 -0.1140659973025322 -0.0033809540327638388
v -0.10599999874830246 -0.11335399746894836 0.007594943046569824
v -0.09599994868040085 -0.11060299724340439 0.017150990664958954
v -0.09599994868040085 -0.11232200264930725 0.012174960225820541
v -0.10599999874830246 -0.11060299724340439 0.017150990664958954
v -0.09599994868040085 -0.11232200264930725 0.012174960225820541
v -0.10599999874830246 -0.11219999939203262 0.012598990462720394
v -0.10599999874830246 -0.11060299724340439 0.017150990664958954
v -0.09599994868040085 -0.11232200264930725 0.012174960225820541
v -0.09599994868040085 -0.11335399746894836 0.007594943046569824
v -0.10599999874830246 -0.11219999939203262 0.012598990462720394
v -0.10599999874830246 -0.11029800027608871 -0.01787400059401989
v -0.09599994868040085 -0.11185000091791153 -0.013742979615926743
v -0.09599994868040085 -0.11029800027608871 -0.01787400059401989
v -0.09599994868040085 -0.11185000091791153 -0.013742979615926743
v -0.10599999874830246 -0.11029800027608871 -0.01787400059401989
v -0.10599999874830246 -0.1119920015335083 -0.013291950337588787
v -0.09599994868040085 -0.11424899846315384 -0.0031339519191533327
v -0.09599994868040085 -0.11514200270175934 -0.004239975940436125
v -0.10592599958181381 -0.1140659973025322 -0.0033809540327638388
v -0.10592599958181381 -0.1140659973025322 -0.0033809540327638388
v -0.09599994868040085 -0.11514200270175934 -0.004239975940436125
v -0.10504200309515 -0.11513599753379822 -0.004556952975690365
v -0.09599994868040085 -0.11514200270175934 -0.004239975940436125
v -0.10498300194740295 -0.11740490049123764 -0.005289970897138119
v -0.10504200309515 -0.11513599753379822 -0.004556952975690365
v -0.09599994868040085 -0.11514200270175934 -0.004239975940436125
v -0.09599994868040085 -0.11644300073385239 -0.004811942111700773
v -0.10498300194740295 -0.11740490049123764 -0.005289970897138119
v -0.09599994868040085 -0.11644300073385239 -0.004811942111700773
v -0.09599994868040085 -0.12059400230646133 -0.005150972865521908
v -0.10498300194740295 -0.11740490049123764 -0.005289970897138119
v -0.0995129868388176 -0.11812900006771088 -0.01638096012175083
v -0.09599994868040085 -0.11780299991369247 -0.017952969297766685
v -0.09599994868040085 -0.11924400180578232 -0.012805989943444729
v -0.0995129868388176 -0.11812900006771088 -0.01638096012175083
v -0.0995129868388176 -0.11515799909830093 -0.023482970893383026
v -0.09599994868040085 -0.11780299991369247 -0.017952969297766685
v -0.09599994868040085 -0.11780299991369247 -0.017952969297766685
v -0.0995129868388176 -0.11515799909830093 -0.023482970893383026
v -0.09599994868040085 -0.11590500175952911 -0.022447999566793442
v -0.0995129868388176 -0.11515799909830093 -0.023482970893383026
v -0.0995129868388176 -0.11116699874401093 -0.03006500005722046
v -0.09599994868040085 -0.11590500175952911 -0.022447999566793442
v -0.0995129868388176 -0.11116699874401093 -0.03006500005722046
v -0.09599994868040085 -0.11089000105857849 -0.030808979645371437
v -0.09599994868040085 -0.11590500175952911 -0.022447999566793442
v -0.09989999979734421 -0.11781100183725357 0.009469985030591488
v -0.09989999979734421 -0.11920399963855743 0.00756299402564764
v -0.09599994868040085 -0.11852200329303741 0.009233950637280941
v -0.09989999979734421 -0.11920399963855743 0.00756299402564764
v -0.09599994868040085 -0.11907699704170227 0.007885991595685482
v -0.09599994868040085 -0.11852200329303741 0.009233950637280941
v -0.09989999979734421 -0.11920399963855743 0.00756299402564764
v -0.09599994868040085 -0.12002400308847427 0.00530999805778265
v -0.09599994868040085 -0.11907699704170227 0.007885991595685482
v -0.09989999979734421 -0.11920399963855743 0.00756299402564764
v -0.09599994868040085 -0.12077300250530243 0.002827941905707121
v -0.09599994868040085 -0.12002400308847427 0.00530999805778265
v -0.09989999979734421 -0.11580800265073776 0.014730979688465595
v -0.10347499698400497 -0.11269500106573105 0.019403990358114243
v -0.10494600236415863 -0.11525200307369232 0.014426940120756626
v -0.09599994868040085 -0.10813199728727341 0.025235949084162712
v -0.09579998254776001 -0.10588999837636948 0.02756994031369686
v -0.10199990123510361 -0.10901500284671783 0.024262959137558937
v -0.09579998254776001 -0.10588999837636948 0.02756994031369686
v -0.10199990123510361 -0.10596899688243866 0.027440959587693214
v -0.10199990123510361 -0.10901500284671783 0.024262959137558937
v -0.09599994868040085 -0.11674799770116806 0.01299296971410513
v -0.09599994868040085 -0.1119529977440834 0.02064996026456356
v -0.09989999979734421 -0.11675699800252914 0.012977000325918198
v -0.09989999979734421 -0.11675699800252914 0.012977000325918198
v -0.09599994868040085 -0.1119529977440834 0.02064996026456356
v -0.09989999979734421 -0.11580800265073776 0.014730979688465595
v -0.09599994868040085 -0.1119529977440834 0.02064996026456356
v -0.10347499698400497 -0.11269500106573105 0.019403990358114243
v -0.09989999979734421 -0.11580800265073776 0.014730979688465595
v -0.09599994868040085 -0.1119529977440834 0.02064996026456356
v -0.09599994868040085 -0.10990200191736221 0.023234959691762924
v -0.10347499698400497 -0.11269500106573105 0.019403990358114243
v -0.09599994868040085 -0.10990200191736221 0.023234959691762924
v -0.10199990123510361 -0.10901500284671783 0.024262959137558937
v -0.10347499698400497 -0.11269500106573105 0.019403990358114243
v -0.09599994868040085 -0.10990200191736221 0.023234959691762924
v -0.09569995850324631 -0.10854200273752213 0.024823959916830063
v -0.10199990123510361 -0.10901500284671783 0.024262959137558937
v -0.09569995850324631 -0.10854200273752213 0.024823959916830063
v -0.09599994868040085 -0.10813199728727341 0.025235949084162712
v -0.10199990123510361 -0.10901500284671783 0.024262959137558937
v -0.10494600236415863 -0.11525200307369232 0.014426940120756626
v -0.1033099964261055 -0.11565399914979935 0.01371300034224987
v -0.09989999979734421 -0.11580800265073776 0.014730979688465595
v -0.10494600236415863 -0.11525200307369232 0.014426940120756626
v -0.10945600271224976 -0.11306100338697433 0.010524979792535305
v -0.1033099964261055 -0.11565399914979935 0.01371300034224987
v -0.10494600236415863 -0.11525200307369232 0.014426940120756626
v -0.10818900167942047 -0.11372599750757217 0.01304094959050417
v -0.10945600271224976 -0.11306100338697433 0.010524979792535305
v -0.10818900167942047 -0.11372599750757217 0.01304094959050417
v -0.1099110022187233 -0.10845199972391129 0.01872098073363304
v -0.10945600271224976 -0.11306100338697433 0.010524979792535305
v -0.11015000194311142 -0.10868100076913834 0.01606094092130661
v -0.10945600271224976 -0.11306100338697433 0.010524979792535305
v -0.1099110022187233 -0.10845199972391129 0.01872098073363304
v -0.11015000194311142 -0.10868100076913834 0.01606094092130661
v -0.10928700119256973 -0.11389899998903275 0.007984994910657406
v -0.10945600271224976 -0.11306100338697433 0.010524979792535305
v -0.11015000194311142 -0.10868100076913834 0.01606094092130661
v -0.10981199890375137 -0.11343000084161758 -0.0030999770388007164
v -0.10928700119256973 -0.11389899998903275 0.007984994910657406
v -0.11015000194311142 -0.10868100076913834 0.01606094092130661
v -0.11009500175714493 -0.11140900105237961 -0.010130999609827995
v -0.10981199890375137 -0.11343000084161758 -0.0030999770388007164
v -0.10981199890375137 -0.11343000084161758 -0.0030999770388007164
v -0.11009500175714493 -0.11140900105237961 -0.010130999609827995
v -0.10842300206422806 -0.11503899842500687 -0.007955968379974365
v -0.10981199890375137 -0.11343000084161758 -0.0030999770388007164
v -0.10883200168609619 -0.1152070015668869 -0.0011219970183447003
v -0.10928700119256973 -0.11389899998903275 0.007984994910657406
v -0.10842300206422806 -0.11503899842500687 -0.007955968379974365
v -0.11009500175714493 -0.11140900105237961 -0.010130999609827995
v -0.11072590202093124 -0.10983899980783463 -0.013616969808936119
v -0.11072590202093124 -0.10983899980783463 -0.013616969808936119
v -0.11009500175714493 -0.11140900105237961 -0.010130999609827995
v -0.11155500262975693 -0.10771699994802475 -0.011014989577233791
v -0.11027900129556656 -0.10437890142202377 -0.0009619999909773469
v -0.11155500262975693 -0.10771699994802475 -0.011014989577233791
v -0.11009500175714493 -0.11140900105237961 -0.010130999609827995
v -0.11009500175714493 -0.11140900105237961 -0.010130999609827995
v -0.10999999940395355 -0.10549300163984299 0.002718985080718994
v -0.11027900129556656 -0.10437890142202377 -0.0009619999909773469
v -0.11027900129556656 -0.10437890142202377 -0.0009619999909773469
v -0.11199799925088882 -0.1048090010881424 -0.010279949754476547
v -0.11155500262975693 -0.10771699994802475 -0.011014989577233791
v -0.1117670014500618 -0.10085300356149673 0.00676196813583374
v -0.11027900129556656 -0.10437890142202377 -0.0009619999909773469
v -0.11027900129556656 -0.1038070023059845 0.0061759939417243
v -0.1117670014500618 -0.10085300356149673 0.00676196813583374
v -0.1120000034570694 -0.1018579974770546 -0.006392954848706722
v -0.11027900129556656 -0.10437890142202377 -0.0009619999909773469
v -0.1120000034570694 -0.1018579974770546 -0.006392954848706722
v -0.11199799925088882 -0.1048090010881424 -0.010279949754476547
v -0.11027900129556656 -0.10437890142202377 -0.0009619999909773469
v -0.11027900129556656 -0.1038070023059845 0.0061759939417243
v -0.10999999940395355 -0.10549300163984299 0.002718985080718994
v -0.11015000194311142 -0.10868100076913834 0.01606094092130661
v -0.11027900129556656 -0.1038070023059845 0.0061759939417243
v -0.11027900129556656 -0.10437890142202377 -0.0009619999909773469
v -0.10999999940395355 -0.10549300163984299 0.002718985080718994
v -0.1117670014500618 -0.10085300356149673 0.00676196813583374
v -0.11027900129556656 -0.1038070023059845 0.0061759939417243
v -0.11137700080871582 -0.10596399754285812 0.016882000491023064
v -0.1120000034570694 -0.10057300329208374 0.011444980278611183
v -0.11137700080871582 -0.10596399754285812 0.016882000491023064
v -0.11198300123214722 -0.10318700224161148 0.015926949679851532
v -0.11137700080871582 -0.10596399754285812 0.016882000491023064
v -0.1120000034570694 -0.10057300329208374 0.011444980278611183
v -0.1117670014500618 -0.10085300356149673 0.00676196813583374
v -0.1120000034570694 -0.10057300329208374 0.011444980278611183
v -0.1120000034570694 -0.09917598217725754 0.0023789999540895224
v -0.1117670014500618 -0.10085300356149673 0.00676196813583374
v -0.1120000034570694 -0.09917598217725754 0.0023789999540895224
v -0.1120000034570694 -0.1018579974770546 -0.006392954848706722
v -0.1117670014500618 -0.10085300356149673 0.00676196813583374
v -0.10928700119256973 -0.11389899998903275 0.007984994910657406
v -0.10868600010871887 -0.11376199871301651 0.008979976177215576
v -0.10945600271224976 -0.11306100338697433 0.010524979792535305
v -0.10928700119256973 -0.11389899998903275 0.007984994910657406
v -0.10784199833869934 -0.11555899679660797 0.007361948024481535
v -0.10868600010871887 -0.11376199871301651 0.008979976177215576
v -0.10586400330066681 -0.11785800009965897 0.004873991012573242
v -0.10784199833869934 -0.11555899679660797 0.007361948024481535
v -0.10928700119256973 -0.11389899998903275 0.007984994910657406
v -0.10586400330066681 -0.11785800009965897 0.004873991012573242
v -0.10443399846553802 -0.11836899816989899 0.006875990889966488
v -0.10784199833869934 -0.11555899679660797 0.007361948024481535
v -0.1033099964261055 -0.11565399914979935 0.01371300034224987
v -0.10019990056753159 -0.11368700116872787 0.01187795028090477
v -0.09989999979734421 -0.11580800265073776 0.014730979688465595
v -0.1033099964261055 -0.11565399914979935 0.01371300034224987
v -0.10945600271224976 -0.11306100338697433 0.010524979792535305
v -0.10019990056753159 -0.11368700116872787 0.01187795028090477
v -0.10945600271224976 -0.11306100338697433 0.010524979792535305
v -0.10019990056753159 -0.11363600194454193 0.009219943545758724
v -0.10019990056753159 -0.11368700116872787 0.01187795028090477
v -0.10945600271224976 -0.11306100338697433 0.010524979792535305
v -0.10868600010871887 -0.11376199871301651 0.008979976177215576
v -0.10019990056753159 -0.11363600194454193 0.009219943545758724
v -0.10019990056753159 -0.11571700125932693 0.007564960978925228
v -0.10019990056753159 -0.11363600194454193 0.009219943545758724
v -0.10784199833869934 -0.11555899679660797 0.007361948024481535
v -0.10019990056753159 -0.11363600194454193 0.009219943545758724
v -0.10868600010871887 -0.11376199871301651 0.008979976177215576
v -0.10784199833869934 -0.11555899679660797 0.007361948024481535
v -0.09299998730421066 -0.10627099871635437 0.026097949594259262
v -0.09599994868040085 -0.10542900115251541 0.027853960171341896
v -0.09569995850324631 -0.10627099871635437 0.026097949594259262
v -0.09299998730421066 -0.10627099871635437 0.026097949594259262
v -0.09299998730421066 -0.10650400072336197 0.029830990359187126
v -0.09599994868040085 -0.10542900115251541 0.027853960171341896
v -0.09299998730421066 -0.10650400072336197 0.029830990359187126
v -0.09599994868040085 -0.10663700103759766 0.03068196028470993
v -0.09599994868040085 -0.10542900115251541 0.027853960171341896
v -0.09299998730421066 -0.10854200273752213 0.024823959916830063
v -0.09569995850324631 -0.10627099871635437 0.026097949594259262
v -0.09569995850324631 -0.10854200273752213 0.024823959916830063
v -0.09299998730421066 -0.10854200273752213 0.024823959916830063
v -0.09299998730421066 -0.10627099871635437 0.026097949594259262
v -0.09569995850324631 -0.10627099871635437 0.026097949594259262
v -0.09579998254776001 -0.10588999837636948 0.02756994031369686
v -0.09599994868040085 -0.10542900115251541 0.027853960171341896
v -0.10199990123510361 -0.10596899688243866 0.027440959587693214
v -0.09599994868040085 -0.10542900115251541 0.027853960171341896
v -0.10458400100469589 -0.1038770005106926 0.02813798002898693
v -0.10199990123510361 -0.10596899688243866 0.027440959587693214
v -0.09599994868040085 -0.10542900115251541 0.027853960171341896
v -0.09599994868040085 -0.10323599725961685 0.028209980577230453
v -0.10458400100469589 -0.1038770005106926 0.02813798002898693
v -0.09599994868040085 -0.10323599725961685 0.028209980577230453
v -0.09599994868040085 -0.09969896078109741 0.02760498970746994
v -0.10779599845409393 -0.09969896078109741 0.02760498970746994
v -0.10849999636411667 -0.09945297241210938 0.026698939502239227
v -0.10899999737739563 -0.10383590310811996 0.019658980891108513
v -0.10899999737739563 -0.09877394884824753 0.026710979640483856
v -0.10841800272464752 -0.10502299666404724 0.018975969403982162
v -0.10899999737739563 -0.10383590310811996 0.019658980891108513
v -0.10849999636411667 -0.09945297241210938 0.026698939502239227
v -0.10968499630689621 -0.09925895184278488 0.02713697962462902
v -0.10899999737739563 -0.09417598694562912 0.02681398019194603
v -0.11058799922466278 -0.09789896011352539 0.026683980599045753
v -0.11058799922466278 -0.09789896011352539 0.026683980599045753
v -0.10899999737739563 -0.09417598694562912 0.02681398019194603
v -0.1096000000834465 -0.08867800235748291 0.02790497988462448
v -0.1096000000834465 -0.08867800235748291 0.02790497988462448
v -0.10899999737739563 -0.08858799189329147 0.02742397040128708
v -0.1096000000834465 -0.08319299668073654 0.02938394993543625
v -0.10899999737739563 -0.08858799189329147 0.02742397040128708
v -0.10899999737739563 -0.07777100056409836 0.03127098083496094
v -0.1096000000834465 -0.08319299668073654 0.02938394993543625
v -0.1096000000834465 -0.08319299668073654 0.02938394993543625
v -0.10899999737739563 -0.07777100056409836 0.03127098083496094
v -0.1096000000834465 -0.07800494879484177 0.03170096129179001
v -0.10899999737739563 -0.07777100056409836 0.03127098083496094
v -0.10899999737739563 -0.06998497247695923 0.03616397827863693
v -0.1096000000834465 -0.07800494879484177 0.03170096129179001
v -0.10899999737739563 -0.09417598694562912 0.02681398019194603
v -0.10899999737739563 -0.08858799189329147 0.02742397040128708
v -0.1096000000834465 -0.08867800235748291 0.02790497988462448
v -0.10899999737739563 -0.06325995177030563 0.03736995905637741
v -0.1096000000834465 -0.07018297165632248 0.03661197051405907
v -0.10899999737739563 -0.06998497247695923 0.03616397827863693
v -0.1096000000834465 -0.07018297165632248 0.03661197051405907
v -0.1096000000834465 -0.07800494879484177 0.03170096129179001
v -0.10899999737739563 -0.06998497247695923 0.03616397827863693
v -0.10899999737739563 -0.05490595102310181 0.028656000271439552
v -0.1096000000834465 -0.054455991834402084 0.028850970789790154
v -0.10918399691581726 -0.056520991027355194 0.03483599051833153
v -0.10899999737739563 -0.05490595102310181 0.028656000271439552
v -0.10918399691581726 -0.056520991027355194 0.03483599051833153
v -0.10918399691581726 -0.05917298048734665 0.03693699091672897
v -0.10899999737739563 -0.05490595102310181 0.028656000271439552
v -0.1096000000834465 -0.05216598138213158 0.024860970675945282
v -0.1096000000834465 -0.054455991834402084 0.028850970789790154
v -0.10899999737739563 -0.05490595102310181 0.028656000271439552
v -0.10899999737739563 -0.049369990825653076 0.02110694907605648
v -0.1096000000834465 -0.05216598138213158 0.024860970675945282
v -0.10899999737739563 -0.049369990825653076 0.02110694907605648
v -0.1096000000834465 -0.04904896020889282 0.021476980298757553
v -0.1096000000834465 -0.05216598138213158 0.024860970675945282
v -0.10899999737739563 -0.049369990825653076 0.02110694907605648
v -0.1096000000834465 -0.04525994881987572 0.018866950646042824
v -0.1096000000834465 -0.04904896020889282 0.021476980298757553
v -0.10899999737739563 -0.049369990825653076 0.02110694907605648
v -0.10899999737739563 -0.04549198970198631 0.018435949459671974
v -0.1096000000834465 -0.04525994881987572 0.018866950646042824
v -0.1096000000834465 -0.02844798006117344 0.00686597777530551
v -0.10899999737739563 -0.03393398970365524 0.012968000024557114
v -0.10899999737739563 -0.02735893987119198 0.0024649500846862793
v -0.1096000000834465 -0.02844798006117344 0.00686597777530551
v -0.1096000000834465 -0.033623989671468735 0.013345950283110142
v -0.10899999737739563 -0.03393398970365524 0.012968000024557114
v -0.1096000000834465 -0.033623989671468735 0.013345950283110142
v -0.1096000000834465 -0.03710496053099632 0.015640970319509506
v -0.10899999737739563 -0.03393398970365524 0.012968000024557114
v -0.1096000000834465 -0.03710496053099632 0.015640970319509506
v -0.10899999737739563 -0.04549198970198631 0.018435949459671974
v -0.10899999737739563 -0.03393398970365524 0.012968000024557114
v -0.1096000000834465 -0.03710496053099632 0.015640970319509506
v -0.1096000000834465 -0.04525994881987572 0.018866950646042824
v -0.10899999737739563 -0.04549198970198631 0.018435949459671974
v -0.11083400249481201 -0.02895396016538143 0.006611942779272795
v -0.1096000000834465 -0.033623989671468735 0.013345950283110142
v -0.1096000000834465 -0.02844798006117344 0.00686597777530551
v -0.1096000000834465 -0.03710496053099632 0.015640970319509506
v -0.11083400249481201 -0.045526981353759766 0.018368950113654137
v -0.1096000000834465 -0.04525994881987572 0.018866950646042824
v -0.11169300228357315 -0.029893990606069565 0.00614196015521884
v -0.11169300228357315 -0.03464895114302635 0.012097000144422054
v -0.11083400249481201 -0.02895396016538143 0.006611942779272795
v -0.11169300228357315 -0.03464895114302635 0.012097000144422054
v -0.1096000000834465 -0.033623989671468735 0.013345950283110142
v -0.11083400249481201 -0.02895396016538143 0.006611942779272795
v -0.11169300228357315 -0.03464895114302635 0.012097000144422054
v -0.1096000000834465 -0.03710496053099632 0.015640970319509506
v -0.1096000000834465 -0.033623989671468735 0.013345950283110142
v -0.11169300228357315 -0.03464895114302635 0.012097000144422054
v -0.11083400249481201 -0.045526981353759766 0.018368950113654137
v -0.1096000000834465 -0.03710496053099632 0.015640970319509506
v -0.1120000034570694 -0.028850970789790154 -0.0005830000154674053
v -0.1120000034570694 -0.03299200162291527 0.008543968200683594
v -0.11169300228357315 -0.029893990606069565 0.00614196015521884
v -0.1120000034570694 -0.03299200162291527 0.008543968200683594
v -0.11169300228357315 -0.03464895114302635 0.012097000144422054
v -0.11169300228357315 -0.029893990606069565 0.00614196015521884
v -0.11169300228357315 -0.03464895114302635 0.012097000144422054
v -0.1120000034570694 -0.04664795845746994 0.016276000067591667
v -0.11083400249481201 -0.045526981353759766 0.018368950113654137
v -0.1096000000834465 -0.054455991834402084 0.028850970789790154
v -0.11083400249481201 -0.05262196063995361 0.02452694997191429
v -0.1120000034570694 -0.05453598126769066 0.023122960701584816
v -0.11083400249481201 -0.05262196063995361 0.02452694997191429
v -0.1120000034570694 -0.04664795845746994 0.016276000067591667
v -0.1120000034570694 -0.05453598126769066 0.023122960701584816
v -0.11083400249481201 -0.05262196063995361 0.02452694997191429
v -0.1096000000834465 -0.04904896020889282 0.021476980298757553
v -0.1120000034570694 -0.04664795845746994 0.016276000067591667
v -0.1096000000834465 -0.04904896020889282 0.021476980298757553
v -0.11083400249481201 -0.045526981353759766 0.018368950113654137
v -0.1120000034570694 -0.04664795845746994 0.016276000067591667
v -0.1120000034570694 -0.05453598126769066 0.023122960701584816
v -0.11041200160980225 -0.05668395012617111 0.034738000482320786
v -0.1096000000834465 -0.054455991834402084 0.028850970789790154
v -0.1120000034570694 -0.05453598126769066 0.023122960701584816
v -0.11197900027036667 -0.058348000049591064 0.03276997059583664
v -0.11041200160980225 -0.05668395012617111 0.034738000482320786
v -0.1096000000834465 -0.054455991834402084 0.028850970789790154
v -0.1096000000834465 -0.05216598138213158 0.024860970675945282
v -0.11083400249481201 -0.05262196063995361 0.02452694997191429
v -0.1096000000834465 -0.05216598138213158 0.024860970675945282
v -0.1096000000834465 -0.04904896020889282 0.021476980298757553
v -0.11083400249481201 -0.05262196063995361 0.02452694997191429
v -0.1096000000834465 -0.04904896020889282 0.021476980298757553
v -0.1096000000834465 -0.04525994881987572 0.018866950646042824
v -0.11083400249481201 -0.045526981353759766 0.018368950113654137
v -0.1120000034570694 -0.06462597101926804 0.032930970191955566
v -0.1120000034570694 -0.07606296986341476 0.029415959492325783
v -0.11172199994325638 -0.06979197263717651 0.03494596108794212
v -0.11172199994325638 -0.06979197263717651 0.03494596108794212
v -0.11128199845552444 -0.06633096188306808 0.03672200068831444
v -0.11128400266170502 -0.0594480000436306 0.03608797863125801
v -0.1120000034570694 -0.06462597101926804 0.032930970191955566
v -0.11172199994325638 -0.06979197263717651 0.03494596108794212
v -0.11197900027036667 -0.058348000049591064 0.03276997059583664
v -0.11172199994325638 -0.06979197263717651 0.03494596108794212
v -0.11128400266170502 -0.0594480000436306 0.03608797863125801
v -0.11197900027036667 -0.058348000049591064 0.03276997059583664
v -0.10774990171194077 -0.10765299946069717 0.02305798977613449
v -0.10536099970340729 -0.10857900232076645 0.02387797087430954
v -0.10626000165939331 -0.10496299713850021 0.02708398923277855
v -0.10536099970340729 -0.10857900232076645 0.02387797087430954
v -0.10199990123510361 -0.10596899688243866 0.027440959587693214
v -0.10626000165939331 -0.10496299713850021 0.02708398923277855
v -0.10536099970340729 -0.10857900232076645 0.02387797087430954
v -0.10199990123510361 -0.10901500284671783 0.024262959137558937
v -0.10199990123510361 -0.10596899688243866 0.027440959587693214
v -0.11018200218677521 -0.10183300077915192 0.025488970801234245
v -0.10774990171194077 -0.10765299946069717 0.02305798977613449
v -0.10626000165939331 -0.10496299713850021 0.02708398923277855
v -0.10774990171194077 -0.10765299946069717 0.02305798977613449
v -0.11018200218677521 -0.10183300077915192 0.025488970801234245
v -0.1099110022187233 -0.10845199972391129 0.01872098073363304
v -0.11198099702596664 -0.09495996683835983 0.02449697069823742
v -0.11198300123214722 -0.10318700224161148 0.015926949679851532
v -0.11163599789142609 -0.09765797108411789 0.02501099929213524
v -0.11137700080871582 -0.10596399754285812 0.016882000491023064
v -0.11163599789142609 -0.09765797108411789 0.02501099929213524
v -0.11198300123214722 -0.10318700224161148 0.015926949679851532
v -0.11137700080871582 -0.10596399754285812 0.016882000491023064
v -0.1099110022187233 -0.10845199972391129 0.01872098073363304
v -0.11163599789142609 -0.09765797108411789 0.02501099929213524
v -0.1099110022187233 -0.10845199972391129 0.01872098073363304
v -0.11018200218677521 -0.10183300077915192 0.025488970801234245
v -0.11163599789142609 -0.09765797108411789 0.02501099929213524
v -0.1096000000834465 -0.07018297165632248 0.03661197051405907
v -0.10899999737739563 -0.06325995177030563 0.03736995905637741
v -0.11128199845552444 -0.06633096188306808 0.03672200068831444
v -0.10899999737739563 -0.06325995177030563 0.03736995905637741
v -0.10918399691581726 -0.05917298048734665 0.03693699091672897
v -0.11128199845552444 -0.06633096188306808 0.03672200068831444
v -0.11128199845552444 -0.06633096188306808 0.03672200068831444
v -0.10918399691581726 -0.05917298048734665 0.03693699091672897
v -0.11128400266170502 -0.0594480000436306 0.03608797863125801
v -0.11078000068664551 -0.07028400152921677 0.03598998859524727
v -0.11128199845552444 -0.06633096188306808 0.03672200068831444
v -0.11172199994325638 -0.06979197263717651 0.03494596108794212
v -0.11078000068664551 -0.07028400152921677 0.03598998859524727
v -0.1096000000834465 -0.07018297165632248 0.03661197051405907
v -0.11128199845552444 -0.06633096188306808 0.03672200068831444
v -0.1096000000834465 -0.07018297165632248 0.03661197051405907
v -0.11078000068664551 -0.07028400152921677 0.03598998859524727
v -0.1096000000834465 -0.07800494879484177 0.03170096129179001
v -0.10918399691581726 -0.056520991027355194 0.03483599051833153
v -0.11041200160980225 -0.05668395012617111 0.034738000482320786
v -0.10918399691581726 -0.05917298048734665 0.03693699091672897
v -0.11128400266170502 -0.0594480000436306 0.03608797863125801
v -0.11041200160980225 -0.05668395012617111 0.034738000482320786
v -0.11197900027036667 -0.058348000049591064 0.03276997059583664
v -0.11128400266170502 -0.0594480000436306 0.03608797863125801
v -0.10918399691581726 -0.05917298048734665 0.03693699091672897
v -0.11041200160980225 -0.05668395012617111 0.034738000482320786
v -0.1096000000834465 -0.054455991834402084 0.028850970789790154
v -0.11041200160980225 -0.05668395012617111 0.034738000482320786
v -0.10918399691581726 -0.056520991027355194 0.03483599051833153
v -0.1096000000834465 -0.08867800235748291 0.02790497988462448
v -0.1096000000834465 -0.08319299668073654 0.02938394993543625
v -0.11078000068664551 -0.08915197104215622 0.027287960052490234
v -0.11172199994325638 -0.07668297737836838 0.030513999983668327
v -0.11078000068664551 -0.07028400152921677 0.03598998859524727
v -0.11172199994325638 -0.06979197263717651 0.03494596108794212
v -0.11172199994325638 -0.06979197263717651 0.03494596108794212
v -0.1120000034570694 -0.07606296986341476 0.029415959492325783
v -0.11172199994325638 -0.07668297737836838 0.030513999983668327
v -0.1096000000834465 -0.08867800235748291 0.02790497988462448
v -0.11078000068664551 -0.08915197104215622 0.027287960052490234
v -0.11058799922466278 -0.09789896011352539 0.026683980599045753
v -0.11078000068664551 -0.07028400152921677 0.03598998859524727
v -0.11172199994325638 -0.07668297737836838 0.030513999983668327
v -0.1096000000834465 -0.07800494879484177 0.03170096129179001
v -0.11172199994325638 -0.07668297737836838 0.030513999983668327
v -0.1096000000834465 -0.08319299668073654 0.02938394993543625
v -0.1096000000834465 -0.07800494879484177 0.03170096129179001
v -0.11172199994325638 -0.07668297737836838 0.030513999983668327
v -0.1120000034570694 -0.07606296986341476 0.029415959492325783
v -0.1096000000834465 -0.08319299668073654 0.02938394993543625
v -0.1120000034570694 -0.07606296986341476 0.029415959492325783
v -0.11078000068664551 -0.08915197104215622 0.027287960052490234
v -0.1096000000834465 -0.08319299668073654 0.02938394993543625
v -0.1120000034570694 -0.07606296986341476 0.029415959492325783
v -0.11198099702596664 -0.09495996683835983 0.02449697069823742
v -0.11078000068664551 -0.08915197104215622 0.027287960052490234
v -0.11198099702596664 -0.09495996683835983 0.02449697069823742
v -0.11058799922466278 -0.09789896011352539 0.026683980599045753
v -0.11078000068664551 -0.08915197104215622 0.027287960052490234
v -0.10968499630689621 -0.09925895184278488 0.02713697962462902
v -0.10458400100469589 -0.1038770005106926 0.02813798002898693
v -0.10779599845409393 -0.09969896078109741 0.02760498970746994
v -0.10458400100469589 -0.1038770005106926 0.02813798002898693
v -0.09599994868040085 -0.10323599725961685 0.028209980577230453
v -0.10779599845409393 -0.09969896078109741 0.02760498970746994
v -0.11018200218677521 -0.10183300077915192 0.025488970801234245
v -0.10626000165939331 -0.10496299713850021 0.02708398923277855
v -0.10968499630689621 -0.09925895184278488 0.02713697962462902
v -0.10626000165939331 -0.10496299713850021 0.02708398923277855
v -0.10458400100469589 -0.1038770005106926 0.02813798002898693
v -0.10968499630689621 -0.09925895184278488 0.02713697962462902
v -0.10626000165939331 -0.10496299713850021 0.02708398923277855
v -0.10199990123510361 -0.10596899688243866 0.027440959587693214
v -0.10458400100469589 -0.1038770005106926 0.02813798002898693
v -0.10968499630689621 -0.09925895184278488 0.02713697962462902
v -0.11058799922466278 -0.09789896011352539 0.026683980599045753
v -0.11018200218677521 -0.10183300077915192 0.025488970801234245
v -0.11058799922466278 -0.09789896011352539 0.026683980599045753
v -0.11163599789142609 -0.09765797108411789 0.02501099929213524
v -0.11018200218677521 -0.10183300077915192 0.025488970801234245
v -0.11058799922466278 -0.09789896011352539 0.026683980599045753
v -0.11198099702596664 -0.09495996683835983 0.02449697069823742
v -0.11163599789142609 -0.09765797108411789 0.02501099929213524
v -0.10350000113248825 -0.117078997194767 -0.012031969614326954
v -0.09599994868040085 -0.11522790044546127 -0.01170498039573431
v -0.10350000113248825 -0.11416400223970413 -0.011708970181643963
v -0.10350000113248825 -0.117078997194767 -0.012031969614326954
v -0.09599994868040085 -0.11924400180578232 -0.012805989943444729
v -0.09599994868040085 -0.11522790044546127 -0.01170498039573431
v -0.10599999874830246 -0.1119920015335083 -0.013291950337588787
v -0.09599994868040085 -0.11259199678897858 -0.012530979700386524
v -0.09599994868040085 -0.11185000091791153 -0.013742979615926743
v -0.10599999874830246 -0.1119920015335083 -0.013291950337588787
v -0.10350000113248825 -0.11416400223970413 -0.011708970181643963
v -0.09599994868040085 -0.11259199678897858 -0.012530979700386524
v -0.10350000113248825 -0.11416400223970413 -0.011708970181643963
v -0.09599994868040085 -0.11522790044546127 -0.01170498039573431
v -0.09599994868040085 -0.11259199678897858 -0.012530979700386524
v -0.10589099675416946 -0.11617200076580048 -0.011291979812085629
v -0.10350000113248825 -0.11416400223970413 -0.011708970181643963
v -0.10556600242853165 -0.11428699642419815 -0.011090990155935287
v -0.10599999874830246 -0.1119920015335083 -0.013291950337588787
v -0.10556600242853165 -0.11428699642419815 -0.011090990155935287
v -0.10350000113248825 -0.11416400223970413 -0.011708970181643963
v -0.10498300194740295 -0.11740490049123764 -0.005289970897138119
v -0.10674890130758286 -0.11473000049591064 -0.00944298505783081
v -0.10654500126838684 -0.11413600295782089 -0.004899978172034025
v -0.10674890130758286 -0.11473000049591064 -0.00944298505783081
v -0.10589099675416946 -0.11617200076580048 -0.011291979812085629
v -0.10556600242853165 -0.11428699642419815 -0.011090990155935287
v -0.10592599958181381 -0.1140659973025322 -0.0033809540327638388
v -0.10504200309515 -0.11513599753379822 -0.004556952975690365
v -0.10654500126838684 -0.11413600295782089 -0.004899978172034025
v -0.10498300194740295 -0.11740490049123764 -0.005289970897138119
v -0.10654500126838684 -0.11413600295782089 -0.004899978172034025
v -0.10504200309515 -0.11513599753379822 -0.004556952975690365
v -0.10654500126838684 -0.11413600295782089 -0.004899978172034025
v -0.10674890130758286 -0.11473000049591064 -0.00944298505783081
v -0.10751599818468094 -0.11274000257253647 -0.00919795036315918
v -0.10674890130758286 -0.11473000049591064 -0.00944298505783081
v -0.10556600242853165 -0.11428699642419815 -0.011090990155935287
v -0.10751599818468094 -0.11274000257253647 -0.00919795036315918
v -0.10556600242853165 -0.11428699642419815 -0.011090990155935287
v -0.10599999874830246 -0.1119920015335083 -0.013291950337588787
v -0.10751599818468094 -0.11274000257253647 -0.00919795036315918
v -0.10762699693441391 -0.11537600308656693 -0.010665950365364552
v -0.10589099675416946 -0.11617200076580048 -0.011291979812085629
v -0.10842300206422806 -0.11503899842500687 -0.007955968379974365
v -0.10762699693441391 -0.11537600308656693 -0.010665950365364552
v -0.10542900115251541 -0.11677899956703186 -0.012579970061779022
v -0.10589099675416946 -0.11617200076580048 -0.011291979812085629
v -0.10589099675416946 -0.11617200076580048 -0.011291979812085629
v -0.10674890130758286 -0.11473000049591064 -0.00944298505783081
v -0.10842300206422806 -0.11503899842500687 -0.007955968379974365
v -0.10842300206422806 -0.11503899842500687 -0.007955968379974365
v -0.10498300194740295 -0.11740490049123764 -0.005289970897138119
v -0.10590200126171112 -0.11785099655389786 -0.004657982848584652
v -0.10842300206422806 -0.11503899842500687 -0.007955968379974365
v -0.10674890130758286 -0.11473000049591064 -0.00944298505783081
v -0.10498300194740295 -0.11740490049123764 -0.005289970897138119
v -0.10224899649620056 -0.11833400279283524 -0.013129940256476402
v -0.10589099675416946 -0.11617200076580048 -0.011291979812085629
v -0.10542900115251541 -0.11677899956703186 -0.012579970061779022
v -0.10224899649620056 -0.11833400279283524 -0.013129940256476402
v -0.10350000113248825 -0.117078997194767 -0.012031969614326954
v -0.10589099675416946 -0.11617200076580048 -0.011291979812085629
v -0.10350000113248825 -0.117078997194767 -0.012031969614326954
v -0.10224899649620056 -0.11833400279283524 -0.013129940256476402
v -0.09599994868040085 -0.11924400180578232 -0.012805989943444729
v -0.10350000113248825 -0.11416400223970413 -0.011708970181643963
v -0.10589099675416946 -0.11617200076580048 -0.011291979812085629
v -0.10350000113248825 -0.117078997194767 -0.012031969614326954
v -0.0987919494509697 -0.12068100273609161 -0.004678964149206877
v -0.10121099650859833 -0.12019100040197372 -0.00459396792575717
v -0.09599994868040085 -0.12059400230646133 -0.005150972865521908
v -0.10121099650859833 -0.12019100040197372 -0.00459396792575717
v -0.10498300194740295 -0.11740490049123764 -0.005289970897138119
v -0.09599994868040085 -0.12059400230646133 -0.005150972865521908
v -0.10498300194740295 -0.11740490049123764 -0.005289970897138119
v -0.10121099650859833 -0.12019100040197372 -0.00459396792575717
v -0.10590200126171112 -0.11785099655389786 -0.004657982848584652
v -0.10820399969816208 -0.10881400108337402 -0.018273940309882164
v -0.10899999737739563 -0.1078760027885437 -0.016825970262289047
v -0.10835099965333939 -0.11082500219345093 -0.013214940205216408
v -0.10899999737739563 -0.11118900030851364 -0.003808974986895919
v -0.10835099965333939 -0.11245600134134293 0.005960940849035978
v -0.10835099965333939 -0.11286000162363052 -0.0004879999905824661
v -0.10899999737739563 -0.11118900030851364 -0.003808974986895919
v -0.10899999737739563 -0.1081639975309372 0.016144990921020508
v -0.10835099965333939 -0.11245600134134293 0.005960940849035978
v -0.10820399969816208 -0.1091269999742508 0.01757699064910412
v -0.10835099965333939 -0.11245600134134293 0.005960940849035978
v -0.10899999737739563 -0.1081639975309372 0.016144990921020508
v -0.10820399969816208 -0.1091269999742508 0.01757699064910412
v -0.10599999874830246 -0.11060299724340439 0.017150990664958954
v -0.10835099965333939 -0.11245600134134293 0.005960940849035978
v -0.10654500126838684 -0.11413600295782089 -0.004899978172034025
v -0.1072160005569458 -0.1137399971485138 -0.0004980000085197389
v -0.10592599958181381 -0.1140659973025322 -0.0033809540327638388
v -0.1072160005569458 -0.1137399971485138 -0.0004980000085197389
v -0.10599999874830246 -0.11335399746894836 0.007594943046569824
v -0.10592599958181381 -0.1140659973025322 -0.0033809540327638388
v -0.10835099965333939 -0.11082500219345093 -0.013214940205216408
v -0.10835099965333939 -0.11286000162363052 -0.0004879999905824661
v -0.10751599818468094 -0.11274000257253647 -0.00919795036315918
v -0.10835099965333939 -0.11286000162363052 -0.0004879999905824661
v -0.10654500126838684 -0.11413600295782089 -0.004899978172034025
v -0.10751599818468094 -0.11274000257253647 -0.00919795036315918
v -0.10599999874830246 -0.11029800027608871 -0.01787400059401989
v -0.10751599818468094 -0.11274000257253647 -0.00919795036315918
v -0.10599999874830246 -0.1119920015335083 -0.013291950337588787
v -0.10599999874830246 -0.11029800027608871 -0.01787400059401989
v -0.10835099965333939 -0.11082500219345093 -0.013214940205216408
v -0.10751599818468094 -0.11274000257253647 -0.00919795036315918
v -0.10835099965333939 -0.11082500219345093 -0.013214940205216408
v -0.10599999874830246 -0.11029800027608871 -0.01787400059401989
v -0.10820399969816208 -0.10881400108337402 -0.018273940309882164
v -0.10599999874830246 -0.11219999939203262 0.012598990462720394
v -0.10835099965333939 -0.11245600134134293 0.005960940849035978
v -0.10599999874830246 -0.11060299724340439 0.017150990664958954
v -0.10599999874830246 -0.11219999939203262 0.012598990462720394
v -0.10599999874830246 -0.11335399746894836 0.007594943046569824
v -0.10835099965333939 -0.11245600134134293 0.005960940849035978
v -0.10599999874830246 -0.11335399746894836 0.007594943046569824
v -0.1072160005569458 -0.1137399971485138 -0.0004980000085197389
v -0.10835099965333939 -0.11245600134134293 0.005960940849035978
v -0.1072160005569458 -0.1137399971485138 -0.0004980000085197389
v -0.10835099965333939 -0.11286000162363052 -0.0004879999905824661
v -0.10835099965333939 -0.11245600134134293 0.005960940849035978
v -0.1072160005569458 -0.1137399971485138 -0.0004980000085197389
v -0.10654500126838684 -0.11413600295782089 -0.004899978172034025
v -0.10835099965333939 -0.11286000162363052 -0.0004879999905824661
v -0.10841800272464752 -0.10502299666404724 0.018975969403982162
v -0.10599999874830246 -0.10858699679374695 0.018909990787506104
v -0.10899999737739563 -0.10524199903011322 0.01810096949338913
v -0.10599999874830246 -0.10858699679374695 0.018909990787506104
v -0.10820399969816208 -0.1091269999742508 0.01757699064910412
v -0.10899999737739563 -0.10524199903011322 0.01810096949338913
v -0.10599999874830246 -0.10858699679374695 0.018909990787506104
v -0.10599999874830246 -0.11060299724340439 0.017150990664958954
v -0.10820399969816208 -0.1091269999742508 0.01757699064910412
v -0.10899999737739563 -0.10485599935054779 -0.018777960911393166
v -0.10820399969816208 -0.10881400108337402 -0.018273940309882164
v -0.10747700184583664 -0.10446400195360184 -0.019979950040578842
v -0.10820399969816208 -0.10881400108337402 -0.018273940309882164
v -0.10599999874830246 -0.11029800027608871 -0.01787400059401989
v -0.10599999874830246 -0.10825099796056747 -0.019597940146923065
v -0.10747700184583664 -0.10446400195360184 -0.019979950040578842
v -0.10820399969816208 -0.10881400108337402 -0.018273940309882164
v -0.10599999874830246 -0.10825099796056747 -0.019597940146923065
v -0.10747700184583664 -0.10446400195360184 -0.019979950040578842
v -0.10599999874830246 -0.10825099796056747 -0.019597940146923065
v -0.10000000149011612 -0.10563500225543976 -0.019587989896535873
v -0.10599999874830246 -0.10825099796056747 -0.019597940146923065
v -0.10000000149011612 -0.10825099796056747 -0.019597940146923065
v -0.10000000149011612 -0.10563500225543976 -0.019587989896535873
v -0.10599999874830246 -0.10825099796056747 -0.019597940146923065
v -0.09599994868040085 -0.11029800027608871 -0.01787400059401989
v -0.10000000149011612 -0.10825099796056747 -0.019597940146923065
v -0.10599999874830246 -0.10825099796056747 -0.019597940146923065
v -0.10599999874830246 -0.11029800027608871 -0.01787400059401989
v -0.09599994868040085 -0.11029800027608871 -0.01787400059401989
v -0.09599994868040085 -0.10844500362873077 -0.01976894959807396
v -0.10000000149011612 -0.10825099796056747 -0.019597940146923065
v -0.09599994868040085 -0.11029800027608871 -0.01787400059401989
v -0.09599994868040085 -0.10844500362873077 -0.01976894959807396
v -0.09599994868040085 -0.10282500088214874 -0.028139939531683922
v -0.10000000149011612 -0.10825099796056747 -0.019597940146923065
v -0.09599994868040085 -0.10282500088214874 -0.028139939531683922
v -0.10000000149011612 -0.10282500088214874 -0.028139939531683922
v -0.10000000149011612 -0.10825099796056747 -0.019597940146923065
v -0.09599994868040085 -0.10282500088214874 -0.028139939531683922
v -0.09599994868040085 -0.0961899682879448 -0.034593988209962845
v -0.10000000149011612 -0.10282500088214874 -0.028139939531683922
v -0.09599994868040085 -0.0961899682879448 -0.034593988209962845
v -0.10000000149011612 -0.0961899682879448 -0.034593988209962845
v -0.10000000149011612 -0.10282500088214874 -0.028139939531683922
v -0.10000000149011612 -0.07965599745512009 -0.0426899716258049
v -0.10000000149011612 -0.08835095167160034 -0.03951596841216087
v -0.09599994868040085 -0.08835095167160034 -0.03951596841216087
v -0.10000000149011612 -0.08835095167160034 -0.03951596841216087
v -0.10000000149011612 -0.0961899682879448 -0.034593988209962845
v -0.09599994868040085 -0.08835095167160034 -0.03951596841216087
v -0.10000000149011612 -0.0961899682879448 -0.034593988209962845
v -0.09599994868040085 -0.0961899682879448 -0.034593988209962845
v -0.09599994868040085 -0.08835095167160034 -0.03951596841216087
v -0.10000000149011612 -0.0666389986872673 -0.044888969510793686
v -0.10000000149011612 -0.07965599745512009 -0.0426899716258049
v -0.09599994868040085 -0.07049000263214111 -0.04397498816251755
v -0.10000000149011612 -0.07965599745512009 -0.0426899716258049
v -0.09599994868040085 -0.07965599745512009 -0.0426899716258049
v -0.09599994868040085 -0.07049000263214111 -0.04397498816251755
v -0.10000000149011612 -0.07965599745512009 -0.0426899716258049
v -0.09599994868040085 -0.08835095167160034 -0.03951596841216087
v -0.09599994868040085 -0.07965599745512009 -0.0426899716258049
v -0.10000000149011612 -0.06344395130872726 -0.0472249910235405
v -0.09599994868040085 -0.06376098841428757 -0.046893950551748276
v -0.09579998254776001 -0.06331198662519455 -0.0485689602792263
v -0.10000000149011612 -0.06344395130872726 -0.0472249910235405
v -0.10000000149011612 -0.0666389986872673 -0.044888969510793686
v -0.09599994868040085 -0.06376098841428757 -0.046893950551748276
v -0.09599994868040085 -0.06376098841428757 -0.046893950551748276
v -0.10000000149011612 -0.0666389986872673 -0.044888969510793686
v -0.09599994868040085 -0.0666389986872673 -0.044888969510793686
v -0.10000000149011612 -0.0666389986872673 -0.044888969510793686
v -0.09599994868040085 -0.07049000263214111 -0.04397498816251755
v -0.09599994868040085 -0.0666389986872673 -0.044888969510793686
v -0.10000000149011612 -0.06706696003675461 -0.04109596833586693
v -0.10580900311470032 -0.0652889609336853 -0.04261099919676781
v -0.10857590287923813 -0.06702399253845215 -0.040725938975811005
v -0.10000000149011612 -0.06706696003675461 -0.04109596833586693
v -0.10000000149011612 -0.06528996676206589 -0.042705949395895004
v -0.10580900311470032 -0.0652889609336853 -0.04261099919676781
v -0.10000000149011612 -0.06528996676206589 -0.042705949395895004
v -0.10499999672174454 -0.06401199102401733 -0.0464249812066555
v -0.10580900311470032 -0.0652889609336853 -0.04261099919676781
v -0.10747700184583664 -0.10446400195360184 -0.019979950040578842
v -0.10000000149011612 -0.10563500225543976 -0.019587989896535873
v -0.10000000149011612 -0.10364300012588501 -0.020977970212697983
v -0.0995129868388176 -0.06334494799375534 -0.05208294838666916
v -0.09599994868040085 -0.058041978627443314 -0.05309294909238815
v -0.09584999084472656 -0.06809300184249878 -0.05199199169874191
v -0.0995129868388176 -0.06334494799375534 -0.05208294838666916
v -0.09995096176862717 -0.05779099091887474 -0.0528409406542778
v -0.09599994868040085 -0.058041978627443314 -0.05309294909238815
v -0.06319998949766159 -0.05273795127868652 -0.05464398115873337
v -0.0696299597620964 -0.0552479587495327 -0.053865961730480194
v -0.06548099964857101 -0.04753594845533371 -0.05646895989775658
v -0.06319998949766159 -0.05273795127868652 -0.05464398115873337
v -0.06319998949766159 -0.05832897871732712 -0.05310498923063278
v -0.0696299597620964 -0.0552479587495327 -0.053865961730480194
v -0.06319998949766159 -0.05832897871732712 -0.05310498923063278
v -0.07777398079633713 -0.057810958474874496 -0.05313599109649658
v -0.0696299597620964 -0.0552479587495327 -0.053865961730480194
v -0.09599994868040085 -0.058041978627443314 -0.05309294909238815
v -0.07999998331069946 -0.055780939757823944 -0.05293196067214012
v -0.07777398079633713 -0.057810958474874496 -0.05313599109649658
v -0.09995096176862717 -0.05779099091887474 -0.0528409406542778
v -0.09700000286102295 -0.05627297982573509 -0.05302298069000244
v -0.09599994868040085 -0.058041978627443314 -0.05309294909238815
v -0.09599994868040085 -0.058041978627443314 -0.05309294909238815
v -0.09700000286102295 -0.05627297982573509 -0.05302298069000244
v -0.07999998331069946 -0.055780939757823944 -0.05293196067214012
v -0.09700000286102295 -0.05627297982573509 -0.05302298069000244
v -0.09700000286102295 -0.05365699157118797 -0.052143990993499756
v -0.07999998331069946 -0.055780939757823944 -0.05293196067214012
v -0.09599994868040085 -0.058041978627443314 -0.05309294909238815
v -0.07777398079633713 -0.057810958474874496 -0.05313599109649658
v -0.07541298121213913 -0.0589900016784668 -0.052618980407714844
v -0.07999396324157715 -0.05817794054746628 -0.05111699923872948
v -0.09599994868040085 -0.05845098942518234 -0.05121796950697899
v -0.07999396324157715 -0.058788001537323 -0.05151896923780441
v -0.09599994868040085 -0.05845098942518234 -0.05121796950697899
v -0.09599994868040085 -0.058957990258932114 -0.051936980336904526
v -0.07999396324157715 -0.058788001537323 -0.05151896923780441
v -0.09599994868040085 -0.058957990258932114 -0.051936980336904526
v -0.07541298121213913 -0.0589900016784668 -0.052618980407714844
v -0.07999396324157715 -0.058788001537323 -0.05151896923780441
v -0.09599994868040085 -0.058957990258932114 -0.051936980336904526
v -0.09599994868040085 -0.058041978627443314 -0.05309294909238815
v -0.07541298121213913 -0.0589900016784668 -0.052618980407714844
v -0.07999396324157715 -0.05817794054746628 -0.05111699923872948
v -0.07999396324157715 -0.058788001537323 -0.05151896923780441
v -0.06319998949766159 -0.05832396820187569 -0.05114798992872238
v -0.07999396324157715 -0.058788001537323 -0.05151896923780441
v -0.06319998949766159 -0.05899297818541527 -0.051639970391988754
v -0.06319998949766159 -0.05832396820187569 -0.05114798992872238
v -0.07999396324157715 -0.058788001537323 -0.05151896923780441
v -0.07541298121213913 -0.0589900016784668 -0.052618980407714844
v -0.06319998949766159 -0.05899297818541527 -0.051639970391988754
v -0.07541298121213913 -0.0589900016784668 -0.052618980407714844
v -0.06319998949766159 -0.05832897871732712 -0.05310498923063278
v -0.06319998949766159 -0.05899297818541527 -0.051639970391988754
v -0.07541298121213913 -0.0589900016784668 -0.052618980407714844
v -0.07777398079633713 -0.057810958474874496 -0.05313599109649658
v -0.06319998949766159 -0.05832897871732712 -0.05310498923063278
v -0.06319998949766159 -0.05832897871732712 -0.05310498923063278
v -0.06319998949766159 -0.05832396820187569 -0.05114798992872238
v -0.06319998949766159 -0.05899297818541527 -0.051639970391988754
v -0.06319998949766159 -0.04783498868346214 -0.047771990299224854
v -0.06269997358322144 -0.05283695086836815 -0.05021296814084053
v -0.06269997358322144 -0.04473799094557762 -0.04746197909116745
v -0.06269997358322144 -0.05283695086836815 -0.05021296814084053
v -0.06319998949766159 -0.05299096927046776 -0.04973696917295456
v -0.06319998949766159 -0.05832396820187569 -0.05114798992872238
v -0.06269997358322144 -0.05283695086836815 -0.05021296814084053
v -0.06319998949766159 -0.04783498868346214 -0.047771990299224854
v -0.06319998949766159 -0.05299096927046776 -0.04973696917295456
v -0.06269997358322144 -0.04721099138259888 -0.05633794888854027
v -0.06269997358322144 -0.052576951682567596 -0.054169949144124985
v -0.06319998949766159 -0.05273795127868652 -0.05464398115873337
v -0.06319998949766159 -0.05273795127868652 -0.05464398115873337
v -0.06269997358322144 -0.052576951682567596 -0.054169949144124985
v -0.06319998949766159 -0.05832897871732712 -0.05310498923063278
v -0.06322801113128662 -0.042386941611766815 -0.05922393873333931
v -0.06269997358322144 -0.04721099138259888 -0.05633794888854027
v -0.06319998949766159 -0.05273795127868652 -0.05464398115873337
v -0.06322801113128662 -0.042386941611766815 -0.05922393873333931
v -0.06319998949766159 -0.05273795127868652 -0.05464398115873337
v -0.06548099964857101 -0.04753594845533371 -0.05646895989775658
v -0.07303398102521896 -0.05226397141814232 -0.053391989320516586
v -0.07564996927976608 -0.054458968341350555 -0.0530729815363884
v -0.07419096678495407 -0.04384100064635277 -0.04987597092986107
v -0.06757599115371704 -0.03727798908948898 -0.05762999877333641
v -0.06910698860883713 -0.045041970908641815 -0.05497293919324875
v -0.06944196671247482 -0.03254096955060959 -0.05340695008635521
v -0.06555896252393723 -0.03805797919631004 -0.05960898846387863
v -0.06322801113128662 -0.042386941611766815 -0.05922393873333931
v -0.0668029710650444 -0.04359494894742966 -0.057008981704711914
v -0.07999998331069946 -0.055780939757823944 -0.05293196067214012
v -0.07564996927976608 -0.054458968341350555 -0.0530729815363884
v -0.07777398079633713 -0.057810958474874496 -0.05313599109649658
v -0.07564996927976608 -0.054458968341350555 -0.0530729815363884
v -0.07303500175476074 -0.05542498081922531 -0.05359596014022827
v -0.07777398079633713 -0.057810958474874496 -0.05313599109649658
v -0.07564996927976608 -0.054458968341350555 -0.0530729815363884
v -0.07303398102521896 -0.05226397141814232 -0.053391989320516586
v -0.07303500175476074 -0.05542498081922531 -0.05359596014022827
v -0.07777398079633713 -0.057810958474874496 -0.05313599109649658
v -0.07303500175476074 -0.05542498081922531 -0.05359596014022827
v -0.0696299597620964 -0.0552479587495327 -0.053865961730480194
v -0.07303500175476074 -0.05542498081922531 -0.05359596014022827
v -0.06915997713804245 -0.05055098980665207 -0.05474995821714401
v -0.0696299597620964 -0.0552479587495327 -0.053865961730480194
v -0.07303500175476074 -0.05542498081922531 -0.05359596014022827
v -0.07303398102521896 -0.05226397141814232 -0.053391989320516586
v -0.06915997713804245 -0.05055098980665207 -0.05474995821714401
v -0.07303398102521896 -0.05226397141814232 -0.053391989320516586
v -0.07079195231199265 -0.04904096946120262 -0.05398993939161301
v -0.06915997713804245 -0.05055098980665207 -0.05474995821714401
v -0.07079195231199265 -0.04904096946120262 -0.05398993939161301
v -0.06910698860883713 -0.045041970908641815 -0.05497293919324875
v -0.06915997713804245 -0.05055098980665207 -0.05474995821714401
v -0.06910698860883713 -0.045041970908641815 -0.05497293919324875
v -0.0668029710650444 -0.04359494894742966 -0.057008981704711914
v -0.06915997713804245 -0.05055098980665207 -0.05474995821714401
v -0.06910698860883713 -0.045041970908641815 -0.05497293919324875
v -0.06757599115371704 -0.03727798908948898 -0.05762999877333641
v -0.0668029710650444 -0.04359494894742966 -0.057008981704711914
v -0.06915997713804245 -0.05055098980665207 -0.05474995821714401
v -0.06548099964857101 -0.04753594845533371 -0.05646895989775658
v -0.0696299597620964 -0.0552479587495327 -0.053865961730480194
v -0.06915997713804245 -0.05055098980665207 -0.05474995821714401
v -0.0668029710650444 -0.04359494894742966 -0.057008981704711914
v -0.06548099964857101 -0.04753594845533371 -0.05646895989775658
v -0.0668029710650444 -0.04359494894742966 -0.057008981704711914
v -0.06322801113128662 -0.042386941611766815 -0.05922393873333931
v -0.06548099964857101 -0.04753594845533371 -0.05646895989775658
v -0.06743896007537842 -0.02849297970533371 -0.05806899070739746
v -0.06944196671247482 -0.03254096955060959 -0.05340695008635521
v -0.0695909783244133 -0.02299593947827816 -0.05365097150206566
v -0.07999998331069946 -0.04989897832274437 -0.05034196004271507
v -0.07564996927976608 -0.054458968341350555 -0.0530729815363884
v -0.07999998331069946 -0.055780939757823944 -0.05293196067214012
v -0.07999998331069946 -0.04989897832274437 -0.05034196004271507
v -0.07999998331069946 -0.04421699047088623 -0.04842495173215866
v -0.07564996927976608 -0.054458968341350555 -0.0530729815363884
v -0.07999998331069946 -0.04421699047088623 -0.04842495173215866
v -0.07737796753644943 -0.04414397105574608 -0.04870498180389404
v -0.07564996927976608 -0.054458968341350555 -0.0530729815363884
v -0.07999998331069946 -0.04421699047088623 -0.04842495173215866
v -0.07999998331069946 -0.03831899166107178 -0.04734199866652489
v -0.07737796753644943 -0.04414397105574608 -0.04870498180389404
v -0.07999998331069946 -0.03831899166107178 -0.04734199866652489
v -0.07737796753644943 -0.038286980241537094 -0.0476299487054348
v -0.07737796753644943 -0.04414397105574608 -0.04870498180389404
v -0.07999998331069946 -0.03831899166107178 -0.04734199866652489
v -0.07999998331069946 -0.032326988875865936 -0.047114960849285126
v -0.07737796753644943 -0.038286980241537094 -0.0476299487054348
v -0.07999998331069946 -0.032326988875865936 -0.047114960849285126
v -0.07737796753644943 -0.03233695030212402 -0.047405000776052475
v -0.07737796753644943 -0.038286980241537094 -0.0476299487054348
v -0.07999998331069946 -0.032326988875865936 -0.047114960849285126
v -0.07999998331069946 -0.026363959535956383 -0.047748979181051254
v -0.07737796753644943 -0.03233695030212402 -0.047405000776052475
v -0.07999998331069946 -0.026363959535956383 -0.047748979181051254
v -0.07737796753644943 -0.026414990425109863 -0.04803495854139328
v -0.07737796753644943 -0.03233695030212402 -0.047405000776052475
v -0.07999998331069946 -0.026363959535956383 -0.047748979181051254
v -0.07999998331069946 -0.020075969398021698 -0.049112968146800995
v -0.07737796753644943 -0.026414990425109863 -0.04803495854139328
v -0.07564996927976608 -0.054458968341350555 -0.0530729815363884
v -0.07737796753644943 -0.04414397105574608 -0.04870498180389404
v -0.07419096678495407 -0.04384100064635277 -0.04987597092986107
v -0.07737796753644943 -0.04414397105574608 -0.04870498180389404
v -0.07737796753644943 -0.038286980241537094 -0.0476299487054348
v -0.07419096678495407 -0.04384100064635277 -0.04987597092986107
v -0.07737796753644943 -0.038286980241537094 -0.0476299487054348
v -0.07419096678495407 -0.03815494850277901 -0.0488319918513298
v -0.07419096678495407 -0.04384100064635277 -0.04987597092986107
v -0.07737796753644943 -0.038286980241537094 -0.0476299487054348
v -0.07737796753644943 -0.03233695030212402 -0.047405000776052475
v -0.07419096678495407 -0.03815494850277901 -0.0488319918513298
v -0.07737796753644943 -0.03233695030212402 -0.047405000776052475
v -0.07419096678495407 -0.032377950847148895 -0.04861396178603172
v -0.07419096678495407 -0.03815494850277901 -0.0488319918513298
v -0.07737796753644943 -0.03233695030212402 -0.047405000776052475
v -0.07737796753644943 -0.026414990425109863 -0.04803495854139328
v -0.07419096678495407 -0.032377950847148895 -0.04861396178603172
v -0.07737796753644943 -0.026414990425109863 -0.04803495854139328
v -0.07419096678495407 -0.026628969237208366 -0.049225978553295135
v -0.07419096678495407 -0.032377950847148895 -0.04861396178603172
v -0.07737796753644943 -0.026414990425109863 -0.04803495854139328
v -0.0717499777674675 -0.021301979199051857 -0.0516049787402153
v -0.07419096678495407 -0.026628969237208366 -0.049225978553295135
v -0.07419096678495407 -0.04384100064635277 -0.04987597092986107
v -0.07079195231199265 -0.04904096946120262 -0.05398993939161301
v -0.07303398102521896 -0.05226397141814232 -0.053391989320516586
v -0.07419096678495407 -0.04384100064635277 -0.04987597092986107
v -0.07419096678495407 -0.03815494850277901 -0.0488319918513298
v -0.07079195231199265 -0.04904096946120262 -0.05398993939161301
v -0.07419096678495407 -0.03815494850277901 -0.0488319918513298
v -0.07147300243377686 -0.037929948419332504 -0.05087697133421898
v -0.07079195231199265 -0.04904096946120262 -0.05398993939161301
v -0.07419096678495407 -0.03815494850277901 -0.0488319918513298
v -0.07419096678495407 -0.032377950847148895 -0.04861396178603172
v -0.07147300243377686 -0.037929948419332504 -0.05087697133421898
v -0.07419096678495407 -0.032377950847148895 -0.04861396178603172
v -0.07147300243377686 -0.03244799003005028 -0.05066996067762375
v -0.07147300243377686 -0.037929948419332504 -0.05087697133421898
v -0.07419096678495407 -0.032377950847148895 -0.04861396178603172
v -0.07419096678495407 -0.026628969237208366 -0.049225978553295135
v -0.07147300243377686 -0.03244799003005028 -0.05066996067762375
v -0.07419096678495407 -0.026628969237208366 -0.049225978553295135
v -0.0717499777674675 -0.021301979199051857 -0.0516049787402153
v -0.07147300243377686 -0.03244799003005028 -0.05066996067762375
v -0.07079195231199265 -0.04904096946120262 -0.05398993939161301
v -0.07147300243377686 -0.037929948419332504 -0.05087697133421898
v -0.06910698860883713 -0.045041970908641815 -0.05497293919324875
v -0.07147300243377686 -0.037929948419332504 -0.05087697133421898
v -0.06944196671247482 -0.03254096955060959 -0.05340695008635521
v -0.06910698860883713 -0.045041970908641815 -0.05497293919324875
v -0.07147300243377686 -0.037929948419332504 -0.05087697133421898
v -0.07147300243377686 -0.03244799003005028 -0.05066996067762375
v -0.06944196671247482 -0.03254096955060959 -0.05340695008635521
v -0.07147300243377686 -0.03244799003005028 -0.05066996067762375
v -0.0717499777674675 -0.021301979199051857 -0.0516049787402153
v -0.06944196671247482 -0.03254096955060959 -0.05340695008635521
v -0.0717499777674675 -0.021301979199051857 -0.0516049787402153
v -0.0695909783244133 -0.02299593947827816 -0.05365097150206566
v -0.06944196671247482 -0.03254096955060959 -0.05340695008635521
v -0.0660099908709526 -0.01855497993528843 -0.05309097841382027
v -0.06290595978498459 -0.019687950611114502 -0.05603098124265671
v -0.06422597169876099 -0.02117495983839035 -0.0574989914894104
v -0.0717499777674675 -0.021301979199051857 -0.0516049787402153
v -0.0734199807047844 -0.01699494943022728 -0.04975998029112816
v -0.06904994696378708 -0.019644970074295998 -0.05253398045897484
v -0.07737796753644943 -0.026414990425109863 -0.04803495854139328
v -0.07451295107603073 -0.019643960520625114 -0.05021398887038231
v -0.0717499777674675 -0.021301979199051857 -0.0516049787402153
v -0.07451295107603073 -0.019643960520625114 -0.05021398887038231
v -0.0734199807047844 -0.01699494943022728 -0.04975998029112816
v -0.0717499777674675 -0.021301979199051857 -0.0516049787402153
v -0.06319998949766159 -0.01588195003569126 -0.049548979848623276
v -0.06290595978498459 -0.019687950611114502 -0.05603098124265671
v -0.0660099908709526 -0.01855497993528843 -0.05309097841382027
v -0.06904994696378708 -0.019644970074295998 -0.05253398045897484
v -0.0695909783244133 -0.02299593947827816 -0.05365097150206566
v -0.0717499777674675 -0.021301979199051857 -0.0516049787402153
v -0.06904994696378708 -0.019644970074295998 -0.05253398045897484
v -0.0660099908709526 -0.01855497993528843 -0.05309097841382027
v -0.06422597169876099 -0.02117495983839035 -0.0574989914894104
v -0.06904994696378708 -0.019644970074295998 -0.05253398045897484
v -0.0685349702835083 -0.016705980524420738 -0.05042498931288719
v -0.0660099908709526 -0.01855497993528843 -0.05309097841382027
v -0.06904994696378708 -0.019644970074295998 -0.05253398045897484
v -0.0734199807047844 -0.01699494943022728 -0.04975998029112816
v -0.0685349702835083 -0.016705980524420738 -0.05042498931288719
v -0.0734199807047844 -0.01699494943022728 -0.04975998029112816
v -0.0762929916381836 -0.013982949778437614 -0.04764895886182785
v -0.0685349702835083 -0.016705980524420738 -0.05042498931288719
v -0.06290595978498459 -0.019687950611114502 -0.05603098124265671
v -0.06319998949766159 -0.01588195003569126 -0.049548979848623276
v -0.06269997358322144 -0.01821798086166382 -0.05233597010374069
v -0.06274700164794922 -0.02768098935484886 -0.060712989419698715
v -0.06274700164794922 -0.024093979969620705 -0.0595739409327507
v -0.06269997358322144 -0.03804498165845871 -0.06025499105453491
v -0.06290595978498459 -0.019687950611114502 -0.05603098124265671
v -0.06269997358322144 -0.01821798086166382 -0.05233597010374069
v -0.06274700164794922 -0.024093979969620705 -0.0595739409327507
v -0.06269997358322144 -0.03804498165845871 -0.06025499105453491
v -0.06335698813199997 -0.0368349514901638 -0.060941990464925766
v -0.06274700164794922 -0.02768098935484886 -0.060712989419698715
v -0.06335698813199997 -0.0368349514901638 -0.060941990464925766
v -0.06269997358322144 -0.03804498165845871 -0.06025499105453491
v -0.06322801113128662 -0.042386941611766815 -0.05922393873333931
v -0.06269997358322144 -0.04721099138259888 -0.05633794888854027
v -0.06322801113128662 -0.042386941611766815 -0.05922393873333931
v -0.06269997358322144 -0.03804498165845871 -0.06025499105453491
v -0.06335698813199997 -0.0368349514901638 -0.060941990464925766
v -0.06322801113128662 -0.042386941611766815 -0.05922393873333931
v -0.06555896252393723 -0.03805797919631004 -0.05960898846387863
v -0.0668029710650444 -0.04359494894742966 -0.057008981704711914
v -0.06757599115371704 -0.03727798908948898 -0.05762999877333641
v -0.06555896252393723 -0.03805797919631004 -0.05960898846387863
v -0.06743896007537842 -0.02849297970533371 -0.05806899070739746
v -0.06757599115371704 -0.03727798908948898 -0.05762999877333641
v -0.06944196671247482 -0.03254096955060959 -0.05340695008635521
v -0.06743896007537842 -0.02849297970533371 -0.05806899070739746
v -0.06555896252393723 -0.03805797919631004 -0.05960898846387863
v -0.06757599115371704 -0.03727798908948898 -0.05762999877333641
v -0.06335698813199997 -0.0368349514901638 -0.060941990464925766
v -0.06559597700834274 -0.02640794962644577 -0.05958997830748558
v -0.06274700164794922 -0.02768098935484886 -0.060712989419698715
v -0.06335698813199997 -0.0368349514901638 -0.060941990464925766
v -0.06555896252393723 -0.03805797919631004 -0.05960898846387863
v -0.06559597700834274 -0.02640794962644577 -0.05958997830748558
v -0.06555896252393723 -0.03805797919631004 -0.05960898846387863
v -0.06743896007537842 -0.02849297970533371 -0.05806899070739746
v -0.06559597700834274 -0.02640794962644577 -0.05958997830748558
v -0.06274700164794922 -0.024093979969620705 -0.0595739409327507
v -0.06422597169876099 -0.02117495983839035 -0.0574989914894104
v -0.06290595978498459 -0.019687950611114502 -0.05603098124265671
v -0.06559597700834274 -0.02640794962644577 -0.05958997830748558
v -0.06274700164794922 -0.024093979969620705 -0.0595739409327507
v -0.06274700164794922 -0.02768098935484886 -0.060712989419698715
v -0.06904994696378708 -0.019644970074295998 -0.05253398045897484
v -0.06422597169876099 -0.02117495983839035 -0.0574989914894104
v -0.06648200005292892 -0.022820940241217613 -0.057255979627370834
v -0.06904994696378708 -0.019644970074295998 -0.05253398045897484
v -0.06648200005292892 -0.022820940241217613 -0.057255979627370834
v -0.0695909783244133 -0.02299593947827816 -0.05365097150206566
v -0.06648200005292892 -0.022820940241217613 -0.057255979627370834
v -0.06743896007537842 -0.02849297970533371 -0.05806899070739746
v -0.0695909783244133 -0.02299593947827816 -0.05365097150206566
v -0.06648200005292892 -0.022820940241217613 -0.057255979627370834
v -0.06559597700834274 -0.02640794962644577 -0.05958997830748558
v -0.06743896007537842 -0.02849297970533371 -0.05806899070739746
v -0.06559597700834274 -0.02640794962644577 -0.05958997830748558
v -0.06648200005292892 -0.022820940241217613 -0.057255979627370834
v -0.06274700164794922 -0.024093979969620705 -0.0595739409327507
v -0.06648200005292892 -0.022820940241217613 -0.057255979627370834
v -0.06422597169876099 -0.02117495983839035 -0.0574989914894104
v -0.06274700164794922 -0.024093979969620705 -0.0595739409327507
v -0.07999998331069946 -0.020075969398021698 -0.049112968146800995
v -0.07451295107603073 -0.019643960520625114 -0.05021398887038231
v -0.07737796753644943 -0.026414990425109863 -0.04803495854139328
v -0.0734199807047844 -0.01699494943022728 -0.04975998029112816
v -0.07451295107603073 -0.019643960520625114 -0.05021398887038231
v -0.07999998331069946 -0.01754694990813732 -0.0489809513092041
v -0.07451295107603073 -0.019643960520625114 -0.05021398887038231
v -0.07999998331069946 -0.020075969398021698 -0.049112968146800995
v -0.07999998331069946 -0.01754694990813732 -0.0489809513092041
v -0.07999998331069946 -0.015131950378417969 -0.04821794852614403
v -0.0734199807047844 -0.01699494943022728 -0.04975998029112816
v -0.07999998331069946 -0.01754694990813732 -0.0489809513092041
v -0.07999998331069946 -0.015131950378417969 -0.04821794852614403
v -0.0762929916381836 -0.013982949778437614 -0.04764895886182785
v -0.0734199807047844 -0.01699494943022728 -0.04975998029112816
v -0.10400000214576721 -0.020023999735713005 -0.049116961658000946
v -0.10400000214576721 -0.0179249607026577 -0.049041979014873505
v -0.07999998331069946 -0.020075969398021698 -0.049112968146800995
v -0.10400000214576721 -0.0179249607026577 -0.049041979014873505
v -0.07999998331069946 -0.01754694990813732 -0.0489809513092041
v -0.07999998331069946 -0.020075969398021698 -0.049112968146800995
v -0.10400000214576721 -0.0179249607026577 -0.049041979014873505
v -0.10398499667644501 -0.015625949949026108 -0.048429958522319794
v -0.07999998331069946 -0.01754694990813732 -0.0489809513092041
v -0.10398499667644501 -0.015625949949026108 -0.048429958522319794
v -0.07999998331069946 -0.015131950378417969 -0.04821794852614403
v -0.07999998331069946 -0.01754694990813732 -0.0489809513092041
v -0.10398499667644501 -0.015625949949026108 -0.048429958522319794
v -0.10317900031805038 -0.011881940066814423 -0.046220000833272934
v -0.07999998331069946 -0.015131950378417969 -0.04821794852614403
v -0.10317900031805038 -0.011881940066814423 -0.046220000833272934
v -0.0762929916381836 -0.013982949778437614 -0.04764895886182785
v -0.07999998331069946 -0.015131950378417969 -0.04821794852614403
v -0.10359600186347961 -0.04789996147155762 -0.04956299066543579
v -0.09700000286102295 -0.05365699157118797 -0.052143990993499756
v -0.09700000286102295 -0.05627297982573509 -0.05302298069000244
v -0.09700000286102295 -0.05365699157118797 -0.052143990993499756
v -0.07999998331069946 -0.04989897832274437 -0.05034196004271507
v -0.07999998331069946 -0.055780939757823944 -0.05293196067214012
v -0.07999998331069946 -0.04421699047088623 -0.04842495173215866
v -0.07999998331069946 -0.04989897832274437 -0.05034196004271507
v -0.10359600186347961 -0.04789996147155762 -0.04956299066543579
v -0.07999998331069946 -0.04989897832274437 -0.05034196004271507
v -0.09700000286102295 -0.05365699157118797 -0.052143990993499756
v -0.10359600186347961 -0.04789996147155762 -0.04956299066543579
v -0.07999998331069946 -0.03831899166107178 -0.04734199866652489
v -0.07999998331069946 -0.04421699047088623 -0.04842495173215866
v -0.10400000214576721 -0.03965996950864792 -0.04751098155975342
v -0.07999998331069946 -0.04421699047088623 -0.04842495173215866
v -0.10400000214576721 -0.04469596967101097 -0.04855196923017502
v -0.10400000214576721 -0.03965996950864792 -0.04751098155975342
v -0.07999998331069946 -0.04421699047088623 -0.04842495173215866
v -0.10359600186347961 -0.04789996147155762 -0.04956299066543579
v -0.10400000214576721 -0.04469596967101097 -0.04855196923017502
v -0.07999998331069946 -0.020075969398021698 -0.049112968146800995
v -0.07999998331069946 -0.026363959535956383 -0.047748979181051254
v -0.10400000214576721 -0.020023999735713005 -0.049116961658000946
v -0.07999998331069946 -0.026363959535956383 -0.047748979181051254
v -0.10400000214576721 -0.027132980525493622 -0.04761898145079613
v -0.10400000214576721 -0.020023999735713005 -0.049116961658000946
v -0.07999998331069946 -0.026363959535956383 -0.047748979181051254
v -0.07999998331069946 -0.032326988875865936 -0.047114960849285126
v -0.10400000214576721 -0.027132980525493622 -0.04761898145079613
v -0.07999998331069946 -0.032326988875865936 -0.047114960849285126
v -0.10400000214576721 -0.03339194878935814 -0.04709196090698242
v -0.10400000214576721 -0.027132980525493622 -0.04761898145079613
v -0.07999998331069946 -0.032326988875865936 -0.047114960849285126
v -0.07999998331069946 -0.03831899166107178 -0.04734199866652489
v -0.10400000214576721 -0.03339194878935814 -0.04709196090698242
v -0.07999998331069946 -0.03831899166107178 -0.04734199866652489
v -0.10400000214576721 -0.03965996950864792 -0.04751098155975342
v -0.10400000214576721 -0.03339194878935814 -0.04709196090698242
v -0.109484001994133 -0.050002988427877426 -0.04741799086332321
v -0.10727100074291229 -0.05495899170637131 -0.04962598904967308
v -0.11022999882698059 -0.053113989531993866 -0.046226970851421356
v -0.109484001994133 -0.050002988427877426 -0.04741799086332321
v -0.11022999882698059 -0.053113989531993866 -0.046226970851421356
v -0.11133500188589096 -0.04857796058058739 -0.04435395821928978
v -0.10400000214576721 -0.04469596967101097 -0.04855196923017502
v -0.10359600186347961 -0.04789996147155762 -0.04956299066543579
v -0.10612300038337708 -0.044770948588848114 -0.04827499017119408
v -0.10359600186347961 -0.04789996147155762 -0.04956299066543579
v -0.10275600105524063 -0.05302494019269943 -0.051548950374126434
v -0.10612300038337708 -0.044770948588848114 -0.04827499017119408
v -0.10727100074291229 -0.05495899170637131 -0.04962598904967308
v -0.10830999910831451 -0.04714595898985863 -0.0478859506547451
v -0.10255099833011627 -0.056696951389312744 -0.05219798907637596
v -0.10727100074291229 -0.05495899170637131 -0.04962598904967308
v -0.109484001994133 -0.050002988427877426 -0.04741799086332321
v -0.10830999910831451 -0.04714595898985863 -0.0478859506547451
v -0.11178799718618393 -0.05413699150085449 -0.041252970695495605
v -0.11133500188589096 -0.04857796058058739 -0.04435395821928978
v -0.11022999882698059 -0.053113989531993866 -0.046226970851421356
v -0.10275600105524063 -0.05302494019269943 -0.051548950374126434
v -0.10359600186347961 -0.04789996147155762 -0.04956299066543579
v -0.09700000286102295 -0.05627297982573509 -0.05302298069000244
v -0.09995096176862717 -0.05779099091887474 -0.0528409406542778
v -0.10255099833011627 -0.056696951389312744 -0.05219798907637596
v -0.09700000286102295 -0.05627297982573509 -0.05302298069000244
v -0.10255099833011627 -0.056696951389312744 -0.05219798907637596
v -0.10275600105524063 -0.05302494019269943 -0.051548950374126434
v -0.09700000286102295 -0.05627297982573509 -0.05302298069000244
v -0.10255099833011627 -0.056696951389312744 -0.05219798907637596
v -0.10830999910831451 -0.04714595898985863 -0.0478859506547451
v -0.10275600105524063 -0.05302494019269943 -0.051548950374126434
v -0.10830999910831451 -0.04714595898985863 -0.0478859506547451
v -0.10612300038337708 -0.044770948588848114 -0.04827499017119408
v -0.10275600105524063 -0.05302494019269943 -0.051548950374126434
v -0.1120000034570694 -0.04645894840359688 -0.04074198007583618
v -0.11133500188589096 -0.04857796058058739 -0.04435395821928978
v -0.11178799718618393 -0.05413699150085449 -0.041252970695495605
v -0.10305000096559525 -0.06322997063398361 -0.05102698877453804
v -0.10621999949216843 -0.06302499026060104 -0.049143970012664795
v -0.10255099833011627 -0.056696951389312744 -0.05219798907637596
v -0.10255099833011627 -0.056696951389312744 -0.05219798907637596
v -0.09995096176862717 -0.05779099091887474 -0.0528409406542778
v -0.10305000096559525 -0.06322997063398361 -0.05102698877453804
v -0.09995096176862717 -0.05779099091887474 -0.0528409406542778
v -0.0995129868388176 -0.06334494799375534 -0.05208294838666916
v -0.10305000096559525 -0.06322997063398361 -0.05102698877453804
v -0.0995129868388176 -0.07203900068998337 -0.05169897899031639
v -0.0995129868388176 -0.06334494799375534 -0.05208294838666916
v -0.09584999084472656 -0.06809300184249878 -0.05199199169874191
v -0.10883200168609619 -0.06274300068616867 -0.046547938138246536
v -0.10621999949216843 -0.06302499026060104 -0.049143970012664795
v -0.10621999949216843 -0.07186596840620041 -0.048746999353170395
v -0.10621999949216843 -0.06302499026060104 -0.049143970012664795
v -0.10305000096559525 -0.06322997063398361 -0.05102698877453804
v -0.10621999949216843 -0.07186596840620041 -0.048746999353170395
v -0.10305000096559525 -0.06322997063398361 -0.05102698877453804
v -0.0995129868388176 -0.06334494799375534 -0.05208294838666916
v -0.0995129868388176 -0.07203900068998337 -0.05169897899031639
v -0.1108509972691536 -0.06594698876142502 -0.04282598942518234
v -0.10883200168609619 -0.06274300068616867 -0.046547938138246536
v -0.109484001994133 -0.06960999220609665 -0.04514997825026512
v -0.10883200168609619 -0.06274300068616867 -0.046547938138246536
v -0.10621999949216843 -0.07186596840620041 -0.048746999353170395
v -0.109484001994133 -0.06960999220609665 -0.04514997825026512
v -0.1120000034570694 -0.04645894840359688 -0.04074198007583618
v -0.11178799718618393 -0.05413699150085449 -0.041252970695495605
v -0.1120000034570694 -0.06366795301437378 -0.0370899997651577
v -0.11178799718618393 -0.05413699150085449 -0.041252970695495605
v -0.11136099696159363 -0.06765096634626389 -0.04021197184920311
v -0.1120000034570694 -0.06366795301437378 -0.0370899997651577
v -0.11178799718618393 -0.05413699150085449 -0.041252970695495605
v -0.11022999882698059 -0.053113989531993866 -0.046226970851421356
v -0.11136099696159363 -0.06765096634626389 -0.04021197184920311
v -0.11022999882698059 -0.053113989531993866 -0.046226970851421356
v -0.1108509972691536 -0.06594698876142502 -0.04282598942518234
v -0.11136099696159363 -0.06765096634626389 -0.04021197184920311
v -0.11022999882698059 -0.053113989531993866 -0.046226970851421356
v -0.10883200168609619 -0.06274300068616867 -0.046547938138246536
v -0.1108509972691536 -0.06594698876142502 -0.04282598942518234
v -0.11022999882698059 -0.053113989531993866 -0.046226970851421356
v -0.10727100074291229 -0.05495899170637131 -0.04962598904967308
v -0.10883200168609619 -0.06274300068616867 -0.046547938138246536
v -0.10727100074291229 -0.05495899170637131 -0.04962598904967308
v -0.10621999949216843 -0.06302499026060104 -0.049143970012664795
v -0.10883200168609619 -0.06274300068616867 -0.046547938138246536
v -0.10727100074291229 -0.05495899170637131 -0.04962598904967308
v -0.10255099833011627 -0.056696951389312744 -0.05219798907637596
v -0.10621999949216843 -0.06302499026060104 -0.049143970012664795
v -0.11136099696159363 -0.06765096634626389 -0.04021197184920311
v -0.1108509972691536 -0.06594698876142502 -0.04282598942518234
v -0.109484001994133 -0.06960999220609665 -0.04514997825026512
v -0.11005000025033951 -0.0731319710612297 -0.03958898037672043
v -0.11136099696159363 -0.06765096634626389 -0.04021197184920311
v -0.1085290014743805 -0.07989697903394699 -0.04405200108885765
v -0.11136099696159363 -0.06765096634626389 -0.04021197184920311
v -0.109484001994133 -0.06960999220609665 -0.04514997825026512
v -0.1085290014743805 -0.07989697903394699 -0.04405200108885765
v -0.11005000025033951 -0.0731319710612297 -0.03958898037672043
v -0.11167199909687042 -0.06575094908475876 -0.035631950944662094
v -0.11136099696159363 -0.06765096634626389 -0.04021197184920311
v -0.11167199909687042 -0.06575094908475876 -0.035631950944662094
v -0.11005000025033951 -0.0731319710612297 -0.03958898037672043
v -0.11070790141820908 -0.06774895638227463 -0.03434497117996216
v -0.11167199909687042 -0.06575094908475876 -0.035631950944662094
v -0.1120000034570694 -0.06366795301437378 -0.0370899997651577
v -0.11136099696159363 -0.06765096634626389 -0.04021197184920311
v -0.10762699693441391 -0.07715599983930588 -0.04547493904829025
v -0.1085290014743805 -0.07989697903394699 -0.04405200108885765
v -0.10792099684476852 -0.07469099014997482 -0.04669195041060448
v -0.1085290014743805 -0.07989697903394699 -0.04405200108885765
v -0.10947199910879135 -0.07839000225067139 -0.0408659502863884
v -0.11005000025033951 -0.0731319710612297 -0.03958898037672043
v -0.10947199910879135 -0.07839000225067139 -0.0408659502863884
v -0.10899999737739563 -0.07691997289657593 -0.03920799121260643
v -0.11005000025033951 -0.0731319710612297 -0.03958898037672043
v -0.11005000025033951 -0.0731319710612297 -0.03958898037672043
v -0.10899999737739563 -0.07057099789381027 -0.03463900089263916
v -0.11070790141820908 -0.06774895638227463 -0.03434497117996216
v -0.11005000025033951 -0.0731319710612297 -0.03958898037672043
v -0.10899999737739563 -0.07691997289657593 -0.03920799121260643
v -0.10899999737739563 -0.07057099789381027 -0.03463900089263916
v -0.10621999949216843 -0.07186596840620041 -0.048746999353170395
v -0.10517200082540512 -0.07638496160507202 -0.04864894971251488
v -0.10792099684476852 -0.07469099014997482 -0.04669195041060448
v -0.10792099684476852 -0.07469099014997482 -0.04669195041060448
v -0.1085290014743805 -0.07989697903394699 -0.04405200108885765
v -0.109484001994133 -0.06960999220609665 -0.04514997825026512
v -0.10621999949216843 -0.07186596840620041 -0.048746999353170395
v -0.10792099684476852 -0.07469099014997482 -0.04669195041060448
v -0.109484001994133 -0.06960999220609665 -0.04514997825026512
v -0.10517200082540512 -0.07638496160507202 -0.04864894971251488
v -0.10762699693441391 -0.07715599983930588 -0.04547493904829025
v -0.10792099684476852 -0.07469099014997482 -0.04669195041060448
v -0.10791900008916855 -0.07894294708967209 -0.044401999562978745
v -0.1085290014743805 -0.07989697903394699 -0.04405200108885765
v -0.10762699693441391 -0.07715599983930588 -0.04547493904829025
v -0.10493090003728867 -0.08257997035980225 -0.04700100049376488
v -0.10716799646615982 -0.08124899119138718 -0.044914960861206055
v -0.10019990056753159 -0.08109097927808762 -0.04480898007750511
v -0.10716799646615982 -0.08124899119138718 -0.044914960861206055
v -0.10019990056753159 -0.07962094992399216 -0.0443529412150383
v -0.10019990056753159 -0.08109097927808762 -0.04480898007750511
v -0.10019990056753159 -0.07811795920133591 -0.04468594864010811
v -0.10019990056753159 -0.07962094992399216 -0.0443529412150383
v -0.10791900008916855 -0.07894294708967209 -0.044401999562978745
v -0.10019990056753159 -0.07962094992399216 -0.0443529412150383
v -0.10716799646615982 -0.08124899119138718 -0.044914960861206055
v -0.10791900008916855 -0.07894294708967209 -0.044401999562978745
v -0.10791900008916855 -0.07894294708967209 -0.044401999562978745
v -0.10762699693441391 -0.07715599983930588 -0.04547493904829025
v -0.10019990056753159 -0.07811795920133591 -0.04468594864010811
v -0.10019990056753159 -0.07650195807218552 -0.047183990478515625
v -0.10762699693441391 -0.07715599983930588 -0.04547493904829025
v -0.10517200082540512 -0.07638496160507202 -0.04864894971251488
v -0.10019990056753159 -0.07650195807218552 -0.047183990478515625
v -0.10019990056753159 -0.07811795920133591 -0.04468594864010811
v -0.10762699693441391 -0.07715599983930588 -0.04547493904829025
v -0.10028800368309021 -0.07756494730710983 -0.04997599124908447
v -0.10019990056753159 -0.07650195807218552 -0.047183990478515625
v -0.10517200082540512 -0.07638496160507202 -0.04864894971251488
v -0.10019990056753159 -0.08109097927808762 -0.04480898007750511
v -0.10032700002193451 -0.08232896775007248 -0.048723988234996796
v -0.10493090003728867 -0.08257997035980225 -0.04700100049376488
v -0.10716799646615982 -0.08124899119138718 -0.044914960861206055
v -0.1085290014743805 -0.07989697903394699 -0.04405200108885765
v -0.10791900008916855 -0.07894294708967209 -0.044401999562978745
v -0.10493090003728867 -0.08257997035980225 -0.04700100049376488
v -0.0995669886469841 -0.08300799131393433 -0.049847960472106934
v -0.10665000230073929 -0.08323097229003906 -0.04612499102950096
v -0.1085290014743805 -0.07989697903394699 -0.04405200108885765
v -0.10716799646615982 -0.08124899119138718 -0.044914960861206055
v -0.10665000230073929 -0.08323097229003906 -0.04612499102950096
v -0.10493090003728867 -0.08257997035980225 -0.04700100049376488
v -0.10665000230073929 -0.08323097229003906 -0.04612499102950096
v -0.10716799646615982 -0.08124899119138718 -0.044914960861206055
v -0.0995669886469841 -0.08300799131393433 -0.049847960472106934
v -0.10493090003728867 -0.08257997035980225 -0.04700100049376488
v -0.10032700002193451 -0.08232896775007248 -0.048723988234996796
v -0.1120000034570694 -0.09493099898099899 -0.026392990723252296
v -0.11083000153303146 -0.09650397300720215 -0.03279196843504906
v -0.11157800257205963 -0.09626597166061401 -0.029990969225764275
v -0.10554499924182892 -0.09246200323104858 -0.04339098185300827
v -0.10739199817180634 -0.08974497765302658 -0.04281497001647949
v -0.10665000230073929 -0.08323097229003906 -0.04612499102950096
v -0.10554499924182892 -0.09246200323104858 -0.04339098185300827
v -0.10870999842882156 -0.09329699724912643 -0.03924094885587692
v -0.10739199817180634 -0.08974497765302658 -0.04281497001647949
v -0.10883200168609619 -0.09711295366287231 -0.03668797016143799
v -0.11083000153303146 -0.09650397300720215 -0.03279196843504906
v -0.10870999842882156 -0.09329699724912643 -0.03924094885587692
v -0.11005499958992004 -0.08859795331954956 -0.03450094908475876
v -0.10899999737739563 -0.08793895691633224 -0.02790600061416626
v -0.10899999737739563 -0.08497899025678635 -0.036669958382844925
v -0.1094060018658638 -0.08358597010374069 -0.03930395096540451
v -0.11005499958992004 -0.08859795331954956 -0.03450094908475876
v -0.10899999737739563 -0.08497899025678635 -0.036669958382844925
v -0.10899999737739563 -0.08497899025678635 -0.036669958382844925
v -0.10899999737739563 -0.07691997289657593 -0.03920799121260643
v -0.1094060018658638 -0.08358597010374069 -0.03930395096540451
v -0.10899999737739563 -0.07691997289657593 -0.03920799121260643
v -0.10947199910879135 -0.07839000225067139 -0.0408659502863884
v -0.1094060018658638 -0.08358597010374069 -0.03930395096540451
v -0.10665000230073929 -0.08323097229003906 -0.04612499102950096
v -0.10739199817180634 -0.08974497765302658 -0.04281497001647949
v -0.1085290014743805 -0.07989697903394699 -0.04405200108885765
v -0.10739199817180634 -0.08974497765302658 -0.04281497001647949
v -0.10907000303268433 -0.08809994906187057 -0.04027998074889183
v -0.1085290014743805 -0.07989697903394699 -0.04405200108885765
v -0.10739199817180634 -0.08974497765302658 -0.04281497001647949
v -0.10870999842882156 -0.09329699724912643 -0.03924094885587692
v -0.10907000303268433 -0.08809994906187057 -0.04027998074889183
v -0.1085290014743805 -0.07989697903394699 -0.04405200108885765
v -0.1094060018658638 -0.08358597010374069 -0.03930395096540451
v -0.10947199910879135 -0.07839000225067139 -0.0408659502863884
v -0.1085290014743805 -0.07989697903394699 -0.04405200108885765
v -0.10907000303268433 -0.08809994906187057 -0.04027998074889183
v -0.1094060018658638 -0.08358597010374069 -0.03930395096540451
v -0.10907000303268433 -0.08809994906187057 -0.04027998074889183
v -0.11005499958992004 -0.08859795331954956 -0.03450094908475876
v -0.1094060018658638 -0.08358597010374069 -0.03930395096540451
v -0.10870999842882156 -0.09329699724912643 -0.03924094885587692
v -0.11083000153303146 -0.09650397300720215 -0.03279196843504906
v -0.10907000303268433 -0.08809994906187057 -0.04027998074889183
v -0.11083000153303146 -0.09650397300720215 -0.03279196843504906
v -0.1120000034570694 -0.09493099898099899 -0.026392990723252296
v -0.10907000303268433 -0.08809994906187057 -0.04027998074889183
v -0.10899999737739563 -0.08793895691633224 -0.02790600061416626
v -0.11005499958992004 -0.08859795331954956 -0.03450094908475876
v -0.11055699735879898 -0.08976399153470993 -0.026091989129781723
v -0.10907000303268433 -0.08809994906187057 -0.04027998074889183
v -0.1120000034570694 -0.09493099898099899 -0.026392990723252296
v -0.11005499958992004 -0.08859795331954956 -0.03450094908475876
v -0.10899999737739563 -0.08793895691633224 -0.02790600061416626
v -0.11055699735879898 -0.08976399153470993 -0.026091989129781723
v -0.10899999737739563 -0.08936195820569992 -0.003388941055163741
v -0.11005499958992004 -0.08859795331954956 -0.03450094908475876
v -0.11153899878263474 -0.09193497151136398 -0.0262179896235466
v -0.11055699735879898 -0.08976399153470993 -0.026091989129781723
v -0.11005499958992004 -0.08859795331954956 -0.03450094908475876
v -0.1120000034570694 -0.09493099898099899 -0.026392990723252296
v -0.11153899878263474 -0.09193497151136398 -0.0262179896235466
v -0.11055699735879898 -0.08976399153470993 -0.026091989129781723
v -0.11070790141820908 -0.09134095162153244 -0.003504991065710783
v -0.10899999737739563 -0.08936195820569992 -0.003388941055163741
v -0.11055699735879898 -0.08976399153470993 -0.026091989129781723
v -0.11153899878263474 -0.09193497151136398 -0.0262179896235466
v -0.11070790141820908 -0.09134095162153244 -0.003504991065710783
v -0.11153899878263474 -0.09193497151136398 -0.0262179896235466
v -0.11167199909687042 -0.09347999095916748 0.001236974960193038
v -0.11070790141820908 -0.09134095162153244 -0.003504991065710783
v -0.11153899878263474 -0.09193497151136398 -0.0262179896235466
v -0.1120000034570694 -0.09493099898099899 -0.026392990723252296
v -0.11167199909687042 -0.09347999095916748 0.001236974960193038
v -0.1120000034570694 -0.09493099898099899 -0.026392990723252296
v -0.1120000034570694 -0.09624999016523361 -0.0037909739185124636
v -0.11167199909687042 -0.09347999095916748 0.001236974960193038
v -0.11167199909687042 -0.04815297946333885 0.0031089780386537313
v -0.1120000034570694 -0.05034995079040527 0.013424989767372608
v -0.1120000034570694 -0.044977959245443344 -0.0016729830531403422
v -0.11167199909687042 -0.04932998865842819 -0.011280950158834457
v -0.11167199909687042 -0.04791795834898949 -0.00660395622253418
v -0.1120000034570694 -0.04961096867918968 -0.01701498031616211
v -0.11167199909687042 -0.04791795834898949 -0.00660395622253418
v -0.1120000034570694 -0.044977959245443344 -0.0016729830531403422
v -0.1120000034570694 -0.04961096867918968 -0.01701498031616211
v -0.11167199909687042 -0.04815297946333885 0.0031089780386537313
v -0.11167199909687042 -0.05235898122191429 0.011868000030517578
v -0.1120000034570694 -0.05034995079040527 0.013424989767372608
v -0.11167199909687042 -0.05235898122191429 0.011868000030517578
v -0.11167199909687042 -0.05574297159910202 0.015390990301966667
v -0.1120000034570694 -0.05034995079040527 0.013424989767372608
v -0.11167199909687042 -0.05574297159910202 0.015390990301966667
v -0.1120000034570694 -0.058600958436727524 0.020369939506053925
v -0.1120000034570694 -0.05034995079040527 0.013424989767372608
v -0.11167199909687042 -0.05574297159910202 0.015390990301966667
v -0.11167199909687042 -0.06432496756315231 0.0199469905346632
v -0.1120000034570694 -0.058600958436727524 0.020369939506053925
v -0.11167199909687042 -0.06432496756315231 0.0199469905346632
v -0.1120000034570694 -0.07439398020505905 0.023087970912456512
v -0.1120000034570694 -0.058600958436727524 0.020369939506053925
v -0.11167199909687042 -0.06432496756315231 0.0199469905346632
v -0.11167199909687042 -0.06913994997739792 0.0207749605178833
v -0.1120000034570694 -0.07439398020505905 0.023087970912456512
v -0.11167199909687042 -0.06913994997739792 0.0207749605178833
v -0.11167199909687042 -0.07875096052885056 0.01935099996626377
v -0.1120000034570694 -0.07439398020505905 0.023087970912456512
v -0.11167199909687042 -0.0831189677119255 0.017160950228571892
v -0.11167199909687042 -0.09001100063323975 0.010312969796359539
v -0.1120000034570694 -0.08871995657682419 0.015905970707535744
v -0.11167199909687042 -0.09001100063323975 0.010312969796359539
v -0.1120000034570694 -0.09460198134183884 0.006866991054266691
v -0.1120000034570694 -0.08871995657682419 0.015905970707535744
v -0.11167199909687042 -0.09001100063323975 0.010312969796359539
v -0.11167199909687042 -0.09347999095916748 0.001236974960193038
v -0.1120000034570694 -0.09460198134183884 0.006866991054266691
v -0.11070790141820908 -0.053638990968465805 -0.014193950220942497
v -0.11070790141820908 -0.05025094002485275 -0.006161986850202084
v -0.11167199909687042 -0.04932998865842819 -0.011280950158834457
v -0.11070790141820908 -0.05025094002485275 -0.006161986850202084
v -0.11167199909687042 -0.04791795834898949 -0.00660395622253418
v -0.11167199909687042 -0.04932998865842819 -0.011280950158834457
v -0.11070790141820908 -0.051931969821453094 0.006683945190161467
v -0.11167199909687042 -0.05235898122191429 0.011868000030517578
v -0.11167199909687042 -0.04815297946333885 0.0031089780386537313
v -0.11070790141820908 -0.051931969821453094 0.006683945190161467
v -0.11070790141820908 -0.05423599109053612 0.010412990115582943
v -0.11167199909687042 -0.05235898122191429 0.011868000030517578
v -0.11070790141820908 -0.05423599109053612 0.010412990115582943
v -0.11167199909687042 -0.05574297159910202 0.015390990301966667
v -0.11167199909687042 -0.05235898122191429 0.011868000030517578
v -0.11070790141820908 -0.05423599109053612 0.010412990115582943
v -0.11070790141820908 -0.06090598925948143 0.016026969999074936
v -0.11167199909687042 -0.05574297159910202 0.015390990301966667
v -0.11070790141820908 -0.06090598925948143 0.016026969999074936
v -0.11167199909687042 -0.06432496756315231 0.0199469905346632
v -0.11167199909687042 -0.05574297159910202 0.015390990301966667
v -0.11070790141820908 -0.06090598925948143 0.016026969999074936
v -0.11070790141820908 -0.06929296255111694 0.01840496063232422
v -0.11167199909687042 -0.06432496756315231 0.0199469905346632
v -0.11070790141820908 -0.06929296255111694 0.01840496063232422
v -0.11167199909687042 -0.06913994997739792 0.0207749605178833
v -0.11167199909687042 -0.06432496756315231 0.0199469905346632
v -0.11070790141820908 -0.06929296255111694 0.01840496063232422
v -0.11070790141820908 -0.07791697233915329 0.01712696999311447
v -0.11167199909687042 -0.06913994997739792 0.0207749605178833
v -0.11070790141820908 -0.07791697233915329 0.01712696999311447
v -0.11167199909687042 -0.07875096052885056 0.01935099996626377
v -0.11167199909687042 -0.06913994997739792 0.0207749605178833
v -0.1120000034570694 -0.09460198134183884 0.006866991054266691
v -0.11167199909687042 -0.09347999095916748 0.001236974960193038
v -0.1120000034570694 -0.09624999016523361 -0.0037909739185124636
v -0.11070790141820908 -0.08525394648313522 0.012418979778885841
v -0.11167199909687042 -0.09001100063323975 0.010312969796359539
v -0.11167199909687042 -0.0831189677119255 0.017160950228571892
v -0.11070790141820908 -0.08525394648313522 0.012418979778885841
v -0.11070790141820908 -0.09000896662473679 0.005110979080200195
v -0.11167199909687042 -0.09001100063323975 0.010312969796359539
v -0.11070790141820908 -0.09000896662473679 0.005110979080200195
v -0.11167199909687042 -0.09347999095916748 0.001236974960193038
v -0.11167199909687042 -0.09001100063323975 0.010312969796359539
v -0.11070790141820908 -0.09000896662473679 0.005110979080200195
v -0.11070790141820908 -0.09134095162153244 -0.003504991065710783
v -0.11167199909687042 -0.09347999095916748 0.001236974960193038
v -0.10899999737739563 -0.0552629791200161 -0.01305793970823288
v -0.11070790141820908 -0.05025094002485275 -0.006161986850202084
v -0.11070790141820908 -0.053638990968465805 -0.014193950220942497
v -0.10899999737739563 -0.0552629791200161 -0.01305793970823288
v -0.10899999737739563 -0.05203896015882492 -0.004811942111700773
v -0.11070790141820908 -0.05025094002485275 -0.006161986850202084
v -0.10899999737739563 -0.05203896015882492 -0.004811942111700773
v -0.11167199909687042 -0.04791795834898949 -0.00660395622253418
v -0.11070790141820908 -0.05025094002485275 -0.006161986850202084
v -0.10899999737739563 -0.05203896015882492 -0.004811942111700773
v -0.10899999737739563 -0.05295497179031372 0.003992973826825619
v -0.11167199909687042 -0.04791795834898949 -0.00660395622253418
v -0.11167199909687042 -0.04791795834898949 -0.00660395622253418
v -0.11167199909687042 -0.04815297946333885 0.0031089780386537313
v -0.1120000034570694 -0.044977959245443344 -0.0016729830531403422
v -0.11167199909687042 -0.04791795834898949 -0.00660395622253418
v -0.11070790141820908 -0.051931969821453094 0.006683945190161467
v -0.11167199909687042 -0.04815297946333885 0.0031089780386537313
v -0.11167199909687042 -0.04791795834898949 -0.00660395622253418
v -0.10899999737739563 -0.05295497179031372 0.003992973826825619
v -0.11070790141820908 -0.051931969821453094 0.006683945190161467
v -0.10899999737739563 -0.05295497179031372 0.003992973826825619
v -0.10899999737739563 -0.054937951266765594 0.007985948584973812
v -0.11070790141820908 -0.051931969821453094 0.006683945190161467
v -0.10899999737739563 -0.054937951266765594 0.007985948584973812
v -0.11070790141820908 -0.05423599109053612 0.010412990115582943
v -0.11070790141820908 -0.051931969821453094 0.006683945190161467
v -0.10899999737739563 -0.054937951266765594 0.007985948584973812
v -0.11070790141820908 -0.06090598925948143 0.016026969999074936
v -0.11070790141820908 -0.05423599109053612 0.010412990115582943
v -0.10899999737739563 -0.054937951266765594 0.007985948584973812
v -0.10899999737739563 -0.06139998883008957 0.014037960208952427
v -0.11070790141820908 -0.06090598925948143 0.016026969999074936
v -0.10899999737739563 -0.06139998883008957 0.014037960208952427
v -0.11070790141820908 -0.06929296255111694 0.01840496063232422
v -0.11070790141820908 -0.06090598925948143 0.016026969999074936
v -0.10899999737739563 -0.06139998883008957 0.014037960208952427
v -0.10899999737739563 -0.06991696357727051 0.016452960669994354
v -0.11070790141820908 -0.06929296255111694 0.01840496063232422
v -0.10899999737739563 -0.06991696357727051 0.016452960669994354
v -0.11070790141820908 -0.07791697233915329 0.01712696999311447
v -0.11070790141820908 -0.06929296255111694 0.01840496063232422
v -0.10899999737739563 -0.06991696357727051 0.016452960669994354
v -0.10899999737739563 -0.078592948615551 0.014692960307002068
v -0.11070790141820908 -0.07791697233915329 0.01712696999311447
v -0.11070790141820908 -0.09134095162153244 -0.003504991065710783
v -0.10899999737739563 -0.0890919491648674 0.0010609619785100222
v -0.10899999737739563 -0.08936195820569992 -0.003388941055163741
v -0.11070790141820908 -0.09134095162153244 -0.003504991065710783
v -0.11070790141820908 -0.09000896662473679 0.005110979080200195
v -0.10899999737739563 -0.0890919491648674 0.0010609619785100222
v -0.11070790141820908 -0.09000896662473679 0.005110979080200195
v -0.10899999737739563 -0.08549696207046509 0.009150980971753597
v -0.10899999737739563 -0.0890919491648674 0.0010609619785100222
v -0.11070790141820908 -0.09000896662473679 0.005110979080200195
v -0.11070790141820908 -0.08525394648313522 0.012418979778885841
v -0.10899999737739563 -0.08549696207046509 0.009150980971753597
v -0.11070790141820908 -0.08525394648313522 0.012418979778885841
v -0.10899999737739563 -0.078592948615551 0.014692960307002068
v -0.10899999737739563 -0.08549696207046509 0.009150980971753597
v -0.11070790141820908 -0.08525394648313522 0.012418979778885841
v -0.11070790141820908 -0.07791697233915329 0.01712696999311447
v -0.10899999737739563 -0.078592948615551 0.014692960307002068
v -0.11070790141820908 -0.08525394648313522 0.012418979778885841
v -0.11167199909687042 -0.0831189677119255 0.017160950228571892
v -0.11070790141820908 -0.07791697233915329 0.01712696999311447
v -0.11167199909687042 -0.0831189677119255 0.017160950228571892
v -0.11167199909687042 -0.07875096052885056 0.01935099996626377
v -0.11070790141820908 -0.07791697233915329 0.01712696999311447
v -0.11167199909687042 -0.0831189677119255 0.017160950228571892
v -0.1120000034570694 -0.08871995657682419 0.015905970707535744
v -0.11167199909687042 -0.07875096052885056 0.01935099996626377
v -0.1120000034570694 -0.08871995657682419 0.015905970707535744
v -0.1120000034570694 -0.07439398020505905 0.023087970912456512
v -0.11167199909687042 -0.07875096052885056 0.01935099996626377
v -0.1120000034570694 -0.06366795301437378 -0.0370899997651577
v -0.11167199909687042 -0.06575094908475876 -0.035631950944662094
v -0.1120000034570694 -0.04961096867918968 -0.01701498031616211
v -0.11167199909687042 -0.06575094908475876 -0.035631950944662094
v -0.11167199909687042 -0.04932998865842819 -0.011280950158834457
v -0.1120000034570694 -0.04961096867918968 -0.01701498031616211
v -0.11167199909687042 -0.06575094908475876 -0.035631950944662094
v -0.11070790141820908 -0.053638990968465805 -0.014193950220942497
v -0.11167199909687042 -0.04932998865842819 -0.011280950158834457
v -0.11167199909687042 -0.06575094908475876 -0.035631950944662094
v -0.11070790141820908 -0.06774895638227463 -0.03434497117996216
v -0.11070790141820908 -0.053638990968465805 -0.014193950220942497
v -0.11070790141820908 -0.06774895638227463 -0.03434497117996216
v -0.10899999737739563 -0.07057099789381027 -0.03463900089263916
v -0.11070790141820908 -0.053638990968465805 -0.014193950220942497
v -0.10899999737739563 -0.07057099789381027 -0.03463900089263916
v -0.10899999737739563 -0.0552629791200161 -0.01305793970823288
v -0.11070790141820908 -0.053638990968465805 -0.014193950220942497
v -0.10830999910831451 -0.04714595898985863 -0.0478859506547451
v -0.109484001994133 -0.050002988427877426 -0.04741799086332321
v -0.10862399637699127 -0.039868950843811035 -0.04605495184659958
v -0.10862399637699127 -0.033379968255758286 -0.04562097042798996
v -0.10862399637699127 -0.039868950843811035 -0.04605495184659958
v -0.11004599928855896 -0.037214990705251694 -0.0443120002746582
v -0.10862399637699127 -0.033379968255758286 -0.04562097042798996
v -0.11004599928855896 -0.037214990705251694 -0.0443120002746582
v -0.10862399637699127 -0.026898980140686035 -0.04616497829556465
v -0.11004599928855896 -0.037214990705251694 -0.0443120002746582
v -0.11057200282812119 -0.02658694051206112 -0.04422396048903465
v -0.10862399637699127 -0.026898980140686035 -0.04616497829556465
v -0.11004599928855896 -0.037214990705251694 -0.0443120002746582
v -0.11070899665355682 -0.03739798069000244 -0.042795948684215546
v -0.11057200282812119 -0.02658694051206112 -0.04422396048903465
v -0.11070899665355682 -0.03739798069000244 -0.042795948684215546
v -0.11181099712848663 -0.030904939398169518 -0.04090499132871628
v -0.11057200282812119 -0.02658694051206112 -0.04422396048903465
v -0.11159200221300125 -0.019642939791083336 -0.043651990592479706
v -0.11181099712848663 -0.030904939398169518 -0.04090499132871628
v -0.1120000034570694 -0.019047969952225685 -0.0411219485104084
v -0.10862399637699127 -0.026898980140686035 -0.04616497829556465
v -0.11057200282812119 -0.02658694051206112 -0.04422396048903465
v -0.11050800234079361 -0.01979093998670578 -0.045776959508657455
v -0.11057200282812119 -0.02658694051206112 -0.04422396048903465
v -0.11159200221300125 -0.019642939791083336 -0.043651990592479706
v -0.11050800234079361 -0.01979093998670578 -0.045776959508657455
v -0.11057200282812119 -0.02658694051206112 -0.04422396048903465
v -0.11181099712848663 -0.030904939398169518 -0.04090499132871628
v -0.11159200221300125 -0.019642939791083336 -0.043651990592479706
v -0.10612300038337708 -0.02708696946501732 -0.04733496159315109
v -0.10871700197458267 -0.019916949793696404 -0.04758197069168091
v -0.10649500042200089 -0.019995979964733124 -0.04871898144483566
v -0.10400000214576721 -0.020023999735713005 -0.049116961658000946
v -0.10400000214576721 -0.027132980525493622 -0.04761898145079613
v -0.10649500042200089 -0.019995979964733124 -0.04871898144483566
v -0.10400000214576721 -0.027132980525493622 -0.04761898145079613
v -0.10612300038337708 -0.02708696946501732 -0.04733496159315109
v -0.10649500042200089 -0.019995979964733124 -0.04871898144483566
v -0.10400000214576721 -0.027132980525493622 -0.04761898145079613
v -0.10400000214576721 -0.03339194878935814 -0.04709196090698242
v -0.10612300038337708 -0.02708696946501732 -0.04733496159315109
v -0.10400000214576721 -0.03339194878935814 -0.04709196090698242
v -0.10612300038337708 -0.03338998183608055 -0.04680496081709862
v -0.10612300038337708 -0.02708696946501732 -0.04733496159315109
v -0.10400000214576721 -0.03339194878935814 -0.04709196090698242
v -0.10400000214576721 -0.03965996950864792 -0.04751098155975342
v -0.10612300038337708 -0.03338998183608055 -0.04680496081709862
v -0.10400000214576721 -0.03965996950864792 -0.04751098155975342
v -0.10612300038337708 -0.039700981229543686 -0.04722696170210838
v -0.10612300038337708 -0.03338998183608055 -0.04680496081709862
v -0.10400000214576721 -0.04469596967101097 -0.04855196923017502
v -0.10612300038337708 -0.044770948588848114 -0.04827499017119408
v -0.10400000214576721 -0.03965996950864792 -0.04751098155975342
v -0.10612300038337708 -0.044770948588848114 -0.04827499017119408
v -0.10612300038337708 -0.039700981229543686 -0.04722696170210838
v -0.10400000214576721 -0.03965996950864792 -0.04751098155975342
v -0.10612300038337708 -0.044770948588848114 -0.04827499017119408
v -0.10830999910831451 -0.04714595898985863 -0.0478859506547451
v -0.10612300038337708 -0.039700981229543686 -0.04722696170210838
v -0.10830999910831451 -0.04714595898985863 -0.0478859506547451
v -0.10862399637699127 -0.039868950843811035 -0.04605495184659958
v -0.10612300038337708 -0.039700981229543686 -0.04722696170210838
v -0.10862399637699127 -0.039868950843811035 -0.04605495184659958
v -0.10612300038337708 -0.03338998183608055 -0.04680496081709862
v -0.10612300038337708 -0.039700981229543686 -0.04722696170210838
v -0.10862399637699127 -0.039868950843811035 -0.04605495184659958
v -0.10862399637699127 -0.033379968255758286 -0.04562097042798996
v -0.10612300038337708 -0.03338998183608055 -0.04680496081709862
v -0.10862399637699127 -0.033379968255758286 -0.04562097042798996
v -0.10612300038337708 -0.02708696946501732 -0.04733496159315109
v -0.10612300038337708 -0.03338998183608055 -0.04680496081709862
v -0.10862399637699127 -0.033379968255758286 -0.04562097042798996
v -0.10862399637699127 -0.026898980140686035 -0.04616497829556465
v -0.10612300038337708 -0.02708696946501732 -0.04733496159315109
v -0.10862399637699127 -0.026898980140686035 -0.04616497829556465
v -0.10871700197458267 -0.019916949793696404 -0.04758197069168091
v -0.10612300038337708 -0.02708696946501732 -0.04733496159315109
v -0.10862399637699127 -0.026898980140686035 -0.04616497829556465
v -0.11050800234079361 -0.01979093998670578 -0.045776959508657455
v -0.10871700197458267 -0.019916949793696404 -0.04758197069168091
v -0.10999999940395355 -0.03935693949460983 -0.03764497861266136
v -0.11025699973106384 -0.03551696985960007 -0.038180939853191376
v -0.11092790216207504 -0.040201958268880844 -0.04114698991179466
v -0.11092790216207504 -0.040201958268880844 -0.04114698991179466
v -0.11025699973106384 -0.03551696985960007 -0.038180939853191376
v -0.11070899665355682 -0.03739798069000244 -0.042795948684215546
v -0.11070899665355682 -0.03739798069000244 -0.042795948684215546
v -0.11025699973106384 -0.03212897852063179 -0.034830980002880096
v -0.11174599826335907 -0.029792960733175278 -0.03645896166563034
v -0.10862399637699127 -0.039868950843811035 -0.04605495184659958
v -0.109484001994133 -0.050002988427877426 -0.04741799086332321
v -0.11004599928855896 -0.037214990705251694 -0.0443120002746582
v -0.1120000034570694 -0.04645894840359688 -0.04074198007583618
v -0.11092790216207504 -0.040201958268880844 -0.04114698991179466
v -0.11133500188589096 -0.04857796058058739 -0.04435395821928978
v -0.11133500188589096 -0.04857796058058739 -0.04435395821928978
v -0.11004599928855896 -0.037214990705251694 -0.0443120002746582
v -0.109484001994133 -0.050002988427877426 -0.04741799086332321
v -0.11133500188589096 -0.04857796058058739 -0.04435395821928978
v -0.11092790216207504 -0.040201958268880844 -0.04114698991179466
v -0.11004599928855896 -0.037214990705251694 -0.0443120002746582
v -0.11092790216207504 -0.040201958268880844 -0.04114698991179466
v -0.11070899665355682 -0.03739798069000244 -0.042795948684215546
v -0.11004599928855896 -0.037214990705251694 -0.0443120002746582
v -0.10999999940395355 -0.03935693949460983 -0.03764497861266136
v -0.11092790216207504 -0.040201958268880844 -0.04114698991179466
v -0.11025699973106384 -0.04589200019836426 -0.03537195175886154
v -0.11181099712848663 -0.030904939398169518 -0.04090499132871628
v -0.11070899665355682 -0.03739798069000244 -0.042795948684215546
v -0.11174599826335907 -0.029792960733175278 -0.03645896166563034
v -0.11025699973106384 -0.03551696985960007 -0.038180939853191376
v -0.11025699973106384 -0.03212897852063179 -0.034830980002880096
v -0.11070899665355682 -0.03739798069000244 -0.042795948684215546
v -0.11025699973106384 -0.03551696985960007 -0.038180939853191376
v -0.10999999940395355 -0.03935693949460983 -0.03764497861266136
v -0.11025699973106384 -0.03212897852063179 -0.034830980002880096
v -0.11025699973106384 -0.03212897852063179 -0.034830980002880096
v -0.10999999940395355 -0.03935693949460983 -0.03764497861266136
v -0.10999999940395355 -0.03275895118713379 -0.03276300057768822
v -0.10999999940395355 -0.026599999517202377 -0.019158950075507164
v -0.11025699973106384 -0.02515994943678379 -0.019811980426311493
v -0.10999999940395355 -0.03275895118713379 -0.03276300057768822
v -0.11025699973106384 -0.02515994943678379 -0.019811980426311493
v -0.11025699973106384 -0.03212897852063179 -0.034830980002880096
v -0.10999999940395355 -0.03275895118713379 -0.03276300057768822
v -0.11025699973106384 -0.02515994943678379 -0.019811980426311493
v -0.1117430031299591 -0.022573940455913544 -0.020981959998607635
v -0.11025699973106384 -0.03212897852063179 -0.034830980002880096
v -0.1117430031299591 -0.022573940455913544 -0.020981959998607635
v -0.11174599826335907 -0.029792960733175278 -0.03645896166563034
v -0.11025699973106384 -0.03212897852063179 -0.034830980002880096
v -0.1117430031299591 -0.022573940455913544 -0.020981959998607635
v -0.1120000034570694 -0.02729398012161255 -0.035237960517406464
v -0.11174599826335907 -0.029792960733175278 -0.03645896166563034
v -0.1117430031299591 -0.022573940455913544 -0.020981959998607635
v -0.1120000034570694 -0.020340969786047935 -0.01891898922622204
v -0.1120000034570694 -0.02729398012161255 -0.035237960517406464
v -0.11181099712848663 -0.030904939398169518 -0.04090499132871628
v -0.11174599826335907 -0.029792960733175278 -0.03645896166563034
v -0.1120000034570694 -0.02729398012161255 -0.035237960517406464
v -0.1117430031299591 -0.04814295843243599 -0.037102989852428436
v -0.11025699973106384 -0.0478549487888813 -0.03058099001646042
v -0.11025699973106384 -0.04589200019836426 -0.03537195175886154
v -0.1117430031299591 -0.04814295843243599 -0.037102989852428436
v -0.1120000034570694 -0.05226397141814232 -0.03088896907866001
v -0.11025699973106384 -0.0478549487888813 -0.03058099001646042
v -0.1120000034570694 -0.05226397141814232 -0.03088896907866001
v -0.1117430031299591 -0.050444960594177246 -0.027314959093928337
v -0.11025699973106384 -0.0478549487888813 -0.03058099001646042
v -0.1117430031299591 -0.050444960594177246 -0.027314959093928337
v -0.11025699973106384 -0.04673796147108078 -0.025525979697704315
v -0.11025699973106384 -0.0478549487888813 -0.03058099001646042
v -0.1117430031299591 -0.050444960594177246 -0.027314959093928337
v -0.1117430031299591 -0.04703497141599655 -0.021394960582256317
v -0.11025699973106384 -0.04673796147108078 -0.025525979697704315
v -0.11025699973106384 -0.04673796147108078 -0.025525979697704315
v -0.10999999940395355 -0.04536699876189232 -0.026312939822673798
v -0.11025699973106384 -0.0478549487888813 -0.03058099001646042
v -0.1117430031299591 -0.04703497141599655 -0.021394960582256317
v -0.1117430031299591 -0.050444960594177246 -0.027314959093928337
v -0.1120000034570694 -0.04961096867918968 -0.01701498031616211
v -0.1117430031299591 -0.050444960594177246 -0.027314959093928337
v -0.1120000034570694 -0.05226397141814232 -0.03088896907866001
v -0.1120000034570694 -0.04961096867918968 -0.01701498031616211
v -0.1117430031299591 -0.04814295843243599 -0.037102989852428436
v -0.11092790216207504 -0.040201958268880844 -0.04114698991179466
v -0.1120000034570694 -0.04645894840359688 -0.04074198007583618
v -0.1117430031299591 -0.04814295843243599 -0.037102989852428436
v -0.11025699973106384 -0.04589200019836426 -0.03537195175886154
v -0.11092790216207504 -0.040201958268880844 -0.04114698991179466
v -0.10999999940395355 -0.04536699876189232 -0.026312939822673798
v -0.11025699973106384 -0.04673796147108078 -0.025525979697704315
v -0.10999999940395355 -0.033075980842113495 -0.014491969719529152
v -0.11025699973106384 -0.04673796147108078 -0.025525979697704315
v -0.11025699973106384 -0.03415000066161156 -0.013331940397620201
v -0.10999999940395355 -0.033075980842113495 -0.014491969719529152
v -0.11025699973106384 -0.04673796147108078 -0.025525979697704315
v -0.1117430031299591 -0.04703497141599655 -0.021394960582256317
v -0.11025699973106384 -0.03415000066161156 -0.013331940397620201
v -0.1117430031299591 -0.04703497141599655 -0.021394960582256317
v -0.1117430031299591 -0.036077968776226044 -0.011249950155615807
v -0.11025699973106384 -0.03415000066161156 -0.013331940397620201
v -0.10649500042200089 -0.019995979964733124 -0.04871898144483566
v -0.10400000214576721 -0.0179249607026577 -0.049041979014873505
v -0.10400000214576721 -0.020023999735713005 -0.049116961658000946
v -0.10823400318622589 -0.015771979466080666 -0.04716496914625168
v -0.1098560020327568 -0.016186950728297234 -0.0458749495446682
v -0.1059660017490387 -0.0114209596067667 -0.0453529916703701
v -0.10400000214576721 -0.0179249607026577 -0.049041979014873505
v -0.10649500042200089 -0.019995979964733124 -0.04871898144483566
v -0.10398499667644501 -0.015625949949026108 -0.048429958522319794
v -0.10871700197458267 -0.019916949793696404 -0.04758197069168091
v -0.10823400318622589 -0.015771979466080666 -0.04716496914625168
v -0.10649500042200089 -0.019995979964733124 -0.04871898144483566
v -0.10823400318622589 -0.015771979466080666 -0.04716496914625168
v -0.10398499667644501 -0.015625949949026108 -0.048429958522319794
v -0.10649500042200089 -0.019995979964733124 -0.04871898144483566
v -0.10823400318622589 -0.015771979466080666 -0.04716496914625168
v -0.1059660017490387 -0.0114209596067667 -0.0453529916703701
v -0.10398499667644501 -0.015625949949026108 -0.048429958522319794
v -0.1059660017490387 -0.0114209596067667 -0.0453529916703701
v -0.10317900031805038 -0.011881940066814423 -0.046220000833272934
v -0.10398499667644501 -0.015625949949026108 -0.048429958522319794
v -0.10823400318622589 -0.015771979466080666 -0.04716496914625168
v -0.10871700197458267 -0.019916949793696404 -0.04758197069168091
v -0.1098560020327568 -0.016186950728297234 -0.0458749495446682
v -0.11136499792337418 -0.016992980614304543 -0.043643951416015625
v -0.11050800234079361 -0.01979093998670578 -0.045776959508657455
v -0.11159200221300125 -0.019642939791083336 -0.043651990592479706
v -0.11136499792337418 -0.016992980614304543 -0.043643951416015625
v -0.1098560020327568 -0.016186950728297234 -0.0458749495446682
v -0.11050800234079361 -0.01979093998670578 -0.045776959508657455
v -0.1098560020327568 -0.016186950728297234 -0.0458749495446682
v -0.10871700197458267 -0.019916949793696404 -0.04758197069168091
v -0.11050800234079361 -0.01979093998670578 -0.045776959508657455
v -0.11136499792337418 -0.016992980614304543 -0.043643951416015625
v -0.11159200221300125 -0.019642939791083336 -0.043651990592479706
v -0.1120000034570694 -0.019047969952225685 -0.0411219485104084
v -0.10899999737739563 -0.030261989682912827 -0.011814950034022331
v -0.10499999672174454 -0.03017299994826317 -0.013825950212776661
v -0.09599994868040085 -0.03016597032546997 -0.011517999693751335
v -0.10499999672174454 -0.03017299994826317 -0.013825950212776661
v -0.09599994868040085 -0.03017299994826317 -0.013824990019202232
v -0.09599994868040085 -0.03016597032546997 -0.011517999693751335
v -0.10499999672174454 -0.03017299994826317 -0.013825950212776661
v -0.09599994868040085 -0.029115969315171242 -0.01592295989394188
v -0.09599994868040085 -0.03017299994826317 -0.013824990019202232
v -0.10499999672174454 -0.03017299994826317 -0.013825950212776661
v -0.10499999672174454 -0.029115969315171242 -0.01592295989394188
v -0.09599994868040085 -0.029115969315171242 -0.01592295989394188
v -0.10499999672174454 -0.029115969315171242 -0.01592295989394188
v -0.1063809022307396 -0.02785198949277401 -0.017259949818253517
v -0.09599994868040085 -0.029115969315171242 -0.01592295989394188
v -0.1063809022307396 -0.02785198949277401 -0.017259949818253517
v -0.09599994868040085 -0.02585499919950962 -0.017870960757136345
v -0.09599994868040085 -0.029115969315171242 -0.01592295989394188
v -0.1063809022307396 -0.02785198949277401 -0.017259949818253517
v -0.10499999672174454 -0.01867597922682762 -0.02107900008559227
v -0.09599994868040085 -0.02585499919950962 -0.017870960757136345
v -0.10499999672174454 -0.01867597922682762 -0.02107900008559227
v -0.09599994868040085 -0.021097000688314438 -0.019841959699988365
v -0.09599994868040085 -0.02585499919950962 -0.017870960757136345
v -0.10814700275659561 -0.018430940806865692 -0.04276895150542259
v -0.10869599878787994 -0.015508940443396568 -0.03849995136260986
v -0.10890000313520432 -0.018589969724416733 -0.04119497165083885
v -0.10499999672174454 -0.018278000876307487 -0.04429196938872337
v -0.10499999672174454 -0.01623499020934105 -0.043695978820323944
v -0.10675200074911118 -0.018317990005016327 -0.04388998821377754
v -0.10499999672174454 -0.01623499020934105 -0.043695978820323944
v -0.10675200074911118 -0.014842979609966278 -0.04213397949934006
v -0.10675200074911118 -0.018317990005016327 -0.04388998821377754
v -0.10499999672174454 -0.01623499020934105 -0.043695978820323944
v -0.10499999672174454 -0.014543949626386166 -0.042404938489198685
v -0.10675200074911118 -0.014842979609966278 -0.04213397949934006
v -0.10499999672174454 -0.014543949626386166 -0.042404938489198685
v -0.10499999672174454 -0.013428979553282261 -0.040591951459646225
v -0.10675200074911118 -0.014842979609966278 -0.04213397949934006
v -0.10499999672174454 -0.013428979553282261 -0.040591951459646225
v -0.10675200074911118 -0.013443940319120884 -0.03849995136260986
v -0.10675200074911118 -0.014842979609966278 -0.04213397949934006
v -0.10499999672174454 -0.013428979553282261 -0.040591951459646225
v -0.10499999672174454 -0.013039940036833286 -0.03849995136260986
v -0.10675200074911118 -0.013443940319120884 -0.03849995136260986
v -0.10675200074911118 -0.014842979609966278 -0.04213397949934006
v -0.10814700275659561 -0.018430940806865692 -0.04276895150542259
v -0.10675200074911118 -0.018317990005016327 -0.04388998821377754
v -0.10675200074911118 -0.014842979609966278 -0.04213397949934006
v -0.10814700275659561 -0.014857940375804901 -0.040041979402303696
v -0.10814700275659561 -0.018430940806865692 -0.04276895150542259
v -0.10675200074911118 -0.014842979609966278 -0.04213397949934006
v -0.10675200074911118 -0.013443940319120884 -0.03849995136260986
v -0.10814700275659561 -0.014857940375804901 -0.040041979402303696
v -0.10814700275659561 -0.018430940806865692 -0.04276895150542259
v -0.10814700275659561 -0.014857940375804901 -0.040041979402303696
v -0.10869599878787994 -0.015508940443396568 -0.03849995136260986
v -0.10499999672174454 -0.013039940036833286 -0.03849995136260986
v -0.10499999672174454 -0.013428979553282261 -0.040591951459646225
v -0.09706895798444748 -0.01283997017890215 -0.03791898116469383
v -0.10499999672174454 -0.013428979553282261 -0.040591951459646225
v -0.09249997138977051 -0.012750980444252491 -0.039443958550691605
v -0.09706895798444748 -0.01283997017890215 -0.03791898116469383
v -0.10499999672174454 -0.013428979553282261 -0.040591951459646225
v -0.10499999672174454 -0.014543949626386166 -0.042404938489198685
v -0.09249997138977051 -0.012750980444252491 -0.039443958550691605
v -0.06319998949766159 -0.016200000420212746 -0.04367696866393089
v -0.10499999672174454 -0.018278000876307487 -0.04429196938872337
v -0.06319998949766159 -0.018278000876307487 -0.04429196938872337
v -0.10499999672174454 -0.018278000876307487 -0.04429196938872337
v -0.06319998949766159 -0.016200000420212746 -0.04367696866393089
v -0.10499999672174454 -0.01623499020934105 -0.043695978820323944
v -0.06319998949766159 -0.016200000420212746 -0.04367696866393089
v -0.10499999672174454 -0.014543949626386166 -0.042404938489198685
v -0.10499999672174454 -0.01623499020934105 -0.043695978820323944
v -0.06319998949766159 -0.016200000420212746 -0.04367696866393089
v -0.06319998949766159 -0.014490960165858269 -0.04234497994184494
v -0.10499999672174454 -0.014543949626386166 -0.042404938489198685
v -0.06319998949766159 -0.014490960165858269 -0.04234497994184494
v -0.09249997138977051 -0.012750980444252491 -0.039443958550691605
v -0.10499999672174454 -0.014543949626386166 -0.042404938489198685
v -0.06319998949766159 -0.014490960165858269 -0.04234497994184494
v -0.06319998949766159 -0.012750980444252491 -0.039443958550691605
v -0.09249997138977051 -0.012750980444252491 -0.039443958550691605
v -0.06273800134658813 -0.02173900045454502 -0.046028971672058105
v -0.06319998949766159 -0.020697949454188347 -0.04453599080443382
v -0.06564699858427048 -0.022115999832749367 -0.046042971312999725
v -0.06319998949766159 -0.020697949454188347 -0.04453599080443382
v -0.06699097156524658 -0.02129196934401989 -0.04459594935178757
v -0.06564699858427048 -0.022115999832749367 -0.046042971312999725
v -0.0668029710650444 -0.023602960631251335 -0.04578696936368942
v -0.06699097156524658 -0.02129196934401989 -0.04459594935178757
v -0.0681999921798706 -0.023697970435023308 -0.04483896121382713
v -0.0668029710650444 -0.023602960631251335 -0.04578696936368942
v -0.06564699858427048 -0.022115999832749367 -0.046042971312999725
v -0.06699097156524658 -0.02129196934401989 -0.04459594935178757
v -0.0668029710650444 -0.023602960631251335 -0.04578696936368942
v -0.06707900017499924 -0.04014796018600464 -0.047002971172332764
v -0.06669998168945312 -0.04004799947142601 -0.04799497127532959
v -0.0668029710650444 -0.023602960631251335 -0.04578696936368942
v -0.0681999921798706 -0.023697970435023308 -0.04483896121382713
v -0.06707900017499924 -0.04014796018600464 -0.047002971172332764
v -0.0681999921798706 -0.023697970435023308 -0.04483896121382713
v -0.0681999921798706 -0.040197961032390594 -0.04650199040770531
v -0.06707900017499924 -0.04014796018600464 -0.047002971172332764
v -0.0668029710650444 -0.023602960631251335 -0.04578696936368942
v -0.06669998168945312 -0.04004799947142601 -0.04799497127532959
v -0.06669998168945312 -0.023547939956188202 -0.05549997091293335
v -0.06669998168945312 -0.04004799947142601 -0.04799497127532959
v -0.06669998168945312 -0.04004799947142601 -0.05549997091293335
v -0.06669998168945312 -0.023547939956188202 -0.05549997091293335
v -0.06577395647764206 -0.023547939956188202 -0.05688595026731491
v -0.06669998168945312 -0.023547939956188202 -0.05549997091293335
v -0.06562995165586472 -0.04004799947142601 -0.056936971843242645
v -0.06669998168945312 -0.023547939956188202 -0.05549997091293335
v -0.06669998168945312 -0.04004799947142601 -0.05549997091293335
v -0.06562995165586472 -0.04004799947142601 -0.056936971843242645
v -0.06669998168945312 -0.04004799947142601 -0.05549997091293335
v -0.06562799215316772 -0.04148596152663231 -0.05549997091293335
v -0.06562995165586472 -0.04004799947142601 -0.056936971843242645
v -0.06669998168945312 -0.04004799947142601 -0.05549997091293335
v -0.06669998168945312 -0.04004799947142601 -0.04799497127532959
v -0.06576298922300339 -0.04143797978758812 -0.04827499017119408
v -0.06562799215316772 -0.04148596152663231 -0.05549997091293335
v -0.06669998168945312 -0.04004799947142601 -0.05549997091293335
v -0.06576298922300339 -0.04143797978758812 -0.04827499017119408
v -0.06562799215316772 -0.04148596152663231 -0.05549997091293335
v -0.06576298922300339 -0.04143797978758812 -0.04827499017119408
v -0.06269997358322144 -0.04204796999692917 -0.05549997091293335
v -0.06576298922300339 -0.04143797978758812 -0.04827499017119408
v -0.06269997358322144 -0.04204796999692917 -0.0482969805598259
v -0.06269997358322144 -0.04204796999692917 -0.05549997091293335
v -0.06269997358322144 -0.04204796999692917 -0.05549997091293335
v -0.06319998949766159 -0.04004799947142601 -0.05699998140335083
v -0.06562799215316772 -0.04148596152663231 -0.05549997091293335
v -0.06319998949766159 -0.04004799947142601 -0.05699998140335083
v -0.06562995165586472 -0.04004799947142601 -0.056936971843242645
v -0.06562799215316772 -0.04148596152663231 -0.05549997091293335
v -0.06577395647764206 -0.023547939956188202 -0.05688595026731491
v -0.06562995165586472 -0.04004799947142601 -0.056936971843242645
v -0.06300895661115646 -0.023547939956188202 -0.05703793838620186
v -0.06562995165586472 -0.04004799947142601 -0.056936971843242645
v -0.06319998949766159 -0.04004799947142601 -0.05699998140335083
v -0.06300895661115646 -0.023547939956188202 -0.05703793838620186
v -0.06577395647764206 -0.023547939956188202 -0.05688595026731491
v -0.06300895661115646 -0.023547939956188202 -0.05703793838620186
v -0.06269997358322144 -0.021547969430685043 -0.05549997091293335
v -0.06626099348068237 -0.022486979141831398 -0.05549997091293335
v -0.06577395647764206 -0.023547939956188202 -0.05688595026731491
v -0.06269997358322144 -0.021547969430685043 -0.05549997091293335
v -0.06564699858427048 -0.022115999832749367 -0.046042971312999725
v -0.06626099348068237 -0.022486979141831398 -0.05549997091293335
v -0.06273800134658813 -0.02173900045454502 -0.046028971672058105
v -0.06626099348068237 -0.022486979141831398 -0.05549997091293335
v -0.06269997358322144 -0.021547969430685043 -0.05549997091293335
v -0.06273800134658813 -0.02173900045454502 -0.046028971672058105
v -0.06669998168945312 -0.023547939956188202 -0.05549997091293335
v -0.06626099348068237 -0.022486979141831398 -0.05549997091293335
v -0.0668029710650444 -0.023602960631251335 -0.04578696936368942
v -0.06626099348068237 -0.022486979141831398 -0.05549997091293335
v -0.06564699858427048 -0.022115999832749367 -0.046042971312999725
v -0.0668029710650444 -0.023602960631251335 -0.04578696936368942
v -0.06669998168945312 -0.023547939956188202 -0.05549997091293335
v -0.06577395647764206 -0.023547939956188202 -0.05688595026731491
v -0.06626099348068237 -0.022486979141831398 -0.05549997091293335
v -0.06576298922300339 -0.04143797978758812 -0.04827499017119408
v -0.06319998949766159 -0.04257994145154953 -0.046871960163116455
v -0.06269997358322144 -0.04204796999692917 -0.0482969805598259
v -0.06576298922300339 -0.04143797978758812 -0.04827499017119408
v -0.06649196147918701 -0.04290597885847092 -0.046774979680776596
v -0.06319998949766159 -0.04257994145154953 -0.046871960163116455
v -0.06649196147918701 -0.04290597885847092 -0.046774979680776596
v -0.06707900017499924 -0.04014796018600464 -0.047002971172332764
v -0.0681999921798706 -0.040197961032390594 -0.04650199040770531
v -0.06707900017499924 -0.04014796018600464 -0.047002971172332764
v -0.06576298922300339 -0.04143797978758812 -0.04827499017119408
v -0.06669998168945312 -0.04004799947142601 -0.04799497127532959
v -0.06649196147918701 -0.04290597885847092 -0.046774979680776596
v -0.06576298922300339 -0.04143797978758812 -0.04827499017119408
v -0.06707900017499924 -0.04014796018600464 -0.047002971172332764
v -0.10050699859857559 -0.004463970195502043 -0.018912969157099724
v -0.09980498999357224 -0.004414975177496672 -0.01846097968518734
v -0.09756100177764893 -0.0040579428896307945 -0.022106999531388283
v -0.06319998949766159 -0.006181954871863127 -0.020271949470043182
v -0.06319998949766159 -0.006033957004547119 -0.022268949076533318
v -0.06277596205472946 -0.004670977126806974 -0.0220489501953125
v -0.06319998949766159 -0.012335949577391148 -0.02476298063993454
v -0.06319998949766159 -0.013593969866633415 -0.023204980418086052
v -0.06283395737409592 -0.015285960398614407 -0.023524990305304527
v -0.06319998949766159 -0.006033957004547119 -0.022268949076533318
v -0.06319998949766159 -0.006873964797705412 -0.024086950346827507
v -0.06277596205472946 -0.004670977126806974 -0.0220489501953125
v -0.06319998949766159 -0.006873964797705412 -0.024086950346827507
v -0.06269997358322144 -0.008307993412017822 -0.025731980800628662
v -0.06277596205472946 -0.004670977126806974 -0.0220489501953125
v -0.06319998949766159 -0.006873964797705412 -0.024086950346827507
v -0.06319998949766159 -0.008491992019116879 -0.025266999378800392
v -0.06269997358322144 -0.008307993412017822 -0.025731980800628662
v -0.06319998949766159 -0.008491992019116879 -0.025266999378800392
v -0.06319998949766159 -0.010478969663381577 -0.02551298961043358
v -0.06269997358322144 -0.008307993412017822 -0.025731980800628662
v -0.06319998949766159 -0.006181954871863127 -0.020271949470043182
v -0.06277596205472946 -0.004670977126806974 -0.0220489501953125
v -0.06319998949766159 -0.008243978023529053 -0.014206940308213234
v -0.06277596205472946 -0.004670977126806974 -0.0220489501953125
v -0.06283395737409592 -0.009228943847119808 -0.00995695497840643
v -0.06319998949766159 -0.008243978023529053 -0.014206940308213234
v -0.06319998949766159 -0.009291945956647396 -0.01253294013440609
v -0.06319998949766159 -0.008243978023529053 -0.014206940308213234
v -0.06283395737409592 -0.009228943847119808 -0.00995695497840643
v -0.06319998949766159 -0.01624000072479248 -0.01737098954617977
v -0.06283395737409592 -0.015285960398614407 -0.023524990305304527
v -0.06319998949766159 -0.013593969866633415 -0.023204980418086052
v -0.09869997948408127 -0.013593969866633415 -0.023204980418086052
v -0.09869997948408127 -0.01624000072479248 -0.01737098954617977
v -0.06319998949766159 -0.013593969866633415 -0.023204980418086052
v -0.09869997948408127 -0.01624000072479248 -0.01737098954617977
v -0.06319998949766159 -0.01624000072479248 -0.01737098954617977
v -0.06319998949766159 -0.013593969866633415 -0.023204980418086052
v -0.06319998949766159 -0.013593969866633415 -0.023204980418086052
v -0.06319998949766159 -0.012335949577391148 -0.02476298063993454
v -0.09869997948408127 -0.013593969866633415 -0.023204980418086052
v -0.06319998949766159 -0.012335949577391148 -0.02476298063993454
v -0.09869997948408127 -0.012335949577391148 -0.02476298063993454
v -0.09869997948408127 -0.013593969866633415 -0.023204980418086052
v -0.06319998949766159 -0.012335949577391148 -0.02476298063993454
v -0.06319998949766159 -0.010478969663381577 -0.02551298961043358
v -0.09869997948408127 -0.012335949577391148 -0.02476298063993454
v -0.06319998949766159 -0.010478969663381577 -0.02551298961043358
v -0.09869997948408127 -0.010478969663381577 -0.02551298961043358
v -0.09869997948408127 -0.012335949577391148 -0.02476298063993454
v -0.06319998949766159 -0.010478969663381577 -0.02551298961043358
v -0.06319998949766159 -0.008491992019116879 -0.025266999378800392
v -0.09869997948408127 -0.010478969663381577 -0.02551298961043358
v -0.06319998949766159 -0.008491992019116879 -0.025266999378800392
v -0.09869997948408127 -0.008491992019116879 -0.025266999378800392
v -0.09869997948408127 -0.010478969663381577 -0.02551298961043358
v -0.06319998949766159 -0.008491992019116879 -0.025266999378800392
v -0.06319998949766159 -0.006873964797705412 -0.024086950346827507
v -0.09869997948408127 -0.008491992019116879 -0.025266999378800392
v -0.06319998949766159 -0.006873964797705412 -0.024086950346827507
v -0.09869997948408127 -0.006873964797705412 -0.024086950346827507
v -0.09869997948408127 -0.008491992019116879 -0.025266999378800392
v -0.06319998949766159 -0.006873964797705412 -0.024086950346827507
v -0.06319998949766159 -0.006033957004547119 -0.022268949076533318
v -0.09869997948408127 -0.006873964797705412 -0.024086950346827507
v -0.06319998949766159 -0.006033957004547119 -0.022268949076533318
v -0.09869997948408127 -0.006033957004547119 -0.022268949076533318
v -0.09869997948408127 -0.006873964797705412 -0.024086950346827507
v -0.06319998949766159 -0.006033957004547119 -0.022268949076533318
v -0.06319998949766159 -0.006181954871863127 -0.020271949470043182
v -0.09869997948408127 -0.006033957004547119 -0.022268949076533318
v -0.06319998949766159 -0.006181954871863127 -0.020271949470043182
v -0.09869997948408127 -0.006181954871863127 -0.020271949470043182
v -0.09869997948408127 -0.006033957004547119 -0.022268949076533318
v -0.09869997948408127 -0.008243978023529053 -0.014206940308213234
v -0.09869997948408127 -0.006181954871863127 -0.020271949470043182
v -0.06319998949766159 -0.008243978023529053 -0.014206940308213234
v -0.09869997948408127 -0.006181954871863127 -0.020271949470043182
v -0.06319998949766159 -0.006181954871863127 -0.020271949470043182
v -0.06319998949766159 -0.008243978023529053 -0.014206940308213234
v -0.06319998949766159 -0.008243978023529053 -0.014206940308213234
v -0.06319998949766159 -0.009291945956647396 -0.01253294013440609
v -0.09869997948408127 -0.008243978023529053 -0.014206940308213234
v -0.06319998949766159 -0.009291945956647396 -0.01253294013440609
v -0.09869997948408127 -0.009291945956647396 -0.01253294013440609
v -0.09869997948408127 -0.008243978023529053 -0.014206940308213234
v -0.06319998949766159 -0.009291945956647396 -0.01253294013440609
v -0.06319998949766159 -0.01097595039755106 -0.011502980254590511
v -0.09869997948408127 -0.009291945956647396 -0.01253294013440609
v -0.06319998949766159 -0.01097595039755106 -0.011502980254590511
v -0.09869997948408127 -0.01097595039755106 -0.011502980254590511
v -0.09869997948408127 -0.009291945956647396 -0.01253294013440609
v -0.06319998949766159 -0.01097595039755106 -0.011502980254590511
v -0.06319998949766159 -0.012942959554493427 -0.011334000155329704
v -0.09869997948408127 -0.01097595039755106 -0.011502980254590511
v -0.06319998949766159 -0.012942959554493427 -0.011334000155329704
v -0.09869997948408127 -0.012942959554493427 -0.011334000155329704
v -0.09869997948408127 -0.01097595039755106 -0.011502980254590511
v -0.06319998949766159 -0.012942959554493427 -0.011334000155329704
v -0.06319998949766159 -0.014778969809412956 -0.012059980072081089
v -0.09869997948408127 -0.012942959554493427 -0.011334000155329704
v -0.06319998949766159 -0.014778969809412956 -0.012059980072081089
v -0.09869997948408127 -0.014778969809412956 -0.012059980072081089
v -0.09869997948408127 -0.012942959554493427 -0.011334000155329704
v -0.06319998949766159 -0.014778969809412956 -0.012059980072081089
v -0.06319998949766159 -0.016096940264105797 -0.013529949821531773
v -0.09869997948408127 -0.014778969809412956 -0.012059980072081089
v -0.06319998949766159 -0.016096940264105797 -0.013529949821531773
v -0.09869997948408127 -0.016096940264105797 -0.013529949821531773
v -0.09869997948408127 -0.014778969809412956 -0.012059980072081089
v -0.06319998949766159 -0.016096940264105797 -0.013529949821531773
v -0.06319998949766159 -0.01662098988890648 -0.015432950109243393
v -0.09869997948408127 -0.016096940264105797 -0.013529949821531773
v -0.06319998949766159 -0.01662098988890648 -0.015432950109243393
v -0.09869997948408127 -0.01662098988890648 -0.015432950109243393
v -0.09869997948408127 -0.016096940264105797 -0.013529949821531773
v -0.06319998949766159 -0.01662098988890648 -0.015432950109243393
v -0.06319998949766159 -0.01624000072479248 -0.01737098954617977
v -0.09869997948408127 -0.01662098988890648 -0.015432950109243393
v -0.06319998949766159 -0.01624000072479248 -0.01737098954617977
v -0.09869997948408127 -0.01624000072479248 -0.01737098954617977
v -0.09869997948408127 -0.01662098988890648 -0.015432950109243393
v -0.10011400282382965 -0.015706000849604607 -0.017129000276327133
v -0.09869997948408127 -0.01662098988890648 -0.015432950109243393
v -0.09869997948408127 -0.01624000072479248 -0.01737098954617977
v -0.09869997948408127 -0.014778969809412956 -0.012059980072081089
v -0.10011400282382965 -0.015582970343530178 -0.013810990378260612
v -0.09869997948408127 -0.012942959554493427 -0.011334000155329704
v -0.09869997948408127 -0.014778969809412956 -0.012059980072081089
v -0.09869997948408127 -0.016096940264105797 -0.013529949821531773
v -0.10011400282382965 -0.015582970343530178 -0.013810990378260612
v -0.09869997948408127 -0.016096940264105797 -0.013529949821531773
v -0.09869997948408127 -0.01662098988890648 -0.015432950109243393
v -0.10011400282382965 -0.015582970343530178 -0.013810990378260612
v -0.09869997948408127 -0.01662098988890648 -0.015432950109243393
v -0.10011400282382965 -0.015706000849604607 -0.017129000276327133
v -0.10011400282382965 -0.015582970343530178 -0.013810990378260612
v -0.09869997948408127 -0.008243978023529053 -0.014206940308213234
v -0.09869997948408127 -0.009291945956647396 -0.01253294013440609
v -0.10054799914360046 -0.009412944316864014 -0.014604980126023293
v -0.09869997948408127 -0.009291945956647396 -0.01253294013440609
v -0.09869997948408127 -0.01097595039755106 -0.011502980254590511
v -0.10054799914360046 -0.009412944316864014 -0.014604980126023293
v -0.09869997948408127 -0.01097595039755106 -0.011502980254590511
v -0.10054799914360046 -0.012763969600200653 -0.012555000372231007
v -0.10054799914360046 -0.009412944316864014 -0.014604980126023293
v -0.09869997948408127 -0.01097595039755106 -0.011502980254590511
v -0.09869997948408127 -0.012942959554493427 -0.011334000155329704
v -0.10054799914360046 -0.012763969600200653 -0.012555000372231007
v -0.09869997948408127 -0.012942959554493427 -0.011334000155329704
v -0.10011400282382965 -0.015582970343530178 -0.013810990378260612
v -0.10054799914360046 -0.012763969600200653 -0.012555000372231007
v -0.10011400282382965 -0.015582970343530178 -0.013810990378260612
v -0.1006999984383583 -0.014341950416564941 -0.0144879799336195
v -0.10054799914360046 -0.012763969600200653 -0.012555000372231007
v -0.10011400282382965 -0.015582970343530178 -0.013810990378260612
v -0.10011400282382965 -0.015706000849604607 -0.017129000276327133
v -0.1006999984383583 -0.014341950416564941 -0.0144879799336195
v -0.10054799914360046 -0.009412944316864014 -0.014604980126023293
v -0.10054799914360046 -0.012763969600200653 -0.012555000372231007
v -0.1006850004196167 -0.0077599878422915936 -0.021955959498882294
v -0.1006999984383583 -0.014341950416564941 -0.0144879799336195
v -0.1006850004196167 -0.0077599878422915936 -0.021955959498882294
v -0.10054799914360046 -0.012763969600200653 -0.012555000372231007
v -0.1006999984383583 -0.014341950416564941 -0.0144879799336195
v -0.10035700350999832 -0.011811969801783562 -0.024055950343608856
v -0.1006850004196167 -0.0077599878422915936 -0.021955959498882294
v -0.09869997948408127 -0.012335949577391148 -0.02476298063993454
v -0.10035700350999832 -0.011811969801783562 -0.024055950343608856
v -0.09869997948408127 -0.013593969866633415 -0.023204980418086052
v -0.09869997948408127 -0.012335949577391148 -0.02476298063993454
v -0.09869997948408127 -0.010478969663381577 -0.02551298961043358
v -0.10035700350999832 -0.011811969801783562 -0.024055950343608856
v -0.09869997948408127 -0.008491992019116879 -0.025266999378800392
v -0.10035700350999832 -0.00881498958915472 -0.02444899082183838
v -0.09869997948408127 -0.010478969663381577 -0.02551298961043358
v -0.09869997948408127 -0.008491992019116879 -0.025266999378800392
v -0.09869997948408127 -0.006873964797705412 -0.024086950346827507
v -0.10035700350999832 -0.00881498958915472 -0.02444899082183838
v -0.09869997948408127 -0.006033957004547119 -0.022268949076533318
v -0.1006850004196167 -0.0077599878422915936 -0.021955959498882294
v -0.09869997948408127 -0.006873964797705412 -0.024086950346827507
v -0.09869997948408127 -0.006033957004547119 -0.022268949076533318
v -0.09869997948408127 -0.006181954871863127 -0.020271949470043182
v -0.1006850004196167 -0.0077599878422915936 -0.021955959498882294
v -0.09869997948408127 -0.010478969663381577 -0.02551298961043358
v -0.10035700350999832 -0.00881498958915472 -0.02444899082183838
v -0.10035700350999832 -0.011811969801783562 -0.024055950343608856
v -0.10035700350999832 -0.00881498958915472 -0.02444899082183838
v -0.1006850004196167 -0.0077599878422915936 -0.021955959498882294
v -0.10035700350999832 -0.011811969801783562 -0.024055950343608856
v -0.10035700350999832 -0.00881498958915472 -0.02444899082183838
v -0.09869997948408127 -0.006873964797705412 -0.024086950346827507
v -0.1006850004196167 -0.0077599878422915936 -0.021955959498882294
v -0.1006999984383583 -0.014341950416564941 -0.0144879799336195
v -0.10011400282382965 -0.015706000849604607 -0.017129000276327133
v -0.10035700350999832 -0.011811969801783562 -0.024055950343608856
v -0.10035700350999832 -0.011811969801783562 -0.024055950343608856
v -0.10011400282382965 -0.015706000849604607 -0.017129000276327133
v -0.09869997948408127 -0.013593969866633415 -0.023204980418086052
v -0.10011400282382965 -0.015706000849604607 -0.017129000276327133
v -0.09869997948408127 -0.01624000072479248 -0.01737098954617977
v -0.09869997948408127 -0.013593969866633415 -0.023204980418086052
v -0.1006850004196167 -0.0077599878422915936 -0.021955959498882294
v -0.09869997948408127 -0.006181954871863127 -0.020271949470043182
v -0.10054799914360046 -0.009412944316864014 -0.014604980126023293
v -0.09869997948408127 -0.006181954871863127 -0.020271949470043182
v -0.09869997948408127 -0.008243978023529053 -0.014206940308213234
v -0.10054799914360046 -0.009412944316864014 -0.014604980126023293
v -0.0772959515452385 -0.0854329988360405 0.04933499917387962
v -0.07670395821332932 -0.0924069806933403 0.046433981508016586
v -0.07638096064329147 -0.08084999769926071 0.05028200149536133
vt 0 0
vt 0 0
vt 0 0
vt 0 0
vt 0 0
vt 0 0
vt 0 0
vt 0 0
vt 0 0
vt 0 0
vt 0 0
vt 0 0
vt 0 0
vt 0 0
vt 0 0
vt 0 0
vt 0 0
vt 0 0
vt 0 0
vt 0 0
vt 0 0
vt 0 0
vt 0 0
vt 0 0
vt 0 0
vt 0 0
vt 0 0
vt 0 0
vt 0 0
vt 0 0
vt 0 0
vt 0 0
vt 0 0
vt 0 0
vt 0 0
vt 0 0
vt 0 0
vt 0 0
vt 0 0
vt 0 0
vt 0 0
vt 0 0
vt 0 0
vt 0 0
vt 0 0
vt 0 0
vt 0 0
vt 0 0
vt 0 0
vt 0 0
vt 0 0
vt 0 0
vt 0 0
vt 0 0
vt 0 0
vt 0 0
vt 0 0
vt 0 0
vt 0 0
vt 0 0
vt 0 0
vt 0 0
vt 0 0
vt 0 0
vt 0 0
vt 0 0
vt 0 0
vt 0 0
vt 0 0
vt 0 0
vt 0 0
vt 0 0
vt 0 0
vt 0 0
vt 0 0
vt 0 0
vt 0 0
vt 0 0
vt 0 0
vt 0 0
vt 0 0
vt 0 0
vt 0 0
vt 0 0
vt 0 0
vt 0 0
vt 0 0
vt 0 0
vt 0 0
vt 0 0
vt 0 0
vt 0 0
vt 0 0
vt 0 0
vt 0 0
vt 0 0
vt 0 0
vt 0 0
vt 0 0
vt 0 0
vt 0 0
vt 0 0
vt 0 0
vt 0 0
vt 0 0
vt 0 0
vt 0 0
vt 0 0
vt 0 0
vt 0 0
vt 0 0
vt 0 0
vt 0 0
vt 0 0
vt 0 0
vt 0 0
vt 0 0
vt 0 0
vt 0 0
vt 0 0
vt 0 0
vt 0 0
vt 0 0
vt 0 0
vt 0 0
vt 0 0
vt 0 0
vt 0 0
vt 0 0
vt 0 0
vt 0 0
vt 0 0
vt 0 0
vt 0 0
vt 0 0
vt 0 0
vt 0 0
vt 0 0
vt 0 0
vt 0 0
vt 0 0
vt 0 0
vt 0 0
vt 0 0
vt 0 0
vt 0 0
vt 0 0
vt 0 0
vt 0 0
vt 0 0
vt 0 0
vt 0 0
vt 0 0
vt 0 0
vt 0 0
vt 0 0
vt 0 0
vt 0 0
vt 0 0
vt 0 0
vt 0 0
vt 0 0
vt 0 0
vt 0 0
vt 0 0
vt 0 0
vt 0 0
vt 0 0
vt 0 0
vt 0 0
vt 0 0
vt 0 0
vt 0 0
vt 0 0
vt 0 0
vt 0 0
vt 0 0
vt 0 0
vt 0 0
vt 0 0
vt 0 0
vt 0 0
vt 0 0
vt 0 0
vt 0 0
vt 0 0
vt 0 0
vt 0 0
vt 0 0
vt 0 0
vt 0 0
vt 0 0
vt 0 0
vt 0 0
vt 0 0
vt 0 0
vt 0 0
vt 0 0
vt 0 0
vt 0 0
vt 0 0
vt 0 0
vt 0 0
vt 0 0
vt 0 0
vt 0 0
vt 0 0
vt 0 0
vt 0 0
vt 0 0
vt 0 0
vt 0 0
vt 0 0
vt 0 0
vt 0 0
vt 0 0
vt 0 0
vt 0 0
vt 0 0
vt 0 0
vt 0 0
vt 0 0
vt 0 0
vt 0 0
vt 0 0
vt 0 0
vt 0 0
vt 0 0
vt 0 0
vt 0 0
vt 0 0
vt 0 0
vt 0 0
vt 0 0
vt 0 0
vt 0 0
vt 0 0
vt 0 0
vt 0 0
vt 0 0
vt 0 0
vt 0 0
vt 0 0
vt 0 0
vt 0 0
vt 0 0
vt 0 0
vt 0 0
vt 0 0
vt 0 0
vt 0 0
vt 0 0
vt 0 0
vt 0 0
vt 0 0
vt 0 0
vt 0 0
vt 0 0
vt 0 0
vt 0 0
vt 0 0
vt 0 0
vt 0 0
vt 0 0
vt 0 0
vt 0 0
vt 0 0
vt 0 0
vt 0 0
vt 0 0
vt 0 0
vt 0 0
vt 0 0
vt 0 0
vt 0 0
vt 0 0
vt 0 0
vt 0 0
vt 0 0
vt 0 0
vt 0 0
vt 0 0
vt 0 0
vt 0 0
vt 0 0
vt 0 0
vt 0 0
vt 0 0
vt 0 0
vt 0 0
vt 0 0
vt 0 0
vt 0 0
vt 0 0
vt 0 0
vt 0 0
vt 0 0
vt 0 0
vt 0 0
vt 0 0
vt 0 0
vt 0 0
vt 0 0
vt 0 0
vt 0 0
vt 0 0
vt 0 0
vt 0 0
vt 0 0
vt 0 0
vt 0 0
vt 0 0
vt 0 0
vt 0 0
vt 0 0
vt 0 0
vt 0 0
vt 0 0
vt 0 0
vt 0 0
vt 0 0
vt 0 0
vt 0 0
vt 0 0
vt 0 0
vt 0 0
vt 0 0
vt 0 0
vt 0 0
vt 0 0
vt 0 0
vt 0 0
vt 0 0
vt 0 0
vt 0 0
vt 0 0
vt 0 0
vt 0 0
vt 0 0
vt 0 0
vt 0 0
vt 0 0
vt 0 0
vt 0 0
vt 0 0
vt 0 0
vt 0 0
vt 0 0
vt 0 0
vt 0 0
vt 0 0
vt 0 0
vt 0 0
vt 0 0
vt 0 0
vt 0 0
vt 0 0
vt 0 0
vt 0 0
vt 0 0
vt 0 0
vt 0 0
vt 0 0
vt 0 0
vt 0 0
vt 0 0
vt 0 0
vt 0 0
vt 0 0
vt 0 0
vt 0 0
vt 0 0
vt 0 0
vt 0 0
vt 0 0
vt 0 0
vt 0 0
vt 0 0
vt 0 0
vt 0 0
vt 0 0
vt 0 0
vt 0 0
vt 0 0
vt 0 0
vt 0 0
vt 0 0
vt 0 0
vt 0 0
vt 0 0
vt 0 0
vt 0 0
vt 0 0
vt 0 0
vt 0 0
vt 0 0
vt 0 0
vt 0 0
vt 0 0
vt 0 0
vt 0 0
vt 0 0
vt 0 0
vt 0 0
vt 0 0
vt 0 0
vt 0 0
vt 0 0
vt 0 0
vt 0 0
vt 0 0
vt 0 0
vt 0 0
vt 0 0
vt 0 0
vt 0 0
vt 0 0
vt 0 0
vt 0 0
vt 0 0
vt 0 0
vt 0 0
vt 0 0
vt 0 0
vt 0 0
vt 0 0
vt 0 0
vt 0 0
vt 0 0
vt 0 0
vt 0 0
vt 0 0
vt 0 0
vt 0 0
vt 0 0
vt 0 0
vt 0 0
vt 0 0
vt 0 0
vt 0 0
vt 0 0
vt 0 0
vt 0 0
vt 0 0
vt 0 0
vt 0 0
vt 0 0
vt 0 0
vt 0 0
vt 0 0
vt 0 0
vt 0 0
vt 0 0
vt 0 0
vt 0 0
vt 0 0
vt 0 0
vt 0 0
vt 0 0
vt 0 0
vt 0 0
vt 0 0
vt 0 0
vt 0 0
vt 0 0
vt 0 0
vt 0 0
vt 0 0
vt 0 0
vt 0 0
vt 0 0
vt 0 0
vt 0 0
vt 0 0
vt 0 0
vt 0 0
vt 0 0
vt 0 0
vt 0 0
vt 0 0
vt 0 0
vt 0 0
vt 0 0
vt 0 0
vt 0 0
vt 0 0
vt 0 0
vt 0 0
vt 0 0
vt 0 0
vt 0 0
vt 0 0
vt 0 0
vt 0 0
vt 0 0
vt 0 0
vt 0 0
vt 0 0
vt 0 0
vt 0 0
vt 0 0
vt 0 0
vt 0 0
vt 0 0
vt 0 0
vt 0 0
vt 0 0
vt 0 0
vt 0 0
vt 0 0
vt 0 0
vt 0 0
vt 0 0
vt 0 0
vt 0 0
vt 0 0
vt 0 0
vt 0 0
vt 0 0
vt 0 0
vt 0 0
vt 0 0
vt 0 0
vt 0 0
vt 0 0
vt 0 0
vt 0 0
vt 0 0
vt 0 0
vt 0 0
vt 0 0
vt 0 0
vt 0 0
vt 0 0
vt 0 0
vt 0 0
vt 0 0
vt 0 0
vt 0 0
vt 0 0
vt 0 0
vt 0 0
vt 0 0
vt 0 0
vt 0 0
vt 0 0
vt 0 0
vt 0 0
vt 0 0
vt 0 0
vt 0 0
vt 0 0
vt 0 0
vt 0 0
vt 0 0
vt 0 0
vt 0 0
vt 0 0
vt 0 0
vt 0 0
vt 0 0
vt 0 0
vt 0 0
vt 0 0
vt 0 0
vt 0 0
vt 0 0
vt 0 0
vt 0 0
vt 0 0
vt 0 0
vt 0 0
vt 0 0
vt 0 0
vt 0 0
vt 0 0
vt 0 0
vt 0 0
vt 0 0
vt 0 0
vt 0 0
vt 0 0
vt 0 0
vt 0 0
vt 0 0
vt 0 0
vt 0 0
vt 0 0
vt 0 0
vt 0 0
vt 0 0
vt 0 0
vt 0 0
vt 0 0
vt 0 0
vt 0 0
vt 0 0
vt 0 0
vt 0 0
vt 0 0
vt 0 0
vt 0 0
vt 0 0
vt 0 0
vt 0 0
vt 0 0
vt 0 0
vt 0 0
vt 0 0
vt 0 0
vt 0 0
vt 0 0
vt 0 0
vt 0 0
vt 0 0
vt 0 0
vt 0 0
vt 0 0
vt 0 0
vt 0 0
vt 0 0
vt 0 0
vt 0 0
vt 0 0
vt 0 0
vt 0 0
vt 0 0
vt 0 0
vt 0 0
vt 0 0
vt 0 0
vt 0 0
vt 0 0
vt 0 0
vt 0 0
vt 0 0
vt 0 0
vt 0 0
vt 0 0
vt 0 0
vt 0 0
vt 0 0
vt 0 0
vt 0 0
vt 0 0
vt 0 0
vt 0 0
vt 0 0
vt 0 0
vt 0 0
vt 0 0
vt 0 0
vt 0 0
vt 0 0
vt 0 0
vt 0 0
vt 0 0
vt 0 0
vt 0 0
vt 0 0
vt 0 0
vt 0 0
vt 0 0
vt 0 0
vt 0 0
vt 0 0
vt 0 0
vt 0 0
vt 0 0
vt 0 0
vt 0 0
vt 0 0
vt 0 0
vt 0 0
vt 0 0
vt 0 0
vt 0 0
vt 0 0
vt 0 0
vt 0 0
vt 0 0
vt 0 0
vt 0 0
vt 0 0
vt 0 0
vt 0 0
vt 0 0
vt 0 0
vt 0 0
vt 0 0
vt 0 0
vt 0 0
vt 0 0
vt 0 0
vt 0 0
vt 0 0
vt 0 0
vt 0 0
vt 0 0
vt 0 0
vt 0 0
vt 0 0
vt 0 0
vt 0 0
vt 0 0
vt 0 0
vt 0 0
vt 0 0
vt 0 0
vt 0 0
vt 0 0
vt 0 0
vt 0 0
vt 0 0
vt 0 0
vt 0 0
vt 0 0
vt 0 0
vt 0 0
vt 0 0
vt 0 0
vt 0 0
vt 0 0
vt 0 0
vt 0 0
vt 0 0
vt 0 0
vt 0 0
vt 0 0
vt 0 0
vt 0 0
vt 0 0
vt 0 0
vt 0 0
vt 0 0
vt 0 0
vt 0 0
vt 0 0
vt 0 0
vt 0 0
vt 0 0
vt 0 0
vt 0 0
vt 0 0
vt 0 0
vt 0 0
vt 0 0
vt 0 0
vt 0 0
vt 0 0
vt 0 0
vt 0 0
vt 0 0
vt 0 0
vt 0 0
vt 0 0
vt 0 0
vt 0 0
vt 0 0
vt 0 0
vt 0 0
vt 0 0
vt 0 0
vt 0 0
vt 0 0
vt 0 0
vt 0 0
vt 0 0
vt 0 0
vt 0 0
vt 0 0
vt 0 0
vt 0 0
vt 0 0
vt 0 0
vt 0 0
vt 0 0
vt 0 0
vt 0 0
vt 0 0
vt 0 0
vt 0 0
vt 0 0
vt 0 0
vt 0 0
vt 0 0
vt 0 0
vt 0 0
vt 0 0
vt 0 0
vt 0 0
vt 0 0
vt 0 0
vt 0 0
vt 0 0
vt 0 0
vt 0 0
vt 0 0
vt 0 0
vt 0 0
vt 0 0
vt 0 0
vt 0 0
vt 0 0
vt 0 0
vt 0 0
vt 0 0
vt 0 0
vt 0 0
vt 0 0
vt 0 0
vt 0 0
vt 0 0
vt 0 0
vt 0 0
vt 0 0
vt 0 0
vt 0 0
vt 0 0
vt 0 0
vt 0 0
vt 0 0
vt 0 0
vt 0 0
vt 0 0
vt 0 0
vt 0 0
vt 0 0
vt 0 0
vt 0 0
vt 0 0
vt 0 0
vt 0 0
vt 0 0
vt 0 0
vt 0 0
vt 0 0
vt 0 0
vt 0 0
vt 0 0
vt 0 0
vt 0 0
vt 0 0
vt 0 0
vt 0 0
vt 0 0
vt 0 0
vt 0 0
vt 0 0
vt 0 0
vt 0 0
vt 0 0
vt 0 0
vt 0 0
vt 0 0
vt 0 0
vt 0 0
vt 0 0
vt 0 0
vt 0 0
vt 0 0
vt 0 0
vt 0 0
vt 0 0
vt 0 0
vt 0 0
vt 0 0
vt 0 0
vt 0 0
vt 0 0
vt 0 0
vt 0 0
vt 0 0
vt 0 0
vt 0 0
vt 0 0
vt 0 0
vt 0 0
vt 0 0
vt 0 0
vt 0 0
vt 0 0
vt 0 0
vt 0 0
vt 0 0
vt 0 0
vt 0 0
vt 0 0
vt 0 0
vt 0 0
vt 0 0
vt 0 0
vt 0 0
vt 0 0
vt 0 0
vt 0 0
vt 0 0
vt 0 0
vt 0 0
vt 0 0
vt 0 0
vt 0 0
vt 0 0
vt 0 0
vt 0 0
vt 0 0
vt 0 0
vt 0 0
vt 0 0
vt 0 0
vt 0 0
vt 0 0
vt 0 0
vt 0 0
vt 0 0
vt 0 0
vt 0 0
vt 0 0
vt 0 0
vt 0 0
vt 0 0
vt 0 0
vt 0 0
vt 0 0
vt 0 0
vt 0 0
vt 0 0
vt 0 0
vt 0 0
vt 0 0
vt 0 0
vt 0 0
vt 0 0
vt 0 0
vt 0 0
vt 0 0
vt 0 0
vt 0 0
vt 0 0
vt 0 0
vt 0 0
vt 0 0
vt 0 0
vt 0 0
vt 0 0
vt 0 0
vt 0 0
vt 0 0
vt 0 0
vt 0 0
vt 0 0
vt 0 0
vt 0 0
vt 0 0
vt 0 0
vt 0 0
vt 0 0
vt 0 0
vt 0 0
vt 0 0
vt 0 0
vt 0 0
vt 0 0
vt 0 0
vt 0 0
vt 0 0
vt 0 0
vt 0 0
vt 0 0
vt 0 0
vt 0 0
vt 0 0
vt 0 0
vt 0 0
vt 0 0
vt 0 0
vt 0 0
vt 0 0
vt 0 0
vt 0 0
vt 0 0
vt 0 0
vt 0 0
vt 0 0
vt 0 0
vt 0 0
vt 0 0
vt 0 0
vt 0 0
vt 0 0
vt 0 0
vt 0 0
vt 0 0
vt 0 0
vt 0 0
vt 0 0
vt 0 0
vt 0 0
vt 0 0
vt 0 0
vt 0 0
vt 0 0
vt 0 0
vt 0 0
vt 0 0
vt 0 0
vt 0 0
vt 0 0
vt 0 0
vt 0 0
vt 0 0
vt 0 0
vt 0 0
vt 0 0
vt 0 0
vt 0 0
vt 0 0
vt 0 0
vt 0 0
vt 0 0
vt 0 0
vt 0 0
vt 0 0
vt 0 0
vt 0 0
vt 0 0
vt 0 0
vt 0 0
vt 0 0
vt 0 0
vt 0 0
vt 0 0
vt 0 0
vt 0 0
vt 0 0
vt 0 0
vt 0 0
vt 0 0
vt 0 0
vt 0 0
vt 0 0
vt 0 0
vt 0 0
vt 0 0
vt 0 0
vt 0 0
vt 0 0
vt 0 0
vt 0 0
vt 0 0
vt 0 0
vt 0 0
vt 0 0
vt 0 0
vt 0 0
vt 0 0
vt 0 0
vt 0 0
vt 0 0
vt 0 0
vt 0 0
vt 0 0
vt 0 0
vt 0 0
vt 0 0
vt 0 0
vt 0 0
vt 0 0
vt 0 0
vt 0 0
vt 0 0
vt 0 0
vt 0 0
vt 0 0
vt 0 0
vt 0 0
vt 0 0
vt 0 0
vt 0 0
vt 0 0
vt 0 0
vt 0 0
vt 0 0
vt 0 0
vt 0 0
vt 0 0
vt 0 0
vt 0 0
vt 0 0
vt 0 0
vt 0 0
vt 0 0
vt 0 0
vt 0 0
vt 0 0
vt 0 0
vt 0 0
vt 0 0
vt 0 0
vt 0 0
vt 0 0
vt 0 0
vt 0 0
vt 0 0
vt 0 0
vt 0 0
vt 0 0
vt 0 0
vt 0 0
vt 0 0
vt 0 0
vt 0 0
vt 0 0
vt 0 0
vt 0 0
vt 0 0
vt 0 0
vt 0 0
vt 0 0
vt 0 0
vt 0 0
vt 0 0
vt 0 0
vt 0 0
vt 0 0
vt 0 0
vt 0 0
vt 0 0
vt 0 0
vt 0 0
vt 0 0
vt 0 0
vt 0 0
vt 0 0
vt 0 0
vt 0 0
vt 0 0
vt 0 0
vt 0 0
vt 0 0
vt 0 0
vt 0 0
vt 0 0
vt 0 0
vt 0 0
vt 0 0
vt 0 0
vt 0 0
vt 0 0
vt 0 0
vt 0 0
vt 0 0
vt 0 0
vt 0 0
vt 0 0
vt 0 0
vt 0 0
vt 0 0
vt 0 0
vt 0 0
vt 0 0
vt 0 0
vt 0 0
vt 0 0
vt 0 0
vt 0 0
vt 0 0
vt 0 0
vt 0 0
vt 0 0
vt 0 0
vt 0 0
vt 0 0
vt 0 0
vt 0 0
vt 0 0
vt 0 0
vt 0 0
vt 0 0
vt 0 0
vt 0 0
vt 0 0
vt 0 0
vt 0 0
vt 0 0
vt 0 0
vt 0 0
vt 0 0
vt 0 0
vt 0 0
vt 0 0
vt 0 0
vt 0 0
vt 0 0
vt 0 0
vt 0 0
vt 0 0
vt 0 0
vt 0 0
vt 0 0
vt 0 0
vt 0 0
vt 0 0
vt 0 0
vt 0 0
vt 0 0
vt 0 0
vt 0 0
vt 0 0
vt 0 0
vt 0 0
vt 0 0
vt 0 0
vt 0 0
vt 0 0
vt 0 0
vt 0 0
vt 0 0
vt 0 0
vt 0 0
vt 0 0
vt 0 0
vt 0 0
vt 0 0
vt 0 0
vt 0 0
vt 0 0
vt 0 0
vt 0 0
vt 0 0
vt 0 0
vt 0 0
vt 0 0
vt 0 0
vt 0 0
vt 0 0
vt 0 0
vt 0 0
vt 0 0
vt 0 0
vt 0 0
vt 0 0
vt 0 0
vt 0 0
vt 0 0
vt 0 0
vt 0 0
vt 0 0
vt 0 0
vt 0 0
vt 0 0
vt 0 0
vt 0 0
vt 0 0
vt 0 0
vt 0 0
vt 0 0
vt 0 0
vt 0 0
vt 0 0
vt 0 0
vt 0 0
vt 0 0
vt 0 0
vt 0 0
vt 0 0
vt 0 0
vt 0 0
vt 0 0
vt 0 0
vt 0 0
vt 0 0
vt 0 0
vt 0 0
vt 0 0
vt 0 0
vt 0 0
vt 0 0
vt 0 0
vt 0 0
vt 0 0
vt 0 0
vt 0 0
vt 0 0
vt 0 0
vt 0 0
vt 0 0
vt 0 0
vt 0 0
vt 0 0
vt 0 0
vt 0 0
vt 0 0
vt 0 0
vt 0 0
vt 0 0
vt 0 0
vt 0 0
vt 0 0
vt 0 0
vt 0 0
vt 0 0
vt 0 0
vt 0 0
vt 0 0
vt 0 0
vt 0 0
vt 0 0
vt 0 0
vt 0 0
vt 0 0
vt 0 0
vt 0 0
vt 0 0
vt 0 0
vt 0 0
vt 0 0
vt 0 0
vt 0 0
vt 0 0
vt 0 0
vt 0 0
vt 0 0
vt 0 0
vt 0 0
vt 0 0
vt 0 0
vt 0 0
vt 0 0
vt 0 0
vt 0 0
vt 0 0
vt 0 0
vt 0 0
vt 0 0
vt 0 0
vt 0 0
vt 0 0
vt 0 0
vt 0 0
vt 0 0
vt 0 0
vt 0 0
vt 0 0
vt 0 0
vt 0 0
vt 0 0
vt 0 0
vt 0 0
vt 0 0
vt 0 0
vt 0 0
vt 0 0
vt 0 0
vt 0 0
vt 0 0
vt 0 0
vt 0 0
vt 0 0
vt 0 0
vt 0 0
vt 0 0
vt 0 0
vt 0 0
vt 0 0
vt 0 0
vt 0 0
vt 0 0
vt 0 0
vt 0 0
vt 0 0
vt 0 0
vt 0 0
vt 0 0
vt 0 0
vt 0 0
vt 0 0
vt 0 0
vt 0 0
vt 0 0
vt 0 0
vt 0 0
vt 0 0
vt 0 0
vt 0 0
vt 0 0
vt 0 0
vt 0 0
vt 0 0
vt 0 0
vt 0 0
vt 0 0
vt 0 0
vt 0 0
vt 0 0
vt 0 0
vt 0 0
vt 0 0
vt 0 0
vt 0 0
vt 0 0
vt 0 0
vt 0 0
vt 0 0
vt 0 0
vt 0 0
vt 0 0
vt 0 0
vt 0 0
vt 0 0
vt 0 0
vt 0 0
vt 0 0
vt 0 0
vt 0 0
vt 0 0
vt 0 0
vt 0 0
vt 0 0
vt 0 0
vt 0 0
vt 0 0
vt 0 0
vt 0 0
vt 0 0
vt 0 0
vt 0 0
vt 0 0
vt 0 0
vt 0 0
vt 0 0
vt 0 0
vt 0 0
vt 0 0
vt 0 0
vt 0 0
vt 0 0
vt 0 0
vt 0 0
vt 0 0
vt 0 0
vt 0 0
vt 0 0
vt 0 0
vt 0 0
vt 0 0
vt 0 0
vt 0 0
vt 0 0
vt 0 0
vt 0 0
vt 0 0
vt 0 0
vt 0 0
vt 0 0
vt 0 0
vt 0 0
vt 0 0
vt 0 0
vt 0 0
vt 0 0
vt 0 0
vt 0 0
vt 0 0
vt 0 0
vt 0 0
vt 0 0
vt 0 0
vt 0 0
vt 0 0
vt 0 0
vt 0 0
vt 0 0
vt 0 0
vt 0 0
vt 0 0
vt 0 0
vt 0 0
vt 0 0
vt 0 0
vt 0 0
vt 0 0
vt 0 0
vt 0 0
vt 0 0
vt 0 0
vt 0 0
vt 0 0
vt 0 0
vt 0 0
vt 0 0
vt 0 0
vt 0 0
vt 0 0
vt 0 0
vt 0 0
vt 0 0
vt 0 0
vt 0 0
vt 0 0
vt 0 0
vt 0 0
vt 0 0
vt 0 0
vt 0 0
vt 0 0
vt 0 0
vt 0 0
vt 0 0
vt 0 0
vt 0 0
vt 0 0
vt 0 0
vt 0 0
vt 0 0
vt 0 0
vt 0 0
vt 0 0
vt 0 0
vt 0 0
vt 0 0
vt 0 0
vt 0 0
vt 0 0
vt 0 0
vt 0 0
vt 0 0
vt 0 0
vt 0 0
vt 0 0
vt 0 0
vt 0 0
vt 0 0
vt 0 0
vt 0 0
vt 0 0
vt 0 0
vt 0 0
vt 0 0
vt 0 0
vt 0 0
vt 0 0
vt 0 0
vt 0 0
vt 0 0
vt 0 0
vt 0 0
vt 0 0
vt 0 0
vt 0 0
vt 0 0
vt 0 0
vt 0 0
vt 0 0
vt 0 0
vt 0 0
vt 0 0
vt 0 0
vt 0 0
vt 0 0
vt 0 0
vt 0 0
vt 0 0
vt 0 0
vt 0 0
vt 0 0
vt 0 0
vt 0 0
vt 0 0
vt 0 0
vt 0 0
vt 0 0
vt 0 0
vt 0 0
vt 0 0
vt 0 0
vt 0 0
vt 0 0
vt 0 0
vt 0 0
vt 0 0
vt 0 0
vt 0 0
vt 0 0
vt 0 0
vt 0 0
vt 0 0
vt 0 0
vt 0 0
vt 0 0
vt 0 0
vt 0 0
vt 0 0
vt 0 0
vt 0 0
vt 0 0
vt 0 0
vt 0 0
vt 0 0
vt 0 0
vt 0 0
vt 0 0
vt 0 0
vt 0 0
vt 0 0
vt 0 0
vt 0 0
vt 0 0
vt 0 0
vt 0 0
vt 0 0
vt 0 0
vt 0 0
vt 0 0
vt 0 0
vt 0 0
vt 0 0
vt 0 0
vt 0 0
vt 0 0
vt 0 0
vt 0 0
vt 0 0
vt 0 0
vt 0 0
vt 0 0
vt 0 0
vt 0 0
vt 0 0
vt 0 0
vt 0 0
vt 0 0
vt 0 0
vt 0 0
vt 0 0
vt 0 0
vt 0 0
vt 0 0
vt 0 0
vt 0 0
vt 0 0
vt 0 0
vt 0 0
vt 0 0
vt 0 0
vt 0 0
vt 0 0
vt 0 0
vt 0 0
vt 0 0
vt 0 0
vt 0 0
vt 0 0
vt 0 0
vt 0 0
vt 0 0
vt 0 0
vt 0 0
vt 0 0
vt 0 0
vt 0 0
vt 0 0
vt 0 0
vt 0 0
vt 0 0
vt 0 0
vt 0 0
vt 0 0
vt 0 0
vt 0 0
vt 0 0
vt 0 0
vt 0 0
vt 0 0
vt 0 0
vt 0 0
vt 0 0
vt 0 0
vt 0 0
vt 0 0
vt 0 0
vt 0 0
vt 0 0
vt 0 0
vt 0 0
vt 0 0
vt 0 0
vt 0 0
vt 0 0
vt 0 0
vt 0 0
vt 0 0
vt 0 0
vt 0 0
vt 0 0
vt 0 0
vt 0 0
vt 0 0
vt 0 0
vt 0 0
vt 0 0
vt 0 0
vt 0 0
vt 0 0
vt 0 0
vt 0 0
vt 0 0
vt 0 0
vt 0 0
vt 0 0
vt 0 0
vt 0 0
vt 0 0
vt 0 0
vt 0 0
vt 0 0
vt 0 0
vt 0 0
vt 0 0
vt 0 0
vt 0 0
vt 0 0
vt 0 0
vt 0 0
vt 0 0
vt 0 0
vt 0 0
vt 0 0
vt 0 0
vt 0 0
vt 0 0
vt 0 0
vt 0 0
vt 0 0
vt 0 0
vt 0 0
vt 0 0
vt 0 0
vt 0 0
vt 0 0
vt 0 0
vt 0 0
vt 0 0
vt 0 0
vt 0 0
vt 0 0
vt 0 0
vt 0 0
vt 0 0
vt 0 0
vt 0 0
vt 0 0
vt 0 0
vt 0 0
vt 0 0
vt 0 0
vt 0 0
vt 0 0
vt 0 0
vt 0 0
vt 0 0
vt 0 0
vt 0 0
vt 0 0
vt 0 0
vt 0 0
vt 0 0
vt 0 0
vt 0 0
vt 0 0
vt 0 0
vt 0 0
vt 0 0
vt 0 0
vt 0 0
vt 0 0
vt 0 0
vt 0 0
vt 0 0
vt 0 0
vt 0 0
vt 0 0
vt 0 0
vt 0 0
vt 0 0
vt 0 0
vt 0 0
vt 0 0
vt 0 0
vt 0 0
vt 0 0
vt 0 0
vt 0 0
vt 0 0
vt 0 0
vt 0 0
vt 0 0
vt 0 0
vt 0 0
vt 0 0
vt 0 0
vt 0 0
vt 0 0
vt 0 0
vt 0 0
vt 0 0
vt 0 0
vt 0 0
vt 0 0
vt 0 0
vt 0 0
vt 0 0
vt 0 0
vt 0 0
vt 0 0
vt 0 0
vt 0 0
vt 0 0
vt 0 0
vt 0 0
vt 0 0
vt 0 0
vt 0 0
vt 0 0
vt 0 0
vt 0 0
vt 0 0
vt 0 0
vt 0 0
vt 0 0
vt 0 0
vt 0 0
vt 0 0
vt 0 0
vt 0 0
vt 0 0
vt 0 0
vt 0 0
vt 0 0
vt 0 0
vt 0 0
vt 0 0
vt 0 0
vt 0 0
vt 0 0
vt 0 0
vt 0 0
vt 0 0
vt 0 0
vt 0 0
vt 0 0
vt 0 0
vt 0 0
vt 0 0
vt 0 0
vt 0 0
vt 0 0
vt 0 0
vt 0 0
vt 0 0
vt 0 0
vt 0 0
vt 0 0
vt 0 0
vt 0 0
vt 0 0
vt 0 0
vt 0 0
vt 0 0
vt 0 0
vt 0 0
vt 0 0
vt 0 0
vt 0 0
vt 0 0
vt 0 0
vt 0 0
vt 0 0
vt 0 0
vt 0 0
vt 0 0
vt 0 0
vt 0 0
vt 0 0
vt 0 0
vt 0 0
vt 0 0
vt 0 0
vt 0 0
vt 0 0
vt 0 0
vt 0 0
vt 0 0
vt 0 0
vt 0 0
vt 0 0
vt 0 0
vt 0 0
vt 0 0
vt 0 0
vt 0 0
vt 0 0
vt 0 0
vt 0 0
vt 0 0
vt 0 0
vt 0 0
vt 0 0
vt 0 0
vt 0 0
vt 0 0
vt 0 0
vt 0 0
vt 0 0
vt 0 0
vt 0 0
vt 0 0
vt 0 0
vt 0 0
vt 0 0
vt 0 0
vt 0 0
vt 0 0
vt 0 0
vt 0 0
vt 0 0
vt 0 0
vt 0 0
vt 0 0
vt 0 0
vt 0 0
vt 0 0
vt 0 0
vt 0 0
vt 0 0
vt 0 0
vt 0 0
vt 0 0
vt 0 0
vt 0 0
vt 0 0
vt 0 0
vt 0 0
vt 0 0
vt 0 0
vt 0 0
vt 0 0
vt 0 0
vt 0 0
vt 0 0
vt 0 0
vt 0 0
vt 0 0
vt 0 0
vt 0 0
vt 0 0
vt 0 0
vt 0 0
vt 0 0
vt 0 0
vt 0 0
vt 0 0
vt 0 0
vt 0 0
vt 0 0
vt 0 0
vt 0 0
vt 0 0
vt 0 0
vt 0 0
vt 0 0
vt 0 0
vt 0 0
vt 0 0
vt 0 0
vt 0 0
vt 0 0
vt 0 0
vt 0 0
vt 0 0
vt 0 0
vt 0 0
vt 0 0
vt 0 0
vt 0 0
vt 0 0
vt 0 0
vt 0 0
vt 0 0
vt 0 0
vt 0 0
vt 0 0
vt 0 0
vt 0 0
vt 0 0
vt 0 0
vt 0 0
vt 0 0
vt 0 0
vt 0 0
vt 0 0
vt 0 0
vt 0 0
vt 0 0
vt 0 0
vt 0 0
vt 0 0
vt 0 0
vt 0 0
vt 0 0
vt 0 0
vt 0 0
vt 0 0
vt 0 0
vt 0 0
vt 0 0
vt 0 0
vt 0 0
vt 0 0
vt 0 0
vt 0 0
vt 0 0
vt 0 0
vt 0 0
vt 0 0
vt 0 0
vt 0 0
vt 0 0
vt 0 0
vt 0 0
vt 0 0
vt 0 0
vt 0 0
vt 0 0
vt 0 0
vt 0 0
vt 0 0
vt 0 0
vt 0 0
vt 0 0
vt 0 0
vt 0 0
vt 0 0
vt 0 0
vt 0 0
vt 0 0
vt 0 0
vt 0 0
vt 0 0
vt 0 0
vt 0 0
vt 0 0
vt 0 0
vt 0 0
vt 0 0
vt 0 0
vt 0 0
vt 0 0
vt 0 0
vt 0 0
vt 0 0
vt 0 0
vt 0 0
vt 0 0
vt 0 0
vt 0 0
vt 0 0
vt 0 0
vt 0 0
vt 0 0
vt 0 0
vt 0 0
vt 0 0
vt 0 0
vt 0 0
vt 0 0
vt 0 0
vt 0 0
vt 0 0
vt 0 0
vt 0 0
vt 0 0
vt 0 0
vt 0 0
vt 0 0
vt 0 0
vt 0 0
vt 0 0
vt 0 0
vt 0 0
vt 0 0
vt 0 0
vt 0 0
vt 0 0
vt 0 0
vt 0 0
vt 0 0
vt 0 0
vt 0 0
vt 0 0
vt 0 0
vt 0 0
vt 0 0
vt 0 0
vt 0 0
vt 0 0
vt 0 0
vt 0 0
vt 0 0
vt 0 0
vt 0 0
vt 0 0
vt 0 0
vt 0 0
vt 0 0
vt 0 0
vt 0 0
vt 0 0
vt 0 0
vt 0 0
vt 0 0
vt 0 0
vt 0 0
vt 0 0
vt 0 0
vt 0 0
vt 0 0
vt 0 0
vt 0 0
vt 0 0
vt 0 0
vt 0 0
vt 0 0
vt 0 0
vt 0 0
vt 0 0
vt 0 0
vt 0 0
vt 0 0
vt 0 0
vt 0 0
vt 0 0
vt 0 0
vt 0 0
vt 0 0
vt 0 0
vt 0 0
vt 0 0
vt 0 0
vt 0 0
vt 0 0
vt 0 0
vt 0 0
vt 0 0
vt 0 0
vt 0 0
vt 0 0
vt 0 0
vt 0 0
vt 0 0
vt 0 0
vt 0 0
vt 0 0
vt 0 0
vt 0 0
vt 0 0
vt 0 0
vt 0 0
vt 0 0
vt 0 0
vt 0 0
vt 0 0
vt 0 0
vt 0 0
vt 0 0
vt 0 0
vt 0 0
vt 0 0
vt 0 0
vt 0 0
vt 0 0
vt 0 0
vt 0 0
vt 0 0
vt 0 0
vt 0 0
vt 0 0
vt 0 0
vt 0 0
vt 0 0
vt 0 0
vt 0 0
vt 0 0
vt 0 0
vt 0 0
vt 0 0
vt 0 0
vt 0 0
vt 0 0
vt 0 0
vt 0 0
vt 0 0
vt 0 0
vt 0 0
vt 0 0
vt 0 0
vt 0 0
vt 0 0
vt 0 0
vt 0 0
vt 0 0
vt 0 0
vt 0 0
vt 0 0
vt 0 0
vt 0 0
vt 0 0
vt 0 0
vt 0 0
vt 0 0
vt 0 0
vt 0 0
vt 0 0
vt 0 0
vt 0 0
vt 0 0
vt 0 0
vt 0 0
vt 0 0
vt 0 0
vt 0 0
vt 0 0
vt 0 0
vt 0 0
vt 0 0
vt 0 0
vt 0 0
vt 0 0
vt 0 0
vt 0 0
vt 0 0
vt 0 0
vt 0 0
vt 0 0
vt 0 0
vt 0 0
vt 0 0
vt 0 0
vt 0 0
vt 0 0
vt 0 0
vt 0 0
vt 0 0
vt 0 0
vt 0 0
vt 0 0
vt 0 0
vt 0 0
vt 0 0
vt 0 0
vt 0 0
vt 0 0
vt 0 0
vt 0 0
vt 0 0
vt 0 0
vt 0 0
vt 0 0
vt 0 0
vt 0 0
vt 0 0
vt 0 0
vt 0 0
vt 0 0
vt 0 0
vt 0 0
vt 0 0
vt 0 0
vt 0 0
vt 0 0
vt 0 0
vt 0 0
vt 0 0
vt 0 0
vt 0 0
vt 0 0
vt 0 0
vt 0 0
vt 0 0
vt 0 0
vt 0 0
vt 0 0
vt 0 0
vt 0 0
vt 0 0
vt 0 0
vt 0 0
vt 0 0
vt 0 0
vt 0 0
vt 0 0
vt 0 0
vt 0 0
vt 0 0
vt 0 0
vt 0 0
vt 0 0
vt 0 0
vt 0 0
vt 0 0
vt 0 0
vt 0 0
vt 0 0
vt 0 0
vt 0 0
vt 0 0
vt 0 0
vt 0 0
vt 0 0
vt 0 0
vt 0 0
vt 0 0
vt 0 0
vt 0 0
vt 0 0
vt 0 0
vt 0 0
vt 0 0
vt 0 0
vt 0 0
vt 0 0
vt 0 0
vt 0 0
vt 0 0
vt 0 0
vt 0 0
vt 0 0
vt 0 0
vt 0 0
vt 0 0
vt 0 0
vt 0 0
vt 0 0
vt 0 0
vt 0 0
vt 0 0
vt 0 0
vt 0 0
vt 0 0
vt 0 0
vt 0 0
vt 0 0
vt 0 0
vt 0 0
vt 0 0
vt 0 0
vt 0 0
vt 0 0
vt 0 0
vt 0 0
vt 0 0
vt 0 0
vt 0 0
vt 0 0
vt 0 0
vt 0 0
vt 0 0
vt 0 0
vt 0 0
vt 0 0
vt 0 0
vt 0 0
vt 0 0
vt 0 0
vt 0 0
vt 0 0
vt 0 0
vt 0 0
vt 0 0
vt 0 0
vt 0 0
vt 0 0
vt 0 0
vt 0 0
vt 0 0
vt 0 0
vt 0 0
vt 0 0
vt 0 0
vt 0 0
vt 0 0
vt 0 0
vt 0 0
vt 0 0
vt 0 0
vt 0 0
vt 0 0
vt 0 0
vt 0 0
vt 0 0
vt 0 0
vt 0 0
vt 0 0
vt 0 0
vt 0 0
vt 0 0
vt 0 0
vt 0 0
vt 0 0
vt 0 0
vt 0 0
vt 0 0
vt 0 0
vt 0 0
vt 0 0
vt 0 0
vt 0 0
vt 0 0
vt 0 0
vt 0 0
vt 0 0
vt 0 0
vt 0 0
vt 0 0
vt 0 0
vt 0 0
vt 0 0
vt 0 0
vt 0 0
vt 0 0
vt 0 0
vt 0 0
vt 0 0
vt 0 0
vt 0 0
vt 0 0
vt 0 0
vt 0 0
vt 0 0
vt 0 0
vt 0 0
vt 0 0
vt 0 0
vt 0 0
vt 0 0
vt 0 0
vt 0 0
vt 0 0
vt 0 0
vt 0 0
vt 0 0
vt 0 0
vt 0 0
vt 0 0
vt 0 0
vt 0 0
vt 0 0
vt 0 0
vt 0 0
vt 0 0
vt 0 0
vt 0 0
vt 0 0
vt 0 0
vt 0 0
vt 0 0
vt 0 0
vt 0 0
vt 0 0
vt 0 0
vt 0 0
vt 0 0
vt 0 0
vt 0 0
vt 0 0
vt 0 0
vt 0 0
vt 0 0
vt 0 0
vt 0 0
vt 0 0
vt 0 0
vt 0 0
vt 0 0
vt 0 0
vt 0 0
vt 0 0
vt 0 0
vt 0 0
vt 0 0
vt 0 0
vt 0 0
vt 0 0
vt 0 0
vt 0 0
vt 0 0
vt 0 0
vt 0 0
vt 0 0
vt 0 0
vt 0 0
vt 0 0
vt 0 0
vt 0 0
vt 0 0
vt 0 0
vt 0 0
vt 0 0
vt 0 0
vt 0 0
vt 0 0
vt 0 0
vt 0 0
vt 0 0
vt 0 0
vt 0 0
vt 0 0
vt 0 0
vt 0 0
vt 0 0
vt 0 0
vt 0 0
vt 0 0
vt 0 0
vt 0 0
vt 0 0
vt 0 0
vt 0 0
vt 0 0
vt 0 0
vt 0 0
vt 0 0
vt 0 0
vt 0 0
vt 0 0
vt 0 0
vt 0 0
vt 0 0
vt 0 0
vt 0 0
vt 0 0
vt 0 0
vt 0 0
vt 0 0
vt 0 0
vt 0 0
vt 0 0
vt 0 0
vt 0 0
vt 0 0
vt 0 0
vt 0 0
vt 0 0
vt 0 0
vt 0 0
vt 0 0
vt 0 0
vt 0 0
vt 0 0
vt 0 0
vt 0 0
vt 0 0
vt 0 0
vt 0 0
vt 0 0
vt 0 0
vt 0 0
vt 0 0
vt 0 0
vt 0 0
vt 0 0
vt 0 0
vt 0 0
vt 0 0
vt 0 0
vt 0 0
vt 0 0
vt 0 0
vt 0 0
vt 0 0
vt 0 0
vt 0 0
vt 0 0
vt 0 0
vt 0 0
vt 0 0
vt 0 0
vt 0 0
vt 0 0
vt 0 0
vt 0 0
vt 0 0
vt 0 0
vt 0 0
vt 0 0
vt 0 0
vt 0 0
vt 0 0
vt 0 0
vt 0 0
vt 0 0
vt 0 0
vt 0 0
vt 0 0
vt 0 0
vt 0 0
vt 0 0
vt 0 0
vt 0 0
vt 0 0
vt 0 0
vt 0 0
vt 0 0
vt 0 0
vt 0 0
vt 0 0
vt 0 0
vt 0 0
vt 0 0
vt 0 0
vt 0 0
vt 0 0
vt 0 0
vt 0 0
vt 0 0
vt 0 0
vt 0 0
vt 0 0
vt 0 0
vt 0 0
vt 0 0
vt 0 0
vt 0 0
vt 0 0
vt 0 0
vt 0 0
vt 0 0
vt 0 0
vt 0 0
vt 0 0
vt 0 0
vt 0 0
vt 0 0
vt 0 0
vt 0 0
vt 0 0
vt 0 0
vt 0 0
vt 0 0
vt 0 0
vt 0 0
vt 0 0
vt 0 0
vt 0 0
vt 0 0
vt 0 0
vt 0 0
vt 0 0
vt 0 0
vt 0 0
vt 0 0
vt 0 0
vt 0 0
vt 0 0
vt 0 0
vt 0 0
vt 0 0
vt 0 0
vt 0 0
vt 0 0
vt 0 0
vt 0 0
vt 0 0
vt 0 0
vt 0 0
vt 0 0
vt 0 0
vt 0 0
vt 0 0
vt 0 0
vt 0 0
vt 0 0
vt 0 0
vt 0 0
vt 0 0
vt 0 0
vt 0 0
vt 0 0
vt 0 0
vt 0 0
vt 0 0
vt 0 0
vt 0 0
vt 0 0
vt 0 0
vt 0 0
vt 0 0
vt 0 0
vt 0 0
vt 0 0
vt 0 0
vt 0 0
vt 0 0
vt 0 0
vt 0 0
vt 0 0
vt 0 0
vt 0 0
vt 0 0
vt 0 0
vt 0 0
vt 0 0
vt 0 0
vt 0 0
vt 0 0
vt 0 0
vt 0 0
vt 0 0
vt 0 0
vt 0 0
vt 0 0
vt 0 0
vt 0 0
vt 0 0
vt 0 0
vt 0 0
vt 0 0
vt 0 0
vt 0 0
vt 0 0
vt 0 0
vt 0 0
vt 0 0
vt 0 0
vt 0 0
vt 0 0
vt 0 0
vt 0 0
vt 0 0
vt 0 0
vt 0 0
vt 0 0
vt 0 0
vt 0 0
vt 0 0
vt 0 0
vt 0 0
vt 0 0
vt 0 0
vt 0 0
vt 0 0
vt 0 0
vt 0 0
vt 0 0
vt 0 0
vt 0 0
vt 0 0
vt 0 0
vt 0 0
vt 0 0
vt 0 0
vt 0 0
vt 0 0
vt 0 0
vt 0 0
vt 0 0
vt 0 0
vt 0 0
vt 0 0
vt 0 0
vt 0 0
vt 0 0
vt 0 0
vt 0 0
vt 0 0
vt 0 0
vt 0 0
vt 0 0
vt 0 0
vt 0 0
vt 0 0
vt 0 0
vt 0 0
vt 0 0
vt 0 0
vt 0 0
vt 0 0
vt 0 0
vt 0 0
vt 0 0
vt 0 0
vt 0 0
vt 0 0
vt 0 0
vt 0 0
vt 0 0
vt 0 0
vt 0 0
vt 0 0
vt 0 0
vt 0 0
vt 0 0
vt 0 0
vt 0 0
vt 0 0
vt 0 0
vt 0 0
vt 0 0
vt 0 0
vt 0 0
vt 0 0
vt 0 0
vt 0 0
vt 0 0
vt 0 0
vt 0 0
vt 0 0
vt 0 0
vt 0 0
vt 0 0
vt 0 0
vt 0 0
vt 0 0
vt 0 0
vt 0 0
vt 0 0
vt 0 0
vt 0 0
vt 0 0
vt 0 0
vt 0 0
vt 0 0
vt 0 0
vt 0 0
vt 0 0
vt 0 0
vt 0 0
vt 0 0
vt 0 0
vt 0 0
vt 0 0
vt 0 0
vt 0 0
vt 0 0
vt 0 0
vt 0 0
vt 0 0
vt 0 0
vt 0 0
vt 0 0
vt 0 0
vt 0 0
vt 0 0
vt 0 0
vt 0 0
vt 0 0
vt 0 0
vt 0 0
vt 0 0
vt 0 0
vt 0 0
vt 0 0
vt 0 0
vt 0 0
vt 0 0
vt 0 0
vt 0 0
vt 0 0
vt 0 0
vt 0 0
vt 0 0
vt 0 0
vt 0 0
vt 0 0
vt 0 0
vt 0 0
vt 0 0
vt 0 0
vt 0 0
vt 0 0
vt 0 0
vt 0 0
vt 0 0
vt 0 0
vt 0 0
vt 0 0
vt 0 0
vt 0 0
vt 0 0
vt 0 0
vt 0 0
vt 0 0
vt 0 0
vt 0 0
vt 0 0
vt 0 0
vt 0 0
vt 0 0
vt 0 0
vt 0 0
vt 0 0
vt 0 0
vt 0 0
vt 0 0
vt 0 0
vt 0 0
vt 0 0
vt 0 0
vt 0 0
vt 0 0
vt 0 0
vt 0 0
vt 0 0
vt 0 0
vt 0 0
vt 0 0
vt 0 0
vt 0 0
vt 0 0
vt 0 0
vt 0 0
vt 0 0
vt 0 0
vt 0 0
vt 0 0
vt 0 0
vt 0 0
vt 0 0
vt 0 0
vt 0 0
vt 0 0
vt 0 0
vt 0 0
vt 0 0
vt 0 0
vt 0 0
vt 0 0
vt 0 0
vt 0 0
vt 0 0
vt 0 0
vt 0 0
vt 0 0
vt 0 0
vt 0 0
vt 0 0
vt 0 0
vt 0 0
vt 0 0
vt 0 0
vt 0 0
vt 0 0
vt 0 0
vt 0 0
vt 0 0
vt 0 0
vt 0 0
vt 0 0
vt 0 0
vt 0 0
vt 0 0
vt 0 0
vt 0 0
vt 0 0
vt 0 0
vt 0 0
vt 0 0
vt 0 0
vt 0 0
vt 0 0
vt 0 0
vt 0 0
vt 0 0
vt 0 0
vt 0 0
vt 0 0
vt 0 0
vt 0 0
vt 0 0
vt 0 0
vt 0 0
vt 0 0
vt 0 0
vt 0 0
vt 0 0
vt 0 0
vt 0 0
vt 0 0
vt 0 0
vt 0 0
vt 0 0
vt 0 0
vt 0 0
vt 0 0
vt 0 0
vt 0 0
vt 0 0
vt 0 0
vt 0 0
vt 0 0
vt 0 0
vt 0 0
vt 0 0
vt 0 0
vt 0 0
vt 0 0
vt 0 0
vt 0 0
vt 0 0
vt 0 0
vt 0 0
vt 0 0
vt 0 0
vt 0 0
vt 0 0
vt 0 0
vt 0 0
vt 0 0
vt 0 0
vt 0 0
vt 0 0
vt 0 0
vt 0 0
vt 0 0
vt 0 0
vt 0 0
vt 0 0
vt 0 0
vt 0 0
vt 0 0
vt 0 0
vt 0 0
vt 0 0
vt 0 0
vt 0 0
vt 0 0
vt 0 0
vt 0 0
vt 0 0
vt 0 0
vt 0 0
vt 0 0
vt 0 0
vt 0 0
vt 0 0
vt 0 0
vt 0 0
vt 0 0
vt 0 0
vt 0 0
vt 0 0
vt 0 0
vt 0 0
vt 0 0
vt 0 0
vt 0 0
vt 0 0
vt 0 0
vt 0 0
vt 0 0
vt 0 0
vt 0 0
vt 0 0
vt 0 0
vt 0 0
vt 0 0
vt 0 0
vt 0 0
vt 0 0
vt 0 0
vt 0 0
vt 0 0
vt 0 0
vt 0 0
vt 0 0
vt 0 0
vt 0 0
vt 0 0
vt 0 0
vt 0 0
vt 0 0
vt 0 0
vt 0 0
vt 0 0
vt 0 0
vt 0 0
vt 0 0
vt 0 0
vt 0 0
vt 0 0
vt 0 0
vt 0 0
vt 0 0
vt 0 0
vt 0 0
vt 0 0
vt 0 0
vt 0 0
vt 0 0
vt 0 0
vt 0 0
vt 0 0
vt 0 0
vt 0 0
vt 0 0
vt 0 0
vt 0 0
vt 0 0
vt 0 0
vt 0 0
vt 0 0
vt 0 0
vt 0 0
vt 0 0
vt 0 0
vt 0 0
vt 0 0
vt 0 0
vt 0 0
vt 0 0
vt 0 0
vt 0 0
vt 0 0
vt 0 0
vt 0 0
vt 0 0
vt 0 0
vt 0 0
vt 0 0
vt 0 0
vt 0 0
vt 0 0
vt 0 0
vt 0 0
vt 0 0
vt 0 0
vt 0 0
vt 0 0
vt 0 0
vt 0 0
vt 0 0
vt 0 0
vt 0 0
vt 0 0
vt 0 0
vt 0 0
vt 0 0
vt 0 0
vt 0 0
vt 0 0
vt 0 0
vt 0 0
vt 0 0
vt 0 0
vt 0 0
vt 0 0
vt 0 0
vt 0 0
vt 0 0
vt 0 0
vt 0 0
vt 0 0
vt 0 0
vt 0 0
vt 0 0
vt 0 0
vt 0 0
vt 0 0
vt 0 0
vt 0 0
vt 0 0
vt 0 0
vt 0 0
vt 0 0
vt 0 0
vt 0 0
vt 0 0
vt 0 0
vt 0 0
vt 0 0
vt 0 0
vt 0 0
vt 0 0
vt 0 0
vt 0 0
vt 0 0
vt 0 0
vt 0 0
vt 0 0
vt 0 0
vt 0 0
vt 0 0
vt 0 0
vt 0 0
vt 0 0
vt 0 0
vt 0 0
vt 0 0
vt 0 0
vt 0 0
vt 0 0
vt 0 0
vt 0 0
vt 0 0
vt 0 0
vt 0 0
vt 0 0
vt 0 0
vt 0 0
vt 0 0
vt 0 0
vt 0 0
vt 0 0
vt 0 0
vt 0 0
vt 0 0
vt 0 0
vt 0 0
vt 0 0
vt 0 0
vt 0 0
vt 0 0
vt 0 0
vt 0 0
vt 0 0
vt 0 0
vt 0 0
vt 0 0
vt 0 0
vt 0 0
vt 0 0
vt 0 0
vt 0 0
vt 0 0
vt 0 0
vt 0 0
vt 0 0
vt 0 0
vt 0 0
vt 0 0
vt 0 0
vt 0 0
vt 0 0
vt 0 0
vt 0 0
vt 0 0
vt 0 0
vt 0 0
vt 0 0
vt 0 0
vt 0 0
vt 0 0
vt 0 0
vt 0 0
vt 0 0
vt 0 0
vt 0 0
vt 0 0
vt 0 0
vt 0 0
vt 0 0
vt 0 0
vt 0 0
vt 0 0
vt 0 0
vt 0 0
vt 0 0
vt 0 0
vt 0 0
vt 0 0
vt 0 0
vt 0 0
vt 0 0
vt 0 0
vt 0 0
vt 0 0
vt 0 0
vt 0 0
vt 0 0
vt 0 0
vt 0 0
vt 0 0
vt 0 0
vt 0 0
vt 0 0
vt 0 0
vt 0 0
vt 0 0
vt 0 0
vt 0 0
vt 0 0
vt 0 0
vt 0 0
vt 0 0
vt 0 0
vt 0 0
vt 0 0
vt 0 0
vt 0 0
vt 0 0
vt 0 0
vt 0 0
vt 0 0
vt 0 0
vt 0 0
vt 0 0
vt 0 0
vt 0 0
vt 0 0
vt 0 0
vt 0 0
vt 0 0
vt 0 0
vt 0 0
vt 0 0
vt 0 0
vt 0 0
vt 0 0
vt 0 0
vt 0 0
vt 0 0
vt 0 0
vt 0 0
vt 0 0
vt 0 0
vt 0 0
vt 0 0
vt 0 0
vt 0 0
vt 0 0
vt 0 0
vt 0 0
vt 0 0
vt 0 0
vt 0 0
vt 0 0
vt 0 0
vt 0 0
vt 0 0
vt 0 0
vt 0 0
vt 0 0
vt 0 0
vt 0 0
vt 0 0
vt 0 0
vt 0 0
vt 0 0
vt 0 0
vt 0 0
vt 0 0
vt 0 0
vt 0 0
vt 0 0
vt 0 0
vt 0 0
vt 0 0
vt 0 0
vt 0 0
vt 0 0
vt 0 0
vt 0 0
vt 0 0
vt 0 0
vt 0 0
vt 0 0
vt 0 0
vt 0 0
vt 0 0
vt 0 0
vt 0 0
vt 0 0
vt 0 0
vt 0 0
vt 0 0
vt 0 0
vt 0 0
vt 0 0
vt 0 0
vt 0 0
vt 0 0
vt 0 0
vt 0 0
vt 0 0
vt 0 0
vt 0 0
vt 0 0
vt 0 0
vt 0 0
vt 0 0
vt 0 0
vt 0 0
vt 0 0
vt 0 0
vt 0 0
vt 0 0
vt 0 0
vt 0 0
vt 0 0
vt 0 0
vt 0 0
vt 0 0
vt 0 0
vt 0 0
vt 0 0
vt 0 0
vt 0 0
vt 0 0
vt 0 0
vt 0 0
vt 0 0
vt 0 0
vt 0 0
vt 0 0
vt 0 0
vt 0 0
vt 0 0
vt 0 0
vt 0 0
vt 0 0
vt 0 0
vt 0 0
vt 0 0
vt 0 0
vt 0 0
vt 0 0
vt 0 0
vt 0 0
vt 0 0
vt 0 0
vt 0 0
vt 0 0
vt 0 0
vt 0 0
vt 0 0
vt 0 0
vt 0 0
vt 0 0
vt 0 0
vt 0 0
vt 0 0
vt 0 0
vt 0 0
vt 0 0
vt 0 0
vt 0 0
vt 0 0
vt 0 0
vt 0 0
vt 0 0
vt 0 0
vt 0 0
vt 0 0
vt 0 0
vt 0 0
vt 0 0
vt 0 0
vt 0 0
vt 0 0
vt 0 0
vt 0 0
vt 0 0
vt 0 0
vt 0 0
vt 0 0
vt 0 0
vt 0 0
vt 0 0
vt 0 0
vt 0 0
vt 0 0
vt 0 0
vt 0 0
vt 0 0
vt 0 0
vt 0 0
vt 0 0
vt 0 0
vt 0 0
vt 0 0
vt 0 0
vt 0 0
vt 0 0
vt 0 0
vt 0 0
vt 0 0
vt 0 0
vt 0 0
vt 0 0
vt 0 0
vt 0 0
vt 0 0
vt 0 0
vt 0 0
vt 0 0
vt 0 0
vt 0 0
vt 0 0
vt 0 0
vt 0 0
vt 0 0
vt 0 0
vt 0 0
vt 0 0
vt 0 0
vt 0 0
vt 0 0
vt 0 0
vt 0 0
vt 0 0
vt 0 0
vt 0 0
vt 0 0
vt 0 0
vt 0 0
vt 0 0
vt 0 0
vt 0 0
vt 0 0
vt 0 0
vt 0 0
vt 0 0
vt 0 0
vt 0 0
vt 0 0
vt 0 0
vt 0 0
vt 0 0
vt 0 0
vt 0 0
vt 0 0
vt 0 0
vt 0 0
vt 0 0
vt 0 0
vt 0 0
vt 0 0
vt 0 0
vt 0 0
vt 0 0
vt 0 0
vt 0 0
vt 0 0
vt 0 0
vt 0 0
vt 0 0
vt 0 0
vt 0 0
vt 0 0
vt 0 0
vt 0 0
vt 0 0
vt 0 0
vt 0 0
vt 0 0
vt 0 0
vt 0 0
vt 0 0
vt 0 0
vt 0 0
vt 0 0
vt 0 0
vt 0 0
vt 0 0
vt 0 0
vt 0 0
vt 0 0
vt 0 0
vt 0 0
vt 0 0
vt 0 0
vt 0 0
vt 0 0
vt 0 0
vt 0 0
vt 0 0
vt 0 0
vt 0 0
vt 0 0
vt 0 0
vt 0 0
vt 0 0
vt 0 0
vt 0 0
vt 0 0
vt 0 0
vt 0 0
vt 0 0
vt 0 0
vt 0 0
vt 0 0
vt 0 0
vt 0 0
vt 0 0
vt 0 0
vt 0 0
vt 0 0
vt 0 0
vt 0 0
vt 0 0
vt 0 0
vt 0 0
vt 0 0
vt 0 0
vt 0 0
vt 0 0
vt 0 0
vt 0 0
vt 0 0
vt 0 0
vt 0 0
vt 0 0
vt 0 0
vt 0 0
vt 0 0
vt 0 0
vt 0 0
vt 0 0
vt 0 0
vt 0 0
vt 0 0
vt 0 0
vt 0 0
vt 0 0
vt 0 0
vt 0 0
vt 0 0
vt 0 0
vt 0 0
vt 0 0
vt 0 0
vt 0 0
vt 0 0
vt 0 0
vt 0 0
vt 0 0
vt 0 0
vt 0 0
vt 0 0
vt 0 0
vt 0 0
vt 0 0
vt 0 0
vt 0 0
vt 0 0
vt 0 0
vt 0 0
vt 0 0
vt 0 0
vt 0 0
vt 0 0
vt 0 0
vt 0 0
vt 0 0
vt 0 0
vt 0 0
vt 0 0
vt 0 0
vt 0 0
vt 0 0
vt 0 0
vt 0 0
vt 0 0
vt 0 0
vt 0 0
vt 0 0
vt 0 0
vt 0 0
vt 0 0
vt 0 0
vt 0 0
vt 0 0
vt 0 0
vt 0 0
vt 0 0
vt 0 0
vt 0 0
vt 0 0
vt 0 0
vt 0 0
vt 0 0
vt 0 0
vt 0 0
vt 0 0
vt 0 0
vt 0 0
vt 0 0
vt 0 0
vt 0 0
vt 0 0
vt 0 0
vt 0 0
vt 0 0
vt 0 0
vt 0 0
vt 0 0
vt 0 0
vt 0 0
vt 0 0
vt 0 0
vt 0 0
vt 0 0
vt 0 0
vt 0 0
vt 0 0
vt 0 0
vt 0 0
vt 0 0
vt 0 0
vt 0 0
vt 0 0
vt 0 0
vt 0 0
vt 0 0
vt 0 0
vt 0 0
vt 0 0
vt 0 0
vt 0 0
vt 0 0
vt 0 0
vt 0 0
vt 0 0
vt 0 0
vt 0 0
vt 0 0
vt 0 0
vt 0 0
vt 0 0
vt 0 0
vt 0 0
vt 0 0
vt 0 0
vt 0 0
vt 0 0
vt 0 0
vt 0 0
vt 0 0
vt 0 0
vt 0 0
vt 0 0
vt 0 0
vt 0 0
vt 0 0
vt 0 0
vt 0 0
vt 0 0
vt 0 0
vt 0 0
vt 0 0
vt 0 0
vt 0 0
vt 0 0
vt 0 0
vt 0 0
vt 0 0
vt 0 0
vt 0 0
vt 0 0
vt 0 0
vt 0 0
vt 0 0
vt 0 0
vt 0 0
vt 0 0
vt 0 0
vt 0 0
vt 0 0
vt 0 0
vt 0 0
vt 0 0
vt 0 0
vt 0 0
vt 0 0
vt 0 0
vt 0 0
vt 0 0
vt 0 0
vt 0 0
vt 0 0
vt 0 0
vt 0 0
vt 0 0
vt 0 0
vt 0 0
vt 0 0
vt 0 0
vt 0 0
vt 0 0
vt 0 0
vt 0 0
vt 0 0
vt 0 0
vt 0 0
vt 0 0
vt 0 0
vt 0 0
vt 0 0
vt 0 0
vt 0 0
vt 0 0
vt 0 0
vt 0 0
vt 0 0
vt 0 0
vt 0 0
vt 0 0
vt 0 0
vt 0 0
vt 0 0
vt 0 0
vt 0 0
vt 0 0
vt 0 0
vt 0 0
vt 0 0
vt 0 0
vt 0 0
vt 0 0
vt 0 0
vt 0 0
vt 0 0
vt 0 0
vt 0 0
vt 0 0
vt 0 0
vt 0 0
vt 0 0
vt 0 0
vt 0 0
vt 0 0
vt 0 0
vt 0 0
vt 0 0
vt 0 0
vt 0 0
vt 0 0
vt 0 0
vt 0 0
vt 0 0
vt 0 0
vt 0 0
vt 0 0
vt 0 0
vt 0 0
vt 0 0
vt 0 0
vt 0 0
vt 0 0
vt 0 0
vt 0 0
vt 0 0
vt 0 0
vt 0 0
vt 0 0
vt 0 0
vt 0 0
vt 0 0
vt 0 0
vt 0 0
vt 0 0
vt 0 0
vt 0 0
vt 0 0
vt 0 0
vt 0 0
vt 0 0
vt 0 0
vt 0 0
vt 0 0
vt 0 0
vt 0 0
vt 0 0
vt 0 0
vt 0 0
vt 0 0
vt 0 0
vt 0 0
vt 0 0
vt 0 0
vt 0 0
vt 0 0
vt 0 0
vt 0 0
vt 0 0
vt 0 0
vt 0 0
vt 0 0
vt 0 0
vt 0 0
vt 0 0
vt 0 0
vt 0 0
vt 0 0
vt 0 0
vt 0 0
vt 0 0
vt 0 0
vt 0 0
vt 0 0
vt 0 0
vt 0 0
vt 0 0
vt 0 0
vt 0 0
vt 0 0
vt 0 0
vt 0 0
vt 0 0
vt 0 0
vt 0 0
vt 0 0
vt 0 0
vt 0 0
vt 0 0
vt 0 0
vt 0 0
vt 0 0
vt 0 0
vt 0 0
vt 0 0
vt 0 0
vt 0 0
vt 0 0
vt 0 0
vt 0 0
vt 0 0
vt 0 0
vt 0 0
vt 0 0
vt 0 0
vt 0 0
vt 0 0
vt 0 0
vt 0 0
vt 0 0
vt 0 0
vt 0 0
vt 0 0
vt 0 0
vt 0 0
vt 0 0
vt 0 0
vt 0 0
vt 0 0
vt 0 0
vt 0 0
vt 0 0
vt 0 0
vt 0 0
vt 0 0
vt 0 0
vt 0 0
vt 0 0
vt 0 0
vt 0 0
vt 0 0
vt 0 0
vt 0 0
vt 0 0
vt 0 0
vt 0 0
vt 0 0
vt 0 0
vt 0 0
vt 0 0
vt 0 0
vt 0 0
vt 0 0
vt 0 0
vt 0 0
vt 0 0
vt 0 0
vt 0 0
vt 0 0
vt 0 0
vt 0 0
vt 0 0
vt 0 0
vt 0 0
vt 0 0
vt 0 0
vt 0 0
vt 0 0
vt 0 0
vt 0 0
vt 0 0
vt 0 0
vt 0 0
vt 0 0
vt 0 0
vt 0 0
vt 0 0
vt 0 0
vt 0 0
vt 0 0
vt 0 0
vt 0 0
vt 0 0
vt 0 0
vt 0 0
vt 0 0
vt 0 0
vt 0 0
vt 0 0
vt 0 0
vt 0 0
vt 0 0
vt 0 0
vt 0 0
vt 0 0
vt 0 0
vt 0 0
vt 0 0
vt 0 0
vt 0 0
vt 0 0
vt 0 0
vt 0 0
vt 0 0
vt 0 0
vt 0 0
vt 0 0
vt 0 0
vt 0 0
vt 0 0
vt 0 0
vt 0 0
vt 0 0
vt 0 0
vt 0 0
vt 0 0
vt 0 0
vt 0 0
vt 0 0
vt 0 0
vt 0 0
vt 0 0
vt 0 0
vt 0 0
vt 0 0
vt 0 0
vt 0 0
vt 0 0
vt 0 0
vt 0 0
vt 0 0
vt 0 0
vt 0 0
vt 0 0
vt 0 0
vt 0 0
vt 0 0
vt 0 0
vt 0 0
vt 0 0
vt 0 0
vt 0 0
vt 0 0
vt 0 0
vt 0 0
vt 0 0
vt 0 0
vt 0 0
vt 0 0
vt 0 0
vt 0 0
vt 0 0
vt 0 0
vt 0 0
vt 0 0
vt 0 0
vt 0 0
vt 0 0
vt 0 0
vt 0 0
vt 0 0
vt 0 0
vt 0 0
vt 0 0
vt 0 0
vt 0 0
vt 0 0
vt 0 0
vt 0 0
vt 0 0
vt 0 0
vt 0 0
vt 0 0
vt 0 0
vt 0 0
vt 0 0
vt 0 0
vt 0 0
vt 0 0
vt 0 0
vt 0 0
vt 0 0
vt 0 0
vt 0 0
vt 0 0
vt 0 0
vt 0 0
vt 0 0
vt 0 0
vt 0 0
vt 0 0
vt 0 0
vt 0 0
vt 0 0
vt 0 0
vt 0 0
vt 0 0
vt 0 0
vt 0 0
vt 0 0
vt 0 0
vt 0 0
vt 0 0
vt 0 0
vt 0 0
vt 0 0
vt 0 0
vt 0 0
vt 0 0
vt 0 0
vt 0 0
vt 0 0
vt 0 0
vt 0 0
vt 0 0
vt 0 0
vt 0 0
vt 0 0
vt 0 0
vt 0 0
vt 0 0
vt 0 0
vt 0 0
vt 0 0
vt 0 0
vt 0 0
vt 0 0
vt 0 0
vt 0 0
vt 0 0
vt 0 0
vt 0 0
vt 0 0
vt 0 0
vt 0 0
vt 0 0
vt 0 0
vt 0 0
vt 0 0
vt 0 0
vt 0 0
vt 0 0
vt 0 0
vt 0 0
vt 0 0
vt 0 0
vt 0 0
vt 0 0
vt 0 0
vt 0 0
vt 0 0
vt 0 0
vt 0 0
vt 0 0
vt 0 0
vt 0 0
vt 0 0
vt 0 0
vt 0 0
vt 0 0
vt 0 0
vt 0 0
vt 0 0
vt 0 0
vt 0 0
vt 0 0
vt 0 0
vt 0 0
vt 0 0
vt 0 0
vt 0 0
vt 0 0
vt 0 0
vt 0 0
vt 0 0
vt 0 0
vt 0 0
vt 0 0
vt 0 0
vt 0 0
vt 0 0
vt 0 0
vt 0 0
vt 0 0
vt 0 0
vt 0 0
vt 0 0
vt 0 0
vt 0 0
vt 0 0
vt 0 0
vt 0 0
vt 0 0
vt 0 0
vt 0 0
vt 0 0
vt 0 0
vt 0 0
vt 0 0
vt 0 0
vt 0 0
vt 0 0
vt 0 0
vt 0 0
vt 0 0
vt 0 0
vt 0 0
vt 0 0
vt 0 0
vt 0 0
vt 0 0
vt 0 0
vt 0 0
vt 0 0
vt 0 0
vt 0 0
vt 0 0
vt 0 0
vt 0 0
vt 0 0
vt 0 0
vt 0 0
vt 0 0
vt 0 0
vt 0 0
vt 0 0
vt 0 0
vt 0 0
vt 0 0
vt 0 0
vt 0 0
vt 0 0
vt 0 0
vt 0 0
vt 0 0
vt 0 0
vt 0 0
vt 0 0
vt 0 0
vt 0 0
vt 0 0
vt 0 0
vt 0 0
vt 0 0
vt 0 0
vt 0 0
vt 0 0
vt 0 0
vt 0 0
vt 0 0
vt 0 0
vt 0 0
vt 0 0
vt 0 0
vt 0 0
vt 0 0
vt 0 0
vt 0 0
vt 0 0
vt 0 0
vt 0 0
vt 0 0
vt 0 0
vt 0 0
vt 0 0
vt 0 0
vt 0 0
vt 0 0
vt 0 0
vt 0 0
vt 0 0
vt 0 0
vt 0 0
vt 0 0
vt 0 0
vt 0 0
vt 0 0
vt 0 0
vt 0 0
vt 0 0
vt 0 0
vt 0 0
vt 0 0
vt 0 0
vt 0 0
vt 0 0
vt 0 0
vt 0 0
vt 0 0
vt 0 0
vt 0 0
vt 0 0
vt 0 0
vt 0 0
vt 0 0
vt 0 0
vt 0 0
vt 0 0
vt 0 0
vt 0 0
vt 0 0
vt 0 0
vt 0 0
vt 0 0
vt 0 0
vt 0 0
vt 0 0
vt 0 0
vt 0 0
vt 0 0
vt 0 0
vt 0 0
vt 0 0
vt 0 0
vt 0 0
vt 0 0
vt 0 0
vt 0 0
vt 0 0
vt 0 0
vt 0 0
vt 0 0
vt 0 0
vt 0 0
vt 0 0
vt 0 0
vt 0 0
vt 0 0
vt 0 0
vt 0 0
vt 0 0
vt 0 0
vt 0 0
vt 0 0
vt 0 0
vt 0 0
vt 0 0
vt 0 0
vt 0 0
vt 0 0
vt 0 0
vt 0 0
vt 0 0
vt 0 0
vt 0 0
vt 0 0
vt 0 0
vt 0 0
vt 0 0
vt 0 0
vt 0 0
vt 0 0
vt 0 0
vt 0 0
vt 0 0
vt 0 0
vt 0 0
vt 0 0
vt 0 0
vt 0 0
vt 0 0
vt 0 0
vt 0 0
vt 0 0
vt 0 0
vt 0 0
vt 0 0
vt 0 0
vt 0 0
vt 0 0
vt 0 0
vt 0 0
vt 0 0
vt 0 0
vt 0 0
vt 0 0
vt 0 0
vt 0 0
vt 0 0
vt 0 0
vt 0 0
vt 0 0
vt 0 0
vt 0 0
vt 0 0
vt 0 0
vt 0 0
vt 0 0
vt 0 0
vt 0 0
vt 0 0
vt 0 0
vt 0 0
vt 0 0
vt 0 0
vt 0 0
vt 0 0
vt 0 0
vt 0 0
vt 0 0
vt 0 0
vt 0 0
vt 0 0
vt 0 0
vt 0 0
vt 0 0
vt 0 0
vt 0 0
vt 0 0
vt 0 0
vt 0 0
vt 0 0
vt 0 0
vt 0 0
vt 0 0
vt 0 0
vt 0 0
vt 0 0
vt 0 0
vt 0 0
vt 0 0
vt 0 0
vt 0 0
vt 0 0
vt 0 0
vt 0 0
vt 0 0
vt 0 0
vt 0 0
vt 0 0
vt 0 0
vt 0 0
vt 0 0
vt 0 0
vt 0 0
vt 0 0
vt 0 0
vt 0 0
vt 0 0
vt 0 0
vt 0 0
vt 0 0
vt 0 0
vt 0 0
vt 0 0
vt 0 0
vt 0 0
vt 0 0
vt 0 0
vt 0 0
vt 0 0
vt 0 0
vt 0 0
vt 0 0
vt 0 0
vt 0 0
vt 0 0
vt 0 0
vt 0 0
vt 0 0
vt 0 0
vt 0 0
vt 0 0
vt 0 0
vt 0 0
vt 0 0
vt 0 0
vt 0 0
vt 0 0
vt 0 0
vt 0 0
vt 0 0
vt 0 0
vt 0 0
vt 0 0
vt 0 0
vt 0 0
vt 0 0
vt 0 0
vt 0 0
vt 0 0
vt 0 0
vt 0 0
vt 0 0
vt 0 0
vt 0 0
vt 0 0
vt 0 0
vt 0 0
vt 0 0
vt 0 0
vt 0 0
vt 0 0
vt 0 0
vt 0 0
vt 0 0
vt 0 0
vt 0 0
vt 0 0
vt 0 0
vt 0 0
vt 0 0
vn 0.7169978301555653 -0.11618868713660077 0.6873240142274124
vn 0.7169977711983819 -0.11618869469210244 0.6873240744527273
vn 0.7169978301555653 -0.11618868713660077 0.6873240142274124
vn 0.7393367644625307 -0.20675418594473072 0.6408071904312623
vn 0.7393367374389076 -0.20675419505595455 0.6408072186702928
vn 0.7393367091998767 -0.2067541871589601 0.6408072537992485
vn 0.5731639138772636 0.05592148999404657 0.8175303754514216
vn 0.573163872182097 0.055921543895473026 0.8175304009965448
vn 0.5731638740925565 0.055921484477224205 0.8175304037215225
vn 0.44154938222639945 0.4457420920701116 0.7786835881232153
vn 0.4415492716307536 0.4457420709632234 0.7786836629182403
vn 0.44154932548013814 0.44574203535099194 0.77868365276869
vn -0.693511078709072 0.47314906794918804 -0.543297656176238
vn -0.693511078709072 0.47314906794918804 -0.543297656176238
vn -0.693511078709072 0.47314906794918804 -0.543297656176238
vn -0.5436415000764524 0.6088275824880668 -0.5777394691349733
vn -0.5436414590950889 0.6088275437397537 -0.5777395485309805
vn -0.5436415000764524 0.6088275824880668 -0.5777394691349733
vn -0.4592157299130262 0.7245431534260396 -0.5139631623218701
vn -0.4592158756369688 0.7245431482388099 -0.5139630394329595
vn -0.4592158756369688 0.7245431482388099 -0.5139630394329595
vn 0.23926421632232756 0.9709334224262155 -0.006397187145835803
vn 0.23926421632232756 0.9709334224262155 -0.006397187145835803
vn 0.2392641180753685 0.9709334470224252 -0.006397128634570017
vn -0.19856327362952897 0.8864732202002473 -0.41801657411319065
vn -0.19856319958761753 0.8864732222712692 -0.4180166048921031
vn -0.19856320265826222 0.8864731763753294 -0.41801670076341224
vn 0.5616593349390184 0.8239991647999364 0.07459335013837988
vn 0.5616592612453378 0.823999203734835 0.07459347492709724
vn 0.5616592612453378 0.823999203734835 0.07459347492709724
vn 0.3986968130141199 0.9098458954768338 0.11498390224871656
vn 0.3986967886322732 0.9098459078466294 0.1149838889108169
vn 0.3986967886322732 0.9098459078466294 0.1149838889108169
vn 0.709035336426713 0.5501749511307865 0.44110816683268805
vn 0.709035336426713 0.5501749511307865 0.44110816683268805
vn 0.709035336426713 0.5501749511307865 0.44110816683268805
vn 0.3138529046650982 0.9492225003684381 0.021748540814759132
vn 0.3138528778111271 0.9492225092854863 0.02174853915642096
vn 0.3138529050846637 0.9492225016373796 0.021748479376543357
vn -0.005832552297607806 0.8030984199870559 -0.5958178489672745
vn -0.005832552297607806 0.8030984199870559 -0.5958178489672745
vn -0.005832552297607806 0.8030984199870559 -0.5958178489672745
vn -0.4358326976111712 0.7066922001937843 -0.557347283009649
vn -0.4358326976111712 0.7066922001937843 -0.557347283009649
vn -0.4358326976111712 0.7066922001937843 -0.557347283009649
vn -0.4471957151714593 0.6144358007899187 -0.6499881837694731
vn -0.4471957132761595 0.6144356789765331 -0.6499883002239913
vn -0.44719569038147566 0.6144357480721023 -0.649988250659434
vn 0.1346286941235572 0.9737725556915205 -0.18341789580242746
vn 0.1346286941235572 0.9737725556915205 -0.18341789580242746
vn 0.1346286941235572 0.9737725556915205 -0.18341789580242746
vn -0.07877021769181283 0.8102019759073238 -0.5808338928133004
vn -0.07877027332623038 0.8102019521003284 -0.58083391847664
vn -0.07877026484497864 0.8102020011038701 -0.5808338512720628
vn 0.1364332912766204 0.9005878157901984 -0.4127075757502742
vn 0.13643339593254308 0.9005877584813052 -0.41270766620930593
vn 0.13643337566319852 0.9005877826509265 -0.41270762016836066
vn -0.3020745874573678 0.6321783788931333 -0.7135134482772635
vn -0.3020745874573678 0.6321783788931333 -0.7135134482772635
vn -0.3020745874573678 0.6321783788931333 -0.7135134482772635
vn -0.5561628501179174 0.2670635657608866 -0.7869942413968452
vn -0.5561627917143603 0.2670635067329905 -0.7869943027010848
vn -0.5562183893987676 0.2669865804800694 -0.7869811110428256
vn 0.07254409893912775 0.6778061486976119 -0.731653045163362
vn 0.07254409893912775 0.6778061486976119 -0.731653045163362
vn 0.07254409893912775 0.6778061486976119 -0.731653045163362
vn 0.6319771290211321 0.7724024508208783 0.06324051201648948
vn 0.6319771936176494 0.7724023973173016 0.06324051996659537
vn 0.6318659792071382 0.7725031387697173 0.06312119225378565
vn 0.4920181281875502 0.8628655580628408 -0.11567709472372456
vn 0.49201800418893094 0.8628656688729461 -0.11567679557449939
vn 0.4920180318652565 0.8628656651445276 -0.11567670566769822
vn 0.33070017854028 0.9285680957518552 -0.1685190893198768
vn 0.33070017854028 0.9285680957518552 -0.1685190893198768
vn 0.33070017854028 0.9285680957518552 -0.1685190893198768
vn -0.4245014816693423 0.6755032587063525 -0.6029045028340985
vn -0.42450144198259676 0.6755032429774076 -0.6029045484002434
vn -0.4245014816693423 0.6755032587063525 -0.6029045028340985
vn 0.5970288510110194 0.4445004757510754 -0.6678142542036143
vn 0.5970288510110194 0.4445004757510754 -0.6678142542036143
vn 0.5970288510110194 0.4445004757510754 -0.6678142542036143
vn -0.6383032099649103 0.14154907832457764 -0.756659018695974
vn -0.6383032099649103 0.14154907832457764 -0.756659018695974
vn -0.6383032099649103 0.14154907832457764 -0.756659018695974
vn 0.1514784962391434 0.5129541059288621 -0.8449451759657839
vn 0.15147837813131454 0.5129542288680398 -0.8449451225050659
vn 0.1514784072498013 0.5129542265523552 -0.8449451186906393
vn -0.5135114199829224 0.23502098055318008 -0.825270355851308
vn -0.5135114199829224 0.23502098055318008 -0.825270355851308
vn -0.5135114199829224 0.23502098055318008 -0.825270355851308
vn -0.7118246932618676 -0.13086199358275286 -0.6900585081702824
vn -0.7118246834200141 -0.13086210703928722 -0.6900584968067816
vn -0.7118246932618676 -0.13086199358275286 -0.6900585081702824
vn -0.6055480762571614 0.0343440692329225 -0.7950673004530968
vn -0.6055480762571614 0.0343440692329225 -0.7950673004530968
vn -0.6055480762571614 0.0343440692329225 -0.7950673004530968
vn 0.6442139161400643 0.7641972318442188 -0.03148048749806034
vn 0.6442139161400643 0.7641972318442188 -0.03148048749806034
vn 0.6442139161400643 0.7641972318442188 -0.03148048749806034
vn 0.627132103794371 0.7195948798284754 -0.29814180068398355
vn 0.627132103794371 0.7195948798284754 -0.29814180068398355
vn 0.627132103794371 0.7195948798284754 -0.29814180068398355
vn 0.545469819778485 0.7424352755270713 -0.38891199179746144
vn 0.545469819778485 0.7424352755270713 -0.38891199179746144
vn 0.545469819778485 0.7424352755270713 -0.38891199179746144
vn 0.3032493825372582 0.7673829036032579 -0.5649453878457675
vn 0.30324948780427463 0.7673828841329997 -0.5649453577879581
vn 0.303249498102174 0.7673827751717702 -0.5649455002656909
vn 0.7153732137044357 0.6987202721020204 0.00558090206563353
vn 0.7153732137044357 0.6987202721020204 0.00558090206563353
vn 0.7153732137044357 0.6987202721020204 0.00558090206563353
vn 0.4961351490114588 0.8023951111609993 -0.331680568469582
vn 0.4961351490114588 0.8023951111609993 -0.331680568469582
vn 0.49613506769206733 0.8023951838456155 -0.3316805142717134
vn 0.0284497104206272 0.8165748704525394 -0.5765380255650108
vn 0.0284497104206272 0.8165748704525394 -0.5765380255650108
vn 0.0284497104206272 0.8165748704525394 -0.5765380255650108
vn 0.0394608296378403 0.8185294114402174 -0.5731077084908427
vn 0.0394608296378403 0.8185294114402174 -0.5731077084908427
vn 0.0394608296378403 0.8185294114402174 -0.5731077084908427
vn 0.6195534599193798 0.7805218862255514 -0.08330123303308876
vn 0.6195534599193798 0.7805218862255514 -0.08330123303308876
vn 0.6195534599193798 0.7805218862255514 -0.08330123303308876
vn 0.00648295742434365 0.4965458831535889 -0.8679862655516255
vn 0.00648295742434365 0.4965458831535889 -0.8679862655516255
vn 0.00648295742434365 0.4965458831535889 -0.8679862655516255
vn -0.482411897015609 0.16314450102280384 -0.860617588365368
vn -0.482411897015609 0.16314450102280384 -0.860617588365368
vn -0.4824119052249534 0.1631443994909502 -0.8606176030107493
vn -0.44723574292252066 0.052570165338170056 -0.8928698494007167
vn -0.44723574292252066 0.052570165338170056 -0.8928698494007167
vn -0.4471464733983829 0.05289261765457177 -0.892895515905997
vn -0.3149858103260415 0.2202786048506565 -0.9231799800354725
vn -0.3149859081947529 0.22027861076819535 -0.9231799452310262
vn -0.3149858175634214 0.2202785056038334 -0.9231800012472352
vn -0.6409995937938818 -0.23461157790422102 -0.7308056706603816
vn -0.6409995937938818 -0.23461157790422102 -0.7308056706603816
vn -0.6409995937938818 -0.23461157790422102 -0.7308056706603816
vn -0.6894565880037684 -0.3185299960373582 -0.6505292113984139
vn -0.6894568632778766 -0.3185296875040188 -0.6505290707244552
vn -0.6894565032654562 -0.31852998442556474 -0.650529306893102
vn -0.7298287097304442 -0.38601439895398376 -0.5642188744214338
vn -0.7298287097304442 -0.38601439895398376 -0.5642188744214338
vn -0.7298287097304442 -0.38601439895398376 -0.5642188744214338
vn 0.26465380000445876 0.5750473696138054 -0.7741310540492761
vn 0.26465379407378153 0.5750474759367459 -0.7741309770969833
vn 0.26465380000445876 0.5750473696138054 -0.7741310540492761
vn 0.6277558038228913 0.6686395822461608 -0.3985520791820756
vn 0.6277558038228913 0.6686395822461608 -0.3985520791820756
vn 0.6277558038228913 0.6686395822461608 -0.3985520791820756
vn -0.4357242802083336 -0.1291110044804663 -0.8907719686648062
vn -0.4357242802083336 -0.1291110044804663 -0.8907719686648062
vn -0.4357242802083336 -0.1291110044804663 -0.8907719686648062
vn 0.6233685462971433 -0.774059038646052 0.11065378519389177
vn 0.623368610472936 -0.7740589847175674 0.11065380090647467
vn 0.6233686397475394 -0.7740589614642375 0.11065379865241173
vn 0.6872095644988299 -0.7198398301093845 0.09784494595747391
vn 0.6872095644988299 -0.7198398301093845 0.09784494595747391
vn 0.6872095644988299 -0.7198398301093845 0.09784494595747391
vn 0.7091901158792745 -0.6569725738110405 0.2558054276188025
vn 0.7091901158792745 -0.6569725738110405 0.2558054276188025
vn 0.7091901158792745 -0.6569725738110405 0.2558054276188025
vn 0.7316978784983453 -0.6779065327800051 0.0711403360633929
vn 0.7316978784983453 -0.6779065327800051 0.0711403360633929
vn 0.7316978784983453 -0.6779065327800051 0.0711403360633929
vn 0.7170435499245037 -0.34432308487771807 0.6060446854250582
vn 0.7170435719986025 -0.3443230060706962 0.6060447040820703
vn 0.7170435499245037 -0.34432308487771807 0.6060446854250582
vn 0.6761247990549154 -0.31508585245961596 0.6660151362264581
vn 0.6761248709501515 -0.31508579858259933 0.6660150887286312
vn 0.6761248181019371 -0.3150857719288895 0.6660151549886819
vn 0.7288658594718112 0.3897735761570938 0.5628775339504396
vn 0.7288658594718112 0.3897735761570938 0.5628775339504396
vn 0.7288658594718112 0.3897735761570938 0.5628775339504396
vn 0.6435667223279459 0.332606610891561 0.6893436851841717
vn 0.6435667223279459 0.332606610891561 0.6893436851841717
vn 0.6435667223279459 0.332606610891561 0.6893436851841717
vn 0.5636412545812465 0.6385715654218553 0.5239607733110938
vn 0.5636412545812465 0.6385715654218553 0.5239607733110938
vn 0.5636412545812465 0.6385715654218553 0.5239607733110938
vn 0.6435943980352994 0.5483045099881136 0.5339928980279374
vn 0.6435943980352994 0.5483045099881136 0.5339928980279374
vn 0.6435943980352994 0.5483045099881136 0.5339928980279374
vn 0.3882108584432056 0.8706097503456236 -0.30221017850151943
vn 0.3882108584432056 0.8706097503456236 -0.30221017850151943
vn 0.3882108584432056 0.8706097503456236 -0.30221017850151943
vn -0.2868417846333537 0.8818141366060209 -0.3743335665821737
vn -0.2868417846333537 0.8818141366060209 -0.3743335665821737
vn -0.2868417846333537 0.8818141366060209 -0.3743335665821737
vn 0.08302932332532152 0.3244141081271074 -0.9422640913863972
vn 0.08302932332532152 0.3244141081271074 -0.9422640913863972
vn 0.08302932332532152 0.3244141081271074 -0.9422640913863972
vn -0.07146459228524604 0.9722577545271222 -0.22272779532735007
vn -0.07146459228524604 0.9722577545271222 -0.22272779532735007
vn -0.07146459228524604 0.9722577545271222 -0.22272779532735007
vn 0.19561899250036 0.9634391336200103 -0.18307988852593224
vn 0.19561899250036 0.9634391336200103 -0.18307988852593224
vn 0.19561899250036 0.9634391336200103 -0.18307988852593224
vn 0.3166748520966147 0.8940819325839502 -0.3167562720397748
vn 0.3166748520966147 0.8940819325839502 -0.3167562720397748
vn 0.3166748520966147 0.8940819325839502 -0.3167562720397748
vn -0.42987618310518294 0.7101405338972945 -0.5575902521699827
vn -0.42987607773746433 0.7101405671353263 -0.5575902910720117
vn -0.42987618310518294 0.7101405338972945 -0.5575902521699827
vn 0.0814496710984135 0.9703970971047936 -0.22736627940077242
vn 0.0814496710984135 0.9703970971047936 -0.22736627940077242
vn 0.0814496710984135 0.9703970971047936 -0.22736627940077242
vn -0.08140437807450801 0.970401198556756 -0.22736499526073473
vn -0.08140437807450801 0.970401198556756 -0.22736499526073473
vn -0.08140437807450801 0.970401198556756 -0.22736499526073473
vn 0.21923247902806206 0.9331984278595855 -0.2847416625287003
vn 0.21923247902806206 0.9331984278595855 -0.2847416625287003
vn 0.21923247902806206 0.9331984278595855 -0.2847416625287003
vn -0.13192769818843206 0.9418733072688085 -0.3089818044889028
vn -0.13192769818843206 0.9418733072688085 -0.3089818044889028
vn -0.131927684761464 0.9418733177935372 -0.3089817781392204
vn -0.007059811741663151 0.9488653711585451 -0.31560206981946204
vn -0.007059811741663151 0.9488653711585451 -0.31560206981946204
vn -0.007059811741663151 0.9488653711585451 -0.31560206981946204
vn -0.11815479919881826 0.9529802619404035 -0.2790484971797678
vn -0.11815479919881826 0.9529802619404035 -0.2790484971797678
vn -0.11815479919881826 0.9529802619404035 -0.2790484971797678
vn 0.044100456011092984 0.9562205091682513 -0.28930518077909345
vn 0.044100456011092984 0.9562205091682513 -0.28930518077909345
vn 0.044100456011092984 0.9562205091682513 -0.28930518077909345
vn 0.10892758637407671 0.954598794871052 -0.2772650748966651
vn 0.10892758637407671 0.954598794871052 -0.2772650748966651
vn 0.10892759023868792 0.9545988230496627 -0.2772649763619476
vn -0.7132966058990952 0.6818350088074809 -0.16220040930075788
vn -0.7133973416291811 0.6817361284062597 -0.16217300694647407
vn -0.7133973416291811 0.6817361284062597 -0.16217300694647407
vn -0.20922551092691177 0.9647856004743689 -0.15941590477328185
vn -0.20922551092691177 0.9647856004743689 -0.15941590477328185
vn -0.20922551092691177 0.9647856004743689 -0.15941590477328185
vn 0.2669944702896442 0.8969973123188048 -0.35229217210660946
vn 0.2669944702896442 0.8969973123188048 -0.35229217210660946
vn 0.2669944702896442 0.8969973123188048 -0.35229217210660946
vn 0.5152735215851936 0.8080434958763826 -0.28558520046575875
vn 0.5152735215851936 0.8080434958763826 -0.28558520046575875
vn 0.5152735215851936 0.8080434958763826 -0.28558520046575875
vn -0.5158529279887716 0.8200077411764992 -0.2479577808741375
vn -0.5158529279887716 0.8200077411764992 -0.2479577808741375
vn -0.5158529279887716 0.8200077411764992 -0.2479577808741375
vn 0.09892629225514216 0.8980912691959647 -0.42853898410136676
vn 0.09892629225514216 0.8980912691959647 -0.42853898410136676
vn 0.09892629225514216 0.8980912691959647 -0.42853898410136676
vn -0.06156795977697219 0.97036143257461 -0.23368371038789082
vn -0.06156795977697219 0.97036143257461 -0.23368371038789082
vn -0.06156795977697219 0.97036143257461 -0.23368371038789082
vn -0.33751181517568835 0.9182729328955551 -0.20702800614459654
vn -0.33751181517568835 0.9182729328955551 -0.20702800614459654
vn -0.33751181517568835 0.9182729328955551 -0.20702800614459654
vn 0.0876418847438249 0.947019369870032 -0.3089873996290425
vn 0.0876418847438249 0.947019369870032 -0.3089873996290425
vn 0.0876418847438249 0.947019369870032 -0.3089873996290425
vn -0.10477468623603291 0.8850938294799743 -0.45346574086761526
vn -0.10477468623603291 0.8850938294799743 -0.45346574086761526
vn -0.10477468623603291 0.8850938294799743 -0.45346574086761526
vn 0.1933025970187883 0.9355934637758191 -0.2954640020810604
vn 0.1933025970187883 0.9355934637758191 -0.2954640020810604
vn 0.19330269386464247 0.9355934401757223 -0.2954640134514349
vn 0.2564334913929265 0.8418307450614895 -0.474934586191879
vn 0.2564334913929265 0.8418307450614895 -0.474934586191879
vn 0.2564334913929265 0.8418307450614895 -0.474934586191879
vn 0.18348209201651303 0.9376441653273221 -0.2952248992494926
vn 0.18348209201651303 0.9376441653273221 -0.2952248992494926
vn 0.18348209201651303 0.9376441653273221 -0.2952248992494926
vn 0.08532761135850694 0.8120247219364601 -0.5773517556081963
vn 0.08532761135850694 0.8120247219364601 -0.5773517556081963
vn 0.08532761135850694 0.8120247219364601 -0.5773517556081963
vn -0.7551344171986705 0.5598471860785772 -0.34109110249598024
vn -0.7551344171986705 0.5598471860785772 -0.34109110249598024
vn -0.7551344171986705 0.5598471860785772 -0.34109110249598024
vn 0.38417068381641 0.9229946794464817 -0.022219527661907844
vn 0.38417068381641 0.9229946794464817 -0.022219527661907844
vn 0.38417068381641 0.9229946794464817 -0.022219527661907844
vn -0.07187966935124368 0.9173363957388309 -0.3915702365947227
vn -0.07187966935124368 0.9173363957388309 -0.3915702365947227
vn -0.07187966935124368 0.9173363957388309 -0.3915702365947227
vn 0.3222245598857964 0.8084560695080186 -0.49251407764859917
vn 0.3222245598857964 0.8084560695080186 -0.49251407764859917
vn 0.3222245598857964 0.8084560695080186 -0.49251407764859917
vn -0.2223108982323376 0.875682582718439 -0.4286698949666227
vn -0.2223108982323376 0.875682582718439 -0.4286698949666227
vn -0.2223108982323376 0.875682582718439 -0.4286698949666227
vn -0.24399377959075602 0.6990643471331847 -0.6721428970749238
vn -0.24399377959075602 0.6990643471331847 -0.6721428970749238
vn -0.24399377959075602 0.6990643471331847 -0.6721428970749238
vn 0.08288585346181165 0.8127018165776588 -0.5767544474273957
vn 0.08288585346181165 0.8127018165776588 -0.5767544474273957
vn 0.08288585346181165 0.8127018165776588 -0.5767544474273957
vn 0.10640649613333576 0.8108773319771185 -0.5754612150842979
vn 0.10640649613333576 0.8108773319771185 -0.5754612150842979
vn 0.10640649613333576 0.8108773319771185 -0.5754612150842979
vn 0.20853068814707812 0.8784123998257732 -0.4300076835746451
vn 0.20853068814707812 0.8784123998257732 -0.4300076835746451
vn 0.20853068814707812 0.8784123998257732 -0.4300076835746451
vn -0.03569274770037745 0.8800843958535567 -0.47347384715174856
vn -0.03569274770037745 0.8800843958535567 -0.47347384715174856
vn -0.03569274484487793 0.8800843576955467 -0.47347391829440344
vn 0.29559699206858064 0.9162512578436453 -0.2703813062693967
vn 0.2955969582545932 0.9162513050134782 -0.270381183390654
vn 0.29559699206858064 0.9162512578436453 -0.2703813062693967
vn 0.14227179956505634 0.8810912826500921 -0.45103978392879707
vn 0.14227179956505634 0.8810912826500921 -0.45103978392879707
vn 0.14227179956505634 0.8810912826500921 -0.45103978392879707
vn 0.060719006889825546 0.8809560700749404 -0.469286271693974
vn 0.060719006889825546 0.8809560700749404 -0.469286271693974
vn 0.060719003818952545 0.8809560199650636 -0.46928636615881814
vn -0.03484379505866385 0.963178218991019 -0.2665963773332237
vn -0.03484379505866385 0.963178218991019 -0.2665963773332237
vn -0.03484379505866385 0.963178218991019 -0.2665963773332237
vn 0.3437855004474026 0.8669659643673139 -0.3608067991471091
vn 0.3437855004474026 0.8669659643673139 -0.3608067991471091
vn 0.3437855004474026 0.8669659643673139 -0.3608067991471091
vn -0.44326405791417123 0.8325592105530489 -0.33220797083264897
vn -0.4432640754684345 0.8325592435242842 -0.33220786477954717
vn -0.4432640754684345 0.8325592435242842 -0.33220786477954717
vn -0.24719950010435984 0.8424932770501752 -0.4786412908153779
vn -0.24719950010435984 0.8424932770501752 -0.4786412908153779
vn -0.24719950010435984 0.8424932770501752 -0.4786412908153779
vn -0.021199100073687232 0.943370417619705 -0.3310632164951118
vn -0.021199100073687232 0.943370417619705 -0.3310632164951118
vn -0.021199100073687232 0.943370417619705 -0.3310632164951118
vn 0.4225537753578206 0.7614795523492477 -0.4915253790851921
vn 0.4225537753578206 0.7614795523492477 -0.4915253790851921
vn 0.4225537753578206 0.7614795523492477 -0.4915253790851921
vn 0.9323519528358667 0.32354176252851746 -0.161370889391756
vn 0.9323519528358667 0.32354176252851746 -0.161370889391756
vn 0.9323519528358667 0.32354176252851746 -0.161370889391756
vn -0.2328155892818357 0.6761155006529987 -0.6990455858984425
vn -0.23281560369350493 0.6761155588361184 -0.6990455248240648
vn -0.23281567384266402 0.6761154865794254 -0.6990455713475717
vn -0.09986411820919372 0.9327452816924413 -0.34642949841892573
vn -0.09986411820919372 0.9327452816924413 -0.34642949841892573
vn -0.09986411820919372 0.9327452816924413 -0.34642949841892573
vn 0.11696689678521072 0.8488320186693121 -0.5155608103203911
vn 0.11696689678521072 0.8488320186693121 -0.5155608103203911
vn 0.11696689678521072 0.8488320186693121 -0.5155608103203911
vn 0.03753488827743554 0.7956744910564401 -0.6045603662530941
vn 0.03753488827743554 0.7956744910564401 -0.6045603662530941
vn 0.03753488827743554 0.7956744910564401 -0.6045603662530941
vn -0.06499362102945805 0.8816311510061879 -0.4674423416860987
vn -0.06499362102945805 0.8816311510061879 -0.4674423416860987
vn -0.06499362102945805 0.8816311510061879 -0.4674423416860987
vn 0.0995591154935542 0.8791107125652636 -0.46610335503527095
vn 0.0995591154935542 0.8791107125652636 -0.46610335503527095
vn 0.0995591154935542 0.8791107125652636 -0.46610335503527095
vn -0.05760728847017046 0.7949145903520166 -0.6039802930233736
vn -0.05760728847017046 0.7949145903520166 -0.6039802930233736
vn -0.05760728847017046 0.7949145903520166 -0.6039802930233736
vn -0.10190739508794075 0.8585601471046289 -0.5024831903955279
vn -0.10190739508794075 0.8585601471046289 -0.5024831903955279
vn -0.10190739508794075 0.8585601471046289 -0.5024831903955279
vn 0.22005606696573982 0.7130446274866573 -0.6656896323392636
vn 0.22005606696573982 0.7130446274866573 -0.6656896323392636
vn 0.22005606696573982 0.7130446274866573 -0.6656896323392636
vn -0.39406376311702745 0.6840744481731642 -0.6138044476497609
vn -0.3940637111176585 0.6840745209801771 -0.6138043998913008
vn -0.39406376311702745 0.6840744481731642 -0.6138044476497609
vn 0.45629655206029696 0.6949009726460795 -0.5557932122592153
vn 0.45629655206029696 0.6949009726460795 -0.5557932122592153
vn 0.45629655206029696 0.6949009726460795 -0.5557932122592153
vn 0.10127879270108162 0.7350177412667069 -0.6704412921145292
vn 0.10127879270108162 0.7350177412667069 -0.6704412921145292
vn 0.10127879270108162 0.7350177412667069 -0.6704412921145292
vn 0.1057272102318779 0.8336406317884548 -0.5420932152756852
vn 0.10572719549728551 0.8336406331018206 -0.5420932161297304
vn 0.1057272102318779 0.8336406317884548 -0.5420932152756852
vn -0.23797509398699965 0.8838761569380323 -0.4026546831198333
vn -0.23797509398699965 0.8838761569380323 -0.4026546831198333
vn -0.23797509398699965 0.8838761569380323 -0.4026546831198333
vn 0.12354289576784958 0.7341219089603952 -0.6676841885874185
vn 0.12354289576784958 0.7341219089603952 -0.6676841885874185
vn 0.12354289576784958 0.7341219089603952 -0.6676841885874185
vn -0.4612922775178302 0.7006141705477432 -0.5443796641408555
vn -0.46129229668280475 0.7006142139963044 -0.5443795919828771
vn -0.4612922775178302 0.7006141705477432 -0.5443796641408555
vn 0.09228990274018646 0.7862955967921581 -0.6109188230178138
vn 0.09228991415382008 0.7862955670789705 -0.6109188595365515
vn 0.09228990274018646 0.7862955967921581 -0.6109188230178138
vn 0.09922301357015265 0.6974323029802701 -0.7097485303526131
vn 0.09922301357015265 0.6974323029802701 -0.7097485303526131
vn 0.09922301357015265 0.6974323029802701 -0.7097485303526131
vn -0.104946787558154 0.676609415521901 -0.7288249931282098
vn -0.10480401068776776 0.676612744405154 -0.728842447619706
vn -0.10494670585116683 0.6766092979205433 -0.7288251140695264
vn 0.4873088899964658 0.753780723188895 -0.44084540042881115
vn 0.4873088899964658 0.753780723188895 -0.44084540042881115
vn 0.4870290785312086 0.7538650676927163 -0.44101035858321747
vn -0.21008687816566424 0.7763104292868159 -0.5943110473507327
vn -0.21008687816566424 0.7763104292868159 -0.5943110473507327
vn -0.21008687816566424 0.7763104292868159 -0.5943110473507327
vn 0.3667061754812895 0.5951019733090788 -0.7151085387740285
vn 0.3667061754812895 0.5951019733090788 -0.7151085387740285
vn 0.3667061882686144 0.5951020053012662 -0.7151085055933226
vn -0.15759218917341267 0.611196505848558 -0.7756310547870326
vn -0.15759218917341267 0.611196505848558 -0.7756310547870326
vn -0.15759219491451978 0.6111964685098926 -0.7756310830433883
vn 0.09541595142308809 0.7481583482440318 -0.6566238513538698
vn 0.09541595142308809 0.7481583482440318 -0.6566238513538698
vn 0.09541595142308809 0.7481583482440318 -0.6566238513538698
vn -0.06967978074846246 0.6011833458291647 -0.7960674047167722
vn -0.06967978074846246 0.6011833458291647 -0.7960674047167722
vn -0.06967978074846246 0.6011833458291647 -0.7960674047167722
vn 0.370888613165502 0.7096866226702941 -0.598987924942567
vn 0.370888613165502 0.7096866226702941 -0.598987924942567
vn 0.37088870840978694 0.709686514630576 -0.5989879939745247
vn -0.09742872596357137 0.5981449594954511 -0.7954434302873464
vn -0.09742872986987805 0.5981449973407064 -0.7954434013506108
vn -0.09742872596357137 0.5981449594954511 -0.7954434302873464
vn 0.12176760123997651 0.7212692999192984 -0.681867471201103
vn 0.12176760123997651 0.7212692999192984 -0.681867471201103
vn 0.12176760123997651 0.7212692999192984 -0.681867471201103
vn 0.17010450561189638 0.5301920237275701 -0.8306388355634452
vn 0.17010450561189638 0.5301920237275701 -0.8306388355634452
vn 0.17010450561189638 0.5301920237275701 -0.8306388355634452
vn -0.137972906187141 0.6869453785576156 -0.7134910819601102
vn -0.137972906187141 0.6869453785576156 -0.7134910819601102
vn -0.137972906187141 0.6869453785576156 -0.7134910819601102
vn 0.18823517720694438 0.6869368502695559 -0.701915437786926
vn 0.18823517720694438 0.6869368502695559 -0.701915437786926
vn 0.18823517720694438 0.6869368502695559 -0.701915437786926
vn 0.09690497814524544 0.6903413533391889 -0.7169646023901647
vn 0.09690504117757281 0.6903413181529944 -0.716964627750323
vn 0.09690504871196401 0.6903413783546972 -0.7169645687657576
vn -0.1332318935362396 0.519746602964263 -0.8438677214183851
vn -0.1332318935362396 0.519746602964263 -0.8438677214183851
vn -0.1332318935362396 0.519746602964263 -0.8438677214183851
vn 0.14349150741145125 0.5096017747966581 -0.8483609010467688
vn 0.14349159497754452 0.5096017682589035 -0.8483608901630243
vn 0.14349159497754452 0.5096017682589035 -0.8483608901630243
vn -0.10712300227184555 0.6781225791772721 -0.7271000137492989
vn -0.10712300227184555 0.6781225791772721 -0.7271000137492989
vn -0.1068028998113438 0.6780769019143084 -0.7271896971782408
vn -0.00469577252473767 0.6664983439566413 -0.7454917217672177
vn -0.00469577252473767 0.6664983439566413 -0.7454917217672177
vn -0.00469577252473767 0.6664983439566413 -0.7454917217672177
vn 0.1353929074680481 0.7992097327450159 -0.5856044430270219
vn 0.1353929074680481 0.7992097327450159 -0.5856044430270219
vn 0.1353929074680481 0.7992097327450159 -0.5856044430270219
vn 0.13825230769739402 0.6601045951809684 -0.738341535359697
vn 0.13825230769739402 0.6601045951809684 -0.738341535359697
vn 0.13825230769739402 0.6601045951809684 -0.738341535359697
vn 0.20961157998091257 0.7901509411913963 -0.5759552722844513
vn 0.20961157998091257 0.7901509411913963 -0.5759552722844513
vn 0.20961157998091257 0.7901509411913963 -0.5759552722844513
vn -0.12121198575024383 0.6261102089586886 -0.770255581445659
vn -0.12121198575024383 0.6261102089586886 -0.770255581445659
vn -0.12121198575024383 0.6261102089586886 -0.770255581445659
vn -0.06324039446296352 0.7644657549056502 -0.6415549564025699
vn -0.06324039446296352 0.7644657549056502 -0.6415549564025699
vn -0.06324027613743277 0.7644669576816999 -0.6415535348565601
vn -0.4298878105366094 0.18574300802752933 -0.8835700341913625
vn -0.4298878105366094 0.18574300802752933 -0.8835700341913625
vn -0.4298878105366094 0.18574300802752933 -0.8835700341913625
vn 0.1016586929207328 0.6085368303542805 -0.7869869352511604
vn 0.1016586929207328 0.6085368303542805 -0.7869869352511604
vn 0.1016586929207328 0.6085368303542805 -0.7869869352511604
vn -0.2020335961535103 0.7471869062224786 -0.63316202760033
vn -0.2020335961535103 0.7471869062224786 -0.63316202760033
vn -0.2020335961535103 0.7471869062224786 -0.63316202760033
vn 0.33027878305158165 0.5891087633682609 -0.7374732472359148
vn 0.33027878305158165 0.5891087633682609 -0.7374732472359148
vn 0.33027878305158165 0.5891087633682609 -0.7374732472359148
vn -0.5554342738705101 0.5784435735753469 -0.5974075657365927
vn -0.5554342738705101 0.5784435735753469 -0.5974075657365927
vn -0.5554342738705101 0.5784435735753469 -0.5974075657365927
vn 0.21932068735309512 0.5318096345123758 -0.8179712395547775
vn 0.21932068735309512 0.5318096345123758 -0.8179712395547775
vn 0.21932068735309512 0.5318096345123758 -0.8179712395547775
vn 0.09681922304958916 0.6923428850835655 -0.7150436123218211
vn 0.09681922304958916 0.6923428850835655 -0.7150436123218211
vn 0.09681922304958916 0.6923428850835655 -0.7150436123218211
vn -0.08073919168141856 0.6822582400209359 -0.7266394407477246
vn -0.08073919168141856 0.6822582400209359 -0.7266394407477246
vn -0.08073919168141856 0.6822582400209359 -0.7266394407477246
vn -0.13166247218434232 0.5229415857879665 -0.8421384038695031
vn -0.13166238182228657 0.5229415223898634 -0.8421384573652093
vn -0.13166248933215072 0.5229416543159227 -0.8421383586348428
vn -0.006364344776230512 0.5239849815895965 -0.8517037244160198
vn -0.006364344776230512 0.5239849815895965 -0.8517037244160198
vn -0.006364344651912185 0.5239849117496579 -0.8517037673838568
vn 0.10037169467823585 0.49161296408603955 -0.8650099516479318
vn 0.10037170646545553 0.49161289591959867 -0.8650099890213744
vn 0.10037169467823585 0.49161296408603955 -0.8650099516479318
vn 0.3026851943323189 0.5499262685559905 -0.7784361067448574
vn 0.3026851943323189 0.5499262685559905 -0.7784361067448574
vn 0.3026851943323189 0.5499262685559905 -0.7784361067448574
vn -0.09546373912128894 0.6087372980412917 -0.7876075015427229
vn -0.09546373912128894 0.6087372980412917 -0.7876075015427229
vn -0.09546373912128894 0.6087372980412917 -0.7876075015427229
vn -0.33646550238234874 0.4610173926775206 -0.8211296665907368
vn -0.33646550238234874 0.4610173926775206 -0.8211296665907368
vn -0.33646550238234874 0.4610173926775206 -0.8211296665907368
vn 0.10849419234535387 0.5531013011092338 -0.8260193465885662
vn 0.10849419234535387 0.5531013011092338 -0.8260193465885662
vn 0.10849419234535387 0.5531013011092338 -0.8260193465885662
vn 0.5992838794996633 0.5341755200459338 -0.5962510759365461
vn 0.5992838794996633 0.5341755200459338 -0.5962510759365461
vn 0.5992838794996633 0.5341755200459338 -0.5962510759365461
vn 0.2755059063882272 0.39815390977876186 -0.8749685478193412
vn 0.2755059063882272 0.39815390977876186 -0.8749685478193412
vn 0.2755059063882272 0.39815390977876186 -0.8749685478193412
vn 0.11456059323865646 0.6102872905473037 -0.7838528519264557
vn 0.11456059323865646 0.6102872905473037 -0.7838528519264557
vn 0.11456059323865646 0.6102872905473037 -0.7838528519264557
vn -0.11893759746931935 0.569704476805507 -0.8131977969817613
vn -0.11893759746931935 0.569704476805507 -0.8131977969817613
vn -0.11893759746931935 0.569704476805507 -0.8131977969817613
vn 0.4432646427370341 0.3863273344205236 -0.8088681271868379
vn 0.4432646427370341 0.3863273344205236 -0.8088681271868379
vn 0.4432646427370341 0.3863273344205236 -0.8088681271868379
vn -0.5493009016801615 0.374933595400542 -0.7467886705443408
vn -0.5493009016801615 0.374933595400542 -0.7467886705443408
vn -0.5493009016801615 0.374933595400542 -0.7467886705443408
vn -0.21444235856877486 0.37689584695379513 -0.901090447957608
vn -0.2144423709019589 0.37689572323112625 -0.9010904967715689
vn -0.2144423709019589 0.37689572323112625 -0.9010904967715689
vn -0.10772129231512029 0.5389863294302719 -0.835398024817657
vn -0.10772129231512029 0.5389863294302719 -0.835398024817657
vn -0.10772129231512029 0.5389863294302719 -0.835398024817657
vn 0.43090616871863024 0.348186456775794 -0.8325179067612598
vn 0.43090616871863024 0.348186456775794 -0.8325179067612598
vn 0.43090616871863024 0.348186456775794 -0.8325179067612598
vn -0.15811890684086663 0.30899191528814585 -0.9378285598050492
vn -0.15811890684086663 0.30899191528814585 -0.9378285598050492
vn -0.15811890684086663 0.30899191528814585 -0.9378285598050492
vn 0.07687090157351467 0.4781780727043413 -0.8748923335336964
vn 0.07687090157351467 0.4781780727043413 -0.8748923335336964
vn 0.07687090157351467 0.4781780727043413 -0.8748923335336964
vn -0.07142913483370046 0.2930682061697143 -0.9534195850880005
vn -0.07142913483370046 0.2930682061697143 -0.9534195850880005
vn -0.07142913483370046 0.2930682061697143 -0.9534195850880005
vn -0.1015837981669731 0.46707458885106184 -0.8783632849792751
vn -0.1015837981669731 0.46707458885106184 -0.8783632849792751
vn -0.1015837981669731 0.46707458885106184 -0.8783632849792751
vn -0.10473039546609167 0.2877779846160933 -0.9519534525573273
vn -0.10473039546609167 0.2877779846160933 -0.9519534525573273
vn -0.10473039546609167 0.2877779846160933 -0.9519534525573273
vn 0.1049687950435364 0.44702536444027685 -0.8883410806746166
vn 0.1049687950435364 0.44702536444027685 -0.8883410806746166
vn 0.1049687950435364 0.44702536444027685 -0.8883410806746166
vn -0.0992080489614777 0.42194679160566706 -0.901176269147685
vn -0.0992080489614777 0.42194679160566706 -0.901176269147685
vn -0.0992080489614777 0.42194679160566706 -0.901176269147685
vn 0.2680228119789809 0.24024859655808203 -0.9329760897851305
vn 0.2680229016799085 0.24024849251344735 -0.9329760908083863
vn 0.268022898160617 0.24024738667290751 -0.9329763765811127
vn 0.5157539721064558 0.24202079491683148 -0.8218416970951512
vn 0.5157539721064558 0.24202079491683148 -0.8218416970951512
vn 0.5157539721064558 0.24202079491683148 -0.8218416970951512
vn 0.30799939304409674 0.38106699634739255 -0.8717363811263381
vn 0.30799939304409674 0.38106699634739255 -0.8717363811263381
vn 0.30799939304409674 0.38106699634739255 -0.8717363811263381
vn 0.41221059148376105 0.35384536458785604 -0.8395688692586781
vn 0.4122106140886548 0.35384509018861515 -0.8395689738086234
vn 0.4122106140886548 0.35384509018861515 -0.8395689738086234
vn -0.0702314293340206 0.5137798720433013 -0.8550425658508874
vn -0.0702314293340206 0.5137798720433013 -0.8550425658508874
vn -0.0702314293340206 0.5137798720433013 -0.8550425658508874
vn 0.048014812259900175 0.5330057750029197 -0.8447481409373941
vn 0.048014812259900175 0.5330057750029197 -0.8447481409373941
vn 0.048014812259900175 0.5330057750029197 -0.8447481409373941
vn 0.08919107830043091 0.32527813009308276 -0.9414027244674587
vn 0.08919107830043091 0.32527813009308276 -0.9414027244674587
vn 0.08919107830043091 0.32527813009308276 -0.9414027244674587
vn -0.08275913438646905 0.33276107873139243 -0.9393726577653421
vn -0.08275913438646905 0.33276107873139243 -0.9393726577653421
vn -0.08275913438646905 0.33276107873139243 -0.9393726577653421
vn 0.1404773879540485 0.4940081496568881 -0.8580338289054723
vn 0.1404773879540485 0.4940081496568881 -0.8580338289054723
vn 0.1404773879540485 0.4940081496568881 -0.8580338289054723
vn -0.11160738656405664 0.32689606821835787 -0.938446989364727
vn -0.11160738656405664 0.32689606821835787 -0.938446989364727
vn -0.11160738656405664 0.32689606821835787 -0.938446989364727
vn 0.5633618939415929 0.1345602746719711 -0.8151790655645821
vn 0.5633618939415929 0.1345602746719711 -0.8151790655645821
vn 0.5633618939415929 0.1345602746719711 -0.8151790655645821
vn -0.47208950496907487 0.38772100681109395 -0.7917094922858039
vn -0.47208950496907487 0.38772100681109395 -0.7917094922858039
vn -0.47208950496907487 0.38772100681109395 -0.7917094922858039
vn 0.12843107779861276 0.4361721142299541 -0.8906510792805781
vn 0.12843107779861276 0.4361721142299541 -0.8906510792805781
vn 0.12843107779861276 0.4361721142299541 -0.8906510792805781
vn -0.11836259964283712 0.25957030391610975 -0.9584432963564865
vn -0.11836250449460485 0.25957051628092304 -0.9584432505930748
vn -0.11836258586606556 0.25957027657958454 -0.9584433054612548
vn 0.06360345179703623 0.4309163585202421 -0.900147595052698
vn 0.06360345179703623 0.4309163585202421 -0.900147595052698
vn 0.06360345179703623 0.4309163585202421 -0.900147595052698
vn 0.11183450904355992 0.4177901367721794 -0.9016343184478225
vn 0.11183450904355992 0.4177901367721794 -0.9016343184478225
vn 0.11183450904355992 0.4177901367721794 -0.9016343184478225
vn -0.3048386891567185 0.4466359942289568 -0.8411834890511848
vn -0.3048386891567185 0.4466359942289568 -0.8411834890511848
vn -0.3048386891567185 0.4466359942289568 -0.8411834890511848
vn 0.30263507330489425 0.25044506758717766 -0.9196136582973283
vn 0.30263507330489425 0.25044506758717766 -0.9196136582973283
vn 0.30263507330489425 0.25044506758717766 -0.9196136582973283
vn -0.09539184623654197 0.30258756572522205 -0.9483359956998724
vn -0.09539184623654197 0.30258756572522205 -0.9483359956998724
vn -0.09539186014188242 0.3025875923687531 -0.9483359857999447
vn 0.5991997706392795 0.2979727083229663 -0.7430827006198645
vn 0.5991997706392795 0.2979727083229663 -0.7430827006198645
vn 0.5991998407037759 0.2979726837221641 -0.7430826539867426
vn 0.6190438929150497 0.4044652920096812 -0.6731957265194897
vn 0.6190438263039811 0.40446540664117686 -0.6731957189001679
vn 0.6190439619797405 0.4044652683882763 -0.6731956772024201
vn 0.668861160796319 0.6089638563146672 -0.4263657693583884
vn 0.668861160796319 0.6089638563146672 -0.4263657693583884
vn 0.668861160796319 0.6089638563146672 -0.4263657693583884
vn 0.6632263044929597 0.6889292577561865 -0.29241639289910176
vn 0.6632263044929597 0.6889292577561865 -0.29241639289910176
vn 0.6632263044929597 0.6889292577561865 -0.29241639289910176
vn 0.9999999999922542 0.000003935970198623617 0
vn 0.9999999999922542 0.000003935970198623617 0
vn 0.9999999999922542 0.000003935970198623617 0
vn 1 0 0
vn 1 0 0
vn 1 0 0
vn 1 0 0
vn 1 0 0
vn 1 0 0
vn 0.9999999999837998 -0.0000056921198846781505 0
vn 0.9999999999837998 -0.0000056921198846781505 0
vn 0.9999999999837998 -0.0000056921198846781505 0
vn 0.9999999999678537 0.00000801825990467168 0
vn 0.9999999999678537 0.00000801825990467168 0
vn 0.9999999999678537 0.00000801825990467168 0
vn 0.9926599232122831 0.12093409856884964 -0.001104830993500652
vn 0.9926599232122831 0.12093409856884964 -0.001104830993500652
vn 0.9926599232122831 0.12093409856884964 -0.001104830993500652
vn 0.8120997794681272 0.5626155308842758 -0.15478279166504166
vn 0.8120997794681272 0.5626155308842758 -0.15478279166504166
vn 0.8120997794681272 0.5626155308842758 -0.15478279166504166
vn 0.9381468078187091 0.3108003067319323 -0.15259009245328783
vn 0.9381468186414895 0.3108002805151083 -0.152590079312458
vn 0.9381468078187091 0.3108003067319323 -0.15259009245328783
vn 0.9999999999399798 0.000010956299774331421 0
vn 0.9999999999399798 0.000010956299774331421 0
vn 0.9999999999399798 0.000010956299774331421 0
vn 1 0 0
vn 1 0 0
vn 1 0 0
vn 1 0 0
vn 1 0 0
vn 1 0 0
vn 0.6451144164584659 -0.7279323874734147 0.23225380286382336
vn 0.6451144164584659 -0.7279323874734147 0.23225380286382336
vn 0.6451144164584659 -0.7279323874734147 0.23225380286382336
vn 0.6300035595573162 -0.40756349982425105 0.6610503071295851
vn 0.6300035653430658 -0.40756338435789446 0.6610503728051021
vn 0.6300035901662602 -0.4075634004165736 0.6610503392469462
vn 0.4686766106911625 -0.4321067162533641 0.7704712975573972
vn 0.46867659258461314 -0.43210678896659876 0.7704712677915068
vn 0.4686766106911625 -0.4321067162533641 0.7704712975573972
vn 0.6343969765435006 -0.6331980291019912 0.4433968111001915
vn 0.6343969765435006 -0.6331980291019912 0.4433968111001915
vn 0.6343969908974015 -0.6331979242194713 0.4433969403418057
vn 0.0031518335681686603 -0.9998427105599789 -0.017453368879185034
vn 0.003151833551671763 -0.9998427053267385 -0.017453668673702613
vn 0.0031518335583320353 -0.9998427074395482 -0.017453547638649498
vn -0.29037207705385354 -0.9566722624378128 -0.02149974766241828
vn -0.2903721054596827 -0.9566722578368657 -0.02149956874508346
vn -0.29037207336761395 -0.9566722502929701 -0.021500337847993222
vn 0.37624048765786183 -0.9046493667484052 -0.20013150348878977
vn 0.37624049551200905 -0.9046493856332662 -0.2001314033584731
vn 0.37624043536864377 -0.9046493843379438 -0.20013152228120543
vn 0.6295437668399501 -0.7570469801818946 -0.17479849950855086
vn 0.6295437783183578 -0.7570469939850556 -0.17479839838750635
vn 0.6295438388967346 -0.7570469951560005 -0.1747981751404545
vn -0.3004290773986699 -0.905354563768042 -0.30012577916227423
vn -0.3004291587359732 -0.9053545394498058 -0.30012577110075905
vn -0.3004291587359732 -0.9053545394498058 -0.30012577110075905
vn -0.8422845413108939 -0.5352717517952921 -0.06356809890736505
vn -0.8422845413108939 -0.5352717517952921 -0.06356809890736505
vn -0.8422845413108939 -0.5352717517952921 -0.06356809890736505
vn -0.7307750964325174 -0.6798748770550059 0.061138449305536184
vn -0.7307750964325174 -0.6798748770550059 0.061138449305536184
vn -0.7307750964325174 -0.6798748770550059 0.061138449305536184
vn -0.8572206073504705 -0.5024259787491312 -0.1128758885310247
vn -0.8572206073504705 -0.5024259787491312 -0.1128758885310247
vn -0.8572206073504705 -0.5024259787491312 -0.1128758885310247
vn -0.9929390347122062 -0.08145832104226823 -0.08623581203749983
vn -0.9929390347122062 -0.08145832104226823 -0.08623581203749983
vn -0.9929390347122062 -0.08145832104226823 -0.08623581203749983
vn -0.9322767718134622 -0.28334825818864867 -0.22488616079814383
vn -0.9322767718134622 -0.28334825818864867 -0.22488616079814383
vn -0.9322767718134622 -0.28334825818864867 -0.22488616079814383
vn -0.8563318787925579 -0.34371429438203266 -0.38542988623233304
vn -0.8563318787925579 -0.34371429438203266 -0.38542988623233304
vn -0.8563318787925579 -0.34371429438203266 -0.38542988623233304
vn -0.7054498278761014 -0.3783921941991757 -0.599299497512481
vn -0.7054498278761014 -0.3783921941991757 -0.599299497512481
vn -0.7054498278761014 -0.3783921941991757 -0.599299497512481
vn -0.6987152002180762 -0.37611618113583495 -0.6085504804632146
vn -0.6987152002180762 -0.37611618113583495 -0.6085504804632146
vn -0.6987152002180762 -0.37611618113583495 -0.6085504804632146
vn -0.5118697294193869 -0.47555521209919005 -0.7154275786894282
vn -0.5118697294193869 -0.47555521209919005 -0.7154275786894282
vn -0.5118697734069798 -0.4755551975900891 -0.715427556861866
vn -0.28749701163071234 -0.29830690992533754 -0.9101419975993892
vn -0.28749701163071234 -0.29830690992533754 -0.9101419975993892
vn -0.28749701163071234 -0.29830690992533754 -0.9101419975993892
vn -0.45913937198417254 -0.11753918850291296 -0.8805541302271294
vn -0.45913937198417254 -0.11753918850291296 -0.8805541302271294
vn -0.45913937198417254 -0.11753918850291296 -0.8805541302271294
vn -0.09033816558154614 -0.20342588988475807 -0.9749138029405243
vn -0.09033816558154614 -0.20342588988475807 -0.9749138029405243
vn -0.09033816558154614 -0.20342588988475807 -0.9749138029405243
vn -0.0026203388700155148 -0.2789395985915181 -0.9603050734854048
vn -0.0026203388700155148 -0.2789395985915181 -0.9603050734854048
vn -0.0026203388700155148 -0.2789395985915181 -0.9603050734854048
vn -0.047174393674705856 -0.30806460678816755 -0.9501951245012129
vn -0.047174393674705856 -0.30806460678816755 -0.9501951245012129
vn -0.047174393674705856 -0.30806460678816755 -0.9501951245012129
vn 0.014160149164412468 -0.08710919545116658 -0.9960981268145684
vn 0.014160149164412468 -0.08710919545116658 -0.9960981268145684
vn 0.014160149164412468 -0.08710919545116658 -0.9960981268145684
vn -0.06069827034962904 -0.12638129200618564 -0.9901229666094059
vn -0.06069827034962904 -0.12638129200618564 -0.9901229666094059
vn -0.06069827034962904 -0.12638129200618564 -0.9901229666094059
vn -0.4184827862266197 -0.09575896097132616 -0.9031624322488715
vn -0.4184827862266197 -0.09575896097132616 -0.9031624322488715
vn -0.4184827862266197 -0.09575896097132616 -0.9031624322488715
vn -0.40276456268916716 -0.09225111543985223 -0.9106428711311074
vn -0.40276456268916716 -0.09225111543985223 -0.9106428711311074
vn -0.40276456268916716 -0.09225111543985223 -0.9106428711311074
vn -0.37290009716501565 -0.10646840145034181 -0.9217429126534854
vn -0.37290009716501565 -0.10646840145034181 -0.9217429126534854
vn -0.37290009716501565 -0.10646840145034181 -0.9217429126534854
vn -0.018391307216105903 -0.5320648485236209 -0.846503843337063
vn -0.018391307216105903 -0.5320648485236209 -0.846503843337063
vn -0.018391307216105903 -0.5320648485236209 -0.846503843337063
vn -0.13277219538303847 -0.9758236034444329 -0.1736082921230728
vn -0.13277219538303847 -0.9758236034444329 -0.1736082921230728
vn -0.13277219538303847 -0.9758236034444329 -0.1736082921230728
vn -0.28769916376384297 -0.9096885944986327 -0.2994926580213407
vn -0.28769916376384297 -0.9096885944986327 -0.2994926580213407
vn -0.28769916376384297 -0.9096885944986327 -0.2994926580213407
vn -0.45934789222713496 -0.8577718519968605 -0.2307096959998959
vn -0.45934789222713496 -0.8577718519968605 -0.2307096959998959
vn -0.45934789222713496 -0.8577718519968605 -0.2307096959998959
vn -0.7777734406467859 -0.6096689111011625 -0.1528799982377805
vn -0.7777734230142209 -0.6096689568842661 -0.15287990536493903
vn -0.7777734406467859 -0.6096689111011625 -0.1528799982377805
vn -0.6654955852576019 -0.7041697020188963 -0.24750890238789533
vn -0.6654955265733428 -0.7041697625974154 -0.24750888782904104
vn -0.6654955852576019 -0.7041697020188963 -0.24750890238789533
vn -0.5489227124843667 -0.8358716291214627 0.0015733240724958232
vn -0.5489227124843667 -0.8358716291214627 0.0015733240724958232
vn -0.5489227124843667 -0.8358716291214627 0.0015733240724958232
vn -0.6685297490605131 -0.743682384651029 0.00211787177295372
vn -0.6685297490605131 -0.743682384651029 0.00211787177295372
vn -0.6685297490605131 -0.743682384651029 0.00211787177295372
vn -0.7075889327127187 -0.7041272736521521 -0.059352209745407315
vn -0.7075889028592864 -0.7041273035494126 -0.05935221096660643
vn -0.7075889920149144 -0.7041272137465343 -0.05935221344532829
vn -0.44541417850625037 -0.8941649653698123 -0.045554629740617615
vn -0.44541417850625037 -0.8941649653698123 -0.045554629740617615
vn -0.44541417850625037 -0.8941649653698123 -0.045554629740617615
vn -0.27205526497942933 -0.9622185113248036 0.011021309398204499
vn -0.27205526497942933 -0.9622185113248036 0.011021309398204499
vn -0.27205526497942933 -0.9622185113248036 0.011021309398204499
vn -0.19939860769966142 -0.9795190129504614 -0.02797674956084581
vn -0.19939860769966142 -0.9795190129504614 -0.02797674956084581
vn -0.19939860769966142 -0.9795190129504614 -0.02797674956084581
vn 0.10286369419176661 -0.9934163925700906 -0.05042748645580733
vn 0.10286369419176661 -0.9934163925700906 -0.05042748645580733
vn 0.10286369419176661 -0.9934163925700906 -0.05042748645580733
vn 0.027350958161059504 -0.9993744391804709 -0.02241997770719933
vn 0.027350958161059504 -0.9993744391804709 -0.02241997770719933
vn 0.027350958161059504 -0.9993744391804709 -0.02241997770719933
vn -0.06157003731226679 -0.672097446236358 -0.7378984708399469
vn -0.06157003731226679 -0.672097446236358 -0.7378984708399469
vn -0.06157003731226679 -0.672097446236358 -0.7378984708399469
vn -0.0588447996933373 -0.5466263169263589 -0.8353065061356668
vn -0.0588447996933373 -0.5466263169263589 -0.8353065061356668
vn -0.0588447996933373 -0.5466263169263589 -0.8353065061356668
vn -0.2868567062083091 -0.5245637807684176 -0.8015897142611446
vn -0.2868567062083091 -0.5245637807684176 -0.8015897142611446
vn -0.2868567062083091 -0.5245637807684176 -0.8015897142611446
vn -0.2867752596363466 -0.5246090264989928 -0.8015892462953111
vn -0.2867752596363466 -0.5246090264989928 -0.8015892462953111
vn -0.2867752596363466 -0.5246090264989928 -0.8015892462953111
vn -0.4975025358749299 -0.4750318530022598 -0.7258346681106198
vn -0.4975025358749299 -0.4750318530022598 -0.7258346681106198
vn -0.4975025358749299 -0.4750318530022598 -0.7258346681106198
vn -0.09656131315215379 -0.40611461005418925 -0.9087061330831137
vn -0.09656131315215379 -0.40611461005418925 -0.9087061330831137
vn -0.09656131315215379 -0.40611461005418925 -0.9087061330831137
vn -0.07654958186862809 -0.41628399320155307 -0.9060065113010544
vn -0.07654958186862809 -0.41628399320155307 -0.9060065113010544
vn -0.07654958186862809 -0.41628399320155307 -0.9060065113010544
vn -0.2867672747539661 -0.3999726780853433 -0.8705092687131032
vn -0.2867672747539661 -0.3999726780853433 -0.8705092687131032
vn -0.2867672747539661 -0.3999726780853433 -0.8705092687131032
vn -0.2869566904275246 -0.39986397802379503 -0.8704967874138696
vn -0.2869566904275246 -0.39986397802379503 -0.8704967874138696
vn -0.2869566904275246 -0.39986397802379503 -0.8704967874138696
vn -0.4791931942916946 -0.3663695855776075 -0.7975883708456478
vn -0.4791931942916946 -0.3663695855776075 -0.7975883708456478
vn -0.4791931942916946 -0.3663695855776075 -0.7975883708456478
vn -0.5812024654247557 -0.29427788573463554 -0.7586858507654787
vn -0.5812024654247557 -0.29427788573463554 -0.7586858507654787
vn -0.5812024654247557 -0.29427788573463554 -0.7586858507654787
vn -0.07370036227689156 -0.7665165204325644 -0.637981724271322
vn -0.07370036227689156 -0.7665165204325644 -0.637981724271322
vn -0.07370036227689156 -0.7665165204325644 -0.637981724271322
vn -0.036631752028199904 -0.6650365035425158 -0.7459119007626102
vn -0.036631752028199904 -0.6650365035425158 -0.7459119007626102
vn -0.036631752028199904 -0.6650365035425158 -0.7459119007626102
vn -0.28689678816587255 -0.6375076022111661 -0.7150344677447905
vn -0.28689678816587255 -0.6375076022111661 -0.7150344677447905
vn -0.28689678816587255 -0.6375076022111661 -0.7150344677447905
vn -0.2868571539992057 -0.6375298412353091 -0.7150305411197185
vn -0.2868571539992057 -0.6375298412353091 -0.7150305411197185
vn -0.2868571539992057 -0.6375298412353091 -0.7150305411197185
vn -0.5118356711773546 -0.571717653658135 -0.6412200637893857
vn -0.5118356711773546 -0.571717653658135 -0.6412200637893857
vn -0.5118356711773546 -0.571717653658135 -0.6412200637893857
vn -0.5119541244706551 -0.5716227245320361 -0.6412101334477309
vn -0.5119541244706551 -0.5716227245320361 -0.6412101334477309
vn -0.5119541244706551 -0.5716227245320361 -0.6412101334477309
vn -0.7060899888261657 -0.47121290398600285 -0.5285785909366205
vn -0.7060899888261657 -0.47121290398600285 -0.5285785909366205
vn -0.7060899888261657 -0.47121290398600285 -0.5285785909366205
vn -0.7059307718462233 -0.47140535872690015 -0.5286196488252759
vn -0.7059307718462233 -0.47140535872690015 -0.5286196488252759
vn -0.7059307718462233 -0.47140535872690015 -0.5286196488252759
vn -0.286969779823758 -0.8837285007990495 -0.3696921453633661
vn -0.286969779823758 -0.8837285007990495 -0.3696921453633661
vn -0.286969779823758 -0.8837285007990495 -0.3696921453633661
vn -0.2869871011960502 -0.8837203541254093 -0.3696981734490301
vn -0.2869871011960502 -0.8837203541254093 -0.3696981734490301
vn -0.2869871011960502 -0.8837203541254093 -0.3696981734490301
vn -0.5705572450798009 -0.7576308362079979 -0.3169541703680797
vn -0.5705572450798009 -0.7576308362079979 -0.3169541703680797
vn -0.5705572450798009 -0.7576308362079979 -0.3169541703680797
vn -0.5111240675688068 -0.8001519929785615 -0.3138613956579462
vn -0.5111240675688068 -0.8001519929785615 -0.3138613956579462
vn -0.5111240675688068 -0.8001519929785615 -0.3138613956579462
vn -0.6595839595957567 -0.705440373999003 -0.2594279841808323
vn -0.6595839595957567 -0.705440373999003 -0.2594279841808323
vn -0.6595839595957567 -0.705440373999003 -0.2594279841808323
vn -0.7059734360350945 -0.6533862256728193 -0.2732909579803722
vn -0.7059734360350945 -0.6533862256728193 -0.2732909579803722
vn -0.7059734360350945 -0.6533862256728193 -0.2732909579803722
vn -0.8578824821368367 -0.4740482173695793 -0.19828246128052762
vn -0.8578824821368367 -0.4740482173695793 -0.19828246128052762
vn -0.8578824821368367 -0.4740482173695793 -0.19828246128052762
vn -0.8874540667610346 -0.41079102755142244 -0.20898806442605256
vn -0.8874540667610346 -0.41079102755142244 -0.20898806442605256
vn -0.8874540667610346 -0.41079102755142244 -0.20898806442605256
vn -0.9654446228665317 -0.23227770589074062 -0.1181683016897313
vn -0.9654446228665317 -0.23227770589074062 -0.1181683016897313
vn -0.9654446228665317 -0.23227770589074062 -0.1181683016897313
vn -0.9565415525789657 -0.263100240598672 -0.1257239897026143
vn -0.9565415525789657 -0.263100240598672 -0.1257239897026143
vn -0.9565415525789657 -0.263100240598672 -0.1257239897026143
vn -0.9890609614248045 -0.13660520633755674 -0.05565457920885471
vn -0.9890609614248045 -0.13660520633755674 -0.05565457920885471
vn -0.9890609614248045 -0.13660520633755674 -0.05565457920885471
vn -0.2869948165292129 -0.8191167163442783 -0.4966706960257778
vn -0.2869948165292129 -0.8191167163442783 -0.4966706960257778
vn -0.2869948165292129 -0.8191167163442783 -0.4966706960257778
vn -0.2868324794353711 -0.8192006287093063 -0.4966260752953219
vn -0.2868324794353711 -0.8192006287093063 -0.4966260752953219
vn -0.2868324794353711 -0.8192006287093063 -0.4966260752953219
vn -0.5118580484296886 -0.7346184883822893 -0.44535044042267524
vn -0.5118580484296886 -0.7346184883822893 -0.44535044042267524
vn -0.5118580484296886 -0.7346184883822893 -0.44535044042267524
vn -0.5118774333321353 -0.734603546836611 -0.4453528064584036
vn -0.5118774333321353 -0.734603546836611 -0.4453528064584036
vn -0.5118774333321353 -0.734603546836611 -0.4453528064584036
vn -0.7059780387701803 -0.6056291485382919 -0.36716255693492683
vn -0.7059780387701803 -0.6056291485382919 -0.36716255693492683
vn -0.7059780387701803 -0.6056291485382919 -0.36716255693492683
vn -0.7060122699860519 -0.6055861295525439 -0.36716769237326924
vn -0.7060122699860519 -0.6055861295525439 -0.36716769237326924
vn -0.7060122699860519 -0.6055861295525439 -0.36716769237326924
vn -0.8577297907276076 -0.4396278252567544 -0.2665088766971769
vn -0.8577297569236145 -0.43962786828315503 -0.266508914516131
vn -0.8577297907276076 -0.4396278252567544 -0.2665088766971769
vn -0.9981977281405712 -0.05121742529568615 -0.03127412478524209
vn -0.9981977281405712 -0.05121742529568615 -0.03127412478524209
vn -0.9981977281405712 -0.05121742529568615 -0.03127412478524209
vn -0.07457524062322295 -0.7667508998275753 -0.6375982991661695
vn -0.07457524062322295 -0.7667508998275753 -0.6375982991661695
vn -0.07457524062322295 -0.7667508998275753 -0.6375982991661695
vn -0.28681325735310725 -0.7365871622362868 -0.6125173530890322
vn -0.28681325735310725 -0.7365871622362868 -0.6125173530890322
vn -0.28681325735310725 -0.7365871622362868 -0.6125173530890322
vn -0.28690090754481173 -0.7365392441124555 -0.6125339265152715
vn -0.28690090754481173 -0.7365392441124555 -0.6125339265152715
vn -0.28690090754481173 -0.7365392441124555 -0.6125339265152715
vn -0.5118912415984799 -0.6604911630236222 -0.5492893411877474
vn -0.5118912415984799 -0.6604911630236222 -0.5492893411877474
vn -0.5118912415984799 -0.6604911630236222 -0.5492893411877474
vn -0.5118337745709437 -0.6605390746391898 -0.5492852793251088
vn -0.5118337745709437 -0.6605390746391898 -0.5492852793251088
vn -0.5118337745709437 -0.6605390746391898 -0.5492852793251088
vn -0.7060131932366247 -0.5445270465594566 -0.45280864229943724
vn -0.7060131932366247 -0.5445270465594566 -0.45280864229943724
vn -0.7060131932366247 -0.5445270465594566 -0.45280864229943724
vn -0.7060850819974118 -0.5444380611132358 -0.45280354966803066
vn -0.7060850819974118 -0.5444380611132358 -0.45280354966803066
vn -0.7060850819974118 -0.5444380611132358 -0.45280354966803066
vn -0.8579024506844575 -0.3950396699915936 -0.3285529550050263
vn -0.8579024506844575 -0.3950396699915936 -0.3285529550050263
vn -0.8579024506844575 -0.3950396699915936 -0.3285529550050263
vn -0.8815765350617265 -0.3450397241200057 -0.32213413604855795
vn -0.8815765350617265 -0.3450397241200057 -0.32213413604855795
vn -0.8815765350617265 -0.3450397241200057 -0.32213413604855795
vn -0.9572004436255165 -0.21425851643187319 -0.19457800199284445
vn -0.9572004436255165 -0.21425851643187319 -0.19457800199284445
vn -0.9572004436255165 -0.21425851643187319 -0.19457800199284445
vn -0.7472423987897249 -0.584511226462855 0.31618890491265883
vn -0.7472423987897249 -0.584511226462855 0.31618890491265883
vn -0.7472423987897249 -0.584511226462855 0.31618890491265883
vn -0.5242530585971003 -0.7531000802897263 0.39749087991951865
vn -0.5242530585971003 -0.7531000802897263 0.39749087991951865
vn -0.5242530585971003 -0.7531000802897263 0.39749087991951865
vn -0.4043443969962889 -0.7594310998657747 0.5096763808284303
vn -0.4043443969962889 -0.7594310998657747 0.5096763808284303
vn -0.4043443969962889 -0.7594310998657747 0.5096763808284303
vn -0.1704342925243215 -0.7599214750642637 0.6272730694584997
vn -0.1704342925243215 -0.7599214750642637 0.6272730694584997
vn -0.1704342925243215 -0.7599214750642637 0.6272730694584997
vn -0.40509771859104804 -0.7515498317804639 0.5206425729260761
vn -0.40509771859104804 -0.7515498317804639 0.5206425729260761
vn -0.40509771859104804 -0.7515498317804639 0.5206425729260761
vn -0.458384105377439 -0.714343323046167 0.5287699204348566
vn -0.458384105377439 -0.714343323046167 0.5287699204348566
vn -0.458384105377439 -0.714343323046167 0.5287699204348566
vn -0.6840129542381757 -0.5764502327122459 0.447025063772
vn -0.6840129542381757 -0.5764502327122459 0.447025063772
vn -0.6840129542381757 -0.5764502327122459 0.447025063772
vn -0.02237242083405706 -0.9543619137472107 0.2978133851504756
vn -0.02237242083405706 -0.9543619137472107 0.2978133851504756
vn -0.02237242083405706 -0.9543619137472107 0.2978133851504756
vn -0.25702021095162814 -0.9649664377303538 0.05272935820178115
vn -0.25702021095162814 -0.9649664377303538 0.05272935820178115
vn -0.25702021095162814 -0.9649664377303538 0.05272935820178115
vn -0.06531893286938327 -0.9835533236201304 0.168393279570772
vn -0.06531893286938327 -0.9835533236201304 0.168393279570772
vn -0.06531893286938327 -0.9835533236201304 0.168393279570772
vn -0.4779965093515538 -0.8702215156640339 0.11930570281055837
vn -0.4779965093515538 -0.8702215156640339 0.11930570281055837
vn -0.4779965093515538 -0.8702215156640339 0.11930570281055837
vn -0.2997108658414794 -0.9359154577958728 0.18502878899050407
vn -0.2997108658414794 -0.9359154577958728 0.18502878899050407
vn -0.2997108658414794 -0.9359154577958728 0.18502878899050407
vn -0.217046202468044 -0.9270837955942794 0.3056249039929583
vn -0.217046202468044 -0.9270837955942794 0.3056249039929583
vn -0.217046202468044 -0.9270837955942794 0.3056249039929583
vn -0.8911973189993451 -0.4380570030461496 0.11778540100795688
vn -0.8911973189993451 -0.4380570030461496 0.11778540100795688
vn -0.8911973189993451 -0.4380570030461496 0.11778540100795688
vn -0.9165160663798135 -0.36337298185846123 -0.16720758392777474
vn -0.9165160663798135 -0.36337298185846123 -0.16720758392777474
vn -0.9165160663798135 -0.36337298185846123 -0.16720758392777474
vn -0.9978580992146227 0.06053208139448878 0.0248008256683416
vn -0.9978580992146227 0.06053208139448878 0.0248008256683416
vn -0.9978580992146227 0.06053208139448878 0.0248008256683416
vn -0.998513657013046 0.048149154460096884 0.025536947413710414
vn -0.998513657013046 0.048149154460096884 0.025536947413710414
vn -0.998513657013046 0.048149154460096884 0.025536947413710414
vn -0.9999999999993749 0.0000011181999752800324 0
vn -0.9999999999993749 0.0000011181999752800324 0
vn -0.9999999999993749 0.0000011181999752800324 0
vn -1 0 0
vn -1 0 0
vn -1 0 0
vn -1 0 0
vn -1 0 0
vn -1 0 0
vn -0.9985324926272013 -0.03166275902913505 -0.04393553070547163
vn -0.9985324926272013 -0.03166275902913505 -0.04393553070547163
vn -0.9985324926272013 -0.03166275902913505 -0.04393553070547163
vn -0.9996332345339545 0.0266391574241823 -0.004873572294896564
vn -0.9996332345339545 0.0266391574241823 -0.004873572294896564
vn -0.9996332345339545 0.0266391574241823 -0.004873572294896564
vn -0.9733588924139104 -0.21471418944641557 -0.08043807188846845
vn -0.9733588924139104 -0.21471418944641557 -0.08043807188846845
vn -0.9733588924139104 -0.21471418944641557 -0.08043807188846845
vn -0.9405194689375354 -0.3310435771619655 -0.07637590306677992
vn -0.9405194689375354 -0.3310435771619655 -0.07637590306677992
vn -0.9405194689375354 -0.3310435771619655 -0.07637590306677992
vn -0.9815133031961739 0.030333628315418523 -0.1889748836278454
vn -0.9815133031961739 0.030333628315418523 -0.1889748836278454
vn -0.9815133003768299 0.030333630090931922 -0.18897489798618614
vn -0.9746444095770687 -0.2095366986558459 -0.07850252732604478
vn -0.9746444095770687 -0.2095366986558459 -0.07850252732604478
vn -0.9746444095770687 -0.2095366986558459 -0.07850252732604478
vn -0.994920482667536 -0.09787975903225916 0.0235114002216859
vn -0.994920482667536 -0.09787975903225916 0.0235114002216859
vn -0.994920482667536 -0.09787975903225916 0.0235114002216859
vn -0.9999999999147808 -0.000013055199814313468 0
vn -0.9999999999147808 -0.000013055199814313468 0
vn -0.9999999999147808 -0.000013055199814313468 0
vn -0.9996035748339267 -0.016353599814292956 -0.022918397682834983
vn -0.9996035748339267 -0.016353599814292956 -0.022918397682834983
vn -0.9996035748339267 -0.016353599814292956 -0.022918397682834983
vn -0.9999999999991198 0.0000013268399925425146 0
vn -0.9999999999991198 0.0000013268399925425146 0
vn -0.9999999999991198 0.0000013268399925425146 0
vn -0.9999878454935911 0.00343704178730619 0.0035349128473318365
vn -0.9999878454935911 0.00343704178730619 0.0035349128473318365
vn -0.9999878454935911 0.00343704178730619 0.0035349128473318365
vn -1 0 0
vn -1 0 0
vn -1 0 0
vn -0.9999999999770086 -0.000006781080173667377 0
vn -0.9999999999770086 -0.000006781080173667377 0
vn -0.9999999999770086 -0.000006781080173667377 0
vn -1 0 0
vn -1 0 0
vn -1 0 0
vn -0.9974157808403659 0.0009870480278580786 -0.07183860986122986
vn -0.9974157808403659 0.0009870480278580786 -0.07183860986122986
vn -0.9974157808403659 0.0009870480278580786 -0.07183860986122986
vn -0.9968106042145136 0.016566870553799812 0.07806508903184481
vn -0.9968106042145136 0.016566870553799812 0.07806508903184481
vn -0.9968106042145136 0.016566870553799812 0.07806508903184481
vn -0.9994019471039902 0.016519299109380603 -0.030378625408136968
vn -0.9994019471039902 0.016519299109380603 -0.030378625408136968
vn -0.9994019471039902 0.016519299109380603 -0.030378625408136968
vn -0.9999999999986515 -0.0000016423399529208519 0
vn -0.9999999999986515 -0.0000016423399529208519 0
vn -0.9999999999986515 -0.0000016423399529208519 0
vn -1 0 0
vn -1 0 0
vn -1 0 0
vn -0.9910205223484111 0.0658788620942046 0.11635419981012748
vn -0.9910205223484111 0.0658788620942046 0.11635419981012748
vn -0.9910205223484111 0.0658788620942046 0.11635419981012748
vn -1 0 0
vn -1 0 0
vn -1 0 0
vn -0.9999999999960376 -0.000002815130073929809 0
vn -0.9999999999960376 -0.000002815130073929809 0
vn -0.9999999999960376 -0.000002815130073929809 0
vn -1 0 0
vn -1 0 0
vn -1 0 0
vn -0.9999999999936027 0.000003576949893590463 0
vn -0.9999999999936027 0.000003576949893590463 0
vn -0.9999999999936027 0.000003576949893590463 0
vn -0.9999999999994564 -0.0000010426299468230145 0
vn -0.9999999999994564 -0.0000010426299468230145 0
vn -0.9999999999994564 -0.0000010426299468230145 0
vn -0.9830713508314132 0.08726177574266611 -0.16110897451333134
vn -0.9830713508314132 0.08726177574266611 -0.16110897451333134
vn -0.9830713508314132 0.08726177574266611 -0.16110897451333134
vn -0.9986625717544866 0.03512477062076325 -0.037938348218574384
vn -0.9986625717544866 0.03512477062076325 -0.037938348218574384
vn -0.9986625717544866 0.03512477062076325 -0.037938348218574384
vn -1 0 0
vn -1 0 0
vn -1 0 0
vn -0.9999999999704774 0.000007684099727840086 0
vn -0.9999999999704774 0.000007684099727840086 0
vn -0.9999999999704774 0.000007684099727840086 0
vn -0.9999999999626286 -0.000008645390152782746 0
vn -0.9999999999626286 -0.000008645390152782746 0
vn -0.9999999999626286 -0.000008645390152782746 0
vn -1 0 0
vn -1 0 0
vn -1 0 0
vn -1 0 0
vn -1 0 0
vn -1 0 0
vn -0.9999998783952756 -0.00046595695200517956 -0.00016153498979706247
vn -0.9999998783952756 -0.00046595695200517956 -0.00016153498979706247
vn -0.9999998783952756 -0.00046595695200517956 -0.00016153498979706247
vn -0.9999944758697958 -0.001171528966192726 0.003110586724988745
vn -0.9999944758697958 -0.001171528966192726 0.003110586724988745
vn -0.9999944758697958 -0.001171528966192726 0.003110586724988745
vn -1 0 0
vn -1 0 0
vn -1 0 0
vn -1 0 0
vn -1 0 0
vn -1 0 0
vn -1 0 0
vn -1 0 0
vn -1 0 0
vn -0.9999983386781861 -0.0013303160768633239 0.001246154084969503
vn -0.9999983386781861 -0.0013303160768633239 0.001246154084969503
vn -0.9999983386781861 -0.0013303160768633239 0.001246154084969503
vn -0.9999983881699432 -0.0011720650334357354 0.001360118036477051
vn -0.9999983881699432 -0.0011720650334357354 0.001360118036477051
vn -0.9999983881699432 -0.0011720650334357354 0.001360118036477051
vn -0.9968966126082628 0.07872193957322798 0
vn -0.9968966126082628 0.07872193957322798 0
vn -0.9968966126082628 0.07872193957322798 0
vn -0.9984685110415518 0.055259760069854905 -0.002644120929281018
vn -0.9984685110415518 0.055259760069854905 -0.002644120929281018
vn -0.9984685110415518 0.055259760069854905 -0.002644120929281018
vn -0.9835266741733496 0.18075290820025847 0.0019150369862291447
vn -0.9835266741733496 0.18075290820025847 0.0019150369862291447
vn -0.9835266741733496 0.18075290820025847 0.0019150369862291447
vn -0.9743059240388218 0.2187954775097867 -0.05344628522284803
vn -0.9743059240388218 0.2187954775097867 -0.05344628522284803
vn -0.9743059240388218 0.2187954775097867 -0.05344628522284803
vn -0.897250893509805 0.4412971450640461 0.01405929778398867
vn -0.897250893509805 0.4412971450640461 0.01405929778398867
vn -0.897250893509805 0.4412971450640461 0.01405929778398867
vn -0.9433480592610867 0.33171135508667066 -0.007875023486054511
vn -0.9433480592610867 0.33171135508667066 -0.007875023486054511
vn -0.9433480592610867 0.33171135508667066 -0.007875023486054511
vn -0.9089477893692576 0.416737895076729 0.01197676950420961
vn -0.9089477893692576 0.416737895076729 0.01197676950420961
vn -0.9089477893692576 0.416737895076729 0.01197676950420961
vn -0.8118212823886835 0.5837845209703328 -0.011909598491658588
vn -0.8118212823886835 0.5837845209703328 -0.011909598491658588
vn -0.8118212823886835 0.5837845209703328 -0.011909598491658588
vn -0.6971544867716157 0.7165508521402998 0.023032539400068143
vn -0.6971544867716157 0.7165508521402998 0.023032539400068143
vn -0.6971544867716157 0.7165508521402998 0.023032539400068143
vn -0.6405876460188582 0.7678428509603992 0.008051335108176646
vn -0.6405876460188582 0.7678428509603992 0.008051335108176646
vn -0.6405876460188582 0.7678428509603992 0.008051335108176646
vn -0.3846152674492021 0.9229255202636211 -0.016720648644803767
vn -0.3846152674492021 0.9229255202636211 -0.016720648644803767
vn -0.3846152674492021 0.9229255202636211 -0.016720648644803767
vn -0.6182813049621041 0.7858623863865906 0.012187600138283608
vn -0.6182813049621041 0.7858623863865906 0.012187600138283608
vn -0.6182813049621041 0.7858623863865906 0.012187600138283608
vn -0.38283174362302563 0.9236231832964854 -0.01897554615343492
vn -0.38283174362302563 0.9236231832964854 -0.01897554615343492
vn -0.38283174362302563 0.9236231832964854 -0.01897554615343492
vn -0.12965190734708115 0.9915403971574558 0.006166338143412177
vn -0.12965190734708115 0.9915403971574558 0.006166338143412177
vn -0.12965190734708115 0.9915403971574558 0.006166338143412177
vn -0.9210773853368006 0.3864811720511394 0.047421027731384846
vn -0.9210773853368006 0.3864811720511394 0.047421027731384846
vn -0.9210773853368006 0.3864811720511394 0.047421027731384846
vn -0.9303993032693524 0.36631503882377225 0.013054838468624288
vn -0.9303993032693524 0.36631503882377225 0.013054838468624288
vn -0.9303993032693524 0.36631503882377225 0.013054838468624288
vn -0.6265076189009174 0.7773061134343224 0.057301042544889866
vn -0.6265076189009174 0.7773061134343224 0.057301042544889866
vn -0.6265076189009174 0.7773061134343224 0.057301042544889866
vn -0.8642300202281408 0.49605097419245536 -0.08390413064434393
vn -0.8642300202281408 0.49605097419245536 -0.08390413064434393
vn -0.8642300202281408 0.49605097419245536 -0.08390413064434393
vn -0.7739999655901664 0.6231040765866753 -0.11254049496731439
vn -0.7739999655901664 0.6231040765866753 -0.11254049496731439
vn -0.7739999655901664 0.6231040765866753 -0.11254049496731439
vn -0.6864522095617055 0.7198477979408195 -0.10296849900627693
vn -0.6864522106149634 0.7198477990453179 -0.10296848426310544
vn -0.6864522095617055 0.7198477979408195 -0.10296849900627693
vn -0.3261557440645832 0.945008076250396 -0.024128125397628788
vn -0.3261557440645832 0.945008076250396 -0.024128125397628788
vn -0.3261557440645832 0.945008076250396 -0.024128125397628788
vn -0.3474512713876846 0.9376527714570806 0.009213804314047303
vn -0.3474512713876846 0.9376527714570806 0.009213804314047303
vn -0.3474512713876846 0.9376527714570806 0.009213804314047303
vn -0.10397159836493183 0.9887601527070984 -0.10743959769133933
vn -0.10397159836493183 0.9887601527070984 -0.10743959769133933
vn -0.10397159836493183 0.9887601527070984 -0.10743959769133933
vn -0.7852182930616046 0.556166108616845 0.2722342591728961
vn -0.7852182930616046 0.556166108616845 0.2722342591728961
vn -0.7852182930616046 0.556166108616845 0.2722342591728961
vn -0.344652170027916 0.8622849436629108 -0.3710519608185618
vn -0.344652170027916 0.8622849436629108 -0.3710519608185618
vn -0.344652170027916 0.8622849436629108 -0.3710519608185618
vn -0.6408848176772795 0.7649319184207541 0.06438796977623192
vn -0.6408848176772795 0.7649319184207541 0.06438796977623192
vn -0.6408848176772795 0.7649319184207541 0.06438796977623192
vn -0.40656334963104357 0.9130844057763445 -0.03135459559371638
vn -0.40656334963104357 0.9130844057763445 -0.03135459559371638
vn -0.40656334963104357 0.9130844057763445 -0.03135459559371638
vn -0.22516269698504715 0.8630092631453343 -0.4522353055785968
vn -0.22516269698504715 0.8630092631453343 -0.4522353055785968
vn -0.22516269698504715 0.8630092631453343 -0.4522353055785968
vn -0.14981398076107658 0.7596592352572561 -0.6328298487404656
vn -0.14981398076107658 0.7596592352572561 -0.6328298487404656
vn -0.14981398076107658 0.7596592352572561 -0.6328298487404656
vn -0.6768407090497186 0.7216859911859761 -0.14510680445447538
vn -0.6768407090497186 0.7216859911859761 -0.14510680445447538
vn -0.6768407090497186 0.7216859911859761 -0.14510680445447538
vn -0.5776650149493898 0.6517142472877724 0.4914994103614506
vn -0.5776649612566516 0.651714313562152 0.4914993855892033
vn -0.5777293554230813 0.6517502790234941 0.4913759921640746
vn -0.5551871653446045 0.7604289645540406 -0.33691987371464494
vn -0.5551871653446045 0.7604289645540406 -0.33691987371464494
vn -0.5551871653446045 0.7604289645540406 -0.33691987371464494
vn -0.6802327604710895 0.7269594639212232 -0.09387933423948652
vn -0.6802327566647477 0.7269594598534154 -0.09387939331881519
vn -0.6802328214944747 0.7269594058327756 -0.09387934188586836
vn -0.6844902093134236 0.6686906271829396 0.2903893911143316
vn -0.6844902093134236 0.6686906271829396 0.2903893911143316
vn -0.6844902093134236 0.6686906271829396 0.2903893911143316
vn -0.7688026052988526 0.5903523137850796 -0.2458184283049169
vn -0.7688026052988526 0.5903523137850796 -0.2458184283049169
vn -0.7688026052988526 0.5903523137850796 -0.2458184283049169
vn -0.9738659350207901 0.2164382954028157 -0.06884478839538616
vn -0.9738659350207901 0.2164382954028157 -0.06884478839538616
vn -0.9738659350207901 0.2164382954028157 -0.06884478839538616
vn -0.8233022951561186 0.38374887136713054 -0.4182225896757859
vn -0.8233022951561186 0.38374887136713054 -0.4182225896757859
vn -0.8233022951561186 0.38374887136713054 -0.4182225896757859
vn -0.7381334336422332 0.49172717543436767 -0.4619127829784163
vn -0.7381334336422332 0.49172717543436767 -0.4619127829784163
vn -0.7381334336422332 0.49172717543436767 -0.4619127829784163
vn -0.15924370328025575 0.5627688779370903 -0.8111304660725167
vn -0.15924370328025575 0.5627688779370903 -0.8111304660725167
vn -0.15924370328025575 0.5627688779370903 -0.8111304660725167
vn -0.2036436085104525 0.6205477222019221 -0.7572646863434526
vn -0.2036436085104525 0.6205477222019221 -0.7572646863434526
vn -0.2036436085104525 0.6205477222019221 -0.7572646863434526
vn -0.4405634075324063 0.6469339088430286 -0.6223989086851894
vn -0.4405634075324063 0.6469339088430286 -0.6223989086851894
vn -0.4405634075324063 0.6469339088430286 -0.6223989086851894
vn -0.5492826856927031 0.5199698358115751 -0.6541558690742559
vn -0.5492826856927031 0.5199698358115751 -0.6541558690742559
vn -0.5492826856927031 0.5199698358115751 -0.6541558690742559
vn -0.9166689619488199 0.3994828806110116 0.011464828755862981
vn -0.9166689619488199 0.3994828806110116 0.011464828755862981
vn -0.9166689619488199 0.3994828806110116 0.011464828755862981
vn -0.7346923923939891 0.6717150189945184 -0.09500537782457778
vn -0.7346923923939891 0.6717150189945184 -0.09500537782457778
vn -0.7346923923939891 0.6717150189945184 -0.09500537782457778
vn -0.7364924616729795 0.6618380606484834 -0.13981858022426383
vn -0.7364924616729795 0.6618380606484834 -0.13981858022426383
vn -0.7364924616729795 0.6618380606484834 -0.13981858022426383
vn -0.008554219426394217 0.7018079291378989 -0.7123148572991997
vn -0.008554219426394217 0.7018079291378989 -0.7123148572991997
vn -0.008554219426394217 0.7018079291378989 -0.7123148572991997
vn 0.0142746502236227 0.6834740028450318 -0.7298352703151464
vn 0.0142746502236227 0.6834740028450318 -0.7298352703151464
vn 0.0142746502236227 0.6834740028450318 -0.7298352703151464
vn -0.028392125663832972 0.808590552502239 -0.5876863156518224
vn -0.028392125663832972 0.808590552502239 -0.5876863156518224
vn -0.028392125663832972 0.808590552502239 -0.5876863156518224
vn 0.00237166781436292 0.5829686946645216 -0.8124911545567262
vn 0.00237166781436292 0.5829686946645216 -0.8124911545567262
vn 0.00237166781436292 0.5829686946645216 -0.8124911545567262
vn 0.7052203722610594 0.3514773999031975 -0.6157335981617867
vn 0.7052204018093451 0.3514772954205877 -0.6157336239606335
vn 0.705220465039534 0.35147726742521274 -0.6157335675214799
vn 0.703963290878488 0.4854559081227755 -0.5184286318908522
vn 0.7039632691254907 0.4854558931218213 -0.5184286754756599
vn 0.7040650097709397 0.4853762582279894 -0.5183650740210444
vn 0.04999326821379017 0.7698291992723253 -0.636288988652982
vn 0.04999326821379017 0.7698291992723253 -0.636288988652982
vn 0.04999326821379017 0.7698291992723253 -0.636288988652982
vn 0.9731452695577735 -0.2161275050576775 0.07922869363350853
vn 0.9731452695577735 -0.2161275050576775 0.07922869363350853
vn 0.9731452695577735 -0.2161275050576775 0.07922869363350853
vn 0.9988531289134813 -0.02402924702692631 -0.04141282587638035
vn 0.9988531289134813 -0.02402924702692631 -0.04141282587638035
vn 0.9988531289134813 -0.02402924702692631 -0.04141282587638035
vn 0.9992702412752918 0.014303378488011456 0.03541748530667464
vn 0.9992702412752918 0.014303378488011456 0.03541748530667464
vn 0.9992702412752918 0.014303378488011456 0.03541748530667464
vn 0.9881482439536428 0.14442179686646284 0.05201338828795945
vn 0.9881482439536428 0.14442179686646284 0.05201338828795945
vn 0.9881482439536428 0.14442179686646284 0.05201338828795945
vn 0.9996100816094416 0.027214698907184646 -0.00624859249404864
vn 0.9996100816094416 0.027214698907184646 -0.00624859249404864
vn 0.9996100816094416 0.027214698907184646 -0.00624859249404864
vn 0.9773405309882162 -0.018117480194285083 -0.21089628588261458
vn 0.9773405309882162 -0.018117480194285083 -0.21089628588261458
vn 0.9773405309882162 -0.018117480194285083 -0.21089628588261458
vn 0.9846748455931418 0.099651386256005 -0.1431259923053079
vn 0.9846748455931418 0.099651386256005 -0.1431259923053079
vn 0.9846748455931418 0.099651386256005 -0.1431259923053079
vn 0.8568855523384216 0.10284478961606597 -0.5051436423855155
vn 0.8568855523384216 0.10284478961606597 -0.5051436423855155
vn 0.8568855523384216 0.10284478961606597 -0.5051436423855155
vn 0.9868025070903543 -0.08449184052944429 -0.13813739857163213
vn 0.9868025070903543 -0.08449184052944429 -0.13813739857163213
vn 0.9868025070903543 -0.08449184052944429 -0.13813739857163213
vn 0.9886033382319066 0.12834037642151389 0.0786904531484902
vn 0.9886033382319066 0.12834037642151389 0.0786904531484902
vn 0.9886033382319066 0.12834037642151389 0.0786904531484902
vn 0.9878727952772476 0.15515789639463842 -0.005776464100814297
vn 0.9878727952772476 0.15515789639463842 -0.005776464100814297
vn 0.9878727952772476 0.15515789639463842 -0.005776464100814297
vn 0.9712214467555098 0.23194588715175338 -0.05412953718184444
vn 0.9712214467555098 0.23194588715175338 -0.05412953718184444
vn 0.9712214467555098 0.23194588715175338 -0.05412953718184444
vn 0.9998193430583452 0.015700340345376696 0.010713568939360337
vn 0.9998193430583452 0.015700340345376696 0.010713568939360337
vn 0.9998193430583452 0.015700340345376696 0.010713568939360337
vn 1 0 0
vn 1 0 0
vn 1 0 0
vn 0.9992334926873947 0.02696590707074874 -0.028377225861631737
vn 0.9992334926873947 0.02696590707074874 -0.028377225861631737
vn 0.9992334926873947 0.02696590707074874 -0.028377225861631737
vn 0.9999702418513792 0.002362965802519933 0.007343827633483449
vn 0.9999702418513792 0.002362965802519933 0.007343827633483449
vn 0.9999702418513792 0.002362965802519933 0.007343827633483449
vn 0.9998387857971514 -0.013839419226317717 0.011439969019039764
vn 0.9998387857971514 -0.013839419226317717 0.011439969019039764
vn 0.9998387857971514 -0.013839419226317717 0.011439969019039764
vn 0.999776757045516 -0.020420670028124047 0.005425155034967171
vn 0.999776757045516 -0.020420670028124047 0.005425155034967171
vn 0.999776757045516 -0.020420670028124047 0.005425155034967171
vn 1 0 0
vn 1 0 0
vn 1 0 0
vn 1 0 0
vn 1 0 0
vn 1 0 0
vn 1 0 0
vn 1 0 0
vn 1 0 0
vn 0.9999999999965452 -0.0000026285899821141495 0
vn 0.9999999999965452 -0.0000026285899821141495 0
vn 0.9999999999965452 -0.0000026285899821141495 0
vn 0.9651622866573185 0.2613811816496345 -0.011901188758135214
vn 0.9651622866573185 0.2613811816496345 -0.011901188758135214
vn 0.9651622866573185 0.2613811816496345 -0.011901188758135214
vn 0.9928523662967061 0.08961096938796953 0.07882926426384873
vn 0.9928523662967061 0.08961096938796953 0.07882926426384873
vn 0.9928523662967061 0.08961096938796953 0.07882926426384873
vn 0.994667105403161 -0.0016827579694928506 0.10312379819669747
vn 0.994667105403161 -0.0016827579694928506 0.10312379819669747
vn 0.994667105403161 -0.0016827579694928506 0.10312379819669747
vn 0.9997426598225608 0.018348089856461094 0.013340229740566116
vn 0.9997426598225608 0.018348089856461094 0.013340229740566116
vn 0.9997426598225608 0.018348089856461094 0.013340229740566116
vn 1 0 0
vn 1 0 0
vn 1 0 0
vn 0.9999999999986022 -0.0000016720000530744348 0
vn 0.9999999999986022 -0.0000016720000530744348 0
vn 0.9999999999986022 -0.0000016720000530744348 0
vn 0.9234446795208522 0.11376268308241104 0.3664805258162042
vn 0.9234446795208522 0.11376268308241104 0.3664805258162042
vn 0.9234446795208522 0.11376268308241104 0.3664805258162042
vn 0.9511338090141586 -0.26666299108121627 0.15567699424718223
vn 0.9511338090141586 -0.26666299108121627 0.15567699424718223
vn 0.9511338090141586 -0.26666299108121627 0.15567699424718223
vn 0.9999852532325025 -0.0037412640190671704 0.003936529063413505
vn 0.9999852532325025 -0.0037412640190671704 0.003936529063413505
vn 0.9999852532325025 -0.0037412640190671704 0.003936529063413505
vn 0.9959469388320064 -0.08974920168814901 -0.005897103313980292
vn 0.9959469388320064 -0.08974920168814901 -0.005897103313980292
vn 0.9959469388320064 -0.08974920168814901 -0.005897103313980292
vn 0.9962468990799782 -0.08655672735412757 0.0002214119941048605
vn 0.9962468990799782 -0.08655672735412757 0.0002214119941048605
vn 0.9962468990799782 -0.08655672735412757 0.0002214119941048605
vn 0.5594347575994293 0.8288743885473044 0
vn 0.5594347575994293 0.8288743885473044 0
vn 0.5594347575994293 0.8288743885473044 0
vn 0.7186663680862234 0.6946619685301183 -0.03103869938669949
vn 0.7186663680862234 0.6946619685301183 -0.03103869938669949
vn 0.7186663680862234 0.6946619685301183 -0.03103869938669949
vn 0.4826148661435843 0.8092219087699835 -0.33502655617708116
vn 0.4826147927423248 0.8092219356074709 -0.3350265970904119
vn 0.4826148661435843 0.8092219087699835 -0.33502655617708116
vn 0.4825043029569874 0.3353370987528323 -0.8091592104326718
vn 0.4825043029569874 0.3353370987528323 -0.8091592104326718
vn 0.4825043029569874 0.3353370987528323 -0.8091592104326718
vn 0.7241672168909677 0.021465299329296812 -0.6892902747791338
vn 0.7241672168909677 0.021465299329296812 -0.6892902747791338
vn 0.7241672168909677 0.021465299329296812 -0.6892902747791338
vn 0.6289760695167318 0 -0.7774246612857632
vn 0.6289760695167318 0 -0.7774246612857632
vn 0.6289760695167318 0 -0.7774246612857632
vn 0.3738450879255783 -0.588727096935737 -0.7166869997199169
vn 0.3738450879255783 -0.588727096935737 -0.7166869997199169
vn 0.3738450879255783 -0.588727096935737 -0.7166869997199169
vn 0.37397257184004473 -0.21076347322957675 -0.9031739997716653
vn 0.3739725951253368 -0.21076349935903102 -0.9031739840325101
vn 0.37397257184004473 -0.21076347322957675 -0.9031739997716653
vn 0.3138979743583189 -0.8440147827069467 -0.43486447114691895
vn 0.3138979743583189 -0.8440147827069467 -0.43486447114691895
vn 0.3137664875734123 -0.8440714099841425 -0.4348494522512649
vn 0.4988265196504376 -0.6368764461361774 -0.5878439381760983
vn 0.4988265196504376 -0.6368764461361774 -0.5878439381760983
vn 0.4988265196504376 -0.6368764461361774 -0.5878439381760983
vn 0.7884642927289168 -0.5781800040464933 -0.20983789460506355
vn 0.7884642927289168 -0.5781800040464933 -0.20983789460506355
vn 0.7884642927289168 -0.5781800040464933 -0.20983789460506355
vn 0.4975145770993472 -0.7411620637463864 -0.4507305634598736
vn 0.4975145770993472 -0.7411620637463864 -0.4507305634598736
vn 0.4975145770993472 -0.7411620637463864 -0.4507305634598736
vn 0.7885954691483938 -0.5002019820892472 -0.35765229364931134
vn 0.7885954691483938 -0.5002019820892472 -0.35765229364931134
vn 0.7885954691483938 -0.5002019820892472 -0.35765229364931134
vn 0.5478333782105401 -0.801643126033092 -0.23926321949334325
vn 0.5478327264320966 -0.8016417607930998 -0.23926928595729574
vn 0.5478334335988816 -0.801643119863388 -0.23926311334376976
vn 0.5475677294364379 -0.8312565748911082 0.09582321420265258
vn 0.5475677294364379 -0.8312565748911082 0.09582321420265258
vn 0.5475677325638749 -0.8312565796388359 0.09582315514530197
vn 0.500862365741652 -0.8307688927508358 0.24281667451232877
vn 0.500862365741652 -0.8307688927508358 0.24281667451232877
vn 0.500862365741652 -0.8307688927508358 0.24281667451232877
vn 0.6621716129903051 -0.7297443865893097 0.17029939868129168
vn 0.6621716129903051 -0.7297443865893097 0.17029939868129168
vn 0.6621716129903051 -0.7297443865893097 0.17029939868129168
vn 0.4969055536695449 0.5344387168182878 0.6837105591534951
vn 0.4969055536695449 0.5344387168182878 0.6837105591534951
vn 0.49690560777110376 0.5344386237436444 0.6837105925877038
vn 0.9998249653592587 0.0035755625860107686 0.018364476484521525
vn 0.9998249653592587 0.0035755625860107686 0.018364476484521525
vn 0.9998249653592587 0.0035755625860107686 0.018364476484521525
vn 0.8414625526146964 0.16844888032828775 0.513386547606485
vn 0.8414625526146964 0.16844888032828775 0.513386547606485
vn 0.8414625526146964 0.16844888032828775 0.513386547606485
vn 0.8992794833478682 0.08359766082100434 0.42931089193595734
vn 0.8992794833478682 0.08359766082100434 0.42931089193595734
vn 0.8992794833478682 0.08359766082100434 0.42931089193595734
vn 0.7267894531478845 -0.04652928796885608 0.6852825082796952
vn 0.7267894531478845 -0.04652928796885608 0.6852825082796952
vn 0.7267894531478845 -0.04652928796885608 0.6852825082796952
vn 0.4968116886925944 -0.37969470081143897 0.7803909790317444
vn 0.4968116886925944 -0.37969470081143897 0.7803909790317444
vn 0.4968116886925944 -0.37969470081143897 0.7803909790317444
vn 0.4684458038753251 -0.7383770882475099 0.4851368924156659
vn 0.46844584098152475 -0.7383770401554355 0.4851369297821084
vn 0.46844584098152475 -0.7383770401554355 0.4851369297821084
vn 0.7407540646430177 -0.49911695499459635 0.44962838094560914
vn 0.7407540646430177 -0.49911695499459635 0.44962838094560914
vn 0.7407540646430177 -0.49911695499459635 0.44962838094560914
vn 0.7468711686553231 0.6590154725331454 0.08878099117123461
vn 0.746871197992709 0.6590154388148791 0.08878099465858598
vn 0.7468711726075844 0.6590154760204957 0.08878093203639739
vn 0.6586511910361408 0.6215155293773637 0.42414272985570384
vn 0.6586511910361408 0.6215155293773637 0.42414272985570384
vn 0.6586511910361408 0.6215155293773637 0.42414272985570384
vn 0.4983851058140678 0.6684902963521419 0.5520262765355701
vn 0.49838511273343694 0.6684901864238877 0.5520264034089629
vn 0.4983851316735456 0.6684902314589092 0.5520263317730021
vn 0.4987020833225819 0.8167283604850079 0.29026025781906034
vn 0.4987020833225819 0.8167283604850079 0.29026025781906034
vn 0.4987020833225819 0.8167283604850079 0.29026025781906034
vn 0.4981938680976056 0.7578535798361757 0.4212609895533159
vn 0.4981938680976056 0.7578535798361757 0.4212609895533159
vn 0.4981938680976056 0.7578535798361757 0.4212609895533159
vn 0.531712770997219 0.8318974980144508 0.15883350388301465
vn 0.531712770997219 0.8318974980144508 0.15883350388301465
vn 0.5317128162674472 0.8318974755873723 0.1588334697987094
vn -0.03561209923958991 0.9875941378306794 -0.15293657937271404
vn -0.03561209923958991 0.9875941378306794 -0.15293657937271404
vn -0.03561209923958991 0.9875941378306794 -0.15293657937271404
vn 8.052299871173144e-7 0.995284956441693 0.09699410023403
vn 8.68252966581041e-7 0.9952849564416404 0.09699410023402488
vn 8.450439696132983e-7 0.9952849564416603 0.09699410023402681
vn 0.0069412574155769315 0.9984546167446856 0.05513798370192558
vn 0.0069412574155769315 0.9984546167446856 0.05513798370192558
vn 0.0069412574155769315 0.9984546167446856 0.05513798370192558
vn 0.7088419596886395 0.45061208538216646 -0.5426710096295032
vn 0.7088419596886395 0.45061208538216646 -0.5426710096295032
vn 0.7088419596886395 0.45061208538216646 -0.5426710096295032
vn 0.30237967138658006 0.869740854207139 -0.39002228251111504
vn 0.30237967138658006 0.869740854207139 -0.39002228251111504
vn 0.30237967138658006 0.869740854207139 -0.39002228251111504
vn 0.5404565774879047 0.8407929893833722 -0.031206359189002615
vn 0.5404565774879047 0.8407929893833722 -0.031206359189002615
vn 0.5404565774879047 0.8407929893833722 -0.031206359189002615
vn 0.783911721159657 0.6155133970170473 -0.08139822799692256
vn 0.783911721159657 0.6155133970170473 -0.08139822799692256
vn 0.783911721159657 0.6155133970170473 -0.08139822799692256
vn 0.2815603866115271 0 -0.9595435105773825
vn 0.2815603866115271 0 -0.9595435105773825
vn 0.2815603866115271 0 -0.9595435105773825
vn 0.20392608122426095 0.037217075918526944 -0.9782786119795274
vn 0.20392608122426095 0.037217075918526944 -0.9782786119795274
vn 0.20392608122426095 0.037217075918526944 -0.9782786119795274
vn 0.7276939648824212 -0.06569129137512088 -0.682748963903403
vn 0.7276939648824212 -0.06569129137512088 -0.682748963903403
vn 0.7276939648824212 -0.06569129137512088 -0.682748963903403
vn 0.6835268686325352 -0.037837378406359735 -0.7289439982966694
vn 0.6835268686325352 -0.037837378406359735 -0.7289439982966694
vn 0.6835268686325352 -0.037837378406359735 -0.7289439982966694
vn 0.9656316989952738 0.08271502494346207 -0.24640139314562207
vn 0.9656316989952738 0.08271502494346207 -0.24640139314562207
vn 0.9656316989952738 0.08271502494346207 -0.24640139314562207
vn 0.8314619068789711 -0.13255530602887605 0.5395370128663799
vn 0.8314619068789711 -0.13255530602887605 0.5395370128663799
vn 0.8314619068789711 -0.13255530602887605 0.5395370128663799
vn 0.9750059305510209 0.13439878902002536 0.17691919313711654
vn 0.9750059305510209 0.13439878902002536 0.17691919313711654
vn 0.9750059123594652 0.13439890572171528 0.1769192047373383
vn -0.15594009637980738 0.30975770121825463 0.9379407512615275
vn -0.15594009637980738 0.30975770121825463 0.9379407512615275
vn -0.15594009637980738 0.30975770121825463 0.9379407512615275
vn 0.30683126998823473 0 0.9517639264846126
vn 0.30683126998823473 0 0.9517639264846126
vn 0.30683126998823473 0 0.9517639264846126
vn 0.17719386311387167 0.49203514479064814 -0.852351893976677
vn 0.17719386311387167 0.49203514479064814 -0.852351893976677
vn 0.17719386311387167 0.49203514479064814 -0.852351893976677
vn 0.08090393423813566 0.9531128020875442 -0.29159996557205076
vn 0.08090393423813566 0.9531128020875442 -0.29159996557205076
vn 0.08090393423813566 0.9531128020875442 -0.29159996557205076
vn 0 1 0
vn 0 1 0
vn 0 1 0
vn -0.00029144497470818534 0.9999992926973068 0.001153110884918846
vn -0.00029144497470818534 0.9999992926973068 0.001153110884918846
vn -0.00029144497470818534 0.9999992926973068 0.001153110884918846
vn -0.020968671569477484 0.9996955838879675 -0.013002090889823865
vn -0.020968671569477484 0.9996955838879675 -0.013002090889823865
vn -0.020968671569477484 0.9996955838879675 -0.013002090889823865
vn 0 0.9238098612437246 -0.38285159039613575
vn 0 0.9238098612437246 -0.38285159039613575
vn 0 0.9238098612437246 -0.38285159039613575
vn 0.009908316578371133 0.9789439362140289 -0.2038886828942846
vn 0.009908316578371133 0.9789439362140289 -0.2038886828942846
vn 0.009908316578371133 0.9789439362140289 -0.2038886828942846
vn 0.002731977664106813 0.3825432567151699 -0.9239335436273513
vn 0.002731977664106813 0.3825432567151699 -0.9239335436273513
vn 0.0027320380861002263 0.38254330316015356 -0.923933524218715
vn 0 0.33991086949135874 -0.9404576549752935
vn 0 0.33991086949135874 -0.9404576549752935
vn 0 0.33991086949135874 -0.9404576549752935
vn 0 0 -1
vn 0 0 -1
vn 0 0 -1
vn 0 0 -1
vn 0 0 -1
vn 0 0 -1
vn 0 -0.6347559116852245 -0.772712710249197
vn 0 -0.6347559116852245 -0.772712710249197
vn 0 -0.6347559116852245 -0.772712710249197
vn 0 -0.6347555519753326 -0.7727130057378941
vn 0 -0.6347555519753326 -0.7727130057378941
vn 0 -0.6347555519753326 -0.7727130057378941
vn 0 -0.22732237171405187 -0.9738195619920038
vn 0 -0.22732237171405187 -0.9738195619920038
vn 0 -0.22732237171405187 -0.9738195619920038
vn 0 -0.22732248476314285 -0.9738195356025215
vn 0 -0.22732248476314285 -0.9738195356025215
vn 0 -0.22732248476314285 -0.9738195356025215
vn 0.0031406279874356072 -0.7348227770538724 -0.678251887412545
vn 0.0031406279874356072 -0.7348227770538724 -0.678251887412545
vn 0.0031406279874356072 -0.7348227770538724 -0.678251887412545
vn 0.07386200888247145 -0.9944475906982279 -0.07495594038057027
vn 0.07386200888247145 -0.9944475906982279 -0.07495594038057027
vn 0.07386200888247145 -0.9944475906982279 -0.07495594038057027
vn 0.07593613783151427 -0.9946548238125913 -0.06996773854839175
vn 0.07593613783151427 -0.9946548238125913 -0.06996773854839175
vn 0.07593613783151427 -0.9946548238125913 -0.06996773854839175
vn -0.04951273514538265 -0.9599048232806467 -0.2759188636193142
vn -0.04951273514538265 -0.9599048232806467 -0.2759188636193142
vn -0.04951273514538265 -0.9599048232806467 -0.2759188636193142
vn 0 -0.9400052967459458 -0.34115984829631735
vn 0 -0.9400052967459458 -0.34115984829631735
vn 0 -0.9400052967459458 -0.34115984829631735
vn -0.000999846024282071 -0.9422870820265915 -0.33480450318617166
vn -0.000999846024282071 -0.9422870820265915 -0.33480450318617166
vn -0.000999846024282071 -0.9422870820265915 -0.33480450318617166
vn 0.002466856997693423 -0.854408632191016 -0.519595808156715
vn 0.002466856997693423 -0.854408632191016 -0.519595808156715
vn 0.002466856997693423 -0.854408632191016 -0.519595808156715
vn -0.0032188889229188005 -0.8864606992683147 -0.46279268296596054
vn -0.0032188889229188005 -0.8864606992683147 -0.46279268296596054
vn -0.0032188889229188005 -0.8864606992683147 -0.46279268296596054
vn 0.0015927547918406044 -0.7669057556275426 -0.6417577620235853
vn 0.0015927547918406044 -0.7669057556275426 -0.6417577620235853
vn 0.0015927547918406044 -0.7669057556275426 -0.6417577620235853
vn -0.0037499654779535496 -0.6807745732707474 -0.7324833910382855
vn -0.0037499654779535496 -0.6807745732707474 -0.7324833910382855
vn -0.0037499654779535496 -0.6807745732707474 -0.7324833910382855
vn 0.00600033903349953 -0.6227884271769685 -0.7823672864492232
vn 0.00600033903349953 -0.6227884271769685 -0.7823672864492232
vn 0.00600033903349953 -0.6227884271769685 -0.7823672864492232
vn -0.013999158748388004 -0.49572924600541707 -0.8683642888841284
vn -0.013999158748388004 -0.49572924600541707 -0.8683642888841284
vn -0.013999158748388004 -0.49572924600541707 -0.8683642888841284
vn 0 -0.7680987144627844 -0.6403314492047208
vn 0 -0.7680987144627844 -0.6403314492047208
vn 0 -0.7680987144627844 -0.6403314492047208
vn 0 -0.9582091527680685 -0.2860685574324803
vn 0 -0.9582091527680685 -0.2860685574324803
vn 0 -0.9582091527680685 -0.2860685574324803
vn 0 -0.9582092066611253 -0.2860683769133819
vn 0 -0.9582092066611253 -0.2860683769133819
vn 0 -0.9582092066611253 -0.2860683769133819
vn 0 -0.9933762319748378 0.11490718753617345
vn 0 -0.9933762319748378 0.11490718753617345
vn 0 -0.9933762319748378 0.11490718753617345
vn 0 -0.9934147405676272 0.11457378942390602
vn 0 -0.9934147405676272 0.11457378942390602
vn 0 -0.9934147405676272 0.11457378942390602
vn 0 -0.9598416435495198 0.2805423663337796
vn 0 -0.9598416435495198 0.2805423663337796
vn 0 -0.9598416435495198 0.2805423663337796
vn 0.0031360977552979353 -0.9641769144272488 0.26524147974330703
vn 0.0031360977552979353 -0.9641769144272488 0.26524147974330703
vn 0.0031360977552979353 -0.9641769144272488 0.26524147974330703
vn -0.0004385970033093936 -0.2557780194580214 0.9667354407462265
vn -0.0004385970033093936 -0.2557780194580214 0.9667354407462265
vn -0.0004385970033093936 -0.2557780194580214 0.9667354407462265
vn -0.000736362002462093 -0.3087449937199754 0.9511445666268897
vn -0.000736362002462093 -0.3087449937199754 0.9511445666268897
vn -0.000736362002462093 -0.3087449937199754 0.9511445666268897
vn 0 -0.3077149104493345 0.9514786040091274
vn 0 -0.3077149104493345 0.9514786040091274
vn 0 -0.3077149104493345 0.9514786040091274
vn 0.03318886901237237 -0.35592687878898976 0.9339242774064753
vn 0.03318886901237237 -0.35592687878898976 0.9339242774064753
vn 0.03318886901237237 -0.35592687878898976 0.9339242774064753
vn -0.00508195077347939 0.4310592486410387 0.9023093138926136
vn -0.00508195077347939 0.4310592486410387 0.9023093138926136
vn -0.00508195077347939 0.4310592486410387 0.9023093138926136
vn 0 0.3117703834246237 0.9501574753793516
vn 0 0.3117703834246237 0.9501574753793516
vn 0 0.3117703834246237 0.9501574753793516
vn 0 -0.06774753448673351 0.9977024965243741
vn 0 -0.06774753448673351 0.9977024965243741
vn 0 -0.06774753448673351 0.9977024965243741
vn 0 -0.06774759381780981 0.9977024924955821
vn 0 -0.06774759381780981 0.9977024924955821
vn 0 -0.06774759381780981 0.9977024924955821
vn 0 -0.4375002040038297 0.8992183113663819
vn 0 -0.4375002040038297 0.8992183113663819
vn 0 -0.4375002040038297 0.8992183113663819
vn -0.005084990664747852 -0.5491700324693519 0.8356951706857892
vn -0.005084990877107026 -0.549170005113171 0.8356951886613799
vn -0.0050850509458584894 -0.5491700049454222 0.8356951884061096
vn -0.005081533516442053 -0.8886715282294477 0.45851618611719636
vn -0.005081533516442053 -0.8886715282294477 0.45851618611719636
vn -0.005081533516442053 -0.8886715282294477 0.45851618611719636
vn 0.005074142966500814 -0.7429704102938425 0.669305029490258
vn 0.005074142966500814 -0.7429704102938425 0.669305029490258
vn 0.005074142966500814 -0.7429704102938425 0.669305029490258
vn -0.01746075810454036 0.44114775066967626 0.8972646120323146
vn -0.01746075810454036 0.44114775066967626 0.8972646120323146
vn -0.01746075810454036 0.44114775066967626 0.8972646120323146
vn 0.012293389095358704 0.27971267764597746 0.960005047147497
vn 0.012293389095358704 0.27971267764597746 0.960005047147497
vn 0.012293389095358704 0.27971267764597746 0.960005047147497
vn -0.005638121911751395 0.6484755665292469 0.7612145894528561
vn -0.005638121911751395 0.6484755665292469 0.7612145894528561
vn -0.005638121911751395 0.6484755665292469 0.7612145894528561
vn 0.011750279790021897 0.5338030991877032 0.8455271623209151
vn 0.011750279790021897 0.5338030991877032 0.8455271623209151
vn 0.011750279790021897 0.5338030991877032 0.8455271623209151
vn -0.006736636084875695 0.9422404658484329 0.33486941074393156
vn -0.006736636084875695 0.9422404658484329 0.33486941074393156
vn -0.006736636084875695 0.9422404658484329 0.33486941074393156
vn 0.003838120428568426 0.9910297820798559 0.1335860766035485
vn 0.003838120428568426 0.9910297820798559 0.1335860766035485
vn 0.003838120428568426 0.9910297820798559 0.1335860766035485
vn -0.00023451896337759725 0.8675699475167536 0.49731512259997984
vn -0.00023451896337759725 0.8675699475167536 0.49731512259997984
vn -0.00023451896337759725 0.8675699475167536 0.49731512259997984
vn 0.0006507139655574033 0.8740439858155701 0.4858463619612345
vn 0.0006507139655574033 0.8740439858155701 0.4858463619612345
vn 0.0006507139655574033 0.8740439858155701 0.4858463619612345
vn -0.001022397866143731 0.9574967401626302 0.28844227720731214
vn -0.001022397866143731 0.9574967401626302 0.28844227720731214
vn -0.001022397866143731 0.9574967401626302 0.28844227720731214
vn 0.003532170921827812 0.6159903837937534 0.7877457526652896
vn 0.003532170921827812 0.6159903837937534 0.7877457526652896
vn 0.003532170921827812 0.6159903837937534 0.7877457526652896
vn 0 0.6785191050734278 0.7345827550728063
vn 0 0.6785191050734278 0.7345827550728063
vn 0 0.6785191050734278 0.7345827550728063
vn 0 0.7711242335016252 0.6366847072975218
vn -0.0000012179998821434944 0.7711242627647289 0.6366846718541841
vn -0.0000011597598887188981 0.7711242335011066 0.6366847072970935
vn 0.00022763399642644765 0.7688096821540623 0.6394776155651841
vn 0.00022763399642644765 0.7688096821540623 0.6394776155651841
vn 0.00022763399642644765 0.7688096821540623 0.6394776155651841
vn -0.40913485717188486 0.23629098689666023 0.8813485338720113
vn -0.40913485717188486 0.23629098689666023 0.8813485338720113
vn -0.40913485717188486 0.23629098689666023 0.8813485338720113
vn -0.28719117718504655 0.9151740504820641 0.2828032621299118
vn -0.28719117718504655 0.9151740504820641 0.2828032621299118
vn -0.28719117718504655 0.9151740504820641 0.2828032621299118
vn -0.679575272796911 0.6438331683046143 0.3516479773777267
vn -0.679575272796911 0.6438331683046143 0.3516479773777267
vn -0.679575272796911 0.6438331683046143 0.3516479773777267
vn -0.610394059692101 0.7350905526530361 0.2950609619940425
vn -0.610394059692101 0.7350905526530361 0.2950609619940425
vn -0.610394059692101 0.7350905526530361 0.2950609619940425
vn -0.3287742718194769 0.8302258213298589 0.45014726899841784
vn -0.32877429398974073 0.83022580205727 0.4501472883511689
vn -0.3287742718194769 0.8302258213298589 0.45014726899841784
vn -0.18036279481797365 0.9678712105555372 0.1751986929837338
vn -0.18036279481797365 0.9678712105555372 0.1751986929837338
vn -0.18042756572182675 0.9678008532289125 0.17552037493432168
vn -0.23555407887856966 0.9603866122510398 0.14890208505135097
vn -0.23555407887856966 0.9603866122510398 0.14890208505135097
vn -0.23555407887856966 0.9603866122510398 0.14890208505135097
vn -0.24785079585154837 0.9069493604412696 0.3406065774334465
vn -0.24785079585154837 0.9069493604412696 0.3406065774334465
vn -0.24785079585154837 0.9069493604412696 0.3406065774334465
vn -0.22087940398966507 0.8017445739266899 0.5553538755354831
vn -0.22087940398966507 0.8017445739266899 0.5553538755354831
vn -0.22087940398966507 0.8017445739266899 0.5553538755354831
vn -0.5315120424736334 0.5777085645800248 0.6194737792000512
vn -0.5315120424736334 0.5777085645800248 0.6194737792000512
vn -0.5315120424736334 0.5777085645800248 0.6194737792000512
vn -0.8756856301697692 0.30156266618391264 0.37714007408153305
vn -0.8756856301697692 0.30156266618391264 0.37714007408153305
vn -0.8756856301697692 0.30156266618391264 0.37714007408153305
vn -0.895843209355577 0.183360800458052 0.40477618643749597
vn -0.895843209355577 0.183360800458052 0.40477618643749597
vn -0.895843209355577 0.183360800458052 0.40477618643749597
vn -0.14578161167587536 0.6899830946980436 0.708992983553501
vn -0.14578161167587536 0.6899830946980436 0.708992983553501
vn -0.14578161167587536 0.6899830946980436 0.708992983553501
vn -0.3455289025389856 0.547514680083233 0.7621269268327678
vn -0.3455289025389856 0.547514680083233 0.7621269268327678
vn -0.3455289025389856 0.547514680083233 0.7621269268327678
vn -0.2480203062590419 0.48743408924168646 0.8371940852205652
vn -0.2480203062590419 0.48743408924168646 0.8371940852205652
vn -0.2480203062590419 0.48743408924168646 0.8371940852205652
vn -0.8850485787551838 0.28771418674599863 -0.365936551861819
vn -0.8850486033862112 0.2877142051789946 -0.3659364777968121
vn -0.8850485787551838 0.28771418674599863 -0.365936551861819
vn -0.9510258533481109 0.04901145821278441 -0.30520108654353434
vn -0.9510258533481109 0.04901145821278441 -0.30520108654353434
vn -0.9510258533481109 0.04901145821278441 -0.30520108654353434
vn -0.890627534463186 -0.12372330179760378 -0.43757872371531664
vn -0.890627534463186 -0.12372330179760378 -0.43757872371531664
vn -0.890627534463186 -0.12372330179760378 -0.43757872371531664
vn -0.9133862840479767 -0.23082937268437373 -0.3353256578598892
vn -0.9133862840479767 -0.23082937268437373 -0.3353256578598892
vn -0.9133862840479767 -0.23082937268437373 -0.3353256578598892
vn -0.9921035852082417 -0.12488520253018874 0.011582849647066205
vn -0.9921035852082417 -0.12488520253018874 0.011582849647066205
vn -0.9921035852082417 -0.12488520253018874 0.011582849647066205
vn -0.8707696576161795 -0.49127958967799346 0.020113879308179577
vn -0.8707696576161795 -0.49127958967799346 0.020113879308179577
vn -0.8707696576161795 -0.49127958967799346 0.020113879308179577
vn -0.9850678444685352 0.10619579256418185 0.1355130821573289
vn -0.9850678444685352 0.10619579256418185 0.1355130821573289
vn -0.9850678444685352 0.10619579256418185 0.1355130821573289
vn -0.8651797893382412 0.21389499608117943 0.4535557989620114
vn -0.8651797893382412 0.21389499608117943 0.4535557989620114
vn -0.8651800031146603 0.213895675442401 0.4535550707880526
vn -0.21036929036067753 0.902030056926128 0.37694368024280633
vn -0.21036929036067753 0.902030056926128 0.37694368024280633
vn -0.21036929036067753 0.902030056926128 0.37694368024280633
vn -0.7743641325390085 0.5760135789968448 0.2618559662263868
vn -0.7743641325390085 0.5760135789968448 0.2618559662263868
vn -0.7743641696874098 0.5760133834787532 0.26185628645821557
vn -0.5640922218172221 0.5691161781422466 0.5982530744275975
vn -0.5640921821584289 0.5691162578703909 0.598253035976705
vn -0.5640922218172221 0.5691161781422466 0.5982530744275975
vn -0.6170382452461094 0.3244515632588447 0.716934437032072
vn -0.6170382452461094 0.3244515632588447 0.716934437032072
vn -0.6170382452461094 0.3244515632588447 0.716934437032072
vn -0.2933665541835505 0.5500291042078636 0.781923301488557
vn -0.2933665541835505 0.5500291042078636 0.781923301488557
vn -0.29336657585805487 0.5500292081784125 0.7819232202204695
vn -0.8343259197263669 0.3171959855852809 0.45087355921736444
vn -0.8343259197263669 0.3171959855852809 0.45087355921736444
vn -0.8343259197263669 0.3171959855852809 0.45087355921736444
vn -0.7344014680503144 0.4146684726470372 0.5373123314405843
vn -0.7344014680503144 0.4146684726470372 0.5373123314405843
vn -0.7344014680503144 0.4146684726470372 0.5373123314405843
vn -0.9982113829972217 0.04981540884443945 0.03305238110084313
vn -0.9982113829972217 0.04981540884443945 0.03305238110084313
vn -0.9982113829972217 0.04981540884443945 0.03305238110084313
vn -0.9558304460928205 0.2806953762156186 0.08716802219376235
vn -0.9558304460928205 0.2806953762156186 0.08716802219376235
vn -0.9558304460928205 0.2806953762156186 0.08716802219376235
vn -0.4146211908238559 0.8555871569553163 0.3099352915899162
vn -0.4146211908238559 0.8555871569553163 0.3099352915899162
vn -0.4146211908238559 0.8555871569553163 0.3099352915899162
vn 0.9999547764512147 -0.002466320100585301 0.00918489616505496
vn 0.9999547764512147 -0.002466320100585301 0.00918489616505496
vn 0.9999547764512147 -0.002466320100585301 0.00918489616505496
vn 1 0 0
vn 1 0 0
vn 1 0 0
vn 1 0 0
vn 1 0 0
vn 1 0 0
vn 0.9999999999905191 0.000004354540123999511 0
vn 0.9999999999905191 0.000004354540123999511 0
vn 0.9999999999905191 0.000004354540123999511 0
vn 1 0 0
vn 1 0 0
vn 1 0 0
vn 0.9963480883579448 -0.08320783868313451 0.019155740840556403
vn 0.9963480872203415 -0.08320783858813006 0.019155800423329924
vn 0.9963480883579448 -0.08320783868313451 0.019155740840556403
vn 0.9999999999976743 0.0000021567000203453837 0
vn 0.9999999999976743 0.0000021567000203453837 0
vn 0.9999999999976743 0.0000021567000203453837 0
vn 0.9999999999953948 0.0000030348498967074494 0
vn 0.9999999999953948 0.0000030348498967074494 0
vn 0.9999999999953948 0.0000030348498967074494 0
vn 0.9999999999996676 -8.154800070767142e-7 0
vn 0.9999999999996676 -8.154800070767142e-7 0
vn 0.9999999999996676 -8.154800070767142e-7 0
vn 1 0 0
vn 1 0 0
vn 1 0 0
vn 0.9999999999998181 6.031669954608145e-7 0
vn 0.9999999999998181 6.031669954608145e-7 0
vn 0.9999999999998181 6.031669954608145e-7 0
vn 0.9999999999999256 -3.8558599158019974e-7 0
vn 0.9999999999999256 -3.8558599158019974e-7 0
vn 0.9999999999999256 -3.8558599158019974e-7 0
vn 1 0 0
vn 1 0 0
vn 1 0 0
vn 0.9999999999993741 0.0000011188999451398832 0
vn 0.9999999999993741 0.0000011188999451398832 0
vn 0.9999999999993741 0.0000011188999451398832 0
vn 0.999999999999192 0.0000012713400110432035 0
vn 0.999999999999192 0.0000012713400110432035 0
vn 0.999999999999192 0.0000012713400110432035 0
vn 0.9975991889518364 0.04999065048883865 0.04792486897573132
vn 0.9975991889518364 0.04999065048883865 0.04792486897573132
vn 0.9975991889518364 0.04999065048883865 0.04792486897573132
vn 0.9999999999969766 -0.0000024590499378899274 0
vn 0.9999999999969766 -0.0000024590499378899274 0
vn 0.9999999999969766 -0.0000024590499378899274 0
vn 1 0 0
vn 1 0 0
vn 1 0 0
vn 0.9999999999999876 -1.585290050343227e-7 0
vn 0.9999999999999876 -1.585290050343227e-7 0
vn 0.9999999999999876 -1.585290050343227e-7 0
vn 0.9999999999994214 0.0000010758600410547983 0
vn 0.9999999999994214 0.0000010758600410547983 0
vn 0.9999999999994214 0.0000010758600410547983 0
vn 0.9999999999980183 0.0000019908300146159144 0
vn 0.9999999999980183 0.0000019908300146159144 0
vn 0.9999999999980183 0.0000019908300146159144 0
vn 1 0 0
vn 1 0 0
vn 1 0 0
vn 0.9999999999998161 -6.066069886400123e-7 0
vn 0.9999999999998161 -6.066069886400123e-7 0
vn 0.9999999999998161 -6.066069886400123e-7 0
vn 0.9999999999988411 -0.0000015223999980644842 0
vn 0.9999999999988411 -0.0000015223999980644842 0
vn 0.9999999999988411 -0.0000015223999980644842 0
vn 1 0 0
vn 1 0 0
vn 1 0 0
vn 0.9999999999998532 -5.418889941210296e-7 0
vn 0.9999999999998532 -5.418889941210296e-7 0
vn 0.9999999999998532 -5.418889941210296e-7 0
vn 0.9999999999998477 -5.519140131581549e-7 0
vn 0.9999999999998477 -5.519140131581549e-7 0
vn 0.9999999999998477 -5.519140131581549e-7 0
vn 0.9999999999974523 0.000002257329924753937 0
vn 0.9999999999974523 0.000002257329924753937 0
vn 0.9999999999974523 0.000002257329924753937 0
vn 0.999999999992639 -0.000003836949872465035 0
vn 0.999999999992639 -0.000003836949872465035 0
vn 0.999999999992639 -0.000003836949872465035 0
vn 0.9999999999970202 -0.000002441280003033172 0
vn 0.9999999999970202 -0.000002441280003033172 0
vn 0.9999999999970202 -0.000002441280003033172 0
vn 0.9999999999990719 -0.000001362510033685439 0
vn 0.9999999999990719 -0.000001362510033685439 0
vn 0.9999999999990719 -0.000001362510033685439 0
vn 0.9999999999984952 -0.0000017348399978774338 0
vn 0.9999999999984952 -0.0000017348399978774338 0
vn 0.9999999999984952 -0.0000017348399978774338 0
vn 0.9999999999996132 8.795919939071845e-7 0
vn 0.9999999999996132 8.795919939071845e-7 0
vn 0.9999999999996132 8.795919939071845e-7 0
vn 0.9999999999990363 0.000001388259988742474 0
vn 0.9999999999990363 0.000001388259988742474 0
vn 0.9999999999990363 0.000001388259988742474 0
vn 0.9999999999973253 0.0000023129500732404246 0
vn 0.9999999999973253 0.0000023129500732404246 0
vn 0.9999999999973253 0.0000023129500732404246 0
vn 0.9999999999986631 -0.0000016352299780897704 0
vn 0.9999999999986631 -0.0000016352299780897704 0
vn 0.9999999999986631 -0.0000016352299780897704 0
vn 1 0 0
vn 1 0 0
vn 1 0 0
vn 0.9999999999991864 0.0000012756599971897766 0
vn 0.9999999999991864 0.0000012756599971897766 0
vn 0.9999999999991864 0.0000012756599971897766 0
vn 0.999999999999664 8.196799967660783e-7 0
vn 0.999999999999664 8.196799967660783e-7 0
vn 0.999999999999664 8.196799967660783e-7 0
vn 0.9999999999990627 -0.0000013692299489763073 0
vn 0.9999999999990627 -0.0000013692299489763073 0
vn 0.9999999999990627 -0.0000013692299489763073 0
vn 0.9999999999995564 -9.420199944538949e-7 0
vn 0.9999999999995564 -9.420199944538949e-7 0
vn 0.9999999999995564 -9.420199944538949e-7 0
vn 0.9999999999987537 -0.0000015788400560248522 0
vn 0.9999999999987537 -0.0000015788400560248522 0
vn 0.9999999999987537 -0.0000015788400560248522 0
vn 1 0 0
vn 1 0 0
vn 1 0 0
vn 1 0 0
vn 1 0 0
vn 1 0 0
vn 0.9999999999998574 -5.341410087566294e-7 0
vn 0.9999999999998574 -5.341410087566294e-7 0
vn 0.9999999999998574 -5.341410087566294e-7 0
vn 0.5720613538168615 0.10029008878229438 0.8140563282483952
vn 0.5720614383436685 0.10028980257883313 0.8140563041085498
vn 0.5720612919451602 0.10028998407672174 0.814056384626965
vn 0.34177397663921605 0.3859083835605516 0.8568927986568091
vn 0.34177397663921605 0.3859083835605516 0.8568927986568091
vn 0.34177397663921605 0.3859083835605516 0.8568927986568091
vn 0.850877515695757 0.27590498077670456 0.44708376716899834
vn 0.8508775096698612 0.27590485961346395 0.44708385340972673
vn 0.8508775096698612 0.27590485961346395 0.44708385340972673
vn 0.921061859101672 0.2531422933283108 0.2959122015677205
vn 0.921061859101672 0.2531422933283108 0.2959122015677205
vn 0.921061859101672 0.2531422933283108 0.2959122015677205
vn 0.545132454503778 0.7808139867149172 0.30522143633277693
vn 0.545132454503778 0.7808139867149172 0.30522143633277693
vn 0.545132454503778 0.7808139867149172 0.30522143633277693
vn 0.45852728247503854 0.8088680849424228 0.3680830781055192
vn 0.45852728247503854 0.8088680849424228 0.3680830781055192
vn 0.45852728247503854 0.8088680849424228 0.3680830781055192
vn 0.9635036528440939 -0.023958738745877662 0.2666208727646704
vn 0.9635036528440939 -0.023958738745877662 0.2666208727646704
vn 0.9635036528440939 -0.023958738745877662 0.2666208727646704
vn 0.9999946457110013 -0.0021579261156447725 -0.0024600618302409423
vn 0.9999946458587751 -0.0021579261159636594 -0.0024600017602977972
vn 0.9999946458587751 -0.0021579261159636594 -0.0024600017602977972
vn 0.9027893332431599 -0.04512708528761115 0.42770897343382375
vn 0.9027893356714666 -0.04512702580434963 0.4277089745842677
vn 0.9027893332431599 -0.04512708528761115 0.42770897343382375
vn 0.7069605975397941 -0.06840038096804064 0.7039375692556863
vn 0.7069605975397941 -0.06840038096804064 0.7039375692556863
vn 0.7069605975397941 -0.06840038096804064 0.7039375692556863
vn 0.6283193657951363 -0.07929407592274176 0.7739038855635474
vn 0.6283193657951363 -0.07929407592274176 0.7739038855635474
vn 0.6283193657951363 -0.07929407592274176 0.7739038855635474
vn 0.25886730022500054 -0.09539269900211975 0.9611909039578508
vn 0.25886730022500054 -0.09539269900211975 0.9611909039578508
vn 0.25886728686599947 -0.09539263447467952 0.9611909139596654
vn 0.22468217662787898 -0.09776089848559336 0.969515717372879
vn 0.22468217662787898 -0.09776089848559336 0.969515717372879
vn 0.22468217662787898 -0.09776089848559336 0.969515717372879
vn 0.9208462351842459 0.2671477827583739 0.2840321695059999
vn 0.9208462351842459 0.2671477827583739 0.2840321695059999
vn 0.9208462351842459 0.2671477827583739 0.2840321695059999
vn 0.6903300035666465 0.14669939345032396 0.7084657889672449
vn 0.6903300035666465 0.14669939345032396 0.7084657889672449
vn 0.6903300050757017 0.14669937886984682 0.7084657905159448
vn 0.25467631768302834 0.08942443324638881 0.9628827778862676
vn 0.25467631768302834 0.08942443324638881 0.9628827778862676
vn 0.25467631768302834 0.08942443324638881 0.9628827778862676
vn 0.4128136648562324 0.33461326472039316 0.847123864131525
vn 0.4128136648562324 0.33461326472039316 0.847123864131525
vn 0.4128136648562324 0.33461326472039316 0.847123864131525
vn 0.2905966712475936 0.602606252063694 0.7432491369881068
vn 0.2905966712475936 0.602606252063694 0.7432491369881068
vn 0.2905966712475936 0.602606252063694 0.7432491369881068
vn -0.04461276239294983 0.9248185324868342 0.37778351393432774
vn -0.04461276239294983 0.9248185324868342 0.37778351393432774
vn -0.04461276239294983 0.9248185324868342 0.37778351393432774
vn 0.05266665638917439 0.6289118494478859 0.7756907302068424
vn 0.05266665638917439 0.6289118494478859 0.7756907302068424
vn 0.05266665638917439 0.6289118494478859 0.7756907302068424
vn -0.01548640813079861 0.0924621752259197 0.9955957599928285
vn -0.01548640813079861 0.0924621752259197 0.9955957599928285
vn -0.01548640813079861 0.0924621752259197 0.9955957599928285
vn 0.014084269368074678 0.5573154717726033 0.8301813646904199
vn 0.014084269368074678 0.5573154717726033 0.8301813646904199
vn 0.014084269368074678 0.5573154717726033 0.8301813646904199
vn -0.0000138513984008794 -0.1003259915765072 0.9949546196798775
vn -0.0000138513984008794 -0.1003259915765072 0.9949546196798775
vn -0.0000138513984008794 -0.1003259915765072 0.9949546196798775
vn -0.04248689401178396 -0.07547484184803689 0.9962421453066745
vn -0.04248689401178396 -0.07547484184803689 0.9962421453066745
vn -0.04248689401178396 -0.07547484184803689 0.9962421453066745
vn -0.00000851576973223315 -0.10045350171389186 0.9949417540343248
vn -0.00000851576973223315 -0.10045350171389186 0.9949417540343248
vn -0.00000851576973223315 -0.10045350171389186 0.9949417540343248
vn 0 -0.1003175001157869 0.9949554759739347
vn 0 -0.1003175001157869 0.9949554759739347
vn 0 -0.1003175001157869 0.9949554759739347
vn 0.0018926849262983722 -0.10635189528995176 0.9943267531913265
vn 0.0018926849262983722 -0.10635189528995176 0.9943267531913265
vn 0.0018926849262983722 -0.10635189528995176 0.9943267531913265
vn -0.000008535000483615364 -0.10030830200204413 0.9949564033044969
vn -0.000008535000483615364 -0.10030830200204413 0.9949564033044969
vn -0.000008535000483615364 -0.10030830200204413 0.9949564033044969
vn 0 -0.10044669507247952 0.9949424412743765
vn 0 -0.10044669507247952 0.9949424412743765
vn 0 -0.10044669507247952 0.9949424412743765
vn 0.0335875708207188 -0.04205768876242771 0.9985504623714947
vn 0.0335875708207188 -0.04205768876242771 0.9985504623714947
vn 0.0335875708207188 -0.04205768876242771 0.9985504623714947
vn -0.000011004198097768592 -0.1002679820077099 0.9949604673870259
vn -0.000011082899384685818 -0.1002679967589723 0.9949604658995814
vn -0.000011093497742795592 -0.10026798200761096 0.9949604673860442
vn -0.030197786615557512 0.02798174735720077 0.9991521983653736
vn -0.030197786615557512 0.02798174735720077 0.9991521983653736
vn -0.030197786615557512 0.02798174735720077 0.9991521983653736
vn -0.000009744178811382757 -0.10047998191403702 0.9949390801147605
vn -0.000009744178811382757 -0.10047998191403702 0.9949390801147605
vn -0.000009744178811382757 -0.10047998191403702 0.9949390801147605
vn 0.000014247499901378425 -0.100316396618168 0.9949555871326895
vn 0.000014247499901378425 -0.100316396618168 0.9949555871326895
vn 0.000014247499901378425 -0.100316396618168 0.9949555871326895
vn -0.000013383298506969708 -0.10027998908277998 0.9949592572615447
vn -0.000013383298506969708 -0.10027998908277998 0.9949592572615447
vn -0.000013383298506969708 -0.10027998908277998 0.9949592572615447
vn 0 -0.25602451355913086 0.9666702894248952
vn 0 -0.25602451355913086 0.9666702894248952
vn 0 -0.25602451355913086 0.9666702894248952
vn 0 -0.2560234929408566 0.9666705597370612
vn 0 -0.2560234929408566 0.9666705597370612
vn 0 -0.2560234929408566 0.9666705597370612
vn 0.7026173210892611 -0.1820837638556457 0.6878767353570782
vn 0.7026173210892611 -0.1820837638556457 0.6878767353570782
vn 0.7026173210892611 -0.1820837638556457 0.6878767353570782
vn 0.7065734201023545 -0.029756238405219796 0.7070138388184727
vn 0.7065732102467389 -0.02974921184773852 0.7070143442364205
vn 0.7065732102467389 -0.02974921184773852 0.7070143442364205
vn 0.577360779395667 0.5773523751411823 0.5773376527946739
vn 0.577360779395667 0.5773523751411823 0.5773376527946739
vn 0.577360779395667 0.5773523751411823 0.5773376527946739
vn 0.7070911332918929 -0.006556985720127835 0.70709202736154
vn 0.7070911332918929 -0.006556985720127835 0.70709202736154
vn 0.7070911332918929 -0.006556985720127835 0.70709202736154
vn -0.3668423091319469 -0.09331070871660786 0.9255916118189195
vn -0.3668422610614066 -0.09331076367451231 0.9255916253304337
vn -0.36684230275604734 -0.09331089335933838 0.9255915957316826
vn 0.9148395798047623 -0.13818349156420234 0.3794388829334336
vn 0.9148395798047623 -0.13818349156420234 0.3794388829334336
vn 0.9148395798047623 -0.13818349156420234 0.3794388829334336
vn 0.8741945262492054 -0.4164156131240768 0.24976382328597282
vn 0.8741945262492054 -0.4164156131240768 0.24976382328597282
vn 0.8741945262492054 -0.4164156131240768 0.24976382328597282
vn -0.1489914935305716 -0.7106848867372989 0.6875525628042717
vn -0.1489914939414266 -0.7106847694877765 0.687552683909537
vn -0.14899149963644065 -0.7106849158621085 0.6875525313764415
vn 0.49340556684101816 -0.5347654075178992 0.6859860826084658
vn 0.4934054903055064 -0.5347653022590181 0.6859862197130522
vn 0.4934055938478357 -0.5347652579746307 0.6859861797609274
vn 0.49343161307987876 -0.2468014137084528 0.8340349545462095
vn 0.4934316050509282 -0.24680130538962522 0.834034991349189
vn 0.4934316050509282 -0.24680130538962522 0.834034991349189
vn 0.6997433334555229 -0.41042328055462035 0.5847324157795053
vn 0.6998282903471299 -0.41044176988414793 0.584617753377522
vn 0.6998282903471299 -0.41044176988414793 0.584617753377522
vn 0.6846706093116505 -0.04214738944833181 0.7276329804973825
vn 0.6846706093116505 -0.04214738944833181 0.7276329804973825
vn 0.6846706093116505 -0.04214738944833181 0.7276329804973825
vn 0.9816603001443462 0.0921635621823016 0.16687999558479505
vn 0.9816603001443462 0.0921635621823016 0.16687999558479505
vn 0.9816603001443462 0.0921635621823016 0.16687999558479505
vn 0.9999999999602622 0.000008914899808233248 0
vn 0.9999999999602622 0.000008914899808233248 0
vn 0.9999999999602622 0.000008914899808233248 0
vn 0.7025066472654172 0.5590887553138579 -0.4403455168722669
vn 0.702506665703854 0.5590887699880573 -0.4403454688252106
vn 0.702506665703854 0.5590887699880573 -0.4403454688252106
vn 0.6979725380254 0.3559472570767704 -0.6213983314605093
vn 0.6979725380254 0.3559472570767704 -0.6213983314605093
vn 0.6979725380254 0.3559472570767704 -0.6213983314605093
vn -0.0030702348786337437 0.46898646566603036 -0.8832000162363424
vn -0.0030702348786337437 0.46898646566603036 -0.8832000162363424
vn -0.0030702348786337437 0.46898646566603036 -0.8832000162363424
vn -0.0038325773308936903 0.9646541649468475 -0.26349127765772956
vn -0.0038325773308936903 0.9646541649468475 -0.26349127765772956
vn -0.0038325773308936903 0.9646541649468475 -0.26349127765772956
vn 0.002354978768895908 0.4970476526698708 -0.8677200499299124
vn 0.002354978768895908 0.4970476526698708 -0.8677200499299124
vn 0.002354978768895908 0.4970476526698708 -0.8677200499299124
vn -0.0022474517852422464 0.7856104902387961 -0.6187173074896415
vn -0.0022474517852422464 0.7856104902387961 -0.6187173074896415
vn -0.0022474517852422464 0.7856104902387961 -0.6187173074896415
vn 0 0.7683305794092926 -0.6400532171191553
vn 0 0.7683305794092926 -0.6400532171191553
vn 0 0.7683305794092926 -0.6400532171191553
vn 0 0.9595880965654446 -0.28140839527261213
vn 0 0.9595880965654446 -0.28140839527261213
vn 0 0.9595880965654446 -0.28140839527261213
vn -0.0016182060754703805 0.9709985496961167 -0.2390798985635041
vn -0.0016182060754703805 0.9709985496961167 -0.2390798985635041
vn -0.0016182060754703805 0.9709985496961167 -0.2390798985635041
vn 0.40157656684245274 0.8056627275749446 0.4354811481103743
vn 0.40157656684245274 0.8056627275749446 0.4354811481103743
vn 0.40157656684245274 0.8056627275749446 0.4354811481103743
vn 0.40865607757187256 0.7085708751665653 0.5752630051804648
vn 0.40865607757187256 0.7085708751665653 0.5752630051804648
vn 0.40865607757187256 0.7085708751665653 0.5752630051804648
vn -2.297729907355489e-7 0.9595878603965378 -0.28140920059504393
vn 0 0.9595878603965631 -0.28140920059505137
vn 0 0.9595878603965631 -0.28140920059505137
vn 0 0.952516856571512 0.30448585836968795
vn 0 0.952516856571512 0.30448585836968795
vn 0 0.952516856571512 0.30448585836968795
vn -0.006306170602579459 0.8796957297946372 0.4754951684227845
vn -0.006306170602579459 0.8796957297946372 0.4754951684227845
vn -0.006306170602579459 0.8796957297946372 0.4754951684227845
vn 0.007893145074928632 0.4834311896733689 0.8753467787750278
vn 0.007893145074928632 0.4834311896733689 0.8753467787750278
vn 0.007893145074928632 0.4834311896733689 0.8753467787750278
vn 0 0.31359269852393884 0.9495575914248033
vn 0 0.31359269852393884 0.9495575914248033
vn 0 0.31359269852393884 0.9495575914248033
vn 0 0 1
vn 0 0 1
vn 0 0 1
vn 0.006032823700191716 -0.05782513430883366 0.9983084988521174
vn 0.006032823700191716 -0.05782513430883366 0.9983084988521174
vn 0.006032823700191716 -0.05782513430883366 0.9983084988521174
vn 0 -0.5742908075015676 0.8186513717200976
vn 0 -0.5742908075015676 0.8186513717200976
vn 0 -0.5742908075015676 0.8186513717200976
vn -0.00840008172607731 -0.3965905043373339 0.917957194261505
vn -0.00840008172607731 -0.3965905043373339 0.917957194261505
vn -0.00840008172607731 -0.3965905043373339 0.917957194261505
vn 0.33178616313332315 -0.3741396749387506 0.8659892872258835
vn 0.33178616313332315 -0.3741396749387506 0.8659892872258835
vn 0.33178616313332315 -0.3741396749387506 0.8659892872258835
vn 0.2954250487928194 -0.4141224501915346 0.8609451996457849
vn 0.2954250487928194 -0.4141224501915346 0.8609451996457849
vn 0.2954250487928194 -0.4141224501915346 0.8609451996457849
vn 0.6472817601563928 -0.7610470584604813 0.04282169750828228
vn 0.6472817601563928 -0.7610470584604813 0.04282169750828228
vn 0.6472817601563928 -0.7610470584604813 0.04282169750828228
vn 0.14260939841106612 -0.9315139977819442 -0.33458067998785246
vn 0.14260939841106612 -0.9315139977819442 -0.33458067998785246
vn 0.14260939841106612 -0.9315139977819442 -0.33458067998785246
vn 0.9318123667087975 -0.3201982152161204 -0.170876611099824
vn 0.9318123667087975 -0.3201982152161204 -0.170876611099824
vn 0.9318123667087975 -0.3201982152161204 -0.170876611099824
vn 0.3216884111342021 -0.21523700488185912 -0.9220572638786809
vn 0.3216884111342021 -0.21523700488185912 -0.9220572638786809
vn 0.3216884111342021 -0.21523700488185912 -0.9220572638786809
vn 0.09602360456998436 -0.63182246879916 -0.7691422724606429
vn 0.09602360456998436 -0.63182246879916 -0.7691422724606429
vn 0.09602360456998436 -0.63182246879916 -0.7691422724606429
vn 0.5140668549177511 -0.6610390881991555 -0.5465917970001022
vn 0.5140668549177511 -0.6610390881991555 -0.5465917970001022
vn 0.514066895427247 -0.6610390210810629 -0.5465918400726286
vn 0.13366458135620402 -0.6043451571144345 -0.7854302711018976
vn 0.13366458135620402 -0.6043451571144345 -0.7854302711018976
vn 0.13366458135620402 -0.6043451571144345 -0.7854302711018976
vn 0.022831790320898434 -0.9994703010375251 -0.02319109084759659
vn 0.022831790320898434 -0.9994703010375251 -0.02319109084759659
vn 0.022831790320898434 -0.9994703010375251 -0.02319109084759659
vn 0.027217978731547243 -0.9992493435077259 -0.02756684844424549
vn 0.027217978731547243 -0.9992493435077259 -0.02756684844424549
vn 0.027217978731547243 -0.9992493435077259 -0.02756684844424549
vn 0.22464047150380714 -0.9741794966763075 -0.022604575157333988
vn 0.22464047150380714 -0.9741794966763075 -0.022604575157333988
vn 0.22464047150380714 -0.9741794966763075 -0.022604575157333988
vn 0.17200959987783399 -0.9850162135331914 -0.0124802494607321
vn 0.17200959987783399 -0.9850162135331914 -0.0124802494607321
vn 0.17200959987783399 -0.9850162135331914 -0.0124802494607321
vn 0.7054569723005739 -0.7086573244933082 0.011629990304967025
vn 0.7054569723005739 -0.7086573244933082 0.011629990304967025
vn 0.7054569723005739 -0.7086573244933082 0.011629990304967025
vn 0.7467489282736851 -0.6651058828857797 -0.00045019199266206384
vn 0.7467489282736851 -0.6651058828857797 -0.00045019199266206384
vn 0.7467489282736851 -0.6651058828857797 -0.00045019199266206384
vn 0.7660706752451457 -0.6427557563360208 0.0008707619400798724
vn 0.7660706999199999 -0.6427557270289039 0.0008706868707039719
vn 0.7660706751857742 -0.6427557562862064 0.0008708509395272317
vn 0.9654475663203944 -0.2600631771159132 -0.01667754761362427
vn 0.9654475663203944 -0.2600631771159132 -0.01667754761362427
vn 0.9654475663203944 -0.2600631771159132 -0.01667754761362427
vn 0.9645896862387884 -0.24414809810214094 -0.09979200065567904
vn 0.9645896862387884 -0.24414809810214094 -0.09979200065567904
vn 0.9645896862387884 -0.24414809810214094 -0.09979200065567904
vn 0.9805136004783762 -0.16334210799082388 -0.10914410214961409
vn 0.9805136004783762 -0.16334210799082388 -0.10914410214961409
vn 0.9805136004783762 -0.16334210799082388 -0.10914410214961409
vn 0.9645784448027632 -0.18564727807655482 -0.18741267823882388
vn 0.9645784448027632 -0.18564727807655482 -0.18741267823882388
vn 0.9645784448027632 -0.18564727807655482 -0.18741267823882388
vn 0.705474186115849 -0.4414593801889303 -0.5544544962099107
vn 0.705474186115849 -0.4414593801889303 -0.5544544962099107
vn 0.705474186115849 -0.4414593801889303 -0.5544544962099107
vn 0.7526158058276632 -0.46317949668740005 -0.468010900158088
vn 0.7526158525567335 -0.463179458961113 -0.46801086234914646
vn 0.7526158058276632 -0.46317949668740005 -0.468010900158088
vn 0.6299448025155453 -0.6458060753572713 -0.43139779648868043
vn 0.6299448025155453 -0.6458060753572713 -0.43139779648868043
vn 0.6299448025155453 -0.6458060753572713 -0.43139779648868043
vn 0.7525947777433795 -0.6095326613659497 -0.2491405933233998
vn 0.7525947777433795 -0.6095326613659497 -0.2491405933233998
vn 0.7525947777433795 -0.6095326613659497 -0.2491405933233998
vn 0.6515847610970438 -0.7454210710195659 -0.14065818847885053
vn 0.65158480358999 -0.74542105144357 -0.1406580953779657
vn 0.65158480358999 -0.74542105144357 -0.1406580953779657
vn 0.34817817724720834 -0.9211529471511563 -0.17392298538016984
vn 0.34817817724720834 -0.9211529471511563 -0.17392298538016984
vn 0.34817817724720834 -0.9211529471511563 -0.17392298538016984
vn 0.2578392932876177 -0.9285876190906276 -0.2669155906059843
vn 0.2578392932876177 -0.9285876190906276 -0.2669155906059843
vn 0.2578392932876177 -0.9285876190906276 -0.2669155906059843
vn 0.2572674768585826 -0.856714671652095 -0.44704968037888304
vn 0.2572674768585826 -0.856714671652095 -0.44704968037888304
vn 0.25726750183405434 -0.8567147151830655 -0.44704958258437455
vn 0.3763756798390641 -0.7703923677957363 -0.514623111867084
vn 0.3763756798390641 -0.7703923677957363 -0.514623111867084
vn 0.3763756798390641 -0.7703923677957363 -0.514623111867084
vn 0.2574586860024564 -0.741054413324857 -0.6201236824163713
vn 0.2574586860024564 -0.741054413324857 -0.6201236824163713
vn 0.2574586860024564 -0.741054413324857 -0.6201236824163713
vn 0.2578907668697374 -0.6017320295421151 -0.7559172686124227
vn 0.2578907668697374 -0.6017320295421151 -0.7559172686124227
vn 0.2578907668697374 -0.6017320295421151 -0.7559172686124227
vn 0.2577837665989462 -0.6018281486513487 -0.7558772447752018
vn 0.2577837665989462 -0.6018281486513487 -0.7558772447752018
vn 0.2577837665989462 -0.6018281486513487 -0.7558772447752018
vn 0.25610107137266364 -0.4040298752650256 -0.8781640513794116
vn 0.25610107137266364 -0.4040298752650256 -0.8781640513794116
vn 0.25610107137266364 -0.4040298752650256 -0.8781640513794116
vn 0.6299377852791279 -0.30020658006038137 -0.7162781554438731
vn 0.6299377852791279 -0.30020658006038137 -0.7162781554438731
vn 0.6299377852791279 -0.30020658006038137 -0.7162781554438731
vn 0.7026943796033915 -0.2922343708042193 -0.6487061595163611
vn 0.7026943796033915 -0.2922343708042193 -0.6487061595163611
vn 0.7026943796033915 -0.2922343708042193 -0.6487061595163611
vn 0.9307063189734521 -0.14862060495461057 -0.3342120039822213
vn 0.9307063189734521 -0.14862060495461057 -0.3342120039822213
vn 0.9307063189734521 -0.14862060495461057 -0.3342120039822213
vn 0.9656349127951711 -0.12113009026180475 -0.22994937796008355
vn 0.9656349127951711 -0.12113009026180475 -0.22994937796008355
vn 0.9656349127951711 -0.12113009026180475 -0.22994937796008355
vn 0.0811684149013797 -0.9897327635159966 0.11764669670409672
vn 0.0811684149013797 -0.9897327635159966 0.11764669670409672
vn 0.0811684149013797 -0.9897327635159966 0.11764669670409672
vn 0.6310672288384664 -0.12073959648241023 -0.7662741692941263
vn 0.6310672288384664 -0.12073959648241023 -0.7662741692941263
vn 0.6310672288384664 -0.12073959648241023 -0.7662741692941263
vn 0.19831218091572442 -0.8602290268956887 -0.46976408992870633
vn 0.19831218091572442 -0.8602290268956887 -0.46976408992870633
vn 0.19831218091572442 -0.8602290268956887 -0.46976408992870633
vn 0.2109670014933868 -0.8730224850894358 -0.4396870077784367
vn 0.2109670014933868 -0.8730224850894358 -0.4396870077784367
vn 0.2109670014933868 -0.8730224850894358 -0.4396870077784367
vn 0.8808869143184394 -0.45266389948165914 -0.1383243951318678
vn 0.8808869143184394 -0.45266389948165914 -0.1383243951318678
vn 0.8808869143184394 -0.45266389948165914 -0.1383243951318678
vn -0.005837022668233488 -0.17660049718011347 0.9842653064911449
vn -0.005837022668233488 -0.17660049718011347 0.9842653064911449
vn -0.005837022668233488 -0.17660049718011347 0.9842653064911449
vn 0.015299319121491567 0.02861832795879289 0.9994733223749704
vn 0.015299319121491567 0.02861832795879289 0.9994733223749704
vn 0.015299319121491567 0.02861832795879289 0.9994733223749704
vn -0.013248858934892215 0.14069648046148375 0.989964124664462
vn -0.0132489194602333 0.14069648034864035 0.9899641238704769
vn -0.0132489194602333 0.14069648034864035 0.9899641238704769
vn 0.02105860787034917 -0.4684129660666354 0.88325864176651
vn 0.02105860787034917 -0.4684129660666354 0.88325864176651
vn 0.02105860787034917 -0.4684129660666354 0.88325864176651
vn 0 -0.5179380193347647 0.8554181481168032
vn 0 -0.5179380193347647 0.8554181481168032
vn 0 -0.5179380193347647 0.8554181481168032
vn 0 -0.8579135509757363 0.513794062881426
vn 0 -0.8579135509757363 0.513794062881426
vn 0 -0.8579135509757363 0.513794062881426
vn -0.005765794839002714 -0.8498072716504633 0.5270620045685995
vn -0.005765794839002714 -0.8498072716504633 0.5270620045685995
vn -0.005765794839002714 -0.8498072716504633 0.5270620045685995
vn 0.7558998903213519 0.603994714480222 0.2525979823595655
vn 0.75589986922527 0.6039946856454829 0.2525981144372105
vn 0.7558999219858035 0.603994620572113 0.2525981121501219
vn 0.25710359487946977 0.8407648294773822 0.4764580181022479
vn 0.25710359487946977 0.8407648294773822 0.4764580181022479
vn 0.2567920910933116 0.8407909038670716 0.47657998061848694
vn 0.6359331774400926 0.6411761809458104 0.42951379351389074
vn 0.6359331774400926 0.6411761809458104 0.42951379351389074
vn 0.6359331774400926 0.6411761809458104 0.42951379351389074
vn 0.1670124997195212 0.5549264018516417 0.8149622773266426
vn 0.16701249454234993 0.5549262654403544 0.8149623712731543
vn 0.16701249454234993 0.5549262654403544 0.8149623712731543
vn -0.006969510919624963 0.7972347594910578 0.6036291611385061
vn -0.006969510919624963 0.7972347594910578 0.6036291611385061
vn -0.006969510919624963 0.7972347594910578 0.6036291611385061
vn -0.30651780015575 0.7379307518811465 0.6012528948918295
vn -0.30651777814762304 0.7379306514361069 0.6012530293898961
vn -0.30651780015575 0.7379307518811465 0.6012528948918295
vn 0.20478826902487074 0.8240445909113567 0.5282161272240103
vn 0.20478826902487074 0.8240445909113567 0.5282161272240103
vn 0.20478826902487074 0.8240445909113567 0.5282161272240103
vn 0.04338127104520926 0.13897690505016924 0.989344977844017
vn 0.04338127104520926 0.13897690505016924 0.989344977844017
vn 0.04338127104520926 0.13897690505016924 0.989344977844017
vn -0.03812431862318672 0.06981437553911642 0.9968312240783798
vn -0.03812431862318672 0.06981437553911642 0.9968312240783798
vn -0.03812431862318672 0.06981437553911642 0.9968312240783798
vn 0 0.8018353574467281 0.5975450272140819
vn 0 0.8018353574467281 0.5975450272140819
vn 0 0.8018353574467281 0.5975450272140819
vn 0 0.7040653187695927 0.7101352173395373
vn 0 0.7040653187695927 0.7101352173395373
vn 0 0.7040653187695927 0.7101352173395373
vn -0.02657514158502484 0.6653897995148494 0.7460229061840693
vn -0.02657514158502484 0.6653897995148494 0.7460229061840693
vn -0.02657514158502484 0.6653897995148494 0.7460229061840693
vn 0 0.6253213930506688 0.7803673208131994
vn 0 0.6253213930506688 0.7803673208131994
vn 0 0.6253213930506688 0.7803673208131994
vn 0 0.49408658355256185 0.8694127028939463
vn 0 0.49408658355256185 0.8694127028939463
vn 0 0.49408658355256185 0.8694127028939463
vn -0.05326812790274973 0.5387029128575789 0.8408101320919581
vn -0.05326812790274973 0.5387029128575789 0.8408101320919581
vn -0.05326812790274973 0.5387029128575789 0.8408101320919581
vn 0 0.447307577633013 0.8943801937610684
vn 0 0.447307577633013 0.8943801937610684
vn 0 0.447307577633013 0.8943801937610684
vn 0 0.3004042600223319 0.9538119733786292
vn 0 0.3004042600223319 0.9538119733786292
vn 0 0.3004042600223319 0.9538119733786292
vn -0.0531301380648801 0.34991040430321874 0.9352753056664999
vn -0.0531301380648801 0.34991040430321874 0.9352753056664999
vn -0.0531301380648801 0.34991040430321874 0.9352753056664999
vn 0.025840218899603255 0.199494002623315 0.9795582810657819
vn 0.025840218899603255 0.199494002623315 0.9795582810657819
vn 0.025840218899603255 0.199494002623315 0.9795582810657819
vn 0.01077038049402374 0.8022085426036932 -0.596946775749457
vn 0.01077038049402374 0.8022085426036932 -0.596946775749457
vn 0.01077038049402374 0.8022085426036932 -0.596946775749457
vn -0.0007799539592688615 0.811059414721932 -0.5849632616350694
vn -0.0007799539592688615 0.811059414721932 -0.5849632616350694
vn -0.0007799539592688615 0.811059414721932 -0.5849632616350694
vn 0.7776798527687431 0.49831172322624473 0.3832746705599999
vn 0.7773810785250848 0.4985651774612709 0.3835510690562439
vn 0.7776797972307101 0.49831178543664034 0.38327470236652633
vn 0.7067554087810172 0.5484877895226994 0.4468309936690608
vn 0.7067554574361082 0.5484877810251394 0.44683092714179506
vn 0.7067554087810172 0.5484877895226994 0.4468309936690608
vn 0.7066371898300773 0.4982717535492867 0.5023834606791611
vn 0.7066371493216823 0.4982717372123212 0.5023835338602787
vn 0.7066371898300773 0.4982717535492867 0.5023834606791611
vn 0.822663895572259 0.3784357870131912 0.42427640758069707
vn 0.822663895572259 0.3784357870131912 0.42427640758069707
vn 0.822663895572259 0.3784357870131912 0.42427640758069707
vn 0.7066915751223846 0.4424325898867211 0.5521235559701937
vn 0.7066915751223846 0.4424325898867211 0.5521235559701937
vn 0.7066915751223846 0.4424325898867211 0.5521235559701937
vn 0.7066621183077856 0.3817113935260763 0.5957558750034566
vn 0.7066621183077856 0.3817113935260763 0.5957558750034566
vn 0.7066621183077856 0.3817113935260763 0.5957558750034566
vn 0.8227217115458609 0.2808420630134063 0.4942233513234912
vn 0.8227217115458609 0.2808420630134063 0.4942233513234912
vn 0.8227217115458609 0.2808420630134063 0.4942233513234912
vn 0.8226526276333636 0.17077940488092086 0.542288713801459
vn 0.8226526276333636 0.17077940488092086 0.542288713801459
vn 0.8226526276333636 0.17077940488092086 0.542288713801459
vn 0.7064236855488409 0.24802249167716997 0.6629105672093639
vn 0.7064236855488409 0.24802249167716997 0.6629105672093639
vn 0.7064236855488409 0.24802249167716997 0.6629105672093639
vn 0.7068564356632927 0.31654051218794277 0.6325789148439742
vn 0.7068564489785976 0.31654057775537486 0.6325788671554408
vn 0.7068564356632927 0.31654051218794277 0.6325789148439742
vn 0.8288665764301518 0.0498841986180118 0.557217879473728
vn 0.8288665764301518 0.0498841986180118 0.557217879473728
vn 0.8288665764301518 0.0498841986180118 0.557217879473728
vn 0.4888478833488919 0.17408677999463879 0.854822519577255
vn 0.4888478833488919 0.17408677999463879 0.854822519577255
vn 0.4888478833488919 0.17408677999463879 0.854822519577255
vn 0.9080151563729164 0.22741322831036498 0.35184044592190616
vn 0.9080151563729164 0.22741322831036498 0.35184044592190616
vn 0.9080151563729164 0.22741322831036498 0.35184044592190616
vn 0.949653302900939 0.3036236684463956 0.07727400758657965
vn 0.949653302900939 0.3036236684463956 0.07727400758657965
vn 0.949653302900939 0.3036236684463956 0.07727400758657965
vn 0.8663343601283255 0.4931993974705951 0.07886146584794541
vn 0.8663343601283255 0.4931993974705951 0.07886146584794541
vn 0.8663343601283255 0.4931993974705951 0.07886146584794541
vn 0.5889526966449715 0.6000768898690837 -0.5413339517891556
vn 0.5890271892444133 0.6000541681654383 -0.5412780852742054
vn 0.5889526966449715 0.6000768898690837 -0.5413339517891556
vn 0.9080539455162205 0.23299688381577177 -0.3480667811851118
vn 0.9080539455162205 0.23299688381577177 -0.3480667811851118
vn 0.9080539455162205 0.23299688381577177 -0.3480667811851118
vn 0.028768117671980623 0.4061096495857038 -0.9133714183830082
vn 0.028768177227294515 0.40610964888934137 -0.9133714168168363
vn 0.028768177227294515 0.40610964888934137 -0.9133714168168363
vn 0 0.6574430922375644 -0.7535042006977197
vn 0 0.6574430922375644 -0.7535042006977197
vn 0 0.6574430922375644 -0.7535042006977197
vn 0 0.6574479932051444 -0.7534999245059872
vn 0 0.6574479932051444 -0.7534999245059872
vn 0 0.6574479932051444 -0.7534999245059872
vn -0.001363933075287421 0.013765090964390648 -0.9999043264019354
vn -0.001363933075287421 0.013765090964390648 -0.9999043264019354
vn -0.001363933075287421 0.013765090964390648 -0.9999043264019354
vn 0 0.01851505049860788 -0.9998285817604106
vn 0 0.01851505049860788 -0.9998285817604106
vn 0 0.01851505049860788 -0.9998285817604106
vn 0.020437059633264937 0.9963306642889913 -0.08311157555361216
vn 0.020437059633264937 0.9963306642889913 -0.08311157555361216
vn 0.020437059633264937 0.9963306642889913 -0.08311157555361216
vn 0 0.9744240009400177 -0.224717303276914
vn 0 0.9744240009400177 -0.224717303276914
vn 0 0.9744240009400177 -0.224717303276914
vn 0 0.9979025913476832 -0.06473343943881786
vn 0 0.9979025913476832 -0.06473343943881786
vn 0 0.9979025913476832 -0.06473343943881786
vn 0 0.945188295506724 -0.3265257815810167
vn 0 0.945188295506724 -0.3265257815810167
vn 0 0.945188295506724 -0.3265257815810167
vn -0.002524197101377405 0.9436106084971266 -0.3310478031352509
vn -0.002524197101377405 0.9436106084971266 -0.3310478031352509
vn -0.002524197101377405 0.9436106084971266 -0.3310478031352509
vn 0.002456664625243736 0.975469848237131 -0.2201193766553681
vn 0.002456604701699166 0.9754698736658952 -0.22011926463529258
vn 0.002456664625243736 0.975469848237131 -0.2201193766553681
vn 0 0.9361145633991441 0.35169521491204525
vn 0 0.9361145633991441 0.35169521491204525
vn 0 0.9361145633991441 0.35169521491204525
vn 0.0023202299792061732 0.9379497653444774 0.3467633980440888
vn 0.0023202299792061732 0.9379497653444774 0.3467633980440888
vn 0.0023202299792061732 0.9379497653444774 0.3467633980440888
vn 0.02996354737065441 0.7776994110912737 -0.6279218198289122
vn 0.02996354737065441 0.7776994110912737 -0.6279218198289122
vn 0.02996354737065441 0.7776994110912737 -0.6279218198289122
vn 0.023739507761240602 0.7482561576051739 -0.662985036314693
vn 0.023739507761240602 0.7482561576051739 -0.662985036314693
vn 0.023739507761240602 0.7482561576051739 -0.662985036314693
vn 0.03341763450549024 0.3084654793231524 -0.9506483628398017
vn 0.03341769873662519 0.3084655770487419 -0.9506483288720045
vn 0.03341763547741175 0.3084655777015596 -0.9506483308838984
vn 0.0057452320520270835 0.4020499847833386 -0.9155996953059703
vn 0.0057452320520270835 0.4020499847833386 -0.9155996953059703
vn 0.005745171983704329 0.4020499849220925 -0.9155996956219585
vn 0.04427492002423668 0.0813166448310078 -0.9957044414535244
vn 0.04427492002423668 0.0813166448310078 -0.9957044414535244
vn 0.04427492002423668 0.0813166448310078 -0.9957044414535244
vn -0.030933022349683086 -0.9624969316725573 -0.2695232914781695
vn -0.030933022349683086 -0.9624969316725573 -0.2695232914781695
vn -0.030933018876424342 -0.9624969395146495 -0.2695232638718296
vn -0.08675712521970466 -0.9190514869043914 -0.3844705003539801
vn -0.08675712521970466 -0.9190514869043914 -0.3844705003539801
vn -0.08675712521970466 -0.9190514869043914 -0.3844705003539801
vn -0.08101974587037034 -0.9182142795898351 -0.38770908879780036
vn -0.08101974587037034 -0.9182142795898351 -0.38770908879780036
vn -0.08101974587037034 -0.9182142795898351 -0.38770908879780036
vn -0.029057018580883956 -0.8547246492045043 -0.518267752916798
vn -0.029057018580883956 -0.8547246492045043 -0.518267752916798
vn -0.029057018580883956 -0.8547246492045043 -0.518267752916798
vn -0.04128359620961392 -0.8568347076222698 -0.5139357435495815
vn -0.04128359620961392 -0.8568347076222698 -0.5139357435495815
vn -0.04128359620961392 -0.8568347076222698 -0.5139357435495815
vn -0.11082409431275875 -0.8027335484312025 0.5859495459020401
vn -0.11082409431275875 -0.8027335484312025 0.5859495459020401
vn -0.1108240845151139 -0.8027334718260379 0.5859496527019215
vn -0.0014181129093782502 -0.9246907337147875 0.38071647710308587
vn -0.0014181129093782502 -0.9246907337147875 0.38071647710308587
vn -0.0014181129093782502 -0.9246907337147875 0.38071647710308587
vn 0.0019069309718994963 -0.9384697859083331 0.3453560837041039
vn 0.0019068709018106884 -0.9384697860158331 0.3453560837436638
vn 0.0019068709018106884 -0.9384697860158331 0.3453560837436638
vn -0.03477143903755555 -0.9568576908925623 0.2884689002423154
vn -0.03477143471890618 -0.9568576745642126 0.28846895492436664
vn -0.03477143471890618 -0.9568576745642126 0.28846895492436664
vn -0.12459870338082463 -0.8670952257630873 0.48230802665379496
vn -0.12459870338082463 -0.8670952257630873 0.48230802665379496
vn -0.12459870338082463 -0.8670952257630873 0.48230802665379496
vn -0.006291448570407154 -0.7208935579547324 0.6930172406039063
vn -0.006291448570407154 -0.7208935579547324 0.6930172406039063
vn -0.006291448570407154 -0.7208935579547324 0.6930172406039063
vn -0.005198418782458225 -0.7219311808877769 0.6919453349103105
vn -0.005198418782458225 -0.7219311808877769 0.6919453349103105
vn -0.005198418782458225 -0.7219311808877769 0.6919453349103105
vn -0.00022137003125176648 -0.8475314814695187 0.5307450790288988
vn -0.00022137003125176648 -0.8475314814695187 0.5307450790288988
vn -0.00022137003125176648 -0.8475314814695187 0.5307450790288988
vn 0.1455952839297464 -0.8701510525815547 0.47078568265042764
vn 0.1455952839297464 -0.8701510525815547 0.47078568265042764
vn 0.1455952839297464 -0.8701510525815547 0.47078568265042764
vn -0.008725463444284322 -0.8352779180242446 0.5497587343087567
vn -0.008725463444284322 -0.8352779180242446 0.5497587343087567
vn -0.008725463444284322 -0.8352779180242446 0.5497587343087567
vn -0.025834610125194998 -0.7831141778794457 0.6213410957951188
vn -0.025834610125194998 -0.7831141778794457 0.6213410957951188
vn -0.025834610125194998 -0.7831141778794457 0.6213410957951188
vn -0.013659288153870134 -0.7951037871223693 0.606319545743658
vn -0.013659288153870134 -0.7951037871223693 0.606319545743658
vn -0.013659288153870134 -0.7951037871223693 0.606319545743658
vn -0.000877029990022953 -0.7596489442656821 0.6503327704294404
vn -0.000877029990022953 -0.7596489442656821 0.6503327704294404
vn -0.000877029990022953 -0.7596489442656821 0.6503327704294404
vn -0.009003817756587769 -0.7126006859631255 0.7015120766107231
vn -0.009003817756587769 -0.7126006859631255 0.7015120766107231
vn -0.009003817756587769 -0.7126006859631255 0.7015120766107231
vn -0.1212574035339505 -0.9576038839141938 0.26132631631861325
vn -0.1212574035339505 -0.9576038839141938 0.26132631631861325
vn -0.1212574035339505 -0.9576038839141938 0.26132631631861325
vn -0.3057205677782161 -0.9363985659988199 -0.17231558267527386
vn -0.30572056306821854 -0.93639855157246 -0.1723156694275083
vn -0.30572056306821854 -0.93639855157246 -0.1723156694275083
vn -0.4144366126421451 -0.9095258206464281 -0.03170292855787782
vn -0.4144366126421451 -0.9095258206464281 -0.03170292855787782
vn -0.4144366126421451 -0.9095258206464281 -0.03170292855787782
vn -0.7998905252864167 -0.5409892249429079 0.25981879464867796
vn -0.7998905252864167 -0.5409892249429079 0.25981879464867796
vn -0.7998905252864167 -0.5409892249429079 0.25981879464867796
vn -0.9505915046139136 -0.29015550018580616 0.1103883013175791
vn -0.9505915046139136 -0.29015550018580616 0.1103883013175791
vn -0.9505915046139136 -0.29015550018580616 0.1103883013175791
vn -0.9916244380619987 -0.12692170141296943 -0.023913501388592117
vn -0.9916244380619987 -0.12692170141296943 -0.023913501388592117
vn -0.9916244380619987 -0.12692170141296943 -0.023913501388592117
vn -0.9751480918936357 -0.21845257508834293 0.03694145792295059
vn -0.9751480918936357 -0.21845257508834293 0.03694145792295059
vn -0.9751480918936357 -0.21845257508834293 0.03694145792295059
vn -0.9941251761374613 -0.10784719762246994 0.009171484865679355
vn -0.9941251772001068 -0.10784718283658949 0.009171543548804586
vn -0.9941251772001068 -0.10784718283658949 0.009171543548804586
vn -0.8804221771825979 -0.4640078556485522 -0.09774200643268414
vn -0.8804222066069558 -0.46400780994035096 -0.0977419583786712
vn -0.8804221823118281 -0.4640078583518043 -0.09774194739747166
vn -0.8857484830737671 -0.46362783326199175 0.02233510593911338
vn -0.8857484830737671 -0.46362783326199175 0.02233510593911338
vn -0.8857484830737671 -0.46362783326199175 0.02233510593911338
vn -0.9002333464638345 -0.4341859010835384 -0.03259639880111503
vn -0.9002333464638345 -0.4341859010835384 -0.03259639880111503
vn -0.9002333464638345 -0.4341859010835384 -0.03259639880111503
vn -0.930171809268857 -0.36711198941236217 0.0030319088374754044
vn -0.930171809268857 -0.36711198941236217 0.0030319088374754044
vn -0.930171809268857 -0.36711198941236217 0.0030319088374754044
vn -0.923875546996475 -0.3124277810932147 0.22100419738804636
vn -0.923875546996475 -0.3124277810932147 0.22100419738804636
vn -0.923875546996475 -0.3124277810932147 0.22100419738804636
vn -0.9948384886571838 -0.0891766410328665 0.04841392548002861
vn -0.9948384886571838 -0.0891766410328665 0.04841392548002861
vn -0.9948384886571838 -0.0891766410328665 0.04841392548002861
vn -0.9631084757245985 -0.19389189694156556 0.1866226039038195
vn -0.9631084757245985 -0.19389189694156556 0.1866226039038195
vn -0.9631084757245985 -0.19389189694156556 0.1866226039038195
vn -0.8895706101189786 -0.45533803938925593 0.03648834742348391
vn -0.8895706101189786 -0.45533803938925593 0.03648834742348391
vn -0.8895706101189786 -0.45533803938925593 0.03648834742348391
vn -0.8737435866306245 -0.4835541209237593 0.05241714375567526
vn -0.8737435866306245 -0.4835541209237593 0.05241714375567526
vn -0.8737435866306245 -0.4835541209237593 0.05241714375567526
vn -0.9509134854859161 -0.24670849652839652 0.1868112974681262
vn -0.9509134854859161 -0.24670849652839652 0.1868112974681262
vn -0.9509134854859161 -0.24670849652839652 0.1868112974681262
vn -0.9948891865154941 -0.095108381140227 -0.03391021072514425
vn -0.9948891865154941 -0.095108381140227 -0.03391021072514425
vn -0.9948891865154941 -0.095108381140227 -0.03391021072514425
vn -0.980835133111304 -0.19421692061072066 0.015563720731871022
vn -0.980835133111304 -0.19421692061072066 0.015563720731871022
vn -0.980835133111304 -0.19421692061072066 0.015563720731871022
vn -0.8928072036221085 -0.4149809563249235 -0.1751744931436157
vn -0.8928072036221085 -0.4149809563249235 -0.1751744931436157
vn -0.8928072036221085 -0.4149809563249235 -0.1751744931436157
vn -0.9545556952013962 -0.25900849833279066 -0.14743819908684463
vn -0.9545556952013962 -0.25900849833279066 -0.14743819908684463
vn -0.9545556952013962 -0.25900849833279066 -0.14743819908684463
vn -0.9872156978026486 -0.15431720018969872 -0.03989195078762091
vn -0.9872156978026486 -0.15431720018969872 -0.03989195078762091
vn -0.9872156978026486 -0.15431720018969872 -0.03989195078762091
vn -0.9733986180520183 -0.22644570288432864 -0.03489232035338485
vn -0.9733986180520183 -0.22644570288432864 -0.03489232035338485
vn -0.9733986180520183 -0.22644570288432864 -0.03489232035338485
vn -0.9967553706888733 -0.07697283547110485 0.023535369179697504
vn -0.9967553706888733 -0.07697283547110485 0.023535369179697504
vn -0.9967553706888733 -0.07697283547110485 0.023535369179697504
vn -0.26436257663642915 -0.9209526286176113 0.28628427116497374
vn -0.264362518941882 -0.9209526352717698 0.2862843030357863
vn -0.26436257663642915 -0.9209526286176113 0.28628427116497374
vn -0.5850814507876353 -0.6769180213345768 0.44661133923884755
vn -0.5850814507876353 -0.6769180213345768 0.44661133923884755
vn -0.5850814507876353 -0.6769180213345768 0.44661133923884755
vn -0.7518951699531691 -0.6591808626445801 0.011586359404151756
vn -0.7518951704724273 -0.6591808630998098 0.011586299807510003
vn -0.7518951155583884 -0.6591809268166716 0.011586238412500928
vn -0.5988705162464257 -0.7664650088002751 0.23213249461360136
vn -0.5988705162464257 -0.7664650088002751 0.23213249461360136
vn -0.5988705162464257 -0.7664650088002751 0.23213249461360136
vn 0.14361658755697582 -0.7869148885145427 -0.600116017127217
vn 0.14361658755697582 -0.7869148885145427 -0.600116017127217
vn 0.14361658755697582 -0.7869148885145427 -0.600116017127217
vn 0.05165344045928525 -0.7236837663113254 -0.68819599567723
vn 0.05165344045928525 -0.7236837663113254 -0.68819599567723
vn 0.05165344045928525 -0.7236837663113254 -0.68819599567723
vn -0.06467919688347354 -0.9977223705988714 -0.019148699618450313
vn -0.06467919688347354 -0.9977223705988714 -0.019148699618450313
vn -0.06467919688347354 -0.9977223705988714 -0.019148699618450313
vn 0.001809357874280982 -0.9103054283367288 0.4139332716329622
vn 0.001809357874280982 -0.9103054283367288 0.4139332716329622
vn 0.001809357874280982 -0.9103054283367288 0.4139332716329622
vn -0.03364086506347398 -0.6220919457860462 0.7822211344536224
vn -0.03364086506347398 -0.6220919457860462 0.7822211344536224
vn -0.03364086506347398 -0.6220919457860462 0.7822211344536224
vn -0.010967249701260841 -0.6719254679305924 0.7405375648677416
vn -0.010967249701260841 -0.6719254679305924 0.7405375648677416
vn -0.010967249701260841 -0.6719254679305924 0.7405375648677416
vn 0 -0.9016992257993817 0.4323638585645147
vn 0 -0.9016992257993817 0.4323638585645147
vn 0 -0.9016992257993817 0.4323638585645147
vn -0.30182027875584416 -0.9515131134454341 -0.05939119693288787
vn -0.30182027875584416 -0.9515131134454341 -0.05939119693288787
vn -0.30182027875584416 -0.9515131134454341 -0.05939119693288787
vn -0.07048492709291586 -0.9173290509077348 -0.39184089553468104
vn -0.07048492709291586 -0.9173290509077348 -0.39184089553468104
vn -0.07048492709291586 -0.9173290509077348 -0.39184089553468104
vn 0 -0.4892534556684472 0.872141649112392
vn 0 -0.4892534556684472 0.872141649112392
vn 0 -0.4892534556684472 0.872141649112392
vn 0 -0.4892605774652375 0.8721376538932271
vn 0 -0.4892605774652375 0.8721376538932271
vn 0 -0.4892605774652375 0.8721376538932271
vn -0.010918909848127755 -0.5284913857830702 0.8488684424342906
vn -0.010918909848127755 -0.5284913857830702 0.8488684424342906
vn -0.0109189703768787 -0.5284913854337434 0.8488684418731983
vn -0.03270327755348165 -0.35204858481151297 0.9354102252859281
vn -0.03270327755348165 -0.35204858481151297 0.9354102252859281
vn -0.03270327755348165 -0.35204858481151297 0.9354102252859281
vn 0.0036865469605105766 -0.16023599727598858 0.9870718487265643
vn 0.0036865469605105766 -0.16023599727598858 0.9870718487265643
vn 0.0036865469605105766 -0.16023599727598858 0.9870718487265643
vn 0 0.16859928966729273 0.9856846755041311
vn 0 0.16859928966729273 0.9856846755041311
vn 0 0.16859928966729273 0.9856846755041311
vn 0.7366300585911215 0.5494065109163938 -0.39437119892648737
vn 0.7366300585911215 0.5494065109163938 -0.39437119892648737
vn 0.7366300585911215 0.5494065109163938 -0.39437119892648737
vn 0.7023928612069508 0.5808668013034923 -0.41138549764054927
vn 0.7023928612069508 0.5808668013034923 -0.41138549764054927
vn 0.7023928612069508 0.5808668013034923 -0.41138549764054927
vn -0.3180541053798526 0.10275080656878176 0.9424881207742017
vn -0.3180541053798526 0.10275080656878176 0.9424881207742017
vn -0.3180541053798526 0.10275080656878176 0.9424881207742017
vn 0.2883827670180241 -0.15599338623059217 0.9447229451745848
vn 0.2883827670180241 -0.15599338623059217 0.9447229451745848
vn 0.2883827670180241 -0.15599338623059217 0.9447229451745848
vn 0.6308625464492533 -0.20199528733658026 0.7491397408904271
vn 0.6308625464492533 -0.20199528733658026 0.7491397408904271
vn 0.6308625464492533 -0.20199528733658026 0.7491397408904271
vn 0.06586492131282265 -0.33432436343004646 0.9401537279389738
vn 0.06586492065656809 -0.33432438990128027 0.9401537185716178
vn 0.06586492065656809 -0.33432438990128027 0.9401537185716178
vn 0.6313829589865457 -0.3161423886429872 0.7081027815257475
vn 0.631383015529664 -0.3161424169123599 0.7081027184875649
vn 0.631383015529664 -0.3161424169123599 0.7081027184875649
vn 0.6314392772602434 -0.4125963804161065 0.6565429658450305
vn 0.6314392772602434 -0.4125963804161065 0.6565429658450305
vn 0.6314392772602434 -0.4125963804161065 0.6565429658450305
vn 0.631370585011607 -0.08412842944059414 0.7709043985747909
vn 0.6312963365641013 -0.08413974939620653 0.7709639667405271
vn 0.6312963365641013 -0.08413974939620653 0.7709639667405271
vn 0.6214364659442323 -0.13829660176120886 0.771161960119951
vn 0.6214364659442323 -0.13829660176120886 0.771161960119951
vn 0.6214364659442323 -0.13829660176120886 0.771161960119951
vn 0.6284099912657373 -0.4136152926281889 0.6588044266559643
vn 0.6284099912657373 -0.4136152926281889 0.6588044266559643
vn 0.6284099912657373 -0.4136152926281889 0.6588044266559643
vn 0.6296481964702506 0.746849462882009 0.2139136004900461
vn 0.6296481964702506 0.746849462882009 0.2139136004900461
vn 0.629387556572395 0.7470496881841018 0.21398146418759437
vn 0.9988546794636028 0.029711896039415975 0.03750376710953542
vn 0.9988546794636028 0.029711896039415975 0.03750376710953542
vn 0.9988546794636028 0.029711896039415975 0.03750376710953542
vn 0.6301193254539289 0.6734284776986975 0.38657951460715106
vn 0.6301193796573673 0.673428531530902 0.3865793324795667
vn 0.630119357878622 0.6734285082552675 0.38657940852523226
vn -0.057744436399693386 0.8050600350760952 0.5903760835163955
vn -0.057744436399693386 0.8050600350760952 0.5903760835163955
vn -0.057744436399693386 0.8050600350760952 0.5903760835163955
vn 0.6300200052421637 0.5712017857510616 0.5261210059952582
vn 0.6300200052421637 0.5712017857510616 0.5261210059952582
vn 0.6300200052421637 0.5712017857510616 0.5261210059952582
vn 0.6300483105995781 0.4405242036867511 0.6395135278293738
vn 0.6300483105995781 0.4405242036867511 0.6395135278293738
vn 0.6300483105995781 0.4405242036867511 0.6395135278293738
vn 0.6298450265233592 0.4405890726762148 0.6396690641277739
vn 0.6298450265233592 0.4405890726762148 0.6396690641277739
vn 0.6298450265233592 0.4405890726762148 0.6396690641277739
vn 0.9203655655390619 0.331473109788141 0.20749169442978105
vn 0.9203655655390619 0.331473109788141 0.20749169442978105
vn 0.9203655655390619 0.331473109788141 0.20749169442978105
vn 0.6238779485044118 0.610674923514459 0.48770118224229886
vn 0.6238779894044407 0.6106749648103305 0.48770107821346287
vn 0.6238780802945226 0.6106748762243844 0.48770107286774944
vn 0.6303960902726533 0.4271305949743091 0.6481976737121522
vn 0.630396066198801 0.42713066806981875 0.6481976489584849
vn 0.630396066198801 0.42713066806981875 0.6481976489584849
vn 0.8702883434845939 0.21064179444586018 0.44522829383078216
vn 0.8702883434845939 0.21064179444586018 0.44522829383078216
vn 0.8702883434845939 0.21064179444586018 0.44522829383078216
vn 0.6301075220638609 0.28570750358126296 0.7220358253133314
vn 0.6301075220638609 0.28570750358126296 0.7220358253133314
vn 0.6301075435246825 0.28570739410287643 0.7220358499051375
vn -0.4090575873483168 0.7130218743635439 0.5694485902273116
vn -0.4090575660333241 0.7130218295530304 0.5694486616471602
vn -0.4090575873483168 0.7130218743635439 0.5694485902273116
vn -0.41433588611084854 0.3348580078814966 0.846283574245875
vn -0.4143359643038259 0.3348579690162516 0.8462835513412332
vn -0.4143359643038259 0.3348579690162516 0.8462835513412332
vn -0.7675228665544396 0.5009074178881705 0.4000005100255019
vn -0.7675228665544396 0.5009074178881705 0.4000005100255019
vn -0.7675229231115736 0.5009073562946339 0.40000047863494625
vn -0.6063801506448306 0.59705524260326 0.5251934407281899
vn -0.6063801506448306 0.59705524260326 0.5251934407281899
vn -0.606380174821544 0.5970551471988926 0.5251935212725899
vn -0.6092306230139014 0.43637560756888466 0.6621286711062889
vn -0.6092306924624771 0.4363755848175074 0.6621286222003012
vn -0.6092305858069453 0.4363757130187192 0.6621286358440711
vn -0.7095580337455991 0.30908141570060976 0.6332425090086627
vn -0.7095580337455991 0.30908141570060976 0.6332425090086627
vn -0.7095580337455991 0.30908141570060976 0.6332425090086627
vn -0.9861998130813877 0.15076779087179312 0.06840323028830755
vn -0.9861998130813877 0.15076779087179312 0.06840323028830755
vn -0.9861998130813877 0.15076779087179312 0.06840323028830755
vn -0.9487993253599677 0.24684180663900748 0.197101402054021
vn -0.9487993253599677 0.24684180663900748 0.197101402054021
vn -0.9487993253599677 0.24684180663900748 0.197101402054021
vn -0.8965857020393958 0.16594597681401213 0.41060444673404006
vn -0.8965857020393958 0.16594597681401213 0.41060444673404006
vn -0.8965857020393958 0.16594597681401213 0.41060444673404006
vn -0.8891065963626098 0.2711415962168196 0.3687434000839749
vn -0.8891065963626098 0.2711415962168196 0.3687434000839749
vn -0.8891065963626098 0.2711415962168196 0.3687434000839749
vn -0.8931059858506717 0.2948826856448924 0.33971443852823724
vn -0.8931059858506717 0.2948826856448924 0.33971443852823724
vn -0.8931059858506717 0.2948826856448924 0.33971443852823724
vn -0.5316049439248809 0.6485907414252078 0.5447258335457604
vn -0.5316049439248809 0.6485907414252078 0.5447258335457604
vn -0.5316049439248809 0.6485907414252078 0.5447258335457604
vn -0.8891238487053903 0.08526854137301118 0.4496532636548227
vn -0.8891238487053903 0.08526854137301118 0.4496532636548227
vn -0.8891238487053903 0.08526854137301118 0.4496532636548227
vn -0.5613524244338326 0.7966633334891442 0.22407808606872456
vn -0.5613524244338326 0.7966633334891442 0.22407808606872456
vn -0.5613524244338326 0.7966633334891442 0.22407808606872456
vn -0.8234742348073897 0.5270368497963343 0.2100531922279221
vn -0.8234742348073897 0.5270368497963343 0.2100531922279221
vn -0.8234742348073897 0.5270368497963343 0.2100531922279221
vn -0.41431350254992055 0.7893675110485242 0.45303780648625225
vn -0.41431350254992055 0.7893675110485242 0.45303780648625225
vn -0.41431350254992055 0.7893675110485242 0.45303780648625225
vn -0.4142737923130836 0.6694428821322603 0.6166226176236066
vn -0.4142737923130836 0.6694428821322603 0.6166226176236066
vn -0.4142737923130836 0.6694428821322603 0.6166226176236066
vn -0.4142109802546653 0.5163256589373444 0.7495579215506873
vn -0.4142109802546653 0.5163256589373444 0.7495579215506873
vn -0.4142109802546653 0.5163256589373444 0.7495579215506873
vn -0.9967574266338656 -0.023636158055739636 0.07691530720603255
vn -0.9967574266338656 -0.023636158055739636 0.07691530720603255
vn -0.9967574266338656 -0.023636158055739636 0.07691530720603255
vn -0.9783791288559796 0.01868807894092247 0.20597338644716295
vn -0.9783791288559796 0.01868807894092247 0.20597338644716295
vn -0.9783791288559796 0.01868807894092247 0.20597338644716295
vn -0.9879458347053528 0.007222293264545347 0.15463138804377516
vn -0.987945835123999 0.007222234594284784 0.15463138810930083
vn -0.9879458347053528 0.007222293264545347 0.15463138804377516
vn -0.9773759923006795 0.018122188897279633 0.21073147829366437
vn -0.9773759923006795 0.018122188897279633 0.21073147829366437
vn -0.9773759923006795 0.018122188897279633 0.21073147829366437
vn -0.4596665817458807 -0.6504173304053242 0.6047015213594793
vn -0.4596665817458807 -0.6504173304053242 0.6047015213594793
vn -0.4596665817458807 -0.6504173304053242 0.6047015213594793
vn -0.21879810119288937 -0.6772294052064176 0.7024868138535755
vn -0.21879810119288937 -0.6772294052064176 0.7024868138535755
vn -0.21879810119288937 -0.6772294052064176 0.7024868138535755
vn -0.17038588056003257 -0.7113825607915758 0.6818383268102508
vn -0.17038588056003257 -0.7113825607915758 0.6818383268102508
vn -0.17038588056003257 -0.7113825607915758 0.6818383268102508
vn -0.6399555538305589 -0.50817195464594 0.576383686126479
vn -0.6399555538305589 -0.50817195464594 0.576383686126479
vn -0.6399555538305589 -0.50817195464594 0.576383686126479
vn -0.7355446629552277 -0.49884058764195277 0.45840169820705473
vn -0.7355446629552277 -0.49884058764195277 0.45840169820705473
vn -0.7355446629552277 -0.49884058764195277 0.45840169820705473
vn -0.9889422900380125 -0.10686700311110842 0.10282310353428464
vn -0.9889422900380125 -0.10686700311110842 0.10282310353428464
vn -0.9889422900380125 -0.10686700311110842 0.10282310353428464
vn -0.9764759708704426 -0.16560529457588413 0.13809259473650692
vn -0.9764759708704426 -0.16560529457588413 0.13809259473650692
vn -0.9764759708704426 -0.16560529457588413 0.13809259473650692
vn -0.9026210205625564 -0.3151148819919985 0.2932198908426536
vn -0.9026210205625564 -0.3151148819919985 0.2932198908426536
vn -0.9026210205625564 -0.3151148819919985 0.2932198908426536
vn -0.9230241831715285 -0.29288920938493845 0.249484004109278
vn -0.9230241831715285 -0.29288920938493845 0.249484004109278
vn -0.9230241831715285 -0.29288920938493845 0.249484004109278
vn -0.15215177441950029 -0.09453151876512597 0.9838260158691454
vn -0.15215177441950029 -0.09453151876512597 0.9838260158691454
vn -0.15215177441950029 -0.09453151876512597 0.9838260158691454
vn -0.3718918804634878 0.0812273609475513 0.9247153859857783
vn -0.3718918804634878 0.0812273609475513 0.9247153859857783
vn -0.3718918804634878 0.0812273609475513 0.9247153859857783
vn -0.38297251609728267 0.08461862221579197 0.9198759376613881
vn -0.38297251609728267 0.08461862221579197 0.9198759376613881
vn -0.38297251609728267 0.08461862221579197 0.9198759376613881
vn -0.7730090648795386 -0.20908078634225494 0.5989509248649388
vn -0.7730090648795386 -0.20908078634225494 0.5989509248649388
vn -0.7730090648795386 -0.20908078634225494 0.5989509248649388
vn -0.4405456887394273 -0.21724288688313145 0.8710482330111157
vn -0.4405456887394273 -0.21724288688313145 0.8710482330111157
vn -0.4405456887394273 -0.21724288688313145 0.8710482330111157
vn -0.37212100214695487 -0.4935471957142072 0.7860897692781582
vn -0.37212100214695487 -0.4935471957142072 0.7860897692781582
vn -0.37212100214695487 -0.4935471957142072 0.7860897692781582
vn -0.143479285671447 0.6145478403367997 0.7757220162665145
vn -0.143479285671447 0.6145478403367997 0.7757220162665145
vn -0.143479285671447 0.6145478403367997 0.7757220162665145
vn -0.8485160368344845 0.42298885673124614 0.31796377516297814
vn -0.8485160368344845 0.42298885673124614 0.31796377516297814
vn -0.8485160368344845 0.42298885673124614 0.31796377516297814
vn -0.37963562516141397 0.5000627546328344 0.7783405639803981
vn -0.3796356556870861 0.5000626363763565 0.7783406250680766
vn -0.3796356109697403 0.5000627155908116 0.7783405959858286
vn -0.15010219338676287 0.9313403670115131 0.3317747011382014
vn -0.15010219338676287 0.9313403670115131 0.3317747011382014
vn -0.15010219338676287 0.9313403670115131 0.3317747011382014
vn -0.37205460383529126 -0.24166109973447092 0.8962004712340262
vn -0.37205460383529126 -0.24166109973447092 0.8962004712340262
vn -0.37205460383529126 -0.24166109973447092 0.8962004712340262
vn -0.7720275844286059 -0.34381397342668574 0.5345702578313594
vn -0.7720275844286059 -0.34381397342668574 0.5345702578313594
vn -0.7720275844286059 -0.34381397342668574 0.5345702578313594
vn -0.9764723339908457 -0.1166530940952495 0.18136658068253694
vn -0.9764723339908457 -0.1166530940952495 0.18136658068253694
vn -0.9764723339908457 -0.1166530940952495 0.18136658068253694
vn -0.4397795924616146 -0.07148987263260148 0.8952558897685459
vn -0.4397796648109723 -0.07148986240916318 0.895255855044505
vn -0.4397796648109723 -0.07148986240916318 0.895255855044505
vn -0.6324953973279057 -0.4477561968082827 0.63203161359128
vn -0.6324953973279057 -0.4477561968082827 0.63203161359128
vn -0.6324953973279057 -0.4477561968082827 0.63203161359128
vn -0.6075007750713196 -0.3239144893046144 0.7252738875116607
vn -0.6075007750713196 -0.3239144893046144 0.7252738875116607
vn -0.6075007750713196 -0.3239144893046144 0.7252738875116607
vn -0.9459849188718096 -0.3186921838925849 0.059563623067025236
vn -0.9459849188718096 -0.3186921838925849 0.059563623067025236
vn -0.9459849188718096 -0.3186921838925849 0.059563623067025236
vn -0.535410940310975 -0.18392148602382496 0.8243227595875936
vn -0.535410940310975 -0.18392148602382496 0.8243227595875936
vn -0.535410940310975 -0.18392148602382496 0.8243227595875936
vn -0.7159407563892799 -0.17654738898654745 0.6754700976229654
vn -0.7159407563892799 -0.17654738898654745 0.6754700976229654
vn -0.7159407563892799 -0.17654738898654745 0.6754700976229654
vn -0.8728293933109396 -0.0526637407155087 0.48517561829332156
vn -0.8728293933109396 -0.0526637407155087 0.48517561829332156
vn -0.8728293933109396 -0.0526637407155087 0.48517561829332156
vn -0.25599610299007997 -0.07384418550059982 0.9638532209427148
vn -0.25599610299007997 -0.07384418550059982 0.9638532209427148
vn -0.25599610299007997 -0.07384418550059982 0.9638532209427148
vn -0.01682901054001521 0.11378849595835404 0.9933624527793367
vn -0.01682901054001521 0.11378849595835404 0.9933624527793367
vn -0.01682901054001521 0.11378849595835404 0.9933624527793367
vn -0.5815855407400109 -0.3560104755514761 0.7314470589863362
vn -0.5815855407400109 -0.3560104755514761 0.7314470589863362
vn -0.5815855407400109 -0.3560104755514761 0.7314470589863362
vn -0.396543063366775 -0.24632329220424154 0.8843519857010318
vn -0.396543063366775 -0.24632329220424154 0.8843519857010318
vn -0.396543063366775 -0.24632329220424154 0.8843519857010318
vn -0.19152298661535785 -0.5148175979509942 0.8356325666451145
vn -0.19152300318459525 -0.5148174832255246 0.8356326335277305
vn -0.19152300318459525 -0.5148174832255246 0.8356326335277305
vn -0.7230529190926278 -0.2680214048105277 0.6366780997922113
vn -0.7230529190926278 -0.2680214048105277 0.6366780997922113
vn -0.7230529190926278 -0.2680214048105277 0.6366780997922113
vn -0.8384859561296067 -0.23576678333911807 0.4912792741886683
vn -0.8384859561296067 -0.23576678333911807 0.4912792741886683
vn -0.8384859561296067 -0.23576678333911807 0.4912792741886683
vn -0.8479165903393244 -0.0074357389285729086 0.5300775090625149
vn -0.8479165903393244 -0.0074357389285729086 0.5300775090625149
vn -0.8479165903393244 -0.0074357389285729086 0.5300775090625149
vn -0.01615189719527626 -0.11011808083361364 0.9937872631959593
vn -0.01615189719527626 -0.11011808083361364 0.9937872631959593
vn -0.01615189719527626 -0.11011808083361364 0.9937872631959593
vn 0.023198297920900675 -0.26432497076802053 0.9641546290933101
vn 0.023198297920900675 -0.26432497076802053 0.9641546290933101
vn 0.023198297920900675 -0.26432497076802053 0.9641546290933101
vn 0.011436457710749005 0.852805790676805 0.5221029504064689
vn 0.011436457710749005 0.852805790676805 0.5221029504064689
vn 0.011436457710749005 0.852805790676805 0.5221029504064689
vn -0.028624889576222216 0.5670211753537312 0.8232056865675932
vn -0.028624889576222216 0.5670211753537312 0.8232056865675932
vn -0.028624889576222216 0.5670211753537312 0.8232056865675932
vn 0.04187469527267309 0.29875677612407214 0.9534101418674819
vn 0.04187469527267309 0.29875677612407214 0.9534101418674819
vn 0.04187469527267309 0.29875677612407214 0.9534101418674819
vn 0.29164349381078253 -0.15129120309820734 0.944486656540439
vn 0.29168936484825764 -0.15142288738958162 0.944451387636771
vn 0.29164349381078253 -0.15129120309820734 0.944486656540439
vn 0.16675407904434306 0.6988691570196036 0.6955393435951568
vn 0.16675407904434306 0.6988691570196036 0.6955393435951568
vn 0.1668550118592527 0.6989283152029933 0.6954556889011363
vn 0.8934204244157441 0.4385231563801934 -0.09745453583668634
vn 0.8934204244157441 0.4385231563801934 -0.09745453583668634
vn 0.8934204244157441 0.4385231563801934 -0.09745453583668634
vn 0.8206946357717156 -0.19861999405642208 0.5357335277696906
vn 0.8206946357717156 -0.19861999405642208 0.5357335277696906
vn 0.8206946357717156 -0.19861999405642208 0.5357335277696906
vn 0.5753110564267573 0.7720770724577696 -0.27002626268229607
vn 0.5753110564267573 0.7720770724577696 -0.27002626268229607
vn 0.5753110564267573 0.7720770724577696 -0.27002626268229607
vn 0.3934161947377121 0.2920629968008241 -0.8717355697789442
vn 0.3934161947377121 0.2920629968008241 -0.8717355697789442
vn 0.3934161947377121 0.2920629968008241 -0.8717355697789442
vn 0.9255823155345002 0.36777729822700483 -0.08965063345363464
vn 0.9255823155345002 0.36777729822700483 -0.08965063345363464
vn 0.9255823155345002 0.36777729822700483 -0.08965063345363464
vn 0.7636222722828233 0.21956349574256057 0.607184400829702
vn 0.7636222722828233 0.21956349574256057 0.607184400829702
vn 0.7636222722828233 0.21956349574256057 0.607184400829702
vn 0.7723549825230535 0.5096450593742629 0.3791169930604773
vn 0.7723549825230535 0.5096450593742629 0.3791169930604773
vn 0.7723549825230535 0.5096450593742629 0.3791169930604773
vn -0.42012025924052376 -0.9074030306441458 -0.010895308783800564
vn -0.42012025924052376 -0.9074030306441458 -0.010895308783800564
vn -0.42012025924052376 -0.9074030306441458 -0.010895308783800564
vn -0.298267835532664 -0.9001204196223856 0.3175209102806933
vn -0.29826766226913304 -0.9001204959771814 0.3175208565847282
vn -0.29826766226913304 -0.9001204959771814 0.3175208565847282
vn 0.6423680000023124 -0.4309206778039418 0.6337749774281253
vn 0.642368083543992 -0.43092069386165804 0.6337748818356609
vn 0.64236807529442 -0.4309207181299081 0.6337748736964465
vn -0.05124705224612383 -0.7788787988687713 -0.6250772402742104
vn -0.05124705224612383 -0.7788787988687713 -0.6250772402742104
vn -0.05124705224612383 -0.7788787988687713 -0.6250772402742104
vn -0.24173728102997177 -0.8593185115549061 -0.45070476218839456
vn -0.24173728102997177 -0.8593185115549061 -0.45070476218839456
vn -0.24173728102997177 -0.8593185115549061 -0.45070476218839456
vn -0.38276016414191993 -0.881056361491546 0.27791067741511627
vn -0.38276016414191993 -0.881056361491546 0.27791067741511627
vn -0.38276016414191993 -0.881056361491546 0.27791067741511627
vn -0.0275000893155034 -0.6738439216409797 0.7383617774202186
vn -0.02750002975593466 -0.6738439227454984 0.7383617786304905
vn -0.02750002975593466 -0.6738439227454984 0.7383617786304905
vn -0.1407722842408531 -0.7276675761289811 0.671329325026239
vn -0.1407722842408531 -0.7276675761289811 0.671329325026239
vn -0.1407722842408531 -0.7276675761289811 0.671329325026239
vn 0.2564781010169407 -0.10627489537077302 0.9606896638939524
vn 0.2564781038600851 -0.10627479224073581 0.9606896745435146
vn 0.2564781038600851 -0.10627479224073581 0.9606896745435146
vn -0.12995830023068689 -0.49267088778580764 -0.860456992841301
vn -0.12995830023068689 -0.49267088778580764 -0.860456992841301
vn -0.12995818112659893 -0.49267091798694307 -0.8604569935378343
vn -0.12793939105332985 -0.3999454767679016 -0.9075654950634687
vn -0.12793939105332985 -0.3999454767679016 -0.9075654950634687
vn -0.12793939105332985 -0.3999454767679016 -0.9075654950634687
vn -0.26818877699141047 -0.5590976526821065 -0.7845282624999623
vn -0.26818877699141047 -0.5590976526821065 -0.7845282624999623
vn -0.26818877699141047 -0.5590976526821065 -0.7845282624999623
vn 0.8771740602521576 0.436917593469364 0.19916998904876132
vn 0.8771740602521576 0.436917593469364 0.19916998904876132
vn 0.8771740602521576 0.436917593469364 0.19916998904876132
vn 0.9451195699491403 0.3260839914650458 -0.020450648140739137
vn 0.9451195699491403 0.3260839914650458 -0.020450648140739137
vn 0.9451195699491403 0.3260839914650458 -0.020450648140739137
vn 0.9726397869981369 0.229693871854581 -0.03482197554231778
vn 0.9726397869981369 0.229693871854581 -0.03482197554231778
vn 0.9726397869981369 0.229693871854581 -0.03482197554231778
vn 0.8602158534686509 0.4872100712120741 -0.15051588604106286
vn 0.8602158534686509 0.4872100712120741 -0.15051588604106286
vn 0.8602158534686509 0.4872100712120741 -0.15051588604106286
vn 0.5067815222051614 0.8269941867919929 -0.24341960431253282
vn 0.5067815222051614 0.8269941867919929 -0.24341960431253282
vn 0.5067815222051614 0.8269941867919929 -0.24341960431253282
vn 0.07788144909578022 0.9939419770753775 -0.07754886262371029
vn 0.07788144909578022 0.9939419770753775 -0.07754886262371029
vn 0.07788144909578022 0.9939419770753775 -0.07754886262371029
vn 0.1085189012102025 0.9920563946755917 -0.06362199197916535
vn 0.1085189012102025 0.9920563946755917 -0.06362199197916535
vn 0.1085189012102025 0.9920563946755917 -0.06362199197916535
vn 0.8327258864693087 0.5467388655776066 0.08743117791049136
vn 0.8327258864693087 0.5467388655776066 0.08743117791049136
vn 0.8327258864693087 0.5467388655776066 0.08743117791049136
vn 0.6929537666847141 0.716932298090062 0.07630961402581847
vn 0.6929537666847141 0.716932298090062 0.07630961402581847
vn 0.6929537666847141 0.716932298090062 0.07630961402581847
vn 0.4280722106631947 0.8476676872335949 0.31339061006669294
vn 0.4280722106631947 0.8476676872335949 0.31339061006669294
vn 0.4280722106631947 0.8476676872335949 0.31339061006669294
vn 0.431652902696791 0.845813093884398 0.3134900027227939
vn 0.431652902696791 0.845813093884398 0.3134900027227939
vn 0.431652902696791 0.845813093884398 0.3134900027227939
vn 0.4835116849252177 0.8085135198073364 0.33544349573293075
vn 0.4835116849252177 0.8085135198073364 0.33544349573293075
vn 0.4835116849252177 0.8085135198073364 0.33544349573293075
vn 0.639562886274949 0.7253916053075269 -0.25449230528451333
vn 0.639562886274949 0.7253916053075269 -0.25449230528451333
vn 0.639562886274949 0.7253916053075269 -0.25449230528451333
vn 0.46717627231473413 0.8615513697533514 -0.1986845939227122
vn 0.46717627231473413 0.8615513697533514 -0.1986845939227122
vn 0.46717627231473413 0.8615513697533514 -0.1986845939227122
vn 0.4181747737925541 0.9021766193050145 -0.10586409279317285
vn 0.4181747737925541 0.9021766193050145 -0.10586409279317285
vn 0.4181747737925541 0.9021766193050145 -0.10586409279317285
vn 0.6113323616851589 0.7898236574575945 -0.04951094501980748
vn 0.6113323634892501 0.7898236597884278 -0.049510885561272866
vn 0.6113323616851589 0.7898236574575945 -0.04951094501980748
vn 0.6123404517832277 0.7902826090097479 0.022193895707124923
vn 0.6123404897978753 0.7902825811458403 0.02219383904525644
vn 0.612340488987836 0.790282580100409 0.022193898620539894
vn 0.6768233939956292 0.4695071095650384 -0.5669860381068659
vn 0.6768234870074935 0.4695070019851242 -0.5669860161608553
vn 0.6768233939956292 0.4695071095650384 -0.5669860381068659
vn 0.467336892453426 0.21153250308210808 -0.8583998072528866
vn 0.467336892453426 0.21153250308210808 -0.8583998072528866
vn 0.467336892453426 0.21153250308210808 -0.8583998072528866
vn 0.28307618935969364 0.6306465695996651 -0.7226013944560097
vn 0.28307618935969364 0.6306465695996651 -0.7226013944560097
vn 0.28307616349701603 0.6306466379811803 -0.7226013449079959
vn 0.5701590957839107 0.21561299950401902 0.7927355422458069
vn 0.5701590957839107 0.21561299950401902 0.7927355422458069
vn 0.5701590957839107 0.21561299950401902 0.7927355422458069
vn 0.2831244771297733 0.6179862628455387 0.7334395062881445
vn 0.2831244771297733 0.6179862628455387 0.7334395062881445
vn 0.2831244771297733 0.6179862628455387 0.7334395062881445
vn 0.4473201464016469 0.26075939099138135 0.855516935328
vn 0.4473201464016469 0.26075939099138135 0.855516935328
vn 0.4473201464016469 0.26075939099138135 0.855516935328
vn -0.03885328122739828 0.08494477933574897 0.995627845633832
vn -0.03885328122739828 0.08494477933574897 0.995627845633832
vn -0.03885328122739828 0.08494477933574897 0.995627845633832
vn 0 -0.003822742589971235 0.9999926932928515
vn 0 -0.003822742589971235 0.9999926932928515
vn 0 -0.003822742589971235 0.9999926932928515
vn 0 0.6441808147588759 0.7648732430256603
vn 0 0.6441808147588759 0.7648732430256603
vn 0 0.6441808147588759 0.7648732430256603
vn 0 0.6441816847330812 0.7648725103273415
vn 0 0.6441816847330812 0.7648725103273415
vn 0 0.6441816847330812 0.7648725103273415
vn 0.06405287060186725 0.7133127851225828 0.6979126738699655
vn 0.06405286324064992 0.7133127265131147 0.6979127344482984
vn 0.06405287060186725 0.7133127851225828 0.6979126738699655
vn 0.06396531833897398 0.8285444683691392 0.5562575860019299
vn 0.06396531833897398 0.8285444683691392 0.5562575860019299
vn 0.06396531833897398 0.8285444683691392 0.5562575860019299
vn 0 0.8441004775446048 0.5361850275874644
vn 0 0.8441004775446048 0.5361850275874644
vn 0 0.8441004775446048 0.5361850275874644
vn 0 0.6972613600240479 0.716816989068629
vn 0 0.6972613600240479 0.716816989068629
vn 0 0.6972613600240479 0.716816989068629
vn 0 0.6972612996066662 0.7168170478377469
vn 0 0.6972612996066662 0.7168170478377469
vn 0 0.6972612996066662 0.7168170478377469
vn 0 0.3429042042685273 0.939370377803648
vn 0 0.3429042042685273 0.939370377803648
vn 0 0.3429042042685273 0.939370377803648
vn 0 0.5317552200451624 0.8468980965586833
vn 0 0.5317552200451624 0.8468980965586833
vn 0 0.5317552200451624 0.8468980965586833
vn 0 0.5317556266694565 0.84689784124496
vn 0 0.5317556266694565 0.84689784124496
vn 0 0.5317556266694565 0.84689784124496
vn -0.06479983941385968 0.16622250204256178 0.9839568388027234
vn -0.06479983941385968 0.16622250204256178 0.9839568388027234
vn -0.06479983941385968 0.16622250204256178 0.9839568388027234
vn 0 0.1388343866069363 0.9903156128707028
vn 0 0.1388343866069363 0.9903156128707028
vn 0 0.1388343866069363 0.9903156128707028
vn 0 0.3429074810436331 0.9393691816555994
vn 0 0.3429074810436331 0.9393691816555994
vn 0 0.3429074810436331 0.9393691816555994
vn 0.054409076227122766 0.9628256683021233 0.26458719712541034
vn 0.054409076227122766 0.9628256683021233 0.26458719712541034
vn 0.054409076227122766 0.9628256683021233 0.26458719712541034
vn -0.02002107778921339 0.5900954764409087 0.8070851783598403
vn -0.02002107778921339 0.5900954764409087 0.8070851783598403
vn -0.02002107778921339 0.5900954764409087 0.8070851783598403
vn 0 0.5716231863805209 0.8205162599194366
vn 0 0.5716231863805209 0.8205162599194366
vn 0 0.5716231863805209 0.8205162599194366
vn 0 0.23092618848336813 0.9729712716583897
vn 0 0.23092618848336813 0.9729712716583897
vn 0 0.23092618848336813 0.9729712716583897
vn 0.03390388865124684 0.7100611777098152 0.703323289990936
vn 0.03390388865124684 0.7100611777098152 0.703323289990936
vn 0.03390388865124684 0.7100611777098152 0.703323289990936
vn 0.012233968995182176 0.6713791583461649 0.7410130604388967
vn 0.012233968995182176 0.6713791583461649 0.7410130604388967
vn 0.012233968995182176 0.6713791583461649 0.7410130604388967
vn 0.005371331788758278 0.947902038940903 0.31851667674784906
vn 0.005371331788758278 0.947902038940903 0.31851667674784906
vn 0.005371331788758278 0.947902038940903 0.31851667674784906
vn 0.04657547789937634 0.5716223555953379 0.819193876589713
vn 0.04657547789937634 0.5716223555953379 0.819193876589713
vn 0.04657547789937634 0.5716223555953379 0.819193876589713
vn -0.11789570846882624 -0.1098693096836981 -0.9869292460527559
vn -0.11789570846882624 -0.1098693096836981 -0.9869292460527559
vn -0.11789570846882624 -0.1098693096836981 -0.9869292460527559
vn -0.07190430048678326 -0.14043849480752968 -0.9874749620864834
vn -0.07190430048678326 -0.14043849480752968 -0.9874749620864834
vn -0.07190430048678326 -0.14043849480752968 -0.9874749620864834
vn 0.012875668467193783 -0.3259861707208371 -0.9452868525798337
vn 0.012875668467193783 -0.3259861707208371 -0.9452868525798337
vn 0.012875668467193783 -0.3259861707208371 -0.9452868525798337
vn -0.013057108898422366 -0.26537027812638214 -0.964058155608022
vn -0.013057108898422366 -0.26537027812638214 -0.964058155608022
vn -0.013057108898422366 -0.26537027812638214 -0.964058155608022
vn -0.006949542979587742 -0.25343221272731625 -0.9673281849530238
vn -0.006949542979587742 -0.25343221272731625 -0.9673281849530238
vn -0.006949542979587742 -0.25343221272731625 -0.9673281849530238
vn -0.003583370613080386 0.0957808916250326 -0.9953959916809807
vn -0.0035833708433508577 0.09578089900718162 -0.9953959909698126
vn -0.0035833708433508577 0.09578089900718162 -0.9953959909698126
vn -0.06342160006741646 0.0036401150569725393 -0.9979801852778745
vn -0.06342160006741646 0.0036401150569725393 -0.9979801852778745
vn -0.06342160006741646 0.0036401150569725393 -0.9979801852778745
vn 0.00413608495933424 0.0418745792221041 -0.9991143139882348
vn 0.00413608495933424 0.0418745792221041 -0.9991143139882348
vn 0.00413608495933424 0.0418745792221041 -0.9991143139882348
vn -0.004143535603966123 0.31850758031782045 -0.9479112576569527
vn -0.004143535603966123 0.31850758031782045 -0.9479112576569527
vn -0.004143535603966123 0.31850758031782045 -0.9479112576569527
vn 0.0028631090867845084 -0.396774109713523 -0.9179118195488052
vn 0.0028631090867845084 -0.396774109713523 -0.9179118195488052
vn 0.0028631090867845084 -0.396774109713523 -0.9179118195488052
vn 0.0041167140479981745 -0.5502709213534078 0.8349760270680343
vn 0.0041167140479981745 -0.5502709213534078 0.8349760270680343
vn 0.0041167140479981745 -0.5502709213534078 0.8349760270680343
vn -0.0063697682460291186 -0.8172332137970336 0.5762718979088464
vn -0.0063697682460291186 -0.8172332137970336 0.5762718979088464
vn -0.0063697682460291186 -0.8172332137970336 0.5762718979088464
vn 0.0051462649970128 -0.97951441377154 0.20130829384398657
vn 0.0051462649970128 -0.97951441377154 0.20130829384398657
vn 0.0051462649970128 -0.97951441377154 0.20130829384398657
vn -0.021786798186251344 -0.7835859798231631 -0.6209012382411272
vn -0.021786798186251344 -0.7835859798231631 -0.6209012382411272
vn -0.021786798186251344 -0.7835859798231631 -0.6209012382411272
vn -0.0032424332787302206 -0.5502681093302155 0.8349817330220961
vn -0.0032424332787302206 -0.5502681093302155 0.8349817330220961
vn -0.0032424332787302206 -0.5502681093302155 0.8349817330220961
vn -0.0014273519184295222 -0.5924559647552967 0.8056015718035634
vn -0.0014273519184295222 -0.5924559647552967 0.8056015718035634
vn -0.0014273519184295222 -0.5924559647552967 0.8056015718035634
vn -0.011115899468236875 -0.990696980793996 0.1356315930182661
vn -0.011115899468236875 -0.990696980793996 0.1356315930182661
vn -0.011115899468236875 -0.990696980793996 0.1356315930182661
vn 0.0328497803543074 -0.9100454807207419 -0.4132046889259943
vn 0.032849899434953415 -0.9100454771569982 -0.41320468730788223
vn 0.032849899434953415 -0.9100454771569982 -0.41320468730788223
vn -0.013125468995709329 -0.4234872764490924 -0.9058069599806423
vn -0.013125468995709329 -0.4234872764490924 -0.9058069599806423
vn -0.013125468995709329 -0.4234872764490924 -0.9058069599806423
vn 0.9999999999844993 -0.0000055679001888212085 0
vn 0.9999999999844993 -0.0000055679001888212085 0
vn 0.9999999999844993 -0.0000055679001888212085 0
vn 0.8149262838439714 -0.18636969124635397 0.5487818237560295
vn 0.8149263016017296 -0.186369696577335 0.5487817955758
vn 0.8149262838439714 -0.18636969124635397 0.5487818237560295
vn 0.7068024338481199 -0.18094030178253154 0.6838793217353631
vn 0.7068024338481199 -0.18094030178253154 0.6838793217353631
vn 0.7068024338481199 -0.18094030178253154 0.6838793217353631
vn 0.7066181878664421 -0.25206500222432826 0.6611762028612304
vn 0.7066182508653736 -0.25206497363281644 0.6611761464325884
vn 0.7068489049980625 -0.25190880381698866 0.6609890922417208
vn 0.7066305514058561 -0.2650727121516269 -0.6560561874507673
vn 0.706630570362908 -0.2650726074968535 -0.6560562093170144
vn 0.706630570362908 -0.2650726074968535 -0.6560562093170144
vn 0.7065088137638675 -0.18783360679145492 -0.6823223814544601
vn 0.7065088137638675 -0.18783360679145492 -0.6823223814544601
vn 0.706508757155215 -0.1878335926868132 -0.6823224439525334
vn 0.8004078941399098 -0.24075830212407648 -0.5489832811268905
vn 0.800407927391947 -0.24075836870316136 -0.5489832034475376
vn 0.8004079113690632 -0.2407582178995413 -0.5489832929440118
vn -0.18881369129269587 -0.3977780743814923 -0.8978429670726272
vn -0.18881369129269587 -0.3977780743814923 -0.8978429670726272
vn -0.18881369129269587 -0.3977780743814923 -0.8978429670726272
vn -0.37015491702479936 0.3140957353671966 -0.8742592329661174
vn -0.37015491702479936 0.3140957353671966 -0.8742592329661174
vn -0.37015491702479936 0.3140957353671966 -0.8742592329661174
vn -0.9014233225965368 0.02994829188551632 -0.431901717167413
vn -0.9014233225965368 0.02994829188551632 -0.431901717167413
vn -0.9014233225965368 0.02994829188551632 -0.431901717167413
vn -0.42511326847569086 -0.304707979735881 -0.8523096597195136
vn -0.42511326847569086 -0.304707979735881 -0.8523096597195136
vn -0.42511326847569086 -0.304707979735881 -0.8523096597195136
vn -0.0471098390445538 0.04860246229918277 -0.9977066020246896
vn -0.0471098390445538 0.04860246229918277 -0.9977066020246896
vn -0.0471098390445538 0.04860246229918277 -0.9977066020246896
vn -0.15352010556135146 0.11572159698013401 -0.9813460598488175
vn -0.15352010556135146 0.11572159698013401 -0.9813460598488175
vn -0.15352010556135146 0.11572159698013401 -0.9813460598488175
vn -0.17311759000825602 0.06348574054354139 -0.9828529191986823
vn -0.17311759000825602 0.06348574054354139 -0.9828529191986823
vn -0.17311759000825602 0.06348574054354139 -0.9828529191986823
vn -0.07713334161992791 -0.038769714029749 -0.9962667097141182
vn -0.07713334161992791 -0.038769714029749 -0.9962667097141182
vn -0.07713328236990445 -0.038769714207992904 -0.9962667142944581
vn -0.0685925925480862 -0.177889479823353 -0.981656961069247
vn -0.0685925925480862 -0.177889479823353 -0.981656961069247
vn -0.0685925925480862 -0.177889479823353 -0.981656961069247
vn -0.3538618947757715 0.06034582050140018 -0.9333488851301606
vn -0.3538618947757715 0.06034582050140018 -0.9333488851301606
vn -0.3538618947757715 0.06034582050140018 -0.9333488851301606
vn -0.36043619402259147 0.07826863820743 -0.9294943627110728
vn -0.36043619402259147 0.07826863820743 -0.9294943627110728
vn -0.36043619402259147 0.07826863820743 -0.9294943627110728
vn -0.44605914814261954 -0.03191440628026063 -0.8944342944174598
vn -0.44605914814261954 -0.03191440628026063 -0.8944342944174598
vn -0.44605914814261954 -0.03191440628026063 -0.8944342944174598
vn -0.6533551832736475 -0.02434663854751987 -0.7566599273655867
vn -0.6533551832736475 -0.02434663854751987 -0.7566599273655867
vn -0.6533551832736475 -0.02434663854751987 -0.7566599273655867
vn -0.5998126328337939 -0.15064840169321878 -0.7858306844099884
vn -0.5998126328337939 -0.15064840169321878 -0.7858306844099884
vn -0.5998126328337939 -0.15064840169321878 -0.7858306844099884
vn -0.3199223242964765 -0.14400701058308335 -0.9364356290315229
vn -0.3199223242964765 -0.14400701058308335 -0.9364356290315229
vn -0.3199223242964765 -0.14400701058308335 -0.9364356290315229
vn -0.2618457634674976 -0.21669788325061923 -0.9404673431591467
vn -0.2618457634674976 -0.21669788325061923 -0.9404673431591467
vn -0.2618457634674976 -0.21669788325061923 -0.9404673431591467
vn -0.44135910313199855 -0.2655006053505936 -0.8571531780498666
vn -0.44135910313199855 -0.2655006053505936 -0.8571531780498666
vn -0.44135910313199855 -0.2655006053505936 -0.8571531780498666
vn -0.9105277054108566 -0.024765130112435307 -0.4127056893353355
vn -0.9105277054108566 -0.024765130112435307 -0.4127056893353355
vn -0.9105277054108566 -0.024765130112435307 -0.4127056893353355
vn -0.15040588646999295 0.3984056782211269 -0.9047933382139478
vn -0.15040588646999295 0.3984056782211269 -0.9047933382139478
vn -0.15040588646999295 0.3984056782211269 -0.9047933382139478
vn -0.2514196054949242 0.309408577351961 -0.9170902432333539
vn -0.2514196054949242 0.309408577351961 -0.9170902432333539
vn -0.2514196054949242 0.309408577351961 -0.9170902432333539
vn -0.10879489872622566 0.372115615216084 -0.921788283134205
vn -0.10879489872622566 0.372115615216084 -0.921788283134205
vn -0.10879489872622566 0.372115615216084 -0.921788283134205
vn -0.10973450010788702 0.17951940350722428 -0.9776150179137402
vn -0.10973440441666157 0.17951940541526604 -0.9776150283044291
vn -0.10973450010788702 0.17951940350722428 -0.9776150179137402
vn -0.1095736079434948 0.17943739533486674 -0.9776481195183082
vn -0.1095736079434948 0.17943739533486674 -0.9776481195183082
vn -0.1095736079434948 0.17943739533486674 -0.9776481195183082
vn -0.10955940037959276 0.037628348404963985 -0.9932677610718968
vn -0.10955940037959276 0.037628348404963985 -0.9932677610718968
vn -0.10955940037959276 0.037628348404963985 -0.9932677610718968
vn -0.10971239149782598 0.03755991513065668 -0.9932534640902118
vn -0.10971239149782598 0.03755991513065668 -0.9932534640902118
vn -0.10971239149782598 0.03755991513065668 -0.9932534640902118
vn -0.1097210963147232 -0.10508839227266545 -0.988391476507685
vn -0.1097210963147232 -0.10508839227266545 -0.988391476507685
vn -0.1097210963147232 -0.10508839227266545 -0.988391476507685
vn -0.1098522031252388 -0.10514490391428354 -0.9883709033806021
vn -0.1098522031252388 -0.10514490391428354 -0.9883709033806021
vn -0.1098522031252388 -0.10514490391428354 -0.9883709033806021
vn -0.10971908830221817 -0.21066477537370026 -0.9713815285864142
vn -0.10971908830221817 -0.21066477537370026 -0.9713815285864142
vn -0.10971908830221817 -0.21066477537370026 -0.9713815285864142
vn -0.35360779751701743 0.31389659104684864 -0.8811529127593756
vn -0.35360779751701743 0.31389659104684864 -0.8811529127593756
vn -0.35360779751701743 0.31389659104684864 -0.8811529127593756
vn -0.35403820554339094 0.16883259860041547 -0.9198654807445742
vn -0.35403820554339094 0.16883259860041547 -0.9198654807445742
vn -0.35403820554339094 0.16883259860041547 -0.9198654807445742
vn -0.3539401993254721 0.16890050969061707 -0.9198907289062623
vn -0.3539401993254721 0.16890050969061707 -0.9198907289062623
vn -0.3539401993254721 0.16890050969061707 -0.9198907289062623
vn -0.3539527916694903 0.0353424508257635 -0.9345952773468326
vn -0.3539527916694903 0.0353424508257635 -0.9345952773468326
vn -0.3539527916694903 0.0353424508257635 -0.9345952773468326
vn -0.35407129625487793 0.0352658003044271 -0.9345532839262184
vn -0.35407129625487793 0.0352658003044271 -0.9345532839262184
vn -0.35407129625487793 0.0352658003044271 -0.9345532839262184
vn -0.3540633095805388 -0.09893327410408126 -0.9299738598928049
vn -0.3540633095805388 -0.09893327410408126 -0.9299738598928049
vn -0.3540633095805388 -0.09893327410408126 -0.9299738598928049
vn -0.354164685586053 -0.09899424644326821 -0.9299287685919075
vn -0.354164685586053 -0.09899424644326821 -0.9299287685919075
vn -0.354164685586053 -0.09899424644326821 -0.9299287685919075
vn -0.35389148993692443 -0.24137830601042923 -0.9036024162969902
vn -0.35389148993692443 -0.24137830601042923 -0.9036024162969902
vn -0.35389148993692443 -0.24137830601042923 -0.9036024162969902
vn -0.5678264399488089 0.24945017259535288 -0.7844410401599412
vn -0.5678264399488089 0.24945017259535288 -0.7844410401599412
vn -0.5678264399488089 0.24945017259535288 -0.7844410401599412
vn -0.6747275773068124 0.13328819336747508 -0.7259317832486147
vn -0.6747275773068124 0.13328819336747508 -0.7259317832486147
vn -0.6747275773068124 0.13328819336747508 -0.7259317832486147
vn -0.6007980548290616 0.1813103956584634 -0.7785680687902551
vn -0.6007980548290616 0.1813103956584634 -0.7785680687902551
vn -0.6007980548290616 0.1813103956584634 -0.7785680687902551
vn -0.602540006859398 0.030093719717545032 -0.7975211020201525
vn -0.602540006859398 0.030093719717545032 -0.7975211020201525
vn -0.602540006859398 0.030093719717545032 -0.7975211020201525
vn -0.6025146813895521 0.030115600534855003 -0.7975394092547851
vn -0.6025146813895521 0.030115600534855003 -0.7975394092547851
vn -0.6025146813895521 0.030115600534855003 -0.7975394092547851
vn -0.6025082560538854 -0.08448522666323703 -0.7936284066630727
vn -0.6025082560538854 -0.08448522666323703 -0.7936284066630727
vn -0.6025082560538854 -0.08448522666323703 -0.7936284066630727
vn -0.5984104266486909 -0.0817290394239512 -0.7970102417114664
vn -0.5984104266486909 -0.0817290394239512 -0.7970102417114664
vn -0.5984104266486909 -0.0817290394239512 -0.7970102417114664
vn -0.7292613494283996 0.14278598339595214 -0.6691711643335512
vn -0.7292613494283996 0.14278598339595214 -0.6691711643335512
vn -0.7292613494283996 0.14278598339595214 -0.6691711643335512
vn -0.8264519040225824 0.048121799156276526 -0.5609470053252902
vn -0.8264519040225824 0.048121799156276526 -0.5609470053252902
vn -0.8264519040225824 0.048121799156276526 -0.5609470053252902
vn -0.8024825408581131 0.022513618566011483 -0.5962507095148575
vn -0.8024825408581131 0.022513618566011483 -0.5962507095148575
vn -0.8024825408581131 0.022513618566011483 -0.5962507095148575
vn -0.8022309188313207 -0.06967580529205067 -0.5929340899526347
vn -0.8022309188313207 -0.06967580529205067 -0.5929340899526347
vn -0.8022309188313207 -0.06967580529205067 -0.5929340899526347
vn -0.6995283176276454 -0.02917313124406218 -0.7140091464753466
vn -0.6995283176276454 -0.02917313124406218 -0.7140091464753466
vn -0.6995283176276454 -0.02917313124406218 -0.7140091464753466
vn -0.2516187784786843 0.7838261306079728 -0.567718757214369
vn -0.2516187784786843 0.7838261306079728 -0.567718757214369
vn -0.2516187784786843 0.7838261306079728 -0.567718757214369
vn -0.43048875603109393 0.2092012867284563 -0.8780172279414338
vn -0.43048875603109393 0.2092012867284563 -0.8780172279414338
vn -0.43048875603109393 0.2092012867284563 -0.8780172279414338
vn -0.48421558223337097 -0.07563090244053601 -0.8716738131425239
vn -0.48421558223337097 -0.07563090244053601 -0.8716738131425239
vn -0.48421558223337097 -0.07563090244053601 -0.8716738131425239
vn -0.29367610089371915 0.2779231003067874 -0.9146108998255625
vn -0.29367610089371915 0.2779231003067874 -0.9146108998255625
vn -0.29367610089371915 0.2779231003067874 -0.9146108998255625
vn -0.1690633989223911 0.8465570543066177 -0.5047362885195704
vn -0.1690633989223911 0.8465570543066177 -0.5047362885195704
vn -0.1690633989223911 0.8465570543066177 -0.5047362885195704
vn -0.4880158297066254 0.34591051878722534 -0.8013653741883952
vn -0.4880158297066254 0.34591051878722534 -0.8013653741883952
vn -0.4880158297066254 0.34591051878722534 -0.8013653741883952
vn -0.3669782069765886 0.726843016663367 -0.5805395979017663
vn -0.3669782069765886 0.726843016663367 -0.5805395979017663
vn -0.3669782069765886 0.726843016663367 -0.5805395979017663
vn -0.3445770415318065 0.5864188624876602 -0.733061784686575
vn -0.3445770415318065 0.5864188624876602 -0.733061784686575
vn -0.3445770415318065 0.5864188624876602 -0.733061784686575
vn -0.14293606538668294 0.593439279299691 -0.7920852877033113
vn -0.14293606538668294 0.593439279299691 -0.7920852877033113
vn -0.14293606538668294 0.593439279299691 -0.7920852877033113
vn -0.1462959615887697 0.4703830379966267 -0.8702512793371127
vn -0.1462959615887697 0.4703830379966267 -0.8702512793371127
vn -0.1462959615887697 0.4703830379966267 -0.8702512793371127
vn 0.8582394647860563 0.4586240015095376 -0.23041060375582423
vn 0.8582394647860563 0.4586240015095376 -0.23041060375582423
vn 0.8582394647860563 0.4586240015095376 -0.23041060375582423
vn 0.9999135108386625 0.0039796815141487085 -0.012535269336790517
vn 0.9999135108386625 0.0039796815141487085 -0.012535269336790517
vn 0.9999135108386625 0.0039796815141487085 -0.012535269336790517
vn 0.9878342400043484 0.11753419337186088 -0.10182940470933446
vn 0.9878342400043484 0.11753419337186088 -0.10182940470933446
vn 0.9878342400043484 0.11753419337186088 -0.10182940470933446
vn 0.6968555560378055 -0.02850913860177438 -0.7166446560433043
vn 0.6968555560378055 -0.02850913860177438 -0.7166446560433043
vn 0.6968555560378055 -0.02850913860177438 -0.7166446560433043
vn 0.4300563892752523 -0.2577381110832248 -0.8652297776537652
vn 0.4300563892752523 -0.2577381110832248 -0.8652297776537652
vn 0.4300563892752523 -0.2577381110832248 -0.8652297776537652
vn 0.8206173265746165 -0.2245720945992683 -0.5255041176364141
vn 0.8206173265746165 -0.2245720945992683 -0.5255041176364141
vn 0.8206173265746165 -0.2245720945992683 -0.5255041176364141
vn -0.37751991233985205 -0.2817283025261877 -0.882104233831027
vn -0.37751991233985205 -0.2817283025261877 -0.882104233831027
vn -0.37751991233985205 -0.2817283025261877 -0.882104233831027
vn -0.7217502929189233 -0.15464078821140453 -0.6746574992489182
vn -0.7217502929189233 -0.15464078821140453 -0.6746574992489182
vn -0.7217502929189233 -0.15464078821140453 -0.6746574992489182
vn -0.9169902462690288 -0.005630671204619061 -0.39886988328181844
vn -0.9169902462690288 -0.005630671204619061 -0.39886988328181844
vn -0.9169902462690288 -0.005630671204619061 -0.39886988328181844
vn -0.7049420722911725 -0.02442805927140345 -0.708844090498087
vn -0.7049420722911725 -0.02442805927140345 -0.708844090498087
vn -0.7049420722911725 -0.02442805927140345 -0.708844090498087
vn -0.3485224534435308 0.04656993211097563 -0.9361427994002203
vn -0.34852257755926835 0.04656993649187048 -0.9361427529744526
vn -0.3485224534435308 0.04656993211097563 -0.9361427994002203
vn -0.5177631949769032 -0.000249503994113612 -0.8555239398608704
vn -0.5177631949769032 -0.000249503994113612 -0.8555239398608704
vn -0.5177631949769032 -0.000249503994113612 -0.8555239398608704
vn -0.6360003716629758 -0.0007624269651166526 -0.7716883736001724
vn -0.6360003716629758 -0.0007624269651166526 -0.7716883736001724
vn -0.6360003716629758 -0.0007624269651166526 -0.7716883736001724
vn 0.15212538551416663 0.6226891161756283 -0.7675390098741439
vn 0.15212538551416663 0.6226891161756283 -0.7675390098741439
vn 0.15212538551416663 0.6226891161756283 -0.7675390098741439
vn -0.23379759227899888 0.294257309708122 -0.9266883626807242
vn -0.23379759227899888 0.294257309708122 -0.9266883626807242
vn -0.23379759227899888 0.294257309708122 -0.9266883626807242
vn -0.490562478219901 0.5757983437863524 -0.6540678269534764
vn -0.490562478219901 0.5757983437863524 -0.6540678269534764
vn -0.490562478219901 0.5757983437863524 -0.6540678269534764
vn -0.7250195366988544 0.3202929892588426 -0.609720487138667
vn -0.7250195366988544 0.3202929892588426 -0.609720487138667
vn -0.7250195366988544 0.3202929892588426 -0.609720487138667
vn -0.7445432741377328 0.21615538574797746 -0.631610767916767
vn -0.7445432741377328 0.21615538574797746 -0.631610767916767
vn -0.7445432741377328 0.21615538574797746 -0.631610767916767
vn -0.755209613710356 0.2161228923149689 -0.6188290028569015
vn -0.755209613710356 0.2161228923149689 -0.6188290028569015
vn -0.755209613710356 0.2161228923149689 -0.6188290028569015
vn -0.35742708142962526 0.44573669506217506 -0.820709863554563
vn -0.35742708142962526 0.44573669506217506 -0.820709863554563
vn -0.35742708142962526 0.44573669506217506 -0.820709863554563
vn -0.38125907114104174 0.39947106113370273 -0.8337052188809804
vn -0.38125907114104174 0.39947106113370273 -0.8337052188809804
vn -0.38125907114104174 0.39947106113370273 -0.8337052188809804
vn -0.17347779423382123 -0.23442190281980638 -0.9565311424026449
vn -0.17347779423382123 -0.23442190281980638 -0.9565311424026449
vn -0.17347779423382123 -0.23442190281980638 -0.9565311424026449
vn -0.13289299918748856 0.22044338802593785 -0.9663043844682688
vn -0.13289299918748856 0.22044338802593785 -0.9663043844682688
vn -0.13289299918748856 0.22044338802593785 -0.9663043844682688
vn -0.20034239901820364 0.0510681189797909 -0.978394077240606
vn -0.20034239901820364 0.0510681189797909 -0.978394077240606
vn -0.20034239901820364 0.0510681189797909 -0.978394077240606
vn -0.13686140095242685 0.2984287189336398 -0.944568291149436
vn -0.13686140095242685 0.2984287189336398 -0.944568291149436
vn -0.13686140095242685 0.2984287189336398 -0.944568291149436
vn -0.04113947689034852 0.546838474170753 -0.836226779413211
vn -0.04113947689034852 0.546838474170753 -0.836226779413211
vn -0.04113947689034852 0.546838474170753 -0.836226779413211
vn 0.00024364695897777756 0.03570728648647496 -0.9993622618089659
vn 0.00024364695897777756 0.03570728648647496 -0.9993622618089659
vn 0.00024364695897777756 0.03570728648647496 -0.9993622618089659
vn 0.0017176269772014657 0.05212419617022601 -0.9986391329860727
vn 0.0017176269772014657 0.05212419617022601 -0.9986391329860727
vn 0.0017176269772014657 0.05212419617022601 -0.9986391329860727
vn -0.0015955561624254266 0.2572546316992448 -0.9663423351327513
vn -0.0015955561624254266 0.2572546316992448 -0.9663423351327513
vn -0.0015955561624254266 0.2572546316992448 -0.9663423351327513
vn 0.0022232528128666457 0.30126226333247885 -0.9535387280224765
vn 0.0022232528128666457 0.30126226333247885 -0.9535387280224765
vn 0.0022232528128666457 0.30126226333247885 -0.9535387280224765
vn -0.002869783814090316 0.5087820138008171 -0.86089060093234
vn -0.002869783814090316 0.5087820138008171 -0.86089060093234
vn -0.002869783814090316 0.5087820138008171 -0.86089060093234
vn -0.010186908860604629 0.46995765404329576 -0.8826301775341626
vn -0.010186908860604629 0.46995765404329576 -0.8826301775341626
vn -0.010186908860604629 0.46995765404329576 -0.8826301775341626
vn -0.09278225214443654 0.3169389983904973 -0.943896776658462
vn -0.0927822495535773 0.3169389001333014 -0.9438968099056543
vn -0.09278225214443654 0.3169389983904973 -0.943896776658462
vn 0.007927059150959932 0.40297615299469913 -0.915176147990544
vn 0.007927059150959932 0.40297615299469913 -0.915176147990544
vn 0.007927059150959932 0.40297615299469913 -0.915176147990544
vn -0.004198967898131645 0.3196749055595588 -0.9475179805281151
vn -0.004198967898131645 0.3196749055595588 -0.9475179805281151
vn -0.004198967898131645 0.3196749055595588 -0.9475179805281151
vn 0.005007325606045106 0.41385816985847024 -0.9103276014335018
vn 0.005007325606045106 0.41385816985847024 -0.9103276014335018
vn 0.005007325606045106 0.41385816985847024 -0.9103276014335018
vn -0.003165184818282987 0.1806016899633201 -0.9835512244857706
vn -0.003165184818282987 0.1806016899633201 -0.9835512244857706
vn -0.003165184818282987 0.1806016899633201 -0.9835512244857706
vn 0.0011738527249914976 0.20186887938377795 -0.9794118529026069
vn 0.0011738527249914976 0.20186887938377795 -0.9794118529026069
vn 0.00117379389152714 0.20186876755564728 -0.9794118760222708
vn -0.000957366004634755 0.3008089014494719 -0.9536839561715901
vn -0.000957366004634755 0.3008089014494719 -0.9536839561715901
vn -0.000957366004634755 0.3008089014494719 -0.9536839561715901
vn -0.0002962739962254489 -0.21199080338744294 -0.9772716160315237
vn -0.0002962739962254489 -0.21199080338744294 -0.9772716160315237
vn -0.0002962739962254489 -0.21199080338744294 -0.9772716160315237
vn 0.001306234891023097 -0.20619048684786953 -0.9785109998788198
vn 0.001306234891023097 -0.20619048684786953 -0.9785109998788198
vn 0.001306234891023097 -0.20619048684786953 -0.9785109998788198
vn -0.001998721798808388 -0.10572628380917799 -0.994393261251841
vn -0.001998721798808388 -0.10572628380917799 -0.994393261251841
vn -0.001998721798808388 -0.10572628380917799 -0.994393261251841
vn 0.0027680989206454805 -0.08390181748948274 -0.9964701815158983
vn 0.0027680989206454805 -0.08390181748948274 -0.9964701815158983
vn 0.0027680989206454805 -0.08390181748948274 -0.9964701815158983
vn -0.002637922261881914 0.037855978534505466 -0.9992797237287141
vn -0.002637922261881914 0.037855978534505466 -0.9992797237287141
vn -0.002637922261881914 0.037855978534505466 -0.9992797237287141
vn 0.003299354896929427 0.06669860512162072 -0.9977677136147944
vn 0.003299354896929427 0.06669860512162072 -0.9977677136147944
vn 0.003299354896929427 0.06669860512162072 -0.9977677136147944
vn -0.7686709774421897 -0.0594957993425413 -0.6368713985559885
vn -0.7686709774421897 -0.0594957993425413 -0.6368713985559885
vn -0.7686709774421897 -0.0594957993425413 -0.6368713985559885
vn -0.8546448407280824 0.006182192400588752 -0.519176248218264
vn -0.8546448407280824 0.006182192400588752 -0.519176248218264
vn -0.8546448407280824 0.006182192400588752 -0.519176248218264
vn -0.133911279088547 0.28281217235757766 -0.9497815772582964
vn -0.133911279088547 0.28281217235757766 -0.9497815772582964
vn -0.133911279088547 0.28281217235757766 -0.9497815772582964
vn -0.0349894645392403 0.3561133692582969 -0.9337874520503909
vn -0.0349894645392403 0.3561133692582969 -0.9337874520503909
vn -0.0349894645392403 0.3561133692582969 -0.9337874520503909
vn -0.43330359943224706 0.14063200511759832 -0.8902081946689002
vn -0.43330359943224706 0.14063200511759832 -0.8902081946689002
vn -0.43330359943224706 0.14063200511759832 -0.8902081946689002
vn -0.57612429504693 0.10393909831324401 -0.8107265016628651
vn -0.57612429504693 0.10393909831324401 -0.8107265016628651
vn -0.57612429504693 0.10393909831324401 -0.8107265016628651
vn -0.9435454822562709 -0.09937571961213666 -0.315984792775461
vn -0.9435454822562709 -0.09937571961213666 -0.315984792775461
vn -0.9435454822562709 -0.09937571961213666 -0.315984792775461
vn -0.038503397436490006 0.3555683808292627 -0.9338568492763247
vn -0.038503397436490006 0.3555683808292627 -0.9338568492763247
vn -0.038503397436490006 0.3555683808292627 -0.9338568492763247
vn -0.15861530989212916 0.19223911039466546 -0.9684447882571787
vn -0.15861530989212916 0.19223911039466546 -0.9684447882571787
vn -0.15861530989212916 0.19223911039466546 -0.9684447882571787
vn -0.15722930785785402 0.16336229811794264 -0.9739567260942164
vn -0.15722930785785402 0.16336229811794264 -0.9739567260942164
vn -0.15722930785785402 0.16336229811794264 -0.9739567260942164
vn -0.444813603948773 0.13174030031494066 -0.8858811156216353
vn -0.444813603948773 0.13174030031494066 -0.8858811156216353
vn -0.444813603948773 0.13174030031494066 -0.8858811156216353
vn -0.3805612052911604 0.20265530184349234 -0.9022771179976041
vn -0.3805612052911604 0.20265530184349234 -0.9022771179976041
vn -0.3805612052911604 0.20265530184349234 -0.9022771179976041
vn -0.9849531341504894 -0.015743010204814462 -0.17210311199051403
vn -0.9849531341504894 -0.015743010204814462 -0.17210311199051403
vn -0.9849531341504894 -0.015743010204814462 -0.17210311199051403
vn -0.5128181553876926 -0.11336188712864408 -0.8509798012005907
vn -0.5128181553876926 -0.11336188712864408 -0.8509798012005907
vn -0.5128181553876926 -0.11336188712864408 -0.8509798012005907
vn -0.29474955520574564 -0.14664198320572022 -0.9442557007863435
vn -0.2947490798951391 -0.14664597747638294 -0.9442552288396211
vn -0.2947495817748542 -0.14664199649831278 -0.9442556904284651
vn -0.2872941812964895 -0.15173047891654343 -0.9457483360603581
vn -0.2872941812964895 -0.15173047891654343 -0.9457483360603581
vn -0.2872941812964895 -0.15173047891654343 -0.9457483360603581
vn -0.03235976784150927 -0.04410230759481767 -0.9985027951338222
vn -0.03235976784150927 -0.04410230759481767 -0.9985027951338222
vn -0.03235976784150927 -0.04410230759481767 -0.9985027951338222
vn -0.7062985040677106 -0.03175729023582371 -0.7072014547981302
vn -0.7062985040677106 -0.03175729023582371 -0.7072014547981302
vn -0.7062985040677106 -0.03175729023582371 -0.7072014547981302
vn -0.5121640475770131 -0.038528736024455 -0.8580230328318053
vn -0.5121640475770131 -0.038528736024455 -0.8580230328318053
vn -0.5121640475770131 -0.038528736024455 -0.8580230328318053
vn -0.2870845813126718 -0.04226772514326151 -0.9569722475514856
vn -0.2870845813126718 -0.04226772514326151 -0.9569722475514856
vn -0.2870845813126718 -0.04226772514326151 -0.9569722475514856
vn -0.8729050011483955 -0.016389189010198986 -0.4876148618056135
vn -0.8729050011483955 -0.016389189010198986 -0.4876148618056135
vn -0.8729050011483955 -0.016389189010198986 -0.4876148618056135
vn -0.7577438438694589 -0.06033485822369975 -0.6497568560323649
vn -0.7577438438694589 -0.06033485822369975 -0.6497568560323649
vn -0.7577438438694589 -0.06033485822369975 -0.6497568560323649
vn -0.9949126429042818 -0.02091382669152721 -0.09854666327346552
vn -0.9949126429042818 -0.02091382669152721 -0.09854666327346552
vn -0.9949126429042818 -0.02091382669152721 -0.09854666327346552
vn -0.9880875139573843 -0.042609567781985866 -0.14787660225657223
vn -0.9880875139573843 -0.042609567781985866 -0.14787660225657223
vn -0.9880875139573843 -0.042609567781985866 -0.14787660225657223
vn -0.9496931445588618 -0.05377392477580904 -0.30853086748671793
vn -0.9496931445588618 -0.05377392477580904 -0.30853086748671793
vn -0.9496931445588618 -0.05377392477580904 -0.30853086748671793
vn -0.9810017071813038 -0.003934322745867792 -0.19395920089518595
vn -0.9810017071813038 -0.003934322745867792 -0.19395920089518595
vn -0.9810017071813038 -0.003934322745867792 -0.19395920089518595
vn -0.8344288980046336 -0.10310000076963709 -0.5413860027892055
vn -0.8344288980046336 -0.10310000076963709 -0.5413860027892055
vn -0.8344288980046336 -0.10310000076963709 -0.5413860027892055
vn -0.7751779595973546 -0.0917063211130799 -0.6250512631955774
vn -0.7751779595973546 -0.0917063211130799 -0.6250512631955774
vn -0.7751779595973546 -0.0917063211130799 -0.6250512631955774
vn -0.7058315580085308 -0.13354019266232248 -0.6956786820529718
vn -0.7058315580085308 -0.13354019266232248 -0.6956786820529718
vn -0.7058315580085308 -0.13354019266232248 -0.6956786820529718
vn -0.5081187592810782 -0.11719829833993137 -0.853275972551016
vn -0.5081187592810782 -0.11719829833993137 -0.853275972551016
vn -0.5081187592810782 -0.11719829833993137 -0.853275972551016
vn -0.941846265999403 -0.16617110627620876 -0.29208350631612673
vn -0.941846265999403 -0.16617110627620876 -0.29208350631612673
vn -0.941846265999403 -0.16617110627620876 -0.29208350631612673
vn -0.9728696145893315 -0.23064818503225334 0.018059007451491606
vn -0.9728696145893315 -0.23064818503225334 0.018059007451491606
vn -0.9728696145893315 -0.23064818503225334 0.018059007451491606
vn -0.9428744448509191 -0.12067749520730783 -0.31052330572367864
vn -0.9428744448509191 -0.12067749520730783 -0.31052330572367864
vn -0.9428744448509191 -0.12067749520730783 -0.31052330572367864
vn -0.9728977324600759 -0.22939718336552556 0.029102138031520192
vn -0.9728977324600759 -0.22939718336552556 0.029102138031520192
vn -0.9728977324600759 -0.22939718336552556 0.029102138031520192
vn -0.9266652415690487 -0.31422996354240945 0.206279082991739
vn -0.9266652415690487 -0.31422996354240945 0.206279082991739
vn -0.9266652415690487 -0.31422996354240945 0.206279082991739
vn -0.9875667290239056 -0.1571922929339659 -0.0015933509299447977
vn -0.9875667290239056 -0.1571922929339659 -0.0015933509299447977
vn -0.9875667467839402 -0.15719218196537857 -0.0015932907921275454
vn -0.05066794066497788 -0.44697638547492385 -0.8931096632645639
vn -0.05066794066497788 -0.44697638547492385 -0.8931096632645639
vn -0.05066794066497788 -0.44697638547492385 -0.8931096632645639
vn -0.963218052857112 -0.04139512116259699 -0.26551351489912495
vn -0.963218052857112 -0.04139512116259699 -0.26551351489912495
vn -0.963218052857112 -0.04139512116259699 -0.26551351489912495
vn -0.8807039298418163 -0.20098079826700918 0.42891410176064027
vn -0.8807039298418163 -0.20098079826700918 0.42891410176064027
vn -0.8808511878254138 -0.20097890009390978 0.42861249004619495
vn -0.7565907828920068 -0.5014227027995539 0.41969710549401035
vn -0.7565907828920068 -0.5014227027995539 0.41969710549401035
vn -0.75659077920648 -0.5014227599616536 0.41969704384492534
vn -0.9231775193111567 -0.22451781716056088 0.3119856048216903
vn -0.9231775193111567 -0.22451781716056088 0.3119856048216903
vn -0.9231775193111567 -0.22451781716056088 0.3119856048216903
vn -0.6372016580991474 -0.1641047872464187 -0.7530230180535684
vn -0.6372016580991474 -0.1641047872464187 -0.7530230180535684
vn -0.6372016580991474 -0.1641047872464187 -0.7530230180535684
vn -0.8783254469911767 -0.13062438140510454 -0.4598713734842425
vn -0.8783254469911767 -0.13062438140510454 -0.4598713734842425
vn -0.8783254469911767 -0.13062438140510454 -0.4598713734842425
vn -0.7494658549918751 -0.029831637453697227 -0.6613705509078317
vn -0.7494658549918751 -0.029831637453697227 -0.6613705509078317
vn -0.7494658549918751 -0.029831637453697227 -0.6613705509078317
vn -0.6811022429405755 -0.3878457996279377 -0.6210276727910622
vn -0.6811022429405755 -0.3878457996279377 -0.6210276727910622
vn -0.6811022429405755 -0.3878457996279377 -0.6210276727910622
vn 0.37589851396073054 -0.5214005164567221 -0.7660560088144845
vn 0.37589851396073054 -0.5214005164567221 -0.7660560088144845
vn 0.37589851396073054 -0.5214005164567221 -0.7660560088144845
vn -0.01068918894283679 0.8377247026434003 -0.5459881535535098
vn -0.01068918894283679 0.8377247026434003 -0.5459881535535098
vn -0.01068918894283679 0.8377247026434003 -0.5459881535535098
vn 0.007811367342800414 0.29626699641313153 -0.9550732167622424
vn 0.007811367342800414 0.29626699641313153 -0.9550732167622424
vn 0.007811367342800414 0.29626699641313153 -0.9550732167622424
vn -0.01280175965686017 -0.2162927948113946 -0.9762446116944072
vn -0.01280175965686017 -0.2162927948113946 -0.9762446116944072
vn -0.01280175965686017 -0.2162927948113946 -0.9762446116944072
vn 0.025957459154140446 0.22512969001943775 -0.9739829736633044
vn 0.025957459154140446 0.22512969001943775 -0.9739829736633044
vn 0.025957459154140446 0.22512969001943775 -0.9739829736633044
vn 0.02383803784273662 -0.5174915241788816 -0.8553562242450955
vn 0.02383803784273662 -0.5174915241788816 -0.8553562242450955
vn 0.02383803784273662 -0.5174915241788816 -0.8553562242450955
vn 0.03824108503283326 -0.9774138425413382 -0.20784561535930354
vn 0.03824108503283326 -0.9774138425413382 -0.20784561535930354
vn 0.03824108503283326 -0.9774138425413382 -0.20784561535930354
vn -0.050985206242919336 -0.8385314398707331 -0.5424624715984343
vn -0.050985206242919336 -0.8385314398707331 -0.5424624715984343
vn -0.050985206242919336 -0.8385314398707331 -0.5424624715984343
vn -0.12680478266201267 -0.925676634516793 0.3564313614199842
vn -0.12680478266201267 -0.925676634516793 0.3564313614199842
vn -0.12680478266201267 -0.925676634516793 0.3564313614199842
vn -0.16096940241187024 0.9425205952841527 -0.29282038684553985
vn -0.16096940241187024 0.9425205952841527 -0.29282038684553985
vn -0.16096940241187024 0.9425205952841527 -0.29282038684553985
vn -0.521065045548404 0.02012424501883101 -0.8532796921701945
vn -0.521065045548404 0.02012424501883101 -0.8532796921701945
vn -0.521065045548404 0.02012424501883101 -0.8532796921701945
vn -0.4658881527368865 0.040135317425231055 -0.8839329077676582
vn -0.4658881527368865 0.040135317425231055 -0.8839329077676582
vn -0.4658881527368865 0.040135317425231055 -0.8839329077676582
vn -0.031974666024825855 0.5147040519210717 -0.856771474588546
vn -0.031974666024825855 0.5147040519210717 -0.856771474588546
vn -0.031974666024825855 0.5147040519210717 -0.856771474588546
vn -0.5258802718633613 0.33883690492974905 -0.7801535051017494
vn -0.5258802718633613 0.33883690492974905 -0.7801535051017494
vn -0.5258802718633613 0.33883690492974905 -0.7801535051017494
vn -0.2741611971772586 0.7298318344191227 -0.6262436677769689
vn -0.2741611971772586 0.7298318344191227 -0.6262436677769689
vn -0.2741611971772586 0.7298318344191227 -0.6262436677769689
vn -0.8540060304846069 0.44709267085034826 -0.266048573700042
vn -0.8540060304846069 0.44709267085034826 -0.266048573700042
vn -0.8540060304846069 0.44709267085034826 -0.266048573700042
vn -0.6436527157481303 -0.2871544861721912 -0.7094036104935196
vn -0.6436527157481303 -0.2871544861721912 -0.7094036104935196
vn -0.6436527157481303 -0.2871544861721912 -0.7094036104935196
vn -0.7086917632577133 -0.3521608051923805 -0.6113417636452851
vn -0.7086917632577133 -0.3521608051923805 -0.6113417636452851
vn -0.7086917632577133 -0.3521608051923805 -0.6113417636452851
vn -0.8771369604296425 -0.24745138404371975 -0.4115805694916794
vn -0.8771369604296425 -0.24745138404371975 -0.4115805694916794
vn -0.8771369604296425 -0.24745138404371975 -0.4115805694916794
vn -0.9329796891264277 0.3410040089628571 0.11517450042788918
vn -0.9329796891264277 0.3410040089628571 0.11517450042788918
vn -0.9329796891264277 0.3410040089628571 0.11517450042788918
vn -0.8112021022929233 0.4559356831356753 0.36616089643645283
vn -0.8112021022929233 0.4559356831356753 0.36616089643645283
vn -0.8112021022929233 0.4559356831356753 0.36616089643645283
vn -0.9817161445692725 0.057176935751730426 0.18156048443999498
vn -0.9817161445692725 0.057176935751730426 0.18156048443999498
vn -0.9817161445692725 0.057176935751730426 0.18156048443999498
vn -0.9722449608394972 0.05594300752765922 0.22717859941236782
vn -0.9722449608394972 0.05594300752765922 0.22717859941236782
vn -0.9722449608394972 0.05594300752765922 0.22717859941236782
vn -0.8465647289021052 -0.1614493912476637 -0.5072102659101687
vn -0.8463900254634491 -0.16146628874114063 -0.5074963668797488
vn -0.8463900254634491 -0.16146628874114063 -0.5074963668797488
vn -0.8676569826788788 -0.15933230094950374 -0.47094010052523744
vn -0.8676569826788788 -0.15933230094950374 -0.47094010052523744
vn -0.8676569826788788 -0.15933230094950374 -0.47094010052523744
vn -0.8670760301747026 -0.15473061636906524 -0.4735373208676664
vn -0.8670760301747026 -0.15473061636906524 -0.4735373208676664
vn -0.8670760301747026 -0.15473061636906524 -0.4735373208676664
vn -0.9656643589419681 -0.08596765002414876 -0.24515690693619724
vn -0.9656643589419681 -0.08596765002414876 -0.24515690693619724
vn -0.9656643589419681 -0.08596765002414876 -0.24515690693619724
vn -0.9787032190771843 -0.028904486986855833 -0.2032351829777113
vn -0.9787032190771843 -0.028904486986855833 -0.2032351829777113
vn -0.9787032190771843 -0.028904486986855833 -0.2032351829777113
vn -0.9846096432155325 -0.03632502555567731 -0.1709512883992433
vn -0.9846096432155325 -0.03632502555567731 -0.1709512883992433
vn -0.9846096432155325 -0.03632502555567731 -0.1709512883992433
vn -0.9185916316385018 -0.13769319849883768 -0.37044567398051026
vn -0.9185916316385018 -0.13769319849883768 -0.37044567398051026
vn -0.9185916316385018 -0.13769319849883768 -0.37044567398051026
vn -0.9813336849497921 0.03744297892745141 -0.18863250544882476
vn -0.9813336849497921 0.03744297892745141 -0.18863250544882476
vn -0.9813336849497921 0.03744297892745141 -0.18863250544882476
vn -0.7347496634226367 0.6764975681482711 0.04993968752202584
vn -0.7347496634226367 0.6764975681482711 0.04993968752202584
vn -0.7347496634226367 0.6764975681482711 0.04993968752202584
vn -0.982388804118969 0.09816740550140898 -0.15898238279389224
vn -0.982388804118969 0.09816740550140898 -0.15898238279389224
vn -0.982388804118969 0.09816740550140898 -0.15898238279389224
vn -0.7407433716917345 0.6706593984519564 0.038925936890725904
vn -0.7407433716917345 0.6706593984519564 0.038925936890725904
vn -0.7407433716917345 0.6706593984519564 0.038925936890725904
vn -0.9111817842172396 0.4119954897905966 0.0027335879159549356
vn -0.9111817842172396 0.4119954897905966 0.0027335879159549356
vn -0.9111817842172396 0.4119954897905966 0.0027335879159549356
vn -0.9811073259658403 0.15752447688829305 -0.11231408690466237
vn -0.9811073259658403 0.15752447688829305 -0.11231408690466237
vn -0.9811073259658403 0.15752447688829305 -0.11231408690466237
vn -0.7575870123543451 0.6514814467881781 0.04042082634978774
vn -0.7575870123543451 0.6514814467881781 0.04042082634978774
vn -0.7575870123543451 0.6514814467881781 0.04042082634978774
vn -0.9112478052654721 0.41123703817382856 0.02261715793103527
vn -0.9112478052654721 0.41123703817382856 0.02261715793103527
vn -0.9112478052654721 0.41123703817382856 0.02261715793103527
vn -0.8932887111510981 0.4489953117233508 0.020940118921851183
vn -0.8932887111510981 0.4489953117233508 0.020940118921851183
vn -0.8932887111510981 0.4489953117233508 0.020940118921851183
vn -0.9883931471239521 0.15187120732726722 0.003758071761959171
vn -0.9883931471239521 0.15187120732726722 0.003758071761959171
vn -0.9883931471239521 0.15187120732726722 0.003758071761959171
vn -0.9942976741860396 0.10645908765422837 0.006212709880678785
vn -0.9942976741860396 0.10645908765422837 0.006212709880678785
vn -0.9942976741860396 0.10645908765422837 0.006212709880678785
vn -0.9732042936702527 -0.21663809844425802 -0.07708006930614734
vn -0.9732042936702527 -0.21663809844425802 -0.07708006930614734
vn -0.9732042936702527 -0.21663809844425802 -0.07708006930614734
vn -0.9732023936059992 -0.22013719068786333 0.06645839567435446
vn -0.9732023936059992 -0.22013719068786333 0.06645839567435446
vn -0.9732023936059992 -0.22013719068786333 0.06645839567435446
vn -0.9732322887494039 -0.22001056813087339 0.06643991305177464
vn -0.9732322887494039 -0.22001056813087339 0.06643991305177464
vn -0.9732322887494039 -0.22001056813087339 0.06643991305177464
vn -0.9914012496102819 -0.11796159231542516 -0.056644726229199985
vn -0.9914012496102819 -0.11796159231542516 -0.056644726229199985
vn -0.9914012496102819 -0.11796159231542516 -0.056644726229199985
vn -0.9916839080231532 -0.0928156234049116 -0.08915316382430852
vn -0.9916839080231532 -0.0928156234049116 -0.08915316382430852
vn -0.9916839080231532 -0.0928156234049116 -0.08915316382430852
vn -0.9864046095259742 -0.10582280285231603 -0.125727804014825
vn -0.9864046095259742 -0.10582280285231603 -0.125727804014825
vn -0.9864046095259742 -0.10582280285231603 -0.125727804014825
vn -0.9942951963717244 -0.05001455256033829 -0.09421043999633653
vn -0.9942951963717244 -0.05001455256033829 -0.09421043999633653
vn -0.9942951963717244 -0.05001455256033829 -0.09421043999633653
vn -0.9731844903818399 -0.03901641912199929 -0.2266928907556104
vn -0.9731844903818399 -0.03901641912199929 -0.2266928907556104
vn -0.9731844903818399 -0.03901641912199929 -0.2266928907556104
vn -0.9731600468887435 -0.039023992413277184 -0.2267964972296246
vn -0.9731600446251605 -0.03902405192715263 -0.22679649670209298
vn -0.9731600468887435 -0.039023992413277184 -0.2267964972296246
vn -0.9942611172819331 0.015689366981695377 -0.10582378950404253
vn -0.9942611172819331 0.015689366981695377 -0.10582378950404253
vn -0.9942611157867881 0.015689369761304226 -0.10582380313948521
vn -0.9942948869477728 0.07518350371743855 -0.07566451320325629
vn -0.9942948869477728 0.07518350371743855 -0.07566451320325629
vn -0.9942948869477728 0.07518350371743855 -0.07566451320325629
vn -0.9863998317736912 0.13776360485499112 -0.08964686862457527
vn -0.9863998317736912 0.13776360485499112 -0.08964686862457527
vn -0.9863998317736912 0.13776360485499112 -0.08964686862457527
vn -0.9942963431875723 0.09962462345792138 -0.038075140507805035
vn -0.9942963431875723 0.09962462345792138 -0.038075140507805035
vn -0.9942963431875723 0.09962462345792138 -0.038075140507805035
vn -0.9468692297164251 -0.29633497428334793 0.12499697929434633
vn -0.9468692297164251 -0.29633497428334793 0.12499697929434633
vn -0.9468692297164251 -0.29633497428334793 0.12499697929434633
vn -0.9259337641205899 -0.36153938813239894 0.10925170612089574
vn -0.9259337641205899 -0.36153938813239894 0.10925170612089574
vn -0.9259337648742892 -0.3615393884266878 0.10925169875924488
vn -0.8877499271836885 -0.41496295523507404 -0.1992631741389506
vn -0.8877499271836885 -0.41496295523507404 -0.1992631741389506
vn -0.8877499271836885 -0.41496295523507404 -0.1992631741389506
vn -0.9258358264039213 -0.3215072676555199 -0.19864817993540732
vn -0.9258358264039213 -0.3215072676555199 -0.19864817993540732
vn -0.9258358264039213 -0.3215072676555199 -0.19864817993540732
vn -0.9258375854069731 -0.27255159881935664 -0.26180219905263963
vn -0.9258375854069731 -0.27255159881935664 -0.26180219905263963
vn -0.9258375854069731 -0.27255159881935664 -0.26180219905263963
vn -0.9468692408719775 -0.20710608073550885 -0.24606038285937437
vn -0.9468692408719775 -0.20710608073550885 -0.24606038285937437
vn -0.9468692408719775 -0.20710608073550885 -0.24606038285937437
vn -0.887756768907275 -0.21584548153830055 -0.4065693635270796
vn -0.887756768907275 -0.21584548153830055 -0.4065693635270796
vn -0.887756768907275 -0.21584548153830055 -0.4065693635270796
vn -0.9468902475885551 -0.08771352587022056 -0.3093625646407451
vn -0.9468902475885551 -0.08771352587022056 -0.3093625646407451
vn -0.9468902475885551 -0.08771352587022056 -0.3093625646407451
vn -0.9258387854061705 -0.06404727069390223 -0.37245199765109255
vn -0.9258387854061705 -0.06404727069390223 -0.37245199765109255
vn -0.9258387854061705 -0.06404727069390223 -0.37245199765109255
vn -0.9235686521179767 0.05620633726389528 -0.3792911711025729
vn -0.9235686521179767 0.05620633726389528 -0.3792911711025729
vn -0.9235686521179767 0.05620633726389528 -0.3792911711025729
vn -0.9235830467386852 0.056191136173635865 -0.37925837102482485
vn -0.9235830467386852 0.056191136173635865 -0.37925837102482485
vn -0.9235830467386852 0.056191136173635865 -0.37925837102482485
vn -0.9864093219115831 0.162376898079567 -0.025107620675574347
vn -0.9864093219115831 0.162376898079567 -0.025107620675574347
vn -0.9864093219115831 0.162376898079567 -0.025107620675574347
vn -0.8877376442006127 0.32447410083153305 -0.326555405649201
vn -0.8877376442006127 0.32447410083153305 -0.326555405649201
vn -0.8877376442006127 0.32447410083153305 -0.326555405649201
vn -0.9468903612486699 0.2695269604843237 -0.17536778879385292
vn -0.9468903612486699 0.2695269604843237 -0.17536778879385292
vn -0.9468903612486699 0.2695269604843237 -0.17536778879385292
vn -0.8877561464730866 0.4299757670301449 -0.16434678021212942
vn -0.8877561464730866 0.4299757670301449 -0.16434678021212942
vn -0.8877561464730866 0.4299757670301449 -0.16434678021212942
vn -0.9468799518312897 0.31781170728309754 -0.04913324265481764
vn -0.9468799518312897 0.31781170728309754 -0.04913324265481764
vn -0.9468799518312897 0.31781170728309754 -0.04913324265481764
vn -0.750195573775756 -0.609234103501082 0.25698328392815173
vn -0.750195573775756 -0.609234103501082 0.25698328392815173
vn -0.750195573775756 -0.609234103501082 0.25698328392815173
vn -0.7839570037638611 -0.5781931871359454 0.22606205917660532
vn -0.7839570037638611 -0.5781931871359454 0.22606205917660532
vn -0.7839570037638611 -0.5781931871359454 0.22606205917660532
vn -0.7118948518234988 -0.16458478154279815 0.6827280348950877
vn -0.7118948518234988 -0.16458478154279815 0.6827280348950877
vn -0.7118948518234988 -0.16458478154279815 0.6827280348950877
vn -0.8258591538034643 -0.5608497427531547 -0.05834572934453855
vn -0.8258591538034643 -0.5608497427531547 -0.05834572934453855
vn -0.8258591538034643 -0.5608497427531547 -0.05834572934453855
vn -0.9942976885234832 -0.10660888311303048 -0.0025792708757512305
vn -0.9942976885234832 -0.10660888311303048 -0.0025792708757512305
vn -0.9942976885234832 -0.10660888311303048 -0.0025792708757512305
vn -0.9675526224238521 -0.25259566832666586 -0.0061115614478909055
vn -0.9675526224238521 -0.25259566832666586 -0.0061115614478909055
vn -0.9675526224238521 -0.25259566832666586 -0.0061115614478909055
vn -0.6847716836550983 -0.7098882474764614 -0.16476169870136734
vn -0.6847716836550983 -0.7098882474764614 -0.16476169870136734
vn -0.6847716836550983 -0.7098882474764614 -0.16476169870136734
vn -0.7777237682512964 -0.5630015579098989 -0.2795979007217878
vn -0.7777237682512964 -0.5630015579098989 -0.2795979007217878
vn -0.7777237682512964 -0.5630015579098989 -0.2795979007217878
vn -0.7388843073036381 -0.5732402627014983 -0.3541829776236289
vn -0.7388843073036381 -0.5732402627014983 -0.3541829776236289
vn -0.7388843073036381 -0.5732402627014983 -0.3541829776236289
vn -0.8039375366838265 -0.3829618608198939 -0.4549996156790741
vn -0.8039375366838265 -0.3829618608198939 -0.4549996156790741
vn -0.8039375366838265 -0.3829618608198939 -0.4549996156790741
vn -0.7237027807517837 -0.47171839576223706 -0.5037221855662474
vn -0.7237028424218784 -0.4717184269108453 -0.5037220677945837
vn -0.7237028424218784 -0.4717184269108453 -0.5037220677945837
vn -0.7680249580958529 -0.174696514756093 -0.6161321217676755
vn -0.7680249580958529 -0.174696514756093 -0.6161321217676755
vn -0.7680249580958529 -0.174696514756093 -0.6161321217676755
vn -0.7680048300612873 -0.1747096915530823 -0.6161534749394506
vn -0.7680048300612873 -0.1747096915530823 -0.6161534749394506
vn -0.7680048300612873 -0.1747096915530823 -0.6161534749394506
vn -0.7328036837533873 0.09974539026750101 -0.673089606365935
vn -0.7328036837533873 0.09974539026750101 -0.673089606365935
vn -0.7328036837533873 0.09974539026750101 -0.673089606365935
vn -0.7966349277818284 0.1201721974431885 -0.5923946613531528
vn -0.7966349277818284 0.1201721974431885 -0.5923946613531528
vn -0.7966349277818284 0.1201721974431885 -0.5923946613531528
vn -0.7552866980447934 0.6541915574659274 -0.03969143354550819
vn -0.7552866980447934 0.6541915574659274 -0.03969143354550819
vn -0.7552866980447934 0.6541915574659274 -0.03969143354550819
vn -0.6660113978664448 0.7371842318216778 -0.11396589957292816
vn -0.6660113978664448 0.7371842318216778 -0.11396589957292816
vn -0.6660113978664448 0.7371842318216778 -0.11396589957292816
vn -0.8240277210712299 0.5177916313244946 -0.22993508091736217
vn -0.8240277882432389 0.517791516870283 -0.22993509793010583
vn -0.8240277210712299 0.5177916313244946 -0.22993508091736217
vn -0.6787422747465074 0.6155490145007437 -0.40051009377929514
vn -0.6787422747465074 0.6155490145007437 -0.40051009377929514
vn -0.6787422747465074 0.6155490145007437 -0.40051009377929514
vn -0.8143269511242738 0.3633274774877107 -0.45261988552764865
vn -0.8143269511242738 0.3633274774877107 -0.45261988552764865
vn -0.8143269511242738 0.3633274774877107 -0.45261988552764865
vn -0.7019688717402672 0.38463179539177633 -0.5994147855044909
vn -0.7019688717402672 0.38463179539177633 -0.5994147855044909
vn -0.7019688717402672 0.38463179539177633 -0.5994147855044909
vn -0.9468662884545462 0.173694702676248 -0.27069241225147433
vn -0.9468662884545462 0.173694702676248 -0.27069241225147433
vn -0.9468662884545462 0.173694702676248 -0.27069241225147433
vn -0.9258539854988921 0.16936299531025306 -0.33780256564353794
vn -0.9258539854988921 0.16936299531025306 -0.33780256564353794
vn -0.9258539854988921 0.16936299531025306 -0.33780256564353794
vn -0.9731345765346001 0.10317820302749622 -0.20582360013575024
vn -0.9731345870077858 0.10317809982980365 -0.20582360235088967
vn -0.9731345765346001 0.10317820302749622 -0.20582360013575024
vn -0.9730870974118875 0.10326810446870108 -0.20600291126571274
vn -0.9730870974118875 0.10326810446870108 -0.20600291126571274
vn -0.9730870937070414 0.10326799231681578 -0.206002984987203
vn -0.9917386913017767 -0.1050743997322222 0.07357811288659402
vn -0.9917386958914838 -0.10507460138418015 0.0735777630498144
vn -0.9917386893712324 -0.10507470500148992 0.07357770296142702
vn -0.9939315421859656 -0.09120744561113842 0.06149220530212706
vn -0.9939315487659602 -0.09120742386320492 0.06149213120340861
vn -0.9939315421859656 -0.09120744561113842 0.06149220530212706
vn -0.8958887943001791 -0.3683530046645 0.24839350273710045
vn -0.8958887943001791 -0.3683530046645 0.24839350273710045
vn -0.8958887943001791 -0.3683530046645 0.24839350273710045
vn -0.9265736131163612 -0.30809279576992327 0.21573170529888294
vn -0.9265736131163612 -0.30809279576992327 0.21573170529888294
vn -0.9265736131163612 -0.30809279576992327 0.21573170529888294
vn -0.7820070885421452 -0.5105512675187792 0.3574944988455141
vn -0.7820070885421452 -0.5105512675187792 0.3574944988455141
vn -0.7820070885421452 -0.5105512675187792 0.3574944988455141
vn -0.757506570976507 -0.5324698838558914 0.3777030814196622
vn -0.757506570976507 -0.5324698838558914 0.3777030814196622
vn -0.757506570976507 -0.5324698838558914 0.3777030814196622
vn -0.666893134818495 0.1546352827446658 -0.7289317362157023
vn -0.666893134818495 0.1546352827446658 -0.7289317362157023
vn -0.666893134818495 0.1546352827446658 -0.7289317362157023
vn -0.7394678547231148 0.04492412479921812 -0.6716912347516668
vn -0.7394678547231148 0.04492412479921812 -0.6716912347516668
vn -0.7394678547231148 0.04492412479921812 -0.6716912347516668
vn -0.5685085058448914 -0.06894469261456407 -0.8197833299978065
vn -0.5685084380176406 -0.06894468416680394 -0.8197833777455371
vn -0.5685085058448914 -0.06894469261456407 -0.8197833299978065
vn -0.7078740488139509 -0.0291904150685339 -0.7057352553782978
vn -0.7078740488139509 -0.0291904150685339 -0.7057352553782978
vn -0.7078740488139509 -0.0291904150685339 -0.7057352553782978
vn -0.9135448208258016 -0.041862662293487306 -0.40457802442551855
vn -0.9135448208258016 -0.041862662293487306 -0.40457802442551855
vn -0.9135448208258016 -0.041862662293487306 -0.40457802442551855
vn -0.9176259712120052 -0.04059391502048484 -0.3953665527337052
vn -0.9176259712120052 -0.04059391502048484 -0.3953665527337052
vn -0.9176259712120052 -0.04059391502048484 -0.3953665527337052
vn -0.9877521145524404 -0.018581559410969905 -0.15492090190493688
vn -0.9877521145524404 -0.018581559410969905 -0.15492090190493688
vn -0.9877521145524404 -0.018581559410969905 -0.15492090190493688
vn -0.7097810475094336 -0.15056988529613308 -0.6881421177622544
vn -0.7097810475094336 -0.15056988529613308 -0.6881421177622544
vn -0.7097810475094336 -0.15056988529613308 -0.6881421177622544
vn -0.8894934806986604 -0.0938188971299111 -0.4472128825692625
vn -0.8894934806986604 -0.0938188971299111 -0.4472128825692625
vn -0.8894934806986604 -0.0938188971299111 -0.4472128825692625
vn -0.8870519846133181 -0.09305136493916895 -0.452194891696635
vn -0.8870519846133181 -0.09305136493916895 -0.452194891696635
vn -0.8870519846133181 -0.09305136493916895 -0.452194891696635
vn -0.4523515697408446 -0.19364498539027003 -0.8705628506812108
vn -0.4523515697408446 -0.19364498539027003 -0.8705628506812108
vn -0.4523515697408446 -0.19364498539027003 -0.8705628506812108
vn -0.15645149046743695 -0.20365058980802198 -0.9664622953852686
vn -0.15645149046743695 -0.20365058980802198 -0.9664622953852686
vn -0.15645149046743695 -0.20365058980802198 -0.9664622953852686
vn -0.1341903804934399 -0.19660678494200953 -0.9712562555256941
vn -0.1341903804934399 -0.19660678494200953 -0.9712562555256941
vn -0.1341903804934399 -0.19660678494200953 -0.9712562555256941
vn -0.13358190610962506 -0.08305144282177894 -0.9875516858399565
vn -0.13358189155702008 -0.08305143558790505 -0.987551688416782
vn -0.13358190544836077 -0.08305150201529753 -0.9875516809513253
vn -0.13358208370533764 -0.08303992346692009 -0.9875526305081407
vn -0.13358208370533764 -0.08303992346692009 -0.9875526305081407
vn -0.13358208370533764 -0.08303992346692009 -0.9875526305081407
vn -0.13361020521392777 0.0661011270415608 -0.9888270597361944
vn -0.13361020521392777 0.0661011270415608 -0.9888270597361944
vn -0.13361020521392777 0.0661011270415608 -0.9888270597361944
vn -0.13355548311779075 0.06612042900500706 -0.9888331617605507
vn -0.13355548311779075 0.06612042900500706 -0.9888331617605507
vn -0.13355548311779075 0.06612042900500706 -0.9888331617605507
vn -0.13371548110180473 0.20061288854396406 -0.970502261235779
vn -0.13371548110180473 0.20061288854396406 -0.970502261235779
vn -0.13371548110180473 0.20061288854396406 -0.970502261235779
vn -0.133701298443666 0.2006104049225165 -0.9705047285981155
vn -0.133701298443666 0.2006104049225165 -0.9705047285981155
vn -0.133701298443666 0.2006104049225165 -0.9705047285981155
vn -0.3665877766844221 0.1883351000319276 -0.9111219962669852
vn -0.3665877766844221 0.1883351000319276 -0.9111219962669852
vn -0.3665877766844221 0.1883351000319276 -0.9111219962669852
vn -0.4266318589965097 0.20333088510771863 -0.8812728340590636
vn -0.4266318589965097 0.20333088510771863 -0.8812728340590636
vn -0.4266318589965097 0.20333088510771863 -0.8812728340590636
vn -0.4268831195231735 0.06033394692277769 -0.9022918691392955
vn -0.4268831195231735 0.06033394692277769 -0.9022918691392955
vn -0.4268831195231735 0.06033394692277769 -0.9022918691392955
vn -0.42721038179419224 0.06032328928801208 -0.9021376782158782
vn -0.42721038179419224 0.06032328928801208 -0.9021376782158782
vn -0.42721038179419224 0.06032328928801208 -0.9021376782158782
vn -0.4272051634447489 -0.07575975150705991 -0.9009751430409908
vn -0.4272051653738499 -0.07575969224451962 -0.9009751471094624
vn -0.427205237042294 -0.0757596943838891 -0.900975112947354
vn -0.4271821565330137 -0.07562778691221664 -0.9009971381677991
vn -0.4271821565330137 -0.07562778691221664 -0.9009971381677991
vn -0.4271821565330137 -0.07562778691221664 -0.9009971381677991
vn -0.42779237558776395 -0.1852469914123487 -0.8846904744381794
vn -0.42779237558776395 -0.1852469914123487 -0.8846904744381794
vn -0.42779237558776395 -0.1852469914123487 -0.8846904744381794
vn -0.7070630373842353 -0.14968181039782735 -0.6911274967768308
vn -0.7070630373842353 -0.14968181039782735 -0.6911274967768308
vn -0.7070630373842353 -0.14968181039782735 -0.6911274967768308
vn -0.9645698211111302 -0.027938176353670467 0.2623442747682394
vn -0.9645698211111302 -0.027938176353670467 0.2623442747682394
vn -0.9645698211111302 -0.027938176353670467 0.2623442747682394
vn -0.9926687203392249 0.10865909304512743 0.05293404536492712
vn -0.9926687203392249 0.10865909304512743 0.05293404536492712
vn -0.9926687203392249 0.10865909304512743 0.05293404536492712
vn -0.8857281850818858 -0.36244741273431247 0.2900300935312603
vn -0.8857281850818858 -0.36244741273431247 0.2900300935312603
vn -0.8857281850818858 -0.36244741273431247 0.2900300935312603
vn -0.6356238140179844 0.15569950673087038 -0.7561349288698378
vn -0.6356238140179844 0.15569950673087038 -0.7561349288698378
vn -0.6356238243409722 0.15569940495141207 -0.7561349411500129
vn -0.9539930993492607 0.1465128835786955 -0.2615934657812519
vn -0.9539930993492607 0.1465128835786955 -0.2615934657812519
vn -0.9539930993492607 0.1465128835786955 -0.2615934657812519
vn -0.831490115327244 0.09634458457849272 -0.5471214756664962
vn -0.831490115327244 0.09634458457849272 -0.5471214756664962
vn -0.831490115327244 0.09634458457849272 -0.5471214756664962
vn -0.9795172983153 0.11173550236416366 -0.16751429733764103
vn -0.9795172983153 0.11173550236416366 -0.16751429733764103
vn -0.9795172983153 0.11173550236416366 -0.16751429733764103
vn -0.8946702224658893 -0.17247299357135326 -0.4120901109240207
vn -0.8946702224658893 -0.17247299357135326 -0.4120901109240207
vn -0.8946702224658893 -0.17247299357135326 -0.4120901109240207
vn -0.9666097294803426 0.11726299086756377 0.22784868190694518
vn -0.9666097294803426 0.11726299086756377 0.22784868190694518
vn -0.9666097294803426 0.11726299086756377 0.22784868190694518
vn -0.9811012369468117 -0.18392500694908775 0.06009953976707218
vn -0.9811012371664687 -0.1839250069902664 0.06009953605523737
vn -0.9811012369468117 -0.18392500694908775 0.06009953976707218
vn -0.9744022498802345 -0.15806798653473236 0.15985858457146698
vn -0.9744022498802345 -0.15806798653473236 0.15985858457146698
vn -0.9744022498802345 -0.15806798653473236 0.15985858457146698
vn -0.9965670495786911 -0.05820149061181227 0.05887870739567305
vn -0.9965670495786911 -0.05820149061181227 0.05887870739567305
vn -0.996567052420325 -0.05820149077776931 0.05887865913478813
vn -0.9921355905197035 -0.0744519238330185 0.10061749878466317
vn -0.9921775372111766 -0.07425074213354133 0.10035218954354135
vn -0.9921355905197035 -0.0744519238330185 0.10061749878466317
vn -0.9870465778668336 -0.14615291038372666 0.06616932754486081
vn -0.9870465778668336 -0.14615291038372666 0.06616932754486081
vn -0.9870465778668336 -0.14615291038372666 0.06616932754486081
vn -0.9845689930533627 -0.15874169443389524 0.07365441172219978
vn -0.9845690007110904 -0.15874159136042082 0.07365453150435315
vn -0.9845689887309604 -0.15874169373699593 0.07365447100348942
vn -0.8859204162219122 -0.4207482985451954 0.1952329003844305
vn -0.8859204162219122 -0.4207482985451954 0.1952329003844305
vn -0.8859204162219122 -0.4207482985451954 0.1952329003844305
vn -0.8832918890499746 -0.424812579773146 0.1983171974514857
vn -0.8832918890499746 -0.424812579773146 0.1983171974514857
vn -0.8832918890499746 -0.424812579773146 0.1983171974514857
vn -0.989652155654411 -0.12996228023828887 0.06081460781622984
vn -0.9895832541228613 -0.1303938925612005 0.06101160498091033
vn -0.9895832541228613 -0.1303938925612005 0.06101160498091033
vn -0.9794411067456866 -0.18558788307637453 0.07907120886906044
vn -0.9794411067456866 -0.18558788307637453 0.07907120886906044
vn -0.9794411067456866 -0.18558788307637453 0.07907120886906044
vn -0.9914514191247809 -0.12250108731269208 0.0449173365491145
vn -0.9914514191247809 -0.12250108731269208 0.0449173365491145
vn -0.9914514191247809 -0.12250108731269208 0.0449173365491145
vn -0.878990256457782 0.44123847472823907 0.18078920728787976
vn -0.878990256457782 0.44123847472823907 0.18078920728787976
vn -0.878990256457782 0.44123847472823907 0.18078920728787976
vn -0.9167612553612634 0.34922989298369367 0.19387439881283525
vn -0.9167612553612634 0.34922989298369367 0.19387439881283525
vn -0.9167612553612634 0.34922989298369367 0.19387439881283525
vn -0.9198927295757878 0.3722751741687802 -0.1233229936841089
vn -0.9198927295757878 0.3722751741687802 -0.1233229936841089
vn -0.9198927295757878 0.3722751741687802 -0.1233229936841089
vn -0.9085101434869998 0.4080205537103322 -0.0901584545738503
vn -0.9085101551447227 0.4080205291436039 -0.09015844828015523
vn -0.9085101551447227 0.4080205291436039 -0.09015844828015523
vn -0.8419970114825466 0.46747516702178266 -0.2692730971939394
vn -0.8419970114825466 0.46747516702178266 -0.2692730971939394
vn -0.8419970114825466 0.46747516702178266 -0.2692730971939394
vn -0.985794848507997 0.16399818763050852 -0.03623687498948538
vn -0.985794848507997 0.16399818763050852 -0.03623687498948538
vn -0.985794848507997 0.16399818763050852 -0.03623687498948538
vn -0.9983124385920003 0.0503211630020699 -0.02898371105660555
vn -0.9983124385920003 0.0503211630020699 -0.02898371105660555
vn -0.9983124385920003 0.0503211630020699 -0.02898371105660555
vn -0.974539116857186 0.2202288991004753 -0.04210393943811726
vn -0.974539116857186 0.2202288991004753 -0.04210393943811726
vn -0.974539116857186 0.2202288991004753 -0.04210393943811726
vn -0.9727722707889938 0.17639418902354212 0.15033030054766514
vn -0.9727722707889938 0.17639418902354212 0.15033030054766514
vn -0.9727722707889938 0.17639418902354212 0.15033030054766514
vn -0.8782856622338063 0.28552559531628147 0.3835223982165934
vn -0.8782856395913802 0.2855255581530374 0.3835224777362556
vn -0.8782856620122305 0.2855254760349568 0.3835224875268063
vn -0.9860182202353425 0.11550839008490889 -0.12010778985528037
vn -0.9860182202353425 0.11550839008490889 -0.12010778985528037
vn -0.9860182202353425 0.11550839008490889 -0.12010778985528037
vn -0.9870345073234897 0.11168068734262353 -0.11528358698164715
vn -0.9870345073234897 0.11168068734262353 -0.11528358698164715
vn -0.9870345073234897 0.11168068734262353 -0.11528358698164715
vn -0.905503541314971 0.2952305875681852 -0.3047986824613759
vn -0.9055035138734884 0.2952305682523477 -0.3047987826946837
vn -0.905503541314971 0.2952305875681852 -0.3047986824613759
vn -0.8858758250419995 0.3151879026561682 -0.3404124096230372
vn -0.8858758250419995 0.3151879026561682 -0.3404124096230372
vn -0.8858758250419995 0.3151879026561682 -0.3404124096230372
vn -0.1570407022585743 0.03526436953645184 -0.9869623306263166
vn -0.1570407022585743 0.03526436953645184 -0.9869623306263166
vn -0.1570407022585743 0.03526436953645184 -0.9869623306263166
vn -0.6005775490861913 0.5533973720604957 -0.5771117362609782
vn -0.6005775490861913 0.5533973720604957 -0.5771117362609782
vn -0.6005775490861913 0.5533973720604957 -0.5771117362609782
vn -0.3221441762802382 0.24549528632075332 -0.9143058536851977
vn -0.3221441762802382 0.24549528632075332 -0.9143058536851977
vn -0.3221441762802382 0.24549528632075332 -0.9143058536851977
vn -0.4470013375297793 0.14095547780308232 -0.8833580007697294
vn -0.4470013375297793 0.14095547780308232 -0.8833580007697294
vn -0.4470013375297793 0.14095547780308232 -0.8833580007697294
vn -0.28510519046142624 0.22536619852657028 -0.9316249819179584
vn -0.28510519046142624 0.22536619852657028 -0.9316249819179584
vn -0.28510519046142624 0.22536619852657028 -0.9316249819179584
vn -0.2647866906684069 0.4851008061164043 -0.8334057933264492
vn -0.2647866906684069 0.4851008061164043 -0.8334057933264492
vn -0.2647866906684069 0.4851008061164043 -0.8334057933264492
vn -0.17135869128498116 0.5281903197606723 -0.8316556889916747
vn -0.17135869128498116 0.5281903197606723 -0.8316556889916747
vn -0.17135869128498116 0.5281903197606723 -0.8316556889916747
vn -0.6386594281737601 0.1503426904466563 -0.7546596651696886
vn -0.6386594281737601 0.1503426904466563 -0.7546596651696886
vn -0.6386594281737601 0.1503426904466563 -0.7546596651696886
vn -0.8859415079151075 0.07727377138337231 -0.45731434354205
vn -0.8859415079151075 0.07727377138337231 -0.45731434354205
vn -0.8859415079151075 0.07727377138337231 -0.45731434354205
vn -0.8428307147762102 0.13833710505510902 -0.5200954062427339
vn -0.8427571083548258 0.13866278570753224 -0.5201279536587506
vn -0.8428307147762102 0.13833710505510902 -0.5200954062427339
vn -0.7017593434527442 0.10827210623822407 -0.7041384628661553
vn -0.7017593445849487 0.10827209151174681 -0.7041384640021983
vn -0.7017593445849487 0.10827209151174681 -0.7041384640021983
vn -0.9803965231448711 0.08452998222198299 -0.17798128977788502
vn -0.9803965231448711 0.08452998222198299 -0.17798128977788502
vn -0.9803965231448711 0.08452998222198299 -0.17798128977788502
vn 0.007978320284913576 -0.9995818342526758 -0.027793938862410526
vn 0.00797837895450217 -0.9995818337847553 -0.027793938849399735
vn 0.00797837895450217 -0.9995818337847553 -0.027793938849399735
vn -3.36738931750594e-7 -0.9999953995973766 0.0030332794084010615
vn -3.36738931750594e-7 -0.9999953995973766 0.0030332794084010615
vn -3.36738931750594e-7 -0.9999953995973766 0.0030332794084010615
vn 0.00004989889922193423 -0.8930610999348352 -0.44993540568984136
vn 0.00004989889922193423 -0.8930610999348352 -0.44993540568984136
vn 0.00004989889922193423 -0.8930610999348352 -0.44993540568984136
vn 0 -0.8929746830990554 -0.45010689324219566
vn 0 -0.8929746830990554 -0.45010689324219566
vn 0 -0.8929746830990554 -0.45010689324219566
vn 0 -0.7266661629640887 -0.6869907478292908
vn 0 -0.7266661629640887 -0.6869907478292908
vn 0 -0.7266661629640887 -0.6869907478292908
vn 0.04806916364520878 -0.5122368281195336 -0.8574979810031564
vn 0.04806916364520878 -0.5122368281195336 -0.8574979810031564
vn 0.04806916364520878 -0.5122368281195336 -0.8574979810031564
vn 0.0201339090201503 -0.38674718491379023 -0.9219659650273575
vn 0.0201339090201503 -0.38674718491379023 -0.9219659650273575
vn 0.0201339090201503 -0.38674718491379023 -0.9219659650273575
vn 0.024024178717800278 -0.38260220704947623 -0.9236007741431386
vn 0.024024178717800278 -0.38260220704947623 -0.9236007741431386
vn 0.024024178717800278 -0.38260220704947623 -0.9236007741431386
vn 0.8492059517068331 -0.37852247700005864 0.368198297105557
vn 0.8493645828973235 -0.3782353121745732 0.36812749685925217
vn 0.8492059350861217 -0.3785224961595871 0.36819831574251033
vn 0.2211849930311212 -0.2736526060866825 0.9360509868804103
vn 0.22118500024660173 -0.2736524958044673 0.9360510174161966
vn 0.2211850994516812 -0.27365248949092164 0.9360509958201908
vn 0.4007348014110599 -0.41321228840636365 0.8177207491852061
vn 0.4007348014110599 -0.41321228840636365 0.8177207491852061
vn 0.4007348014110599 -0.41321228840636365 0.8177207491852061
vn 0.22127078588790325 -0.59153652499193 0.7753217260679734
vn 0.22126978685331763 -0.5915358079803724 0.7753225582316661
vn 0.22127078588790325 -0.59153652499193 0.7753217260679734
vn 0.22081328907693606 -0.8307756177714591 0.5109338159521994
vn 0.22081328907693606 -0.8307756177714591 0.5109338159521994
vn 0.22081328907693606 -0.8307756177714591 0.5109338159521994
vn 0.4004197231590401 -0.8551517365837731 0.3292104991080855
vn 0.4004197231590401 -0.8551517365837731 0.3292104991080855
vn 0.4004197231590401 -0.8551517365837731 0.3292104991080855
vn 0.2210948886362929 -0.9588172314652076 0.17828787638058724
vn 0.2210948886362929 -0.9588172314652076 0.17828787638058724
vn 0.2210948886362929 -0.9588172314652076 0.17828787638058724
vn 0.601911403617836 -0.36016099330303386 0.7127318718128006
vn 0.601911403617836 -0.36016099330303386 0.7127318718128006
vn 0.601911403617836 -0.36016099330303386 0.7127318718128006
vn 0.7678608826351903 -0.38866564287287736 0.5092432453836963
vn 0.7678608826351903 -0.38866564287287736 0.5092432453836963
vn 0.7678608826351903 -0.38866564287287736 0.5092432453836963
vn 0.48083624308737843 -0.8182368885611155 0.31509506745019045
vn 0.4808363078466255 -0.8182368377280326 0.3150951006303566
vn 0.48083624308737843 -0.8182368885611155 0.31509506745019045
vn 0.9472907775490215 -0.19435560690740192 0.2546882031705153
vn 0.9472907775490215 -0.19435560690740192 0.2546882031705153
vn 0.9472907775490215 -0.19435560690740192 0.2546882031705153
vn 0.011399738371455786 -0.983083774307138 0.1828013639421064
vn 0.011399738371455786 -0.983083774307138 0.1828013639421064
vn 0.011399738371455786 -0.983083774307138 0.1828013639421064
vn 0.04653345842911007 -0.9956017242321312 0.0813132458621211
vn 0.04653345842911007 -0.9956017242321312 0.0813132458621211
vn 0.04653345842911007 -0.9956017242321312 0.0813132458621211
vn -0.0019099106474800992 -0.8518019674973342 0.5238604398205589
vn -0.0019099106474800992 -0.8518019674973342 0.5238604398205589
vn -0.0019099106474800992 -0.8518019674973342 0.5238604398205589
vn 0 -0.28379007832384945 0.9588864330278863
vn 0 -0.28379007832384945 0.9588864330278863
vn 0 -0.28379007832384945 0.9588864330278863
vn -0.00017444199759182784 -0.28051250693998947 0.9598503544929448
vn -0.00017446400008660777 -0.2805125069389128 0.9598503544892606
vn -0.00017444499528622247 -0.28051250693984275 0.9598503544924428
vn 0.00014678199928182506 -0.6068217865606617 0.7948379066264842
vn 0.00014678199928182506 -0.6068217865606617 0.7948379066264842
vn 0.00014678199928182506 -0.6068217865606617 0.7948379066264842
vn -0.0003526620113530576 -0.6147391424516191 0.7887304117170543
vn -0.0003526620113530576 -0.6147391424516191 0.7887304117170543
vn -0.0003526620113530576 -0.6147391424516191 0.7887304117170543
vn 0.00034347397762106067 -0.8560374384435635 0.5169137123433747
vn 0.00034347397762106067 -0.8560374384435635 0.5169137123433747
vn 0.00034347397762106067 -0.8560374384435635 0.5169137123433747
vn 0 -0.8575708629671156 0.5143658376970975
vn 0 -0.8575708629671156 0.5143658376970975
vn 0 -0.8575708629671156 0.5143658376970975
vn 0.10098729329657602 -0.801163259900196 0.5898635414896587
vn 0.10098729329657602 -0.801163259900196 0.5898635414896587
vn 0.10098729329657602 -0.801163259900196 0.5898635414896587
vn 0.11813559587291685 -0.811725272853785 0.5719668367993017
vn 0.11813559587291685 -0.811725272853785 0.5719668367993017
vn 0.11813559587291685 -0.811725272853785 0.5719668367993017
vn 0.5422405476649 -0.3496353546361589 0.7640224520631032
vn 0.5422405476649 -0.3496353546361589 0.7640224520631032
vn 0.5422405476649 -0.3496353546361589 0.7640224520631032
vn 0.5892391921425717 -0.3316454061167768 0.736755386166133
vn 0.5892391921425717 -0.3316454061167768 0.736755386166133
vn 0.5892391772509633 -0.3316456063514897 0.7367553079417619
vn 0.9346069828744599 -0.04153746054050575 0.35324839268444647
vn 0.9346069828744599 -0.04153746054050575 0.35324839268444647
vn 0.9346069828744599 -0.04153746054050575 0.35324839268444647
vn 0.5633945345138669 -0.06990283578819603 0.8232254806726234
vn 0.5633945345138669 -0.06990283578819603 0.8232254806726234
vn 0.5633945345138669 -0.06990283578819603 0.8232254806726234
vn 0.4097085679787448 -0.09147625605531176 0.9076183029792366
vn 0.4097085679787448 -0.09147625605531176 0.9076183029792366
vn 0.4097085679787448 -0.09147625605531176 0.9076183029792366
vn 0.9999317935280635 0.00483536711204927 0.010631440007920687
vn 0.9999317935280635 0.00483536711204927 0.010631440007920687
vn 0.9999317935280635 0.00483536711204927 0.010631440007920687
vn 1 0 0
vn 1 0 0
vn 1 0 0
vn 0.8314830831067278 0.005539535658235411 0.55552245323841
vn 0.8314830831067278 0.005539535658235411 0.55552245323841
vn 0.8314830831067278 0.005539535658235411 0.55552245323841
vn 0.8020719244513481 0 0.5972274508149394
vn 0.8020719244513481 0 0.5972274508149394
vn 0.8020719244513481 0 0.5972274508149394
vn 0.6884008840214245 0.5131871845060699 0.5125847603443302
vn 0.6884008840214245 0.5131871845060699 0.5125847603443302
vn 0.6884008840214245 0.5131871845060699 0.5125847603443302
vn 0.8291955394936892 0.5589586364694348 0
vn 0.8291955394936892 0.5589586364694348 0
vn 0.8291955394936892 0.5589586364694348 0
vn 0.8016863400620968 0.5976435493882692 0.011009088628568548
vn 0.8016863400620968 0.5976435493882692 0.011009088628568548
vn 0.8016863400620968 0.5976435493882692 0.011009088628568548
vn 0.18849849503365035 0.9820688860007102 -0.0030034179484474573
vn 0.18849849503365035 0.9820688860007102 -0.0030034179484474573
vn 0.18849849503365035 0.9820688860007102 -0.0030034179484474573
vn 0.19531668286824375 0.9807402272739433 0
vn 0.19531668286824375 0.9807402272739433 0
vn 0.19531668286824375 0.9807402272739433 0
vn 0.11794878262447576 0.614512548165052 0.7800400071952072
vn 0.11794878262447576 0.614512548165052 0.7800400071952072
vn 0.11794878262447576 0.614512548165052 0.7800400071952072
vn 0.01833360774796809 0.7067570479472606 0.7072187455121769
vn 0.01833360774796809 0.7067570479472606 0.7072187455121769
vn 0.01833360774796809 0.7067570479472606 0.7072187455121769
vn 0.0548934877244607 -0.002607344954888235 0.9984888115335748
vn 0.0548934877244607 -0.002607344954888235 0.9984888115335748
vn 0.0548934877244607 -0.002607344954888235 0.9984888115335748
vn 0.025919368223042916 0.0020023577174246602 0.9996620313458392
vn 0.025919368223042916 0.0020023577174246602 0.9996620313458392
vn 0.025919368223042916 0.0020023577174246602 0.9996620313458392
vn 0.04335861764464873 -0.6132250585718986 0.7887173497619008
vn 0.04335861764464873 -0.6132250585718986 0.7887173497619008
vn 0.04335861764464873 -0.6132250585718986 0.7887173497619008
vn 0.196216790538437 -0.744121248447494 0.6385785297985971
vn 0.196216790538437 -0.744121248447494 0.6385785297985971
vn 0.196216790538437 -0.744121248447494 0.6385785297985971
vn 0.12831780417898586 -0.9912622650909613 0.03055589857000459
vn 0.12831780417898586 -0.9912622650909613 0.03055589857000459
vn 0.12831780417898586 -0.9912622650909613 0.03055589857000459
vn 0.2549319830763797 -0.9667824979344987 -0.018473919245121404
vn 0.2549319830763797 -0.9667824979344987 -0.018473919245121404
vn 0.2549319830763797 -0.9667824979344987 -0.018473919245121404
vn 0.9238196196368433 -0.3827510849130696 0.00767576523263676
vn 0.923819598561059 -0.3827511357857289 0.007675765057523817
vn 0.9238196200561974 -0.38275108508681377 0.007675706097136386
vn 0.7869582652858004 -0.6164190675672744 -0.02691137004792067
vn 0.7869582652858004 -0.6164190675672744 -0.02691137004792067
vn 0.7869582652858004 -0.6164190675672744 -0.02691137004792067
vn 0.7862662624453653 -0.32532760300055646 0.5253068772309268
vn 0.7862662624453653 -0.32532760300055646 0.5253068772309268
vn 0.7862662624453653 -0.32532760300055646 0.5253068772309268
vn 0.1818291839470575 0.8986162526163108 0.3992830805318024
vn 0.1818291839470575 0.8986162526163108 0.3992830805318024
vn 0.1818291839470575 0.8986162526163108 0.3992830805318024
vn -0.05171083792815892 0.7261783668655868 0.6855588732831026
vn -0.05171083792815892 0.7261783668655868 0.6855588732831026
vn -0.05171083792815892 0.7261783668655868 0.6855588732831026
vn 0.396894463335838 0.1592027876611593 0.9039520216108115
vn 0.396894463335838 0.1592027876611593 0.9039520216108115
vn 0.396894463335838 0.1592027876611593 0.9039520216108115
vn 0.8066019289277462 0.47205080841292324 0.3557546380959
vn 0.8066019289277462 0.47205080841292324 0.3557546380959
vn 0.8066019289277462 0.47205080841292324 0.3557546380959
vn 0.7793415203049799 0.21454468408741445 0.5887252103133974
vn 0.7793843029578192 0.2142177936080581 0.5887876061914428
vn 0.7793415203049799 0.21454468408741445 0.5887252103133974
vn -0.0946419682485473 0.994741197623728 0.03915159761940983
vn -0.0946419682485473 0.994741197623728 0.03915159761940983
vn -0.0946419682485473 0.994741197623728 0.03915159761940983
vn 0.9556290531097313 -0.2937671549478027 -0.021770887131031317
vn 0.9556290531097313 -0.2937671549478027 -0.021770887131031317
vn 0.9556290531097313 -0.2937671549478027 -0.021770887131031317
vn 0.9721243295922004 0.18242321747882803 0.14729581643613354
vn 0.9721243295922004 0.18242321747882803 0.14729581643613354
vn 0.9721243295922004 0.18242321747882803 0.14729581643613354
vn 0.9377704661170599 -0.31523438623869665 0.14564969828772142
vn 0.9377704661170599 -0.31523438623869665 0.14564969828772142
vn 0.9377704661170599 -0.31523438623869665 0.14564969828772142
vn 0.27856060572136077 -0.6806114841077944 0.6776223112034713
vn 0.27856057818194796 -0.6806115492414412 0.677622257103546
vn 0.27856060572136077 -0.6806114841077944 0.6776223112034713
vn 0.6954831913175668 -0.4236248631810272 0.5803835851310655
vn 0.6954831913175668 -0.4236248631810272 0.5803835851310655
vn 0.6954831913175668 -0.4236248631810272 0.5803835851310655
vn 0.695585630576084 -0.08827388566972848 0.7129995453328419
vn 0.695585630576084 -0.08827388566972848 0.7129995453328419
vn 0.695585630576084 -0.08827388566972848 0.7129995453328419
vn 0.896623748485005 -0.4192278170484612 -0.14252680823438307
vn 0.896623748485005 -0.4192278170484612 -0.14252680823438307
vn 0.896623748485005 -0.4192278170484612 -0.14252680823438307
vn 0.8317123690604468 -0.5208282495187982 -0.19233426542102047
vn 0.8317123690604468 -0.5208282495187982 -0.19233426542102047
vn 0.8317123690604468 -0.5208282495187982 -0.19233426542102047
vn 0.9683648398019581 -0.21151079347031693 -0.13241118261266738
vn 0.9683648398019581 -0.21151079347031693 -0.13241118261266738
vn 0.9683648398019581 -0.21151079347031693 -0.13241118261266738
vn 0.9768986643897345 0.19462178531832716 0.08826868183596985
vn 0.9768986643897345 0.19462178531832716 0.08826868183596985
vn 0.9768986643897345 0.19462178531832716 0.08826868183596985
vn 0 0.9107083652207044 0.41304996491590706
vn 0 0.9107083652207044 0.41304996491590706
vn 0 0.9107083652207044 0.41304996491590706
vn 0 0.9107081665528834 0.4130504029460391
vn 0 0.9107081665528834 0.4130504029460391
vn 0 0.9107081665528834 0.4130504029460391
vn -7.123219330774064e-7 0.7777334433190353 0.6285942181905667
vn 0 0.7777334433192326 0.628594218190726
vn 0 0.7777334433192326 0.628594218190726
vn 0 0.7777334433192326 0.628594218190726
vn 0 0.7777334433192326 0.628594218190726
vn 0 0.7777334433192326 0.628594218190726
vn 0 0.37448847966415305 0.9272315668692644
vn 0 0.37448847966415305 0.9272315668692644
vn 0 0.37448847966415305 0.9272315668692644
vn 0 0.3744887053434796 0.9272314757223056
vn 0 0.3744887053434796 0.9272314757223056
vn 0 0.3744887053434796 0.9272314757223056
vn 0 -0.12286729271437276 0.9924231095561211
vn 0 -0.12286729271437276 0.9924231095561211
vn 0 -0.12286729271437276 0.9924231095561211
vn 0 -0.12286738810972052 0.9924230977456616
vn 0 -0.12286738810972052 0.9924230977456616
vn 0 -0.12286738810972052 0.9924230977456616
vn 0 -0.5892394847033843 0.8079584331303747
vn 0 -0.5892394847033843 0.8079584331303747
vn 0 -0.5892394847033843 0.8079584331303747
vn 0 -0.5895108073546704 0.8077604892615415
vn 0 -0.5895108073546704 0.8077604892615415
vn 0 -0.5895107400812573 0.8077605383582739
vn 0 -0.907643148210867 0.41974267772751656
vn 0 -0.907643148210867 0.41974267772751656
vn 0 -0.907643148210867 0.41974267772751656
vn 0 -0.907643148210867 0.41974267772751656
vn 2.0908399482429993e-7 -0.9076431482108472 0.41974267772750745
vn 0 -0.907643148210867 0.41974267772751656
vn 0 -0.9972650317664985 -0.07390843264313529
vn 0 -0.9972650317664985 -0.07390843264313529
vn 0 -0.9972650317664985 -0.07390843264313529
vn 0 -0.9972650317664985 -0.07390843264313529
vn 0 -0.9972650317664985 -0.07390843264313529
vn 0 -0.9972650317664985 -0.07390843264313529
vn 0 -0.9467774786811487 -0.3218888097809042
vn 0 -0.9467774786811487 -0.3218888097809042
vn 0 -0.9467774786811487 -0.3218888097809042
vn 0 -0.9467774180105386 -0.32188898823243084
vn 0 -0.9467774180105386 -0.32188898823243084
vn 0 -0.9467774180105386 -0.32188898823243084
vn 0 -0.8476002141286187 -0.53063535220443
vn 0 -0.8476002141286187 -0.53063535220443
vn 0 -0.8476002141286187 -0.53063535220443
vn 0 -0.847599774948399 -0.5306360537198952
vn 0 -0.847599774948399 -0.5306360537198952
vn 0 -0.847599774948399 -0.5306360537198952
vn 0 -0.5217774512920449 -0.8530816439961522
vn 0 -0.5217774512920449 -0.8530816439961522
vn 0 -0.5217774512920449 -0.8530816439961522
vn 0 -0.5217782274443177 -0.8530811692711696
vn 0 -0.5217782274443177 -0.8530811692711696
vn 0 -0.5217782274443177 -0.8530811692711696
vn 0 -0.0856020952578569 -0.9963294040062578
vn 0 -0.0856020952578569 -0.9963294040062578
vn 0 -0.0856020952578569 -0.9963294040062578
vn 0 -0.08560203608997911 -0.99632940908981
vn 0 -0.08560203608997911 -0.99632940908981
vn 0 -0.08560203608997911 -0.99632940908981
vn 0 0.36771969808924126 -0.9299366772190228
vn 0 0.36771969808924126 -0.9299366772190228
vn 0 0.36771969808924126 -0.9299366772190228
vn 0 0.36771969808924126 -0.9299366772190228
vn 0 0.36771969808924126 -0.9299366772190228
vn 0 0.36771969808924126 -0.9299366772190228
vn 0 0.7445526366151501 -0.6675637582354423
vn 0 0.7445526366151501 -0.6675637582354423
vn 0 0.7445526366151501 -0.6675637582354423
vn 0 0.7445517907315916 -0.6675647016719655
vn 0 0.7445517907315916 -0.6675647016719655
vn 0 0.7445517907315916 -0.6675647016719655
vn 0 0.9641179128780476 -0.26547438683925334
vn 0 0.9641179128780476 -0.26547438683925334
vn 0 0.9641179128780476 -0.26547438683925334
vn 0 0.9641183583871783 -0.2654727688875308
vn 0 0.9641183583871783 -0.2654727688875308
vn 0 0.9641183583871783 -0.2654727688875308
vn 0 0.9812184227137086 0.19289999203530783
vn 0 0.9812184227137086 0.19289999203530783
vn 0 0.9812184227137086 0.19289999203530783
vn 0 0.9812180872712043 0.19290169831248025
vn 0 0.9812180872712043 0.19290169831248025
vn 0 0.9812180872712043 0.19290169831248025
vn 0.37424239802012077 0.9099143812991783 0.17888109522552417
vn 0.37424239802012077 0.9099143812991783 0.17888109522552417
vn 0.37424239802012077 0.9099143812991783 0.17888109522552417
vn 0.685472948717747 0.26790487120504386 -0.677018328083373
vn 0.685472948717747 0.26790487120504386 -0.677018328083373
vn 0.685472948717747 0.26790487120504386 -0.677018328083373
vn 0.3740381987406656 0.6905074883443738 -0.619108095911516
vn 0.3740381987406656 0.6905074883443738 -0.619108095911516
vn 0.3740381987406656 0.6905074883443738 -0.619108095911516
vn 0.37396323799031195 0.8941651610969001 -0.2462116189629478
vn 0.37396323799031195 0.8941651610969001 -0.2462116189629478
vn 0.37396323799031195 0.8941651610969001 -0.2462116189629478
vn 0.5685318787964377 0.8220965381249103 -0.03047597078405266
vn 0.5685318787964377 0.8220965381249103 -0.03047597078405266
vn 0.5685318787964377 0.8220965381249103 -0.03047597078405266
vn 0.545254823082948 -0.7105193092999381 -0.4448139937285266
vn 0.545254823082948 -0.7105193092999381 -0.4448139937285266
vn 0.545254823082948 -0.7105193092999381 -0.4448139937285266
vn 0.7037776046112305 -0.370683100300174 -0.6060454788211275
vn 0.7037776046112305 -0.370683100300174 -0.6060454788211275
vn 0.7037776046112305 -0.370683100300174 -0.6060454788211275
vn 0.7037293468191851 -0.37075606795934524 -0.6060568822286967
vn 0.7037293468191851 -0.37075606795934524 -0.6060568822286967
vn 0.7037293468191851 -0.37075606795934524 -0.6060568822286967
vn 0.5449873169858486 -0.07177649386831107 -0.8353663622941365
vn 0.5449873169858486 -0.07177649386831107 -0.8353663622941365
vn 0.5449873169858486 -0.07177649386831107 -0.8353663622941365
vn 0.529760113806714 0.41189690764065967 -0.7414142966625067
vn 0.529760113806714 0.41189690764065967 -0.7414142966625067
vn 0.529760113806714 0.41189690764065967 -0.7414142966625067
vn 0.9161884929002818 0.27211720179956417 -0.29419529901391306
vn 0.9161884929002818 0.27211720179956417 -0.29419529901391306
vn 0.9161884929002818 0.27211720179956417 -0.29419529901391306
vn 0.9073979083652884 0.4199840941547176 -0.015569089611812284
vn 0.9073979083652884 0.4199840941547176 -0.015569089611812284
vn 0.9073979083652884 0.4199840941547176 -0.015569089611812284
vn 0.9996792438011848 -0.013218398825134424 -0.02160285734783749
vn 0.9996792438011848 -0.013218398825134424 -0.02160285734783749
vn 0.9996792438011848 -0.013218398825134424 -0.02160285734783749
vn 0.9980832540829204 -0.04740606717087561 -0.039780431302824076
vn 0.9980832540829204 -0.04740606717087561 -0.039780431302824076
vn 0.9980832540829204 -0.04740606717087561 -0.039780431302824076
vn 0.997239630129835 0.05469703196665022 0.050213093835664045
vn 0.997239630129835 0.05469703196665022 0.050213093835664045
vn 0.997239630129835 0.05469703196665022 0.050213093835664045
vn 0.4572046192920152 0.6919559379316469 0.5587136261620781
vn 0.4572046192920152 0.6919559379316469 0.5587136261620781
vn 0.4572046192920152 0.6919559379316469 0.5587136261620781
vn 0.4571816364199307 0.33306238339433614 0.8246541093622698
vn 0.4571816364199307 0.33306238339433614 0.8246541093622698
vn 0.4571816364199307 0.33306238339433614 0.8246541093622698
vn 0.45705667147949164 -0.1092874929544404 0.882697820853672
vn 0.45705667147949164 -0.1092874929544404 0.882697820853672
vn 0.45705667147949164 -0.1092874929544404 0.882697820853672
vn 0.45694896123078727 -0.5241259284201071 0.7186721491666872
vn 0.45694896123078727 -0.5241259284201071 0.7186721491666872
vn 0.45694896123078727 -0.5241259284201071 0.7186721491666872
vn 0.6502550623945507 -0.6895665892919689 0.31885149013686603
vn 0.6502551482390682 -0.6895665575135419 0.31885138379425354
vn 0.6502550623945507 -0.6895665892919689 0.31885149013686603
vn 0.6500656026013495 -0.757799865831213 -0.05616115793624653
vn 0.6500656026013495 -0.757799865831213 -0.05616115793624653
vn 0.6500656026013495 -0.757799865831213 -0.05616115793624653
vn 0.6087191792507123 0.10315399772134884 0.7866512655341269
vn 0.6087191792507123 0.10315399772134884 0.7866512655341269
vn 0.6087191792507123 0.10315399772134884 0.7866512655341269
vn 0.9921900727592098 0.016217580224652257 0.12367639067231402
vn 0.9921900727592098 0.016217580224652257 0.12367639067231402
vn 0.9921900727592098 0.016217580224652257 0.12367639067231402
vn 0.674903578019113 -0.6435059966202863 0.36111659154728787
vn 0.674903578019113 -0.6435059966202863 0.36111659154728787
vn 0.674903578019113 -0.6435059966202863 0.36111659154728787
vn 0.968386612951179 0.2303586804674876 0.09571962280651296
vn 0.968386612951179 0.2303586804674876 0.09571962280651296
vn 0.968386612951179 0.2303586804674876 0.09571962280651296
vn 0.5771307347677532 0.720362067031938 0.38470587124179306
vn 0.5771307347677532 0.720362067031938 0.38470587124179306
vn 0.5771307347677532 0.720362067031938 0.38470587124179306
vn 0.38300495752898744 0.8412636985613451 0.3815528691952205
vn 0.38300495752898744 0.8412636985613451 0.3815528691952205
vn 0.38300495752898744 0.8412636985613451 0.3815528691952205
vn 0.6974119649186926 -0.6963189349263205 -0.1695773925124551
vn 0.6974119649186926 -0.6963189349263205 -0.1695773925124551
vn 0.6974119649186926 -0.6963189349263205 -0.1695773925124551
vn 0.5556030273637318 -0.7871956229493008 -0.2676346898175171
vn 0.5556030273637318 -0.7871956229493008 -0.2676346898175171
vn 0.5556030273637318 -0.7871956229493008 -0.2676346898175171
vn 0.5699510415777798 -0.2738737983804598 0.7746928118713012
vn 0.5699510415777798 -0.2738737983804598 0.7746928118713012
vn 0.5699510415777798 -0.2738737983804598 0.7746928118713012
f 1/1/1 2/2/2 3/3/3
f 4/4/4 5/5/5 6/6/6
f 7/7/7 8/8/8 9/9/9
f 10/10/10 11/11/11 12/12/12
f 13/13/13 14/14/14 15/15/15
f 16/16/16 17/17/17 18/18/18
f 19/19/19 20/20/20 21/21/21
f 22/22/22 23/23/23 24/24/24
f 25/25/25 26/26/26 27/27/27
f 28/28/28 29/29/29 30/30/30
f 31/31/31 32/32/32 33/33/33
f 34/34/34 35/35/35 36/36/36
f 37/37/37 38/38/38 39/39/39
f 40/40/40 41/41/41 42/42/42
f 43/43/43 44/44/44 45/45/45
f 46/46/46 47/47/47 48/48/48
f 49/49/49 50/50/50 51/51/51
f 52/52/52 53/53/53 54/54/54
f 55/55/55 56/56/56 57/57/57
f 58/58/58 59/59/59 60/60/60
f 61/61/61 62/62/62 63/63/63
f 64/64/64 65/65/65 66/66/66
f 67/67/67 68/68/68 69/69/69
f 70/70/70 71/71/71 72/72/72
f 73/73/73 74/74/74 75/75/75
f 76/76/76 77/77/77 78/78/78
f 79/79/79 80/80/80 81/81/81
f 82/82/82 83/83/83 84/84/84
f 85/85/85 86/86/86 87/87/87
f 88/88/88 89/89/89 90/90/90
f 91/91/91 92/92/92 93/93/93
f 94/94/94 95/95/95 96/96/96
f 97/97/97 98/98/98 99/99/99
f 100/100/100 101/101/101 102/102/102
f 103/103/103 104/104/104 105/105/105
f 106/106/106 107/107/107 108/108/108
f 109/109/109 110/110/110 111/111/111
f 112/112/112 113/113/113 114/114/114
f 115/115/115 116/116/116 117/117/117
f 118/118/118 119/119/119 120/120/120
f 121/121/121 122/122/122 123/123/123
f 124/124/124 125/125/125 126/126/126
f 127/127/127 128/128/128 129/129/129
f 130/130/130 131/131/131 132/132/132
f 133/133/133 134/134/134 135/135/135
f 136/136/136 137/137/137 138/138/138
f 139/139/139 140/140/140 141/141/141
f 142/142/142 143/143/143 144/144/144
f 145/145/145 146/146/146 147/147/147
f 148/148/148 149/149/149 150/150/150
f 151/151/151 152/152/152 153/153/153
f 154/154/154 155/155/155 156/156/156
f 157/157/157 158/158/158 159/159/159
f 160/160/160 161/161/161 162/162/162
f 163/163/163 164/164/164 165/165/165
f 166/166/166 167/167/167 168/168/168
f 169/169/169 170/170/170 171/171/171
f 172/172/172 173/173/173 174/174/174
f 175/175/175 176/176/176 177/177/177
f 178/178/178 179/179/179 180/180/180
f 181/181/181 182/182/182 183/183/183
f 184/184/184 185/185/185 186/186/186
f 187/187/187 188/188/188 189/189/189
f 190/190/190 191/191/191 192/192/192
f 193/193/193 194/194/194 195/195/195
f 196/196/196 197/197/197 198/198/198
f 199/199/199 200/200/200 201/201/201
f 202/202/202 203/203/203 204/204/204
f 205/205/205 206/206/206 207/207/207
f 208/208/208 209/209/209 210/210/210
f 211/211/211 212/212/212 213/213/213
f 214/214/214 215/215/215 216/216/216
f 217/217/217 218/218/218 219/219/219
f 220/220/220 221/221/221 222/222/222
f 223/223/223 224/224/224 225/225/225
f 226/226/226 227/227/227 228/228/228
f 229/229/229 230/230/230 231/231/231
f 232/232/232 233/233/233 234/234/234
f 235/235/235 236/236/236 237/237/237
f 238/238/238 239/239/239 240/240/240
f 241/241/241 242/242/242 243/243/243
f 244/244/244 245/245/245 246/246/246
f 247/247/247 248/248/248 249/249/249
f 250/250/250 251/251/251 252/252/252
f 253/253/253 254/254/254 255/255/255
f 256/256/256 257/257/257 258/258/258
f 259/259/259 260/260/260 261/261/261
f 262/262/262 263/263/263 264/264/264
f 265/265/265 266/266/266 267/267/267
f 268/268/268 269/269/269 270/270/270
f 271/271/271 272/272/272 273/273/273
f 274/274/274 275/275/275 276/276/276
f 277/277/277 278/278/278 279/279/279
f 280/280/280 281/281/281 282/282/282
f 283/283/283 284/284/284 285/285/285
f 286/286/286 287/287/287 288/288/288
f 289/289/289 290/290/290 291/291/291
f 292/292/292 293/293/293 294/294/294
f 295/295/295 296/296/296 297/297/297
f 298/298/298 299/299/299 300/300/300
f 301/301/301 302/302/302 303/303/303
f 304/304/304 305/305/305 306/306/306
f 307/307/307 308/308/308 309/309/309
f 310/310/310 311/311/311 312/312/312
f 313/313/313 314/314/314 315/315/315
f 316/316/316 317/317/317 318/318/318
f 319/319/319 320/320/320 321/321/321
f 322/322/322 323/323/323 324/324/324
f 325/325/325 326/326/326 327/327/327
f 328/328/328 329/329/329 330/330/330
f 331/331/331 332/332/332 333/333/333
f 334/334/334 335/335/335 336/336/336
f 337/337/337 338/338/338 339/339/339
f 340/340/340 341/341/341 342/342/342
f 343/343/343 344/344/344 345/345/345
f 346/346/346 347/347/347 348/348/348
f 349/349/349 350/350/350 351/351/351
f 352/352/352 353/353/353 354/354/354
f 355/355/355 356/356/356 357/357/357
f 358/358/358 359/359/359 360/360/360
f 361/361/361 362/362/362 363/363/363
f 364/364/364 365/365/365 366/366/366
f 367/367/367 368/368/368 369/369/369
f 370/370/370 371/371/371 372/372/372
f 373/373/373 374/374/374 375/375/375
f 376/376/376 377/377/377 378/378/378
f 379/379/379 380/380/380 381/381/381
f 382/382/382 383/383/383 384/384/384
f 385/385/385 386/386/386 387/387/387
f 388/388/388 389/389/389 390/390/390
f 391/391/391 392/392/392 393/393/393
f 394/394/394 395/395/395 396/396/396
f 397/397/397 398/398/398 399/399/399
f 400/400/400 401/401/401 402/402/402
f 403/403/403 404/404/404 405/405/405
f 406/406/406 407/407/407 408/408/408
f 409/409/409 410/410/410 411/411/411
f 412/412/412 413/413/413 414/414/414
f 415/415/415 416/416/416 417/417/417
f 418/418/418 419/419/419 420/420/420
f 421/421/421 422/422/422 423/423/423
f 424/424/424 425/425/425 426/426/426
f 427/427/427 428/428/428 429/429/429
f 430/430/430 431/431/431 432/432/432
f 433/433/433 434/434/434 435/435/435
f 436/436/436 437/437/437 438/438/438
f 439/439/439 440/440/440 441/441/441
f 442/442/442 443/443/443 444/444/444
f 445/445/445 446/446/446 447/447/447
f 448/448/448 449/449/449 450/450/450
f 451/451/451 452/452/452 453/453/453
f 454/454/454 455/455/455 456/456/456
f 457/457/457 458/458/458 459/459/459
f 460/460/460 461/461/461 462/462/462
f 463/463/463 464/464/464 465/465/465
f 466/466/466 467/467/467 468/468/468
f 469/469/469 470/470/470 471/471/471
f 472/472/472 473/473/473 474/474/474
f 475/475/475 476/476/476 477/477/477
f 478/478/478 479/479/479 480/480/480
f 481/481/481 482/482/482 483/483/483
f 484/484/484 485/485/485 486/486/486
f 487/487/487 488/488/488 489/489/489
f 490/490/490 491/491/491 492/492/492
f 493/493/493 494/494/494 495/495/495
f 496/496/496 497/497/497 498/498/498
f 499/499/499 500/500/500 501/501/501
f 502/502/502 503/503/503 504/504/504
f 505/505/505 506/506/506 507/507/507
f 508/508/508 509/509/509 510/510/510
f 511/511/511 512/512/512 513/513/513
f 514/514/514 515/515/515 516/516/516
f 517/517/517 518/518/518 519/519/519
f 520/520/520 521/521/521 522/522/522
f 523/523/523 524/524/524 525/525/525
f 526/526/526 527/527/527 528/528/528
f 529/529/529 530/530/530 531/531/531
f 532/532/532 533/533/533 534/534/534
f 535/535/535 536/536/536 537/537/537
f 538/538/538 539/539/539 540/540/540
f 541/541/541 542/542/542 543/543/543
f 544/544/544 545/545/545 546/546/546
f 547/547/547 548/548/548 549/549/549
f 550/550/550 551/551/551 552/552/552
f 553/553/553 554/554/554 555/555/555
f 556/556/556 557/557/557 558/558/558
f 559/559/559 560/560/560 561/561/561
f 562/562/562 563/563/563 564/564/564
f 565/565/565 566/566/566 567/567/567
f 568/568/568 569/569/569 570/570/570
f 571/571/571 572/572/572 573/573/573
f 574/574/574 575/575/575 576/576/576
f 577/577/577 578/578/578 579/579/579
f 580/580/580 581/581/581 582/582/582
f 583/583/583 584/584/584 585/585/585
f 586/586/586 587/587/587 588/588/588
f 589/589/589 590/590/590 591/591/591
f 592/592/592 593/593/593 594/594/594
f 595/595/595 596/596/596 597/597/597
f 598/598/598 599/599/599 600/600/600
f 601/601/601 602/602/602 603/603/603
f 604/604/604 605/605/605 606/606/606
f 607/607/607 608/608/608 609/609/609
f 610/610/610 611/611/611 612/612/612
f 613/613/613 614/614/614 615/615/615
f 616/616/616 617/617/617 618/618/618
f 619/619/619 620/620/620 621/621/621
f 622/622/622 623/623/623 624/624/624
f 625/625/625 626/626/626 627/627/627
f 628/628/628 629/629/629 630/630/630
f 631/631/631 632/632/632 633/633/633
f 634/634/634 635/635/635 636/636/636
f 637/637/637 638/638/638 639/639/639
f 640/640/640 641/641/641 642/642/642
f 643/643/643 644/644/644 645/645/645
f 646/646/646 647/647/647 648/648/648
f 649/649/649 650/650/650 651/651/651
f 652/652/652 653/653/653 654/654/654
f 655/655/655 656/656/656 657/657/657
f 658/658/658 659/659/659 660/660/660
f 661/661/661 662/662/662 663/663/663
f 664/664/664 665/665/665 666/666/666
f 667/667/667 668/668/668 669/669/669
f 670/670/670 671/671/671 672/672/672
f 673/673/673 674/674/674 675/675/675
f 676/676/676 677/677/677 678/678/678
f 679/679/679 680/680/680 681/681/681
f 682/682/682 683/683/683 684/684/684
f 685/685/685 686/686/686 687/687/687
f 688/688/688 689/689/689 690/690/690
f 691/691/691 692/692/692 693/693/693
f 694/694/694 695/695/695 696/696/696
f 697/697/697 698/698/698 699/699/699
f 700/700/700 701/701/701 702/702/702
f 703/703/703 704/704/704 705/705/705
f 706/706/706 707/707/707 708/708/708
f 709/709/709 710/710/710 711/711/711
f 712/712/712 713/713/713 714/714/714
f 715/715/715 716/716/716 717/717/717
f 718/718/718 719/719/719 720/720/720
f 721/721/721 722/722/722 723/723/723
f 724/724/724 725/725/725 726/726/726
f 727/727/727 728/728/728 729/729/729
f 730/730/730 731/731/731 732/732/732
f 733/733/733 734/734/734 735/735/735
f 736/736/736 737/737/737 738/738/738
f 739/739/739 740/740/740 741/741/741
f 742/742/742 743/743/743 744/744/744
f 745/745/745 746/746/746 747/747/747
f 748/748/748 749/749/749 750/750/750
f 751/751/751 752/752/752 753/753/753
f 754/754/754 755/755/755 756/756/756
f 757/757/757 758/758/758 759/759/759
f 760/760/760 761/761/761 762/762/762
f 763/763/763 764/764/764 765/765/765
f 766/766/766 767/767/767 768/768/768
f 769/769/769 770/770/770 771/771/771
f 772/772/772 773/773/773 774/774/774
f 775/775/775 776/776/776 777/777/777
f 778/778/778 779/779/779 780/780/780
f 781/781/781 782/782/782 783/783/783
f 784/784/784 785/785/785 786/786/786
f 787/787/787 788/788/788 789/789/789
f 790/790/790 791/791/791 792/792/792
f 793/793/793 794/794/794 795/795/795
f 796/796/796 797/797/797 798/798/798
f 799/799/799 800/800/800 801/801/801
f 802/802/802 803/803/803 804/804/804
f 805/805/805 806/806/806 807/807/807
f 808/808/808 809/809/809 810/810/810
f 811/811/811 812/812/812 813/813/813
f 814/814/814 815/815/815 816/816/816
f 817/817/817 818/818/818 819/819/819
f 820/820/820 821/821/821 822/822/822
f 823/823/823 824/824/824 825/825/825
f 826/826/826 827/827/827 828/828/828
f 829/829/829 830/830/830 831/831/831
f 832/832/832 833/833/833 834/834/834
f 835/835/835 836/836/836 837/837/837
f 838/838/838 839/839/839 840/840/840
f 841/841/841 842/842/842 843/843/843
f 844/844/844 845/845/845 846/846/846
f 847/847/847 848/848/848 849/849/849
f 850/850/850 851/851/851 852/852/852
f 853/853/853 854/854/854 855/855/855
f 856/856/856 857/857/857 858/858/858
f 859/859/859 860/860/860 861/861/861
f 862/862/862 863/863/863 864/864/864
f 865/865/865 866/866/866 867/867/867
f 868/868/868 869/869/869 870/870/870
f 871/871/871 872/872/872 873/873/873
f 874/874/874 875/875/875 876/876/876
f 877/877/877 878/878/878 879/879/879
f 880/880/880 881/881/881 882/882/882
f 883/883/883 884/884/884 885/885/885
f 886/886/886 887/887/887 888/888/888
f 889/889/889 890/890/890 891/891/891
f 892/892/892 893/893/893 894/894/894
f 895/895/895 896/896/896 897/897/897
f 898/898/898 899/899/899 900/900/900
f 901/901/901 902/902/902 903/903/903
f 904/904/904 905/905/905 906/906/906
f 907/907/907 908/908/908 909/909/909
f 910/910/910 911/911/911 912/912/912
f 913/913/913 914/914/914 915/915/915
f 916/916/916 917/917/917 918/918/918
f 919/919/919 920/920/920 921/921/921
f 922/922/922 923/923/923 924/924/924
f 925/925/925 926/926/926 927/927/927
f 928/928/928 929/929/929 930/930/930
f 931/931/931 932/932/932 933/933/933
f 934/934/934 935/935/935 936/936/936
f 937/937/937 938/938/938 939/939/939
f 940/940/940 941/941/941 942/942/942
f 943/943/943 944/944/944 945/945/945
f 946/946/946 947/947/947 948/948/948
f 949/949/949 950/950/950 951/951/951
f 952/952/952 953/953/953 954/954/954
f 955/955/955 956/956/956 957/957/957
f 958/958/958 959/959/959 960/960/960
f 961/961/961 962/962/962 963/963/963
f 964/964/964 965/965/965 966/966/966
f 967/967/967 968/968/968 969/969/969
f 970/970/970 971/971/971 972/972/972
f 973/973/973 974/974/974 975/975/975
f 976/976/976 977/977/977 978/978/978
f 979/979/979 980/980/980 981/981/981
f 982/982/982 983/983/983 984/984/984
f 985/985/985 986/986/986 987/987/987
f 988/988/988 989/989/989 990/990/990
f 991/991/991 992/992/992 993/993/993
f 994/994/994 995/995/995 996/996/996
f 997/997/997 998/998/998 999/999/999
f 1000/1000/1000 1001/1001/1001 1002/1002/1002
f 1003/1003/1003 1004/1004/1004 1005/1005/1005
f 1006/1006/1006 1007/1007/1007 1008/1008/1008
f 1009/1009/1009 1010/1010/1010 1011/1011/1011
f 1012/1012/1012 1013/1013/1013 1014/1014/1014
f 1015/1015/1015 1016/1016/1016 1017/1017/1017
f 1018/1018/1018 1019/1019/1019 1020/1020/1020
f 1021/1021/1021 1022/1022/1022 1023/1023/1023
f 1024/1024/1024 1025/1025/1025 1026/1026/1026
f 1027/1027/1027 1028/1028/1028 1029/1029/1029
f 1030/1030/1030 1031/1031/1031 1032/1032/1032
f 1033/1033/1033 1034/1034/1034 1035/1035/1035
f 1036/1036/1036 1037/1037/1037 1038/1038/1038
f 1039/1039/1039 1040/1040/1040 1041/1041/1041
f 1042/1042/1042 1043/1043/1043 1044/1044/1044
f 1045/1045/1045 1046/1046/1046 1047/1047/1047
f 1048/1048/1048 1049/1049/1049 1050/1050/1050
f 1051/1051/1051 1052/1052/1052 1053/1053/1053
f 1054/1054/1054 1055/1055/1055 1056/1056/1056
f 1057/1057/1057 1058/1058/1058 1059/1059/1059
f 1060/1060/1060 1061/1061/1061 1062/1062/1062
f 1063/1063/1063 1064/1064/1064 1065/1065/1065
f 1066/1066/1066 1067/1067/1067 1068/1068/1068
f 1069/1069/1069 1070/1070/1070 1071/1071/1071
f 1072/1072/1072 1073/1073/1073 1074/1074/1074
f 1075/1075/1075 1076/1076/1076 1077/1077/1077
f 1078/1078/1078 1079/1079/1079 1080/1080/1080
f 1081/1081/1081 1082/1082/1082 1083/1083/1083
f 1084/1084/1084 1085/1085/1085 1086/1086/1086
f 1087/1087/1087 1088/1088/1088 1089/1089/1089
f 1090/1090/1090 1091/1091/1091 1092/1092/1092
f 1093/1093/1093 1094/1094/1094 1095/1095/1095
f 1096/1096/1096 1097/1097/1097 1098/1098/1098
f 1099/1099/1099 1100/1100/1100 1101/1101/1101
f 1102/1102/1102 1103/1103/1103 1104/1104/1104
f 1105/1105/1105 1106/1106/1106 1107/1107/1107
f 1108/1108/1108 1109/1109/1109 1110/1110/1110
f 1111/1111/1111 1112/1112/1112 1113/1113/1113
f 1114/1114/1114 1115/1115/1115 1116/1116/1116
f 1117/1117/1117 1118/1118/1118 1119/1119/1119
f 1120/1120/1120 1121/1121/1121 1122/1122/1122
f 1123/1123/1123 1124/1124/1124 1125/1125/1125
f 1126/1126/1126 1127/1127/1127 1128/1128/1128
f 1129/1129/1129 1130/1130/1130 1131/1131/1131
f 1132/1132/1132 1133/1133/1133 1134/1134/1134
f 1135/1135/1135 1136/1136/1136 1137/1137/1137
f 1138/1138/1138 1139/1139/1139 1140/1140/1140
f 1141/1141/1141 1142/1142/1142 1143/1143/1143
f 1144/1144/1144 1145/1145/1145 1146/1146/1146
f 1147/1147/1147 1148/1148/1148 1149/1149/1149
f 1150/1150/1150 1151/1151/1151 1152/1152/1152
f 1153/1153/1153 1154/1154/1154 1155/1155/1155
f 1156/1156/1156 1157/1157/1157 1158/1158/1158
f 1159/1159/1159 1160/1160/1160 1161/1161/1161
f 1162/1162/1162 1163/1163/1163 1164/1164/1164
f 1165/1165/1165 1166/1166/1166 1167/1167/1167
f 1168/1168/1168 1169/1169/1169 1170/1170/1170
f 1171/1171/1171 1172/1172/1172 1173/1173/1173
f 1174/1174/1174 1175/1175/1175 1176/1176/1176
f 1177/1177/1177 1178/1178/1178 1179/1179/1179
f 1180/1180/1180 1181/1181/1181 1182/1182/1182
f 1183/1183/1183 1184/1184/1184 1185/1185/1185
f 1186/1186/1186 1187/1187/1187 1188/1188/1188
f 1189/1189/1189 1190/1190/1190 1191/1191/1191
f 1192/1192/1192 1193/1193/1193 1194/1194/1194
f 1195/1195/1195 1196/1196/1196 1197/1197/1197
f 1198/1198/1198 1199/1199/1199 1200/1200/1200
f 1201/1201/1201 1202/1202/1202 1203/1203/1203
f 1204/1204/1204 1205/1205/1205 1206/1206/1206
f 1207/1207/1207 1208/1208/1208 1209/1209/1209
f 1210/1210/1210 1211/1211/1211 1212/1212/1212
f 1213/1213/1213 1214/1214/1214 1215/1215/1215
f 1216/1216/1216 1217/1217/1217 1218/1218/1218
f 1219/1219/1219 1220/1220/1220 1221/1221/1221
f 1222/1222/1222 1223/1223/1223 1224/1224/1224
f 1225/1225/1225 1226/1226/1226 1227/1227/1227
f 1228/1228/1228 1229/1229/1229 1230/1230/1230
f 1231/1231/1231 1232/1232/1232 1233/1233/1233
f 1234/1234/1234 1235/1235/1235 1236/1236/1236
f 1237/1237/1237 1238/1238/1238 1239/1239/1239
f 1240/1240/1240 1241/1241/1241 1242/1242/1242
f 1243/1243/1243 1244/1244/1244 1245/1245/1245
f 1246/1246/1246 1247/1247/1247 1248/1248/1248
f 1249/1249/1249 1250/1250/1250 1251/1251/1251
f 1252/1252/1252 1253/1253/1253 1254/1254/1254
f 1255/1255/1255 1256/1256/1256 1257/1257/1257
f 1258/1258/1258 1259/1259/1259 1260/1260/1260
f 1261/1261/1261 1262/1262/1262 1263/1263/1263
f 1264/1264/1264 1265/1265/1265 1266/1266/1266
f 1267/1267/1267 1268/1268/1268 1269/1269/1269
f 1270/1270/1270 1271/1271/1271 1272/1272/1272
f 1273/1273/1273 1274/1274/1274 1275/1275/1275
f 1276/1276/1276 1277/1277/1277 1278/1278/1278
f 1279/1279/1279 1280/1280/1280 1281/1281/1281
f 1282/1282/1282 1283/1283/1283 1284/1284/1284
f 1285/1285/1285 1286/1286/1286 1287/1287/1287
f 1288/1288/1288 1289/1289/1289 1290/1290/1290
f 1291/1291/1291 1292/1292/1292 1293/1293/1293
f 1294/1294/1294 1295/1295/1295 1296/1296/1296
f 1297/1297/1297 1298/1298/1298 1299/1299/1299
f 1300/1300/1300 1301/1301/1301 1302/1302/1302
f 1303/1303/1303 1304/1304/1304 1305/1305/1305
f 1306/1306/1306 1307/1307/1307 1308/1308/1308
f 1309/1309/1309 1310/1310/1310 1311/1311/1311
f 1312/1312/1312 1313/1313/1313 1314/1314/1314
f 1315/1315/1315 1316/1316/1316 1317/1317/1317
f 1318/1318/1318 1319/1319/1319 1320/1320/1320
f 1321/1321/1321 1322/1322/1322 1323/1323/1323
f 1324/1324/1324 1325/1325/1325 1326/1326/1326
f 1327/1327/1327 1328/1328/1328 1329/1329/1329
f 1330/1330/1330 1331/1331/1331 1332/1332/1332
f 1333/1333/1333 1334/1334/1334 1335/1335/1335
f 1336/1336/1336 1337/1337/1337 1338/1338/1338
f 1339/1339/1339 1340/1340/1340 1341/1341/1341
f 1342/1342/1342 1343/1343/1343 1344/1344/1344
f 1345/1345/1345 1346/1346/1346 1347/1347/1347
f 1348/1348/1348 1349/1349/1349 1350/1350/1350
f 1351/1351/1351 1352/1352/1352 1353/1353/1353
f 1354/1354/1354 1355/1355/1355 1356/1356/1356
f 1357/1357/1357 1358/1358/1358 1359/1359/1359
f 1360/1360/1360 1361/1361/1361 1362/1362/1362
f 1363/1363/1363 1364/1364/1364 1365/1365/1365
f 1366/1366/1366 1367/1367/1367 1368/1368/1368
f 1369/1369/1369 1370/1370/1370 1371/1371/1371
f 1372/1372/1372 1373/1373/1373 1374/1374/1374
f 1375/1375/1375 1376/1376/1376 1377/1377/1377
f 1378/1378/1378 1379/1379/1379 1380/1380/1380
f 1381/1381/1381 1382/1382/1382 1383/1383/1383
f 1384/1384/1384 1385/1385/1385 1386/1386/1386
f 1387/1387/1387 1388/1388/1388 1389/1389/1389
f 1390/1390/1390 1391/1391/1391 1392/1392/1392
f 1393/1393/1393 1394/1394/1394 1395/1395/1395
f 1396/1396/1396 1397/1397/1397 1398/1398/1398
f 1399/1399/1399 1400/1400/1400 1401/1401/1401
f 1402/1402/1402 1403/1403/1403 1404/1404/1404
f 1405/1405/1405 1406/1406/1406 1407/1407/1407
f 1408/1408/1408 1409/1409/1409 1410/1410/1410
f 1411/1411/1411 1412/1412/1412 1413/1413/1413
f 1414/1414/1414 1415/1415/1415 1416/1416/1416
f 1417/1417/1417 1418/1418/1418 1419/1419/1419
f 1420/1420/1420 1421/1421/1421 1422/1422/1422
f 1423/1423/1423 1424/1424/1424 1425/1425/1425
f 1426/1426/1426 1427/1427/1427 1428/1428/1428
f 1429/1429/1429 1430/1430/1430 1431/1431/1431
f 1432/1432/1432 1433/1433/1433 1434/1434/1434
f 1435/1435/1435 1436/1436/1436 1437/1437/1437
f 1438/1438/1438 1439/1439/1439 1440/1440/1440
f 1441/1441/1441 1442/1442/1442 1443/1443/1443
f 1444/1444/1444 1445/1445/1445 1446/1446/1446
f 1447/1447/1447 1448/1448/1448 1449/1449/1449
f 1450/1450/1450 1451/1451/1451 1452/1452/1452
f 1453/1453/1453 1454/1454/1454 1455/1455/1455
f 1456/1456/1456 1457/1457/1457 1458/1458/1458
f 1459/1459/1459 1460/1460/1460 1461/1461/1461
f 1462/1462/1462 1463/1463/1463 1464/1464/1464
f 1465/1465/1465 1466/1466/1466 1467/1467/1467
f 1468/1468/1468 1469/1469/1469 1470/1470/1470
f 1471/1471/1471 1472/1472/1472 1473/1473/1473
f 1474/1474/1474 1475/1475/1475 1476/1476/1476
f 1477/1477/1477 1478/1478/1478 1479/1479/1479
f 1480/1480/1480 1481/1481/1481 1482/1482/1482
f 1483/1483/1483 1484/1484/1484 1485/1485/1485
f 1486/1486/1486 1487/1487/1487 1488/1488/1488
f 1489/1489/1489 1490/1490/1490 1491/1491/1491
f 1492/1492/1492 1493/1493/1493 1494/1494/1494
f 1495/1495/1495 1496/1496/1496 1497/1497/1497
f 1498/1498/1498 1499/1499/1499 1500/1500/1500
f 1501/1501/1501 1502/1502/1502 1503/1503/1503
f 1504/1504/1504 1505/1505/1505 1506/1506/1506
f 1507/1507/1507 1508/1508/1508 1509/1509/1509
f 1510/1510/1510 1511/1511/1511 1512/1512/1512
f 1513/1513/1513 1514/1514/1514 1515/1515/1515
f 1516/1516/1516 1517/1517/1517 1518/1518/1518
f 1519/1519/1519 1520/1520/1520 1521/1521/1521
f 1522/1522/1522 1523/1523/1523 1524/1524/1524
f 1525/1525/1525 1526/1526/1526 1527/1527/1527
f 1528/1528/1528 1529/1529/1529 1530/1530/1530
f 1531/1531/1531 1532/1532/1532 1533/1533/1533
f 1534/1534/1534 1535/1535/1535 1536/1536/1536
f 1537/1537/1537 1538/1538/1538 1539/1539/1539
f 1540/1540/1540 1541/1541/1541 1542/1542/1542
f 1543/1543/1543 1544/1544/1544 1545/1545/1545
f 1546/1546/1546 1547/1547/1547 1548/1548/1548
f 1549/1549/1549 1550/1550/1550 1551/1551/1551
f 1552/1552/1552 1553/1553/1553 1554/1554/1554
f 1555/1555/1555 1556/1556/1556 1557/1557/1557
f 1558/1558/1558 1559/1559/1559 1560/1560/1560
f 1561/1561/1561 1562/1562/1562 1563/1563/1563
f 1564/1564/1564 1565/1565/1565 1566/1566/1566
f 1567/1567/1567 1568/1568/1568 1569/1569/1569
f 1570/1570/1570 1571/1571/1571 1572/1572/1572
f 1573/1573/1573 1574/1574/1574 1575/1575/1575
f 1576/1576/1576 1577/1577/1577 1578/1578/1578
f 1579/1579/1579 1580/1580/1580 1581/1581/1581
f 1582/1582/1582 1583/1583/1583 1584/1584/1584
f 1585/1585/1585 1586/1586/1586 1587/1587/1587
f 1588/1588/1588 1589/1589/1589 1590/1590/1590
f 1591/1591/1591 1592/1592/1592 1593/1593/1593
f 1594/1594/1594 1595/1595/1595 1596/1596/1596
f 1597/1597/1597 1598/1598/1598 1599/1599/1599
f 1600/1600/1600 1601/1601/1601 1602/1602/1602
f 1603/1603/1603 1604/1604/1604 1605/1605/1605
f 1606/1606/1606 1607/1607/1607 1608/1608/1608
f 1609/1609/1609 1610/1610/1610 1611/1611/1611
f 1612/1612/1612 1613/1613/1613 1614/1614/1614
f 1615/1615/1615 1616/1616/1616 1617/1617/1617
f 1618/1618/1618 1619/1619/1619 1620/1620/1620
f 1621/1621/1621 1622/1622/1622 1623/1623/1623
f 1624/1624/1624 1625/1625/1625 1626/1626/1626
f 1627/1627/1627 1628/1628/1628 1629/1629/1629
f 1630/1630/1630 1631/1631/1631 1632/1632/1632
f 1633/1633/1633 1634/1634/1634 1635/1635/1635
f 1636/1636/1636 1637/1637/1637 1638/1638/1638
f 1639/1639/1639 1640/1640/1640 1641/1641/1641
f 1642/1642/1642 1643/1643/1643 1644/1644/1644
f 1645/1645/1645 1646/1646/1646 1647/1647/1647
f 1648/1648/1648 1649/1649/1649 1650/1650/1650
f 1651/1651/1651 1652/1652/1652 1653/1653/1653
f 1654/1654/1654 1655/1655/1655 1656/1656/1656
f 1657/1657/1657 1658/1658/1658 1659/1659/1659
f 1660/1660/1660 1661/1661/1661 1662/1662/1662
f 1663/1663/1663 1664/1664/1664 1665/1665/1665
f 1666/1666/1666 1667/1667/1667 1668/1668/1668
f 1669/1669/1669 1670/1670/1670 1671/1671/1671
f 1672/1672/1672 1673/1673/1673 1674/1674/1674
f 1675/1675/1675 1676/1676/1676 1677/1677/1677
f 1678/1678/1678 1679/1679/1679 1680/1680/1680
f 1681/1681/1681 1682/1682/1682 1683/1683/1683
f 1684/1684/1684 1685/1685/1685 1686/1686/1686
f 1687/1687/1687 1688/1688/1688 1689/1689/1689
f 1690/1690/1690 1691/1691/1691 1692/1692/1692
f 1693/1693/1693 1694/1694/1694 1695/1695/1695
f 1696/1696/1696 1697/1697/1697 1698/1698/1698
f 1699/1699/1699 1700/1700/1700 1701/1701/1701
f 1702/1702/1702 1703/1703/1703 1704/1704/1704
f 1705/1705/1705 1706/1706/1706 1707/1707/1707
f 1708/1708/1708 1709/1709/1709 1710/1710/1710
f 1711/1711/1711 1712/1712/1712 1713/1713/1713
f 1714/1714/1714 1715/1715/1715 1716/1716/1716
f 1717/1717/1717 1718/1718/1718 1719/1719/1719
f 1720/1720/1720 1721/1721/1721 1722/1722/1722
f 1723/1723/1723 1724/1724/1724 1725/1725/1725
f 1726/1726/1726 1727/1727/1727 1728/1728/1728
f 1729/1729/1729 1730/1730/1730 1731/1731/1731
f 1732/1732/1732 1733/1733/1733 1734/1734/1734
f 1735/1735/1735 1736/1736/1736 1737/1737/1737
f 1738/1738/1738 1739/1739/1739 1740/1740/1740
f 1741/1741/1741 1742/1742/1742 1743/1743/1743
f 1744/1744/1744 1745/1745/1745 1746/1746/1746
f 1747/1747/1747 1748/1748/1748 1749/1749/1749
f 1750/1750/1750 1751/1751/1751 1752/1752/1752
f 1753/1753/1753 1754/1754/1754 1755/1755/1755
f 1756/1756/1756 1757/1757/1757 1758/1758/1758
f 1759/1759/1759 1760/1760/1760 1761/1761/1761
f 1762/1762/1762 1763/1763/1763 1764/1764/1764
f 1765/1765/1765 1766/1766/1766 1767/1767/1767
f 1768/1768/1768 1769/1769/1769 1770/1770/1770
f 1771/1771/1771 1772/1772/1772 1773/1773/1773
f 1774/1774/1774 1775/1775/1775 1776/1776/1776
f 1777/1777/1777 1778/1778/1778 1779/1779/1779
f 1780/1780/1780 1781/1781/1781 1782/1782/1782
f 1783/1783/1783 1784/1784/1784 1785/1785/1785
f 1786/1786/1786 1787/1787/1787 1788/1788/1788
f 1789/1789/1789 1790/1790/1790 1791/1791/1791
f 1792/1792/1792 1793/1793/1793 1794/1794/1794
f 1795/1795/1795 1796/1796/1796 1797/1797/1797
f 1798/1798/1798 1799/1799/1799 1800/1800/1800
f 1801/1801/1801 1802/1802/1802 1803/1803/1803
f 1804/1804/1804 1805/1805/1805 1806/1806/1806
f 1807/1807/1807 1808/1808/1808 1809/1809/1809
f 1810/1810/1810 1811/1811/1811 1812/1812/1812
f 1813/1813/1813 1814/1814/1814 1815/1815/1815
f 1816/1816/1816 1817/1817/1817 1818/1818/1818
f 1819/1819/1819 1820/1820/1820 1821/1821/1821
f 1822/1822/1822 1823/1823/1823 1824/1824/1824
f 1825/1825/1825 1826/1826/1826 1827/1827/1827
f 1828/1828/1828 1829/1829/1829 1830/1830/1830
f 1831/1831/1831 1832/1832/1832 1833/1833/1833
f 1834/1834/1834 1835/1835/1835 1836/1836/1836
f 1837/1837/1837 1838/1838/1838 1839/1839/1839
f 1840/1840/1840 1841/1841/1841 1842/1842/1842
f 1843/1843/1843 1844/1844/1844 1845/1845/1845
f 1846/1846/1846 1847/1847/1847 1848/1848/1848
f 1849/1849/1849 1850/1850/1850 1851/1851/1851
f 1852/1852/1852 1853/1853/1853 1854/1854/1854
f 1855/1855/1855 1856/1856/1856 1857/1857/1857
f 1858/1858/1858 1859/1859/1859 1860/1860/1860
f 1861/1861/1861 1862/1862/1862 1863/1863/1863
f 1864/1864/1864 1865/1865/1865 1866/1866/1866
f 1867/1867/1867 1868/1868/1868 1869/1869/1869
f 1870/1870/1870 1871/1871/1871 1872/1872/1872
f 1873/1873/1873 1874/1874/1874 1875/1875/1875
f 1876/1876/1876 1877/1877/1877 1878/1878/1878
f 1879/1879/1879 1880/1880/1880 1881/1881/1881
f 1882/1882/1882 1883/1883/1883 1884/1884/1884
f 1885/1885/1885 1886/1886/1886 1887/1887/1887
f 1888/1888/1888 1889/1889/1889 1890/1890/1890
f 1891/1891/1891 1892/1892/1892 1893/1893/1893
f 1894/1894/1894 1895/1895/1895 1896/1896/1896
f 1897/1897/1897 1898/1898/1898 1899/1899/1899
f 1900/1900/1900 1901/1901/1901 1902/1902/1902
f 1903/1903/1903 1904/1904/1904 1905/1905/1905
f 1906/1906/1906 1907/1907/1907 1908/1908/1908
f 1909/1909/1909 1910/1910/1910 1911/1911/1911
f 1912/1912/1912 1913/1913/1913 1914/1914/1914
f 1915/1915/1915 1916/1916/1916 1917/1917/1917
f 1918/1918/1918 1919/1919/1919 1920/1920/1920
f 1921/1921/1921 1922/1922/1922 1923/1923/1923
f 1924/1924/1924 1925/1925/1925 1926/1926/1926
f 1927/1927/1927 1928/1928/1928 1929/1929/1929
f 1930/1930/1930 1931/1931/1931 1932/1932/1932
f 1933/1933/1933 1934/1934/1934 1935/1935/1935
f 1936/1936/1936 1937/1937/1937 1938/1938/1938
f 1939/1939/1939 1940/1940/1940 1941/1941/1941
f 1942/1942/1942 1943/1943/1943 1944/1944/1944
f 1945/1945/1945 1946/1946/1946 1947/1947/1947
f 1948/1948/1948 1949/1949/1949 1950/1950/1950
f 1951/1951/1951 1952/1952/1952 1953/1953/1953
f 1954/1954/1954 1955/1955/1955 1956/1956/1956
f 1957/1957/1957 1958/1958/1958 1959/1959/1959
f 1960/1960/1960 1961/1961/1961 1962/1962/1962
f 1963/1963/1963 1964/1964/1964 1965/1965/1965
f 1966/1966/1966 1967/1967/1967 1968/1968/1968
f 1969/1969/1969 1970/1970/1970 1971/1971/1971
f 1972/1972/1972 1973/1973/1973 1974/1974/1974
f 1975/1975/1975 1976/1976/1976 1977/1977/1977
f 1978/1978/1978 1979/1979/1979 1980/1980/1980
f 1981/1981/1981 1982/1982/1982 1983/1983/1983
f 1984/1984/1984 1985/1985/1985 1986/1986/1986
f 1987/1987/1987 1988/1988/1988 1989/1989/1989
f 1990/1990/1990 1991/1991/1991 1992/1992/1992
f 1993/1993/1993 1994/1994/1994 1995/1995/1995
f 1996/1996/1996 1997/1997/1997 1998/1998/1998
f 1999/1999/1999 2000/2000/2000 2001/2001/2001
f 2002/2002/2002 2003/2003/2003 2004/2004/2004
f 2005/2005/2005 2006/2006/2006 2007/2007/2007
f 2008/2008/2008 2009/2009/2009 2010/2010/2010
f 2011/2011/2011 2012/2012/2012 2013/2013/2013
f 2014/2014/2014 2015/2015/2015 2016/2016/2016
f 2017/2017/2017 2018/2018/2018 2019/2019/2019
f 2020/2020/2020 2021/2021/2021 2022/2022/2022
f 2023/2023/2023 2024/2024/2024 2025/2025/2025
f 2026/2026/2026 2027/2027/2027 2028/2028/2028
f 2029/2029/2029 2030/2030/2030 2031/2031/2031
f 2032/2032/2032 2033/2033/2033 2034/2034/2034
f 2035/2035/2035 2036/2036/2036 2037/2037/2037
f 2038/2038/2038 2039/2039/2039 2040/2040/2040
f 2041/2041/2041 2042/2042/2042 2043/2043/2043
f 2044/2044/2044 2045/2045/2045 2046/2046/2046
f 2047/2047/2047 2048/2048/2048 2049/2049/2049
f 2050/2050/2050 2051/2051/2051 2052/2052/2052
f 2053/2053/2053 2054/2054/2054 2055/2055/2055
f 2056/2056/2056 2057/2057/2057 2058/2058/2058
f 2059/2059/2059 2060/2060/2060 2061/2061/2061
f 2062/2062/2062 2063/2063/2063 2064/2064/2064
f 2065/2065/2065 2066/2066/2066 2067/2067/2067
f 2068/2068/2068 2069/2069/2069 2070/2070/2070
f 2071/2071/2071 2072/2072/2072 2073/2073/2073
f 2074/2074/2074 2075/2075/2075 2076/2076/2076
f 2077/2077/2077 2078/2078/2078 2079/2079/2079
f 2080/2080/2080 2081/2081/2081 2082/2082/2082
f 2083/2083/2083 2084/2084/2084 2085/2085/2085
f 2086/2086/2086 2087/2087/2087 2088/2088/2088
f 2089/2089/2089 2090/2090/2090 2091/2091/2091
f 2092/2092/2092 2093/2093/2093 2094/2094/2094
f 2095/2095/2095 2096/2096/2096 2097/2097/2097
f 2098/2098/2098 2099/2099/2099 2100/2100/2100
f 2101/2101/2101 2102/2102/2102 2103/2103/2103
f 2104/2104/2104 2105/2105/2105 2106/2106/2106
f 2107/2107/2107 2108/2108/2108 2109/2109/2109
f 2110/2110/2110 2111/2111/2111 2112/2112/2112
f 2113/2113/2113 2114/2114/2114 2115/2115/2115
f 2116/2116/2116 2117/2117/2117 2118/2118/2118
f 2119/2119/2119 2120/2120/2120 2121/2121/2121
f 2122/2122/2122 2123/2123/2123 2124/2124/2124
f 2125/2125/2125 2126/2126/2126 2127/2127/2127
f 2128/2128/2128 2129/2129/2129 2130/2130/2130
f 2131/2131/2131 2132/2132/2132 2133/2133/2133
f 2134/2134/2134 2135/2135/2135 2136/2136/2136
f 2137/2137/2137 2138/2138/2138 2139/2139/2139
f 2140/2140/2140 2141/2141/2141 2142/2142/2142
f 2143/2143/2143 2144/2144/2144 2145/2145/2145
f 2146/2146/2146 2147/2147/2147 2148/2148/2148
f 2149/2149/2149 2150/2150/2150 2151/2151/2151
f 2152/2152/2152 2153/2153/2153 2154/2154/2154
f 2155/2155/2155 2156/2156/2156 2157/2157/2157
f 2158/2158/2158 2159/2159/2159 2160/2160/2160
f 2161/2161/2161 2162/2162/2162 2163/2163/2163
f 2164/2164/2164 2165/2165/2165 2166/2166/2166
f 2167/2167/2167 2168/2168/2168 2169/2169/2169
f 2170/2170/2170 2171/2171/2171 2172/2172/2172
f 2173/2173/2173 2174/2174/2174 2175/2175/2175
f 2176/2176/2176 2177/2177/2177 2178/2178/2178
f 2179/2179/2179 2180/2180/2180 2181/2181/2181
f 2182/2182/2182 2183/2183/2183 2184/2184/2184
f 2185/2185/2185 2186/2186/2186 2187/2187/2187
f 2188/2188/2188 2189/2189/2189 2190/2190/2190
f 2191/2191/2191 2192/2192/2192 2193/2193/2193
f 2194/2194/2194 2195/2195/2195 2196/2196/2196
f 2197/2197/2197 2198/2198/2198 2199/2199/2199
f 2200/2200/2200 2201/2201/2201 2202/2202/2202
f 2203/2203/2203 2204/2204/2204 2205/2205/2205
f 2206/2206/2206 2207/2207/2207 2208/2208/2208
f 2209/2209/2209 2210/2210/2210 2211/2211/2211
f 2212/2212/2212 2213/2213/2213 2214/2214/2214
f 2215/2215/2215 2216/2216/2216 2217/2217/2217
f 2218/2218/2218 2219/2219/2219 2220/2220/2220
f 2221/2221/2221 2222/2222/2222 2223/2223/2223
f 2224/2224/2224 2225/2225/2225 2226/2226/2226
f 2227/2227/2227 2228/2228/2228 2229/2229/2229
f 2230/2230/2230 2231/2231/2231 2232/2232/2232
f 2233/2233/2233 2234/2234/2234 2235/2235/2235
f 2236/2236/2236 2237/2237/2237 2238/2238/2238
f 2239/2239/2239 2240/2240/2240 2241/2241/2241
f 2242/2242/2242 2243/2243/2243 2244/2244/2244
f 2245/2245/2245 2246/2246/2246 2247/2247/2247
f 2248/2248/2248 2249/2249/2249 2250/2250/2250
f 2251/2251/2251 2252/2252/2252 2253/2253/2253
f 2254/2254/2254 2255/2255/2255 2256/2256/2256
f 2257/2257/2257 2258/2258/2258 2259/2259/2259
f 2260/2260/2260 2261/2261/2261 2262/2262/2262
f 2263/2263/2263 2264/2264/2264 2265/2265/2265
f 2266/2266/2266 2267/2267/2267 2268/2268/2268
f 2269/2269/2269 2270/2270/2270 2271/2271/2271
f 2272/2272/2272 2273/2273/2273 2274/2274/2274
f 2275/2275/2275 2276/2276/2276 2277/2277/2277
f 2278/2278/2278 2279/2279/2279 2280/2280/2280
f 2281/2281/2281 2282/2282/2282 2283/2283/2283
f 2284/2284/2284 2285/2285/2285 2286/2286/2286
f 2287/2287/2287 2288/2288/2288 2289/2289/2289
f 2290/2290/2290 2291/2291/2291 2292/2292/2292
f 2293/2293/2293 2294/2294/2294 2295/2295/2295
f 2296/2296/2296 2297/2297/2297 2298/2298/2298
f 2299/2299/2299 2300/2300/2300 2301/2301/2301
f 2302/2302/2302 2303/2303/2303 2304/2304/2304
f 2305/2305/2305 2306/2306/2306 2307/2307/2307
f 2308/2308/2308 2309/2309/2309 2310/2310/2310
f 2311/2311/2311 2312/2312/2312 2313/2313/2313
f 2314/2314/2314 2315/2315/2315 2316/2316/2316
f 2317/2317/2317 2318/2318/2318 2319/2319/2319
f 2320/2320/2320 2321/2321/2321 2322/2322/2322
f 2323/2323/2323 2324/2324/2324 2325/2325/2325
f 2326/2326/2326 2327/2327/2327 2328/2328/2328
f 2329/2329/2329 2330/2330/2330 2331/2331/2331
f 2332/2332/2332 2333/2333/2333 2334/2334/2334
f 2335/2335/2335 2336/2336/2336 2337/2337/2337
f 2338/2338/2338 2339/2339/2339 2340/2340/2340
f 2341/2341/2341 2342/2342/2342 2343/2343/2343
f 2344/2344/2344 2345/2345/2345 2346/2346/2346
f 2347/2347/2347 2348/2348/2348 2349/2349/2349
f 2350/2350/2350 2351/2351/2351 2352/2352/2352
f 2353/2353/2353 2354/2354/2354 2355/2355/2355
f 2356/2356/2356 2357/2357/2357 2358/2358/2358
f 2359/2359/2359 2360/2360/2360 2361/2361/2361
f 2362/2362/2362 2363/2363/2363 2364/2364/2364
f 2365/2365/2365 2366/2366/2366 2367/2367/2367
f 2368/2368/2368 2369/2369/2369 2370/2370/2370
f 2371/2371/2371 2372/2372/2372 2373/2373/2373
f 2374/2374/2374 2375/2375/2375 2376/2376/2376
f 2377/2377/2377 2378/2378/2378 2379/2379/2379
f 2380/2380/2380 2381/2381/2381 2382/2382/2382
f 2383/2383/2383 2384/2384/2384 2385/2385/2385
f 2386/2386/2386 2387/2387/2387 2388/2388/2388
f 2389/2389/2389 2390/2390/2390 2391/2391/2391
f 2392/2392/2392 2393/2393/2393 2394/2394/2394
f 2395/2395/2395 2396/2396/2396 2397/2397/2397
f 2398/2398/2398 2399/2399/2399 2400/2400/2400
f 2401/2401/2401 2402/2402/2402 2403/2403/2403
f 2404/2404/2404 2405/2405/2405 2406/2406/2406
f 2407/2407/2407 2408/2408/2408 2409/2409/2409
f 2410/2410/2410 2411/2411/2411 2412/2412/2412
f 2413/2413/2413 2414/2414/2414 2415/2415/2415
f 2416/2416/2416 2417/2417/2417 2418/2418/2418
f 2419/2419/2419 2420/2420/2420 2421/2421/2421
f 2422/2422/2422 2423/2423/2423 2424/2424/2424
f 2425/2425/2425 2426/2426/2426 2427/2427/2427
f 2428/2428/2428 2429/2429/2429 2430/2430/2430
f 2431/2431/2431 2432/2432/2432 2433/2433/2433
f 2434/2434/2434 2435/2435/2435 2436/2436/2436
f 2437/2437/2437 2438/2438/2438 2439/2439/2439
f 2440/2440/2440 2441/2441/2441 2442/2442/2442
f 2443/2443/2443 2444/2444/2444 2445/2445/2445
f 2446/2446/2446 2447/2447/2447 2448/2448/2448
f 2449/2449/2449 2450/2450/2450 2451/2451/2451
f 2452/2452/2452 2453/2453/2453 2454/2454/2454
f 2455/2455/2455 2456/2456/2456 2457/2457/2457
f 2458/2458/2458 2459/2459/2459 2460/2460/2460
f 2461/2461/2461 2462/2462/2462 2463/2463/2463
f 2464/2464/2464 2465/2465/2465 2466/2466/2466
f 2467/2467/2467 2468/2468/2468 2469/2469/2469
f 2470/2470/2470 2471/2471/2471 2472/2472/2472
f 2473/2473/2473 2474/2474/2474 2475/2475/2475
f 2476/2476/2476 2477/2477/2477 2478/2478/2478
f 2479/2479/2479 2480/2480/2480 2481/2481/2481
f 2482/2482/2482 2483/2483/2483 2484/2484/2484
f 2485/2485/2485 2486/2486/2486 2487/2487/2487
f 2488/2488/2488 2489/2489/2489 2490/2490/2490
f 2491/2491/2491 2492/2492/2492 2493/2493/2493
f 2494/2494/2494 2495/2495/2495 2496/2496/2496
f 2497/2497/2497 2498/2498/2498 2499/2499/2499
f 2500/2500/2500 2501/2501/2501 2502/2502/2502
f 2503/2503/2503 2504/2504/2504 2505/2505/2505
f 2506/2506/2506 2507/2507/2507 2508/2508/2508
f 2509/2509/2509 2510/2510/2510 2511/2511/2511
f 2512/2512/2512 2513/2513/2513 2514/2514/2514
f 2515/2515/2515 2516/2516/2516 2517/2517/2517
f 2518/2518/2518 2519/2519/2519 2520/2520/2520
f 2521/2521/2521 2522/2522/2522 2523/2523/2523
f 2524/2524/2524 2525/2525/2525 2526/2526/2526
f 2527/2527/2527 2528/2528/2528 2529/2529/2529
f 2530/2530/2530 2531/2531/2531 2532/2532/2532
f 2533/2533/2533 2534/2534/2534 2535/2535/2535
f 2536/2536/2536 2537/2537/2537 2538/2538/2538
f 2539/2539/2539 2540/2540/2540 2541/2541/2541
f 2542/2542/2542 2543/2543/2543 2544/2544/2544
f 2545/2545/2545 2546/2546/2546 2547/2547/2547
f 2548/2548/2548 2549/2549/2549 2550/2550/2550
f 2551/2551/2551 2552/2552/2552 2553/2553/2553
f 2554/2554/2554 2555/2555/2555 2556/2556/2556
f 2557/2557/2557 2558/2558/2558 2559/2559/2559
f 2560/2560/2560 2561/2561/2561 2562/2562/2562
f 2563/2563/2563 2564/2564/2564 2565/2565/2565
f 2566/2566/2566 2567/2567/2567 2568/2568/2568
f 2569/2569/2569 2570/2570/2570 2571/2571/2571
f 2572/2572/2572 2573/2573/2573 2574/2574/2574
f 2575/2575/2575 2576/2576/2576 2577/2577/2577
f 2578/2578/2578 2579/2579/2579 2580/2580/2580
f 2581/2581/2581 2582/2582/2582 2583/2583/2583
f 2584/2584/2584 2585/2585/2585 2586/2586/2586
f 2587/2587/2587 2588/2588/2588 2589/2589/2589
f 2590/2590/2590 2591/2591/2591 2592/2592/2592
f 2593/2593/2593 2594/2594/2594 2595/2595/2595
f 2596/2596/2596 2597/2597/2597 2598/2598/2598
f 2599/2599/2599 2600/2600/2600 2601/2601/2601
f 2602/2602/2602 2603/2603/2603 2604/2604/2604
f 2605/2605/2605 2606/2606/2606 2607/2607/2607
f 2608/2608/2608 2609/2609/2609 2610/2610/2610
f 2611/2611/2611 2612/2612/2612 2613/2613/2613
f 2614/2614/2614 2615/2615/2615 2616/2616/2616
f 2617/2617/2617 2618/2618/2618 2619/2619/2619
f 2620/2620/2620 2621/2621/2621 2622/2622/2622
f 2623/2623/2623 2624/2624/2624 2625/2625/2625
f 2626/2626/2626 2627/2627/2627 2628/2628/2628
f 2629/2629/2629 2630/2630/2630 2631/2631/2631
f 2632/2632/2632 2633/2633/2633 2634/2634/2634
f 2635/2635/2635 2636/2636/2636 2637/2637/2637
f 2638/2638/2638 2639/2639/2639 2640/2640/2640
f 2641/2641/2641 2642/2642/2642 2643/2643/2643
f 2644/2644/2644 2645/2645/2645 2646/2646/2646
f 2647/2647/2647 2648/2648/2648 2649/2649/2649
f 2650/2650/2650 2651/2651/2651 2652/2652/2652
f 2653/2653/2653 2654/2654/2654 2655/2655/2655
f 2656/2656/2656 2657/2657/2657 2658/2658/2658
f 2659/2659/2659 2660/2660/2660 2661/2661/2661
f 2662/2662/2662 2663/2663/2663 2664/2664/2664
f 2665/2665/2665 2666/2666/2666 2667/2667/2667
f 2668/2668/2668 2669/2669/2669 2670/2670/2670
f 2671/2671/2671 2672/2672/2672 2673/2673/2673
f 2674/2674/2674 2675/2675/2675 2676/2676/2676
f 2677/2677/2677 2678/2678/2678 2679/2679/2679
f 2680/2680/2680 2681/2681/2681 2682/2682/2682
f 2683/2683/2683 2684/2684/2684 2685/2685/2685
f 2686/2686/2686 2687/2687/2687 2688/2688/2688
f 2689/2689/2689 2690/2690/2690 2691/2691/2691
f 2692/2692/2692 2693/2693/2693 2694/2694/2694
f 2695/2695/2695 2696/2696/2696 2697/2697/2697
f 2698/2698/2698 2699/2699/2699 2700/2700/2700
f 2701/2701/2701 2702/2702/2702 2703/2703/2703
f 2704/2704/2704 2705/2705/2705 2706/2706/2706
f 2707/2707/2707 2708/2708/2708 2709/2709/2709
f 2710/2710/2710 2711/2711/2711 2712/2712/2712
f 2713/2713/2713 2714/2714/2714 2715/2715/2715
f 2716/2716/2716 2717/2717/2717 2718/2718/2718
f 2719/2719/2719 2720/2720/2720 2721/2721/2721
f 2722/2722/2722 2723/2723/2723 2724/2724/2724
f 2725/2725/2725 2726/2726/2726 2727/2727/2727
f 2728/2728/2728 2729/2729/2729 2730/2730/2730
f 2731/2731/2731 2732/2732/2732 2733/2733/2733
f 2734/2734/2734 2735/2735/2735 2736/2736/2736
f 2737/2737/2737 2738/2738/2738 2739/2739/2739
f 2740/2740/2740 2741/2741/2741 2742/2742/2742
f 2743/2743/2743 2744/2744/2744 2745/2745/2745
f 2746/2746/2746 2747/2747/2747 2748/2748/2748
f 2749/2749/2749 2750/2750/2750 2751/2751/2751
f 2752/2752/2752 2753/2753/2753 2754/2754/2754
f 2755/2755/2755 2756/2756/2756 2757/2757/2757
f 2758/2758/2758 2759/2759/2759 2760/2760/2760
f 2761/2761/2761 2762/2762/2762 2763/2763/2763
f 2764/2764/2764 2765/2765/2765 2766/2766/2766
f 2767/2767/2767 2768/2768/2768 2769/2769/2769
f 2770/2770/2770 2771/2771/2771 2772/2772/2772
f 2773/2773/2773 2774/2774/2774 2775/2775/2775
f 2776/2776/2776 2777/2777/2777 2778/2778/2778
f 2779/2779/2779 2780/2780/2780 2781/2781/2781
f 2782/2782/2782 2783/2783/2783 2784/2784/2784
f 2785/2785/2785 2786/2786/2786 2787/2787/2787
f 2788/2788/2788 2789/2789/2789 2790/2790/2790
f 2791/2791/2791 2792/2792/2792 2793/2793/2793
f 2794/2794/2794 2795/2795/2795 2796/2796/2796
f 2797/2797/2797 2798/2798/2798 2799/2799/2799
f 2800/2800/2800 2801/2801/2801 2802/2802/2802
f 2803/2803/2803 2804/2804/2804 2805/2805/2805
f 2806/2806/2806 2807/2807/2807 2808/2808/2808
f 2809/2809/2809 2810/2810/2810 2811/2811/2811
f 2812/2812/2812 2813/2813/2813 2814/2814/2814
f 2815/2815/2815 2816/2816/2816 2817/2817/2817
f 2818/2818/2818 2819/2819/2819 2820/2820/2820
f 2821/2821/2821 2822/2822/2822 2823/2823/2823
f 2824/2824/2824 2825/2825/2825 2826/2826/2826
f 2827/2827/2827 2828/2828/2828 2829/2829/2829
f 2830/2830/2830 2831/2831/2831 2832/2832/2832
f 2833/2833/2833 2834/2834/2834 2835/2835/2835
f 2836/2836/2836 2837/2837/2837 2838/2838/2838
f 2839/2839/2839 2840/2840/2840 2841/2841/2841
f 2842/2842/2842 2843/2843/2843 2844/2844/2844
f 2845/2845/2845 2846/2846/2846 2847/2847/2847
f 2848/2848/2848 2849/2849/2849 2850/2850/2850
f 2851/2851/2851 2852/2852/2852 2853/2853/2853
f 2854/2854/2854 2855/2855/2855 2856/2856/2856
f 2857/2857/2857 2858/2858/2858 2859/2859/2859
f 2860/2860/2860 2861/2861/2861 2862/2862/2862
f 2863/2863/2863 2864/2864/2864 2865/2865/2865
f 2866/2866/2866 2867/2867/2867 2868/2868/2868
f 2869/2869/2869 2870/2870/2870 2871/2871/2871
f 2872/2872/2872 2873/2873/2873 2874/2874/2874
f 2875/2875/2875 2876/2876/2876 2877/2877/2877
f 2878/2878/2878 2879/2879/2879 2880/2880/2880
f 2881/2881/2881 2882/2882/2882 2883/2883/2883
f 2884/2884/2884 2885/2885/2885 2886/2886/2886
f 2887/2887/2887 2888/2888/2888 2889/2889/2889
f 2890/2890/2890 2891/2891/2891 2892/2892/2892
f 2893/2893/2893 2894/2894/2894 2895/2895/2895
f 2896/2896/2896 2897/2897/2897 2898/2898/2898
f 2899/2899/2899 2900/2900/2900 2901/2901/2901
f 2902/2902/2902 2903/2903/2903 2904/2904/2904
f 2905/2905/2905 2906/2906/2906 2907/2907/2907
f 2908/2908/2908 2909/2909/2909 2910/2910/2910
f 2911/2911/2911 2912/2912/2912 2913/2913/2913
f 2914/2914/2914 2915/2915/2915 2916/2916/2916
f 2917/2917/2917 2918/2918/2918 2919/2919/2919
f 2920/2920/2920 2921/2921/2921 2922/2922/2922
f 2923/2923/2923 2924/2924/2924 2925/2925/2925
f 2926/2926/2926 2927/2927/2927 2928/2928/2928
f 2929/2929/2929 2930/2930/2930 2931/2931/2931
f 2932/2932/2932 2933/2933/2933 2934/2934/2934
f 2935/2935/2935 2936/2936/2936 2937/2937/2937
f 2938/2938/2938 2939/2939/2939 2940/2940/2940
f 2941/2941/2941 2942/2942/2942 2943/2943/2943
f 2944/2944/2944 2945/2945/2945 2946/2946/2946
f 2947/2947/2947 2948/2948/2948 2949/2949/2949
f 2950/2950/2950 2951/2951/2951 2952/2952/2952
f 2953/2953/2953 2954/2954/2954 2955/2955/2955
f 2956/2956/2956 2957/2957/2957 2958/2958/2958
f 2959/2959/2959 2960/2960/2960 2961/2961/2961
f 2962/2962/2962 2963/2963/2963 2964/2964/2964
f 2965/2965/2965 2966/2966/2966 2967/2967/2967
f 2968/2968/2968 2969/2969/2969 2970/2970/2970
f 2971/2971/2971 2972/2972/2972 2973/2973/2973
f 2974/2974/2974 2975/2975/2975 2976/2976/2976
f 2977/2977/2977 2978/2978/2978 2979/2979/2979
f 2980/2980/2980 2981/2981/2981 2982/2982/2982
f 2983/2983/2983 2984/2984/2984 2985/2985/2985
f 2986/2986/2986 2987/2987/2987 2988/2988/2988
f 2989/2989/2989 2990/2990/2990 2991/2991/2991
f 2992/2992/2992 2993/2993/2993 2994/2994/2994
f 2995/2995/2995 2996/2996/2996 2997/2997/2997
f 2998/2998/2998 2999/2999/2999 3000/3000/3000
f 3001/3001/3001 3002/3002/3002 3003/3003/3003
f 3004/3004/3004 3005/3005/3005 3006/3006/3006
f 3007/3007/3007 3008/3008/3008 3009/3009/3009
f 3010/3010/3010 3011/3011/3011 3012/3012/3012
f 3013/3013/3013 3014/3014/3014 3015/3015/3015
f 3016/3016/3016 3017/3017/3017 3018/3018/3018
f 3019/3019/3019 3020/3020/3020 3021/3021/3021
f 3022/3022/3022 3023/3023/3023 3024/3024/3024
f 3025/3025/3025 3026/3026/3026 3027/3027/3027
f 3028/3028/3028 3029/3029/3029 3030/3030/3030
f 3031/3031/3031 3032/3032/3032 3033/3033/3033
f 3034/3034/3034 3035/3035/3035 3036/3036/3036
f 3037/3037/3037 3038/3038/3038 3039/3039/3039
f 3040/3040/3040 3041/3041/3041 3042/3042/3042
f 3043/3043/3043 3044/3044/3044 3045/3045/3045
f 3046/3046/3046 3047/3047/3047 3048/3048/3048
f 3049/3049/3049 3050/3050/3050 3051/3051/3051
f 3052/3052/3052 3053/3053/3053 3054/3054/3054
f 3055/3055/3055 3056/3056/3056 3057/3057/3057
f 3058/3058/3058 3059/3059/3059 3060/3060/3060
f 3061/3061/3061 3062/3062/3062 3063/3063/3063
f 3064/3064/3064 3065/3065/3065 3066/3066/3066
f 3067/3067/3067 3068/3068/3068 3069/3069/3069
f 3070/3070/3070 3071/3071/3071 3072/3072/3072
f 3073/3073/3073 3074/3074/3074 3075/3075/3075
f 3076/3076/3076 3077/3077/3077 3078/3078/3078
f 3079/3079/3079 3080/3080/3080 3081/3081/3081
f 3082/3082/3082 3083/3083/3083 3084/3084/3084
f 3085/3085/3085 3086/3086/3086 3087/3087/3087
f 3088/3088/3088 3089/3089/3089 3090/3090/3090
f 3091/3091/3091 3092/3092/3092 3093/3093/3093
f 3094/3094/3094 3095/3095/3095 3096/3096/3096
f 3097/3097/3097 3098/3098/3098 3099/3099/3099
f 3100/3100/3100 3101/3101/3101 3102/3102/3102
f 3103/3103/3103 3104/3104/3104 3105/3105/3105
f 3106/3106/3106 3107/3107/3107 3108/3108/3108
f 3109/3109/3109 3110/3110/3110 3111/3111/3111
f 3112/3112/3112 3113/3113/3113 3114/3114/3114
f 3115/3115/3115 3116/3116/3116 3117/3117/3117
f 3118/3118/3118 3119/3119/3119 3120/3120/3120
f 3121/3121/3121 3122/3122/3122 3123/3123/3123
f 3124/3124/3124 3125/3125/3125 3126/3126/3126
f 3127/3127/3127 3128/3128/3128 3129/3129/3129
f 3130/3130/3130 3131/3131/3131 3132/3132/3132
f 3133/3133/3133 3134/3134/3134 3135/3135/3135
f 3136/3136/3136 3137/3137/3137 3138/3138/3138
f 3139/3139/3139 3140/3140/3140 3141/3141/3141
f 3142/3142/3142 3143/3143/3143 3144/3144/3144
f 3145/3145/3145 3146/3146/3146 3147/3147/3147
f 3148/3148/3148 3149/3149/3149 3150/3150/3150
f 3151/3151/3151 3152/3152/3152 3153/3153/3153
f 3154/3154/3154 3155/3155/3155 3156/3156/3156
f 3157/3157/3157 3158/3158/3158 3159/3159/3159
f 3160/3160/3160 3161/3161/3161 3162/3162/3162
f 3163/3163/3163 3164/3164/3164 3165/3165/3165
f 3166/3166/3166 3167/3167/3167 3168/3168/3168
f 3169/3169/3169 3170/3170/3170 3171/3171/3171
f 3172/3172/3172 3173/3173/3173 3174/3174/3174
f 3175/3175/3175 3176/3176/3176 3177/3177/3177
f 3178/3178/3178 3179/3179/3179 3180/3180/3180
f 3181/3181/3181 3182/3182/3182 3183/3183/3183
f 3184/3184/3184 3185/3185/3185 3186/3186/3186
f 3187/3187/3187 3188/3188/3188 3189/3189/3189
f 3190/3190/3190 3191/3191/3191 3192/3192/3192
f 3193/3193/3193 3194/3194/3194 3195/3195/3195
f 3196/3196/3196 3197/3197/3197 3198/3198/3198
f 3199/3199/3199 3200/3200/3200 3201/3201/3201
f 3202/3202/3202 3203/3203/3203 3204/3204/3204
f 3205/3205/3205 3206/3206/3206 3207/3207/3207
f 3208/3208/3208 3209/3209/3209 3210/3210/3210
f 3211/3211/3211 3212/3212/3212 3213/3213/3213
f 3214/3214/3214 3215/3215/3215 3216/3216/3216
f 3217/3217/3217 3218/3218/3218 3219/3219/3219
f 3220/3220/3220 3221/3221/3221 3222/3222/3222
f 3223/3223/3223 3224/3224/3224 3225/3225/3225
f 3226/3226/3226 3227/3227/3227 3228/3228/3228
f 3229/3229/3229 3230/3230/3230 3231/3231/3231
f 3232/3232/3232 3233/3233/3233 3234/3234/3234
f 3235/3235/3235 3236/3236/3236 3237/3237/3237
f 3238/3238/3238 3239/3239/3239 3240/3240/3240
f 3241/3241/3241 3242/3242/3242 3243/3243/3243
f 3244/3244/3244 3245/3245/3245 3246/3246/3246
f 3247/3247/3247 3248/3248/3248 3249/3249/3249
f 3250/3250/3250 3251/3251/3251 3252/3252/3252
f 3253/3253/3253 3254/3254/3254 3255/3255/3255
f 3256/3256/3256 3257/3257/3257 3258/3258/3258
f 3259/3259/3259 3260/3260/3260 3261/3261/3261
f 3262/3262/3262 3263/3263/3263 3264/3264/3264
f 3265/3265/3265 3266/3266/3266 3267/3267/3267
f 3268/3268/3268 3269/3269/3269 3270/3270/3270
f 3271/3271/3271 3272/3272/3272 3273/3273/3273
f 3274/3274/3274 3275/3275/3275 3276/3276/3276
f 3277/3277/3277 3278/3278/3278 3279/3279/3279
f 3280/3280/3280 3281/3281/3281 3282/3282/3282
f 3283/3283/3283 3284/3284/3284 3285/3285/3285
f 3286/3286/3286 3287/3287/3287 3288/3288/3288
f 3289/3289/3289 3290/3290/3290 3291/3291/3291
f 3292/3292/3292 3293/3293/3293 3294/3294/3294
f 3295/3295/3295 3296/3296/3296 3297/3297/3297
f 3298/3298/3298 3299/3299/3299 3300/3300/3300
f 3301/3301/3301 3302/3302/3302 3303/3303/3303
f 3304/3304/3304 3305/3305/3305 3306/3306/3306
f 3307/3307/3307 3308/3308/3308 3309/3309/3309
f 3310/3310/3310 3311/3311/3311 3312/3312/3312
f 3313/3313/3313 3314/3314/3314 3315/3315/3315
f 3316/3316/3316 3317/3317/3317 3318/3318/3318
f 3319/3319/3319 3320/3320/3320 3321/3321/3321
f 3322/3322/3322 3323/3323/3323 3324/3324/3324
f 3325/3325/3325 3326/3326/3326 3327/3327/3327
f 3328/3328/3328 3329/3329/3329 3330/3330/3330
f 3331/3331/3331 3332/3332/3332 3333/3333/3333
f 3334/3334/3334 3335/3335/3335 3336/3336/3336
f 3337/3337/3337 3338/3338/3338 3339/3339/3339
f 3340/3340/3340 3341/3341/3341 3342/3342/3342
f 3343/3343/3343 3344/3344/3344 3345/3345/3345
f 3346/3346/3346 3347/3347/3347 3348/3348/3348
f 3349/3349/3349 3350/3350/3350 3351/3351/3351
f 3352/3352/3352 3353/3353/3353 3354/3354/3354
f 3355/3355/3355 3356/3356/3356 3357/3357/3357
f 3358/3358/3358 3359/3359/3359 3360/3360/3360
f 3361/3361/3361 3362/3362/3362 3363/3363/3363
f 3364/3364/3364 3365/3365/3365 3366/3366/3366
f 3367/3367/3367 3368/3368/3368 3369/3369/3369
f 3370/3370/3370 3371/3371/3371 3372/3372/3372
f 3373/3373/3373 3374/3374/3374 3375/3375/3375
f 3376/3376/3376 3377/3377/3377 3378/3378/3378
f 3379/3379/3379 3380/3380/3380 3381/3381/3381
f 3382/3382/3382 3383/3383/3383 3384/3384/3384
f 3385/3385/3385 3386/3386/3386 3387/3387/3387
f 3388/3388/3388 3389/3389/3389 3390/3390/3390
f 3391/3391/3391 3392/3392/3392 3393/3393/3393
f 3394/3394/3394 3395/3395/3395 3396/3396/3396
f 3397/3397/3397 3398/3398/3398 3399/3399/3399
f 3400/3400/3400 3401/3401/3401 3402/3402/3402
f 3403/3403/3403 3404/3404/3404 3405/3405/3405
f 3406/3406/3406 3407/3407/3407 3408/3408/3408
f 3409/3409/3409 3410/3410/3410 3411/3411/3411
f 3412/3412/3412 3413/3413/3413 3414/3414/3414
f 3415/3415/3415 3416/3416/3416 3417/3417/3417
f 3418/3418/3418 3419/3419/3419 3420/3420/3420
f 3421/3421/3421 3422/3422/3422 3423/3423/3423
f 3424/3424/3424 3425/3425/3425 3426/3426/3426
f 3427/3427/3427 3428/3428/3428 3429/3429/3429
f 3430/3430/3430 3431/3431/3431 3432/3432/3432
f 3433/3433/3433 3434/3434/3434 3435/3435/3435
f 3436/3436/3436 3437/3437/3437 3438/3438/3438
f 3439/3439/3439 3440/3440/3440 3441/3441/3441
f 3442/3442/3442 3443/3443/3443 3444/3444/3444
f 3445/3445/3445 3446/3446/3446 3447/3447/3447
f 3448/3448/3448 3449/3449/3449 3450/3450/3450
f 3451/3451/3451 3452/3452/3452 3453/3453/3453
f 3454/3454/3454 3455/3455/3455 3456/3456/3456
f 3457/3457/3457 3458/3458/3458 3459/3459/3459
f 3460/3460/3460 3461/3461/3461 3462/3462/3462
f 3463/3463/3463 3464/3464/3464 3465/3465/3465
f 3466/3466/3466 3467/3467/3467 3468/3468/3468
f 3469/3469/3469 3470/3470/3470 3471/3471/3471
f 3472/3472/3472 3473/3473/3473 3474/3474/3474
f 3475/3475/3475 3476/3476/3476 3477/3477/3477
f 3478/3478/3478 3479/3479/3479 3480/3480/3480
f 3481/3481/3481 3482/3482/3482 3483/3483/3483
f 3484/3484/3484 3485/3485/3485 3486/3486/3486
f 3487/3487/3487 3488/3488/3488 3489/3489/3489
f 3490/3490/3490 3491/3491/3491 3492/3492/3492
f 3493/3493/3493 3494/3494/3494 3495/3495/3495
f 3496/3496/3496 3497/3497/3497 3498/3498/3498
f 3499/3499/3499 3500/3500/3500 3501/3501/3501
f 3502/3502/3502 3503/3503/3503 3504/3504/3504
f 3505/3505/3505 3506/3506/3506 3507/3507/3507
f 3508/3508/3508 3509/3509/3509 3510/3510/3510
f 3511/3511/3511 3512/3512/3512 3513/3513/3513
f 3514/3514/3514 3515/3515/3515 3516/3516/3516
f 3517/3517/3517 3518/3518/3518 3519/3519/3519
f 3520/3520/3520 3521/3521/3521 3522/3522/3522
f 3523/3523/3523 3524/3524/3524 3525/3525/3525
f 3526/3526/3526 3527/3527/3527 3528/3528/3528
f 3529/3529/3529 3530/3530/3530 3531/3531/3531
f 3532/3532/3532 3533/3533/3533 3534/3534/3534
f 3535/3535/3535 3536/3536/3536 3537/3537/3537
f 3538/3538/3538 3539/3539/3539 3540/3540/3540
f 3541/3541/3541 3542/3542/3542 3543/3543/3543
f 3544/3544/3544 3545/3545/3545 3546/3546/3546
f 3547/3547/3547 3548/3548/3548 3549/3549/3549
f 3550/3550/3550 3551/3551/3551 3552/3552/3552
f 3553/3553/3553 3554/3554/3554 3555/3555/3555
f 3556/3556/3556 3557/3557/3557 3558/3558/3558
f 3559/3559/3559 3560/3560/3560 3561/3561/3561
f 3562/3562/3562 3563/3563/3563 3564/3564/3564
f 3565/3565/3565 3566/3566/3566 3567/3567/3567
f 3568/3568/3568 3569/3569/3569 3570/3570/3570
f 3571/3571/3571 3572/3572/3572 3573/3573/3573
f 3574/3574/3574 3575/3575/3575 3576/3576/3576
f 3577/3577/3577 3578/3578/3578 3579/3579/3579
f 3580/3580/3580 3581/3581/3581 3582/3582/3582
f 3583/3583/3583 3584/3584/3584 3585/3585/3585
f 3586/3586/3586 3587/3587/3587 3588/3588/3588
f 3589/3589/3589 3590/3590/3590 3591/3591/3591
f 3592/3592/3592 3593/3593/3593 3594/3594/3594
f 3595/3595/3595 3596/3596/3596 3597/3597/3597
f 3598/3598/3598 3599/3599/3599 3600/3600/3600
f 3601/3601/3601 3602/3602/3602 3603/3603/3603
f 3604/3604/3604 3605/3605/3605 3606/3606/3606
f 3607/3607/3607 3608/3608/3608 3609/3609/3609
f 3610/3610/3610 3611/3611/3611 3612/3612/3612
f 3613/3613/3613 3614/3614/3614 3615/3615/3615
f 3616/3616/3616 3617/3617/3617 3618/3618/3618
f 3619/3619/3619 3620/3620/3620 3621/3621/3621
f 3622/3622/3622 3623/3623/3623 3624/3624/3624
f 3625/3625/3625 3626/3626/3626 3627/3627/3627
f 3628/3628/3628 3629/3629/3629 3630/3630/3630
f 3631/3631/3631 3632/3632/3632 3633/3633/3633
f 3634/3634/3634 3635/3635/3635 3636/3636/3636
f 3637/3637/3637 3638/3638/3638 3639/3639/3639
f 3640/3640/3640 3641/3641/3641 3642/3642/3642
f 3643/3643/3643 3644/3644/3644 3645/3645/3645
f 3646/3646/3646 3647/3647/3647 3648/3648/3648
f 3649/3649/3649 3650/3650/3650 3651/3651/3651
f 3652/3652/3652 3653/3653/3653 3654/3654/3654
f 3655/3655/3655 3656/3656/3656 3657/3657/3657
f 3658/3658/3658 3659/3659/3659 3660/3660/3660
f 3661/3661/3661 3662/3662/3662 3663/3663/3663
f 3664/3664/3664 3665/3665/3665 3666/3666/3666
f 3667/3667/3667 3668/3668/3668 3669/3669/3669
f 3670/3670/3670 3671/3671/3671 3672/3672/3672
f 3673/3673/3673 3674/3674/3674 3675/3675/3675
f 3676/3676/3676 3677/3677/3677 3678/3678/3678
f 3679/3679/3679 3680/3680/3680 3681/3681/3681
f 3682/3682/3682 3683/3683/3683 3684/3684/3684
f 3685/3685/3685 3686/3686/3686 3687/3687/3687
f 3688/3688/3688 3689/3689/3689 3690/3690/3690
f 3691/3691/3691 3692/3692/3692 3693/3693/3693
f 3694/3694/3694 3695/3695/3695 3696/3696/3696
f 3697/3697/3697 3698/3698/3698 3699/3699/3699
f 3700/3700/3700 3701/3701/3701 3702/3702/3702
f 3703/3703/3703 3704/3704/3704 3705/3705/3705
f 3706/3706/3706 3707/3707/3707 3708/3708/3708
f 3709/3709/3709 3710/3710/3710 3711/3711/3711
f 3712/3712/3712 3713/3713/3713 3714/3714/3714
f 3715/3715/3715 3716/3716/3716 3717/3717/3717
f 3718/3718/3718 3719/3719/3719 3720/3720/3720
f 3721/3721/3721 3722/3722/3722 3723/3723/3723
f 3724/3724/3724 3725/3725/3725 3726/3726/3726
f 3727/3727/3727 3728/3728/3728 3729/3729/3729
f 3730/3730/3730 3731/3731/3731 3732/3732/3732
f 3733/3733/3733 3734/3734/3734 3735/3735/3735
f 3736/3736/3736 3737/3737/3737 3738/3738/3738
f 3739/3739/3739 3740/3740/3740 3741/3741/3741
f 3742/3742/3742 3743/3743/3743 3744/3744/3744
f 3745/3745/3745 3746/3746/3746 3747/3747/3747
f 3748/3748/3748 3749/3749/3749 3750/3750/3750
f 3751/3751/3751 3752/3752/3752 3753/3753/3753
f 3754/3754/3754 3755/3755/3755 3756/3756/3756
f 3757/3757/3757 3758/3758/3758 3759/3759/3759
f 3760/3760/3760 3761/3761/3761 3762/3762/3762
f 3763/3763/3763 3764/3764/3764 3765/3765/3765
f 3766/3766/3766 3767/3767/3767 3768/3768/3768
f 3769/3769/3769 3770/3770/3770 3771/3771/3771
f 3772/3772/3772 3773/3773/3773 3774/3774/3774
f 3775/3775/3775 3776/3776/3776 3777/3777/3777
f 3778/3778/3778 3779/3779/3779 3780/3780/3780
f 3781/3781/3781 3782/3782/3782 3783/3783/3783
f 3784/3784/3784 3785/3785/3785 3786/3786/3786
f 3787/3787/3787 3788/3788/3788 3789/3789/3789
f 3790/3790/3790 3791/3791/3791 3792/3792/3792
f 3793/3793/3793 3794/3794/3794 3795/3795/3795
f 3796/3796/3796 3797/3797/3797 3798/3798/3798
f 3799/3799/3799 3800/3800/3800 3801/3801/3801
f 3802/3802/3802 3803/3803/3803 3804/3804/3804
f 3805/3805/3805 3806/3806/3806 3807/3807/3807
f 3808/3808/3808 3809/3809/3809 3810/3810/3810
f 3811/3811/3811 3812/3812/3812 3813/3813/3813
f 3814/3814/3814 3815/3815/3815 3816/3816/3816
f 3817/3817/3817 3818/3818/3818 3819/3819/3819
f 3820/3820/3820 3821/3821/3821 3822/3822/3822
f 3823/3823/3823 3824/3824/3824 3825/3825/3825
f 3826/3826/3826 3827/3827/3827 3828/3828/3828
f 3829/3829/3829 3830/3830/3830 3831/3831/3831
f 3832/3832/3832 3833/3833/3833 3834/3834/3834
f 3835/3835/3835 3836/3836/3836 3837/3837/3837
f 3838/3838/3838 3839/3839/3839 3840/3840/3840
f 3841/3841/3841 3842/3842/3842 3843/3843/3843
f 3844/3844/3844 3845/3845/3845 3846/3846/3846
f 3847/3847/3847 3848/3848/3848 3849/3849/3849
f 3850/3850/3850 3851/3851/3851 3852/3852/3852
f 3853/3853/3853 3854/3854/3854 3855/3855/3855
f 3856/3856/3856 3857/3857/3857 3858/3858/3858
f 3859/3859/3859 3860/3860/3860 3861/3861/3861
f 3862/3862/3862 3863/3863/3863 3864/3864/3864
f 3865/3865/3865 3866/3866/3866 3867/3867/3867
f 3868/3868/3868 3869/3869/3869 3870/3870/3870
f 3871/3871/3871 3872/3872/3872 3873/3873/3873
f 3874/3874/3874 3875/3875/3875 3876/3876/3876
f 3877/3877/3877 3878/3878/3878 3879/3879/3879
f 3880/3880/3880 3881/3881/3881 3882/3882/3882
f 3883/3883/3883 3884/3884/3884 3885/3885/3885
f 3886/3886/3886 3887/3887/3887 3888/3888/3888
f 3889/3889/3889 3890/3890/3890 3891/3891/3891
f 3892/3892/3892 3893/3893/3893 3894/3894/3894
f 3895/3895/3895 3896/3896/3896 3897/3897/3897
f 3898/3898/3898 3899/3899/3899 3900/3900/3900
f 3901/3901/3901 3902/3902/3902 3903/3903/3903
f 3904/3904/3904 3905/3905/3905 3906/3906/3906
f 3907/3907/3907 3908/3908/3908 3909/3909/3909
f 3910/3910/3910 3911/3911/3911 3912/3912/3912
f 3913/3913/3913 3914/3914/3914 3915/3915/3915
f 3916/3916/3916 3917/3917/3917 3918/3918/3918
f 3919/3919/3919 3920/3920/3920 3921/3921/3921
f 3922/3922/3922 3923/3923/3923 3924/3924/3924
f 3925/3925/3925 3926/3926/3926 3927/3927/3927
f 3928/3928/3928 3929/3929/3929 3930/3930/3930
f 3931/3931/3931 3932/3932/3932 3933/3933/3933
f 3934/3934/3934 3935/3935/3935 3936/3936/3936
f 3937/3937/3937 3938/3938/3938 3939/3939/3939
f 3940/3940/3940 3941/3941/3941 3942/3942/3942
f 3943/3943/3943 3944/3944/3944 3945/3945/3945
f 3946/3946/3946 3947/3947/3947 3948/3948/3948
f 3949/3949/3949 3950/3950/3950 3951/3951/3951
f 3952/3952/3952 3953/3953/3953 3954/3954/3954
f 3955/3955/3955 3956/3956/3956 3957/3957/3957
f 3958/3958/3958 3959/3959/3959 3960/3960/3960
f 3961/3961/3961 3962/3962/3962 3963/3963/3963
f 3964/3964/3964 3965/3965/3965 3966/3966/3966
f 3967/3967/3967 3968/3968/3968 3969/3969/3969
f 3970/3970/3970 3971/3971/3971 3972/3972/3972
f 3973/3973/3973 3974/3974/3974 3975/3975/3975
f 3976/3976/3976 3977/3977/3977 3978/3978/3978
f 3979/3979/3979 3980/3980/3980 3981/3981/3981
f 3982/3982/3982 3983/3983/3983 3984/3984/3984
f 3985/3985/3985 3986/3986/3986 3987/3987/3987
f 3988/3988/3988 3989/3989/3989 3990/3990/3990
f 3991/3991/3991 3992/3992/3992 3993/3993/3993
f 3994/3994/3994 3995/3995/3995 3996/3996/3996
f 3997/3997/3997 3998/3998/3998 3999/3999/3999
f 4000/4000/4000 4001/4001/4001 4002/4002/4002
f 4003/4003/4003 4004/4004/4004 4005/4005/4005
f 4006/4006/4006 4007/4007/4007 4008/4008/4008
f 4009/4009/4009 4010/4010/4010 4011/4011/4011
f 4012/4012/4012 4013/4013/4013 4014/4014/4014
f 4015/4015/4015 4016/4016/4016 4017/4017/4017
f 4018/4018/4018 4019/4019/4019 4020/4020/4020
f 4021/4021/4021 4022/4022/4022 4023/4023/4023
f 4024/4024/4024 4025/4025/4025 4026/4026/4026
f 4027/4027/4027 4028/4028/4028 4029/4029/4029
f 4030/4030/4030 4031/4031/4031 4032/4032/4032
f 4033/4033/4033 4034/4034/4034 4035/4035/4035
f 4036/4036/4036 4037/4037/4037 4038/4038/4038
f 4039/4039/4039 4040/4040/4040 4041/4041/4041
f 4042/4042/4042 4043/4043/4043 4044/4044/4044
f 4045/4045/4045 4046/4046/4046 4047/4047/4047
f 4048/4048/4048 4049/4049/4049 4050/4050/4050
f 4051/4051/4051 4052/4052/4052 4053/4053/4053
f 4054/4054/4054 4055/4055/4055 4056/4056/4056
f 4057/4057/4057 4058/4058/4058 4059/4059/4059
f 4060/4060/4060 4061/4061/4061 4062/4062/4062
f 4063/4063/4063 4064/4064/4064 4065/4065/4065
f 4066/4066/4066 4067/4067/4067 4068/4068/4068
f 4069/4069/4069 4070/4070/4070 4071/4071/4071
f 4072/4072/4072 4073/4073/4073 4074/4074/4074
f 4075/4075/4075 4076/4076/4076 4077/4077/4077
f 4078/4078/4078 4079/4079/4079 4080/4080/4080
f 4081/4081/4081 4082/4082/4082 4083/4083/4083
f 4084/4084/4084 4085/4085/4085 4086/4086/4086
f 4087/4087/4087 4088/4088/4088 4089/4089/4089
f 4090/4090/4090 4091/4091/4091 4092/4092/4092
f 4093/4093/4093 4094/4094/4094 4095/4095/4095
f 4096/4096/4096 4097/4097/4097 4098/4098/4098
f 4099/4099/4099 4100/4100/4100 4101/4101/4101
f 4102/4102/4102 4103/4103/4103 4104/4104/4104
f 4105/4105/4105 4106/4106/4106 4107/4107/4107
f 4108/4108/4108 4109/4109/4109 4110/4110/4110
f 4111/4111/4111 4112/4112/4112 4113/4113/4113
f 4114/4114/4114 4115/4115/4115 4116/4116/4116
f 4117/4117/4117 4118/4118/4118 4119/4119/4119
f 4120/4120/4120 4121/4121/4121 4122/4122/4122
f 4123/4123/4123 4124/4124/4124 4125/4125/4125
f 4126/4126/4126 4127/4127/4127 4128/4128/4128
f 4129/4129/4129 4130/4130/4130 4131/4131/4131
f 4132/4132/4132 4133/4133/4133 4134/4134/4134
f 4135/4135/4135 4136/4136/4136 4137/4137/4137
f 4138/4138/4138 4139/4139/4139 4140/4140/4140
f 4141/4141/4141 4142/4142/4142 4143/4143/4143
f 4144/4144/4144 4145/4145/4145 4146/4146/4146
f 4147/4147/4147 4148/4148/4148 4149/4149/4149
f 4150/4150/4150 4151/4151/4151 4152/4152/4152
f 4153/4153/4153 4154/4154/4154 4155/4155/4155
f 4156/4156/4156 4157/4157/4157 4158/4158/4158
f 4159/4159/4159 4160/4160/4160 4161/4161/4161
f 4162/4162/4162 4163/4163/4163 4164/4164/4164
f 4165/4165/4165 4166/4166/4166 4167/4167/4167
f 4168/4168/4168 4169/4169/4169 4170/4170/4170
f 4171/4171/4171 4172/4172/4172 4173/4173/4173
f 4174/4174/4174 4175/4175/4175 4176/4176/4176
f 4177/4177/4177 4178/4178/4178 4179/4179/4179
f 4180/4180/4180 4181/4181/4181 4182/4182/4182
f 4183/4183/4183 4184/4184/4184 4185/4185/4185
f 4186/4186/4186 4187/4187/4187 4188/4188/4188
f 4189/4189/4189 4190/4190/4190 4191/4191/4191
f 4192/4192/4192 4193/4193/4193 4194/4194/4194
f 4195/4195/4195 4196/4196/4196 4197/4197/4197
f 4198/4198/4198 4199/4199/4199 4200/4200/4200
f 4201/4201/4201 4202/4202/4202 4203/4203/4203
f 4204/4204/4204 4205/4205/4205 4206/4206/4206
f 4207/4207/4207 4208/4208/4208 4209/4209/4209
f 4210/4210/4210 4211/4211/4211 4212/4212/4212
f 4213/4213/4213 4214/4214/4214 4215/4215/4215
f 4216/4216/4216 4217/4217/4217 4218/4218/4218
f 4219/4219/4219 4220/4220/4220 4221/4221/4221
f 4222/4222/4222 4223/4223/4223 4224/4224/4224
f 4225/4225/4225 4226/4226/4226 4227/4227/4227
f 4228/4228/4228 4229/4229/4229 4230/4230/4230
f 4231/4231/4231 4232/4232/4232 4233/4233/4233
f 4234/4234/4234 4235/4235/4235 4236/4236/4236
f 4237/4237/4237 4238/4238/4238 4239/4239/4239
f 4240/4240/4240 4241/4241/4241 4242/4242/4242
f 4243/4243/4243 4244/4244/4244 4245/4245/4245
f 4246/4246/4246 4247/4247/4247 4248/4248/4248
f 4249/4249/4249 4250/4250/4250 4251/4251/4251
f 4252/4252/4252 4253/4253/4253 4254/4254/4254
f 4255/4255/4255 4256/4256/4256 4257/4257/4257
f 4258/4258/4258 4259/4259/4259 4260/4260/4260
f 4261/4261/4261 4262/4262/4262 4263/4263/4263
f 4264/4264/4264 4265/4265/4265 4266/4266/4266
f 4267/4267/4267 4268/4268/4268 4269/4269/4269
f 4270/4270/4270 4271/4271/4271 4272/4272/4272
f 4273/4273/4273 4274/4274/4274 4275/4275/4275
f 4276/4276/4276 4277/4277/4277 4278/4278/4278
f 4279/4279/4279 4280/4280/4280 4281/4281/4281
f 4282/4282/4282 4283/4283/4283 4284/4284/4284
f 4285/4285/4285 4286/4286/4286 4287/4287/4287
f 4288/4288/4288 4289/4289/4289 4290/4290/4290
f 4291/4291/4291 4292/4292/4292 4293/4293/4293
f 4294/4294/4294 4295/4295/4295 4296/4296/4296
f 4297/4297/4297 4298/4298/4298 4299/4299/4299
f 4300/4300/4300 4301/4301/4301 4302/4302/4302
f 4303/4303/4303 4304/4304/4304 4305/4305/4305
f 4306/4306/4306 4307/4307/4307 4308/4308/4308
f 4309/4309/4309 4310/4310/4310 4311/4311/4311
f 4312/4312/4312 4313/4313/4313 4314/4314/4314
f 4315/4315/4315 4316/4316/4316 4317/4317/4317
f 4318/4318/4318 4319/4319/4319 4320/4320/4320
f 4321/4321/4321 4322/4322/4322 4323/4323/4323
f 4324/4324/4324 4325/4325/4325 4326/4326/4326
f 4327/4327/4327 4328/4328/4328 4329/4329/4329
f 4330/4330/4330 4331/4331/4331 4332/4332/4332
f 4333/4333/4333 4334/4334/4334 4335/4335/4335
f 4336/4336/4336 4337/4337/4337 4338/4338/4338
f 4339/4339/4339 4340/4340/4340 4341/4341/4341
f 4342/4342/4342 4343/4343/4343 4344/4344/4344
f 4345/4345/4345 4346/4346/4346 4347/4347/4347
f 4348/4348/4348 4349/4349/4349 4350/4350/4350
f 4351/4351/4351 4352/4352/4352 4353/4353/4353
f 4354/4354/4354 4355/4355/4355 4356/4356/4356
f 4357/4357/4357 4358/4358/4358 4359/4359/4359
f 4360/4360/4360 4361/4361/4361 4362/4362/4362
f 4363/4363/4363 4364/4364/4364 4365/4365/4365
f 4366/4366/4366 4367/4367/4367 4368/4368/4368
f 4369/4369/4369 4370/4370/4370 4371/4371/4371
f 4372/4372/4372 4373/4373/4373 4374/4374/4374
f 4375/4375/4375 4376/4376/4376 4377/4377/4377
f 4378/4378/4378 4379/4379/4379 4380/4380/4380
f 4381/4381/4381 4382/4382/4382 4383/4383/4383
f 4384/4384/4384 4385/4385/4385 4386/4386/4386
f 4387/4387/4387 4388/4388/4388 4389/4389/4389
f 4390/4390/4390 4391/4391/4391 4392/4392/4392
f 4393/4393/4393 4394/4394/4394 4395/4395/4395
f 4396/4396/4396 4397/4397/4397 4398/4398/4398
f 4399/4399/4399 4400/4400/4400 4401/4401/4401
f 4402/4402/4402 4403/4403/4403 4404/4404/4404
f 4405/4405/4405 4406/4406/4406 4407/4407/4407
f 4408/4408/4408 4409/4409/4409 4410/4410/4410
f 4411/4411/4411 4412/4412/4412 4413/4413/4413
f 4414/4414/4414 4415/4415/4415 4416/4416/4416
f 4417/4417/4417 4418/4418/4418 4419/4419/4419
f 4420/4420/4420 4421/4421/4421 4422/4422/4422
f 4423/4423/4423 4424/4424/4424 4425/4425/4425
f 4426/4426/4426 4427/4427/4427 4428/4428/4428
f 4429/4429/4429 4430/4430/4430 4431/4431/4431
f 4432/4432/4432 4433/4433/4433 4434/4434/4434
f 4435/4435/4435 4436/4436/4436 4437/4437/4437
f 4438/4438/4438 4439/4439/4439 4440/4440/4440
f 4441/4441/4441 4442/4442/4442 4443/4443/4443
f 4444/4444/4444 4445/4445/4445 4446/4446/4446
f 4447/4447/4447 4448/4448/4448 4449/4449/4449
f 4450/4450/4450 4451/4451/4451 4452/4452/4452
f 4453/4453/4453 4454/4454/4454 4455/4455/4455
f 4456/4456/4456 4457/4457/4457 4458/4458/4458
f 4459/4459/4459 4460/4460/4460 4461/4461/4461
f 4462/4462/4462 4463/4463/4463 4464/4464/4464
f 4465/4465/4465 4466/4466/4466 4467/4467/4467
f 4468/4468/4468 4469/4469/4469 4470/4470/4470
f 4471/4471/4471 4472/4472/4472 4473/4473/4473
f 4474/4474/4474 4475/4475/4475 4476/4476/4476
f 4477/4477/4477 4478/4478/4478 4479/4479/4479
f 4480/4480/4480 4481/4481/4481 4482/4482/4482
f 4483/4483/4483 4484/4484/4484 4485/4485/4485
f 4486/4486/4486 4487/4487/4487 4488/4488/4488
f 4489/4489/4489 4490/4490/4490 4491/4491/4491
f 4492/4492/4492 4493/4493/4493 4494/4494/4494
f 4495/4495/4495 4496/4496/4496 4497/4497/4497
f 4498/4498/4498 4499/4499/4499 4500/4500/4500
f 4501/4501/4501 4502/4502/4502 4503/4503/4503
f 4504/4504/4504 4505/4505/4505 4506/4506/4506
f 4507/4507/4507 4508/4508/4508 4509/4509/4509
f 4510/4510/4510 4511/4511/4511 4512/4512/4512
f 4513/4513/4513 4514/4514/4514 4515/4515/4515
f 4516/4516/4516 4517/4517/4517 4518/4518/4518
