o shinLeft
usemtl 黑色
v -0.010999970138072968 0.03269999846816063 -0.14800000190734863
v -0.0029999609105288982 0.03269999846816063 -0.14101700484752655
v -0.007999955676496029 0.03269999846816063 -0.1431179940700531
v -0.010999970138072968 0.03269999846816063 -0.14800000190734863
v -0.007999955676496029 0.03269999846816063 -0.1431179940700531
v -0.015999969094991684 0.03269999846816063 -0.14800000190734863
v -0.015999969094991684 0.03269999846816063 -0.14800000190734863
v -0.007999955676496029 0.03269999846816063 -0.1431179940700531
v -0.023898949846625328 0.03269999846816063 -0.1431179940700531
v -0.015999969094991684 0.03269999846816063 -0.14800000190734863
v -0.023898949846625328 0.03269999846816063 -0.1431179940700531
v -0.015999969094991684 0.03269999846816063 -0.15150000154972076
v -0.015999969094991684 0.03269999846816063 -0.15150000154972076
v -0.023898949846625328 0.03269999846816063 -0.1431179940700531
v -0.029698960483074188 0.03269999846816063 -0.15150000154972076
v -0.015361960045993328 0.03269999846816063 -0.14862500131130219
v -0.015999969094991684 0.03269999846816063 -0.15150000154972076
v -0.010999970138072968 0.03269999846816063 -0.14800000190734863
v -0.010999970138072968 0.03269999846816063 -0.14800000190734863
v -0.015999969094991684 0.03269999846816063 -0.15150000154972076
v -0.004999995231628418 0.03269999846816063 -0.15150000154972076
v -0.0029999609105288982 0.03269999846816063 -0.14949999749660492
v -0.0029999609105288982 0.03269999846816063 -0.14101700484752655
v -0.010999970138072968 0.03269999846816063 -0.14800000190734863
v -0.0029999609105288982 0.03269999846816063 -0.14949999749660492
v -0.010999970138072968 0.03269999846816063 -0.14800000190734863
v -0.004999995231628418 0.03269999846816063 -0.15150000154972076
v 0.0011479849927127361 0.03269999846816063 -0.13877199590206146
v -0.0018369549652561545 0.03258097171783447 -0.1335570067167282
v -0.0029139509424567223 0.03251897916197777 -0.13925300538539886
v 0.00308799697086215 0.03269999846816063 -0.13433000445365906
v -0.0018369549652561545 0.03258097171783447 -0.1335570067167282
v 0.0027719729114323854 0.03269999846816063 -0.13714799284934998
v 0.0027719729114323854 0.03269999846816063 -0.13714799284934998
v -0.0018369549652561545 0.03258097171783447 -0.1335570067167282
v 0.0011479849927127361 0.03269999846816063 -0.13877199590206146
v 0.002878963015973568 0.033008988946676254 -0.20284299552440643
v 0.00308799697086215 0.03269999846816063 -0.20167000591754913
v -0.0020619630813598633 0.032505981624126434 -0.2024269998073578
v -0.0020619630813598633 0.032505981624126434 -0.2024269998073578
v 0.00308799697086215 0.03269999846816063 -0.20167000591754913
v -0.002043962012976408 0.032673951238393784 -0.19702500104904175
v -0.002043962012976408 0.032673951238393784 -0.19702500104904175
v 0.00308799697086215 0.03269999846816063 -0.20167000591754913
v 0.0023099780082702637 0.03219997137784958 -0.19904300570487976
v -0.002043962012976408 0.032673951238393784 -0.19702500104904175
v 0.0023099780082702637 0.03219997137784958 -0.19904300570487976
v 0.000957000011112541 0.03219997137784958 -0.1976899951696396
v -0.0029999609105288982 0.03269999846816063 -0.19498300552368164
v -0.0029999609105288982 0.03269999846816063 -0.18649999797344208
v -0.007999955676496029 0.03269999846816063 -0.1928820013999939
v -0.011744970455765724 0.03269999846816063 -0.18785400688648224
v -0.015999969094991684 0.03269999846816063 -0.18449999392032623
v -0.02382498048245907 0.03269898146390915 -0.19294199347496033
v -0.011744970455765724 0.03269999846816063 -0.18785400688648224
v -0.007999955676496029 0.03269999846816063 -0.1928820013999939
v -0.010999970138072968 0.03269999846816063 -0.18400000035762787
v -0.010999970138072968 0.03269999846816063 -0.18400000035762787
v -0.007999955676496029 0.03269999846816063 -0.1928820013999939
v -0.0029999609105288982 0.03269999846816063 -0.18649999797344208
v -0.004999995231628418 0.03269999846816063 -0.18449999392032623
v -0.010999970138072968 0.03269999846816063 -0.18400000035762787
v -0.0029999609105288982 0.03269999846816063 -0.18649999797344208
v -0.02382498048245907 0.03269898146390915 -0.19294199347496033
v -0.015999969094991684 0.03269999846816063 -0.18449999392032623
v -0.030584989115595818 0.03269999846816063 -0.18396300077438354
v -0.007999955676496029 0.03269999846816063 -0.1928820013999939
v -0.011744970455765724 0.03269999846816063 -0.18785400688648224
v -0.02382498048245907 0.03269898146390915 -0.19294199347496033
v -0.015361960045993328 0.03269999846816063 -0.14862500131130219
v -0.010999970138072968 0.03269999846816063 -0.14800000190734863
v -0.015999969094991684 0.03269999846816063 -0.14800000190734863
v -0.015361960045993328 0.03269999846816063 -0.14862500131130219
v -0.015999969094991684 0.03269999846816063 -0.14800000190734863
v -0.015999969094991684 0.03269999846816063 -0.15150000154972076
v 0.002734958892688155 0.03598295897245407 -0.1353210061788559
v -0.004981994163244963 0.035999950021505356 -0.13588400185108185
v 0.0028329489286988974 0.035267941653728485 -0.13384999334812164
v 0.0028329489286988974 0.035267941653728485 -0.13384999334812164
v -0.004981994163244963 0.035999950021505356 -0.13588400185108185
v -0.0012849560007452965 0.035267941653728485 -0.13375599682331085
v 0.0028329489286988974 0.035267941653728485 -0.13384999334812164
v -0.0012849560007452965 0.035267941653728485 -0.13375599682331085
v -0.0010139939840883017 0.03319995850324631 -0.1330150067806244
v 0.0028329489286988974 0.035267941653728485 -0.13384999334812164
v -0.0010139939840883017 0.03319995850324631 -0.1330150067806244
v 0.002878963015973568 0.033008988946676254 -0.13315699994564056
v -0.005495965015143156 0.03436499089002609 -0.1335909068584442
v -0.005529998801648617 0.03299998864531517 -0.13344000279903412
v -0.0010139939840883017 0.03319995850324631 -0.1330150067806244
v -0.005495965015143156 0.03436499089002609 -0.1335909068584442
v -0.0010139939840883017 0.03319995850324631 -0.1330150067806244
v -0.0012849560007452965 0.035267941653728485 -0.13375599682331085
v -0.005495965015143156 0.03436499089002609 -0.1335909068584442
v -0.0012849560007452965 0.035267941653728485 -0.13375599682331085
v -0.004981994163244963 0.035999950021505356 -0.13588400185108185
v -0.005368947051465511 0.035267941653728485 -0.2018440067768097
v 0.0028519630432128906 0.034916989505290985 -0.20244200527668
v -0.0010139939840883017 0.03319995850324631 -0.2029850035905838
v -0.0010139939840883017 0.03319995850324631 -0.2029850035905838
v 0.0028519630432128906 0.034916989505290985 -0.20244200527668
v 0.002878963015973568 0.033008988946676254 -0.20284299552440643
v 0.0028519630432128906 0.034916989505290985 -0.20244200527668
v -0.005368947051465511 0.035267941653728485 -0.2018440067768097
v -0.005169987212866545 0.03584599122405052 -0.20096200704574585
v 0.0028519630432128906 0.034916989505290985 -0.20244200527668
v -0.005169987212866545 0.03584599122405052 -0.20096200704574585
v 0.0027169580571353436 0.035999950021505356 -0.20038600265979767
v -0.005368947051465511 0.035267941653728485 -0.2018440067768097
v -0.0010139939840883017 0.03319995850324631 -0.2029850035905838
v -0.0060859909281134605 0.03433698043227196 -0.2020788937807083
v 0.025892969220876694 0.03599900007247925 -0.18777599930763245
v 0.027434999123215675 0.035903990268707275 -0.1857070028781891
v 0.028398990631103516 0.035267941653728485 -0.18717700242996216
v 0.023274950683116913 0.03598295897245407 -0.19110099971294403
v 0.025892969220876694 0.03599900007247925 -0.18777599930763245
v 0.028398990631103516 0.035267941653728485 -0.18717700242996216
v 0.023274950683116913 0.03598295897245407 -0.19110099971294403
v 0.028398990631103516 0.035267941653728485 -0.18717700242996216
v 0.024659989401698112 0.03466600179672241 -0.19242900609970093
v 0.0285719595849514 0.03269999846816063 -0.1873359978199005
v 0.0248409491032362 0.033008988946676254 -0.1926019936800003
v 0.028861990198493004 0.03436499089002609 -0.1875240057706833
v 0.028861990198493004 0.03436499089002609 -0.1875240057706833
v 0.0248409491032362 0.033008988946676254 -0.1926019936800003
v 0.024659989401698112 0.03466600179672241 -0.19242900609970093
v 0.028861990198493004 0.03436499089002609 -0.1875240057706833
v 0.024659989401698112 0.03466600179672241 -0.19242900609970093
v 0.028398990631103516 0.035267941653728485 -0.18717700242996216
v 0.024759940803050995 0.03599900007247925 -0.1468230038881302
v 0.021685000509023666 0.035853978246450424 -0.1478540003299713
v 0.02390897087752819 0.0357089601457119 -0.14429189264774323
v 0.024759940803050995 0.03599900007247925 -0.1468230038881302
v 0.02390897087752819 0.0357089601457119 -0.14429189264774323
v 0.02767598070204258 0.03584599122405052 -0.14936499297618866
v 0.02767598070204258 0.03584599122405052 -0.14936499297618866
v 0.02390897087752819 0.0357089601457119 -0.14429189264774323
v 0.028753990307450294 0.03466897830367088 -0.14855800569057465
v 0.028753990307450294 0.03466897830367088 -0.14855800569057465
v 0.02390897087752819 0.0357089601457119 -0.14429189264774323
v 0.024550970643758774 0.034916989505290985 -0.1436759978532791
v 0.02486795000731945 0.03319995850324631 -0.14337100088596344
v 0.0285719595849514 0.03269999846816063 -0.14866389334201813
v 0.028753990307450294 0.03466897830367088 -0.14855800569057465
v 0.02486795000731945 0.03319995850324631 -0.14337100088596344
v 0.028753990307450294 0.03466897830367088 -0.14855800569057465
v 0.024550970643758774 0.034916989505290985 -0.1436759978532791
v 0.0028329489286988974 0.035267941653728485 -0.13384999334812164
v 0.003943978808820248 0.03547995910048485 -0.13498300313949585
v 0.002734958892688155 0.03598295897245407 -0.1353210061788559
v 0.004429996013641357 0.03294998034834862 -0.13421599566936493
v 0.003943978808820248 0.03547995910048485 -0.13498300313949585
v 0.0028329489286988974 0.035267941653728485 -0.13384999334812164
v 0.004429996013641357 0.03294998034834862 -0.13421599566936493
v 0.0028329489286988974 0.035267941653728485 -0.13384999334812164
v 0.002878963015973568 0.033008988946676254 -0.13315699994564056
v 0.01888597011566162 0.03584795817732811 -0.14651800692081451
v 0.02274595946073532 0.035484958440065384 -0.14376600086688995
v 0.021685000509023666 0.035853978246450424 -0.1478540003299713
v 0.0146749597042799 0.033008988946676254 -0.1458970010280609
v 0.014620950445532799 0.03476500138640404 -0.14600899815559387
v 0.010760960169136524 0.033008988946676254 -0.14492399990558624
v 0.010760960169136524 0.033008988946676254 -0.14492399990558624
v 0.014620950445532799 0.03476500138640404 -0.14600899815559387
v 0.010776990093290806 0.03476500138640404 -0.14505699276924133
v 0.010760960169136524 0.033008988946676254 -0.14492399990558624
v 0.010776990093290806 0.03476500138640404 -0.14505699276924133
v 0.007160961162298918 0.03269999846816063 -0.14286600053310394
v 0.007160961162298918 0.03269999846816063 -0.14286600053310394
v 0.010776990093290806 0.03476500138640404 -0.14505699276924133
v 0.007545948028564453 0.03476500138640404 -0.14276699721813202
v 0.01854795031249523 0.03476500138640404 -0.14549000561237335
v 0.02301895059645176 0.03349994868040085 -0.14282500743865967
v 0.02274595946073532 0.035484958440065384 -0.14376600086688995
v 0.02274595946073532 0.035484958440065384 -0.14376600086688995
v 0.01888597011566162 0.03584795817732811 -0.14651800692081451
v 0.01854795031249523 0.03476500138640404 -0.14549000561237335
v 0.01854795031249523 0.03476500138640404 -0.14549000561237335
v 0.01888597011566162 0.03584795817732811 -0.14651800692081451
v 0.014560990035533905 0.03584795817732811 -0.14708900451660156
v 0.01854795031249523 0.03476500138640404 -0.14549000561237335
v 0.014560990035533905 0.03584795817732811 -0.14708900451660156
v 0.014620950445532799 0.03476500138640404 -0.14600899815559387
v 0.014620950445532799 0.03476500138640404 -0.14600899815559387
v 0.014560990035533905 0.03584795817732811 -0.14708900451660156
v 0.010006959550082684 0.035999950021505356 -0.1467369943857193
v 0.014620950445532799 0.03476500138640404 -0.14600899815559387
v 0.010006959550082684 0.035999950021505356 -0.1467369943857193
v 0.010776990093290806 0.03476500138640404 -0.14505699276924133
v 0.010776990093290806 0.03476500138640404 -0.14505699276924133
v 0.010006959550082684 0.035999950021505356 -0.1467369943857193
v 0.006215989124029875 0.035999950021505356 -0.1440490037202835
v 0.010776990093290806 0.03476500138640404 -0.14505699276924133
v 0.006215989124029875 0.035999950021505356 -0.1440490037202835
v 0.007545948028564453 0.03476500138640404 -0.14276699721813202
v 0.007545948028564453 0.03476500138640404 -0.14276699721813202
v 0.006215989124029875 0.035999950021505356 -0.1440490037202835
v 0.0053749680519104 0.03476500138640404 -0.13945500552654266
v 0.0053749680519104 0.03476500138640404 -0.13945500552654266
v 0.003943978808820248 0.03547995910048485 -0.13498300313949585
v 0.004429996013641357 0.03294998034834862 -0.13421599566936493
v 0.01888597011566162 0.03584795817732811 -0.14651800692081451
v 0.021685000509023666 0.035853978246450424 -0.1478540003299713
v 0.021004969254136086 0.035999950021505356 -0.14883500337600708
v 0.01888597011566162 0.03584795817732811 -0.14651800692081451
v 0.021004969254136086 0.035999950021505356 -0.14883500337600708
v 0.014560990035533905 0.03584795817732811 -0.14708900451660156
v 0.014560990035533905 0.03584795817732811 -0.14708900451660156
v 0.021004969254136086 0.035999950021505356 -0.14883500337600708
v 0.010006959550082684 0.035999950021505356 -0.1467369943857193
v 0.0053749680519104 0.03476500138640404 -0.13945500552654266
v 0.006215989124029875 0.035999950021505356 -0.1440490037202835
v 0.002734958892688155 0.03598295897245407 -0.1353210061788559
v 0.0053749680519104 0.03476500138640404 -0.13945500552654266
v 0.002734958892688155 0.03598295897245407 -0.1353210061788559
v 0.003943978808820248 0.03547995910048485 -0.13498300313949585
v 0.02346700057387352 0.035999950021505356 -0.18950000405311584
v 0.025892969220876694 0.03599900007247925 -0.18777599930763245
v 0.023274950683116913 0.03598295897245407 -0.19110099971294403
v 0.023838989436626434 0.03584795817732811 -0.15567800402641296
v 0.024295980110764503 0.035961978137493134 -0.15116700530052185
v 0.02767598070204258 0.03584599122405052 -0.14936499297618866
v 0.02767598070204258 0.03584599122405052 -0.14936499297618866
v 0.024295980110764503 0.035961978137493134 -0.15116700530052185
v 0.025478949770331383 0.03569095954298973 -0.1485140025615692
v 0.02767598070204258 0.03584599122405052 -0.14936499297618866
v 0.025478949770331383 0.03569095954298973 -0.1485140025615692
v 0.024759940803050995 0.03599900007247925 -0.1468230038881302
v 0.023138990625739098 0.035999950021505356 -0.15147389471530914
v 0.017077980563044548 0.035999950021505356 -0.17368599772453308
v 0.017077980563044548 0.035999950021505356 -0.16231389343738556
v 0.006215989124029875 0.035999950021505356 -0.1440490037202835
v 0.010006959550082684 0.035999950021505356 -0.1467369943857193
v -0.005465983878821135 0.035999950021505356 -0.13916899263858795
v 0.023138990625739098 0.035999950021505356 -0.15147389471530914
v 0.017077980563044548 0.035999950021505356 -0.16231389343738556
v 0.010261950083076954 0.035999950021505356 -0.15321089327335358
v -0.004981994163244963 0.035999950021505356 -0.13588400185108185
v 0.002734958892688155 0.03598295897245407 -0.1353210061788559
v 0.006215989124029875 0.035999950021505356 -0.1440490037202835
v 0.010006959550082684 0.035999950021505356 -0.1467369943857193
v 0.021004969254136086 0.035999950021505356 -0.14883500337600708
v -0.02663498930633068 0.035999950021505356 -0.1493770033121109
v -0.02663498930633068 0.035999950021505356 -0.1493770033121109
v 0.021004969254136086 0.035999950021505356 -0.14883500337600708
v -0.0006510000093840063 0.035999950021505356 -0.15001200139522552
v -0.0006510000093840063 0.035999950021505356 -0.15001200139522552
v 0.021004969254136086 0.035999950021505356 -0.14883500337600708
v 0.023138990625739098 0.035999950021505356 -0.15147389471530914
v -0.0006510000093840063 0.035999950021505356 -0.15001200139522552
v 0.023138990625739098 0.035999950021505356 -0.15147389471530914
v 0.010261950083076954 0.035999950021505356 -0.15321089327335358
v 0.023138990625739098 0.035999950021505356 -0.1845259964466095
v 0.020846959203481674 0.035999950021505356 -0.17470799386501312
v 0.025376969948410988 0.035999950021505356 -0.1853490024805069
v 0.025376969948410988 0.035999950021505356 -0.1853490024805069
v 0.027434999123215675 0.035903990268707275 -0.1857070028781891
v 0.025892969220876694 0.03599900007247925 -0.18777599930763245
v -0.004981994163244963 0.035999950021505356 -0.13588400185108185
v 0.006215989124029875 0.035999950021505356 -0.1440490037202835
v -0.005465983878821135 0.035999950021505356 -0.13916899263858795
v -0.02663498930633068 0.035999950021505356 -0.1493770033121109
v -0.0006510000093840063 0.035999950021505356 -0.15001200139522552
v -0.0062999720685184 0.035999950021505356 -0.15113799273967743
v -0.02663498930633068 0.035999950021505356 -0.1493770033121109
v -0.0062999720685184 0.035999950021505356 -0.15113799273967743
v -0.023849960416555405 0.035999950021505356 -0.15769599378108978
v -0.02663498930633068 0.035999950021505356 -0.1493770033121109
v -0.023849960416555405 0.035999950021505356 -0.15769599378108978
v -0.0301129799336195 0.035999950021505356 -0.16367200016975403
v -0.02663498930633068 0.035999950021505356 -0.1493770033121109
v -0.0301129799336195 0.035999950021505356 -0.16367200016975403
v -0.033116988837718964 0.03584599122405052 -0.1639380007982254
v 0.0050649638287723064 0.035999950021505356 -0.18527300655841827
v 0.01440798956900835 0.035999950021505356 -0.17879000306129456
v 0.021004969254136086 0.035999950021505356 -0.1871650069952011
v -0.010934939607977867 0.035999950021505356 -0.13937300443649292
v -0.008150993846356869 0.035999950021505356 -0.14058800041675568
v -0.02663498930633068 0.035999950021505356 -0.1493770033121109
v -0.02663498930633068 0.035999950021505356 -0.1493770033121109
v -0.008150993846356869 0.035999950021505356 -0.14058800041675568
v 0.010006959550082684 0.035999950021505356 -0.1467369943857193
v 0.010006959550082684 0.035999950021505356 -0.1467369943857193
v -0.008150993846356869 0.035999950021505356 -0.14058800041675568
v -0.005465983878821135 0.035999950021505356 -0.13916899263858795
v 0.017077980563044548 0.035999950021505356 -0.17368599772453308
v 0.023138990625739098 0.035999950021505356 -0.15147389471530914
v 0.021530980244278908 0.03584795817732811 -0.16170600056648254
v 0.021530980244278908 0.03584795817732811 -0.16170600056648254
v 0.023138990625739098 0.035999950021505356 -0.15147389471530914
v 0.023838989436626434 0.03584795817732811 -0.15567800402641296
v 0.023838989436626434 0.03584795817732811 -0.15567800402641296
v 0.023138990625739098 0.035999950021505356 -0.15147389471530914
v 0.024295980110764503 0.035961978137493134 -0.15116700530052185
v 0.023138990625739098 0.035999950021505356 -0.1845259964466095
v 0.021004969254136086 0.035999950021505356 -0.1871650069952011
v 0.020846959203481674 0.035999950021505356 -0.17470799386501312
v 0.020846959203481674 0.035999950021505356 -0.17470799386501312
v 0.021004969254136086 0.035999950021505356 -0.1871650069952011
v 0.017077980563044548 0.035999950021505356 -0.17368599772453308
v 0.020846959203481674 0.035999950021505356 -0.17470799386501312
v 0.017077980563044548 0.035999950021505356 -0.17368599772453308
v 0.020765960216522217 0.03584795817732811 -0.1681160032749176
v 0.020765960216522217 0.03584795817732811 -0.1681160032749176
v 0.017077980563044548 0.035999950021505356 -0.17368599772453308
v 0.021530980244278908 0.03584795817732811 -0.16170600056648254
v 0.021004969254136086 0.035999950021505356 -0.1871650069952011
v 0.01440798956900835 0.035999950021505356 -0.17879000306129456
v 0.017077980563044548 0.035999950021505356 -0.17368599772453308
v 0.0050649638287723064 0.035999950021505356 -0.18527300655841827
v 0.021004969254136086 0.035999950021505356 -0.1871650069952011
v -0.02663498930633068 0.035999950021505356 -0.1866230070590973
v -0.033116988837718964 0.03584599122405052 -0.1639380007982254
v -0.0301129799336195 0.035999950021505356 -0.16367200016975403
v -0.0301129799336195 0.035999950021505356 -0.1723279058933258
v -0.033116988837718964 0.03584599122405052 -0.1639380007982254
v -0.0301129799336195 0.035999950021505356 -0.1723279058933258
v -0.033116988837718964 0.03584599122405052 -0.1720619946718216
v -0.033116988837718964 0.03584599122405052 -0.1720619946718216
v -0.0301129799336195 0.035999950021505356 -0.1723279058933258
v -0.023849960416555405 0.035999950021505356 -0.17830400168895721
v -0.033116988837718964 0.03584599122405052 -0.1720619946718216
v -0.023849960416555405 0.035999950021505356 -0.17830400168895721
v -0.02663498930633068 0.035999950021505356 -0.1866230070590973
v -0.02663498930633068 0.035999950021505356 -0.1866230070590973
v -0.023849960416555405 0.035999950021505356 -0.17830400168895721
v -0.0062999720685184 0.035999950021505356 -0.18486200273036957
v -0.02663498930633068 0.035999950021505356 -0.1866230070590973
v -0.0062999720685184 0.035999950021505356 -0.18486200273036957
v 0.0050649638287723064 0.035999950021505356 -0.18527300655841827
v -0.005465983878821135 0.035999950021505356 -0.19683100283145905
v 0.0027169580571353436 0.035999950021505356 -0.20038600265979767
v -0.005169987212866545 0.03584599122405052 -0.20096200704574585
v 0.023274950683116913 0.03598295897245407 -0.19110099971294403
v 0.0187369491904974 0.03584795817732811 -0.1894340068101883
v 0.021004969254136086 0.035999950021505356 -0.1871650069952011
v -0.02663498930633068 0.035999950021505356 -0.1866230070590973
v 0.021004969254136086 0.035999950021505356 -0.1871650069952011
v 0.009855984710156918 0.035999950021505356 -0.18933400511741638
v -0.02663498930633068 0.035999950021505356 -0.1866230070590973
v 0.009855984710156918 0.035999950021505356 -0.18933400511741638
v -0.008150993846356869 0.035999950021505356 -0.19541199505329132
v -0.008150993846356869 0.035999950021505356 -0.19541199505329132
v -0.010934939607977867 0.035999950021505356 -0.19662700593471527
v -0.02663498930633068 0.035999950021505356 -0.1866230070590973
v -0.02663498930633068 0.035999950021505356 -0.1866230070590973
v -0.010934939607977867 0.035999950021505356 -0.19662700593471527
v -0.012070950120687485 0.03574996814131737 -0.19934700429439545
v 0.003604948054999113 0.035999950021505356 -0.1959919035434723
v 0.0027169580571353436 0.035999950021505356 -0.20038600265979767
v -0.005465983878821135 0.035999950021505356 -0.19683100283145905
v 0.003604948054999113 0.035999950021505356 -0.1959919035434723
v -0.005465983878821135 0.035999950021505356 -0.19683100283145905
v 0.006658970844000578 0.03584795817732811 -0.19259600341320038
v 0.006658970844000578 0.03584795817732811 -0.19259600341320038
v -0.005465983878821135 0.035999950021505356 -0.19683100283145905
v 0.009855984710156918 0.035999950021505356 -0.18933400511741638
v 0.009855984710156918 0.035999950021505356 -0.18933400511741638
v -0.005465983878821135 0.035999950021505356 -0.19683100283145905
v -0.008150993846356869 0.035999950021505356 -0.19541199505329132
v -0.023849960416555405 0.035999950021505356 -0.15769599378108978
v -0.023348979651927948 0.035636961460113525 -0.15903499722480774
v -0.0266069695353508 0.035636961460113525 -0.16107599437236786
v -0.023348979651927948 0.035636961460113525 -0.15903499722480774
v -0.022969959303736687 0.034635961055755615 -0.16005100309848785
v -0.02585797943174839 0.034635961055755615 -0.16186100244522095
v -0.022969959303736687 0.034635961055755615 -0.16005100309848785
v -0.022802939638495445 0.03323996067047119 -0.16049699485301971
v -0.025998950004577637 0.033036939799785614 -0.16265399754047394
v -0.022969959303736687 0.034635961055755615 -0.16005100309848785
v -0.025998950004577637 0.033036939799785614 -0.16265399754047394
v -0.02585797943174839 0.034635961055755615 -0.16186100244522095
v -0.02585797943174839 0.034635961055755615 -0.16186100244522095
v -0.025998950004577637 0.033036939799785614 -0.16265399754047394
v -0.027800969779491425 0.034635961055755615 -0.1646610051393509
v -0.025998950004577637 0.033036939799785614 -0.16265399754047394
v -0.02779996022582054 0.033036939799785614 -0.16606900095939636
v -0.027800969779491425 0.034635961055755615 -0.1646610051393509
v -0.027800969779491425 0.034635961055755615 -0.1646610051393509
v -0.02779996022582054 0.033036939799785614 -0.16606900095939636
v -0.028485950082540512 0.034635961055755615 -0.1679999977350235
v -0.028485950082540512 0.034635961055755615 -0.1679999977350235
v -0.02779996022582054 0.033036939799785614 -0.16606900095939636
v -0.02779996022582054 0.033036939799785614 -0.16993090510368347
v -0.028485950082540512 0.034635961055755615 -0.1679999977350235
v -0.02779996022582054 0.033036939799785614 -0.16993090510368347
v -0.027800969779491425 0.034635961055755615 -0.1713390052318573
v -0.027800969779491425 0.034635961055755615 -0.1713390052318573
v -0.02779996022582054 0.033036939799785614 -0.16993090510368347
v -0.025998950004577637 0.033036939799785614 -0.17334599792957306
v -0.027800969779491425 0.034635961055755615 -0.1713390052318573
v -0.025998950004577637 0.033036939799785614 -0.17334599792957306
v -0.02585797943174839 0.034635961055755615 -0.17413899302482605
v -0.02585797943174839 0.034635961055755615 -0.17413899302482605
v -0.025998950004577637 0.033036939799785614 -0.17334599792957306
v -0.022802939638495445 0.03323996067047119 -0.17550300061702728
v -0.02585797943174839 0.034635961055755615 -0.17413899302482605
v -0.022802939638495445 0.03323996067047119 -0.17550300061702728
v -0.022969959303736687 0.034635961055755615 -0.17594900727272034
v -0.023348979651927948 0.035636961460113525 -0.15903499722480774
v -0.02585797943174839 0.034635961055755615 -0.16186100244522095
v -0.0266069695353508 0.035636961460113525 -0.16107599437236786
v -0.0266069695353508 0.035636961460113525 -0.16107599437236786
v -0.02585797943174839 0.034635961055755615 -0.16186100244522095
v -0.027800969779491425 0.034635961055755615 -0.1646610051393509
v -0.0266069695353508 0.035636961460113525 -0.16107599437236786
v -0.027800969779491425 0.034635961055755615 -0.1646610051393509
v -0.028797980397939682 0.035636961460113525 -0.16423490643501282
v -0.028797980397939682 0.035636961460113525 -0.16423490643501282
v -0.027800969779491425 0.034635961055755615 -0.1646610051393509
v -0.028485950082540512 0.034635961055755615 -0.1679999977350235
v -0.028797980397939682 0.035636961460113525 -0.16423490643501282
v -0.028485950082540512 0.034635961055755615 -0.1679999977350235
v -0.02956997975707054 0.035636961460113525 -0.1679999977350235
v -0.02956997975707054 0.035636961460113525 -0.1679999977350235
v -0.028485950082540512 0.034635961055755615 -0.1679999977350235
v -0.027800969779491425 0.034635961055755615 -0.1713390052318573
v -0.02956997975707054 0.035636961460113525 -0.1679999977350235
v -0.027800969779491425 0.034635961055755615 -0.1713390052318573
v -0.028797980397939682 0.035636961460113525 -0.171765998005867
v -0.028797980397939682 0.035636961460113525 -0.171765998005867
v -0.027800969779491425 0.034635961055755615 -0.1713390052318573
v -0.02585797943174839 0.034635961055755615 -0.17413899302482605
v -0.028797980397939682 0.035636961460113525 -0.171765998005867
v -0.02585797943174839 0.034635961055755615 -0.17413899302482605
v -0.0266069695353508 0.035636961460113525 -0.17492400109767914
v -0.0266069695353508 0.035636961460113525 -0.17492400109767914
v -0.02585797943174839 0.034635961055755615 -0.17413899302482605
v -0.022969959303736687 0.034635961055755615 -0.17594900727272034
v -0.0266069695353508 0.035636961460113525 -0.17492400109767914
v -0.022969959303736687 0.034635961055755615 -0.17594900727272034
v -0.023348979651927948 0.035636961460113525 -0.1769648939371109
v -0.023849960416555405 0.035999950021505356 -0.15769599378108978
v -0.0266069695353508 0.035636961460113525 -0.16107599437236786
v -0.0301129799336195 0.035999950021505356 -0.16367200016975403
v -0.0301129799336195 0.035999950021505356 -0.16367200016975403
v -0.0266069695353508 0.035636961460113525 -0.16107599437236786
v -0.028797980397939682 0.035636961460113525 -0.16423490643501282
v -0.0301129799336195 0.035999950021505356 -0.16367200016975403
v -0.028797980397939682 0.035636961460113525 -0.16423490643501282
v -0.02956997975707054 0.035636961460113525 -0.1679999977350235
v -0.0301129799336195 0.035999950021505356 -0.16367200016975403
v -0.02956997975707054 0.035636961460113525 -0.1679999977350235
v -0.0301129799336195 0.035999950021505356 -0.1723279058933258
v -0.0301129799336195 0.035999950021505356 -0.1723279058933258
v -0.02956997975707054 0.035636961460113525 -0.1679999977350235
v -0.028797980397939682 0.035636961460113525 -0.171765998005867
v -0.0301129799336195 0.035999950021505356 -0.1723279058933258
v -0.028797980397939682 0.035636961460113525 -0.171765998005867
v -0.0266069695353508 0.035636961460113525 -0.17492400109767914
v -0.0301129799336195 0.035999950021505356 -0.1723279058933258
v -0.0266069695353508 0.035636961460113525 -0.17492400109767914
v -0.023849960416555405 0.035999950021505356 -0.17830400168895721
v -0.023849960416555405 0.035999950021505356 -0.17830400168895721
v -0.0266069695353508 0.035636961460113525 -0.17492400109767914
v -0.023348979651927948 0.035636961460113525 -0.1769648939371109
v 0.013004000298678875 0.033036939799785614 -0.1604519933462143
v 0.009619951248168945 0.033036939799785614 -0.1564449965953827
v 0.012394960038363934 0.034635961055755615 -0.15871700644493103
v -0.022802939638495445 0.03323996067047119 -0.17550300061702728
v -0.0052529568783938885 0.03323996067047119 -0.18206000328063965
v -0.005419969093054533 0.034635961055755615 -0.1825059950351715
v -0.022802939638495445 0.03323996067047119 -0.17550300061702728
v -0.005419969093054533 0.034635961055755615 -0.1825059950351715
v -0.022969959303736687 0.034635961055755615 -0.17594900727272034
v -0.022969959303736687 0.034635961055755615 -0.17594900727272034
v -0.005419969093054533 0.034635961055755615 -0.1825059950351715
v -0.005798995029181242 0.035636961460113525 -0.18352200090885162
v -0.022969959303736687 0.034635961055755615 -0.17594900727272034
v -0.005798995029181242 0.035636961460113525 -0.18352200090885162
v -0.023348979651927948 0.035636961460113525 -0.1769648939371109
v -0.023348979651927948 0.035636961460113525 -0.1769648939371109
v -0.005798995029181242 0.035636961460113525 -0.18352200090885162
v -0.0062999720685184 0.035999950021505356 -0.18486200273036957
v -0.023348979651927948 0.035636961460113525 -0.1769648939371109
v -0.0062999720685184 0.035999950021505356 -0.18486200273036957
v -0.023849960416555405 0.035999950021505356 -0.17830400168895721
v -0.0062999720685184 0.035999950021505356 -0.18486200273036957
v -0.005798995029181242 0.035636961460113525 -0.18352200090885162
v -0.0005990000208839774 0.035636961460113525 -0.18455900251865387
v -0.005798995029181242 0.035636961460113525 -0.18352200090885162
v -0.005419969093054533 0.034635961055755615 -0.1825059950351715
v -0.0005600000149570405 0.034635961055755615 -0.18347600102424622
v -0.005419969093054533 0.034635961055755615 -0.1825059950351715
v -0.0052529568783938885 0.03323996067047119 -0.18206000328063965
v -0.0001049999991664663 0.033036939799785614 -0.1830350011587143
v -0.005419969093054533 0.034635961055755615 -0.1825059950351715
v -0.0001049999991664663 0.033036939799785614 -0.1830350011587143
v -0.0005600000149570405 0.034635961055755615 -0.18347600102424622
v -0.0005600000149570405 0.034635961055755615 -0.18347600102424622
v -0.0001049999991664663 0.033036939799785614 -0.1830350011587143
v 0.004356979858130217 0.034635961055755615 -0.18286000192165375
v -0.0001049999991664663 0.033036939799785614 -0.1830350011587143
v 0.005065977107733488 0.033036939799785614 -0.18215599656105042
v 0.004356979858130217 0.034635961055755615 -0.18286000192165375
v 0.004356979858130217 0.034635961055755615 -0.18286000192165375
v 0.005065977107733488 0.033036939799785614 -0.18215599656105042
v 0.00882798433303833 0.034635961055755615 -0.18072299659252167
v 0.005065977107733488 0.033036939799785614 -0.18215599656105042
v 0.009793995879590511 0.032741960138082504 -0.1797640025615692
v 0.00882798433303833 0.034635961055755615 -0.18072299659252167
v 0.00882798433303833 0.034635961055755615 -0.18072299659252167
v 0.009793995879590511 0.032741960138082504 -0.1797640025615692
v 0.012394960038363934 0.034635961055755615 -0.17728300392627716
v 0.009793995879590511 0.032741960138082504 -0.1797640025615692
v 0.013004000298678875 0.033036939799785614 -0.1755480021238327
v 0.012394960038363934 0.034635961055755615 -0.17728300392627716
v 0.012394960038363934 0.034635961055755615 -0.17728300392627716
v 0.013004000298678875 0.033036939799785614 -0.1755480021238327
v 0.014692960307002068 0.034635961055755615 -0.1728920042514801
v 0.013004000298678875 0.033036939799785614 -0.1755480021238327
v 0.01480494998395443 0.033036939799785614 -0.17062200605869293
v 0.014692960307002068 0.034635961055755615 -0.1728920042514801
v 0.014692960307002068 0.034635961055755615 -0.1728920042514801
v 0.01480494998395443 0.033036939799785614 -0.17062200605869293
v 0.01548600010573864 0.034635961055755615 -0.1679999977350235
v 0.01548600010573864 0.034635961055755615 -0.1679999977350235
v 0.01480494998395443 0.033036939799785614 -0.17062200605869293
v 0.01480494998395443 0.033036939799785614 -0.16537800431251526
v 0.01548600010573864 0.034635961055755615 -0.1679999977350235
v 0.01480494998395443 0.033036939799785614 -0.16537800431251526
v 0.014692960307002068 0.034635961055755615 -0.1631080061197281
v 0.014692960307002068 0.034635961055755615 -0.1631080061197281
v 0.01480494998395443 0.033036939799785614 -0.16537800431251526
v 0.013004000298678875 0.033036939799785614 -0.1604519933462143
v 0.014692960307002068 0.034635961055755615 -0.1631080061197281
v 0.013004000298678875 0.033036939799785614 -0.1604519933462143
v 0.012394960038363934 0.034635961055755615 -0.15871700644493103
v 0.012394960038363934 0.034635961055755615 -0.15871700644493103
v 0.009619951248168945 0.033036939799785614 -0.1564449965953827
v 0.00882798433303833 0.034635961055755615 -0.15527699887752533
v 0.00882798433303833 0.034635961055755615 -0.15527699887752533
v 0.009619951248168945 0.033036939799785614 -0.1564449965953827
v 0.004356979858130217 0.034635961055755615 -0.15313999354839325
v 0.009619951248168945 0.033036939799785614 -0.1564449965953827
v 0.005065977107733488 0.033036939799785614 -0.15384389460086823
v 0.004356979858130217 0.034635961055755615 -0.15313999354839325
v 0.004356979858130217 0.034635961055755615 -0.15313999354839325
v 0.005065977107733488 0.033036939799785614 -0.15384389460086823
v -0.0005600000149570405 0.034635961055755615 -0.15252390503883362
v -0.0005600000149570405 0.034635961055755615 -0.15252390503883362
v 0.005065977107733488 0.033036939799785614 -0.15384389460086823
v -0.0001049999991664663 0.033036939799785614 -0.1529649943113327
v -0.0005600000149570405 0.034635961055755615 -0.15252390503883362
v -0.0001049999991664663 0.033036939799785614 -0.1529649943113327
v -0.0052529568783938885 0.03323996067047119 -0.15394000709056854
v -0.0005600000149570405 0.034635961055755615 -0.15252390503883362
v -0.0052529568783938885 0.03323996067047119 -0.15394000709056854
v -0.005419969093054533 0.034635961055755615 -0.1534940004348755
v -0.005798995029181242 0.035636961460113525 -0.18352200090885162
v -0.0005600000149570405 0.034635961055755615 -0.18347600102424622
v -0.0005990000208839774 0.035636961460113525 -0.18455900251865387
v -0.0005990000208839774 0.035636961460113525 -0.18455900251865387
v -0.0005600000149570405 0.034635961055755615 -0.18347600102424622
v 0.004356979858130217 0.034635961055755615 -0.18286000192165375
v -0.0005990000208839774 0.035636961460113525 -0.18455900251865387
v 0.004356979858130217 0.034635961055755615 -0.18286000192165375
v 0.00466197682544589 0.035636961460113525 -0.1838998943567276
v 0.00466197682544589 0.035636961460113525 -0.1838998943567276
v 0.004356979858130217 0.034635961055755615 -0.18286000192165375
v 0.00882798433303833 0.034635961055755615 -0.18072299659252167
v 0.00466197682544589 0.035636961460113525 -0.1838998943567276
v 0.00882798433303833 0.034635961055755615 -0.18072299659252167
v 0.00944596529006958 0.035636961460113525 -0.1816139966249466
v 0.00944596529006958 0.035636961460113525 -0.1816139966249466
v 0.00882798433303833 0.034635961055755615 -0.18072299659252167
v 0.012394960038363934 0.034635961055755615 -0.17728300392627716
v 0.00944596529006958 0.035636961460113525 -0.1816139966249466
v 0.012394960038363934 0.034635961055755615 -0.17728300392627716
v 0.013262979686260223 0.035636961460113525 -0.1779319941997528
v 0.013262979686260223 0.035636961460113525 -0.1779319941997528
v 0.012394960038363934 0.034635961055755615 -0.17728300392627716
v 0.014692960307002068 0.034635961055755615 -0.1728920042514801
v 0.013262979686260223 0.035636961460113525 -0.1779319941997528
v 0.014692960307002068 0.034635961055755615 -0.1728920042514801
v 0.01572095975279808 0.035636961460113525 -0.1732340008020401
v 0.01572095975279808 0.035636961460113525 -0.1732340008020401
v 0.014692960307002068 0.034635961055755615 -0.1728920042514801
v 0.01548600010573864 0.034635961055755615 -0.1679999977350235
v 0.01572095975279808 0.035636961460113525 -0.1732340008020401
v 0.01548600010573864 0.034635961055755615 -0.1679999977350235
v 0.016569970175623894 0.035636961460113525 -0.1679999977350235
v 0.016569970175623894 0.035636961460113525 -0.1679999977350235
v 0.01548600010573864 0.034635961055755615 -0.1679999977350235
v 0.014692960307002068 0.034635961055755615 -0.1631080061197281
v 0.016569970175623894 0.035636961460113525 -0.1679999977350235
v 0.014692960307002068 0.034635961055755615 -0.1631080061197281
v 0.01572095975279808 0.035636961460113525 -0.1627659946680069
v 0.01572095975279808 0.035636961460113525 -0.1627659946680069
v 0.014692960307002068 0.034635961055755615 -0.1631080061197281
v 0.012394960038363934 0.034635961055755615 -0.15871700644493103
v 0.01572095975279808 0.035636961460113525 -0.1627659946680069
v 0.012394960038363934 0.034635961055755615 -0.15871700644493103
v 0.013262979686260223 0.035636961460113525 -0.1580680012702942
v 0.013262979686260223 0.035636961460113525 -0.1580680012702942
v 0.012394960038363934 0.034635961055755615 -0.15871700644493103
v 0.00882798433303833 0.034635961055755615 -0.15527699887752533
v 0.013262979686260223 0.035636961460113525 -0.1580680012702942
v 0.00882798433303833 0.034635961055755615 -0.15527699887752533
v 0.00944596529006958 0.035636961460113525 -0.1543859988451004
v 0.00944596529006958 0.035636961460113525 -0.1543859988451004
v 0.00882798433303833 0.034635961055755615 -0.15527699887752533
v 0.004356979858130217 0.034635961055755615 -0.15313999354839325
v 0.00944596529006958 0.035636961460113525 -0.1543859988451004
v 0.004356979858130217 0.034635961055755615 -0.15313999354839325
v 0.00466197682544589 0.035636961460113525 -0.15209999680519104
v 0.00466197682544589 0.035636961460113525 -0.15209999680519104
v 0.004356979858130217 0.034635961055755615 -0.15313999354839325
v -0.0005600000149570405 0.034635961055755615 -0.15252390503883362
v 0.00466197682544589 0.035636961460113525 -0.15209999680519104
v -0.0005600000149570405 0.034635961055755615 -0.15252390503883362
v -0.0005990000208839774 0.035636961460113525 -0.15144099295139313
v -0.0005990000208839774 0.035636961460113525 -0.15144099295139313
v -0.0005600000149570405 0.034635961055755615 -0.15252390503883362
v -0.005419969093054533 0.034635961055755615 -0.1534940004348755
v -0.0005990000208839774 0.035636961460113525 -0.15144099295139313
v -0.005419969093054533 0.034635961055755615 -0.1534940004348755
v -0.005798995029181242 0.035636961460113525 -0.15247799456119537
v -0.0062999720685184 0.035999950021505356 -0.18486200273036957
v -0.0005990000208839774 0.035636961460113525 -0.18455900251865387
v 0.0050649638287723064 0.035999950021505356 -0.18527300655841827
v 0.0050649638287723064 0.035999950021505356 -0.18527300655841827
v -0.0005990000208839774 0.035636961460113525 -0.18455900251865387
v 0.00466197682544589 0.035636961460113525 -0.1838998943567276
v 0.0050649638287723064 0.035999950021505356 -0.18527300655841827
v 0.00466197682544589 0.035636961460113525 -0.1838998943567276
v 0.00944596529006958 0.035636961460113525 -0.1816139966249466
v 0.0050649638287723064 0.035999950021505356 -0.18527300655841827
v 0.00944596529006958 0.035636961460113525 -0.1816139966249466
v 0.01440798956900835 0.035999950021505356 -0.17879000306129456
v 0.01440798956900835 0.035999950021505356 -0.17879000306129456
v 0.00944596529006958 0.035636961460113525 -0.1816139966249466
v 0.013262979686260223 0.035636961460113525 -0.1779319941997528
v 0.01440798956900835 0.035999950021505356 -0.17879000306129456
v 0.013262979686260223 0.035636961460113525 -0.1779319941997528
v 0.01572095975279808 0.035636961460113525 -0.1732340008020401
v 0.01440798956900835 0.035999950021505356 -0.17879000306129456
v 0.01572095975279808 0.035636961460113525 -0.1732340008020401
v 0.017077980563044548 0.035999950021505356 -0.17368599772453308
v 0.017077980563044548 0.035999950021505356 -0.17368599772453308
v 0.01572095975279808 0.035636961460113525 -0.1732340008020401
v 0.016569970175623894 0.035636961460113525 -0.1679999977350235
v 0.017077980563044548 0.035999950021505356 -0.17368599772453308
v 0.016569970175623894 0.035636961460113525 -0.1679999977350235
v 0.017077980563044548 0.035999950021505356 -0.16231389343738556
v 0.017077980563044548 0.035999950021505356 -0.16231389343738556
v 0.016569970175623894 0.035636961460113525 -0.1679999977350235
v 0.01572095975279808 0.035636961460113525 -0.1627659946680069
v 0.017077980563044548 0.035999950021505356 -0.16231389343738556
v 0.01572095975279808 0.035636961460113525 -0.1627659946680069
v 0.013262979686260223 0.035636961460113525 -0.1580680012702942
v 0.017077980563044548 0.035999950021505356 -0.16231389343738556
v 0.013262979686260223 0.035636961460113525 -0.1580680012702942
v 0.010261950083076954 0.035999950021505356 -0.15321089327335358
v 0.010261950083076954 0.035999950021505356 -0.15321089327335358
v 0.013262979686260223 0.035636961460113525 -0.1580680012702942
v 0.00944596529006958 0.035636961460113525 -0.1543859988451004
v 0.010261950083076954 0.035999950021505356 -0.15321089327335358
v 0.00944596529006958 0.035636961460113525 -0.1543859988451004
v 0.00466197682544589 0.035636961460113525 -0.15209999680519104
v 0.010261950083076954 0.035999950021505356 -0.15321089327335358
v 0.00466197682544589 0.035636961460113525 -0.15209999680519104
v -0.0006510000093840063 0.035999950021505356 -0.15001200139522552
v -0.0006510000093840063 0.035999950021505356 -0.15001200139522552
v 0.00466197682544589 0.035636961460113525 -0.15209999680519104
v -0.0005990000208839774 0.035636961460113525 -0.15144099295139313
v -0.0006510000093840063 0.035999950021505356 -0.15001200139522552
v -0.0005990000208839774 0.035636961460113525 -0.15144099295139313
v -0.005798995029181242 0.035636961460113525 -0.15247799456119537
v -0.0006510000093840063 0.035999950021505356 -0.15001200139522552
v -0.005798995029181242 0.035636961460113525 -0.15247799456119537
v -0.0062999720685184 0.035999950021505356 -0.15113799273967743
v -0.0052529568783938885 0.03323996067047119 -0.15394000709056854
v -0.022802939638495445 0.03323996067047119 -0.16049699485301971
v -0.022969959303736687 0.034635961055755615 -0.16005100309848785
v -0.0052529568783938885 0.03323996067047119 -0.15394000709056854
v -0.022969959303736687 0.034635961055755615 -0.16005100309848785
v -0.005419969093054533 0.034635961055755615 -0.1534940004348755
v -0.005419969093054533 0.034635961055755615 -0.1534940004348755
v -0.022969959303736687 0.034635961055755615 -0.16005100309848785
v -0.023348979651927948 0.035636961460113525 -0.15903499722480774
v -0.005419969093054533 0.034635961055755615 -0.1534940004348755
v -0.023348979651927948 0.035636961460113525 -0.15903499722480774
v -0.005798995029181242 0.035636961460113525 -0.15247799456119537
v -0.005798995029181242 0.035636961460113525 -0.15247799456119537
v -0.023348979651927948 0.035636961460113525 -0.15903499722480774
v -0.023849960416555405 0.035999950021505356 -0.15769599378108978
v -0.005798995029181242 0.035636961460113525 -0.15247799456119537
v -0.023849960416555405 0.035999950021505356 -0.15769599378108978
v -0.0062999720685184 0.035999950021505356 -0.15113799273967743
v 0.02346700057387352 0.035999950021505356 -0.18950000405311584
v 0.023274950683116913 0.03598295897245407 -0.19110099971294403
v 0.021004969254136086 0.035999950021505356 -0.1871650069952011
v 0.02394896000623703 0.03584795817732811 -0.180526003241539
v 0.02861100062727928 0.03493195027112961 -0.18535800278186798
v 0.027434999123215675 0.035903990268707275 -0.1857070028781891
v 0.02861100062727928 0.03493195027112961 -0.18535800278186798
v 0.024899950250983238 0.03476500138640404 -0.18000899255275726
v 0.028561940416693687 0.03273797035217285 -0.18533700704574585
v 0.024794990196824074 0.03476500138640404 -0.15618689358234406
v 0.02248799055814743 0.03273797035217285 -0.1617009937763214
v 0.02258199080824852 0.03476500138640404 -0.1619659960269928
v 0.022635990753769875 0.03476500138640404 -0.17424890398979187
v 0.02248799055814743 0.03273797035217285 -0.17429900169372559
v 0.024899950250983238 0.03476500138640404 -0.18000899255275726
v 0.02861100062727928 0.03493195027112961 -0.18535800278186798
v 0.02394896000623703 0.03584795817732811 -0.180526003241539
v 0.024899950250983238 0.03476500138640404 -0.18000899255275726
v 0.024899950250983238 0.03476500138640404 -0.18000899255275726
v 0.02394896000623703 0.03584795817732811 -0.180526003241539
v 0.022635990753769875 0.03476500138640404 -0.17424890398979187
v 0.022635990753769875 0.03476500138640404 -0.17424890398979187
v 0.020765960216522217 0.03584795817732811 -0.1681160032749176
v 0.021847959607839584 0.03476500138640404 -0.16811099648475647
v 0.021847959607839584 0.03476500138640404 -0.16811099648475647
v 0.020765960216522217 0.03584795817732811 -0.1681160032749176
v 0.02258199080824852 0.03476500138640404 -0.1619659960269928
v 0.02258199080824852 0.03476500138640404 -0.1619659960269928
v 0.023838989436626434 0.03584795817732811 -0.15567800402641296
v 0.024794990196824074 0.03476500138640404 -0.15618689358234406
v 0.024794990196824074 0.03476500138640404 -0.15618689358234406
v 0.023838989436626434 0.03584795817732811 -0.15567800402641296
v 0.028821999207139015 0.03477096185088158 -0.15041600167751312
v 0.02394896000623703 0.03584795817732811 -0.180526003241539
v 0.020846959203481674 0.035999950021505356 -0.17470799386501312
v 0.022635990753769875 0.03476500138640404 -0.17424890398979187
v 0.022635990753769875 0.03476500138640404 -0.17424890398979187
v 0.020846959203481674 0.035999950021505356 -0.17470799386501312
v 0.020765960216522217 0.03584795817732811 -0.1681160032749176
v 0.020765960216522217 0.03584795817732811 -0.1681160032749176
v 0.021530980244278908 0.03584795817732811 -0.16170600056648254
v 0.02258199080824852 0.03476500138640404 -0.1619659960269928
v 0.02258199080824852 0.03476500138640404 -0.1619659960269928
v 0.021530980244278908 0.03584795817732811 -0.16170600056648254
v 0.023838989436626434 0.03584795817732811 -0.15567800402641296
v 0.023838989436626434 0.03584795817732811 -0.15567800402641296
v 0.02767598070204258 0.03584599122405052 -0.14936499297618866
v 0.028821999207139015 0.03477096185088158 -0.15041600167751312
v 0.027434999123215675 0.035903990268707275 -0.1857070028781891
v 0.025376969948410988 0.035999950021505356 -0.1853490024805069
v 0.02394896000623703 0.03584795817732811 -0.180526003241539
v 0.02394896000623703 0.03584795817732811 -0.180526003241539
v 0.025376969948410988 0.035999950021505356 -0.1853490024805069
v 0.020846959203481674 0.035999950021505356 -0.17470799386501312
v 0.028561940416693687 0.03273797035217285 -0.18533700704574585
v 0.028861990198493004 0.03436499089002609 -0.1875240057706833
v 0.02861100062727928 0.03493195027112961 -0.18535800278186798
v 0.028861990198493004 0.03436499089002609 -0.1875240057706833
v 0.028398990631103516 0.035267941653728485 -0.18717700242996216
v 0.02861100062727928 0.03493195027112961 -0.18535800278186798
v 0.02861100062727928 0.03493195027112961 -0.18535800278186798
v 0.028398990631103516 0.035267941653728485 -0.18717700242996216
v 0.027434999123215675 0.035903990268707275 -0.1857070028781891
v 0.028561940416693687 0.03273797035217285 -0.18533700704574585
v 0.0285719595849514 0.03269999846816063 -0.1873359978199005
v 0.028861990198493004 0.03436499089002609 -0.1875240057706833
v 0.029237980023026466 0.03319995850324631 -0.15010489523410797
v 0.028561940416693687 0.03273797035217285 -0.15066300332546234
v 0.02506398968398571 0.033008988946676254 -0.15592800080776215
v 0.028561940416693687 0.03273797035217285 -0.15066300332546234
v 0.024658970534801483 0.03269999846816063 -0.1557060033082962
v 0.02506398968398571 0.033008988946676254 -0.15592800080776215
v 0.02506398968398571 0.033008988946676254 -0.15592800080776215
v 0.024658970534801483 0.03269999846816063 -0.1557060033082962
v 0.02248799055814743 0.03273797035217285 -0.1617009937763214
v 0.029237980023026466 0.03319995850324631 -0.15010489523410797
v 0.0285719595849514 0.03269999846816063 -0.14866389334201813
v 0.028561940416693687 0.03273797035217285 -0.15066300332546234
v 0.0285719595849514 0.03269999846816063 -0.14866389334201813
v 0.02486795000731945 0.03319995850324631 -0.14337100088596344
v 0.02439497970044613 0.03269999846816063 -0.14360490441322327
v -0.0029139509424567223 0.03251897916197777 -0.13925300538539886
v -0.0063109989278018475 0.03182094916701317 -0.1406950056552887
v -0.0029999609105288982 0.03269999846816063 -0.14101700484752655
v -0.0029999609105288982 0.03269999846816063 -0.14101700484752655
v -0.0063109989278018475 0.03182094916701317 -0.1406950056552887
v -0.007999955676496029 0.03251497820019722 -0.14207999408245087
v -0.0029999609105288982 0.03269999846816063 -0.14101700484752655
v -0.007999955676496029 0.03251497820019722 -0.14207999408245087
v -0.007999955676496029 0.03269999846816063 -0.1431179940700531
v -0.007999955676496029 0.029699979349970818 -0.14011800289154053
v -0.0063109989278018475 0.03182094916701317 -0.1406950056552887
v -0.006615995895117521 0.029699979349970818 -0.1398710012435913
v -0.006615995895117521 0.029699979349970818 -0.1398710012435913
v -0.0063109989278018475 0.03182094916701317 -0.1406950056552887
v -0.005171954166144133 0.029699979349970818 -0.138946995139122
v -0.005171954166144133 0.029699979349970818 -0.138946995139122
v -0.0063109989278018475 0.03182094916701317 -0.1406950056552887
v -0.004549980163574219 0.03182094916701317 -0.1395680010318756
v -0.005171954166144133 0.029699979349970818 -0.138946995139122
v -0.004549980163574219 0.03182094916701317 -0.1395680010318756
v -0.004072964191436768 0.030737990513443947 -0.13756699860095978
v -0.004072964191436768 0.030737990513443947 -0.13756699860095978
v -0.004549980163574219 0.03182094916701317 -0.1395680010318756
v -0.0029139509424567223 0.03251897916197777 -0.13925300538539886
v -0.004549980163574219 0.03182094916701317 -0.1395680010318756
v -0.0063109989278018475 0.03182094916701317 -0.1406950056552887
v -0.0029139509424567223 0.03251897916197777 -0.13925300538539886
v -0.007999955676496029 0.03251497820019722 -0.14207999408245087
v -0.0063109989278018475 0.03182094916701317 -0.1406950056552887
v -0.022580979391932487 0.03251795843243599 -0.1420879065990448
v -0.007999955676496029 0.03251497820019722 -0.14207999408245087
v -0.022580979391932487 0.03251795843243599 -0.1420879065990448
v -0.007999955676496029 0.03269999846816063 -0.1431179940700531
v -0.007999955676496029 0.03269999846816063 -0.1431179940700531
v -0.022580979391932487 0.03251795843243599 -0.1420879065990448
v -0.023898949846625328 0.03269999846816063 -0.1431179940700531
v -0.007999955676496029 0.029699979349970818 -0.14011800289154053
v -0.019614990800619125 0.029699979349970818 -0.14011800289154053
v -0.020055940374732018 0.030934980139136314 -0.1403840035200119
v -0.007999955676496029 0.029699979349970818 -0.14011800289154053
v -0.020055940374732018 0.030934980139136314 -0.1403840035200119
v -0.0063109989278018475 0.03182094916701317 -0.1406950056552887
v -0.0063109989278018475 0.03182094916701317 -0.1406950056552887
v -0.020055940374732018 0.030934980139136314 -0.1403840035200119
v -0.022580979391932487 0.03251795843243599 -0.1420879065990448
v -0.022580979391932487 0.03251795843243599 -0.1420879065990448
v -0.02424496039748192 0.03319995850324631 -0.14275799691677094
v -0.023898949846625328 0.03269999846816063 -0.1431179940700531
v -0.022580979391932487 0.03251795843243599 -0.1420879065990448
v -0.020055940374732018 0.030934980139136314 -0.1403840035200119
v -0.02424496039748192 0.03319995850324631 -0.14275799691677094
v -0.020055940374732018 0.030934980139136314 -0.1403840035200119
v -0.022885970771312714 0.03436499089002609 -0.14172400534152985
v -0.02424496039748192 0.03319995850324631 -0.14275799691677094
v -0.005917965900152922 0.03299998864531517 -0.20241090655326843
v -0.0060859909281134605 0.03433698043227196 -0.2020788937807083
v -0.0010139939840883017 0.03319995850324631 -0.2029850035905838
v -0.019898949190974236 0.029699979349970818 -0.13920700550079346
v -0.019898949190974236 0.020500000566244125 -0.13920700550079346
v -0.014064960181713104 0.020500000566244125 -0.1359499990940094
v -0.015857990831136703 0.03436499089002609 -0.13697199523448944
v -0.022885970771312714 0.03436499089002609 -0.14172400534152985
v -0.019898949190974236 0.029699979349970818 -0.13920700550079346
v -0.028557950630784035 0.03436499089002609 -0.1480329930782318
v -0.029331980273127556 0.033008988946676254 -0.14897499978542328
v -0.02424496039748192 0.03319995850324631 -0.14275799691677094
v -0.028557950630784035 0.03436499089002609 -0.18796700239181519
v -0.02424496039748192 0.03319995850324631 -0.19324199855327606
v -0.029104940593242645 0.03273797035217285 -0.1868779957294464
v -0.028557950630784035 0.03436499089002609 -0.18796700239181519
v -0.029104940593242645 0.03273797035217285 -0.1868779957294464
v -0.030782990157604218 0.03349994868040085 -0.18465599417686462
v -0.034585949033498764 0.03436499089002609 -0.16375799477100372
v -0.03462295979261398 0.03284597024321556 -0.17200200259685516
v -0.034522950649261475 0.03319995850324631 -0.16223999857902527
v -0.019898949190974236 0.020500000566244125 -0.19679300487041473
v -0.019898949190974236 0.029699979349970818 -0.19679300487041473
v -0.015857990831136703 0.03436499089002609 -0.19902800023555756
v -0.015857990831136703 0.03436499089002609 -0.19902800023555756
v -0.019898949190974236 0.029699979349970818 -0.19679300487041473
v -0.0211979690939188 0.032074980437755585 -0.19584999978542328
v -0.0211979690939188 0.032074980437755585 -0.19584999978542328
v -0.022885970771312714 0.03436499089002609 -0.19427600502967834
v -0.015857990831136703 0.03436499089002609 -0.19902800023555756
v -0.015857990831136703 0.03436499089002609 -0.19902800023555756
v -0.012444970197975636 0.03436499089002609 -0.200546994805336
v -0.012490980327129364 0.03299998864531517 -0.2006949931383133
v -0.019898949190974236 0.020500000566244125 -0.19679300487041473
v -0.015857990831136703 0.03436499089002609 -0.19902800023555756
v -0.014064960181713104 0.020500000566244125 -0.20004990696907043
v -0.014064960181713104 0.020500000566244125 -0.20004990696907043
v -0.015857990831136703 0.03436499089002609 -0.19902800023555756
v -0.012490980327129364 0.03299998864531517 -0.2006949931383133
v -0.014064960181713104 0.020500000566244125 -0.20004990696907043
v -0.012490980327129364 0.03299998864531517 -0.2006949931383133
v -0.011417980305850506 0.019999980926513672 -0.20108500123023987
v -0.011417980305850506 0.019999980926513672 -0.20108500123023987
v -0.012490980327129364 0.03299998864531517 -0.2006949931383133
v -0.00456500006839633 0.029699979349970818 -0.20270100235939026
v -0.011417980305850506 0.019999980926513672 -0.20108500123023987
v -0.00456500006839633 0.029699979349970818 -0.20270100235939026
v -0.00456500006839633 0.020500000566244125 -0.20270100235939026
v -0.005917965900152922 0.03299998864531517 -0.20241090655326843
v -0.0010139939840883017 0.03319995850324631 -0.2029850035905838
v -0.003833949100226164 0.03182696923613548 -0.20278899371623993
v -0.005917965900152922 0.03299998864531517 -0.20241090655326843
v -0.003833949100226164 0.03182696923613548 -0.20278899371623993
v -0.012490980327129364 0.03299998864531517 -0.2006949931383133
v -0.012490980327129364 0.03299998864531517 -0.2006949931383133
v -0.003833949100226164 0.03182696923613548 -0.20278899371623993
v -0.00456500006839633 0.029699979349970818 -0.20270100235939026
v -0.009408949874341488 0.020500000566244125 -0.1342879980802536
v -0.00456500006839633 0.020500000566244125 -0.13329890370368958
v -0.00456500006839633 0.029699979349970818 -0.13329890370368958
v -0.019898949190974236 0.029699979349970818 -0.13920700550079346
v -0.014064960181713104 0.020500000566244125 -0.1359499990940094
v -0.015857990831136703 0.03436499089002609 -0.13697199523448944
v -0.015857990831136703 0.03436499089002609 -0.13697199523448944
v -0.014064960181713104 0.020500000566244125 -0.1359499990940094
v -0.012490980327129364 0.03299998864531517 -0.1353050023317337
v -0.014064960181713104 0.020500000566244125 -0.1359499990940094
v -0.009408949874341488 0.020500000566244125 -0.1342879980802536
v -0.012490980327129364 0.03299998864531517 -0.1353050023317337
v -0.012490980327129364 0.03299998864531517 -0.1353050023317337
v -0.009408949874341488 0.020500000566244125 -0.1342879980802536
v -0.00456500006839633 0.029699979349970818 -0.13329890370368958
v -0.012490980327129364 0.03299998864531517 -0.1353050023317337
v -0.00456500006839633 0.029699979349970818 -0.13329890370368958
v -0.005529998801648617 0.03299998864531517 -0.13344000279903412
v -0.005529998801648617 0.03299998864531517 -0.13344000279903412
v -0.00456500006839633 0.029699979349970818 -0.13329890370368958
v -0.004160999786108732 0.03132199868559837 -0.1332480013370514
v -0.005529998801648617 0.03299998864531517 -0.13344000279903412
v -0.004160999786108732 0.03132199868559837 -0.1332480013370514
v -0.0010139939840883017 0.03319995850324631 -0.1330150067806244
v -0.004499970935285091 0.019999980926513672 -0.13379499316215515
v -0.00456500006839633 0.020500000566244125 -0.13329890370368958
v -0.009408949874341488 0.020500000566244125 -0.1342879980802536
v -0.009408949874341488 0.020500000566244125 -0.1342879980802536
v -0.014064960181713104 0.020500000566244125 -0.1359499990940094
v -0.012039950117468834 0.019999980926513672 -0.13513599336147308
v -0.014064960181713104 0.020500000566244125 -0.1359499990940094
v -0.019898949190974236 0.020500000566244125 -0.13920700550079346
v -0.012039950117468834 0.019999980926513672 -0.13513599336147308
v -0.012039950117468834 0.019999980926513672 -0.13513599336147308
v -0.019898949190974236 0.020500000566244125 -0.13920700550079346
v -0.019614990800619125 0.020066969096660614 -0.13986800611019135
v -0.004499970935285091 0.019999980926513672 -0.13379499316215515
v -0.009408949874341488 0.020500000566244125 -0.1342879980802536
v -0.012039950117468834 0.019999980926513672 -0.13513599336147308
v -0.017507970333099365 0.019999980926513672 -0.13961799442768097
v -0.019614990800619125 0.020066969096660614 -0.13986800611019135
v -0.014491969719529152 0.019999980926513672 -0.13961799442768097
v -0.014491969719529152 0.019999980926513672 -0.13961799442768097
v -0.019614990800619125 0.020066969096660614 -0.13986800611019135
v -0.007999955676496029 0.020500000566244125 -0.14011800289154053
v -0.014491969719529152 0.019999980926513672 -0.13961799442768097
v -0.007999955676496029 0.020500000566244125 -0.14011800289154053
v -0.005524992011487484 0.019999980926513672 -0.13859300315380096
v -0.019614990800619125 0.020500000566244125 -0.14011800289154053
v -0.007999955676496029 0.020500000566244125 -0.14011800289154053
v -0.019614990800619125 0.020066969096660614 -0.13986800611019135
v -0.005524992011487484 0.019999980926513672 -0.13859300315380096
v -0.006468950770795345 0.020500000566244125 -0.13981400430202484
v -0.005171954166144133 0.020500000566244125 -0.138946995139122
v -0.005524992011487484 0.019999980926513672 -0.13859300315380096
v -0.005171954166144133 0.020500000566244125 -0.138946995139122
v -0.004303990863263607 0.020500000566244125 -0.13764889538288116
v -0.005524992011487484 0.019999980926513672 -0.13859300315380096
v -0.004303990863263607 0.020500000566244125 -0.13764889538288116
v -0.003999948035925627 0.020500000566244125 -0.13379499316215515
v -0.005524992011487484 0.019999980926513672 -0.13859300315380096
v -0.007999955676496029 0.020500000566244125 -0.14011800289154053
v -0.006468950770795345 0.020500000566244125 -0.13981400430202484
v -0.003999948035925627 0.020500000566244125 -0.13379499316215515
v -0.004499970935285091 0.019999980926513672 -0.13379499316215515
v -0.005524992011487484 0.019999980926513672 -0.13859300315380096
v -0.004499970935285091 0.019999980926513672 -0.13379499316215515
v -0.003999948035925627 0.020500000566244125 -0.13379499316215515
v -0.00456500006839633 0.020500000566244125 -0.13329890370368958
v -0.003999948035925627 0.020500000566244125 -0.13379499316215515
v -0.003797947894781828 0.030782990157604218 -0.13376499712467194
v -0.00456500006839633 0.029699979349970818 -0.13329890370368958
v -0.003999948035925627 0.020500000566244125 -0.13379499316215515
v -0.00456500006839633 0.029699979349970818 -0.13329890370368958
v -0.00456500006839633 0.020500000566244125 -0.13329890370368958
v -0.004160999786108732 0.03132199868559837 -0.1332480013370514
v -0.003797947894781828 0.030782990157604218 -0.13376499712467194
v -0.0018369549652561545 0.03258097171783447 -0.1335570067167282
v -0.00456500006839633 0.029699979349970818 -0.13329890370368958
v -0.003797947894781828 0.030782990157604218 -0.13376499712467194
v -0.004160999786108732 0.03132199868559837 -0.1332480013370514
v -0.0010139939840883017 0.03319995850324631 -0.1330150067806244
v -0.004160999786108732 0.03132199868559837 -0.1332480013370514
v -0.0018369549652561545 0.03258097171783447 -0.1335570067167282
v 0.002878963015973568 0.033008988946676254 -0.13315699994564056
v -0.0010139939840883017 0.03319995850324631 -0.1330150067806244
v -0.0018369549652561545 0.03258097171783447 -0.1335570067167282
v -0.0018369549652561545 0.03258097171783447 -0.1335570067167282
v 0.00308799697086215 0.03269999846816063 -0.13433000445365906
v 0.002878963015973568 0.033008988946676254 -0.13315699994564056
v 0.002878963015973568 0.033008988946676254 -0.13315699994564056
v 0.00308799697086215 0.03269999846816063 -0.13433000445365906
v 0.004429996013641357 0.03294998034834862 -0.13421599566936493
v 0.018702980130910873 0.03284597024321556 -0.14543099701404572
v 0.02439497970044613 0.03269999846816063 -0.14360490441322327
v 0.02301895059645176 0.03349994868040085 -0.14282500743865967
v 0.0053749680519104 0.03476500138640404 -0.13945500552654266
v 0.004429996013641357 0.03294998034834862 -0.13421599566936493
v 0.005367993842810392 0.033008988946676254 -0.1391270011663437
v 0.0053749680519104 0.03476500138640404 -0.13945500552654266
v 0.005367993842810392 0.033008988946676254 -0.1391270011663437
v 0.007545948028564453 0.03476500138640404 -0.14276699721813202
v 0.007545948028564453 0.03476500138640404 -0.14276699721813202
v 0.005367993842810392 0.033008988946676254 -0.1391270011663437
v 0.007160961162298918 0.03269999846816063 -0.14286600053310394
v 0.014620950445532799 0.03476500138640404 -0.14600899815559387
v 0.0146749597042799 0.033008988946676254 -0.1458970010280609
v 0.01854795031249523 0.03476500138640404 -0.14549000561237335
v 0.01854795031249523 0.03476500138640404 -0.14549000561237335
v 0.0146749597042799 0.033008988946676254 -0.1458970010280609
v 0.018702980130910873 0.03284597024321556 -0.14543099701404572
v 0.01854795031249523 0.03476500138640404 -0.14549000561237335
v 0.018702980130910873 0.03284597024321556 -0.14543099701404572
v 0.02301895059645176 0.03349994868040085 -0.14282500743865967
v 0.00308799697086215 0.03269999846816063 -0.13433000445365906
v 0.004935978911817074 0.03269999846816063 -0.13929200172424316
v 0.004429996013641357 0.03294998034834862 -0.13421599566936493
v 0.005367993842810392 0.033008988946676254 -0.1391270011663437
v 0.004429996013641357 0.03294998034834862 -0.13421599566936493
v 0.004935978911817074 0.03269999846816063 -0.13929200172424316
v 0.004935978911817074 0.03269999846816063 -0.13929200172424316
v 0.007160961162298918 0.03269999846816063 -0.14286600053310394
v 0.005367993842810392 0.033008988946676254 -0.1391270011663437
v 0.02301895059645176 0.03349994868040085 -0.14282500743865967
v 0.02439497970044613 0.03269999846816063 -0.14360490441322327
v 0.02486795000731945 0.03319995850324631 -0.14337100088596344
v 0.02274595946073532 0.035484958440065384 -0.14376600086688995
v 0.02390897087752819 0.0357089601457119 -0.14429189264774323
v 0.021685000509023666 0.035853978246450424 -0.1478540003299713
v 0.02390897087752819 0.0357089601457119 -0.14429189264774323
v 0.02274595946073532 0.035484958440065384 -0.14376600086688995
v 0.024550970643758774 0.034916989505290985 -0.1436759978532791
v 0.02486795000731945 0.03319995850324631 -0.14337100088596344
v 0.024550970643758774 0.034916989505290985 -0.1436759978532791
v 0.02301895059645176 0.03349994868040085 -0.14282500743865967
v 0.02301895059645176 0.03349994868040085 -0.14282500743865967
v 0.024550970643758774 0.034916989505290985 -0.1436759978532791
v 0.02274595946073532 0.035484958440065384 -0.14376600086688995
v -0.003797947894781828 0.030782990157604218 -0.13376499712467194
v -0.004072964191436768 0.030737990513443947 -0.13756699860095978
v -0.0029139509424567223 0.03251897916197777 -0.13925300538539886
v -0.003797947894781828 0.030782990157604218 -0.13376499712467194
v -0.0029139509424567223 0.03251897916197777 -0.13925300538539886
v -0.0018369549652561545 0.03258097171783447 -0.1335570067167282
v -0.004072964191436768 0.030737990513443947 -0.13756699860095978
v -0.003797947894781828 0.030782990157604218 -0.13376499712467194
v -0.003999948035925627 0.020500000566244125 -0.13379499316215515
v -0.004072964191436768 0.030737990513443947 -0.13756699860095978
v -0.003999948035925627 0.020500000566244125 -0.13379499316215515
v -0.004303990863263607 0.020500000566244125 -0.13764889538288116
v -0.004072964191436768 0.030737990513443947 -0.13756699860095978
v -0.004303990863263607 0.020500000566244125 -0.13764889538288116
v -0.005171954166144133 0.020500000566244125 -0.138946995139122
v -0.004072964191436768 0.030737990513443947 -0.13756699860095978
v -0.005171954166144133 0.020500000566244125 -0.138946995139122
v -0.005171954166144133 0.029699979349970818 -0.138946995139122
v -0.005171954166144133 0.029699979349970818 -0.138946995139122
v -0.005171954166144133 0.020500000566244125 -0.138946995139122
v -0.006468950770795345 0.020500000566244125 -0.13981400430202484
v -0.005171954166144133 0.029699979349970818 -0.138946995139122
v -0.006468950770795345 0.020500000566244125 -0.13981400430202484
v -0.006615995895117521 0.029699979349970818 -0.1398710012435913
v -0.006615995895117521 0.029699979349970818 -0.1398710012435913
v -0.006468950770795345 0.020500000566244125 -0.13981400430202484
v -0.007999955676496029 0.020500000566244125 -0.14011800289154053
v -0.006615995895117521 0.029699979349970818 -0.1398710012435913
v -0.007999955676496029 0.020500000566244125 -0.14011800289154053
v -0.007999955676496029 0.029699979349970818 -0.14011800289154053
v -0.007999955676496029 0.029699979349970818 -0.14011800289154053
v -0.007999955676496029 0.020500000566244125 -0.14011800289154053
v -0.019614990800619125 0.029699979349970818 -0.14011800289154053
v -0.019614990800619125 0.029699979349970818 -0.14011800289154053
v -0.007999955676496029 0.020500000566244125 -0.14011800289154053
v -0.019614990800619125 0.020500000566244125 -0.14011800289154053
v -0.015999969094991684 0.01969999074935913 -0.13893690705299377
v -0.017507970333099365 0.019999980926513672 -0.13961799442768097
v -0.014491969719529152 0.019999980926513672 -0.13961799442768097
v -0.017507970333099365 0.019999980926513672 -0.19638200104236603
v -0.015999969094991684 0.01969999074935913 -0.19706299901008606
v -0.014491969719529152 0.019999980926513672 -0.19638200104236603
v -0.030855000019073486 -0.016499990597367287 -0.11152199655771255
v -0.03024500049650669 -0.0176499392837286 -0.1126129999756813
v -0.026278970763087273 -0.016499990597367287 -0.11811699718236923
v -0.026278970763087273 -0.016499990597367287 -0.11811699718236923
v -0.03024500049650669 -0.0176499392837286 -0.1126129999756813
v -0.02611595019698143 -0.017499979585409164 -0.1185849979519844
v -0.03287094086408615 -0.017499979585409164 -0.10657700151205063
v -0.032105978578329086 -0.0176499392837286 -0.10893599689006805
v -0.030855000019073486 -0.016499990597367287 -0.11152199655771255
v -0.03417598828673363 -0.0176499392837286 -0.10254800319671631
v -0.03287094086408615 -0.017499979585409164 -0.10657700151205063
v -0.03362596035003662 -0.017206959426403046 -0.10359399765729904
v -0.03417598828673363 -0.0176499392837286 -0.10254800319671631
v -0.03362596035003662 -0.017206959426403046 -0.10359399765729904
v -0.03423994034528732 -0.016499990597367287 -0.10225500166416168
v -0.03287094086408615 -0.017499979585409164 -0.10657700151205063
v -0.030855000019073486 -0.016499990597367287 -0.11152199655771255
v -0.03362596035003662 -0.017206959426403046 -0.10359399765729904
v -0.034304969012737274 0.011500000022351742 -0.10194200277328491
v -0.034922949969768524 0.012353950180113316 -0.09895998239517212
v -0.0349239706993103 0.011500000022351742 -0.09269499033689499
v -0.0349239706993103 0.011500000022351742 -0.09269499033689499
v -0.034922949969768524 0.012353950180113316 -0.09895998239517212
v -0.0348159596323967 0.012010989710688591 -0.08791100233793259
v -0.0349239706993103 0.011500000022351742 -0.09269499033689499
v -0.0348159596323967 0.012010989710688591 -0.08791100233793259
v -0.034233979880809784 0.010728949680924416 -0.08531796187162399
v -0.03458397835493088 -0.02584999054670334 -0.10038000345230103
v -0.03488795831799507 -0.027167970314621925 -0.09812294691801071
v -0.03455096110701561 -0.02614998072385788 -0.10058800131082535
v -0.03102797083556652 -0.02614998072385788 -0.11119399964809418
v -0.0307269599288702 -0.03038596920669079 -0.11159200221300125
v -0.027801990509033203 -0.029699979349970818 -0.11626199632883072
v -0.02976994961500168 -0.019999980926513672 -0.11354999989271164
v -0.026232950389385223 -0.029699979349970818 -0.11816900223493576
v -0.026232950389385223 -0.019999980926513672 -0.11816900223493576
v -0.02976994961500168 -0.019999980926513672 -0.11354999989271164
v -0.0305939894169569 -0.022729989141225815 -0.1120000034570694
v -0.026232950389385223 -0.029699979349970818 -0.11816900223493576
v -0.026232950389385223 -0.029699979349970818 -0.11816900223493576
v -0.0305939894169569 -0.022729989141225815 -0.1120000034570694
v -0.027801990509033203 -0.029699979349970818 -0.11626199632883072
v -0.034423939883708954 -0.02584999054670334 -0.10132600367069244
v -0.03458397835493088 -0.02584999054670334 -0.10038000345230103
v -0.03455096110701561 -0.02614998072385788 -0.10058800131082535
v -0.034423939883708954 -0.02584999054670334 -0.10132600367069244
v -0.03455096110701561 -0.02614998072385788 -0.10058800131082535
v -0.031780000776052475 -0.02584999054670334 -0.10966400057077408
v -0.031780000776052475 -0.02584999054670334 -0.10966400057077408
v -0.03455096110701561 -0.02614998072385788 -0.10058800131082535
v -0.03102797083556652 -0.02614998072385788 -0.11119399964809418
v -0.031780000776052475 -0.02584999054670334 -0.10966400057077408
v -0.03102797083556652 -0.02614998072385788 -0.11119399964809418
v -0.0305939894169569 -0.02584999054670334 -0.1120000034570694
v -0.0305939894169569 -0.02584999054670334 -0.1120000034570694
v -0.03102797083556652 -0.02614998072385788 -0.11119399964809418
v -0.027801990509033203 -0.029699979349970818 -0.11626199632883072
v -0.0305939894169569 -0.02584999054670334 -0.1120000034570694
v -0.027801990509033203 -0.029699979349970818 -0.11626199632883072
v -0.0305939894169569 -0.022729989141225815 -0.1120000034570694
v -0.030713969841599464 -0.03040998987853527 -0.07839596271514893
v -0.03102797083556652 -0.02614998072385788 -0.07880598306655884
v -0.027801990509033203 -0.029699979349970818 -0.0737379714846611
v -0.027801990509033203 -0.029699979349970818 -0.0737379714846611
v -0.03102797083556652 -0.02614998072385788 -0.07880598306655884
v -0.026232950389385223 -0.019999980926513672 -0.07183098047971725
v -0.027801990509033203 -0.029699979349970818 -0.0737379714846611
v -0.026232950389385223 -0.019999980926513672 -0.07183098047971725
v -0.025987980887293816 -0.030489979311823845 -0.07166296243667603
v -0.03102797083556652 -0.02614998072385788 -0.07880598306655884
v -0.03020000085234642 -0.02228599041700363 -0.07730895280838013
v -0.026232950389385223 -0.019999980926513672 -0.07183098047971725
v -0.03020000085234642 -0.02228599041700363 -0.07730895280838013
v -0.02976994961500168 -0.019999980926513672 -0.07644999027252197
v -0.026232950389385223 -0.019999980926513672 -0.07183098047971725
v -0.03102797083556652 -0.022969959303736687 -0.07880598306655884
v -0.03020000085234642 -0.02228599041700363 -0.07730895280838013
v -0.03102797083556652 -0.02584999054670334 -0.07880598306655884
v -0.03102797083556652 -0.02584999054670334 -0.07880598306655884
v -0.03020000085234642 -0.02228599041700363 -0.07730895280838013
v -0.03102797083556652 -0.02614998072385788 -0.07880598306655884
v -0.03102797083556652 -0.02584999054670334 -0.07880598306655884
v -0.03102797083556652 -0.02614998072385788 -0.07880598306655884
v -0.031780000776052475 -0.02584999054670334 -0.08033596724271774
v -0.031780000776052475 -0.02584999054670334 -0.08033596724271774
v -0.03102797083556652 -0.02614998072385788 -0.07880598306655884
v -0.031780000776052475 -0.02614998072385788 -0.08033596724271774
v -0.031780000776052475 -0.02584999054670334 -0.08033596724271774
v -0.031780000776052475 -0.02614998072385788 -0.08033596724271774
v -0.03458397835493088 -0.02584999054670334 -0.08961998671293259
v -0.03458397835493088 -0.02584999054670334 -0.08961998671293259
v -0.031780000776052475 -0.02614998072385788 -0.08033596724271774
v -0.03455096110701561 -0.02614998072385788 -0.08941196650266647
v -0.0346449613571167 -0.018124990165233612 -0.08773797005414963
v -0.034057971090078354 -0.016499990597367287 -0.0869329497218132
v -0.03417598828673363 -0.0176499392837286 -0.0874519869685173
v -0.03509794920682907 -0.00874996092170477 -0.09015899151563644
v -0.034743960946798325 -0.006554961204528809 -0.09077297896146774
v -0.03445994108915329 -0.01335597038269043 -0.0887100100517273
v -0.0346449613571167 -0.018124990165233612 -0.08773797005414963
v -0.03509794920682907 -0.00874996092170477 -0.09015899151563644
v -0.03445994108915329 -0.01335597038269043 -0.0887100100517273
v -0.03445994108915329 -0.01335597038269043 -0.0887100100517273
v -0.034057971090078354 -0.016499990597367287 -0.0869329497218132
v -0.0346449613571167 -0.018124990165233612 -0.08773797005414963
v -0.034998949617147446 -0.004506945144385099 -0.09472799301147461
v -0.034743960946798325 -0.006554961204528809 -0.09077297896146774
v -0.03529595956206322 -0.005077958106994629 -0.09393799304962158
v -0.034998949617147446 -0.004506945144385099 -0.09472799301147461
v -0.03539394959807396 -0.005665956996381283 -0.0974929928779602
v -0.034763991832733154 -0.006347000133246183 -0.09905397146940231
v -0.03461498022079468 -0.008363962173461914 -0.10017699748277664
v -0.034763991832733154 -0.006347000133246183 -0.09905397146940231
v -0.03511499986052513 -0.008398950099945068 -0.09973698109388351
v -0.03423994034528732 -0.016499990597367287 -0.10225500166416168
v -0.03511499986052513 -0.008398950099945068 -0.09973698109388351
v -0.0346449613571167 -0.018124990165233612 -0.1022619977593422
v -0.0346449613571167 -0.018124990165233612 -0.1022619977593422
v -0.03417598828673363 -0.0176499392837286 -0.10254800319671631
v -0.03423994034528732 -0.016499990597367287 -0.10225500166416168
v -0.03511499986052513 -0.008398950099945068 -0.09973698109388351
v -0.03423994034528732 -0.016499990597367287 -0.10225500166416168
v -0.03461498022079468 -0.008363962173461914 -0.10017699748277664
v -0.026943979784846306 -0.014680979773402214 -0.11859399825334549
v -0.027319960296154022 -0.01234298013150692 -0.11710800230503082
v -0.026278970763087273 -0.016499990597367287 -0.11811699718236923
v -0.02611595019698143 -0.017499979585409164 -0.1185849979519844
v -0.026607990264892578 -0.017499979585409164 -0.11900000274181366
v -0.026943979784846306 -0.014680979773402214 -0.11859399825334549
v -0.026943979784846306 -0.014680979773402214 -0.11859399825334549
v -0.026278970763087273 -0.016499990597367287 -0.11811699718236923
v -0.02611595019698143 -0.017499979585409164 -0.1185849979519844
v -0.02986495941877365 -0.008911967277526855 -0.1132500022649765
v -0.03234899044036865 -0.003173947101458907 -0.11005900055170059
v -0.03193198889493942 -0.0034259550739079714 -0.10958600044250488
v -0.03477298840880394 -0.0029049511067569256 -0.0866990014910698
v -0.032741960138082504 -0.003198981052264571 -0.07987499237060547
v -0.03178995102643967 -0.0038049810100346804 -0.08035296201705933
v -0.03178995102643967 -0.0038049810100346804 -0.08035296201705933
v -0.03396499156951904 -0.003872989909723401 -0.08655297011137009
v -0.03477298840880394 -0.0029049511067569256 -0.0866990014910698
v -0.03477298840880394 -0.0029049511067569256 -0.0866990014910698
v -0.03396499156951904 -0.003872989909723401 -0.08655297011137009
v -0.03481798991560936 -0.003872989909723401 -0.09143196791410446
v -0.03477298840880394 -0.0029049511067569256 -0.0866990014910698
v -0.03481798991560936 -0.003872989909723401 -0.09143196791410446
v -0.03574996814131737 -0.0029049511067569256 -0.09499996155500412
v -0.0344269797205925 -0.003872989909723401 -0.10130699723958969
v -0.03477298840880394 -0.0029049511067569256 -0.10330100357532501
v -0.03574996814131737 -0.0029049511067569256 -0.09499996155500412
v -0.0344269797205925 -0.003872989909723401 -0.10130699723958969
v -0.03574996814131737 -0.0029049511067569256 -0.09499996155500412
v -0.03497295826673508 -0.003872989909723401 -0.09638398140668869
v -0.03497295826673508 -0.003872989909723401 -0.09638398140668869
v -0.03574996814131737 -0.0029049511067569256 -0.09499996155500412
v -0.03481798991560936 -0.003872989909723401 -0.09143196791410446
v -0.0344269797205925 -0.003872989909723401 -0.10130699723958969
v -0.033191971480846405 -0.003872989909723401 -0.10610400140285492
v -0.03477298840880394 -0.0029049511067569256 -0.10330100357532501
v -0.03477298840880394 -0.0029049511067569256 -0.10330100357532501
v -0.033191971480846405 -0.003872989909723401 -0.10610400140285492
v -0.03193198889493942 -0.0034259550739079714 -0.10958600044250488
v -0.03178995102643967 -0.0038049810100346804 -0.08035296201705933
v -0.032741960138082504 -0.003198981052264571 -0.07987499237060547
v -0.030731970444321632 -0.007054984103888273 -0.07800798863172531
v -0.029112989082932472 -0.009640990756452084 -0.07538598030805588
v -0.03454697132110596 -0.006005941890180111 -0.07835494726896286
v -0.03171395882964134 -0.011520979925990105 -0.07298398017883301
v -0.029112989082932472 -0.009640990756452084 -0.07538598030805588
v -0.03171395882964134 -0.011520979925990105 -0.07298398017883301
v -0.028220949694514275 -0.011411960236728191 -0.07306700199842453
v -0.029112989082932472 -0.009640990756452084 -0.07538598030805588
v -0.030731970444321632 -0.007054984103888273 -0.07800798863172531
v -0.03454697132110596 -0.006005941890180111 -0.07835494726896286
v -0.03454697132110596 -0.006005941890180111 -0.07835494726896286
v -0.030731970444321632 -0.007054984103888273 -0.07800798863172531
v -0.032741960138082504 -0.003198981052264571 -0.07987499237060547
v -0.032741960138082504 -0.003198981052264571 -0.07987499237060547
v -0.03642898052930832 -0.0049939751625061035 -0.07955598086118698
v -0.03454697132110596 -0.006005941890180111 -0.07835494726896286
v -0.03642898052930832 -0.0049939751625061035 -0.07955598086118698
v -0.032741960138082504 -0.003198981052264571 -0.07987499237060547
v -0.03708796948194504 -0.00008199999865610152 -0.0812629982829094
v -0.030725950375199318 -0.017232000827789307 -0.0710039734840393
v -0.026607990264892578 -0.017499979585409164 -0.07099997252225876
v -0.03128796070814133 -0.014511999674141407 -0.0714789628982544
v -0.03128796070814133 -0.014511999674141407 -0.0714789628982544
v -0.026607990264892578 -0.017499979585409164 -0.07099997252225876
v -0.027152949944138527 -0.013914999552071095 -0.07166498154401779
v -0.03128796070814133 -0.014511999674141407 -0.0714789628982544
v -0.027152949944138527 -0.013914999552071095 -0.07166498154401779
v -0.03171395882964134 -0.011520979925990105 -0.07298398017883301
v -0.03171395882964134 -0.011520979925990105 -0.07298398017883301
v -0.027152949944138527 -0.013914999552071095 -0.07166498154401779
v -0.028220949694514275 -0.011411960236728191 -0.07306700199842453
v -0.026607990264892578 -0.017499979585409164 -0.07099997252225876
v -0.030725950375199318 -0.017232000827789307 -0.0710039734840393
v -0.026607990264892578 -0.029699979349970818 -0.07099997252225876
v -0.026607990264892578 -0.029699979349970818 -0.07099997252225876
v -0.030725950375199318 -0.017232000827789307 -0.0710039734840393
v -0.03072500042617321 -0.03099994920194149 -0.07099997252225876
v -0.026607990264892578 -0.029699979349970818 -0.07099997252225876
v -0.03072500042617321 -0.03099994920194149 -0.07099997252225876
v -0.024956999346613884 -0.031756989657878876 -0.07157295197248459
v -0.03072500042617321 -0.03099994920194149 -0.07099997252225876
v -0.02644699066877365 -0.03228098154067993 -0.0705939531326294
v -0.024956999346613884 -0.031756989657878876 -0.07157295197248459
v -0.02644699066877365 -0.03228098154067993 -0.0705939531326294
v -0.024253960698843002 -0.03269999846816063 -0.07010900229215622
v -0.024956999346613884 -0.031756989657878876 -0.07157295197248459
v -0.026607990264892578 -0.029699979349970818 -0.07099997252225876
v -0.024956999346613884 -0.031756989657878876 -0.07157295197248459
v -0.025987980887293816 -0.030489979311823845 -0.07166296243667603
v -0.024253960698843002 -0.03269999846816063 -0.07010900229215622
v -0.02171999029815197 -0.03269999846816063 -0.07150000333786011
v -0.024956999346613884 -0.031756989657878876 -0.07157295197248459
v -0.007999955676496029 -0.03269999846816063 -0.1198820024728775
v -0.025345979258418083 -0.03283398970961571 -0.11985799670219421
v -0.02171999029815197 -0.03269999846816063 -0.1185000017285347
v -0.007999955676496029 -0.03269999846816063 -0.1198820024728775
v -0.02171999029815197 -0.03269999846816063 -0.1185000017285347
v -0.004999995231628418 -0.03269999846816063 -0.11150000244379044
v -0.004999995231628418 -0.03269999846816063 -0.11150000244379044
v -0.02171999029815197 -0.03269999846816063 -0.1185000017285347
v -0.027417950332164764 -0.03269999846816063 -0.11150000244379044
v -0.0029999609105288982 -0.03269999846816063 -0.11349990218877792
v -0.0029999609105288982 -0.03269999846816063 -0.12198299914598465
v -0.007999955676496029 -0.03269999846816063 -0.1198820024728775
v -0.0029999609105288982 -0.03269999846816063 -0.11349990218877792
v -0.007999955676496029 -0.03269999846816063 -0.1198820024728775
v -0.004999995231628418 -0.03269999846816063 -0.11150000244379044
v -0.0021639459300786257 -0.03270595893263817 -0.06015700101852417
v 0.0023689859081059694 -0.03276699036359787 -0.06033097952604294
v 0.00308799697086215 -0.03269999846816063 -0.06132996082305908
v -0.0021639459300786257 -0.03270595893263817 -0.06015700101852417
v 0.00308799697086215 -0.03269999846816063 -0.06132996082305908
v -0.0019999740179628134 -0.032678961753845215 -0.0659789964556694
v -0.0019999740179628134 -0.032678961753845215 -0.0659789964556694
v 0.00308799697086215 -0.03269999846816063 -0.06132996082305908
v 0.0023099780082702637 -0.03219997137784958 -0.06395696848630905
v -0.0019999740179628134 -0.032678961753845215 -0.0659789964556694
v 0.0023099780082702637 -0.03219997137784958 -0.06395696848630905
v 0.000957000011112541 -0.03219997137784958 -0.06531000137329102
v -0.02171999029815197 -0.03269999846816063 -0.07150000333786011
v -0.004999995231628418 -0.03269999846816063 -0.07849997282028198
v -0.027417950332164764 -0.03269999846816063 -0.07849997282028198
v -0.0029999609105288982 -0.03269999846816063 -0.07649999111890793
v -0.007999955676496029 -0.03269999846816063 -0.0701180100440979
v -0.0029999609105288982 -0.03269999846816063 -0.06801699846982956
v -0.0029999609105288982 -0.03269999846816063 -0.07649999111890793
v -0.004999995231628418 -0.03269999846816063 -0.07849997282028198
v -0.02171999029815197 -0.03269999846816063 -0.07150000333786011
v -0.0029999609105288982 -0.03269999846816063 -0.07649999111890793
v -0.02171999029815197 -0.03269999846816063 -0.07150000333786011
v -0.007999955676496029 -0.03269999846816063 -0.0701180100440979
v -0.007999955676496029 -0.03269999846816063 -0.0701180100440979
v -0.02171999029815197 -0.03269999846816063 -0.07150000333786011
v -0.024253960698843002 -0.03269999846816063 -0.07010900229215622
v -0.007999955676496029 -0.03269999846816063 -0.1198820024728775
v -0.0029999609105288982 -0.03269999846816063 -0.12198299914598465
v -0.002936959033831954 -0.032516948878765106 -0.12372200191020966
v -0.007999955676496029 -0.029699979349970818 -0.12288200110197067
v -0.0063109989278018475 -0.03182094916701317 -0.1223049983382225
v -0.006615995895117521 -0.029699979349970818 -0.12312900274991989
v -0.006615995895117521 -0.029699979349970818 -0.12312900274991989
v -0.0063109989278018475 -0.03182094916701317 -0.1223049983382225
v -0.005171954166144133 -0.029699979349970818 -0.1240530014038086
v -0.005171954166144133 -0.029699979349970818 -0.1240530014038086
v -0.0063109989278018475 -0.03182094916701317 -0.1223049983382225
v -0.004549980163574219 -0.03182094916701317 -0.12343200296163559
v -0.005171954166144133 -0.029699979349970818 -0.1240530014038086
v -0.004549980163574219 -0.03182094916701317 -0.12343200296163559
v -0.004072964191436768 -0.030737990513443947 -0.12543299794197083
v -0.004072964191436768 -0.030737990513443947 -0.12543299794197083
v -0.004549980163574219 -0.03182094916701317 -0.12343200296163559
v -0.002936959033831954 -0.032516948878765106 -0.12372200191020966
v -0.0063109989278018475 -0.03182094916701317 -0.1223049983382225
v -0.007999955676496029 -0.03251497820019722 -0.12092000246047974
v -0.007999955676496029 -0.03269999846816063 -0.1198820024728775
v -0.0063109989278018475 -0.03182094916701317 -0.1223049983382225
v -0.007999955676496029 -0.03269999846816063 -0.1198820024728775
v -0.004549980163574219 -0.03182094916701317 -0.12343200296163559
v -0.004549980163574219 -0.03182094916701317 -0.12343200296163559
v -0.007999955676496029 -0.03269999846816063 -0.1198820024728775
v -0.002936959033831954 -0.032516948878765106 -0.12372200191020966
v -0.020719999447464943 -0.031605951488018036 -0.12219890207052231
v -0.02259998954832554 -0.03252296894788742 -0.12089700251817703
v -0.007999955676496029 -0.03251497820019722 -0.12092000246047974
v -0.007999955676496029 -0.03251497820019722 -0.12092000246047974
v -0.02259998954832554 -0.03252296894788742 -0.12089700251817703
v -0.007999955676496029 -0.03269999846816063 -0.1198820024728775
v -0.007999955676496029 -0.03269999846816063 -0.1198820024728775
v -0.02259998954832554 -0.03252296894788742 -0.12089700251817703
v -0.025345979258418083 -0.03283398970961571 -0.11985799670219421
v -0.007999955676496029 -0.03251497820019722 -0.12092000246047974
v -0.0063109989278018475 -0.03182094916701317 -0.1223049983382225
v -0.020719999447464943 -0.031605951488018036 -0.12219890207052231
v -0.020719999447464943 -0.031605951488018036 -0.12219890207052231
v -0.0063109989278018475 -0.03182094916701317 -0.1223049983382225
v -0.007999955676496029 -0.029699979349970818 -0.12288200110197067
v -0.020719999447464943 -0.031605951488018036 -0.12219890207052231
v -0.007999955676496029 -0.029699979349970818 -0.12288200110197067
v -0.01962899975478649 -0.02992898039519787 -0.12287300080060959
v -0.02785998024046421 -0.03445696085691452 -0.11893899738788605
v -0.03072500042617321 -0.03099994920194149 -0.11900000274181366
v -0.02610200084745884 -0.03128194063901901 -0.11900000274181366
v -0.02785998024046421 -0.03445696085691452 -0.11893899738788605
v -0.02610200084745884 -0.03128194063901901 -0.11900000274181366
v -0.025345979258418083 -0.03283398970961571 -0.11985799670219421
v -0.025345979258418083 -0.03283398970961571 -0.11985799670219421
v -0.02610200084745884 -0.03128194063901901 -0.11900000274181366
v -0.024074969813227654 -0.03228598088026047 -0.11832399666309357
v -0.025345979258418083 -0.03283398970961571 -0.11985799670219421
v -0.024074969813227654 -0.03228598088026047 -0.11832399666309357
v -0.02171999029815197 -0.03269999846816063 -0.1185000017285347
v -0.026417970657348633 -0.029699979349970818 -0.11896199733018875
v -0.025917939841747284 -0.03064900077879429 -0.11834300309419632
v -0.02610200084745884 -0.03128194063901901 -0.11900000274181366
v -0.02610200084745884 -0.03128194063901901 -0.11900000274181366
v -0.025917939841747284 -0.03064900077879429 -0.11834300309419632
v -0.024074969813227654 -0.03228598088026047 -0.11832399666309357
v -0.026417970657348633 -0.029699979349970818 -0.11896199733018875
v -0.026232950389385223 -0.029699979349970818 -0.11816900223493576
v -0.025917939841747284 -0.03064900077879429 -0.11834300309419632
v -0.029049990698695183 -0.03219997137784958 -0.1120000034570694
v -0.024074969813227654 -0.03228598088026047 -0.11832399666309357
v -0.025917939841747284 -0.03064900077879429 -0.11834300309419632
v -0.029049990698695183 -0.03219997137784958 -0.1120000034570694
v -0.025917939841747284 -0.03064900077879429 -0.11834300309419632
v -0.0307269599288702 -0.03038596920669079 -0.11159200221300125
v -0.0307269599288702 -0.03038596920669079 -0.11159200221300125
v -0.025917939841747284 -0.03064900077879429 -0.11834300309419632
v -0.027801990509033203 -0.029699979349970818 -0.11626199632883072
v -0.027801990509033203 -0.029699979349970818 -0.11626199632883072
v -0.025917939841747284 -0.03064900077879429 -0.11834300309419632
v -0.026232950389385223 -0.029699979349970818 -0.11816900223493576
v -0.02171999029815197 -0.03269999846816063 -0.1185000017285347
v -0.024074969813227654 -0.03228598088026047 -0.11832399666309357
v -0.027417950332164764 -0.03269999846816063 -0.11150000244379044
v -0.024074969813227654 -0.03228598088026047 -0.11832399666309357
v -0.029049990698695183 -0.03219997137784958 -0.1120000034570694
v -0.027417950332164764 -0.03269999846816063 -0.11150000244379044
v -0.029049990698695183 -0.03219997137784958 -0.07800000160932541
v -0.030713969841599464 -0.03040998987853527 -0.07839596271514893
v -0.024956999346613884 -0.031756989657878876 -0.07157295197248459
v -0.024956999346613884 -0.031756989657878876 -0.07157295197248459
v -0.030713969841599464 -0.03040998987853527 -0.07839596271514893
v -0.025987980887293816 -0.030489979311823845 -0.07166296243667603
v -0.02171999029815197 -0.03269999846816063 -0.07150000333786011
v -0.027417950332164764 -0.03269999846816063 -0.07849997282028198
v -0.029049990698695183 -0.03219997137784958 -0.07800000160932541
v -0.029049990698695183 -0.03219997137784958 -0.07800000160932541
v -0.024956999346613884 -0.031756989657878876 -0.07157295197248459
v -0.02171999029815197 -0.03269999846816063 -0.07150000333786011
v -0.025987980887293816 -0.030489979311823845 -0.07166296243667603
v -0.030713969841599464 -0.03040998987853527 -0.07839596271514893
v -0.027801990509033203 -0.029699979349970818 -0.0737379714846611
v 0.005033968947827816 -0.03269999846816063 -0.06654000282287598
v 0.00308799697086215 -0.03269999846816063 -0.06132996082305908
v 0.004337965976446867 -0.03294998034834862 -0.06138496845960617
v 0.004337965976446867 -0.03294998034834862 -0.06138496845960617
v 0.00308799697086215 -0.03269999846816063 -0.06132996082305908
v 0.0023689859081059694 -0.03276699036359787 -0.06033097952604294
v 0.004337965976446867 -0.03294998034834862 -0.06138496845960617
v 0.0023689859081059694 -0.03276699036359787 -0.06033097952604294
v 0.0023789999540895224 -0.03423798084259033 -0.06019299849867821
v 0.01850700005888939 -0.03273797035217285 -0.07266794890165329
v 0.014546990394592285 -0.033008988946676254 -0.07288998365402222
v 0.018471000716090202 -0.03445696085691452 -0.07255499809980392
v 0.005461989901959896 -0.033008988946676254 -0.06636500358581543
v 0.005320965778082609 -0.03445696085691452 -0.06642299145460129
v 0.007251976989209652 -0.03269999846816063 -0.06996297091245651
v 0.005461989901959896 -0.033008988946676254 -0.06636500358581543
v 0.007251976989209652 -0.03269999846816063 -0.06996297091245651
v 0.005033968947827816 -0.03269999846816063 -0.06654000282287598
v 0.005461989901959896 -0.033008988946676254 -0.06636500358581543
v 0.005033968947827816 -0.03269999846816063 -0.06654000282287598
v 0.004337965976446867 -0.03294998034834862 -0.06138496845960617
v 0.025187959894537926 -0.033008988946676254 -0.07075297087430954
v 0.028689980506896973 -0.03294998034834862 -0.07506995648145676
v 0.028333960101008415 -0.03269999846816063 -0.07531695812940598
v 0.025187959894537926 -0.033008988946676254 -0.07075297087430954
v 0.028333960101008415 -0.03269999846816063 -0.07531695812940598
v 0.02439497970044613 -0.03269999846816063 -0.07060497254133224
v -0.006615995895117521 -0.029699979349970818 -0.06687097996473312
v -0.0050399890169501305 -0.030737990513443947 -0.06607799977064133
v -0.007999955676496029 -0.029699979349970818 -0.06711798161268234
v -0.0030609960667788982 -0.03219997137784958 -0.06593900173902512
v -0.0029999609105288982 -0.03269999846816063 -0.06801699846982956
v -0.005936979781836271 -0.03251497820019722 -0.06871098279953003
v -0.005936979781836271 -0.03251497820019722 -0.06871098279953003
v -0.0029999609105288982 -0.03269999846816063 -0.06801699846982956
v -0.007999955676496029 -0.03269999846816063 -0.0701180100440979
v -0.0050399890169501305 -0.030737990513443947 -0.06607799977064133
v -0.004072964191436768 -0.030737990513443947 -0.0645669624209404
v -0.0030609960667788982 -0.03219997137784958 -0.06593900173902512
v -0.0050399890169501305 -0.030737990513443947 -0.06607799977064133
v -0.0030609960667788982 -0.03219997137784958 -0.06593900173902512
v -0.007999955676496029 -0.029699979349970818 -0.06711798161268234
v -0.007999955676496029 -0.029699979349970818 -0.06711798161268234
v -0.0030609960667788982 -0.03219997137784958 -0.06593900173902512
v -0.007999955676496029 -0.030737990513443947 -0.06730394810438156
v -0.007999955676496029 -0.030737990513443947 -0.06730394810438156
v -0.0030609960667788982 -0.03219997137784958 -0.06593900173902512
v -0.005936979781836271 -0.03251497820019722 -0.06871098279953003
v -0.007999955676496029 -0.030737990513443947 -0.06730394810438156
v -0.005936979781836271 -0.03251497820019722 -0.06871098279953003
v -0.007999955676496029 -0.03182094916701317 -0.06799697130918503
v -0.0021639459300786257 -0.03270595893263817 -0.06015700101852417
v -0.0019999740179628134 -0.032678961753845215 -0.0659789964556694
v -0.0030609960667788982 -0.03219997137784958 -0.06593900173902512
v -0.0021639459300786257 -0.03270595893263817 -0.06015700101852417
v -0.0030609960667788982 -0.03219997137784958 -0.06593900173902512
v -0.004072964191436768 -0.030737990513443947 -0.0645669624209404
v -0.0021639459300786257 -0.03270595893263817 -0.06015700101852417
v -0.004072964191436768 -0.030737990513443947 -0.0645669624209404
v -0.0029969809111207724 -0.03193897008895874 -0.0606609508395195
v -0.004044950008392334 -0.029699979349970818 -0.06058799847960472
v -0.0029969809111207724 -0.03193897008895874 -0.0606609508395195
v -0.004072964191436768 -0.030737990513443947 -0.0645669624209404
v -0.0039329519495368 -0.031693991273641586 -0.060221970081329346
v -0.0021639459300786257 -0.03270595893263817 -0.06015700101852417
v -0.0029969809111207724 -0.03193897008895874 -0.0606609508395195
v -0.00456500006839633 -0.029699979349970818 -0.06029897183179855
v -0.0039329519495368 -0.031693991273641586 -0.060221970081329346
v -0.0029969809111207724 -0.03193897008895874 -0.0606609508395195
v -0.00456500006839633 -0.029699979349970818 -0.06029897183179855
v -0.0029969809111207724 -0.03193897008895874 -0.0606609508395195
v -0.004044950008392334 -0.029699979349970818 -0.06058799847960472
v -0.014151990413665771 -0.03249996155500412 -0.1270110011100769
v -0.013593969866633415 -0.03435897082090378 -0.12708689272403717
v -0.017949990928173065 -0.03436499089002609 -0.12486600130796432
v -0.019898949190974236 -0.029699979349970818 -0.12379299849271774
v -0.019898949190974236 -0.020500000566244125 -0.12379299849271774
v -0.01574099063873291 -0.020500000566244125 -0.12625999748706818
v -0.017949990928173065 -0.03436499089002609 -0.12486600130796432
v -0.025345979258418083 -0.03283398970961571 -0.11985799670219421
v -0.020678989589214325 -0.031578950583934784 -0.12323799729347229
v -0.017949990928173065 -0.03436499089002609 -0.12486600130796432
v -0.020678989589214325 -0.031578950583934784 -0.12323799729347229
v -0.019898949190974236 -0.029699979349970818 -0.12379299849271774
v 0.0041189780458807945 -0.03269999846816063 -0.12925300002098083
v 0.002375959884375334 -0.03436499089002609 -0.12976400554180145
v -0.0018369549652561545 -0.03258097171783447 -0.1294430047273636
v -0.0018369549652561545 -0.03258097171783447 -0.1294430047273636
v 0.002375959884375334 -0.03436499089002609 -0.12976400554180145
v -0.004518984816968441 -0.03479795902967453 -0.1293410062789917
v -0.017949990928173065 -0.03436499089002609 -0.12486600130796432
v -0.019898949190974236 -0.029699979349970818 -0.12379299849271774
v -0.01574099063873291 -0.020500000566244125 -0.12625999748706818
v -0.017949990928173065 -0.03436499089002609 -0.12486600130796432
v -0.01574099063873291 -0.020500000566244125 -0.12625999748706818
v -0.014151990413665771 -0.03249996155500412 -0.1270110011100769
v -0.014151990413665771 -0.03249996155500412 -0.1270110011100769
v -0.01574099063873291 -0.020500000566244125 -0.12625999748706818
v -0.011110959574580193 -0.020500000566244125 -0.12818999588489532
v -0.014151990413665771 -0.03249996155500412 -0.1270110011100769
v -0.011110959574580193 -0.020500000566244125 -0.12818999588489532
v -0.009058952331542969 -0.03249996155500412 -0.12880699336528778
v -0.009058952331542969 -0.03249996155500412 -0.12880699336528778
v -0.011110959574580193 -0.020500000566244125 -0.12818999588489532
v -0.00456500006839633 -0.020500000566244125 -0.12970100343227386
v -0.00456500006839633 -0.020500000566244125 -0.12970100343227386
v -0.00456500006839633 -0.029699979349970818 -0.12970100343227386
v -0.009058952331542969 -0.03249996155500412 -0.12880699336528778
v -0.009058952331542969 -0.03249996155500412 -0.12880699336528778
v -0.00456500006839633 -0.029699979349970818 -0.12970100343227386
v -0.00464594317600131 -0.03286999091506004 -0.12952500581741333
v -0.00464594317600131 -0.03286999091506004 -0.12952500581741333
v -0.00456500006839633 -0.029699979349970818 -0.12970100343227386
v -0.0029729600064456463 -0.03224897012114525 -0.12977400422096252
v -0.00464594317600131 -0.03286999091506004 -0.12952500581741333
v -0.0029729600064456463 -0.03224897012114525 -0.12977400422096252
v -0.004518984816968441 -0.03479795902967453 -0.1293410062789917
v -0.004518984816968441 -0.03479795902967453 -0.1293410062789917
v -0.0029729600064456463 -0.03224897012114525 -0.12977400422096252
v -0.0018369549652561545 -0.03258097171783447 -0.1294430047273636
v 0.0251039806753397 -0.03436499089002609 -0.07083398103713989
v 0.028689980506896973 -0.03294998034834862 -0.07506995648145676
v 0.025187959894537926 -0.033008988946676254 -0.07075297087430954
v -0.00456500006839633 -0.029699979349970818 -0.06029897183179855
v -0.00456500006839633 -0.020500000566244125 -0.06029897183179855
v -0.006250977050513029 -0.020500000566244125 -0.06056296080350876
v -0.004270969890058041 -0.03435897082090378 -0.060414958745241165
v 0.0023789999540895224 -0.03423798084259033 -0.06019299849867821
v -0.0021639459300786257 -0.03270595893263817 -0.06015700101852417
v -0.004270969890058041 -0.03435897082090378 -0.060414958745241165
v -0.0021639459300786257 -0.03270595893263817 -0.06015700101852417
v -0.0039329519495368 -0.031693991273641586 -0.060221970081329346
v -0.009058952331542969 -0.03249996155500412 -0.06119297817349434
v -0.0039329519495368 -0.031693991273641586 -0.060221970081329346
v -0.00456500006839633 -0.029699979349970818 -0.06029897183179855
v -0.00456500006839633 -0.029699979349970818 -0.06029897183179855
v -0.006250977050513029 -0.020500000566244125 -0.06056296080350876
v -0.009058952331542969 -0.03249996155500412 -0.06119297817349434
v -0.009058952331542969 -0.03249996155500412 -0.06119297817349434
v -0.006250977050513029 -0.020500000566244125 -0.06056296080350876
v -0.012569960206747055 -0.020308969542384148 -0.062375959008932114
v -0.009058952331542969 -0.03249996155500412 -0.06119297817349434
v -0.012569960206747055 -0.020308969542384148 -0.062375959008932114
v -0.014151990413665771 -0.03249996155500412 -0.06298898905515671
v -0.014151990413665771 -0.03249996155500412 -0.06298898905515671
v -0.012569960206747055 -0.020308969542384148 -0.062375959008932114
v -0.01574099063873291 -0.020500000566244125 -0.06373994797468185
v -0.014151990413665771 -0.03249996155500412 -0.06298898905515671
v -0.01574099063873291 -0.020500000566244125 -0.06373994797468185
v -0.019898949190974236 -0.020500000566244125 -0.06620699167251587
v -0.014151990413665771 -0.03249996155500412 -0.06298898905515671
v -0.019898949190974236 -0.020500000566244125 -0.06620699167251587
v -0.019898949190974236 -0.02970099076628685 -0.06620699167251587
v -0.014151990413665771 -0.03249996155500412 -0.06298898905515671
v -0.019898949190974236 -0.02970099076628685 -0.06620699167251587
v -0.017949990928173065 -0.03436499089002609 -0.06513398140668869
v -0.017949990928173065 -0.03436499089002609 -0.06513398140668869
v -0.019898949190974236 -0.02970099076628685 -0.06620699167251587
v -0.022054970264434814 -0.03236895054578781 -0.06792598217725754
v -0.005452990066260099 -0.019999980926513672 -0.1295730024576187
v -0.00456500006839633 -0.020500000566244125 -0.12970100343227386
v -0.011110959574580193 -0.020500000566244125 -0.12818999588489532
v -0.019715959206223488 -0.02003300003707409 -0.12352800369262695
v -0.005452990066260099 -0.019999980926513672 -0.1295730024576187
v -0.011110959574580193 -0.020500000566244125 -0.12818999588489532
v -0.019898949190974236 -0.020500000566244125 -0.12379299849271774
v -0.019715959206223488 -0.02003300003707409 -0.12352800369262695
v -0.01574099063873291 -0.020500000566244125 -0.12625999748706818
v -0.019715959206223488 -0.02003300003707409 -0.12352800369262695
v -0.011110959574580193 -0.020500000566244125 -0.12818999588489532
v -0.01574099063873291 -0.020500000566244125 -0.12625999748706818
v -0.019614990800619125 -0.020500000566244125 -0.12288200110197067
v -0.019715959206223488 -0.02003300003707409 -0.12352800369262695
v -0.019898949190974236 -0.020500000566244125 -0.12379299849271774
v -0.017507970333099365 -0.019999980926513672 -0.12338200211524963
v -0.019715959206223488 -0.02003300003707409 -0.12352800369262695
v -0.019614990800619125 -0.020500000566244125 -0.12288200110197067
v -0.017507970333099365 -0.019999980926513672 -0.12338200211524963
v -0.019614990800619125 -0.020500000566244125 -0.12288200110197067
v -0.014491969719529152 -0.019999980926513672 -0.12338200211524963
v -0.006660996936261654 -0.019999980926513672 -0.12364800274372101
v -0.014491969719529152 -0.019999980926513672 -0.12338200211524963
v -0.007999955676496029 -0.020500000566244125 -0.12288200110197067
v -0.007999955676496029 -0.020500000566244125 -0.12288200110197067
v -0.014491969719529152 -0.019999980926513672 -0.12338200211524963
v -0.019614990800619125 -0.020500000566244125 -0.12288200110197067
v -0.004303990863263607 -0.020500000566244125 -0.12535099685192108
v -0.005452990066260099 -0.019999980926513672 -0.1295730024576187
v -0.006660996936261654 -0.019999980926513672 -0.12364800274372101
v -0.004303990863263607 -0.020500000566244125 -0.12535099685192108
v -0.006660996936261654 -0.019999980926513672 -0.12364800274372101
v -0.005171954166144133 -0.020500000566244125 -0.1240530014038086
v -0.005171954166144133 -0.020500000566244125 -0.1240530014038086
v -0.006660996936261654 -0.019999980926513672 -0.12364800274372101
v -0.006468950770795345 -0.020500000566244125 -0.12318599969148636
v -0.006468950770795345 -0.020500000566244125 -0.12318599969148636
v -0.006660996936261654 -0.019999980926513672 -0.12364800274372101
v -0.007999955676496029 -0.020500000566244125 -0.12288200110197067
v -0.005452990066260099 -0.019999980926513672 -0.1295730024576187
v -0.004303990863263607 -0.020500000566244125 -0.12535099685192108
v -0.003999948035925627 -0.020500000566244125 -0.12920500338077545
v -0.005452990066260099 -0.019999980926513672 -0.1295730024576187
v -0.003999948035925627 -0.020500000566244125 -0.12920500338077545
v -0.00456500006839633 -0.020500000566244125 -0.12970100343227386
v -0.00456500006839633 -0.029699979349970818 -0.12970100343227386
v -0.003797947894781828 -0.030781980603933334 -0.12923499941825867
v -0.0029729600064456463 -0.03224897012114525 -0.12977400422096252
v 0.002375959884375334 -0.03436499089002609 -0.12976400554180145
v 0.0037419789005070925 -0.03504598140716553 -0.12866200506687164
v 0.0022159810177981853 -0.035999950021505356 -0.12742400169372559
v 0.0041189780458807945 -0.03269999846816063 -0.12925300002098083
v 0.00549697782844305 -0.03319995850324631 -0.123649001121521
v 0.0037419789005070925 -0.03504598140716553 -0.12866200506687164
v 0.0037419789005070925 -0.03504598140716553 -0.12866200506687164
v 0.002375959884375334 -0.03436499089002609 -0.12976400554180145
v 0.0041189780458807945 -0.03269999846816063 -0.12925300002098083
v 0.0022159810177981853 -0.035999950021505356 -0.12742400169372559
v -0.004932999145239592 -0.03564995154738426 -0.12841300666332245
v 0.002375959884375334 -0.03436499089002609 -0.12976400554180145
v 0.002375959884375334 -0.03436499089002609 -0.12976400554180145
v -0.004932999145239592 -0.03564995154738426 -0.12841300666332245
v -0.004518984816968441 -0.03479795902967453 -0.1293410062789917
v 0.02237498015165329 -0.03593295067548752 -0.07405096292495728
v 0.024169979616999626 -0.03566199168562889 -0.07408695667982101
v 0.024037949740886688 -0.03584498167037964 -0.0718599483370781
v -0.02510898932814598 -0.035999950021505356 -0.07271099090576172
v -0.028564980253577232 -0.03590499982237816 -0.07313697785139084
v -0.030188970267772675 -0.035999950021505356 -0.07728999108076096
v 0.01440798956900835 -0.035999950021505356 -0.08420997112989426
v 0.017999939620494843 -0.035999950021505356 -0.09499996155500412
v 0.020999960601329803 -0.035999950021505356 -0.07599996775388718
v 0.025344960391521454 -0.035999950021505356 -0.11231300234794617
v 0.027389999479055405 -0.03581397980451584 -0.11290500313043594
v 0.02362697944045067 -0.035999950021505356 -0.10948999971151352
v 0.027401980012655258 -0.03584498167037964 -0.07596396654844284
v 0.025740979239344597 -0.035962991416454315 -0.0765649601817131
v 0.024325959384441376 -0.035999950021505356 -0.07835996150970459
v 0.027401980012655258 -0.03584498167037964 -0.07596396654844284
v 0.024325959384441376 -0.035999950021505356 -0.07835996150970459
v 0.021360989660024643 -0.035999950021505356 -0.08505599945783615
v 0.01440798956900835 -0.035999950021505356 -0.08420997112989426
v 0.020999960601329803 -0.035999950021505356 -0.07599996775388718
v 0.0050649638287723064 -0.035999950021505356 -0.07772696018218994
v -0.008150993846356869 -0.035999950021505356 -0.12241200357675552
v 0.009719966910779476 -0.035999950021505356 -0.11584500223398209
v -0.030188970267772675 -0.035999950021505356 -0.1127099022269249
v -0.008150993846356869 -0.035999950021505356 -0.0675879716873169
v -0.010934939607977867 -0.035999950021505356 -0.06637299060821533
v -0.030188970267772675 -0.035999950021505356 -0.07728999108076096
v 0.024325959384441376 -0.035999950021505356 -0.07835996150970459
v 0.020999960601329803 -0.035999950021505356 -0.07599996775388718
v 0.021360989660024643 -0.035999950021505356 -0.08505599945783615
v 0.021360989660024643 -0.035999950021505356 -0.08505599945783615
v 0.020999960601329803 -0.035999950021505356 -0.07599996775388718
v 0.017999939620494843 -0.035999950021505356 -0.09499996155500412
v 0.021360989660024643 -0.035999950021505356 -0.08505599945783615
v 0.017999939620494843 -0.035999950021505356 -0.09499996155500412
v 0.019499950110912323 -0.035999950021505356 -0.09499996155500412
v 0.019499950110912323 -0.035999950021505356 -0.09499996155500412
v 0.017999939620494843 -0.035999950021505356 -0.09499996155500412
v 0.01996898092329502 -0.035999950021505356 -0.10005799680948257
v 0.01996898092329502 -0.035999950021505356 -0.10005799680948257
v 0.017999939620494843 -0.035999950021505356 -0.09499996155500412
v 0.017077980563044548 -0.035999950021505356 -0.10068599879741669
v 0.01996898092329502 -0.035999950021505356 -0.10005799680948257
v 0.017077980563044548 -0.035999950021505356 -0.10068599879741669
v 0.010261950083076954 -0.035999950021505356 -0.10978899896144867
v 0.01996898092329502 -0.035999950021505356 -0.10005799680948257
v 0.010261950083076954 -0.035999950021505356 -0.10978899896144867
v 0.02362697944045067 -0.035999950021505356 -0.10948999971151352
v 0.02362697944045067 -0.035999950021505356 -0.10948999971151352
v 0.010261950083076954 -0.035999950021505356 -0.10978899896144867
v 0.02349996007978916 -0.035999950021505356 -0.11150000244379044
v 0.02362697944045067 -0.035999950021505356 -0.10948999971151352
v 0.02349996007978916 -0.035999950021505356 -0.11150000244379044
v 0.025344960391521454 -0.035999950021505356 -0.11231300234794617
v 0.009719966910779476 -0.035999950021505356 -0.11584500223398209
v 0.020999960601329803 -0.035999950021505356 -0.11400000005960464
v -0.030188970267772675 -0.035999950021505356 -0.1127099022269249
v -0.0062999720685184 -0.035999950021505356 -0.07813899964094162
v 0.0050649638287723064 -0.035999950021505356 -0.07772696018218994
v -0.030188970267772675 -0.035999950021505356 -0.07728999108076096
v 0.009719966910779476 -0.035999950021505356 -0.11584500223398209
v -0.008150993846356869 -0.035999950021505356 -0.12241200357675552
v 0.005162953864783049 -0.035999950021505356 -0.11938299983739853
v 0.0050649638287723064 -0.035999950021505356 -0.07772696018218994
v 0.020999960601329803 -0.035999950021505356 -0.07599996775388718
v -0.030188970267772675 -0.035999950021505356 -0.07728999108076096
v 0.0022749900817871094 -0.03584498167037964 -0.061711959540843964
v -0.004981994163244963 -0.035793960094451904 -0.06187897175550461
v 0.003182946937158704 -0.035999950021505356 -0.06729798763990402
v 0.003182946937158704 -0.035999950021505356 -0.06729798763990402
v -0.004981994163244963 -0.035793960094451904 -0.06187897175550461
v -0.005465983878821135 -0.035999950021505356 -0.06616895645856857
v 0.003182946937158704 -0.035999950021505356 -0.06729798763990402
v -0.005465983878821135 -0.035999950021505356 -0.06616895645856857
v 0.009719966910779476 -0.035999950021505356 -0.07415497303009033
v 0.009719966910779476 -0.035999950021505356 -0.07415497303009033
v -0.005465983878821135 -0.035999950021505356 -0.06616895645856857
v -0.008150993846356869 -0.035999950021505356 -0.0675879716873169
v 0.009719966910779476 -0.035999950021505356 -0.07415497303009033
v -0.008150993846356869 -0.035999950021505356 -0.0675879716873169
v -0.030188970267772675 -0.035999950021505356 -0.07728999108076096
v 0.009719966910779476 -0.035999950021505356 -0.07415497303009033
v -0.030188970267772675 -0.035999950021505356 -0.07728999108076096
v 0.020999960601329803 -0.035999950021505356 -0.07599996775388718
v 0.009719966910779476 -0.035999950021505356 -0.07415497303009033
v 0.020999960601329803 -0.035999950021505356 -0.07599996775388718
v 0.02237498015165329 -0.03593295067548752 -0.07405096292495728
v -0.030188970267772675 -0.035999950021505356 -0.1127099022269249
v -0.010934939607977867 -0.035999950021505356 -0.12362699955701828
v -0.008150993846356869 -0.035999950021505356 -0.12241200357675552
v -0.010934939607977867 -0.035999950021505356 -0.12362699955701828
v -0.030188970267772675 -0.035999950021505356 -0.1127099022269249
v -0.012245950289070606 -0.035793960094451904 -0.12617500126361847
v -0.004932999145239592 -0.03564995154738426 -0.12841300666332245
v 0.0022159810177981853 -0.035999950021505356 -0.12742400169372559
v -0.004842996131628752 -0.035999950021505356 -0.12525899708271027
v -0.004842996131628752 -0.035999950021505356 -0.12525899708271027
v 0.0022159810177981853 -0.035999950021505356 -0.12742400169372559
v -0.008150993846356869 -0.035999950021505356 -0.12241200357675552
v -0.008150993846356869 -0.035999950021505356 -0.12241200357675552
v 0.0022159810177981853 -0.035999950021505356 -0.12742400169372559
v 0.005162953864783049 -0.035999950021505356 -0.11938299983739853
v 0.010261950083076954 -0.035999950021505356 -0.10978899896144867
v 0.020999960601329803 -0.035999950021505356 -0.11400000005960464
v 0.02349996007978916 -0.035999950021505356 -0.11150000244379044
v -0.030188970267772675 -0.035999950021505356 -0.1127099022269249
v -0.023849960416555405 -0.035999950021505356 -0.10530400276184082
v -0.02759397029876709 -0.035999950021505356 -0.10295800119638443
v -0.030188970267772675 -0.035999950021505356 -0.1127099022269249
v -0.02759397029876709 -0.035999950021505356 -0.10295800119638443
v -0.03480296954512596 -0.035999950021505356 -0.09129296988248825
v -0.02759397029876709 -0.035999950021505356 -0.10295800119638443
v -0.03099994920194149 -0.035999950021505356 -0.09499996155500412
v -0.03480296954512596 -0.035999950021505356 -0.09129296988248825
v -0.03480296954512596 -0.035999950021505356 -0.09129296988248825
v -0.03099994920194149 -0.035999950021505356 -0.09499996155500412
v -0.02759397029876709 -0.035999950021505356 -0.08704196661710739
v -0.03480296954512596 -0.035999950021505356 -0.09129296988248825
v -0.02759397029876709 -0.035999950021505356 -0.08704196661710739
v -0.030188970267772675 -0.035999950021505356 -0.07728999108076096
v -0.030188970267772675 -0.035999950021505356 -0.07728999108076096
v -0.02759397029876709 -0.035999950021505356 -0.08704196661710739
v -0.023849960416555405 -0.035999950021505356 -0.08469598740339279
v -0.030188970267772675 -0.035999950021505356 -0.07728999108076096
v -0.023849960416555405 -0.035999950021505356 -0.08469598740339279
v -0.0062999720685184 -0.035999950021505356 -0.07813899964094162
v 0.010261950083076954 -0.035999950021505356 -0.10978899896144867
v 0.0050649638287723064 -0.035999950021505356 -0.11227300018072128
v 0.020999960601329803 -0.035999950021505356 -0.11400000005960464
v 0.020999960601329803 -0.035999950021505356 -0.11400000005960464
v 0.0050649638287723064 -0.035999950021505356 -0.11227300018072128
v -0.0062999720685184 -0.035999950021505356 -0.11186099797487259
v 0.020999960601329803 -0.035999950021505356 -0.11400000005960464
v -0.0062999720685184 -0.035999950021505356 -0.11186099797487259
v -0.030188970267772675 -0.035999950021505356 -0.1127099022269249
v -0.030188970267772675 -0.035999950021505356 -0.1127099022269249
v -0.0062999720685184 -0.035999950021505356 -0.11186099797487259
v -0.023849960416555405 -0.035999950021505356 -0.10530400276184082
v -0.02510898932814598 -0.035999950021505356 -0.07271099090576172
v -0.030188970267772675 -0.035999950021505356 -0.07728999108076096
v -0.010934939607977867 -0.035999950021505356 -0.06637299060821533
v -0.02510898932814598 -0.035999950021505356 -0.07271099090576172
v -0.010934939607977867 -0.035999950021505356 -0.06637299060821533
v -0.011865969747304916 -0.03598498925566673 -0.06445097178220749
v -0.023849960416555405 -0.035999950021505356 -0.10530400276184082
v -0.023348979651927948 -0.035636961460113525 -0.10396499931812286
v -0.0266069695353508 -0.035636961460113525 -0.10192400217056274
v -0.023348979651927948 -0.035636961460113525 -0.10396499931812286
v -0.022969959303736687 -0.0346369706094265 -0.10294900089502335
v -0.02585797943174839 -0.0346369706094265 -0.10113900154829025
v -0.022969959303736687 -0.0346369706094265 -0.10294900089502335
v -0.022802939638495445 -0.03323996067047119 -0.10250300168991089
v -0.025998950004577637 -0.033036939799785614 -0.10034599900245667
v -0.022969959303736687 -0.0346369706094265 -0.10294900089502335
v -0.025998950004577637 -0.033036939799785614 -0.10034599900245667
v -0.02585797943174839 -0.0346369706094265 -0.10113900154829025
v -0.02585797943174839 -0.0346369706094265 -0.10113900154829025
v -0.025998950004577637 -0.033036939799785614 -0.10034599900245667
v -0.027800969779491425 -0.034635961055755615 -0.09833896160125732
v -0.025998950004577637 -0.033036939799785614 -0.10034599900245667
v -0.02779996022582054 -0.033036939799785614 -0.09693098068237305
v -0.027800969779491425 -0.034635961055755615 -0.09833896160125732
v -0.027800969779491425 -0.034635961055755615 -0.09833896160125732
v -0.02779996022582054 -0.033036939799785614 -0.09693098068237305
v -0.028485950082540512 -0.0346369706094265 -0.09499996155500412
v -0.028485950082540512 -0.0346369706094265 -0.09499996155500412
v -0.02779996022582054 -0.033036939799785614 -0.09693098068237305
v -0.02779996022582054 -0.033036939799785614 -0.09306894987821579
v -0.028485950082540512 -0.0346369706094265 -0.09499996155500412
v -0.02779996022582054 -0.033036939799785614 -0.09306894987821579
v -0.027800969779491425 -0.0346369706094265 -0.09166096895933151
v -0.027800969779491425 -0.0346369706094265 -0.09166096895933151
v -0.02779996022582054 -0.033036939799785614 -0.09306894987821579
v -0.025998950004577637 -0.033036939799785614 -0.08965396136045456
v -0.027800969779491425 -0.0346369706094265 -0.09166096895933151
v -0.025998950004577637 -0.033036939799785614 -0.08965396136045456
v -0.02585797943174839 -0.0346369706094265 -0.08886098116636276
v -0.02585797943174839 -0.0346369706094265 -0.08886098116636276
v -0.025998950004577637 -0.033036939799785614 -0.08965396136045456
v -0.022802939638495445 -0.03323996067047119 -0.08749698847532272
v -0.02585797943174839 -0.0346369706094265 -0.08886098116636276
v -0.022802939638495445 -0.03323996067047119 -0.08749698847532272
v -0.022969959303736687 -0.0346369706094265 -0.08705096691846848
v -0.023348979651927948 -0.035636961460113525 -0.10396499931812286
v -0.02585797943174839 -0.0346369706094265 -0.10113900154829025
v -0.0266069695353508 -0.035636961460113525 -0.10192400217056274
v -0.0266069695353508 -0.035636961460113525 -0.10192400217056274
v -0.02585797943174839 -0.0346369706094265 -0.10113900154829025
v -0.027800969779491425 -0.034635961055755615 -0.09833896160125732
v -0.0266069695353508 -0.035636961460113525 -0.10192400217056274
v -0.027800969779491425 -0.034635961055755615 -0.09833896160125732
v -0.028797980397939682 -0.035636961460113525 -0.09876494854688644
v -0.028797980397939682 -0.035636961460113525 -0.09876494854688644
v -0.027800969779491425 -0.034635961055755615 -0.09833896160125732
v -0.028485950082540512 -0.0346369706094265 -0.09499996155500412
v -0.028797980397939682 -0.035636961460113525 -0.09876494854688644
v -0.028485950082540512 -0.0346369706094265 -0.09499996155500412
v -0.02956997975707054 -0.035636961460113525 -0.09499996155500412
v -0.02956997975707054 -0.035636961460113525 -0.09499996155500412
v -0.028485950082540512 -0.0346369706094265 -0.09499996155500412
v -0.027800969779491425 -0.0346369706094265 -0.09166096895933151
v -0.02956997975707054 -0.035636961460113525 -0.09499996155500412
v -0.027800969779491425 -0.0346369706094265 -0.09166096895933151
v -0.028797980397939682 -0.035636961460113525 -0.09123498201370239
v -0.028797980397939682 -0.035636961460113525 -0.09123498201370239
v -0.027800969779491425 -0.0346369706094265 -0.09166096895933151
v -0.02585797943174839 -0.0346369706094265 -0.08886098116636276
v -0.028797980397939682 -0.035636961460113525 -0.09123498201370239
v -0.02585797943174839 -0.0346369706094265 -0.08886098116636276
v -0.0266069695353508 -0.035636961460113525 -0.08807700127363205
v -0.0266069695353508 -0.035636961460113525 -0.08807700127363205
v -0.02585797943174839 -0.0346369706094265 -0.08886098116636276
v -0.022969959303736687 -0.0346369706094265 -0.08705096691846848
v -0.0266069695353508 -0.035636961460113525 -0.08807700127363205
v -0.022969959303736687 -0.0346369706094265 -0.08705096691846848
v -0.023348979651927948 -0.035636961460113525 -0.08603495359420776
v -0.023849960416555405 -0.035999950021505356 -0.10530400276184082
v -0.0266069695353508 -0.035636961460113525 -0.10192400217056274
v -0.02759397029876709 -0.035999950021505356 -0.10295800119638443
v -0.02759397029876709 -0.035999950021505356 -0.10295800119638443
v -0.0266069695353508 -0.035636961460113525 -0.10192400217056274
v -0.028797980397939682 -0.035636961460113525 -0.09876494854688644
v -0.02759397029876709 -0.035999950021505356 -0.10295800119638443
v -0.028797980397939682 -0.035636961460113525 -0.09876494854688644
v -0.03099994920194149 -0.035999950021505356 -0.09499996155500412
v -0.03099994920194149 -0.035999950021505356 -0.09499996155500412
v -0.028797980397939682 -0.035636961460113525 -0.09876494854688644
v -0.02956997975707054 -0.035636961460113525 -0.09499996155500412
v -0.03099994920194149 -0.035999950021505356 -0.09499996155500412
v -0.02956997975707054 -0.035636961460113525 -0.09499996155500412
v -0.028797980397939682 -0.035636961460113525 -0.09123498201370239
v -0.03099994920194149 -0.035999950021505356 -0.09499996155500412
v -0.028797980397939682 -0.035636961460113525 -0.09123498201370239
v -0.02759397029876709 -0.035999950021505356 -0.08704196661710739
v -0.02759397029876709 -0.035999950021505356 -0.08704196661710739
v -0.028797980397939682 -0.035636961460113525 -0.09123498201370239
v -0.0266069695353508 -0.035636961460113525 -0.08807700127363205
v -0.02759397029876709 -0.035999950021505356 -0.08704196661710739
v -0.0266069695353508 -0.035636961460113525 -0.08807700127363205
v -0.023348979651927948 -0.035636961460113525 -0.08603495359420776
v -0.02759397029876709 -0.035999950021505356 -0.08704196661710739
v -0.023348979651927948 -0.035636961460113525 -0.08603495359420776
v -0.023849960416555405 -0.035999950021505356 -0.08469598740339279
v 0.013238959945738316 -0.032741960138082504 -0.10268399864435196
v 0.009793995879590511 -0.032741960138082504 -0.10676400363445282
v 0.012394960038363934 -0.0346369706094265 -0.10428299754858017
v -0.022802939638495445 -0.03323996067047119 -0.08749698847532272
v -0.0052529568783938885 -0.03323996067047119 -0.08094000071287155
v -0.005419969093054533 -0.0346369706094265 -0.0804939791560173
v -0.022802939638495445 -0.03323996067047119 -0.08749698847532272
v -0.005419969093054533 -0.0346369706094265 -0.0804939791560173
v -0.022969959303736687 -0.0346369706094265 -0.08705096691846848
v -0.022969959303736687 -0.0346369706094265 -0.08705096691846848
v -0.005419969093054533 -0.0346369706094265 -0.0804939791560173
v -0.005798995029181242 -0.035636961460113525 -0.079477958381176
v -0.022969959303736687 -0.0346369706094265 -0.08705096691846848
v -0.005798995029181242 -0.035636961460113525 -0.079477958381176
v -0.023348979651927948 -0.035636961460113525 -0.08603495359420776
v -0.023348979651927948 -0.035636961460113525 -0.08603495359420776
v -0.005798995029181242 -0.035636961460113525 -0.079477958381176
v -0.0062999720685184 -0.035999950021505356 -0.07813899964094162
v -0.023348979651927948 -0.035636961460113525 -0.08603495359420776
v -0.0062999720685184 -0.035999950021505356 -0.07813899964094162
v -0.023849960416555405 -0.035999950021505356 -0.08469598740339279
v -0.0062999720685184 -0.035999950021505356 -0.07813899964094162
v -0.005798995029181242 -0.035636961460113525 -0.079477958381176
v -0.0005990000208839774 -0.035636961460113525 -0.07844095677137375
v -0.005798995029181242 -0.035636961460113525 -0.079477958381176
v -0.005419969093054533 -0.0346369706094265 -0.0804939791560173
v -0.0005600000149570405 -0.0346369706094265 -0.07952498644590378
v -0.005419969093054533 -0.0346369706094265 -0.0804939791560173
v -0.0052529568783938885 -0.03323996067047119 -0.08094000071287155
v -0.0001049999991664663 -0.033036939799785614 -0.07996498793363571
v -0.005419969093054533 -0.0346369706094265 -0.0804939791560173
v -0.0001049999991664663 -0.033036939799785614 -0.07996498793363571
v -0.0005600000149570405 -0.0346369706094265 -0.07952498644590378
v -0.0005600000149570405 -0.0346369706094265 -0.07952498644590378
v -0.0001049999991664663 -0.033036939799785614 -0.07996498793363571
v 0.004356979858130217 -0.0346369706094265 -0.08013998717069626
v -0.0001049999991664663 -0.033036939799785614 -0.07996498793363571
v 0.005065977107733488 -0.033036939799785614 -0.0808439776301384
v 0.004356979858130217 -0.0346369706094265 -0.08013998717069626
v 0.004356979858130217 -0.0346369706094265 -0.08013998717069626
v 0.005065977107733488 -0.033036939799785614 -0.0808439776301384
v 0.00882798433303833 -0.0346369706094265 -0.08227699249982834
v 0.005065977107733488 -0.033036939799785614 -0.0808439776301384
v 0.009793995879590511 -0.032741960138082504 -0.0832359716296196
v 0.00882798433303833 -0.0346369706094265 -0.08227699249982834
v 0.00882798433303833 -0.0346369706094265 -0.08227699249982834
v 0.009793995879590511 -0.032741960138082504 -0.0832359716296196
v 0.012394960038363934 -0.0346369706094265 -0.08571696281433105
v 0.009793995879590511 -0.032741960138082504 -0.0832359716296196
v 0.013004000298678875 -0.033036939799785614 -0.0874519869685173
v 0.012394960038363934 -0.0346369706094265 -0.08571696281433105
v 0.012394960038363934 -0.0346369706094265 -0.08571696281433105
v 0.013004000298678875 -0.033036939799785614 -0.0874519869685173
v 0.014692960307002068 -0.0346369706094265 -0.09010796993970871
v 0.013004000298678875 -0.033036939799785614 -0.0874519869685173
v 0.01480494998395443 -0.033036939799785614 -0.09237796068191528
v 0.014692960307002068 -0.0346369706094265 -0.09010796993970871
v 0.014692960307002068 -0.0346369706094265 -0.09010796993970871
v 0.01480494998395443 -0.033036939799785614 -0.09237796068191528
v 0.01548600010573864 -0.0346369706094265 -0.09499996155500412
v 0.01548600010573864 -0.0346369706094265 -0.09499996155500412
v 0.01480494998395443 -0.033036939799785614 -0.09237796068191528
v 0.01480494998395443 -0.033036939799785614 -0.09762196987867355
v 0.01548600010573864 -0.0346369706094265 -0.09499996155500412
v 0.01480494998395443 -0.033036939799785614 -0.09762196987867355
v 0.014692960307002068 -0.034635961055755615 -0.09989196062088013
v 0.014692960307002068 -0.034635961055755615 -0.09989196062088013
v 0.01480494998395443 -0.033036939799785614 -0.09762196987867355
v 0.013238959945738316 -0.032741960138082504 -0.10268399864435196
v 0.014692960307002068 -0.034635961055755615 -0.09989196062088013
v 0.013238959945738316 -0.032741960138082504 -0.10268399864435196
v 0.012394960038363934 -0.0346369706094265 -0.10428299754858017
v 0.012394960038363934 -0.0346369706094265 -0.10428299754858017
v 0.009793995879590511 -0.032741960138082504 -0.10676400363445282
v 0.00882798433303833 -0.034635961055755615 -0.10772290080785751
v 0.00882798433303833 -0.034635961055755615 -0.10772290080785751
v 0.009793995879590511 -0.032741960138082504 -0.10676400363445282
v 0.004356979858130217 -0.034635961055755615 -0.10986000299453735
v 0.009793995879590511 -0.032741960138082504 -0.10676400363445282
v 0.005065977107733488 -0.033036939799785614 -0.10915599763393402
v 0.004356979858130217 -0.034635961055755615 -0.10986000299453735
v 0.004356979858130217 -0.034635961055755615 -0.10986000299453735
v 0.005065977107733488 -0.033036939799785614 -0.10915599763393402
v -0.0005600000149570405 -0.034635961055755615 -0.11047600209712982
v -0.0005600000149570405 -0.034635961055755615 -0.11047600209712982
v 0.005065977107733488 -0.033036939799785614 -0.10915599763393402
v -0.0001049999991664663 -0.033036939799785614 -0.1100350022315979
v -0.0005600000149570405 -0.034635961055755615 -0.11047600209712982
v -0.0001049999991664663 -0.033036939799785614 -0.1100350022315979
v -0.0052529568783938885 -0.03323996067047119 -0.10905999690294266
v -0.0005600000149570405 -0.034635961055755615 -0.11047600209712982
v -0.0052529568783938885 -0.03323996067047119 -0.10905999690294266
v -0.005419969093054533 -0.0346369706094265 -0.10950600355863571
v -0.005798995029181242 -0.035636961460113525 -0.079477958381176
v -0.0005600000149570405 -0.0346369706094265 -0.07952498644590378
v -0.0005990000208839774 -0.035636961460113525 -0.07844095677137375
v -0.0005990000208839774 -0.035636961460113525 -0.07844095677137375
v -0.0005600000149570405 -0.0346369706094265 -0.07952498644590378
v 0.004356979858130217 -0.0346369706094265 -0.08013998717069626
v -0.0005990000208839774 -0.035636961460113525 -0.07844095677137375
v 0.004356979858130217 -0.0346369706094265 -0.08013998717069626
v 0.00466197682544589 -0.035636961460113525 -0.07909899204969406
v 0.00466197682544589 -0.035636961460113525 -0.07909899204969406
v 0.004356979858130217 -0.0346369706094265 -0.08013998717069626
v 0.00882798433303833 -0.0346369706094265 -0.08227699249982834
v 0.00466197682544589 -0.035636961460113525 -0.07909899204969406
v 0.00882798433303833 -0.0346369706094265 -0.08227699249982834
v 0.00944596529006958 -0.035636961460113525 -0.08138597011566162
v 0.00944596529006958 -0.035636961460113525 -0.08138597011566162
v 0.00882798433303833 -0.0346369706094265 -0.08227699249982834
v 0.012394960038363934 -0.0346369706094265 -0.08571696281433105
v 0.00944596529006958 -0.035636961460113525 -0.08138597011566162
v 0.012394960038363934 -0.0346369706094265 -0.08571696281433105
v 0.013262979686260223 -0.035636961460113525 -0.085067979991436
v 0.013262979686260223 -0.035636961460113525 -0.085067979991436
v 0.012394960038363934 -0.0346369706094265 -0.08571696281433105
v 0.014692960307002068 -0.0346369706094265 -0.09010796993970871
v 0.013262979686260223 -0.035636961460113525 -0.085067979991436
v 0.014692960307002068 -0.0346369706094265 -0.09010796993970871
v 0.01572095975279808 -0.035636961460113525 -0.08976595848798752
v 0.01572095975279808 -0.035636961460113525 -0.08976595848798752
v 0.014692960307002068 -0.0346369706094265 -0.09010796993970871
v 0.01548600010573864 -0.0346369706094265 -0.09499996155500412
v 0.01572095975279808 -0.035636961460113525 -0.08976595848798752
v 0.01548600010573864 -0.0346369706094265 -0.09499996155500412
v 0.016569970175623894 -0.035636961460113525 -0.09499996155500412
v 0.016569970175623894 -0.035636961460113525 -0.09499996155500412
v 0.01548600010573864 -0.0346369706094265 -0.09499996155500412
v 0.014692960307002068 -0.034635961055755615 -0.09989196062088013
v 0.016569970175623894 -0.035636961460113525 -0.09499996155500412
v 0.014692960307002068 -0.034635961055755615 -0.09989196062088013
v 0.01572095975279808 -0.035636961460113525 -0.1002340018749237
v 0.01572095975279808 -0.035636961460113525 -0.1002340018749237
v 0.014692960307002068 -0.034635961055755615 -0.09989196062088013
v 0.012394960038363934 -0.0346369706094265 -0.10428299754858017
v 0.01572095975279808 -0.035636961460113525 -0.1002340018749237
v 0.012394960038363934 -0.0346369706094265 -0.10428299754858017
v 0.013262979686260223 -0.035636961460113525 -0.10493200272321701
v 0.013262979686260223 -0.035636961460113525 -0.10493200272321701
v 0.012394960038363934 -0.0346369706094265 -0.10428299754858017
v 0.00882798433303833 -0.034635961055755615 -0.10772290080785751
v 0.013262979686260223 -0.035636961460113525 -0.10493200272321701
v 0.00882798433303833 -0.034635961055755615 -0.10772290080785751
v 0.00944596529006958 -0.035636961460113525 -0.1086139976978302
v 0.00944596529006958 -0.035636961460113525 -0.1086139976978302
v 0.00882798433303833 -0.034635961055755615 -0.10772290080785751
v 0.004356979858130217 -0.034635961055755615 -0.10986000299453735
v 0.00944596529006958 -0.035636961460113525 -0.1086139976978302
v 0.004356979858130217 -0.034635961055755615 -0.10986000299453735
v 0.00466197682544589 -0.035636961460113525 -0.11089999973773956
v 0.00466197682544589 -0.035636961460113525 -0.11089999973773956
v 0.004356979858130217 -0.034635961055755615 -0.10986000299453735
v -0.0005600000149570405 -0.034635961055755615 -0.11047600209712982
v 0.00466197682544589 -0.035636961460113525 -0.11089999973773956
v -0.0005600000149570405 -0.034635961055755615 -0.11047600209712982
v -0.0005990000208839774 -0.035636961460113525 -0.11155900359153748
v -0.0005990000208839774 -0.035636961460113525 -0.11155900359153748
v -0.0005600000149570405 -0.034635961055755615 -0.11047600209712982
v -0.005419969093054533 -0.0346369706094265 -0.10950600355863571
v -0.0005990000208839774 -0.035636961460113525 -0.11155900359153748
v -0.005419969093054533 -0.0346369706094265 -0.10950600355863571
v -0.005798995029181242 -0.035636961460113525 -0.11052200198173523
v -0.0062999720685184 -0.035999950021505356 -0.07813899964094162
v -0.0005990000208839774 -0.035636961460113525 -0.07844095677137375
v 0.0050649638287723064 -0.035999950021505356 -0.07772696018218994
v 0.0050649638287723064 -0.035999950021505356 -0.07772696018218994
v -0.0005990000208839774 -0.035636961460113525 -0.07844095677137375
v 0.00466197682544589 -0.035636961460113525 -0.07909899204969406
v 0.0050649638287723064 -0.035999950021505356 -0.07772696018218994
v 0.00466197682544589 -0.035636961460113525 -0.07909899204969406
v 0.00944596529006958 -0.035636961460113525 -0.08138597011566162
v 0.0050649638287723064 -0.035999950021505356 -0.07772696018218994
v 0.00944596529006958 -0.035636961460113525 -0.08138597011566162
v 0.01440798956900835 -0.035999950021505356 -0.08420997112989426
v 0.01440798956900835 -0.035999950021505356 -0.08420997112989426
v 0.00944596529006958 -0.035636961460113525 -0.08138597011566162
v 0.013262979686260223 -0.035636961460113525 -0.085067979991436
v 0.01440798956900835 -0.035999950021505356 -0.08420997112989426
v 0.013262979686260223 -0.035636961460113525 -0.085067979991436
v 0.01572095975279808 -0.035636961460113525 -0.08976595848798752
v 0.01440798956900835 -0.035999950021505356 -0.08420997112989426
v 0.01572095975279808 -0.035636961460113525 -0.08976595848798752
v 0.017999939620494843 -0.035999950021505356 -0.09499996155500412
v 0.017999939620494843 -0.035999950021505356 -0.09499996155500412
v 0.01572095975279808 -0.035636961460113525 -0.08976595848798752
v 0.016569970175623894 -0.035636961460113525 -0.09499996155500412
v 0.017999939620494843 -0.035999950021505356 -0.09499996155500412
v 0.016569970175623894 -0.035636961460113525 -0.09499996155500412
v 0.01572095975279808 -0.035636961460113525 -0.1002340018749237
v 0.017999939620494843 -0.035999950021505356 -0.09499996155500412
v 0.01572095975279808 -0.035636961460113525 -0.1002340018749237
v 0.017077980563044548 -0.035999950021505356 -0.10068599879741669
v 0.017077980563044548 -0.035999950021505356 -0.10068599879741669
v 0.01572095975279808 -0.035636961460113525 -0.1002340018749237
v 0.013262979686260223 -0.035636961460113525 -0.10493200272321701
v 0.017077980563044548 -0.035999950021505356 -0.10068599879741669
v 0.013262979686260223 -0.035636961460113525 -0.10493200272321701
v 0.010261950083076954 -0.035999950021505356 -0.10978899896144867
v 0.010261950083076954 -0.035999950021505356 -0.10978899896144867
v 0.013262979686260223 -0.035636961460113525 -0.10493200272321701
v 0.00944596529006958 -0.035636961460113525 -0.1086139976978302
v 0.010261950083076954 -0.035999950021505356 -0.10978899896144867
v 0.00944596529006958 -0.035636961460113525 -0.1086139976978302
v 0.00466197682544589 -0.035636961460113525 -0.11089999973773956
v 0.010261950083076954 -0.035999950021505356 -0.10978899896144867
v 0.00466197682544589 -0.035636961460113525 -0.11089999973773956
v 0.0050649638287723064 -0.035999950021505356 -0.11227300018072128
v 0.0050649638287723064 -0.035999950021505356 -0.11227300018072128
v 0.00466197682544589 -0.035636961460113525 -0.11089999973773956
v -0.0005990000208839774 -0.035636961460113525 -0.11155900359153748
v 0.0050649638287723064 -0.035999950021505356 -0.11227300018072128
v -0.0005990000208839774 -0.035636961460113525 -0.11155900359153748
v -0.0062999720685184 -0.035999950021505356 -0.11186099797487259
v -0.0062999720685184 -0.035999950021505356 -0.11186099797487259
v -0.0005990000208839774 -0.035636961460113525 -0.11155900359153748
v -0.005798995029181242 -0.035636961460113525 -0.11052200198173523
v -0.0052529568783938885 -0.03323996067047119 -0.10905999690294266
v -0.022802939638495445 -0.03323996067047119 -0.10250300168991089
v -0.022969959303736687 -0.0346369706094265 -0.10294900089502335
v -0.0052529568783938885 -0.03323996067047119 -0.10905999690294266
v -0.022969959303736687 -0.0346369706094265 -0.10294900089502335
v -0.005419969093054533 -0.0346369706094265 -0.10950600355863571
v -0.005419969093054533 -0.0346369706094265 -0.10950600355863571
v -0.022969959303736687 -0.0346369706094265 -0.10294900089502335
v -0.023348979651927948 -0.035636961460113525 -0.10396499931812286
v -0.005419969093054533 -0.0346369706094265 -0.10950600355863571
v -0.023348979651927948 -0.035636961460113525 -0.10396499931812286
v -0.005798995029181242 -0.035636961460113525 -0.11052200198173523
v -0.005798995029181242 -0.035636961460113525 -0.11052200198173523
v -0.023348979651927948 -0.035636961460113525 -0.10396499931812286
v -0.023849960416555405 -0.035999950021505356 -0.10530400276184082
v -0.005798995029181242 -0.035636961460113525 -0.11052200198173523
v -0.023849960416555405 -0.035999950021505356 -0.10530400276184082
v -0.0062999720685184 -0.035999950021505356 -0.11186099797487259
v -0.00586199713870883 -0.0350639782845974 -0.1280210018157959
v -0.0059639811515808105 -0.03299998864531517 -0.12761400640010834
v -0.004518984816968441 -0.03479795902967453 -0.1293410062789917
v -0.004518984816968441 -0.03479795902967453 -0.1293410062789917
v -0.0059639811515808105 -0.03299998864531517 -0.12761400640010834
v -0.00464594317600131 -0.03286999091506004 -0.12952500581741333
v -0.005693972110748291 -0.03549997881054878 -0.1254200041294098
v -0.0059639811515808105 -0.03299998864531517 -0.12761400640010834
v -0.00586199713870883 -0.0350639782845974 -0.1280210018157959
v -0.014151990413665771 -0.03249996155500412 -0.1270110011100769
v -0.009058952331542969 -0.03249996155500412 -0.12880699336528778
v -0.008973956108093262 -0.03296899050474167 -0.12849189341068268
v -0.009058952331542969 -0.03249996155500412 -0.12880699336528778
v -0.00464594317600131 -0.03286999091506004 -0.12952500581741333
v -0.008973956108093262 -0.03296899050474167 -0.12849189341068268
v -0.011371970176696777 -0.03552895039319992 -0.1262120008468628
v -0.011153990402817726 -0.03299998864531517 -0.126241996884346
v -0.010176950134336948 -0.03299998864531517 -0.12427899986505508
v -0.013593969866633415 -0.03435897082090378 -0.12708689272403717
v -0.011153990402817726 -0.03299998864531517 -0.126241996884346
v -0.011371970176696777 -0.03552895039319992 -0.1262120008468628
v -0.013593969866633415 -0.03435897082090378 -0.12708689272403717
v -0.014151990413665771 -0.03249996155500412 -0.1270110011100769
v -0.011153990402817726 -0.03299998864531517 -0.126241996884346
v -0.0052289958111941814 -0.03299998864531517 -0.06089894846081734
v -0.0120619498193264 -0.03299998864531517 -0.06301999092102051
v -0.011141950264573097 -0.03299998864531517 -0.0637739822268486
v -0.0052289958111941814 -0.03299998864531517 -0.06089894846081734
v -0.0039329519495368 -0.031693991273641586 -0.060221970081329346
v -0.009058952331542969 -0.03249996155500412 -0.06119297817349434
v -0.014151990413665771 -0.03249996155500412 -0.06298898905515671
v -0.0120619498193264 -0.03299998864531517 -0.06301999092102051
v -0.0052289958111941814 -0.03299998864531517 -0.06089894846081734
v -0.009058952331542969 -0.03249996155500412 -0.06119297817349434
v -0.014151990413665771 -0.03249996155500412 -0.06298898905515671
v -0.0052289958111941814 -0.03299998864531517 -0.06089894846081734
v -0.0052289958111941814 -0.03299998864531517 -0.06089894846081734
v -0.005960940849035978 -0.03299998864531517 -0.06236594170331955
v -0.005756974220275879 -0.03552895039319992 -0.06228296831250191
v -0.0052289958111941814 -0.03299998864531517 -0.06089894846081734
v -0.004270969890058041 -0.03435897082090378 -0.060414958745241165
v -0.0039329519495368 -0.031693991273641586 -0.060221970081329346
v -0.004270969890058041 -0.03435897082090378 -0.060414958745241165
v -0.0052289958111941814 -0.03299998864531517 -0.06089894846081734
v -0.004981994163244963 -0.035793960094451904 -0.06187897175550461
v -0.004981994163244963 -0.035793960094451904 -0.06187897175550461
v -0.0052289958111941814 -0.03299998864531517 -0.06089894846081734
v -0.005756974220275879 -0.03552895039319992 -0.06228296831250191
v -0.004981994163244963 -0.035793960094451904 -0.06187897175550461
v -0.005756974220275879 -0.03552895039319992 -0.06228296831250191
v -0.005465983878821135 -0.035999950021505356 -0.06616895645856857
v -0.005756974220275879 -0.03552895039319992 -0.06228296831250191
v -0.006162940990179777 -0.03549997881054878 -0.06565499305725098
v -0.005465983878821135 -0.035999950021505356 -0.06616895645856857
v -0.005465983878821135 -0.035999950021505356 -0.06616895645856857
v -0.006162940990179777 -0.03549997881054878 -0.06565499305725098
v -0.008183956146240234 -0.03549997881054878 -0.06672196835279465
v -0.008150993846356869 -0.035999950021505356 -0.0675879716873169
v -0.008183956146240234 -0.03549997881054878 -0.06672196835279465
v -0.010278989560902119 -0.03549997881054878 -0.06580799072980881
v -0.008150993846356869 -0.035999950021505356 -0.0675879716873169
v -0.010278989560902119 -0.03549997881054878 -0.06580799072980881
v -0.010934939607977867 -0.035999950021505356 -0.06637299060821533
v -0.005465983878821135 -0.035999950021505356 -0.06616895645856857
v -0.008183956146240234 -0.03549997881054878 -0.06672196835279465
v -0.008150993846356869 -0.035999950021505356 -0.0675879716873169
v -0.011865969747304916 -0.03598498925566673 -0.06445097178220749
v -0.010278989560902119 -0.03549997881054878 -0.06580799072980881
v -0.011433949694037437 -0.0350639782845974 -0.0634719729423523
v -0.010934939607977867 -0.035999950021505356 -0.06637299060821533
v -0.010278989560902119 -0.03549997881054878 -0.06580799072980881
v -0.011865969747304916 -0.03598498925566673 -0.06445097178220749
v -0.011865969747304916 -0.03598498925566673 -0.06445097178220749
v -0.011433949694037437 -0.0350639782845974 -0.0634719729423523
v -0.012849980033934116 -0.03525995835661888 -0.0632239505648613
v -0.02510898932814598 -0.035999950021505356 -0.07271099090576172
v -0.011865969747304916 -0.03598498925566673 -0.06445097178220749
v -0.017187949270009995 -0.03584498167037964 -0.06640195101499557
v -0.02510898932814598 -0.035999950021505356 -0.07271099090576172
v -0.017187949270009995 -0.03584498167037964 -0.06640195101499557
v -0.02554594911634922 -0.03566496819257736 -0.0715399906039238
v -0.02554594911634922 -0.03566496819257736 -0.0715399906039238
v -0.017187949270009995 -0.03584498167037964 -0.06640195101499557
v -0.017949990928173065 -0.03436499089002609 -0.06513398140668869
v -0.02554594911634922 -0.03566496819257736 -0.0715399906039238
v -0.017949990928173065 -0.03436499089002609 -0.06513398140668869
v -0.02586597017943859 -0.03474998101592064 -0.07068300247192383
v -0.02586597017943859 -0.03474998101592064 -0.07068300247192383
v -0.017949990928173065 -0.03436499089002609 -0.06513398140668869
v -0.022054970264434814 -0.03236895054578781 -0.06792598217725754
v -0.017949990928173065 -0.03436499089002609 -0.06513398140668869
v -0.012849980033934116 -0.03525995835661888 -0.0632239505648613
v -0.014151990413665771 -0.03249996155500412 -0.06298898905515671
v -0.017187949270009995 -0.03584498167037964 -0.06640195101499557
v -0.011865969747304916 -0.03598498925566673 -0.06445097178220749
v -0.012849980033934116 -0.03525995835661888 -0.0632239505648613
v -0.017187949270009995 -0.03584498167037964 -0.06640195101499557
v -0.012849980033934116 -0.03525995835661888 -0.0632239505648613
v -0.017949990928173065 -0.03436499089002609 -0.06513398140668869
v -0.02644699066877365 -0.03228098154067993 -0.0705939531326294
v -0.029982980340719223 -0.03385394066572189 -0.07120198011398315
v -0.02586597017943859 -0.03474998101592064 -0.07068300247192383
v -0.02510898932814598 -0.035999950021505356 -0.07271099090576172
v -0.02554594911634922 -0.03566496819257736 -0.0715399906039238
v -0.028564980253577232 -0.03590499982237816 -0.07313697785139084
v -0.02644699066877365 -0.03228098154067993 -0.0705939531326294
v -0.02586597017943859 -0.03474998101592064 -0.07068300247192383
v -0.022054970264434814 -0.03236895054578781 -0.06792598217725754
v -0.03072500042617321 -0.03099994920194149 -0.07099997252225876
v -0.029982980340719223 -0.03385394066572189 -0.07120198011398315
v -0.02644699066877365 -0.03228098154067993 -0.0705939531326294
v -0.02644699066877365 -0.03228098154067993 -0.0705939531326294
v -0.022054970264434814 -0.03236895054578781 -0.06792598217725754
v -0.024253960698843002 -0.03269999846816063 -0.07010900229215622
v -0.024253960698843002 -0.03269999846816063 -0.07010900229215622
v -0.022054970264434814 -0.03236895054578781 -0.06792598217725754
v -0.021709969267249107 -0.03220200166106224 -0.06846296042203903
v -0.007999955676496029 -0.03269999846816063 -0.0701180100440979
v -0.024253960698843002 -0.03269999846816063 -0.07010900229215622
v -0.005936979781836271 -0.03251497820019722 -0.06871098279953003
v -0.01962899975478649 -0.02992998994886875 -0.06712698191404343
v -0.007999955676496029 -0.029699979349970818 -0.06711798161268234
v -0.007999955676496029 -0.030737990513443947 -0.06730394810438156
v -0.007999955676496029 -0.03182094916701317 -0.06799697130918503
v -0.020980950444936752 -0.03162597864866257 -0.06776601076126099
v -0.007999955676496029 -0.030737990513443947 -0.06730394810438156
v -0.007999955676496029 -0.030737990513443947 -0.06730394810438156
v -0.020980950444936752 -0.03162597864866257 -0.06776601076126099
v -0.01962899975478649 -0.02992998994886875 -0.06712698191404343
v -0.024253960698843002 -0.03269999846816063 -0.07010900229215622
v -0.021709969267249107 -0.03220200166106224 -0.06846296042203903
v -0.005936979781836271 -0.03251497820019722 -0.06871098279953003
v -0.005936979781836271 -0.03251497820019722 -0.06871098279953003
v -0.021709969267249107 -0.03220200166106224 -0.06846296042203903
v -0.007999955676496029 -0.03182094916701317 -0.06799697130918503
v -0.007999955676496029 -0.03182094916701317 -0.06799697130918503
v -0.021709969267249107 -0.03220200166106224 -0.06846296042203903
v -0.020980950444936752 -0.03162597864866257 -0.06776601076126099
v -0.01962899975478649 -0.02992998994886875 -0.06712698191404343
v -0.019614990800619125 -0.020500000566244125 -0.06711798161268234
v -0.007999955676496029 -0.029699979349970818 -0.06711798161268234
v -0.007999955676496029 -0.029699979349970818 -0.06711798161268234
v -0.019614990800619125 -0.020500000566244125 -0.06711798161268234
v -0.007999955676496029 -0.020500000566244125 -0.06711798161268234
v -0.014491969719529152 -0.019999980926513672 -0.06661795824766159
v -0.006660996936261654 -0.019999980926513672 -0.0663520023226738
v -0.007999955676496029 -0.020500000566244125 -0.06711798161268234
v -0.017507970333099365 -0.019999980926513672 -0.06661795824766159
v -0.014491969719529152 -0.019999980926513672 -0.06661795824766159
v -0.019614990800619125 -0.02003300003707409 -0.06679695099592209
v -0.019614990800619125 -0.02003300003707409 -0.06679695099592209
v -0.014491969719529152 -0.019999980926513672 -0.06661795824766159
v -0.007999955676496029 -0.020500000566244125 -0.06711798161268234
v -0.007999955676496029 -0.020500000566244125 -0.06711798161268234
v -0.019614990800619125 -0.020500000566244125 -0.06711798161268234
v -0.019614990800619125 -0.02003300003707409 -0.06679695099592209
v -0.019614990800619125 -0.02003300003707409 -0.06679695099592209
v -0.019898949190974236 -0.020500000566244125 -0.06620699167251587
v -0.01574099063873291 -0.020500000566244125 -0.06373994797468185
v -0.019614990800619125 -0.02003300003707409 -0.06679695099592209
v -0.01574099063873291 -0.020500000566244125 -0.06373994797468185
v -0.012569960206747055 -0.020308969542384148 -0.062375959008932114
v -0.004499970935285091 -0.019999980926513672 -0.06079493835568428
v -0.012569960206747055 -0.020308969542384148 -0.062375959008932114
v -0.006250977050513029 -0.020500000566244125 -0.06056296080350876
v -0.004499970935285091 -0.019999980926513672 -0.06079493835568428
v -0.006250977050513029 -0.020500000566244125 -0.06056296080350876
v -0.00456500006839633 -0.020500000566244125 -0.06029897183179855
v -0.012569960206747055 -0.020308969542384148 -0.062375959008932114
v -0.004499970935285091 -0.019999980926513672 -0.06079493835568428
v -0.012403960339725018 -0.019999980926513672 -0.06280695647001266
v -0.019614990800619125 -0.02003300003707409 -0.06679695099592209
v -0.012569960206747055 -0.020308969542384148 -0.062375959008932114
v -0.012403960339725018 -0.019999980926513672 -0.06280695647001266
v -0.004499970935285091 -0.019999980926513672 -0.06079493835568428
v -0.00456500006839633 -0.020500000566244125 -0.06029897183179855
v -0.003999948035925627 -0.020500000566244125 -0.06079493835568428
v -0.003999948035925627 -0.020500000566244125 -0.06079493835568428
v -0.004439949057996273 -0.020145950838923454 -0.06459295004606247
v -0.004499970935285091 -0.019999980926513672 -0.06079493835568428
v -0.004499970935285091 -0.019999980926513672 -0.06079493835568428
v -0.004439949057996273 -0.020145950838923454 -0.06459295004606247
v -0.006660996936261654 -0.019999980926513672 -0.0663520023226738
v -0.006660996936261654 -0.019999980926513672 -0.0663520023226738
v -0.004439949057996273 -0.020145950838923454 -0.06459295004606247
v -0.005171954166144133 -0.020500000566244125 -0.06594698876142502
v -0.007999955676496029 -0.020500000566244125 -0.06711798161268234
v -0.006660996936261654 -0.019999980926513672 -0.0663520023226738
v -0.006468950770795345 -0.020500000566244125 -0.06681399792432785
v -0.006468950770795345 -0.020500000566244125 -0.06681399792432785
v -0.006660996936261654 -0.019999980926513672 -0.0663520023226738
v -0.005171954166144133 -0.020500000566244125 -0.06594698876142502
v -0.007999955676496029 -0.029699979349970818 -0.06711798161268234
v -0.007999955676496029 -0.020500000566244125 -0.06711798161268234
v -0.006468950770795345 -0.020500000566244125 -0.06681399792432785
v -0.007999955676496029 -0.029699979349970818 -0.06711798161268234
v -0.006468950770795345 -0.020500000566244125 -0.06681399792432785
v -0.006615995895117521 -0.029699979349970818 -0.06687097996473312
v -0.006615995895117521 -0.029699979349970818 -0.06687097996473312
v -0.006468950770795345 -0.020500000566244125 -0.06681399792432785
v -0.005171954166144133 -0.020500000566244125 -0.06594698876142502
v -0.006615995895117521 -0.029699979349970818 -0.06687097996473312
v -0.005171954166144133 -0.020500000566244125 -0.06594698876142502
v -0.0050399890169501305 -0.030737990513443947 -0.06607799977064133
v -0.0050399890169501305 -0.030737990513443947 -0.06607799977064133
v -0.005171954166144133 -0.020500000566244125 -0.06594698876142502
v -0.004439949057996273 -0.020145950838923454 -0.06459295004606247
v -0.0050399890169501305 -0.030737990513443947 -0.06607799977064133
v -0.004439949057996273 -0.020145950838923454 -0.06459295004606247
v -0.004072964191436768 -0.030737990513443947 -0.0645669624209404
v -0.004439949057996273 -0.020145950838923454 -0.06459295004606247
v -0.003999948035925627 -0.020500000566244125 -0.06079493835568428
v -0.004072964191436768 -0.030737990513443947 -0.0645669624209404
v -0.004072964191436768 -0.030737990513443947 -0.0645669624209404
v -0.003999948035925627 -0.020500000566244125 -0.06079493835568428
v -0.004044950008392334 -0.029699979349970818 -0.06058799847960472
v -0.00456500006839633 -0.020500000566244125 -0.06029897183179855
v -0.00456500006839633 -0.029699979349970818 -0.06029897183179855
v -0.004044950008392334 -0.029699979349970818 -0.06058799847960472
v -0.00456500006839633 -0.020500000566244125 -0.06029897183179855
v -0.004044950008392334 -0.029699979349970818 -0.06058799847960472
v -0.003999948035925627 -0.020500000566244125 -0.06079493835568428
v -0.020980950444936752 -0.03162597864866257 -0.06776601076126099
v -0.022054970264434814 -0.03236895054578781 -0.06792598217725754
v -0.01962899975478649 -0.02992998994886875 -0.06712698191404343
v -0.01962899975478649 -0.02992998994886875 -0.06712698191404343
v -0.022054970264434814 -0.03236895054578781 -0.06792598217725754
v -0.019898949190974236 -0.02970099076628685 -0.06620699167251587
v -0.020980950444936752 -0.03162597864866257 -0.06776601076126099
v -0.021709969267249107 -0.03220200166106224 -0.06846296042203903
v -0.022054970264434814 -0.03236895054578781 -0.06792598217725754
v -0.015999969094991684 -0.01969999074935913 -0.12406300008296967
v -0.017507970333099365 -0.019999980926513672 -0.12338200211524963
v -0.014491969719529152 -0.019999980926513672 -0.12338200211524963
v -0.017507970333099365 -0.019999980926513672 -0.06661795824766159
v -0.015999969094991684 -0.01969999074935913 -0.06593698263168335
v -0.014491969719529152 -0.019999980926513672 -0.06661795824766159
v -0.02586597017943859 -0.03474998101592064 -0.07068300247192383
v -0.03068000078201294 -0.03501999005675316 -0.07262396067380905
v -0.02554594911634922 -0.03566496819257736 -0.0715399906039238
v -0.02554594911634922 -0.03566496819257736 -0.0715399906039238
v -0.03068000078201294 -0.03501999005675316 -0.07262396067380905
v -0.028564980253577232 -0.03590499982237816 -0.07313697785139084
v -0.03068000078201294 -0.03501999005675316 -0.07262396067380905
v -0.02586597017943859 -0.03474998101592064 -0.07068300247192383
v -0.029982980340719223 -0.03385394066572189 -0.07120198011398315
v -0.03277295082807541 -0.03099994920194149 -0.1179329976439476
v -0.03158295154571533 -0.03334695100784302 -0.11835899949073792
v -0.03423094004392624 -0.03273998945951462 -0.11508200317621231
v -0.03158295154571533 -0.03334695100784302 -0.11835899949073792
v -0.029129980131983757 -0.03541195020079613 -0.11787299811840057
v -0.03322397917509079 -0.03455197066068649 -0.11449100077152252
v -0.029129980131983757 -0.03541195020079613 -0.11787299811840057
v -0.027583949267864227 -0.03593498095870018 -0.1172190010547638
v -0.030188970267772675 -0.035999950021505356 -0.1127099022269249
v -0.031651969999074936 -0.03570299968123436 -0.07643096894025803
v -0.028564980253577232 -0.03590499982237816 -0.07313697785139084
v -0.03068000078201294 -0.03501999005675316 -0.07262396067380905
v -0.028564980253577232 -0.03590499982237816 -0.07313697785139084
v -0.031651969999074936 -0.03570299968123436 -0.07643096894025803
v -0.030188970267772675 -0.035999950021505356 -0.07728999108076096
v -0.030188970267772675 -0.035999950021505356 -0.07728999108076096
v -0.031651969999074936 -0.03570299968123436 -0.07643096894025803
v -0.03485298156738281 -0.03570299968123436 -0.0835149809718132
v -0.030188970267772675 -0.035999950021505356 -0.07728999108076096
v -0.03485298156738281 -0.03570299968123436 -0.0835149809718132
v -0.03480296954512596 -0.035999950021505356 -0.09129296988248825
v -0.03480296954512596 -0.035999950021505356 -0.09129296988248825
v -0.03485298156738281 -0.03570299968123436 -0.0835149809718132
v -0.03648995980620384 -0.03570299968123436 -0.09111397713422775
v -0.03480296954512596 -0.035999950021505356 -0.09129296988248825
v -0.03648995980620384 -0.03570299968123436 -0.09111397713422775
v -0.03648995980620384 -0.03570394963026047 -0.09888695925474167
v -0.03480296954512596 -0.035999950021505356 -0.09129296988248825
v -0.03648995980620384 -0.03570394963026047 -0.09888695925474167
v -0.03485298156738281 -0.03570394963026047 -0.10648500174283981
v -0.03480296954512596 -0.035999950021505356 -0.09129296988248825
v -0.03485298156738281 -0.03570394963026047 -0.10648500174283981
v -0.030188970267772675 -0.035999950021505356 -0.1127099022269249
v -0.030188970267772675 -0.035999950021505356 -0.1127099022269249
v -0.03485298156738281 -0.03570394963026047 -0.10648500174283981
v -0.031651969999074936 -0.03570394963026047 -0.1135689988732338
v -0.030188970267772675 -0.035999950021505356 -0.1127099022269249
v -0.031651969999074936 -0.03570394963026047 -0.1135689988732338
v -0.029129980131983757 -0.03541195020079613 -0.11787299811840057
v -0.03277295082807541 -0.03099994920194149 -0.1179329976439476
v -0.03423094004392624 -0.03273998945951462 -0.11508200317621231
v -0.03450094908475876 -0.03099994920194149 -0.11524000018835068
v -0.03450094908475876 -0.03099994920194149 -0.11524000018835068
v -0.03423094004392624 -0.03273998945951462 -0.11508200317621231
v -0.03769296035170555 -0.03273998945951462 -0.10742100328207016
v -0.03450094908475876 -0.03099994920194149 -0.11524000018835068
v -0.03769296035170555 -0.03273998945951462 -0.10742100328207016
v -0.03798997029662132 -0.03099994920194149 -0.1075190007686615
v -0.03798997029662132 -0.03099994920194149 -0.1075190007686615
v -0.03769296035170555 -0.03273998945951462 -0.10742100328207016
v -0.039463989436626434 -0.03274095058441162 -0.09920299053192139
v -0.03798997029662132 -0.03099994920194149 -0.1075190007686615
v -0.039463989436626434 -0.03274095058441162 -0.09920299053192139
v -0.039774950593709946 -0.03099994920194149 -0.09923595190048218
v -0.039774950593709946 -0.03099994920194149 -0.09923595190048218
v -0.039463989436626434 -0.03274095058441162 -0.09920299053192139
v -0.039463989436626434 -0.03273998945951462 -0.09079699963331223
v -0.039774950593709946 -0.03099994920194149 -0.09923595190048218
v -0.039463989436626434 -0.03273998945951462 -0.09079699963331223
v -0.039774950593709946 -0.03099994920194149 -0.09076397866010666
v -0.039774950593709946 -0.03099994920194149 -0.09076397866010666
v -0.039463989436626434 -0.03273998945951462 -0.09079699963331223
v -0.03769296035170555 -0.03273998945951462 -0.08257894963026047
v -0.039774950593709946 -0.03099994920194149 -0.09076397866010666
v -0.03769296035170555 -0.03273998945951462 -0.08257894963026047
v -0.03798997029662132 -0.03099994920194149 -0.08248095959424973
v -0.03798997029662132 -0.03099994920194149 -0.08248095959424973
v -0.03769296035170555 -0.03273998945951462 -0.08257894963026047
v -0.03423094004392624 -0.03273998945951462 -0.07491797208786011
v -0.03798997029662132 -0.03099994920194149 -0.08248095959424973
v -0.03423094004392624 -0.03273998945951462 -0.07491797208786011
v -0.03450094908475876 -0.03099994920194149 -0.07475996017456055
v -0.03450094908475876 -0.03099994920194149 -0.07475996017456055
v -0.03423094004392624 -0.03273998945951462 -0.07491797208786011
v -0.03229599818587303 -0.03309797868132591 -0.07219099253416061
v -0.03450094908475876 -0.03099994920194149 -0.07475996017456055
v -0.03229599818587303 -0.03309797868132591 -0.07219099253416061
v -0.03277295082807541 -0.03099994920194149 -0.07206696271896362
v -0.03322397917509079 -0.03455197066068649 -0.0755089521408081
v -0.03068000078201294 -0.03501999005675316 -0.07262396067380905
v -0.03229599818587303 -0.03309797868132591 -0.07219099253416061
v -0.03068000078201294 -0.03501999005675316 -0.07262396067380905
v -0.03322397917509079 -0.03455197066068649 -0.0755089521408081
v -0.031651969999074936 -0.03570299968123436 -0.07643096894025803
v -0.031651969999074936 -0.03570299968123436 -0.07643096894025803
v -0.03322397917509079 -0.03455197066068649 -0.0755089521408081
v -0.03658396005630493 -0.03455197066068649 -0.08294396847486496
v -0.031651969999074936 -0.03570299968123436 -0.07643096894025803
v -0.03658396005630493 -0.03455197066068649 -0.08294396847486496
v -0.03485298156738281 -0.03570299968123436 -0.0835149809718132
v -0.03485298156738281 -0.03570299968123436 -0.0835149809718132
v -0.03658396005630493 -0.03455197066068649 -0.08294396847486496
v -0.03830200061202049 -0.03455197066068649 -0.09091997146606445
v -0.03485298156738281 -0.03570299968123436 -0.0835149809718132
v -0.03830200061202049 -0.03455197066068649 -0.09091997146606445
v -0.03648995980620384 -0.03570299968123436 -0.09111397713422775
v -0.03648995980620384 -0.03570299968123436 -0.09111397713422775
v -0.03830200061202049 -0.03455197066068649 -0.09091997146606445
v -0.03830200061202049 -0.03455197066068649 -0.09907995909452438
v -0.03648995980620384 -0.03570299968123436 -0.09111397713422775
v -0.03830200061202049 -0.03455197066068649 -0.09907995909452438
v -0.03648995980620384 -0.03570394963026047 -0.09888695925474167
v -0.03648995980620384 -0.03570394963026047 -0.09888695925474167
v -0.03830200061202049 -0.03455197066068649 -0.09907995909452438
v -0.03658396005630493 -0.03455197066068649 -0.10705599933862686
v -0.03648995980620384 -0.03570394963026047 -0.09888695925474167
v -0.03658396005630493 -0.03455197066068649 -0.10705599933862686
v -0.03485298156738281 -0.03570394963026047 -0.10648500174283981
v -0.03485298156738281 -0.03570394963026047 -0.10648500174283981
v -0.03658396005630493 -0.03455197066068649 -0.10705599933862686
v -0.03322397917509079 -0.03455197066068649 -0.11449100077152252
v -0.03485298156738281 -0.03570394963026047 -0.10648500174283981
v -0.03322397917509079 -0.03455197066068649 -0.11449100077152252
v -0.031651969999074936 -0.03570394963026047 -0.1135689988732338
v -0.031651969999074936 -0.03570394963026047 -0.1135689988732338
v -0.03322397917509079 -0.03455197066068649 -0.11449100077152252
v -0.029129980131983757 -0.03541195020079613 -0.11787299811840057
v -0.03229599818587303 -0.03309797868132591 -0.07219099253416061
v -0.03423094004392624 -0.03273998945951462 -0.07491797208786011
v -0.03322397917509079 -0.03455197066068649 -0.0755089521408081
v -0.03322397917509079 -0.03455197066068649 -0.0755089521408081
v -0.03423094004392624 -0.03273998945951462 -0.07491797208786011
v -0.03769296035170555 -0.03273998945951462 -0.08257894963026047
v -0.03322397917509079 -0.03455197066068649 -0.0755089521408081
v -0.03769296035170555 -0.03273998945951462 -0.08257894963026047
v -0.03658396005630493 -0.03455197066068649 -0.08294396847486496
v -0.03658396005630493 -0.03455197066068649 -0.08294396847486496
v -0.03769296035170555 -0.03273998945951462 -0.08257894963026047
v -0.039463989436626434 -0.03273998945951462 -0.09079699963331223
v -0.03658396005630493 -0.03455197066068649 -0.08294396847486496
v -0.039463989436626434 -0.03273998945951462 -0.09079699963331223
v -0.03830200061202049 -0.03455197066068649 -0.09091997146606445
v -0.03830200061202049 -0.03455197066068649 -0.09091997146606445
v -0.039463989436626434 -0.03273998945951462 -0.09079699963331223
v -0.039463989436626434 -0.03274095058441162 -0.09920299053192139
v -0.03830200061202049 -0.03455197066068649 -0.09091997146606445
v -0.039463989436626434 -0.03274095058441162 -0.09920299053192139
v -0.03830200061202049 -0.03455197066068649 -0.09907995909452438
v -0.03830200061202049 -0.03455197066068649 -0.09907995909452438
v -0.039463989436626434 -0.03274095058441162 -0.09920299053192139
v -0.03769296035170555 -0.03273998945951462 -0.10742100328207016
v -0.03830200061202049 -0.03455197066068649 -0.09907995909452438
v -0.03769296035170555 -0.03273998945951462 -0.10742100328207016
v -0.03658396005630493 -0.03455197066068649 -0.10705599933862686
v -0.03658396005630493 -0.03455197066068649 -0.10705599933862686
v -0.03769296035170555 -0.03273998945951462 -0.10742100328207016
v -0.03423094004392624 -0.03273998945951462 -0.11508200317621231
v -0.03658396005630493 -0.03455197066068649 -0.10705599933862686
v -0.03423094004392624 -0.03273998945951462 -0.11508200317621231
v -0.03322397917509079 -0.03455197066068649 -0.11449100077152252
v -0.03322397917509079 -0.03455197066068649 -0.11449100077152252
v -0.03423094004392624 -0.03273998945951462 -0.11508200317621231
v -0.03158295154571533 -0.03334695100784302 -0.11835899949073792
v -0.03158295154571533 -0.03334695100784302 -0.11835899949073792
v -0.02785998024046421 -0.03445696085691452 -0.11893899738788605
v -0.029129980131983757 -0.03541195020079613 -0.11787299811840057
v -0.02518193982541561 -0.03445696085691452 -0.11975999921560287
v -0.02785998024046421 -0.03445696085691452 -0.11893899738788605
v -0.025345979258418083 -0.03283398970961571 -0.11985799670219421
v -0.02785998024046421 -0.03445696085691452 -0.11893899738788605
v -0.02518193982541561 -0.03445696085691452 -0.11975999921560287
v -0.02495395950973034 -0.035267941653728485 -0.11926800012588501
v -0.02785998024046421 -0.03445696085691452 -0.11893899738788605
v -0.02495395950973034 -0.035267941653728485 -0.11926800012588501
v -0.029129980131983757 -0.03541195020079613 -0.11787299811840057
v -0.029129980131983757 -0.03541195020079613 -0.11787299811840057
v -0.02495395950973034 -0.035267941653728485 -0.11926800012588501
v -0.027583949267864227 -0.03593498095870018 -0.1172190010547638
v -0.027583949267864227 -0.03593498095870018 -0.1172190010547638
v -0.02495395950973034 -0.035267941653728485 -0.11926800012588501
v -0.030188970267772675 -0.035999950021505356 -0.1127099022269249
v -0.012245950289070606 -0.035793960094451904 -0.12617500126361847
v -0.02495395950973034 -0.035267941653728485 -0.11926800012588501
v -0.017652979120612144 -0.035267941653728485 -0.1243709996342659
v -0.017652979120612144 -0.035267941653728485 -0.1243709996342659
v -0.02495395950973034 -0.035267941653728485 -0.11926800012588501
v -0.017949990928173065 -0.03436499089002609 -0.12486600130796432
v -0.017949990928173065 -0.03436499089002609 -0.12486600130796432
v -0.02495395950973034 -0.035267941653728485 -0.11926800012588501
v -0.02518193982541561 -0.03445696085691452 -0.11975999921560287
v -0.017949990928173065 -0.03436499089002609 -0.12486600130796432
v -0.02518193982541561 -0.03445696085691452 -0.11975999921560287
v -0.025345979258418083 -0.03283398970961571 -0.11985799670219421
v -0.030188970267772675 -0.035999950021505356 -0.1127099022269249
v -0.02495395950973034 -0.035267941653728485 -0.11926800012588501
v -0.012245950289070606 -0.035793960094451904 -0.12617500126361847
v -0.012245950289070606 -0.035793960094451904 -0.12617500126361847
v -0.017652979120612144 -0.035267941653728485 -0.1243709996342659
v -0.013593969866633415 -0.03435897082090378 -0.12708689272403717
v -0.013593969866633415 -0.03435897082090378 -0.12708689272403717
v -0.017652979120612144 -0.035267941653728485 -0.1243709996342659
v -0.017949990928173065 -0.03436499089002609 -0.12486600130796432
v -0.013593969866633415 -0.03435897082090378 -0.12708689272403717
v -0.011371970176696777 -0.03552895039319992 -0.1262120008468628
v -0.012245950289070606 -0.035793960094451904 -0.12617500126361847
v -0.005693972110748291 -0.03549997881054878 -0.1254200041294098
v -0.004932999145239592 -0.03564995154738426 -0.12841300666332245
v -0.004842996131628752 -0.035999950021505356 -0.12525899708271027
v -0.010934939607977867 -0.035999950021505356 -0.12362699955701828
v -0.012245950289070606 -0.035793960094451904 -0.12617500126361847
v -0.011371970176696777 -0.03552895039319992 -0.1262120008468628
v -0.011371970176696777 -0.03552895039319992 -0.1262120008468628
v -0.00933599378913641 -0.03549997881054878 -0.12349499762058258
v -0.010934939607977867 -0.035999950021505356 -0.12362699955701828
v -0.010934939607977867 -0.035999950021505356 -0.12362699955701828
v -0.00933599378913641 -0.03549997881054878 -0.12349499762058258
v -0.008150993846356869 -0.035999950021505356 -0.12241200357675552
v -0.008150993846356869 -0.035999950021505356 -0.12241200357675552
v -0.00933599378913641 -0.03549997881054878 -0.12349499762058258
v -0.007050991058349609 -0.03549997881054878 -0.12358099967241287
v -0.007050991058349609 -0.03549997881054878 -0.12358099967241287
v -0.005693972110748291 -0.03549997881054878 -0.1254200041294098
v -0.004842996131628752 -0.035999950021505356 -0.12525899708271027
v -0.008150993846356869 -0.035999950021505356 -0.12241200357675552
v -0.007050991058349609 -0.03549997881054878 -0.12358099967241287
v -0.004842996131628752 -0.035999950021505356 -0.12525899708271027
v -0.0059639811515808105 -0.03299998864531517 -0.12761400640010834
v -0.005693972110748291 -0.03549997881054878 -0.1254200041294098
v -0.006270945072174072 -0.03299998864531517 -0.1244250014424324
v -0.006270945072174072 -0.03299998864531517 -0.1244250014424324
v -0.005693972110748291 -0.03549997881054878 -0.1254200041294098
v -0.007050991058349609 -0.03549997881054878 -0.12358099967241287
v -0.006270945072174072 -0.03299998864531517 -0.1244250014424324
v -0.007050991058349609 -0.03549997881054878 -0.12358099967241287
v -0.008188962005078793 -0.03299998864531517 -0.1234109029173851
v -0.008188962005078793 -0.03299998864531517 -0.1234109029173851
v -0.007050991058349609 -0.03549997881054878 -0.12358099967241287
v -0.00933599378913641 -0.03549997881054878 -0.12349499762058258
v -0.008188962005078793 -0.03299998864531517 -0.1234109029173851
v -0.00933599378913641 -0.03549997881054878 -0.12349499762058258
v -0.010176950134336948 -0.03299998864531517 -0.12427899986505508
v -0.010176950134336948 -0.03299998864531517 -0.12427899986505508
v -0.00933599378913641 -0.03549997881054878 -0.12349499762058258
v -0.011371970176696777 -0.03552895039319992 -0.1262120008468628
v -0.02785998024046421 -0.03445696085691452 -0.11893899738788605
v -0.03158295154571533 -0.03334695100784302 -0.11835899949073792
v -0.03072500042617321 -0.03099994920194149 -0.11900000274181366
v -0.03072500042617321 -0.03099994920194149 -0.11900000274181366
v -0.03158295154571533 -0.03334695100784302 -0.11835899949073792
v -0.031878940761089325 -0.03099994920194149 -0.1187169998884201
v -0.03277295082807541 -0.03099994920194149 -0.1179329976439476
v -0.031878940761089325 -0.03099994920194149 -0.1187169998884201
v -0.03158295154571533 -0.03334695100784302 -0.11835899949073792
v -0.03072500042617321 -0.03099994920194149 -0.11900000274181366
v -0.03072500042617321 -0.017499979585409164 -0.11900000274181366
v -0.026607990264892578 -0.017499979585409164 -0.11900000274181366
v -0.02610200084745884 -0.03128194063901901 -0.11900000274181366
v -0.03072500042617321 -0.03099994920194149 -0.11900000274181366
v -0.026417970657348633 -0.029699979349970818 -0.11896199733018875
v -0.026417970657348633 -0.029699979349970818 -0.11896199733018875
v -0.03072500042617321 -0.03099994920194149 -0.11900000274181366
v -0.026607990264892578 -0.017499979585409164 -0.11900000274181366
v -0.026607990264892578 -0.017499979585409164 -0.11900000274181366
v -0.02611595019698143 -0.017499979585409164 -0.1185849979519844
v -0.026417970657348633 -0.029699979349970818 -0.11896199733018875
v -0.026417970657348633 -0.029699979349970818 -0.11896199733018875
v -0.02611595019698143 -0.017499979585409164 -0.1185849979519844
v -0.026232950389385223 -0.029699979349970818 -0.11816900223493576
v -0.026232950389385223 -0.029699979349970818 -0.11816900223493576
v -0.02611595019698143 -0.017499979585409164 -0.1185849979519844
v -0.026232950389385223 -0.019999980926513672 -0.11816900223493576
v -0.026607990264892578 -0.017499979585409164 -0.11900000274181366
v -0.03072500042617321 -0.017499979585409164 -0.11900000274181366
v -0.026943979784846306 -0.014680979773402214 -0.11859399825334549
v -0.026943979784846306 -0.014680979773402214 -0.11859399825334549
v -0.03072500042617321 -0.017499979585409164 -0.11900000274181366
v -0.030940940603613853 -0.014639969915151596 -0.11858200281858444
v -0.026943979784846306 -0.014680979773402214 -0.11859399825334549
v -0.030940940603613853 -0.014639969915151596 -0.11858200281858444
v -0.031840980052948 -0.012176989577710629 -0.11744000017642975
v -0.026943979784846306 -0.014680979773402214 -0.11859399825334549
v -0.031840980052948 -0.012176989577710629 -0.11744000017642975
v -0.027319960296154022 -0.01234298013150692 -0.11710800230503082
v -0.027319960296154022 -0.01234298013150692 -0.11710800230503082
v -0.031840980052948 -0.012176989577710629 -0.11744000017642975
v -0.02791595086455345 -0.011500000022351742 -0.11691199988126755
v -0.03524398058652878 -0.006315946113318205 -0.1117200031876564
v -0.03234899044036865 -0.003173947101458907 -0.11005900055170059
v -0.029097970575094223 -0.009688973426818848 -0.11456900089979172
v -0.03524398058652878 -0.006315946113318205 -0.1117200031876564
v -0.029097970575094223 -0.009688973426818848 -0.11456900089979172
v -0.031840980052948 -0.012176989577710629 -0.11744000017642975
v -0.031840980052948 -0.012176989577710629 -0.11744000017642975
v -0.029097970575094223 -0.009688973426818848 -0.11456900089979172
v -0.02791595086455345 -0.011500000022351742 -0.11691199988126755
v -0.035497959703207016 -0.0013609520392492414 -0.10950600355863571
v -0.03399597853422165 -0.00234997202642262 -0.10956999659538269
v -0.03524398058652878 -0.006315946113318205 -0.1117200031876564
v -0.03524398058652878 -0.006315946113318205 -0.1117200031876564
v -0.03399597853422165 -0.00234997202642262 -0.10956999659538269
v -0.03234899044036865 -0.003173947101458907 -0.11005900055170059
v -0.03399597853422165 -0.00234997202642262 -0.10956999659538269
v -0.03193198889493942 -0.0034259550739079714 -0.10958600044250488
v -0.03234899044036865 -0.003173947101458907 -0.11005900055170059
v -0.03568093851208687 0.0015339850215241313 -0.10903099924325943
v -0.03551696985960007 0.00024900000425986946 -0.10848099738359451
v -0.035497959703207016 -0.0013609520392492414 -0.10950600355863571
v -0.035497959703207016 -0.0013609520392492414 -0.10950600355863571
v -0.03551696985960007 0.00024900000425986946 -0.10848099738359451
v -0.03399597853422165 -0.00234997202642262 -0.10956999659538269
v -0.03830999135971069 0.005694984924048185 -0.10650400072336197
v -0.03729498013854027 -0.00019200000679120421 -0.10858099907636642
v -0.03771597146987915 -0.0033049581106752157 -0.10832399874925613
v -0.037018001079559326 0.005622982047498226 -0.10818000137805939
v -0.03568093851208687 0.0015339850215241313 -0.10903099924325943
v -0.035497959703207016 -0.0013609520392492414 -0.10950600355863571
v -0.037018001079559326 0.005622982047498226 -0.10818000137805939
v -0.035497959703207016 -0.0013609520392492414 -0.10950600355863571
v -0.03729498013854027 -0.00019200000679120421 -0.10858099907636642
v -0.039999961853027344 -0.02949994057416916 -0.0950699970126152
v -0.03918898105621338 -0.025682980194687843 -0.10301399976015091
v -0.039774950593709946 -0.03099994920194149 -0.09923595190048218
v -0.03830999135971069 0.005694984924048185 -0.10650400072336197
v -0.03771597146987915 -0.0033049581106752157 -0.10832399874925613
v -0.039358969777822495 -0.008249998092651367 -0.10213399678468704
v -0.03830999135971069 0.005694984924048185 -0.10650400072336197
v -0.039358969777822495 -0.008249998092651367 -0.10213399678468704
v -0.039143968373537064 0.009013949893414974 -0.1032319962978363
v -0.0388069711625576 -0.0176729504019022 -0.10469499975442886
v -0.0381239615380764 -0.019999980926513672 -0.10710500180721283
v -0.03918898105621338 -0.025682980194687843 -0.10301399976015091
v -0.03918898105621338 -0.025682980194687843 -0.10301399976015091
v -0.0381239615380764 -0.019999980926513672 -0.10710500180721283
v -0.037678949534893036 -0.023118970915675163 -0.1084280014038086
v -0.039774950593709946 -0.03099994920194149 -0.09923595190048218
v -0.03918898105621338 -0.025682980194687843 -0.10301399976015091
v -0.037678949534893036 -0.023118970915675163 -0.1084280014038086
v -0.039774950593709946 -0.03099994920194149 -0.09923595190048218
v -0.037678949534893036 -0.023118970915675163 -0.1084280014038086
v -0.03798997029662132 -0.03099994920194149 -0.1075190007686615
v -0.03798997029662132 -0.03099994920194149 -0.1075190007686615
v -0.037678949534893036 -0.023118970915675163 -0.1084280014038086
v -0.03543895110487938 -0.024196980521082878 -0.11354999989271164
v -0.03798997029662132 -0.03099994920194149 -0.1075190007686615
v -0.03543895110487938 -0.024196980521082878 -0.11354999989271164
v -0.03450094908475876 -0.03099994920194149 -0.11524000018835068
v -0.03450094908475876 -0.03099994920194149 -0.11524000018835068
v -0.03543895110487938 -0.024196980521082878 -0.11354999989271164
v -0.03277295082807541 -0.03099994920194149 -0.1179329976439476
v -0.03277295082807541 -0.03099994920194149 -0.1179329976439476
v -0.03543895110487938 -0.024196980521082878 -0.11354999989271164
v -0.03380094841122627 -0.021258950233459473 -0.11638999730348587
v -0.03277295082807541 -0.03099994920194149 -0.1179329976439476
v -0.03380094841122627 -0.021258950233459473 -0.11638999730348587
v -0.03277295082807541 -0.017499979585409164 -0.1179329976439476
v -0.03277295082807541 -0.017499979585409164 -0.1179329976439476
v -0.03380094841122627 -0.021258950233459473 -0.11638999730348587
v -0.03386598080396652 -0.018442979082465172 -0.11628600209951401
v -0.03277295082807541 -0.017499979585409164 -0.1179329976439476
v -0.03386598080396652 -0.018442979082465172 -0.11628600209951401
v -0.03320293873548508 -0.012963949702680111 -0.11709900200366974
v -0.0381239615380764 -0.019999980926513672 -0.10710500180721283
v -0.0388069711625576 -0.0176729504019022 -0.10469499975442886
v -0.03711700066924095 -0.015890950337052345 -0.10990999639034271
v -0.03711700066924095 -0.015890950337052345 -0.10990999639034271
v -0.0388069711625576 -0.0176729504019022 -0.10469499975442886
v -0.03910499066114426 -0.012953990139067173 -0.10341300070285797
v -0.03711700066924095 -0.015890950337052345 -0.10990999639034271
v -0.03910499066114426 -0.012953990139067173 -0.10341300070285797
v -0.039358969777822495 -0.008249998092651367 -0.10213399678468704
v -0.03711700066924095 -0.015890950337052345 -0.10990999639034271
v -0.039358969777822495 -0.008249998092651367 -0.10213399678468704
v -0.03771597146987915 -0.0033049581106752157 -0.10832399874925613
v -0.03711700066924095 -0.015890950337052345 -0.10990999639034271
v -0.03771597146987915 -0.0033049581106752157 -0.10832399874925613
v -0.03650999069213867 -0.0071189990267157555 -0.11111000180244446
v -0.03711700066924095 -0.015890950337052345 -0.10990999639034271
v -0.03650999069213867 -0.0071189990267157555 -0.11111000180244446
v -0.03535699099302292 -0.015862999483942986 -0.11370500177145004
v -0.03535699099302292 -0.015862999483942986 -0.11370500177145004
v -0.03650999069213867 -0.0071189990267157555 -0.11111000180244446
v -0.03320293873548508 -0.012963949702680111 -0.11709900200366974
v -0.03535699099302292 -0.015862999483942986 -0.11370500177145004
v -0.03320293873548508 -0.012963949702680111 -0.11709900200366974
v -0.03386598080396652 -0.018442979082465172 -0.11628600209951401
v -0.03448294848203659 -0.010858950205147266 -0.07496196031570435
v -0.036918990314006805 -0.007195949088782072 -0.07960598915815353
v -0.03585898131132126 -0.01557897962629795 -0.07727497071027756
v -0.03585898131132126 -0.01557897962629795 -0.07727497071027756
v -0.0344499908387661 -0.01769196055829525 -0.07488899677991867
v -0.03448294848203659 -0.010858950205147266 -0.07496196031570435
v -0.03448294848203659 -0.010858950205147266 -0.07496196031570435
v -0.0344499908387661 -0.01769196055829525 -0.07488899677991867
v -0.03309398144483566 -0.013214940205216408 -0.07273799180984497
v -0.03309398144483566 -0.013214940205216408 -0.07273799180984497
v -0.0344499908387661 -0.01769196055829525 -0.07488899677991867
v -0.03386598080396652 -0.021556969732046127 -0.07371395081281662
v -0.03309398144483566 -0.013214940205216408 -0.07273799180984497
v -0.03386598080396652 -0.021556969732046127 -0.07371395081281662
v -0.03277295082807541 -0.03099994920194149 -0.07206696271896362
v -0.03277295082807541 -0.03099994920194149 -0.07206696271896362
v -0.03386598080396652 -0.021556969732046127 -0.07371395081281662
v -0.035297978669404984 -0.024089990183711052 -0.07618296146392822
v -0.03277295082807541 -0.03099994920194149 -0.07206696271896362
v -0.035297978669404984 -0.024089990183711052 -0.07618296146392822
v -0.03450094908475876 -0.03099994920194149 -0.07475996017456055
v -0.03450094908475876 -0.03099994920194149 -0.07475996017456055
v -0.035297978669404984 -0.024089990183711052 -0.07618296146392822
v -0.03744899854063988 -0.023639969527721405 -0.08094298094511032
v -0.03450094908475876 -0.03099994920194149 -0.07475996017456055
v -0.03744899854063988 -0.023639969527721405 -0.08094298094511032
v -0.03798997029662132 -0.03099994920194149 -0.08248095959424973
v -0.03744899854063988 -0.023639969527721405 -0.08094298094511032
v -0.039774950593709946 -0.03099994920194149 -0.09076397866010666
v -0.03798997029662132 -0.03099994920194149 -0.08248095959424973
v -0.039771970361471176 0.009999990463256836 -0.09073299169540405
v -0.039630938321352005 -0.005255997180938721 -0.08958195894956589
v -0.039154939353466034 0.009042978286743164 -0.08682197332382202
v -0.039630938321352005 -0.005255997180938721 -0.08958195894956589
v -0.037693969905376434 -0.0034609430003911257 -0.08161597698926926
v -0.039154939353466034 0.009042978286743164 -0.08682197332382202
v -0.037678949534893036 -0.016880979761481285 -0.08157198876142502
v -0.039358969777822495 -0.008249998092651367 -0.08786600083112717
v -0.03880995139479637 -0.01762497052550316 -0.08531796187162399
v -0.037678949534893036 -0.016880979761481285 -0.08157198876142502
v -0.03880995139479637 -0.01762497052550316 -0.08531796187162399
v -0.0381239615380764 -0.019999980926513672 -0.08289498090744019
v -0.0381239615380764 -0.019999980926513672 -0.08289498090744019
v -0.03880995139479637 -0.01762497052550316 -0.08531796187162399
v -0.038859959691762924 -0.02301800064742565 -0.0855180025100708
v -0.0381239615380764 -0.019999980926513672 -0.08289498090744019
v -0.038859959691762924 -0.02301800064742565 -0.0855180025100708
v -0.03744899854063988 -0.023639969527721405 -0.08094298094511032
v -0.037693969905376434 -0.0034609430003911257 -0.08161597698926926
v -0.039630938321352005 -0.005255997180938721 -0.08958195894956589
v -0.039358969777822495 -0.008249998092651367 -0.08786600083112717
v -0.037693969905376434 -0.0034609430003911257 -0.08161597698926926
v -0.039358969777822495 -0.008249998092651367 -0.08786600083112717
v -0.036918990314006805 -0.007195949088782072 -0.07960598915815353
v -0.036918990314006805 -0.007195949088782072 -0.07960598915815353
v -0.039358969777822495 -0.008249998092651367 -0.08786600083112717
v -0.037678949534893036 -0.016880979761481285 -0.08157198876142502
v -0.036918990314006805 -0.007195949088782072 -0.07960598915815353
v -0.037678949534893036 -0.016880979761481285 -0.08157198876142502
v -0.03585898131132126 -0.01557897962629795 -0.07727497071027756
v -0.03744899854063988 -0.023639969527721405 -0.08094298094511032
v -0.038859959691762924 -0.02301800064742565 -0.0855180025100708
v -0.039774950593709946 -0.03099994920194149 -0.09076397866010666
v -0.039774950593709946 -0.03099994920194149 -0.09076397866010666
v -0.038859959691762924 -0.02301800064742565 -0.0855180025100708
v -0.03935997933149338 -0.02631795033812523 -0.08835899084806442
v -0.039774950593709946 -0.03099994920194149 -0.09076397866010666
v -0.03935997933149338 -0.02631795033812523 -0.08835899084806442
v -0.039999961853027344 -0.02949994057416916 -0.0950699970126152
v -0.039774950593709946 -0.03099994920194149 -0.09076397866010666
v -0.039999961853027344 -0.02949994057416916 -0.0950699970126152
v -0.039774950593709946 -0.03099994920194149 -0.09923595190048218
v -0.039143968373537064 0.009013949893414974 -0.1032319962978363
v -0.039358969777822495 -0.008249998092651367 -0.10213399678468704
v -0.039771970361471176 0.009999990463256836 -0.09926699846982956
v -0.039771970361471176 0.009999990463256836 -0.09926699846982956
v -0.039358969777822495 -0.008249998092651367 -0.10213399678468704
v -0.03996998071670532 -0.003153979079797864 -0.0965379998087883
v -0.039771970361471176 0.009999990463256836 -0.09926699846982956
v -0.03996998071670532 -0.003153979079797864 -0.0965379998087883
v -0.039771970361471176 0.009999990463256836 -0.09073299169540405
v -0.039771970361471176 0.009999990463256836 -0.09073299169540405
v -0.03996998071670532 -0.003153979079797864 -0.0965379998087883
v -0.03998297080397606 -0.003089963924139738 -0.09382200241088867
v -0.039771970361471176 0.009999990463256836 -0.09073299169540405
v -0.03998297080397606 -0.003089963924139738 -0.09382200241088867
v -0.039630938321352005 -0.005255997180938721 -0.08958195894956589
v -0.03277295082807541 -0.03099994920194149 -0.1179329976439476
v -0.03277295082807541 -0.017499979585409164 -0.1179329976439476
v -0.031878940761089325 -0.017499979585409164 -0.1187169998884201
v -0.03277295082807541 -0.03099994920194149 -0.1179329976439476
v -0.031878940761089325 -0.017499979585409164 -0.1187169998884201
v -0.031878940761089325 -0.03099994920194149 -0.1187169998884201
v -0.031878940761089325 -0.03099994920194149 -0.1187169998884201
v -0.031878940761089325 -0.017499979585409164 -0.1187169998884201
v -0.03072500042617321 -0.017499979585409164 -0.11900000274181366
v -0.031878940761089325 -0.03099994920194149 -0.1187169998884201
v -0.03072500042617321 -0.017499979585409164 -0.11900000274181366
v -0.03072500042617321 -0.03099994920194149 -0.11900000274181366
v -0.031840980052948 -0.012176989577710629 -0.11744000017642975
v -0.03320293873548508 -0.012963949702680111 -0.11709900200366974
v -0.03524398058652878 -0.006315946113318205 -0.1117200031876564
v -0.030940940603613853 -0.014639969915151596 -0.11858200281858444
v -0.03072500042617321 -0.017499979585409164 -0.11900000274181366
v -0.031878940761089325 -0.017499979585409164 -0.1187169998884201
v -0.03277295082807541 -0.017499979585409164 -0.1179329976439476
v -0.03320293873548508 -0.012963949702680111 -0.11709900200366974
v -0.031878940761089325 -0.017499979585409164 -0.1187169998884201
v -0.031878940761089325 -0.017499979585409164 -0.1187169998884201
v -0.03320293873548508 -0.012963949702680111 -0.11709900200366974
v -0.030940940603613853 -0.014639969915151596 -0.11858200281858444
v -0.030940940603613853 -0.014639969915151596 -0.11858200281858444
v -0.03320293873548508 -0.012963949702680111 -0.11709900200366974
v -0.031840980052948 -0.012176989577710629 -0.11744000017642975
v -0.03320293873548508 -0.012963949702680111 -0.11709900200366974
v -0.03650999069213867 -0.0071189990267157555 -0.11111000180244446
v -0.03524398058652878 -0.006315946113318205 -0.1117200031876564
v -0.03524398058652878 -0.006315946113318205 -0.1117200031876564
v -0.03650999069213867 -0.0071189990267157555 -0.11111000180244446
v -0.035497959703207016 -0.0013609520392492414 -0.10950600355863571
v -0.035497959703207016 -0.0013609520392492414 -0.10950600355863571
v -0.03650999069213867 -0.0071189990267157555 -0.11111000180244446
v -0.03729498013854027 -0.00019200000679120421 -0.10858099907636642
v -0.03771597146987915 -0.0033049581106752157 -0.10832399874925613
v -0.03729498013854027 -0.00019200000679120421 -0.10858099907636642
v -0.03650999069213867 -0.0071189990267157555 -0.11111000180244446
v -0.03648995980620384 0.0103489700704813 -0.10519590228796005
v -0.03823994845151901 0.01056498009711504 -0.10392799973487854
v -0.037706971168518066 0.011803979985415936 -0.10231799632310867
v -0.039771970361471176 0.009999990463256836 -0.09926699846982956
v -0.039582960307598114 0.010956999845802784 -0.09924595803022385
v -0.039143968373537064 0.009013949893414974 -0.1032319962978363
v -0.039582960307598114 0.010956999845802784 -0.09924595803022385
v -0.03823994845151901 0.01056498009711504 -0.10392799973487854
v -0.039143968373537064 0.009013949893414974 -0.1032319962978363
v -0.039143968373537064 0.009013949893414974 -0.1032319962978363
v -0.03823994845151901 0.01056498009711504 -0.10392799973487854
v -0.03753095120191574 0.008366942405700684 -0.10659799724817276
v -0.03753095120191574 0.008366942405700684 -0.10659799724817276
v -0.03830999135971069 0.005694984924048185 -0.10650400072336197
v -0.039143968373537064 0.009013949893414974 -0.1032319962978363
v -0.037018001079559326 0.005622982047498226 -0.10818000137805939
v -0.03729498013854027 -0.00019200000679120421 -0.10858099907636642
v -0.03830999135971069 0.005694984924048185 -0.10650400072336197
v -0.037018001079559326 0.005622982047498226 -0.10818000137805939
v -0.03830999135971069 0.005694984924048185 -0.10650400072336197
v -0.03753095120191574 0.008366942405700684 -0.10659799724817276
v -0.039582960307598114 0.010956999845802784 -0.09924595803022385
v -0.03823696821928024 0.012309960089623928 -0.0991019606590271
v -0.03823994845151901 0.01056498009711504 -0.10392799973487854
v -0.03823994845151901 0.01056498009711504 -0.10392799973487854
v -0.03823696821928024 0.012309960089623928 -0.0991019606590271
v -0.037706971168518066 0.011803979985415936 -0.10231799632310867
v -0.03823994845151901 0.01056498009711504 -0.10392799973487854
v -0.03648995980620384 0.0103489700704813 -0.10519590228796005
v -0.03753095120191574 0.008366942405700684 -0.10659799724817276
v -0.03753095120191574 0.008366942405700684 -0.10659799724817276
v -0.03648995980620384 0.0103489700704813 -0.10519590228796005
v -0.0360669381916523 0.00799095630645752 -0.10735800117254257
v -0.03753095120191574 0.008366942405700684 -0.10659799724817276
v -0.0360669381916523 0.00799095630645752 -0.10735800117254257
v -0.037018001079559326 0.005622982047498226 -0.10818000137805939
v -0.037018001079559326 0.005622982047498226 -0.10818000137805939
v -0.0360669381916523 0.00799095630645752 -0.10735800117254257
v -0.0358089804649353 0.005583941005170345 -0.10851290076971054
v -0.03371797874569893 0.009139001369476318 -0.10647899657487869
v -0.03648995980620384 0.0103489700704813 -0.10519590228796005
v -0.0335579514503479 0.009884952567517757 -0.10536299645900726
v -0.0335579514503479 0.009884952567517757 -0.10536299645900726
v -0.03648995980620384 0.0103489700704813 -0.10519590228796005
v -0.03474295139312744 0.011880990117788315 -0.10246399790048599
v -0.03474295139312744 0.011880990117788315 -0.10246399790048599
v -0.03648995980620384 0.0103489700704813 -0.10519590228796005
v -0.037706971168518066 0.011803979985415936 -0.10231799632310867
v -0.03474295139312744 0.011880990117788315 -0.10246399790048599
v -0.037706971168518066 0.011803979985415936 -0.10231799632310867
v -0.03823696821928024 0.012309960089623928 -0.0991019606590271
v -0.03474295139312744 0.011880990117788315 -0.10246399790048599
v -0.03823696821928024 0.012309960089623928 -0.0991019606590271
v -0.034922949969768524 0.012353950180113316 -0.09895998239517212
v -0.03322695940732956 0.006968975067138672 -0.1079460009932518
v -0.03263895958662033 0.003949998877942562 -0.10883499681949615
v -0.0358089804649353 0.005583941005170345 -0.10851290076971054
v -0.03322695940732956 0.006968975067138672 -0.1079460009932518
v -0.0358089804649353 0.005583941005170345 -0.10851290076971054
v -0.03371797874569893 0.009139001369476318 -0.10647899657487869
v -0.03371797874569893 0.009139001369476318 -0.10647899657487869
v -0.0358089804649353 0.005583941005170345 -0.10851290076971054
v -0.0360669381916523 0.00799095630645752 -0.10735800117254257
v -0.03371797874569893 0.009139001369476318 -0.10647899657487869
v -0.0360669381916523 0.00799095630645752 -0.10735800117254257
v -0.03648995980620384 0.0103489700704813 -0.10519590228796005
v -0.037018001079559326 0.005622982047498226 -0.10818000137805939
v -0.0358089804649353 0.005583941005170345 -0.10851290076971054
v -0.03263895958662033 0.003949998877942562 -0.10883499681949615
v -0.0348159596323967 0.012010989710688591 -0.08791100233793259
v -0.034922949969768524 0.012353950180113316 -0.09895998239517212
v -0.037285979837179184 0.012499979697167873 -0.09099996089935303
v -0.037285979837179184 0.012499979697167873 -0.09099996089935303
v -0.034922949969768524 0.012353950180113316 -0.09895998239517212
v -0.03823696821928024 0.012309960089623928 -0.0991019606590271
v -0.033378951251506805 0.008714972995221615 -0.08323799818754196
v -0.0335649810731411 0.009923993609845638 -0.08471398800611496
v -0.034233979880809784 0.010728949680924416 -0.08531796187162399
v -0.03497295826673508 0.003872989909723401 -0.09638398140668869
v -0.03574996814131737 0.0029049511067569256 -0.09499996155500412
v -0.03477298840880394 0.0029049511067569256 -0.10330100357532501
v -0.03241097182035446 0.003872989909723401 -0.08178894966840744
v -0.03567295894026756 0.0024889700580388308 -0.08648394793272018
v -0.03396499156951904 0.003872989909723401 -0.08655297011137009
v -0.03396499156951904 0.003872989909723401 -0.08655297011137009
v -0.03567295894026756 0.0024889700580388308 -0.08648394793272018
v -0.03574996814131737 0.0029049511067569256 -0.09499996155500412
v -0.03396499156951904 0.003872989909723401 -0.08655297011137009
v -0.03574996814131737 0.0029049511067569256 -0.09499996155500412
v -0.03481798991560936 0.003872989909723401 -0.09143196791410446
v -0.03481798991560936 0.003872989909723401 -0.09143196791410446
v -0.03574996814131737 0.0029049511067569256 -0.09499996155500412
v -0.03497295826673508 0.003872989909723401 -0.09638398140668869
v -0.03497295826673508 0.003872989909723401 -0.09638398140668869
v -0.03477298840880394 0.0029049511067569256 -0.10330100357532501
v -0.0344269797205925 0.003872989909723401 -0.10130699723958969
v -0.0344269797205925 0.003872989909723401 -0.10130699723958969
v -0.03477298840880394 0.0029049511067569256 -0.10330100357532501
v -0.03313899040222168 0.0029049511067569256 -0.10841099917888641
v -0.0344269797205925 0.003872989909723401 -0.10130699723958969
v -0.03313899040222168 0.0029049511067569256 -0.10841099917888641
v -0.03241097182035446 0.003872989909723401 -0.10821200162172318
v -0.03313899040222168 0.0029049511067569256 -0.10841099917888641
v -0.03263895958662033 0.003949998877942562 -0.10883499681949615
v -0.03241097182035446 0.003872989909723401 -0.10821200162172318
v -0.03275400027632713 0.006715952884405851 -0.10733690112829208
v -0.0335579514503479 0.009884952567517757 -0.10536299645900726
v -0.034304969012737274 0.011500000022351742 -0.10194200277328491
v -0.03474295139312744 0.011880990117788315 -0.10246399790048599
v -0.034922949969768524 0.012353950180113316 -0.09895998239517212
v -0.034304969012737274 0.011500000022351742 -0.10194200277328491
v -0.03474295139312744 0.011880990117788315 -0.10246399790048599
v -0.034304969012737274 0.011500000022351742 -0.10194200277328491
v -0.0335579514503479 0.009884952567517757 -0.10536299645900726
v -0.03275400027632713 0.006715952884405851 -0.10733690112829208
v -0.03322695940732956 0.006968975067138672 -0.1079460009932518
v -0.03371797874569893 0.009139001369476318 -0.10647899657487869
v -0.03275400027632713 0.006715952884405851 -0.10733690112829208
v -0.03371797874569893 0.009139001369476318 -0.10647899657487869
v -0.0335579514503479 0.009884952567517757 -0.10536299645900726
v -0.03275400027632713 0.006715952884405851 -0.10733690112829208
v -0.03241097182035446 0.003872989909723401 -0.10821200162172318
v -0.03263895958662033 0.003949998877942562 -0.10883499681949615
v -0.03275400027632713 0.006715952884405851 -0.10733690112829208
v -0.03263895958662033 0.003949998877942562 -0.10883499681949615
v -0.03322695940732956 0.006968975067138672 -0.1079460009932518
v -0.03263895958662033 0.003949998877942562 -0.10883499681949615
v -0.03313899040222168 0.0029049511067569256 -0.10841099917888641
v -0.03568093851208687 0.0015339850215241313 -0.10903099924325943
v -0.03263895958662033 0.003949998877942562 -0.10883499681949615
v -0.03568093851208687 0.0015339850215241313 -0.10903099924325943
v -0.037018001079559326 0.005622982047498226 -0.10818000137805939
v -0.032741960138082504 -0.003198981052264571 -0.07987499237060547
v -0.03477298840880394 -0.0029049511067569256 -0.0866990014910698
v -0.03567295894026756 -0.0024889700580388308 -0.08648394793272018
v -0.03661894053220749 -0.0014099470572546124 -0.08625798672437668
v -0.03696094825863838 0 -0.08617597073316574
v -0.03504699096083641 -0.0013229839969426394 -0.08112800121307373
v -0.03661894053220749 -0.0014099470572546124 -0.08625798672437668
v -0.03504699096083641 -0.0013229839969426394 -0.08112800121307373
v -0.03567295894026756 -0.0024889700580388308 -0.08648394793272018
v -0.03567295894026756 -0.0024889700580388308 -0.08648394793272018
v -0.03504699096083641 -0.0013229839969426394 -0.08112800121307373
v -0.032741960138082504 -0.003198981052264571 -0.07987499237060547
v -0.03567295894026756 0.0024889700580388308 -0.08648394793272018
v -0.03428398817777634 0.002396940952166915 -0.0816139504313469
v -0.03525400161743164 0.0012969969538971782 -0.08162897080183029
v -0.03567295894026756 0.0024889700580388308 -0.08648394793272018
v -0.03525400161743164 0.0012969969538971782 -0.08162897080183029
v -0.03661894053220749 0.0014099470572546124 -0.08625798672437668
v -0.03661894053220749 0.0014099470572546124 -0.08625798672437668
v -0.03525400161743164 0.0012969969538971782 -0.08162897080183029
v -0.03696094825863838 0 -0.08617597073316574
v -0.03696094825863838 0 -0.08617597073316574
v -0.03525400161743164 0.0012969969538971782 -0.08162897080183029
v -0.03504699096083641 -0.0013229839969426394 -0.08112800121307373
v -0.03567295894026756 0.0024889700580388308 -0.08648394793272018
v -0.03241097182035446 0.003872989909723401 -0.08178894966840744
v -0.03428398817777634 0.002396940952166915 -0.0816139504313469
v -0.03477298840880394 0.0029049511067569256 -0.10330100357532501
v -0.03574996814131737 0.0029049511067569256 -0.09499996155500412
v -0.03667597845196724 0.0024889700580388308 -0.09499996155500412
v -0.03661894053220749 0.0014099470572546124 -0.10374200344085693
v -0.03568093851208687 0.0015339850215241313 -0.10903099924325943
v -0.03477298840880394 0.0029049511067569256 -0.10330100357532501
v -0.03477298840880394 0.0029049511067569256 -0.10330100357532501
v -0.03568093851208687 0.0015339850215241313 -0.10903099924325943
v -0.03313899040222168 0.0029049511067569256 -0.10841099917888641
v -0.03696094825863838 0 -0.10382399708032608
v -0.03551696985960007 0.00024900000425986946 -0.10848099738359451
v -0.03661894053220749 0.0014099470572546124 -0.10374200344085693
v -0.03661894053220749 0.0014099470572546124 -0.10374200344085693
v -0.03551696985960007 0.00024900000425986946 -0.10848099738359451
v -0.03568093851208687 0.0015339850215241313 -0.10903099924325943
v -0.03661894053220749 -0.0014099470572546124 -0.10374200344085693
v -0.03399597853422165 -0.00234997202642262 -0.10956999659538269
v -0.03551696985960007 0.00024900000425986946 -0.10848099738359451
v -0.03661894053220749 -0.0014099470572546124 -0.10374200344085693
v -0.03551696985960007 0.00024900000425986946 -0.10848099738359451
v -0.03696094825863838 0 -0.10382399708032608
v -0.03399597853422165 -0.00234997202642262 -0.10956999659538269
v -0.03661894053220749 -0.0014099470572546124 -0.10374200344085693
v -0.03477298840880394 -0.0029049511067569256 -0.10330100357532501
v -0.03399597853422165 -0.00234997202642262 -0.10956999659538269
v -0.03477298840880394 -0.0029049511067569256 -0.10330100357532501
v -0.03193198889493942 -0.0034259550739079714 -0.10958600044250488
v -0.03574996814131737 0.0029049511067569256 -0.09499996155500412
v -0.03567295894026756 0.0024889700580388308 -0.08648394793272018
v -0.03667597845196724 0.0024889700580388308 -0.09499996155500412
v -0.03667597845196724 0.0024889700580388308 -0.09499996155500412
v -0.03567295894026756 0.0024889700580388308 -0.08648394793272018
v -0.03661894053220749 0.0014099470572546124 -0.08625798672437668
v -0.03667597845196724 0.0024889700580388308 -0.09499996155500412
v -0.03661894053220749 0.0014099470572546124 -0.08625798672437668
v -0.03764795884490013 0.0014099470572546124 -0.09499996155500412
v -0.03764795884490013 0.0014099470572546124 -0.09499996155500412
v -0.03661894053220749 0.0014099470572546124 -0.08625798672437668
v -0.03696094825863838 0 -0.08617597073316574
v -0.03764795884490013 0.0014099470572546124 -0.09499996155500412
v -0.03696094825863838 0 -0.08617597073316574
v -0.03799998015165329 0 -0.09499996155500412
v -0.03799998015165329 0 -0.09499996155500412
v -0.03696094825863838 0 -0.08617597073316574
v -0.03661894053220749 -0.0014099470572546124 -0.08625798672437668
v -0.03799998015165329 0 -0.09499996155500412
v -0.03661894053220749 -0.0014099470572546124 -0.08625798672437668
v -0.03764795884490013 -0.0014099470572546124 -0.09499996155500412
v -0.03764795884490013 -0.0014099470572546124 -0.09499996155500412
v -0.03661894053220749 -0.0014099470572546124 -0.08625798672437668
v -0.03567295894026756 -0.0024889700580388308 -0.08648394793272018
v -0.03764795884490013 -0.0014099470572546124 -0.09499996155500412
v -0.03567295894026756 -0.0024889700580388308 -0.08648394793272018
v -0.03667597845196724 -0.0024889700580388308 -0.09499996155500412
v -0.03667597845196724 -0.0024889700580388308 -0.09499996155500412
v -0.03567295894026756 -0.0024889700580388308 -0.08648394793272018
v -0.03477298840880394 -0.0029049511067569256 -0.0866990014910698
v -0.03667597845196724 -0.0024889700580388308 -0.09499996155500412
v -0.03477298840880394 -0.0029049511067569256 -0.0866990014910698
v -0.03574996814131737 -0.0029049511067569256 -0.09499996155500412
v -0.03477298840880394 0.0029049511067569256 -0.10330100357532501
v -0.03667597845196724 0.0024889700580388308 -0.09499996155500412
v -0.03661894053220749 0.0014099470572546124 -0.10374200344085693
v -0.03661894053220749 0.0014099470572546124 -0.10374200344085693
v -0.03667597845196724 0.0024889700580388308 -0.09499996155500412
v -0.03764795884490013 0.0014099470572546124 -0.09499996155500412
v -0.03661894053220749 0.0014099470572546124 -0.10374200344085693
v -0.03764795884490013 0.0014099470572546124 -0.09499996155500412
v -0.03799998015165329 0 -0.09499996155500412
v -0.03661894053220749 0.0014099470572546124 -0.10374200344085693
v -0.03799998015165329 0 -0.09499996155500412
v -0.03696094825863838 0 -0.10382399708032608
v -0.03696094825863838 0 -0.10382399708032608
v -0.03799998015165329 0 -0.09499996155500412
v -0.03764795884490013 -0.0014099470572546124 -0.09499996155500412
v -0.03696094825863838 0 -0.10382399708032608
v -0.03764795884490013 -0.0014099470572546124 -0.09499996155500412
v -0.03661894053220749 -0.0014099470572546124 -0.10374200344085693
v -0.03661894053220749 -0.0014099470572546124 -0.10374200344085693
v -0.03764795884490013 -0.0014099470572546124 -0.09499996155500412
v -0.03667597845196724 -0.0024889700580388308 -0.09499996155500412
v -0.03661894053220749 -0.0014099470572546124 -0.10374200344085693
v -0.03667597845196724 -0.0024889700580388308 -0.09499996155500412
v -0.03477298840880394 -0.0029049511067569256 -0.10330100357532501
v -0.03477298840880394 -0.0029049511067569256 -0.10330100357532501
v -0.03667597845196724 -0.0024889700580388308 -0.09499996155500412
v -0.03574996814131737 -0.0029049511067569256 -0.09499996155500412
v -0.03525400161743164 0.0012969969538971782 -0.08162897080183029
v -0.03428398817777634 0.002396940952166915 -0.0816139504313469
v -0.03568093851208687 0.0015339850215241313 -0.08096896857023239
v -0.032741960138082504 -0.003198981052264571 -0.07987499237060547
v -0.03504699096083641 -0.0013229839969426394 -0.08112800121307373
v -0.03708796948194504 -0.00008199999865610152 -0.0812629982829094
v -0.03708796948194504 -0.00008199999865610152 -0.0812629982829094
v -0.03504699096083641 -0.0013229839969426394 -0.08112800121307373
v -0.03568093851208687 0.0015339850215241313 -0.08096896857023239
v -0.03568093851208687 0.0015339850215241313 -0.08096896857023239
v -0.03504699096083641 -0.0013229839969426394 -0.08112800121307373
v -0.03525400161743164 0.0012969969538971782 -0.08162897080183029
v -0.037693969905376434 -0.0034609430003911257 -0.08161597698926926
v -0.036918990314006805 -0.007195949088782072 -0.07960598915815353
v -0.03708796948194504 -0.00008199999865610152 -0.0812629982829094
v -0.03171395882964134 -0.011520979925990105 -0.07298398017883301
v -0.03454697132110596 -0.006005941890180111 -0.07835494726896286
v -0.03448294848203659 -0.010858950205147266 -0.07496196031570435
v -0.03642898052930832 -0.0049939751625061035 -0.07955598086118698
v -0.03708796948194504 -0.00008199999865610152 -0.0812629982829094
v -0.036918990314006805 -0.007195949088782072 -0.07960598915815353
v -0.03642898052930832 -0.0049939751625061035 -0.07955598086118698
v -0.036918990314006805 -0.007195949088782072 -0.07960598915815353
v -0.03448294848203659 -0.010858950205147266 -0.07496196031570435
v -0.03454697132110596 -0.006005941890180111 -0.07835494726896286
v -0.03642898052930832 -0.0049939751625061035 -0.07955598086118698
v -0.03448294848203659 -0.010858950205147266 -0.07496196031570435
v -0.03171395882964134 -0.011520979925990105 -0.07298398017883301
v -0.03448294848203659 -0.010858950205147266 -0.07496196031570435
v -0.03309398144483566 -0.013214940205216408 -0.07273799180984497
v -0.03128796070814133 -0.014511999674141407 -0.0714789628982544
v -0.03309398144483566 -0.013214940205216408 -0.07273799180984497
v -0.031878940761089325 -0.017499979585409164 -0.07128298282623291
v -0.03171395882964134 -0.011520979925990105 -0.07298398017883301
v -0.03309398144483566 -0.013214940205216408 -0.07273799180984497
v -0.03128796070814133 -0.014511999674141407 -0.0714789628982544
v -0.030725950375199318 -0.017232000827789307 -0.0710039734840393
v -0.03128796070814133 -0.014511999674141407 -0.0714789628982544
v -0.031878940761089325 -0.017499979585409164 -0.07128298282623291
v -0.03309398144483566 -0.013214940205216408 -0.07273799180984497
v -0.03277295082807541 -0.03099994920194149 -0.07206696271896362
v -0.031878940761089325 -0.017499979585409164 -0.07128298282623291
v -0.03277295082807541 -0.03099994920194149 -0.07206696271896362
v -0.03072500042617321 -0.03099994920194149 -0.07099997252225876
v -0.031878940761089325 -0.017499979585409164 -0.07128298282623291
v -0.031878940761089325 -0.017499979585409164 -0.07128298282623291
v -0.03072500042617321 -0.03099994920194149 -0.07099997252225876
v -0.030725950375199318 -0.017232000827789307 -0.0710039734840393
v -0.03277295082807541 -0.03099994920194149 -0.07206696271896362
v -0.03229599818587303 -0.03309797868132591 -0.07219099253416061
v -0.03072500042617321 -0.03099994920194149 -0.07099997252225876
v -0.03229599818587303 -0.03309797868132591 -0.07219099253416061
v -0.03068000078201294 -0.03501999005675316 -0.07262396067380905
v -0.029982980340719223 -0.03385394066572189 -0.07120198011398315
v -0.03229599818587303 -0.03309797868132591 -0.07219099253416061
v -0.029982980340719223 -0.03385394066572189 -0.07120198011398315
v -0.03072500042617321 -0.03099994920194149 -0.07099997252225876
v -0.03708796948194504 -0.00008199999865610152 -0.0812629982829094
v -0.03568093851208687 0.0015339850215241313 -0.08096896857023239
v -0.03702598065137863 0.0056899781338870525 -0.08184497803449631
v -0.037285979837179184 0.012499979697167873 -0.09099996089935303
v -0.03903495892882347 0.011775970458984375 -0.09081196039915085
v -0.03850197046995163 0.011133960448205471 -0.08730094879865646
v -0.037693969905376434 -0.0034609430003911257 -0.08161597698926926
v -0.03708796948194504 -0.00008199999865610152 -0.0812629982829094
v -0.03702598065137863 0.0056899781338870525 -0.08184497803449631
v -0.037693969905376434 -0.0034609430003911257 -0.08161597698926926
v -0.03702598065137863 0.0056899781338870525 -0.08184497803449631
v -0.03830695152282715 0.008064985275268555 -0.08409898728132248
v -0.037693969905376434 -0.0034609430003911257 -0.08161597698926926
v -0.03830695152282715 0.008064985275268555 -0.08409898728132248
v -0.039154939353466034 0.009042978286743164 -0.08682197332382202
v -0.039154939353466034 0.009042978286743164 -0.08682197332382202
v -0.03830695152282715 0.008064985275268555 -0.08409898728132248
v -0.03850197046995163 0.011133960448205471 -0.08730094879865646
v -0.03903495892882347 0.011775970458984375 -0.09081196039915085
v -0.039771970361471176 0.009999990463256836 -0.09073299169540405
v -0.03850197046995163 0.011133960448205471 -0.08730094879865646
v -0.03850197046995163 0.011133960448205471 -0.08730094879865646
v -0.039771970361471176 0.009999990463256836 -0.09073299169540405
v -0.039154939353466034 0.009042978286743164 -0.08682197332382202
v -0.03762495145201683 0.011650970205664635 -0.087257981300354
v -0.037285979837179184 0.012499979697167873 -0.09099996089935303
v -0.03850197046995163 0.011133960448205471 -0.08730094879865646
v -0.03762495145201683 0.011650970205664635 -0.087257981300354
v -0.03850197046995163 0.011133960448205471 -0.08730094879865646
v -0.03686194866895676 0.009682953357696533 -0.08411496132612228
v -0.03686194866895676 0.009682953357696533 -0.08411496132612228
v -0.03850197046995163 0.011133960448205471 -0.08730094879865646
v -0.03830695152282715 0.008064985275268555 -0.08409898728132248
v -0.03686194866895676 0.009682953357696533 -0.08411496132612228
v -0.03830695152282715 0.008064985275268555 -0.08409898728132248
v -0.03605597838759422 0.005886971019208431 -0.08160196989774704
v -0.03605597838759422 0.005886971019208431 -0.08160196989774704
v -0.03830695152282715 0.008064985275268555 -0.08409898728132248
v -0.03702598065137863 0.0056899781338870525 -0.08184497803449631
v -0.03605597838759422 0.005886971019208431 -0.08160196989774704
v -0.03702598065137863 0.0056899781338870525 -0.08184497803449631
v -0.03568093851208687 0.0015339850215241313 -0.08096896857023239
v -0.03762495145201683 0.011650970205664635 -0.087257981300354
v -0.0348159596323967 0.012010989710688591 -0.08791100233793259
v -0.037285979837179184 0.012499979697167873 -0.09099996089935303
v -0.03686194866895676 0.009682953357696533 -0.08411496132612228
v -0.034233979880809784 0.010728949680924416 -0.08531796187162399
v -0.03762495145201683 0.011650970205664635 -0.087257981300354
v -0.03762495145201683 0.011650970205664635 -0.087257981300354
v -0.034233979880809784 0.010728949680924416 -0.08531796187162399
v -0.0348159596323967 0.012010989710688591 -0.08791100233793259
v -0.03275400027632713 0.003949998877942562 -0.08111994713544846
v -0.033098988234996796 0.006177960895001888 -0.08170098066329956
v -0.03605597838759422 0.005886971019208431 -0.08160196989774704
v -0.03605597838759422 0.005886971019208431 -0.08160196989774704
v -0.033098988234996796 0.006177960895001888 -0.08170098066329956
v -0.033378951251506805 0.008714972995221615 -0.08323799818754196
v -0.03605597838759422 0.005886971019208431 -0.08160196989774704
v -0.033378951251506805 0.008714972995221615 -0.08323799818754196
v -0.03686194866895676 0.009682953357696533 -0.08411496132612228
v -0.03686194866895676 0.009682953357696533 -0.08411496132612228
v -0.033378951251506805 0.008714972995221615 -0.08323799818754196
v -0.034233979880809784 0.010728949680924416 -0.08531796187162399
v -0.03568093851208687 0.0015339850215241313 -0.08096896857023239
v -0.03275400027632713 0.003949998877942562 -0.08111994713544846
v -0.03605597838759422 0.005886971019208431 -0.08160196989774704
v -0.03275400027632713 0.003949998877942562 -0.08111994713544846
v -0.03568093851208687 0.0015339850215241313 -0.08096896857023239
v -0.03241097182035446 0.003872989909723401 -0.08178894966840744
v -0.03241097182035446 0.003872989909723401 -0.08178894966840744
v -0.03568093851208687 0.0015339850215241313 -0.08096896857023239
v -0.03428398817777634 0.002396940952166915 -0.0816139504313469
v -0.039771970361471176 0.009999990463256836 -0.09926699846982956
v -0.039771970361471176 0.009999990463256836 -0.09073299169540405
v -0.039582960307598114 0.010956999845802784 -0.09924595803022385
v -0.039582960307598114 0.010956999845802784 -0.09924595803022385
v -0.039771970361471176 0.009999990463256836 -0.09073299169540405
v -0.03903495892882347 0.011775970458984375 -0.09081196039915085
v -0.039582960307598114 0.010956999845802784 -0.09924595803022385
v -0.03903495892882347 0.011775970458984375 -0.09081196039915085
v -0.03823696821928024 0.012309960089623928 -0.0991019606590271
v -0.037285979837179184 0.012499979697167873 -0.09099996089935303
v -0.03823696821928024 0.012309960089623928 -0.0991019606590271
v -0.03903495892882347 0.011775970458984375 -0.09081196039915085
v -0.03883295878767967 -0.01783394068479538 -0.1038770005106926
v -0.03910499066114426 -0.012953990139067173 -0.10341300070285797
v -0.0388069711625576 -0.0176729504019022 -0.10469499975442886
v -0.038920991122722626 -0.008638978004455566 -0.10055000334978104
v -0.039358969777822495 -0.008249998092651367 -0.10213399678468704
v -0.03910499066114426 -0.012953990139067173 -0.10341300070285797
v -0.03910499066114426 -0.012953990139067173 -0.10341300070285797
v -0.03883295878767967 -0.01783394068479538 -0.1038770005106926
v -0.038920991122722626 -0.008638978004455566 -0.10055000334978104
v -0.038920991122722626 -0.008638978004455566 -0.10055000334978104
v -0.03883295878767967 -0.01783394068479538 -0.1038770005106926
v -0.037633951753377914 -0.02003300003707409 -0.10268499702215195
v -0.038920991122722626 -0.008638978004455566 -0.10055000334978104
v -0.037633951753377914 -0.02003300003707409 -0.10268499702215195
v -0.0383719801902771 -0.007090984843671322 -0.09927599877119064
v -0.03833800181746483 -0.007336974143981934 -0.09056699275970459
v -0.039630938321352005 -0.005255997180938721 -0.08958195894956589
v -0.03917795047163963 -0.006251989863812923 -0.09067398309707642
v -0.03539394959807396 -0.005665956996381283 -0.0974929928779602
v -0.03877896070480347 -0.004957973025739193 -0.0961499810218811
v -0.0383719801902771 -0.007090984843671322 -0.09927599877119064
v -0.03867398947477341 -0.005424975883215666 -0.09258799999952316
v -0.03917795047163963 -0.006251989863812923 -0.09067398309707642
v -0.03950697183609009 -0.004425941966474056 -0.09629695862531662
v -0.03877896070480347 -0.004957973025739193 -0.0961499810218811
v -0.03950697183609009 -0.004425941966474056 -0.09629695862531662
v -0.0383719801902771 -0.007090984843671322 -0.09927599877119064
v -0.038920991122722626 -0.008638978004455566 -0.10055000334978104
v -0.0383719801902771 -0.007090984843671322 -0.09927599877119064
v -0.039358969777822495 -0.008249998092651367 -0.10213399678468704
v -0.039358969777822495 -0.008249998092651367 -0.10213399678468704
v -0.0383719801902771 -0.007090984843671322 -0.09927599877119064
v -0.03950697183609009 -0.004425941966474056 -0.09629695862531662
v -0.039358969777822495 -0.008249998092651367 -0.10213399678468704
v -0.03950697183609009 -0.004425941966474056 -0.09629695862531662
v -0.03996998071670532 -0.003153979079797864 -0.0965379998087883
v -0.03996998071670532 -0.003153979079797864 -0.0965379998087883
v -0.03950697183609009 -0.004425941966474056 -0.09629695862531662
v -0.03998297080397606 -0.003089963924139738 -0.09382200241088867
v -0.03998297080397606 -0.003089963924139738 -0.09382200241088867
v -0.03950697183609009 -0.004425941966474056 -0.09629695862531662
v -0.03917795047163963 -0.006251989863812923 -0.09067398309707642
v -0.03998297080397606 -0.003089963924139738 -0.09382200241088867
v -0.03917795047163963 -0.006251989863812923 -0.09067398309707642
v -0.039630938321352005 -0.005255997180938721 -0.08958195894956589
v -0.03917795047163963 -0.006251989863812923 -0.09067398309707642
v -0.03867398947477341 -0.005424975883215666 -0.09258799999952316
v -0.03833800181746483 -0.007336974143981934 -0.09056699275970459
v -0.03911298140883446 -0.013159990310668945 -0.08732998371124268
v -0.03880995139479637 -0.01762497052550316 -0.08531796187162399
v -0.039358969777822495 -0.008249998092651367 -0.08786600083112717
v -0.03880995139479637 -0.01762497052550316 -0.08531796187162399
v -0.03911298140883446 -0.013159990310668945 -0.08732998371124268
v -0.03876698017120361 -0.020367980003356934 -0.0858449935913086
v -0.03876698017120361 -0.020367980003356934 -0.0858449935913086
v -0.03911298140883446 -0.013159990310668945 -0.08732998371124268
v -0.03843795880675316 -0.018028970807790756 -0.08697497099637985
v -0.039358969777822495 -0.008249998092651367 -0.08786600083112717
v -0.039630938321352005 -0.005255997180938721 -0.08958195894956589
v -0.03911298140883446 -0.013159990310668945 -0.08732998371124268
v -0.03911298140883446 -0.013159990310668945 -0.08732998371124268
v -0.039630938321352005 -0.005255997180938721 -0.08958195894956589
v -0.03833800181746483 -0.007336974143981934 -0.09056699275970459
v -0.03911298140883446 -0.013159990310668945 -0.08732998371124268
v -0.03833800181746483 -0.007336974143981934 -0.09056699275970459
v -0.03843795880675316 -0.018028970807790756 -0.08697497099637985
v -0.03843795880675316 -0.018028970807790756 -0.08697497099637985
v -0.03833800181746483 -0.007336974143981934 -0.09056699275970459
v -0.03763597831130028 -0.020316949114203453 -0.08732098340988159
v -0.03880995139479637 -0.01762497052550316 -0.08531796187162399
v -0.03876698017120361 -0.020367980003356934 -0.0858449935913086
v -0.038859959691762924 -0.02301800064742565 -0.0855180025100708
v -0.03780496120452881 -0.022832980379462242 -0.10214400291442871
v -0.03854994848370552 -0.022997969761490822 -0.10272499918937683
v -0.03820598125457764 -0.02522294968366623 -0.1006380021572113
v -0.0388069711625576 -0.0176729504019022 -0.10469499975442886
v -0.03918898105621338 -0.025682980194687843 -0.10301399976015091
v -0.03854994848370552 -0.022997969761490822 -0.10272499918937683
v -0.03854994848370552 -0.022997969761490822 -0.10272499918937683
v -0.03918898105621338 -0.025682980194687843 -0.10301399976015091
v -0.03820598125457764 -0.02522294968366623 -0.1006380021572113
v -0.03780496120452881 -0.022832980379462242 -0.10214400291442871
v -0.037633951753377914 -0.02003300003707409 -0.10268499702215195
v -0.03883295878767967 -0.01783394068479538 -0.1038770005106926
v -0.03780496120452881 -0.022832980379462242 -0.10214400291442871
v -0.03883295878767967 -0.01783394068479538 -0.1038770005106926
v -0.03854994848370552 -0.022997969761490822 -0.10272499918937683
v -0.03854994848370552 -0.022997969761490822 -0.10272499918937683
v -0.03883295878767967 -0.01783394068479538 -0.1038770005106926
v -0.0388069711625576 -0.0176729504019022 -0.10469499975442886
v -0.03798197954893112 -0.02744399942457676 -0.09591799229383469
v -0.038601990789175034 -0.026849979534745216 -0.09848599880933762
v -0.03958696126937866 -0.028277989476919174 -0.0946449562907219
v -0.03798197954893112 -0.02744399942457676 -0.09591799229383469
v -0.03958696126937866 -0.028277989476919174 -0.0946449562907219
v -0.03878097981214523 -0.027482980862259865 -0.09324698895215988
v -0.03878097981214523 -0.027482980862259865 -0.09324698895215988
v -0.03958696126937866 -0.028277989476919174 -0.0946449562907219
v -0.03935997933149338 -0.02631795033812523 -0.08835899084806442
v -0.038601990789175034 -0.026849979534745216 -0.09848599880933762
v -0.03820598125457764 -0.02522294968366623 -0.1006380021572113
v -0.03918898105621338 -0.025682980194687843 -0.10301399976015091
v -0.038601990789175034 -0.026849979534745216 -0.09848599880933762
v -0.03918898105621338 -0.025682980194687843 -0.10301399976015091
v -0.039999961853027344 -0.02949994057416916 -0.0950699970126152
v -0.038601990789175034 -0.026849979534745216 -0.09848599880933762
v -0.039999961853027344 -0.02949994057416916 -0.0950699970126152
v -0.03958696126937866 -0.028277989476919174 -0.0946449562907219
v -0.03958696126937866 -0.028277989476919174 -0.0946449562907219
v -0.039999961853027344 -0.02949994057416916 -0.0950699970126152
v -0.03935997933149338 -0.02631795033812523 -0.08835899084806442
v -0.03935997933149338 -0.02631795033812523 -0.08835899084806442
v -0.038859959691762924 -0.02301800064742565 -0.0855180025100708
v -0.03857295960187912 -0.023198960348963737 -0.08735597133636475
v -0.03935997933149338 -0.02631795033812523 -0.08835899084806442
v -0.03857295960187912 -0.023198960348963737 -0.08735597133636475
v -0.03845994919538498 -0.026308950036764145 -0.09060996025800705
v -0.038019001483917236 -0.02426695078611374 -0.08860795944929123
v -0.03857295960187912 -0.023198960348963737 -0.08735597133636475
v -0.03763597831130028 -0.020316949114203453 -0.08732098340988159
v -0.038859959691762924 -0.02301800064742565 -0.0855180025100708
v -0.03876698017120361 -0.020367980003356934 -0.0858449935913086
v -0.03857295960187912 -0.023198960348963737 -0.08735597133636475
v -0.03843795880675316 -0.018028970807790756 -0.08697497099637985
v -0.03763597831130028 -0.020316949114203453 -0.08732098340988159
v -0.03876698017120361 -0.020367980003356934 -0.0858449935913086
v -0.03876698017120361 -0.020367980003356934 -0.0858449935913086
v -0.03763597831130028 -0.020316949114203453 -0.08732098340988159
v -0.03857295960187912 -0.023198960348963737 -0.08735597133636475
v -0.03857295960187912 -0.023198960348963737 -0.08735597133636475
v -0.038019001483917236 -0.02426695078611374 -0.08860795944929123
v -0.03845994919538498 -0.026308950036764145 -0.09060996025800705
v -0.03935997933149338 -0.02631795033812523 -0.08835899084806442
v -0.03845994919538498 -0.026308950036764145 -0.09060996025800705
v -0.03878097981214523 -0.027482980862259865 -0.09324698895215988
v -0.03440498933196068 -0.02047096937894821 -0.10252100229263306
v -0.0346449613571167 -0.018124990165233612 -0.1022619977593422
v -0.037633951753377914 -0.02003300003707409 -0.10268499702215195
v -0.03440498933196068 -0.02047096937894821 -0.10252100229263306
v -0.037633951753377914 -0.02003300003707409 -0.10268499702215195
v -0.03780496120452881 -0.022832980379462242 -0.10214400291442871
v -0.03440498933196068 -0.02047096937894821 -0.10252100229263306
v -0.03780496120452881 -0.022832980379462242 -0.10214400291442871
v -0.03455495089292526 -0.023079989477992058 -0.10187699645757675
v -0.03455495089292526 -0.023079989477992058 -0.10187699645757675
v -0.03780496120452881 -0.022832980379462242 -0.10214400291442871
v -0.03820598125457764 -0.02522294968366623 -0.1006380021572113
v -0.038601990789175034 -0.026849979534745216 -0.09848599880933762
v -0.03488795831799507 -0.027167970314621925 -0.09812294691801071
v -0.03820598125457764 -0.02522294968366623 -0.1006380021572113
v -0.03820598125457764 -0.02522294968366623 -0.1006380021572113
v -0.03488795831799507 -0.027167970314621925 -0.09812294691801071
v -0.03455495089292526 -0.023079989477992058 -0.10187699645757675
v -0.03878097981214523 -0.027482980862259865 -0.09324698895215988
v -0.03845994919538498 -0.026308950036764145 -0.09060996025800705
v -0.035486988723278046 -0.027445970103144646 -0.09410195797681808
v -0.035486988723278046 -0.027445970103144646 -0.09410195797681808
v -0.03845994919538498 -0.026308950036764145 -0.09060996025800705
v -0.03489898890256882 -0.027529949322342873 -0.0923379585146904
v -0.03878097981214523 -0.027482980862259865 -0.09324698895215988
v -0.035486988723278046 -0.027445970103144646 -0.09410195797681808
v -0.03798197954893112 -0.02744399942457676 -0.09591799229383469
v -0.03798197954893112 -0.02744399942457676 -0.09591799229383469
v -0.035486988723278046 -0.027445970103144646 -0.09410195797681808
v -0.03488795831799507 -0.027167970314621925 -0.09812294691801071
v -0.03798197954893112 -0.02744399942457676 -0.09591799229383469
v -0.03488795831799507 -0.027167970314621925 -0.09812294691801071
v -0.038601990789175034 -0.026849979534745216 -0.09848599880933762
v -0.03489898890256882 -0.027529949322342873 -0.0923379585146904
v -0.03845994919538498 -0.026308950036764145 -0.09060996025800705
v -0.038019001483917236 -0.02426695078611374 -0.08860795944929123
v -0.03489898890256882 -0.027529949322342873 -0.0923379585146904
v -0.038019001483917236 -0.02426695078611374 -0.08860795944929123
v -0.03460896015167236 -0.02584999054670334 -0.0897819921374321
v -0.03460896015167236 -0.02584999054670334 -0.0897819921374321
v -0.038019001483917236 -0.02426695078611374 -0.08860795944929123
v -0.034530989825725555 -0.022826960310339928 -0.08801496028900146
v -0.03763597831130028 -0.020316949114203453 -0.08732098340988159
v -0.0346449613571167 -0.018124990165233612 -0.08773797005414963
v -0.034530989825725555 -0.022826960310339928 -0.08801496028900146
v -0.03763597831130028 -0.020316949114203453 -0.08732098340988159
v -0.034530989825725555 -0.022826960310339928 -0.08801496028900146
v -0.038019001483917236 -0.02426695078611374 -0.08860795944929123
v -0.03460896015167236 -0.02584999054670334 -0.0897819921374321
v -0.03458397835493088 -0.02584999054670334 -0.08961998671293259
v -0.03455096110701561 -0.02614998072385788 -0.08941196650266647
v -0.03460896015167236 -0.02584999054670334 -0.0897819921374321
v -0.03455096110701561 -0.02614998072385788 -0.08941196650266647
v -0.03489898890256882 -0.027529949322342873 -0.0923379585146904
v -0.034530989825725555 -0.022826960310339928 -0.08801496028900146
v -0.0346449613571167 -0.018124990165233612 -0.08773797005414963
v -0.03417598828673363 -0.0176499392837286 -0.0874519869685173
v -0.03499995917081833 -0.027999989688396454 -0.09499894827604294
v -0.035486988723278046 -0.027445970103144646 -0.09410195797681808
v -0.03489898890256882 -0.027529949322342873 -0.0923379585146904
v -0.03417598828673363 -0.0176499392837286 -0.10254800319671631
v -0.0346449613571167 -0.018124990165233612 -0.1022619977593422
v -0.03440498933196068 -0.02047096937894821 -0.10252100229263306
v -0.03426897153258324 -0.02344994992017746 -0.10211700201034546
v -0.03440498933196068 -0.02047096937894821 -0.10252100229263306
v -0.03455495089292526 -0.023079989477992058 -0.10187699645757675
v -0.03426897153258324 -0.02344994992017746 -0.10211700201034546
v -0.03455495089292526 -0.023079989477992058 -0.10187699645757675
v -0.03458397835493088 -0.02584999054670334 -0.10038000345230103
v -0.03458397835493088 -0.02584999054670334 -0.10038000345230103
v -0.03455495089292526 -0.023079989477992058 -0.10187699645757675
v -0.03488795831799507 -0.027167970314621925 -0.09812294691801071
v -0.03499995917081833 -0.027999989688396454 -0.09499894827604294
v -0.03488795831799507 -0.027167970314621925 -0.09812294691801071
v -0.035486988723278046 -0.027445970103144646 -0.09410195797681808
v -0.0346449613571167 -0.018124990165233612 -0.08773797005414963
v -0.03763597831130028 -0.020316949114203453 -0.08732098340988159
v -0.03509794920682907 -0.00874996092170477 -0.09015899151563644
v -0.03509794920682907 -0.00874996092170477 -0.09015899151563644
v -0.03763597831130028 -0.020316949114203453 -0.08732098340988159
v -0.03833800181746483 -0.007336974143981934 -0.09056699275970459
v -0.03509794920682907 -0.00874996092170477 -0.09015899151563644
v -0.03833800181746483 -0.007336974143981934 -0.09056699275970459
v -0.034743960946798325 -0.006554961204528809 -0.09077297896146774
v -0.034743960946798325 -0.006554961204528809 -0.09077297896146774
v -0.03833800181746483 -0.007336974143981934 -0.09056699275970459
v -0.03867398947477341 -0.005424975883215666 -0.09258799999952316
v -0.034743960946798325 -0.006554961204528809 -0.09077297896146774
v -0.03867398947477341 -0.005424975883215666 -0.09258799999952316
v -0.03529595956206322 -0.005077958106994629 -0.09393799304962158
v -0.03529595956206322 -0.005077958106994629 -0.09393799304962158
v -0.03867398947477341 -0.005424975883215666 -0.09258799999952316
v -0.03950697183609009 -0.004425941966474056 -0.09629695862531662
v -0.03529595956206322 -0.005077958106994629 -0.09393799304962158
v -0.03950697183609009 -0.004425941966474056 -0.09629695862531662
v -0.03877896070480347 -0.004957973025739193 -0.0961499810218811
v -0.03529595956206322 -0.005077958106994629 -0.09393799304962158
v -0.03877896070480347 -0.004957973025739193 -0.0961499810218811
v -0.03539394959807396 -0.005665956996381283 -0.0974929928779602
v -0.0383719801902771 -0.007090984843671322 -0.09927599877119064
v -0.03511499986052513 -0.008398950099945068 -0.09973698109388351
v -0.034763991832733154 -0.006347000133246183 -0.09905397146940231
v -0.0383719801902771 -0.007090984843671322 -0.09927599877119064
v -0.034763991832733154 -0.006347000133246183 -0.09905397146940231
v -0.03539394959807396 -0.005665956996381283 -0.0974929928779602
v -0.03511499986052513 -0.008398950099945068 -0.09973698109388351
v -0.0383719801902771 -0.007090984843671322 -0.09927599877119064
v -0.0346449613571167 -0.018124990165233612 -0.1022619977593422
v -0.0346449613571167 -0.018124990165233612 -0.1022619977593422
v -0.0383719801902771 -0.007090984843671322 -0.09927599877119064
v -0.037633951753377914 -0.02003300003707409 -0.10268499702215195
v -0.03391497954726219 -0.019999980926513672 -0.07506494969129562
v -0.03425198048353195 -0.018006980419158936 -0.07660096138715744
v -0.032902948558330536 -0.018140969797968864 -0.07732795923948288
v -0.032902948558330536 -0.018140969797968864 -0.07732795923948288
v -0.032145969569683075 -0.020799990743398666 -0.07663196325302124
v -0.03391497954726219 -0.019999980926513672 -0.07506494969129562
v -0.03391497954726219 -0.019999980926513672 -0.07506494969129562
v -0.03386598080396652 -0.021556969732046127 -0.07371395081281662
v -0.0344499908387661 -0.01769196055829525 -0.07488899677991867
v -0.034859951585531235 -0.017450980842113495 -0.07879900187253952
v -0.03425198048353195 -0.018006980419158936 -0.07660096138715744
v -0.03585898131132126 -0.01557897962629795 -0.07727497071027756
v -0.032902948558330536 -0.018140969797968864 -0.07732795923948288
v -0.03425198048353195 -0.018006980419158936 -0.07660096138715744
v -0.034859951585531235 -0.017450980842113495 -0.07879900187253952
v -0.03585898131132126 -0.01557897962629795 -0.07727497071027756
v -0.03425198048353195 -0.018006980419158936 -0.07660096138715744
v -0.0344499908387661 -0.01769196055829525 -0.07488899677991867
v -0.03391497954726219 -0.019999980926513672 -0.07506494969129562
v -0.0344499908387661 -0.01769196055829525 -0.07488899677991867
v -0.03425198048353195 -0.018006980419158936 -0.07660096138715744
v -0.034859951585531235 -0.017450980842113495 -0.07879900187253952
v -0.03585898131132126 -0.01557897962629795 -0.07727497071027756
v -0.03604995831847191 -0.017912980169057846 -0.08047199249267578
v -0.03604995831847191 -0.017912980169057846 -0.08047199249267578
v -0.03585898131132126 -0.01557897962629795 -0.07727497071027756
v -0.037678949534893036 -0.016880979761481285 -0.08157198876142502
v -0.03714096173644066 -0.019599970430135727 -0.08170396089553833
v -0.03604995831847191 -0.017912980169057846 -0.08047199249267578
v -0.0381239615380764 -0.019999980926513672 -0.08289498090744019
v -0.0381239615380764 -0.019999980926513672 -0.08289498090744019
v -0.03604995831847191 -0.017912980169057846 -0.08047199249267578
v -0.037678949534893036 -0.016880979761481285 -0.08157198876142502
v -0.03744899854063988 -0.023639969527721405 -0.08094298094511032
v -0.03714096173644066 -0.019599970430135727 -0.08170396089553833
v -0.0381239615380764 -0.019999980926513672 -0.08289498090744019
v -0.03744899854063988 -0.023639969527721405 -0.08094298094511032
v -0.03607099875807762 -0.021093960851430893 -0.081247977912426
v -0.03714096173644066 -0.019599970430135727 -0.08170396089553833
v -0.03397798165678978 -0.02199595980346203 -0.07709299772977829
v -0.03391497954726219 -0.019999980926513672 -0.07506494969129562
v -0.032145969569683075 -0.020799990743398666 -0.07663196325302124
v -0.035297978669404984 -0.024089990183711052 -0.07618296146392822
v -0.03397798165678978 -0.02199595980346203 -0.07709299772977829
v -0.03595298156142235 -0.022704949602484703 -0.07952100038528442
v -0.03595298156142235 -0.022704949602484703 -0.07952100038528442
v -0.03607099875807762 -0.021093960851430893 -0.081247977912426
v -0.03744899854063988 -0.023639969527721405 -0.08094298094511032
v -0.035297978669404984 -0.024089990183711052 -0.07618296146392822
v -0.03391497954726219 -0.019999980926513672 -0.07506494969129562
v -0.03397798165678978 -0.02199595980346203 -0.07709299772977829
v -0.03595298156142235 -0.022704949602484703 -0.07952100038528442
v -0.03744899854063988 -0.023639969527721405 -0.08094298094511032
v -0.035297978669404984 -0.024089990183711052 -0.07618296146392822
v -0.03386598080396652 -0.021556969732046127 -0.07371395081281662
v -0.03391497954726219 -0.019999980926513672 -0.07506494969129562
v -0.035297978669404984 -0.024089990183711052 -0.07618296146392822
v -0.03252797946333885 -0.02162097953259945 -0.08096896857023239
v -0.03714096173644066 -0.019599970430135727 -0.08170396089553833
v -0.03607099875807762 -0.021093960851430893 -0.081247977912426
v -0.03252797946333885 -0.02162097953259945 -0.08096896857023239
v -0.03607099875807762 -0.021093960851430893 -0.081247977912426
v -0.03595298156142235 -0.022704949602484703 -0.07952100038528442
v -0.03595298156142235 -0.022704949602484703 -0.07952100038528442
v -0.031117970123887062 -0.02240598015487194 -0.07827895134687424
v -0.03252797946333885 -0.02162097953259945 -0.08096896857023239
v -0.03595298156142235 -0.022704949602484703 -0.07952100038528442
v -0.03397798165678978 -0.02199595980346203 -0.07709299772977829
v -0.031117970123887062 -0.02240598015487194 -0.07827895134687424
v -0.032145969569683075 -0.020799990743398666 -0.07663196325302124
v -0.03020000085234642 -0.02228599041700363 -0.07730895280838013
v -0.03397798165678978 -0.02199595980346203 -0.07709299772977829
v -0.03397798165678978 -0.02199595980346203 -0.07709299772977829
v -0.03020000085234642 -0.02228599041700363 -0.07730895280838013
v -0.031117970123887062 -0.02240598015487194 -0.07827895134687424
v -0.03020000085234642 -0.02228599041700363 -0.07730895280838013
v -0.032145969569683075 -0.020799990743398666 -0.07663196325302124
v -0.02976994961500168 -0.019999980926513672 -0.07644999027252197
v -0.03102797083556652 -0.022969959303736687 -0.07880598306655884
v -0.031117970123887062 -0.02240598015487194 -0.07827895134687424
v -0.03020000085234642 -0.02228599041700363 -0.07730895280838013
v -0.03102797083556652 -0.022969959303736687 -0.07880598306655884
v -0.03252797946333885 -0.02162097953259945 -0.08096896857023239
v -0.031117970123887062 -0.02240598015487194 -0.07827895134687424
v -0.03102797083556652 -0.022969959303736687 -0.07880598306655884
v -0.032276980578899384 -0.021958939731121063 -0.0814659520983696
v -0.03252797946333885 -0.02162097953259945 -0.08096896857023239
v -0.02976994961500168 -0.019999980926513672 -0.07644999027252197
v -0.032145969569683075 -0.020799990743398666 -0.07663196325302124
v -0.032902948558330536 -0.018140969797968864 -0.07732795923948288
v -0.02976994961500168 -0.019999980926513672 -0.07644999027252197
v -0.032902948558330536 -0.018140969797968864 -0.07732795923948288
v -0.03024500049650669 -0.0176499392837286 -0.07738696783781052
v -0.03024500049650669 -0.0176499392837286 -0.07738696783781052
v -0.032902948558330536 -0.018140969797968864 -0.07732795923948288
v -0.034859951585531235 -0.017450980842113495 -0.07879900187253952
v -0.032107941806316376 -0.01760398969054222 -0.07971400022506714
v -0.034859951585531235 -0.017450980842113495 -0.07879900187253952
v -0.03604995831847191 -0.017912980169057846 -0.08047199249267578
v -0.03024500049650669 -0.0176499392837286 -0.07738696783781052
v -0.034859951585531235 -0.017450980842113495 -0.07879900187253952
v -0.032107941806316376 -0.01760398969054222 -0.07971400022506714
v -0.03604995831847191 -0.017912980169057846 -0.08047199249267578
v -0.03266298025846481 -0.018774980679154396 -0.08123695105314255
v -0.032107941806316376 -0.01760398969054222 -0.07971400022506714
v -0.03714096173644066 -0.019599970430135727 -0.08170396089553833
v -0.03252797946333885 -0.02162097953259945 -0.08096896857023239
v -0.03266298025846481 -0.018774980679154396 -0.08123695105314255
v -0.03604995831847191 -0.017912980169057846 -0.08047199249267578
v -0.03714096173644066 -0.019599970430135727 -0.08170396089553833
v -0.03266298025846481 -0.018774980679154396 -0.08123695105314255
v -0.037328001111745834 -0.018044939264655113 -0.10862100124359131
v -0.03714096173644066 -0.02039998024702072 -0.1082959994673729
v -0.0381239615380764 -0.019999980926513672 -0.10710500180721283
v -0.03714096173644066 -0.02039998024702072 -0.1082959994673729
v -0.037328001111745834 -0.018044939264655113 -0.10862100124359131
v -0.036021940410137177 -0.017881980165839195 -0.10957399755716324
v -0.0381239615380764 -0.019999980926513672 -0.10710500180721283
v -0.03711700066924095 -0.015890950337052345 -0.10990999639034271
v -0.037328001111745834 -0.018044939264655113 -0.10862100124359131
v -0.03711700066924095 -0.015890950337052345 -0.10990999639034271
v -0.03397798165678978 -0.018004000186920166 -0.11290699988603592
v -0.037328001111745834 -0.018044939264655113 -0.10862100124359131
v -0.03535699099302292 -0.015862999483942986 -0.11370500177145004
v -0.03386598080396652 -0.018442979082465172 -0.11628600209951401
v -0.03456300124526024 -0.017728980630636215 -0.11448799818754196
v -0.03386598080396652 -0.018442979082465172 -0.11628600209951401
v -0.03391497954726219 -0.019999980926513672 -0.114935003221035
v -0.03456300124526024 -0.017728980630636215 -0.11448799818754196
v -0.03535699099302292 -0.015862999483942986 -0.11370500177145004
v -0.03456300124526024 -0.017728980630636215 -0.11448799818754196
v -0.03711700066924095 -0.015890950337052345 -0.10990999639034271
v -0.03391497954726219 -0.019999980926513672 -0.114935003221035
v -0.03386598080396652 -0.018442979082465172 -0.11628600209951401
v -0.03380094841122627 -0.021258950233459473 -0.11638999730348587
v -0.03543895110487938 -0.024196980521082878 -0.11354999989271164
v -0.037678949534893036 -0.023118970915675163 -0.1084280014038086
v -0.034859951585531235 -0.022548969835042953 -0.11120100319385529
v -0.03543895110487938 -0.024196980521082878 -0.11354999989271164
v -0.034859951585531235 -0.022548969835042953 -0.11120100319385529
v -0.03425198048353195 -0.02199297957122326 -0.11339899897575378
v -0.03543895110487938 -0.024196980521082878 -0.11354999989271164
v -0.03425198048353195 -0.02199297957122326 -0.11339899897575378
v -0.03380094841122627 -0.021258950233459473 -0.11638999730348587
v -0.03391497954726219 -0.019999980926513672 -0.114935003221035
v -0.03380094841122627 -0.021258950233459473 -0.11638999730348587
v -0.03425198048353195 -0.02199297957122326 -0.11339899897575378
v -0.03604995831847191 -0.022086970508098602 -0.10952799767255783
v -0.034859951585531235 -0.022548969835042953 -0.11120100319385529
v -0.037678949534893036 -0.023118970915675163 -0.1084280014038086
v -0.03714096173644066 -0.02039998024702072 -0.1082959994673729
v -0.03604995831847191 -0.022086970508098602 -0.10952799767255783
v -0.0381239615380764 -0.019999980926513672 -0.10710500180721283
v -0.0381239615380764 -0.019999980926513672 -0.10710500180721283
v -0.03604995831847191 -0.022086970508098602 -0.10952799767255783
v -0.037678949534893036 -0.023118970915675163 -0.1084280014038086
v -0.032561950385570526 -0.01803796924650669 -0.10944999754428864
v -0.031117970123887062 -0.017593970522284508 -0.11172100156545639
v -0.030855000019073486 -0.016499990597367287 -0.11152199655771255
v -0.030855000019073486 -0.016499990597367287 -0.11152199655771255
v -0.031117970123887062 -0.017593970522284508 -0.11172100156545639
v -0.03024500049650669 -0.0176499392837286 -0.1126129999756813
v -0.030855000019073486 -0.016499990597367287 -0.11152199655771255
v -0.032105978578329086 -0.0176499392837286 -0.10893599689006805
v -0.032561950385570526 -0.01803796924650669 -0.10944999754428864
v -0.036021940410137177 -0.017881980165839195 -0.10957399755716324
v -0.032561950385570526 -0.01803796924650669 -0.10944999754428864
v -0.03714096173644066 -0.02039998024702072 -0.1082959994673729
v -0.03714096173644066 -0.02039998024702072 -0.1082959994673729
v -0.032561950385570526 -0.01803796924650669 -0.10944999754428864
v -0.0328899584710598 -0.021187959238886833 -0.10880099982023239
v -0.011433949694037437 -0.0350639782845974 -0.0634719729423523
v -0.0120619498193264 -0.03299998864531517 -0.06301999092102051
v -0.012849980033934116 -0.03525995835661888 -0.0632239505648613
v -0.012849980033934116 -0.03525995835661888 -0.0632239505648613
v -0.0120619498193264 -0.03299998864531517 -0.06301999092102051
v -0.014151990413665771 -0.03249996155500412 -0.06298898905515671
v -0.0120619498193264 -0.03299998864531517 -0.06301999092102051
v -0.011433949694037437 -0.0350639782845974 -0.0634719729423523
v -0.011141950264573097 -0.03299998864531517 -0.0637739822268486
v -0.010278989560902119 -0.03549997881054878 -0.06580799072980881
v -0.011141950264573097 -0.03299998864531517 -0.0637739822268486
v -0.011433949694037437 -0.0350639782845974 -0.0634719729423523
v -0.011141950264573097 -0.03299998864531517 -0.0637739822268486
v -0.010278989560902119 -0.03549997881054878 -0.06580799072980881
v -0.009281991980969906 -0.03299998864531517 -0.06638199090957642
v -0.009281991980969906 -0.03299998864531517 -0.06638199090957642
v -0.010278989560902119 -0.03549997881054878 -0.06580799072980881
v -0.008183956146240234 -0.03549997881054878 -0.06672196835279465
v -0.009281991980969906 -0.03299998864531517 -0.06638199090957642
v -0.008183956146240234 -0.03549997881054878 -0.06672196835279465
v -0.007113993167877197 -0.03299998864531517 -0.06630098074674606
v -0.007113993167877197 -0.03299998864531517 -0.06630098074674606
v -0.008183956146240234 -0.03549997881054878 -0.06672196835279465
v -0.006162940990179777 -0.03549997881054878 -0.06565499305725098
v -0.007113993167877197 -0.03299998864531517 -0.06630098074674606
v -0.006162940990179777 -0.03549997881054878 -0.06565499305725098
v -0.005825995933264494 -0.03299998864531517 -0.06455498188734055
v -0.005825995933264494 -0.03299998864531517 -0.06455498188734055
v -0.006162940990179777 -0.03549997881054878 -0.06565499305725098
v -0.005960940849035978 -0.03299998864531517 -0.06236594170331955
v -0.005960940849035978 -0.03299998864531517 -0.06236594170331955
v -0.006162940990179777 -0.03549997881054878 -0.06565499305725098
v -0.005756974220275879 -0.03552895039319992 -0.06228296831250191
v 0.0023789999540895224 -0.03423798084259033 -0.06019299849867821
v -0.004270969890058041 -0.03435897082090378 -0.060414958745241165
v -0.004981994163244963 -0.035793960094451904 -0.06187897175550461
v 0.0023789999540895224 -0.03423798084259033 -0.06019299849867821
v -0.004981994163244963 -0.035793960094451904 -0.06187897175550461
v 0.0022749900817871094 -0.03584498167037964 -0.061711959540843964
v 0.0022749900817871094 -0.03584498167037964 -0.061711959540843964
v 0.003878951072692871 -0.035220980644226074 -0.061852991580963135
v 0.0023789999540895224 -0.03423798084259033 -0.06019299849867821
v 0.0023789999540895224 -0.03423798084259033 -0.06019299849867821
v 0.003878951072692871 -0.035220980644226074 -0.061852991580963135
v 0.004337965976446867 -0.03294998034834862 -0.06138496845960617
v 0.024037949740886688 -0.03584498167037964 -0.0718599483370781
v 0.022951960563659668 -0.0342409610748291 -0.0701180100440979
v 0.018471000716090202 -0.03445696085691452 -0.07255499809980392
v 0.022951960563659668 -0.0342409610748291 -0.0701180100440979
v 0.01850700005888939 -0.03273797035217285 -0.07266794890165329
v 0.018471000716090202 -0.03445696085691452 -0.07255499809980392
v 0.018471000716090202 -0.03445696085691452 -0.07255499809980392
v 0.014546990394592285 -0.033008988946676254 -0.07288998365402222
v 0.014503000304102898 -0.035267941653728485 -0.07358299940824509
v 0.014503000304102898 -0.035267941653728485 -0.07358299940824509
v 0.014546990394592285 -0.033008988946676254 -0.07288998365402222
v 0.010695990175008774 -0.03445696085691452 -0.0720619484782219
v 0.010695990175008774 -0.03445696085691452 -0.0720619484782219
v 0.014546990394592285 -0.033008988946676254 -0.07288998365402222
v 0.01056498009711504 -0.03269999846816063 -0.07234197109937668
v 0.010695990175008774 -0.03445696085691452 -0.0720619484782219
v 0.01056498009711504 -0.03269999846816063 -0.07234197109937668
v 0.007476984988898039 -0.03445696085691452 -0.06974899023771286
v 0.01056498009711504 -0.03269999846816063 -0.07234197109937668
v 0.007251976989209652 -0.03269999846816063 -0.06996297091245651
v 0.007476984988898039 -0.03445696085691452 -0.06974899023771286
v 0.007476984988898039 -0.03445696085691452 -0.06974899023771286
v 0.007251976989209652 -0.03269999846816063 -0.06996297091245651
v 0.005320965778082609 -0.03445696085691452 -0.06642299145460129
v 0.005461989901959896 -0.033008988946676254 -0.06636500358581543
v 0.004337965976446867 -0.03294998034834862 -0.06138496845960617
v 0.005320965778082609 -0.03445696085691452 -0.06642299145460129
v 0.005320965778082609 -0.03445696085691452 -0.06642299145460129
v 0.004337965976446867 -0.03294998034834862 -0.06138496845960617
v 0.003878951072692871 -0.035220980644226074 -0.061852991580963135
v 0.014503000304102898 -0.035267941653728485 -0.07358299940824509
v 0.010695990175008774 -0.03445696085691452 -0.0720619484782219
v 0.01012497954070568 -0.035809990018606186 -0.0732879564166069
v 0.01012497954070568 -0.035809990018606186 -0.0732879564166069
v 0.010695990175008774 -0.03445696085691452 -0.0720619484782219
v 0.007476984988898039 -0.03445696085691452 -0.06974899023771286
v 0.007476984988898039 -0.03445696085691452 -0.06974899023771286
v 0.005320965778082609 -0.03445696085691452 -0.06642299145460129
v 0.004068970214575529 -0.035809990018606186 -0.0669359490275383
v 0.004068970214575529 -0.035809990018606186 -0.0669359490275383
v 0.005320965778082609 -0.03445696085691452 -0.06642299145460129
v 0.003878951072692871 -0.035220980644226074 -0.061852991580963135
v 0.024037949740886688 -0.03584498167037964 -0.0718599483370781
v 0.018471000716090202 -0.03445696085691452 -0.07255499809980392
v 0.02237498015165329 -0.03593295067548752 -0.07405096292495728
v 0.02237498015165329 -0.03593295067548752 -0.07405096292495728
v 0.018471000716090202 -0.03445696085691452 -0.07255499809980392
v 0.014503000304102898 -0.035267941653728485 -0.07358299940824509
v 0.01012497954070568 -0.035809990018606186 -0.0732879564166069
v 0.007476984988898039 -0.03445696085691452 -0.06974899023771286
v 0.003182946937158704 -0.035999950021505356 -0.06729798763990402
v 0.003182946937158704 -0.035999950021505356 -0.06729798763990402
v 0.007476984988898039 -0.03445696085691452 -0.06974899023771286
v 0.004068970214575529 -0.035809990018606186 -0.0669359490275383
v 0.004068970214575529 -0.035809990018606186 -0.0669359490275383
v 0.003878951072692871 -0.035220980644226074 -0.061852991580963135
v 0.0022749900817871094 -0.03584498167037964 -0.061711959540843964
v 0.02237498015165329 -0.03593295067548752 -0.07405096292495728
v 0.014503000304102898 -0.035267941653728485 -0.07358299940824509
v 0.009719966910779476 -0.035999950021505356 -0.07415497303009033
v 0.009719966910779476 -0.035999950021505356 -0.07415497303009033
v 0.014503000304102898 -0.035267941653728485 -0.07358299940824509
v 0.01012497954070568 -0.035809990018606186 -0.0732879564166069
v 0.009719966910779476 -0.035999950021505356 -0.07415497303009033
v 0.01012497954070568 -0.035809990018606186 -0.0732879564166069
v 0.003182946937158704 -0.035999950021505356 -0.06729798763990402
v 0.003182946937158704 -0.035999950021505356 -0.06729798763990402
v 0.004068970214575529 -0.035809990018606186 -0.0669359490275383
v 0.0022749900817871094 -0.03584498167037964 -0.061711959540843964
v 0.02186094969511032 -0.033008988946676254 -0.07054995745420456
v 0.01850700005888939 -0.03273797035217285 -0.07266794890165329
v 0.022951960563659668 -0.0342409610748291 -0.0701180100440979
v 0.02186094969511032 -0.033008988946676254 -0.07054995745420456
v 0.022951960563659668 -0.0342409610748291 -0.0701180100440979
v 0.02439497970044613 -0.03269999846816063 -0.07060497254133224
v 0.025187959894537926 -0.033008988946676254 -0.07075297087430954
v 0.02439497970044613 -0.03269999846816063 -0.07060497254133224
v 0.0251039806753397 -0.03436499089002609 -0.07083398103713989
v 0.0251039806753397 -0.03436499089002609 -0.07083398103713989
v 0.022951960563659668 -0.0342409610748291 -0.0701180100440979
v 0.024037949740886688 -0.03584498167037964 -0.0718599483370781
v 0.022951960563659668 -0.0342409610748291 -0.0701180100440979
v 0.0251039806753397 -0.03436499089002609 -0.07083398103713989
v 0.02439497970044613 -0.03269999846816063 -0.07060497254133224
v 0.024037949740886688 -0.03584498167037964 -0.0718599483370781
v 0.024169979616999626 -0.03566199168562889 -0.07408695667982101
v 0.027401980012655258 -0.03584498167037964 -0.07596396654844284
v 0.024037949740886688 -0.03584498167037964 -0.0718599483370781
v 0.027401980012655258 -0.03584498167037964 -0.07596396654844284
v 0.0251039806753397 -0.03436499089002609 -0.07083398103713989
v 0.0251039806753397 -0.03436499089002609 -0.07083398103713989
v 0.027401980012655258 -0.03584498167037964 -0.07596396654844284
v 0.028617970645427704 -0.03436499089002609 -0.0751199722290039
v 0.0251039806753397 -0.03436499089002609 -0.07083398103713989
v 0.028617970645427704 -0.03436499089002609 -0.0751199722290039
v 0.028689980506896973 -0.03294998034834862 -0.07506995648145676
v 0.024169979616999626 -0.03566199168562889 -0.07408695667982101
v 0.025740979239344597 -0.035962991416454315 -0.0765649601817131
v 0.027401980012655258 -0.03584498167037964 -0.07596396654844284
v 0.027389999479055405 -0.03581397980451584 -0.11290500313043594
v 0.025344960391521454 -0.035999950021505356 -0.11231300234794617
v 0.02556896023452282 -0.03583997115492821 -0.11452099680900574
v 0.024590959772467613 -0.035999950021505356 -0.11624900251626968
v 0.027389999479055405 -0.03581397980451584 -0.11290500313043594
v 0.02556896023452282 -0.03583997115492821 -0.11452099680900574
v 0.027389999479055405 -0.03581397980451584 -0.11290500313043594
v 0.024590959772467613 -0.035999950021505356 -0.11624900251626968
v 0.028145959600806236 -0.035263948142528534 -0.11455299705266953
v 0.028145959600806236 -0.035263948142528534 -0.11455299705266953
v 0.024590959772467613 -0.035999950021505356 -0.11624900251626968
v 0.02513498067855835 -0.03423798084259033 -0.11919590085744858
v 0.02439497970044613 -0.03269999846816063 -0.11939500272274017
v 0.028333960101008415 -0.03269999846816063 -0.11468300223350525
v 0.02513498067855835 -0.03423798084259033 -0.11919590085744858
v 0.02513498067855835 -0.03423798084259033 -0.11919590085744858
v 0.028333960101008415 -0.03269999846816063 -0.11468300223350525
v 0.028145959600806236 -0.035263948142528534 -0.11455299705266953
v 0.02853797934949398 -0.03319995850324631 -0.11185690015554428
v 0.02897696942090988 -0.034266941249370575 -0.11287900060415268
v 0.028333960101008415 -0.03269999846816063 -0.11468300223350525
v 0.02897696942090988 -0.034266941249370575 -0.11287900060415268
v 0.028145959600806236 -0.035263948142528534 -0.11455299705266953
v 0.028333960101008415 -0.03269999846816063 -0.11468300223350525
v 0.028145959600806236 -0.035263948142528534 -0.11455299705266953
v 0.02897696942090988 -0.034266941249370575 -0.11287900060415268
v 0.027389999479055405 -0.03581397980451584 -0.11290500313043594
v 0.007565975189208984 -0.03294998034834862 -0.12033600360155106
v 0.01056498009711504 -0.03269999846816063 -0.11765799671411514
v 0.0106349503621459 -0.03474998101592064 -0.11780700087547302
v 0.014544960111379623 -0.03294998034834862 -0.11708100140094757
v 0.018412940204143524 -0.03319995850324631 -0.11762599647045135
v 0.015335969626903534 -0.03474998101592064 -0.11679299920797348
v 0.004701972007751465 -0.03566496819257736 -0.12237799912691116
v 0.0022159810177981853 -0.035999950021505356 -0.12742400169372559
v 0.0037419789005070925 -0.03504598140716553 -0.12866200506687164
v 0.021836990490555763 -0.03319995850324631 -0.11947900056838989
v 0.020011959597468376 -0.03474998101592064 -0.11791200190782547
v 0.018412940204143524 -0.03319995850324631 -0.11762599647045135
v 0.018412940204143524 -0.03319995850324631 -0.11762599647045135
v 0.020011959597468376 -0.03474998101592064 -0.11791200190782547
v 0.015335969626903534 -0.03474998101592064 -0.11679299920797348
v 0.014544960111379623 -0.03294998034834862 -0.11708100140094757
v 0.015335969626903534 -0.03474998101592064 -0.11679299920797348
v 0.0106349503621459 -0.03474998101592064 -0.11780700087547302
v 0.014544960111379623 -0.03294998034834862 -0.11708100140094757
v 0.0106349503621459 -0.03474998101592064 -0.11780700087547302
v 0.01056498009711504 -0.03269999846816063 -0.11765799671411514
v 0.0106349503621459 -0.03474998101592064 -0.11780700087547302
v 0.00552099896594882 -0.03474998101592064 -0.12278600037097931
v 0.007565975189208984 -0.03294998034834862 -0.12033600360155106
v 0.007565975189208984 -0.03294998034834862 -0.12033600360155106
v 0.00552099896594882 -0.03474998101592064 -0.12278600037097931
v 0.00549697782844305 -0.03319995850324631 -0.123649001121521
v 0.00549697782844305 -0.03319995850324631 -0.123649001121521
v 0.00552099896594882 -0.03474998101592064 -0.12278600037097931
v 0.0037419789005070925 -0.03504598140716553 -0.12866200506687164
v 0.021836990490555763 -0.03319995850324631 -0.11947900056838989
v 0.022930970415472984 -0.03443199023604393 -0.11980800330638885
v 0.020011959597468376 -0.03474998101592064 -0.11791200190782547
v 0.020011959597468376 -0.03474998101592064 -0.11791200190782547
v 0.022930970415472984 -0.03443199023604393 -0.11980800330638885
v 0.022625980898737907 -0.03566496819257736 -0.11850900202989578
v 0.004701972007751465 -0.03566496819257736 -0.12237799912691116
v 0.0037419789005070925 -0.03504598140716553 -0.12866200506687164
v 0.00552099896594882 -0.03474998101592064 -0.12278600037097931
v 0.004701972007751465 -0.03566496819257736 -0.12237799912691116
v 0.00552099896594882 -0.03474998101592064 -0.12278600037097931
v 0.008008955977857113 -0.03566496819257736 -0.1183449998497963
v 0.008008955977857113 -0.03566496819257736 -0.1183449998497963
v 0.00552099896594882 -0.03474998101592064 -0.12278600037097931
v 0.0106349503621459 -0.03474998101592064 -0.11780700087547302
v 0.008008955977857113 -0.03566496819257736 -0.1183449998497963
v 0.0106349503621459 -0.03474998101592064 -0.11780700087547302
v 0.012735960073769093 -0.03566496819257736 -0.11614199727773666
v 0.012735960073769093 -0.03566496819257736 -0.11614199727773666
v 0.0106349503621459 -0.03474998101592064 -0.11780700087547302
v 0.015335969626903534 -0.03474998101592064 -0.11679299920797348
v 0.012735960073769093 -0.03566496819257736 -0.11614199727773666
v 0.015335969626903534 -0.03474998101592064 -0.11679299920797348
v 0.017949990928173065 -0.03566496819257736 -0.11620000004768372
v 0.017949990928173065 -0.03566496819257736 -0.11620000004768372
v 0.015335969626903534 -0.03474998101592064 -0.11679299920797348
v 0.020011959597468376 -0.03474998101592064 -0.11791200190782547
v 0.017949990928173065 -0.03566496819257736 -0.11620000004768372
v 0.020011959597468376 -0.03474998101592064 -0.11791200190782547
v 0.022625980898737907 -0.03566496819257736 -0.11850900202989578
v 0.0022159810177981853 -0.035999950021505356 -0.12742400169372559
v 0.004701972007751465 -0.03566496819257736 -0.12237799912691116
v 0.005162953864783049 -0.035999950021505356 -0.11938299983739853
v 0.005162953864783049 -0.035999950021505356 -0.11938299983739853
v 0.004701972007751465 -0.03566496819257736 -0.12237799912691116
v 0.008008955977857113 -0.03566496819257736 -0.1183449998497963
v 0.005162953864783049 -0.035999950021505356 -0.11938299983739853
v 0.008008955977857113 -0.03566496819257736 -0.1183449998497963
v 0.009719966910779476 -0.035999950021505356 -0.11584500223398209
v 0.009719966910779476 -0.035999950021505356 -0.11584500223398209
v 0.008008955977857113 -0.03566496819257736 -0.1183449998497963
v 0.012735960073769093 -0.03566496819257736 -0.11614199727773666
v 0.009719966910779476 -0.035999950021505356 -0.11584500223398209
v 0.012735960073769093 -0.03566496819257736 -0.11614199727773666
v 0.020999960601329803 -0.035999950021505356 -0.11400000005960464
v 0.020999960601329803 -0.035999950021505356 -0.11400000005960464
v 0.012735960073769093 -0.03566496819257736 -0.11614199727773666
v 0.017949990928173065 -0.03566496819257736 -0.11620000004768372
v 0.020999960601329803 -0.035999950021505356 -0.11400000005960464
v 0.017949990928173065 -0.03566496819257736 -0.11620000004768372
v 0.022249989211559296 -0.035999950021505356 -0.11616499722003937
v 0.022249989211559296 -0.035999950021505356 -0.11616499722003937
v 0.017949990928173065 -0.03566496819257736 -0.11620000004768372
v 0.022625980898737907 -0.03566496819257736 -0.11850900202989578
v 0.022249989211559296 -0.035999950021505356 -0.11616499722003937
v 0.022625980898737907 -0.03566496819257736 -0.11850900202989578
v 0.024590959772467613 -0.035999950021505356 -0.11624900251626968
v 0.021836990490555763 -0.03319995850324631 -0.11947900056838989
v 0.02439497970044613 -0.03269999846816063 -0.11939500272274017
v 0.022930970415472984 -0.03443199023604393 -0.11980800330638885
v 0.02513498067855835 -0.03423798084259033 -0.11919590085744858
v 0.022930970415472984 -0.03443199023604393 -0.11980800330638885
v 0.02439497970044613 -0.03269999846816063 -0.11939500272274017
v 0.024590959772467613 -0.035999950021505356 -0.11624900251626968
v 0.022625980898737907 -0.03566496819257736 -0.11850900202989578
v 0.02513498067855835 -0.03423798084259033 -0.11919590085744858
v 0.02513498067855835 -0.03423798084259033 -0.11919590085744858
v 0.022625980898737907 -0.03566496819257736 -0.11850900202989578
v 0.022930970415472984 -0.03443199023604393 -0.11980800330638885
v 0.0227199699729681 -0.033008988946676254 -0.10111299902200699
v 0.02337896078824997 -0.03474998101592064 -0.10416100174188614
v 0.02494698017835617 -0.033008988946676254 -0.10685700178146362
v 0.0227199699729681 -0.033008988946676254 -0.08888696879148483
v 0.02494698017835617 -0.033008988946676254 -0.08314298838376999
v 0.02337896078824997 -0.03474998101592064 -0.08583897352218628
v 0.02494698017835617 -0.033008988946676254 -0.08314298838376999
v 0.028310000896453857 -0.03273797035217285 -0.07793498039245605
v 0.028896979987621307 -0.03443700075149536 -0.07716900110244751
v 0.02897696942090988 -0.034266941249370575 -0.11287900060415268
v 0.02853797934949398 -0.03319995850324631 -0.11185690015554428
v 0.02494698017835617 -0.033008988946676254 -0.10685700178146362
v 0.024689970538020134 -0.03566496819257736 -0.10883200168609619
v 0.027389999479055405 -0.03581397980451584 -0.11290500313043594
v 0.02897696942090988 -0.034266941249370575 -0.11287900060415268
v 0.02897696942090988 -0.034266941249370575 -0.11287900060415268
v 0.02494698017835617 -0.033008988946676254 -0.10685700178146362
v 0.025467989966273308 -0.03474998101592064 -0.1083500012755394
v 0.025467989966273308 -0.03474998101592064 -0.1083500012755394
v 0.02494698017835617 -0.033008988946676254 -0.10685700178146362
v 0.02337896078824997 -0.03474998101592064 -0.10416100174188614
v 0.02337896078824997 -0.03474998101592064 -0.10416100174188614
v 0.0227199699729681 -0.033008988946676254 -0.10111299902200699
v 0.022096989676356316 -0.03474998101592064 -0.09965997189283371
v 0.022096989676356316 -0.03474998101592064 -0.09965997189283371
v 0.0227199699729681 -0.033008988946676254 -0.10111299902200699
v 0.02199994958937168 -0.03349994868040085 -0.09499996155500412
v 0.022096989676356316 -0.03474998101592064 -0.09965997189283371
v 0.02199994958937168 -0.03349994868040085 -0.09499996155500412
v 0.021664969623088837 -0.03474998101592064 -0.09499996155500412
v 0.021664969623088837 -0.03474998101592064 -0.09499996155500412
v 0.02199994958937168 -0.03349994868040085 -0.09499996155500412
v 0.0227199699729681 -0.033008988946676254 -0.08888696879148483
v 0.021664969623088837 -0.03474998101592064 -0.09499996155500412
v 0.0227199699729681 -0.033008988946676254 -0.08888696879148483
v 0.022096989676356316 -0.03474998101592064 -0.09033995121717453
v 0.022096989676356316 -0.03474998101592064 -0.09033995121717453
v 0.0227199699729681 -0.033008988946676254 -0.08888696879148483
v 0.02337896078824997 -0.03474998101592064 -0.08583897352218628
v 0.02337896078824997 -0.03474998101592064 -0.08583897352218628
v 0.02494698017835617 -0.033008988946676254 -0.08314298838376999
v 0.025467989966273308 -0.03474998101592064 -0.08165097236633301
v 0.025467989966273308 -0.03474998101592064 -0.08165097236633301
v 0.02494698017835617 -0.033008988946676254 -0.08314298838376999
v 0.028896979987621307 -0.03443700075149536 -0.07716900110244751
v 0.02897696942090988 -0.034266941249370575 -0.11287900060415268
v 0.025467989966273308 -0.03474998101592064 -0.1083500012755394
v 0.024689970538020134 -0.03566496819257736 -0.10883200168609619
v 0.024689970538020134 -0.03566496819257736 -0.10883200168609619
v 0.025467989966273308 -0.03474998101592064 -0.1083500012755394
v 0.02337896078824997 -0.03474998101592064 -0.10416100174188614
v 0.024689970538020134 -0.03566496819257736 -0.10883200168609619
v 0.02337896078824997 -0.03474998101592064 -0.10416100174188614
v 0.02362697944045067 -0.035999950021505356 -0.10948999971151352
v 0.02362697944045067 -0.035999950021505356 -0.10948999971151352
v 0.02337896078824997 -0.03474998101592064 -0.10416100174188614
v 0.022096989676356316 -0.03474998101592064 -0.09965997189283371
v 0.02362697944045067 -0.035999950021505356 -0.10948999971151352
v 0.022096989676356316 -0.03474998101592064 -0.09965997189283371
v 0.020749980583786964 -0.03566496819257736 -0.09499996155500412
v 0.020749980583786964 -0.03566496819257736 -0.09499996155500412
v 0.022096989676356316 -0.03474998101592064 -0.09965997189283371
v 0.021664969623088837 -0.03474998101592064 -0.09499996155500412
v 0.020749980583786964 -0.03566496819257736 -0.09499996155500412
v 0.021664969623088837 -0.03474998101592064 -0.09499996155500412
v 0.022096989676356316 -0.03474998101592064 -0.09033995121717453
v 0.020749980583786964 -0.03566496819257736 -0.09499996155500412
v 0.022096989676356316 -0.03474998101592064 -0.09033995121717453
v 0.019499950110912323 -0.035999950021505356 -0.09499996155500412
v 0.019499950110912323 -0.035999950021505356 -0.09499996155500412
v 0.022096989676356316 -0.03474998101592064 -0.09033995121717453
v 0.02337896078824997 -0.03474998101592064 -0.08583897352218628
v 0.019499950110912323 -0.035999950021505356 -0.09499996155500412
v 0.02337896078824997 -0.03474998101592064 -0.08583897352218628
v 0.024689970538020134 -0.03566496819257736 -0.08116798847913742
v 0.024689970538020134 -0.03566496819257736 -0.08116798847913742
v 0.02337896078824997 -0.03474998101592064 -0.08583897352218628
v 0.025467989966273308 -0.03474998101592064 -0.08165097236633301
v 0.024689970538020134 -0.03566496819257736 -0.08116798847913742
v 0.025467989966273308 -0.03474998101592064 -0.08165097236633301
v 0.028896979987621307 -0.03443700075149536 -0.07716900110244751
v 0.024689970538020134 -0.03566496819257736 -0.08116798847913742
v 0.028896979987621307 -0.03443700075149536 -0.07716900110244751
v 0.027614949271082878 -0.03566496819257736 -0.07730095833539963
v 0.027389999479055405 -0.03581397980451584 -0.11290500313043594
v 0.024689970538020134 -0.03566496819257736 -0.10883200168609619
v 0.02362697944045067 -0.035999950021505356 -0.10948999971151352
v 0.01996898092329502 -0.035999950021505356 -0.10005799680948257
v 0.02362697944045067 -0.035999950021505356 -0.10948999971151352
v 0.020749980583786964 -0.03566496819257736 -0.09499996155500412
v 0.01996898092329502 -0.035999950021505356 -0.10005799680948257
v 0.020749980583786964 -0.03566496819257736 -0.09499996155500412
v 0.019499950110912323 -0.035999950021505356 -0.09499996155500412
v 0.021360989660024643 -0.035999950021505356 -0.08505599945783615
v 0.019499950110912323 -0.035999950021505356 -0.09499996155500412
v 0.024689970538020134 -0.03566496819257736 -0.08116798847913742
v 0.021360989660024643 -0.035999950021505356 -0.08505599945783615
v 0.024689970538020134 -0.03566496819257736 -0.08116798847913742
v 0.027401980012655258 -0.03584498167037964 -0.07596396654844284
v 0.027401980012655258 -0.03584498167037964 -0.07596396654844284
v 0.024689970538020134 -0.03566496819257736 -0.08116798847913742
v 0.027614949271082878 -0.03566496819257736 -0.07730095833539963
v 0.027401980012655258 -0.03584498167037964 -0.07596396654844284
v 0.027614949271082878 -0.03566496819257736 -0.07730095833539963
v 0.028896979987621307 -0.03443700075149536 -0.07716900110244751
v 0.027401980012655258 -0.03584498167037964 -0.07596396654844284
v 0.028896979987621307 -0.03443700075149536 -0.07716900110244751
v 0.028617970645427704 -0.03436499089002609 -0.0751199722290039
v 0.028617970645427704 -0.03436499089002609 -0.0751199722290039
v 0.028896979987621307 -0.03443700075149536 -0.07716900110244751
v 0.028689980506896973 -0.03294998034834862 -0.07506995648145676
v 0.028689980506896973 -0.03294998034834862 -0.07506995648145676
v 0.028310000896453857 -0.03273797035217285 -0.07793498039245605
v 0.028333960101008415 -0.03269999846816063 -0.07531695812940598
v 0.028310000896453857 -0.03273797035217285 -0.07793498039245605
v 0.028689980506896973 -0.03294998034834862 -0.07506995648145676
v 0.028896979987621307 -0.03443700075149536 -0.07716900110244751
v -0.004932999145239592 -0.03564995154738426 -0.12841300666332245
v -0.005693972110748291 -0.03549997881054878 -0.1254200041294098
v -0.00586199713870883 -0.0350639782845974 -0.1280210018157959
v -0.004932999145239592 -0.03564995154738426 -0.12841300666332245
v -0.00586199713870883 -0.0350639782845974 -0.1280210018157959
v -0.004518984816968441 -0.03479795902967453 -0.1293410062789917
v -0.003797947894781828 -0.030781980603933334 -0.12923499941825867
v -0.004072964191436768 -0.030737990513443947 -0.12543299794197083
v -0.002936959033831954 -0.032516948878765106 -0.12372200191020966
v -0.003797947894781828 -0.030781980603933334 -0.12923499941825867
v -0.002936959033831954 -0.032516948878765106 -0.12372200191020966
v -0.0029729600064456463 -0.03224897012114525 -0.12977400422096252
v -0.003797947894781828 -0.030781980603933334 -0.12923499941825867
v -0.003999948035925627 -0.020500000566244125 -0.12920500338077545
v -0.004072964191436768 -0.030737990513443947 -0.12543299794197083
v -0.004072964191436768 -0.030737990513443947 -0.12543299794197083
v -0.003999948035925627 -0.020500000566244125 -0.12920500338077545
v -0.004303990863263607 -0.020500000566244125 -0.12535099685192108
v -0.004072964191436768 -0.030737990513443947 -0.12543299794197083
v -0.004303990863263607 -0.020500000566244125 -0.12535099685192108
v -0.005171954166144133 -0.020500000566244125 -0.1240530014038086
v -0.004072964191436768 -0.030737990513443947 -0.12543299794197083
v -0.005171954166144133 -0.020500000566244125 -0.1240530014038086
v -0.005171954166144133 -0.029699979349970818 -0.1240530014038086
v -0.005171954166144133 -0.029699979349970818 -0.1240530014038086
v -0.005171954166144133 -0.020500000566244125 -0.1240530014038086
v -0.006468950770795345 -0.020500000566244125 -0.12318599969148636
v -0.005171954166144133 -0.029699979349970818 -0.1240530014038086
v -0.006468950770795345 -0.020500000566244125 -0.12318599969148636
v -0.006615995895117521 -0.029699979349970818 -0.12312900274991989
v -0.006615995895117521 -0.029699979349970818 -0.12312900274991989
v -0.006468950770795345 -0.020500000566244125 -0.12318599969148636
v -0.007999955676496029 -0.020500000566244125 -0.12288200110197067
v -0.006615995895117521 -0.029699979349970818 -0.12312900274991989
v -0.007999955676496029 -0.020500000566244125 -0.12288200110197067
v -0.007999955676496029 -0.029699979349970818 -0.12288200110197067
v -0.007999955676496029 -0.020500000566244125 -0.12288200110197067
v -0.019614990800619125 -0.020500000566244125 -0.12288200110197067
v -0.007999955676496029 -0.029699979349970818 -0.12288200110197067
v -0.007999955676496029 -0.029699979349970818 -0.12288200110197067
v -0.019614990800619125 -0.020500000566244125 -0.12288200110197067
v -0.01962899975478649 -0.02992898039519787 -0.12287300080060959
v -0.01962899975478649 -0.02992898039519787 -0.12287300080060959
v -0.019614990800619125 -0.020500000566244125 -0.12288200110197067
v -0.019898949190974236 -0.029699979349970818 -0.12379299849271774
v -0.019898949190974236 -0.029699979349970818 -0.12379299849271774
v -0.019614990800619125 -0.020500000566244125 -0.12288200110197067
v -0.019898949190974236 -0.020500000566244125 -0.12379299849271774
v -0.02259998954832554 -0.03252296894788742 -0.12089700251817703
v -0.020678989589214325 -0.031578950583934784 -0.12323799729347229
v -0.025345979258418083 -0.03283398970961571 -0.11985799670219421
v -0.019898949190974236 -0.029699979349970818 -0.12379299849271774
v -0.020719999447464943 -0.031605951488018036 -0.12219890207052231
v -0.01962899975478649 -0.02992898039519787 -0.12287300080060959
v -0.020678989589214325 -0.031578950583934784 -0.12323799729347229
v -0.02259998954832554 -0.03252296894788742 -0.12089700251817703
v -0.020719999447464943 -0.031605951488018036 -0.12219890207052231
v -0.020678989589214325 -0.031578950583934784 -0.12323799729347229
v -0.020719999447464943 -0.031605951488018036 -0.12219890207052231
v -0.019898949190974236 -0.029699979349970818 -0.12379299849271774
v 0.0023789999540895224 -0.03423798084259033 -0.06019299849867821
v 0.0023689859081059694 -0.03276699036359787 -0.06033097952604294
v -0.0021639459300786257 -0.03270595893263817 -0.06015700101852417
v -0.02772694081068039 -0.03249996155500412 -0.09394799917936325
v -0.02779996022582054 -0.033036939799785614 -0.09306894987821579
v -0.02772694081068039 -0.03249996155500412 -0.09605199098587036
v -0.02772694081068039 -0.03249996155500412 -0.09605199098587036
v -0.02779996022582054 -0.033036939799785614 -0.09306894987821579
v -0.02779996022582054 -0.033036939799785614 -0.09693098068237305
v -0.003999948035925627 0.020500000566244125 -0.20220500230789185
v -0.004303990863263607 0.020500000566244125 -0.19835099577903748
v -0.004499970935285091 0.019999980926513672 -0.20220500230789185
v -0.004499970935285091 0.019999980926513672 -0.20220500230789185
v -0.004303990863263607 0.020500000566244125 -0.19835099577903748
v -0.004765986930578947 0.019999980926513672 -0.19854189455509186
v -0.004765986930578947 0.019999980926513672 -0.19854189455509186
v -0.005171954166144133 0.020500000566244125 -0.197053000330925
v -0.006660996936261654 0.019999980926513672 -0.1966480016708374
v -0.007999955676496029 0.020500000566244125 -0.19588199257850647
v -0.006660996936261654 0.019999980926513672 -0.1966480016708374
v -0.006468950770795345 0.020500000566244125 -0.19618600606918335
v -0.006468950770795345 0.020500000566244125 -0.19618600606918335
v -0.006660996936261654 0.019999980926513672 -0.1966480016708374
v -0.005171954166144133 0.020500000566244125 -0.197053000330925
v -0.005171954166144133 0.020500000566244125 -0.197053000330925
v -0.004765986930578947 0.019999980926513672 -0.19854189455509186
v -0.004303990863263607 0.020500000566244125 -0.19835099577903748
v -0.014491969719529152 0.019999980926513672 -0.19638200104236603
v -0.006660996936261654 0.019999980926513672 -0.1966480016708374
v -0.007999955676496029 0.020500000566244125 -0.19588199257850647
v -0.017507970333099365 0.019999980926513672 -0.19638200104236603
v -0.014491969719529152 0.019999980926513672 -0.19638200104236603
v -0.019614990800619125 0.02003793977200985 -0.19618989527225494
v -0.019614990800619125 0.02003793977200985 -0.19618989527225494
v -0.014491969719529152 0.019999980926513672 -0.19638200104236603
v -0.007999955676496029 0.020500000566244125 -0.19588199257850647
v -0.007999955676496029 0.020500000566244125 -0.19588199257850647
v -0.019614990800619125 0.020500000566244125 -0.19588199257850647
v -0.019614990800619125 0.02003793977200985 -0.19618989527225494
v -0.019898949190974236 0.020500000566244125 -0.19679300487041473
v -0.019614990800619125 0.02003793977200985 -0.19618989527225494
v -0.019614990800619125 0.020500000566244125 -0.19588199257850647
v -0.019898949190974236 0.020500000566244125 -0.19679300487041473
v -0.014064960181713104 0.020500000566244125 -0.20004990696907043
v -0.011417980305850506 0.019999980926513672 -0.20108500123023987
v -0.019898949190974236 0.020500000566244125 -0.19679300487041473
v -0.011417980305850506 0.019999980926513672 -0.20108500123023987
v -0.019614990800619125 0.02003793977200985 -0.19618989527225494
v -0.011417980305850506 0.019999980926513672 -0.20108500123023987
v -0.00456500006839633 0.020500000566244125 -0.20270100235939026
v -0.004499970935285091 0.019999980926513672 -0.20220500230789185
v -0.00456500006839633 0.020500000566244125 -0.20270100235939026
v -0.003999948035925627 0.020500000566244125 -0.20220500230789185
v -0.004499970935285091 0.019999980926513672 -0.20220500230789185
v -0.00456500006839633 0.020500000566244125 -0.20270100235939026
v -0.00456500006839633 0.029699979349970818 -0.20270100235939026
v -0.0038139820098876953 0.030738940462470055 -0.20223300158977509
v -0.00456500006839633 0.020500000566244125 -0.20270100235939026
v -0.0038139820098876953 0.030738940462470055 -0.20223300158977509
v -0.003999948035925627 0.020500000566244125 -0.20220500230789185
v -0.004303990863263607 0.020500000566244125 -0.19835099577903748
v -0.003999948035925627 0.020500000566244125 -0.20220500230789185
v -0.004072964191436768 0.030737990513443947 -0.19843299686908722
v -0.004072964191436768 0.030737990513443947 -0.19843299686908722
v -0.003999948035925627 0.020500000566244125 -0.20220500230789185
v -0.0038139820098876953 0.030738940462470055 -0.20223300158977509
v -0.007999955676496029 0.029699979349970818 -0.19588199257850647
v -0.007999955676496029 0.020500000566244125 -0.19588199257850647
v -0.006468950770795345 0.020500000566244125 -0.19618600606918335
v -0.007999955676496029 0.029699979349970818 -0.19588199257850647
v -0.006468950770795345 0.020500000566244125 -0.19618600606918335
v -0.006615995895117521 0.029699979349970818 -0.1961289942264557
v -0.006615995895117521 0.029699979349970818 -0.1961289942264557
v -0.006468950770795345 0.020500000566244125 -0.19618600606918335
v -0.005171954166144133 0.020500000566244125 -0.197053000330925
v -0.006615995895117521 0.029699979349970818 -0.1961289942264557
v -0.005171954166144133 0.020500000566244125 -0.197053000330925
v -0.0050399890169501305 0.030737990513443947 -0.19692200422286987
v -0.0050399890169501305 0.030737990513443947 -0.19692200422286987
v -0.005171954166144133 0.020500000566244125 -0.197053000330925
v -0.004303990863263607 0.020500000566244125 -0.19835099577903748
v -0.0050399890169501305 0.030737990513443947 -0.19692200422286987
v -0.004303990863263607 0.020500000566244125 -0.19835099577903748
v -0.004072964191436768 0.030737990513443947 -0.19843299686908722
v -0.007999955676496029 0.029699979349970818 -0.19588199257850647
v -0.019614990800619125 0.029699979349970818 -0.19588199257850647
v -0.007999955676496029 0.020500000566244125 -0.19588199257850647
v -0.007999955676496029 0.020500000566244125 -0.19588199257850647
v -0.019614990800619125 0.029699979349970818 -0.19588199257850647
v -0.019614990800619125 0.020500000566244125 -0.19588199257850647
v -0.019898949190974236 0.020500000566244125 -0.19679300487041473
v -0.019614990800619125 0.020500000566244125 -0.19588199257850647
v -0.019614990800619125 0.029699979349970818 -0.19588199257850647
v -0.019898949190974236 0.020500000566244125 -0.19679300487041473
v -0.019614990800619125 0.029699979349970818 -0.19588199257850647
v -0.019898949190974236 0.029699979349970818 -0.19679300487041473
v -0.029104940593242645 0.03273797035217285 -0.1868779957294464
v -0.02424496039748192 0.03319995850324631 -0.19324199855327606
v -0.02382498048245907 0.03269898146390915 -0.19294199347496033
v -0.02424496039748192 0.03319995850324631 -0.19324199855327606
v -0.0211979690939188 0.032074980437755585 -0.19584999978542328
v -0.02177095040678978 0.0322299487888813 -0.19449500739574432
v -0.02424496039748192 0.03319995850324631 -0.19324199855327606
v -0.02177095040678978 0.0322299487888813 -0.19449500739574432
v -0.02382498048245907 0.03269898146390915 -0.19294199347496033
v -0.019614990800619125 0.029699979349970818 -0.19588199257850647
v -0.0211979690939188 0.032074980437755585 -0.19584999978542328
v -0.019898949190974236 0.029699979349970818 -0.19679300487041473
v -0.019614990800619125 0.029699979349970818 -0.19588199257850647
v -0.02177095040678978 0.0322299487888813 -0.19449500739574432
v -0.0211979690939188 0.032074980437755585 -0.19584999978542328
v -0.0211979690939188 0.032074980437755585 -0.19584999978542328
v -0.02424496039748192 0.03319995850324631 -0.19324199855327606
v -0.022885970771312714 0.03436499089002609 -0.19427600502967834
v -0.02424496039748192 0.03319995850324631 -0.14275799691677094
v -0.029331980273127556 0.033008988946676254 -0.14897499978542328
v -0.023898949846625328 0.03269999846816063 -0.1431179940700531
v -0.023898949846625328 0.03269999846816063 -0.1431179940700531
v -0.029331980273127556 0.033008988946676254 -0.14897499978542328
v -0.029698960483074188 0.03269999846816063 -0.15150000154972076
v -0.03289895877242088 0.033008988946676254 -0.17983199656009674
v -0.030782990157604218 0.03349994868040085 -0.18465599417686462
v -0.029104940593242645 0.03273797035217285 -0.1868779957294464
v -0.03289895877242088 0.033008988946676254 -0.17983199656009674
v -0.029104940593242645 0.03273797035217285 -0.1868779957294464
v -0.030584989115595818 0.03269999846816063 -0.18396300077438354
v -0.029331980273127556 0.033008988946676254 -0.14897499978542328
v -0.032463960349559784 0.03269999846816063 -0.15632499754428864
v -0.029698960483074188 0.03269999846816063 -0.15150000154972076
v -0.030584989115595818 0.03269999846816063 -0.18396300077438354
v -0.029104940593242645 0.03273797035217285 -0.1868779957294464
v -0.02382498048245907 0.03269898146390915 -0.19294199347496033
v -0.019614990800619125 0.029699979349970818 -0.19588199257850647
v -0.007999955676496029 0.029699979349970818 -0.19588199257850647
v -0.02177095040678978 0.0322299487888813 -0.19449500739574432
v -0.02177095040678978 0.0322299487888813 -0.19449500739574432
v -0.007999955676496029 0.029699979349970818 -0.19588199257850647
v -0.005936979781836271 0.03251497820019722 -0.19428899884223938
v -0.02177095040678978 0.0322299487888813 -0.19449500739574432
v -0.005936979781836271 0.03251497820019722 -0.19428899884223938
v -0.02382498048245907 0.03269898146390915 -0.19294199347496033
v -0.02382498048245907 0.03269898146390915 -0.19294199347496033
v -0.005936979781836271 0.03251497820019722 -0.19428899884223938
v -0.007999955676496029 0.03269999846816063 -0.1928820013999939
v -0.006615995895117521 0.029699979349970818 -0.1961289942264557
v -0.0050399890169501305 0.030737990513443947 -0.19692200422286987
v -0.007999955676496029 0.029699979349970818 -0.19588199257850647
v -0.002043962012976408 0.032673951238393784 -0.19702500104904175
v -0.0029999609105288982 0.03269999846816063 -0.19498300552368164
v -0.005936979781836271 0.03251497820019722 -0.19428899884223938
v -0.005936979781836271 0.03251497820019722 -0.19428899884223938
v -0.0029999609105288982 0.03269999846816063 -0.19498300552368164
v -0.007999955676496029 0.03269999846816063 -0.1928820013999939
v -0.004072964191436768 0.030737990513443947 -0.19843299686908722
v -0.0034229750744998455 0.03182094916701317 -0.1981929987668991
v -0.0050399890169501305 0.030737990513443947 -0.19692200422286987
v -0.0050399890169501305 0.030737990513443947 -0.19692200422286987
v -0.0034229750744998455 0.03182094916701317 -0.1981929987668991
v -0.0063109989278018475 0.03182094916701317 -0.1953050047159195
v -0.0050399890169501305 0.030737990513443947 -0.19692200422286987
v -0.0063109989278018475 0.03182094916701317 -0.1953050047159195
v -0.007999955676496029 0.029699979349970818 -0.19588199257850647
v -0.007999955676496029 0.029699979349970818 -0.19588199257850647
v -0.0063109989278018475 0.03182094916701317 -0.1953050047159195
v -0.005936979781836271 0.03251497820019722 -0.19428899884223938
v -0.0034229750744998455 0.03182094916701317 -0.1981929987668991
v -0.002043962012976408 0.032673951238393784 -0.19702500104904175
v -0.0063109989278018475 0.03182094916701317 -0.1953050047159195
v -0.0063109989278018475 0.03182094916701317 -0.1953050047159195
v -0.002043962012976408 0.032673951238393784 -0.19702500104904175
v -0.005936979781836271 0.03251497820019722 -0.19428899884223938
v 0.024659989401698112 0.03466600179672241 -0.19242900609970093
v 0.022756990045309067 0.03547995910048485 -0.19224390387535095
v 0.023274950683116913 0.03598295897245407 -0.19110099971294403
v 0.023026999086141586 0.033008988946676254 -0.1931380033493042
v 0.022756990045309067 0.03547995910048485 -0.19224390387535095
v 0.024659989401698112 0.03466600179672241 -0.19242900609970093
v 0.023026999086141586 0.033008988946676254 -0.1931380033493042
v 0.024659989401698112 0.03466600179672241 -0.19242900609970093
v 0.0248409491032362 0.033008988946676254 -0.1926019936800003
v 0.003604948054999113 0.035999950021505356 -0.1959919035434723
v 0.00443297578021884 0.03471194952726364 -0.20130999386310577
v 0.0027169580571353436 0.035999950021505356 -0.20038600265979767
v 0.007160961162298918 0.03269999846816063 -0.19313399493694305
v 0.007447957061231136 0.03476500138640404 -0.19333599507808685
v 0.010760960169136524 0.033008988946676254 -0.19107599556446075
v 0.010760960169136524 0.033008988946676254 -0.19107599556446075
v 0.007447957061231136 0.03476500138640404 -0.19333599507808685
v 0.010647949762642384 0.03476500138640404 -0.1910029947757721
v 0.010760960169136524 0.033008988946676254 -0.19107599556446075
v 0.010647949762642384 0.03476500138640404 -0.1910029947757721
v 0.014650999568402767 0.03269999846816063 -0.18964199721813202
v 0.014650999568402767 0.03269999846816063 -0.18964199721813202
v 0.010647949762642384 0.03476500138640404 -0.1910029947757721
v 0.014478979632258415 0.03476500138640404 -0.18999989330768585
v 0.005320965778082609 0.03476500138640404 -0.19667699933052063
v 0.004454969894140959 0.033008988946676254 -0.20179800689220428
v 0.00443297578021884 0.03471194952726364 -0.20130999386310577
v 0.005320965778082609 0.03476500138640404 -0.19667699933052063
v 0.006658970844000578 0.03584795817732811 -0.19259600341320038
v 0.007447957061231136 0.03476500138640404 -0.19333599507808685
v 0.007447957061231136 0.03476500138640404 -0.19333599507808685
v 0.006658970844000578 0.03584795817732811 -0.19259600341320038
v 0.009855984710156918 0.035999950021505356 -0.18933400511741638
v 0.007447957061231136 0.03476500138640404 -0.19333599507808685
v 0.009855984710156918 0.035999950021505356 -0.18933400511741638
v 0.010647949762642384 0.03476500138640404 -0.1910029947757721
v 0.010647949762642384 0.03476500138640404 -0.1910029947757721
v 0.009855984710156918 0.035999950021505356 -0.18933400511741638
v 0.014403989538550377 0.03584795817732811 -0.1889200061559677
v 0.010647949762642384 0.03476500138640404 -0.1910029947757721
v 0.014403989538550377 0.03584795817732811 -0.1889200061559677
v 0.014478979632258415 0.03476500138640404 -0.18999989330768585
v 0.014478979632258415 0.03476500138640404 -0.18999989330768585
v 0.014403989538550377 0.03584795817732811 -0.1889200061559677
v 0.0187369491904974 0.03584795817732811 -0.1894340068101883
v 0.014478979632258415 0.03476500138640404 -0.18999989330768585
v 0.0187369491904974 0.03584795817732811 -0.1894340068101883
v 0.018411990255117416 0.03476500138640404 -0.1904660016298294
v 0.018411990255117416 0.03476500138640404 -0.1904660016298294
v 0.0187369491904974 0.03584795817732811 -0.1894340068101883
v 0.022756990045309067 0.03547995910048485 -0.19224390387535095
v 0.018411990255117416 0.03476500138640404 -0.1904660016298294
v 0.022756990045309067 0.03547995910048485 -0.19224390387535095
v 0.023026999086141586 0.033008988946676254 -0.1931380033493042
v 0.00443297578021884 0.03471194952726364 -0.20130999386310577
v 0.003604948054999113 0.035999950021505356 -0.1959919035434723
v 0.005320965778082609 0.03476500138640404 -0.19667699933052063
v 0.005320965778082609 0.03476500138640404 -0.19667699933052063
v 0.003604948054999113 0.035999950021505356 -0.1959919035434723
v 0.006658970844000578 0.03584795817732811 -0.19259600341320038
v 0.009855984710156918 0.035999950021505356 -0.18933400511741638
v 0.021004969254136086 0.035999950021505356 -0.1871650069952011
v 0.014403989538550377 0.03584795817732811 -0.1889200061559677
v 0.014403989538550377 0.03584795817732811 -0.1889200061559677
v 0.021004969254136086 0.035999950021505356 -0.1871650069952011
v 0.0187369491904974 0.03584795817732811 -0.1894340068101883
v 0.0187369491904974 0.03584795817732811 -0.1894340068101883
v 0.023274950683116913 0.03598295897245407 -0.19110099971294403
v 0.022756990045309067 0.03547995910048485 -0.19224390387535095
v 0.0028519630432128906 0.034916989505290985 -0.20244200527668
v 0.0027169580571353436 0.035999950021505356 -0.20038600265979767
v 0.00443297578021884 0.03471194952726364 -0.20130999386310577
v 0.002878963015973568 0.033008988946676254 -0.20284299552440643
v 0.0028519630432128906 0.034916989505290985 -0.20244200527668
v 0.004454969894140959 0.033008988946676254 -0.20179800689220428
v 0.004454969894140959 0.033008988946676254 -0.20179800689220428
v 0.0028519630432128906 0.034916989505290985 -0.20244200527668
v 0.00443297578021884 0.03471194952726364 -0.20130999386310577
v 0.004454969894140959 0.033008988946676254 -0.20179800689220428
v 0.00308799697086215 0.03269999846816063 -0.20167000591754913
v 0.002878963015973568 0.033008988946676254 -0.20284299552440643
v 0.004935978911817074 0.03269999846816063 -0.19670799374580383
v 0.00308799697086215 0.03269999846816063 -0.20167000591754913
v 0.004454969894140959 0.033008988946676254 -0.20179800689220428
v 0.018411990255117416 0.03476500138640404 -0.1904660016298294
v 0.023026999086141586 0.033008988946676254 -0.1931380033493042
v 0.01866799034178257 0.033008988946676254 -0.19067099690437317
v 0.018411990255117416 0.03476500138640404 -0.1904660016298294
v 0.01866799034178257 0.033008988946676254 -0.19067099690437317
v 0.014478979632258415 0.03476500138640404 -0.18999989330768585
v 0.014478979632258415 0.03476500138640404 -0.18999989330768585
v 0.01866799034178257 0.033008988946676254 -0.19067099690437317
v 0.014650999568402767 0.03269999846816063 -0.18964199721813202
v 0.007447957061231136 0.03476500138640404 -0.19333599507808685
v 0.007160961162298918 0.03269999846816063 -0.19313399493694305
v 0.005320965778082609 0.03476500138640404 -0.19667699933052063
v 0.005320965778082609 0.03476500138640404 -0.19667699933052063
v 0.007160961162298918 0.03269999846816063 -0.19313399493694305
v 0.004935978911817074 0.03269999846816063 -0.19670799374580383
v 0.005320965778082609 0.03476500138640404 -0.19667699933052063
v 0.004935978911817074 0.03269999846816063 -0.19670799374580383
v 0.004454969894140959 0.033008988946676254 -0.20179800689220428
v -0.0010139939840883017 0.03319995850324631 -0.2029850035905838
v 0.002878963015973568 0.033008988946676254 -0.20284299552440643
v -0.0020619630813598633 0.032505981624126434 -0.2024269998073578
v -0.0038139820098876953 0.030738940462470055 -0.20223300158977509
v -0.003833949100226164 0.03182696923613548 -0.20278899371623993
v -0.0020619630813598633 0.032505981624126434 -0.2024269998073578
v -0.00456500006839633 0.029699979349970818 -0.20270100235939026
v -0.003833949100226164 0.03182696923613548 -0.20278899371623993
v -0.0038139820098876953 0.030738940462470055 -0.20223300158977509
v -0.003833949100226164 0.03182696923613548 -0.20278899371623993
v -0.0010139939840883017 0.03319995850324631 -0.2029850035905838
v -0.0020619630813598633 0.032505981624126434 -0.2024269998073578
v -0.0020619630813598633 0.032505981624126434 -0.2024269998073578
v -0.002043962012976408 0.032673951238393784 -0.19702500104904175
v -0.0034229750744998455 0.03182094916701317 -0.1981929987668991
v -0.004072964191436768 0.030737990513443947 -0.19843299686908722
v -0.0038139820098876953 0.030738940462470055 -0.20223300158977509
v -0.0034229750744998455 0.03182094916701317 -0.1981929987668991
v -0.0034229750744998455 0.03182094916701317 -0.1981929987668991
v -0.0038139820098876953 0.030738940462470055 -0.20223300158977509
v -0.0020619630813598633 0.032505981624126434 -0.2024269998073578
v -0.01135598961263895 0.03299998864531517 -0.20038999617099762
v -0.010906989686191082 0.03549997881054878 -0.1985280066728592
v -0.010176950134336948 0.03299998864531517 -0.19727900624275208
v -0.01135598961263895 0.03299998864531517 -0.20038999617099762
v -0.012444970197975636 0.03436499089002609 -0.200546994805336
v -0.010906989686191082 0.03549997881054878 -0.1985280066728592
v -0.01135598961263895 0.03299998864531517 -0.20038999617099762
v -0.012490980327129364 0.03299998864531517 -0.2006949931383133
v -0.012444970197975636 0.03436499089002609 -0.200546994805336
v -0.010906989686191082 0.03549997881054878 -0.1985280066728592
v -0.012444970197975636 0.03436499089002609 -0.200546994805336
v -0.012070950120687485 0.03574996814131737 -0.19934700429439545
v -0.015857990831136703 0.03436499089002609 -0.13697199523448944
v -0.012490980327129364 0.03299998864531517 -0.1353050023317337
v -0.011651990003883839 0.035066958516836166 -0.13587990403175354
v -0.015857990831136703 0.03436499089002609 -0.19902800023555756
v -0.012070950120687485 0.03574996814131737 -0.19934700429439545
v -0.012444970197975636 0.03436499089002609 -0.200546994805336
v -0.012070950120687485 0.03574996814131737 -0.19934700429439545
v -0.021913999691605568 0.03584599122405052 -0.19315989315509796
v -0.02663498930633068 0.035999950021505356 -0.1866230070590973
v -0.02663498930633068 0.035999950021505356 -0.1866230070590973
v -0.021913999691605568 0.03584599122405052 -0.19315989315509796
v -0.028083980083465576 0.035267941653728485 -0.18763600289821625
v -0.02663498930633068 0.035999950021505356 -0.1866230070590973
v -0.028083980083465576 0.035267941653728485 -0.18763600289821625
v -0.03115396946668625 0.03584599122405052 -0.1799439936876297
v -0.02663498930633068 0.035999950021505356 -0.1866230070590973
v -0.03115396946668625 0.03584599122405052 -0.1799439936876297
v -0.033116988837718964 0.03584599122405052 -0.1720619946718216
v -0.033116988837718964 0.03584599122405052 -0.1639380007982254
v -0.03115396946668625 0.03584599122405052 -0.1560560017824173
v -0.02663498930633068 0.035999950021505356 -0.1493770033121109
v -0.02663498930633068 0.035999950021505356 -0.1493770033121109
v -0.03115396946668625 0.03584599122405052 -0.1560560017824173
v -0.028083980083465576 0.035267941653728485 -0.14836399257183075
v -0.02663498930633068 0.035999950021505356 -0.1493770033121109
v -0.028083980083465576 0.035267941653728485 -0.14836399257183075
v -0.022506950423121452 0.035267941653728485 -0.14215989410877228
v -0.02663498930633068 0.035999950021505356 -0.1493770033121109
v -0.022506950423121452 0.035267941653728485 -0.14215989410877228
v -0.015184990130364895 0.03584599122405052 -0.13829000294208527
v -0.02663498930633068 0.035999950021505356 -0.1493770033121109
v -0.015184990130364895 0.03584599122405052 -0.13829000294208527
v -0.010934939607977867 0.035999950021505356 -0.13937300443649292
v -0.010934939607977867 0.035999950021505356 -0.13937300443649292
v -0.015184990130364895 0.03584599122405052 -0.13829000294208527
v -0.011651990003883839 0.035066958516836166 -0.13587990403175354
v -0.02424496039748192 0.03319995850324631 -0.14275799691677094
v -0.022885970771312714 0.03436499089002609 -0.14172400534152985
v -0.028557950630784035 0.03436499089002609 -0.1480329930782318
v -0.029331980273127556 0.033008988946676254 -0.14897499978542328
v -0.028557950630784035 0.03436499089002609 -0.1480329930782318
v -0.03253597021102905 0.03436499089002609 -0.15552599728107452
v -0.029331980273127556 0.033008988946676254 -0.14897499978542328
v -0.03253597021102905 0.03436499089002609 -0.15552599728107452
v -0.032463960349559784 0.03269999846816063 -0.15632499754428864
v -0.032463960349559784 0.03269999846816063 -0.15632499754428864
v -0.03253597021102905 0.03436499089002609 -0.15552599728107452
v -0.034522950649261475 0.03319995850324631 -0.16223999857902527
v -0.034522950649261475 0.03319995850324631 -0.16223999857902527
v -0.03253597021102905 0.03436499089002609 -0.15552599728107452
v -0.034585949033498764 0.03436499089002609 -0.16375799477100372
v -0.034585949033498764 0.03436499089002609 -0.16375799477100372
v -0.034585949033498764 0.03436499089002609 -0.17224200069904327
v -0.03462295979261398 0.03284597024321556 -0.17200200259685516
v -0.028557950630784035 0.03436499089002609 -0.18796700239181519
v -0.030782990157604218 0.03349994868040085 -0.18465599417686462
v -0.0319969616830349 0.035267941653728485 -0.18026700615882874
v -0.0319969616830349 0.035267941653728485 -0.18026700615882874
v -0.030782990157604218 0.03349994868040085 -0.18465599417686462
v -0.03289895877242088 0.033008988946676254 -0.17983199656009674
v -0.0319969616830349 0.035267941653728485 -0.18026700615882874
v -0.03289895877242088 0.033008988946676254 -0.17983199656009674
v -0.034585949033498764 0.03436499089002609 -0.17224200069904327
v -0.034585949033498764 0.03436499089002609 -0.17224200069904327
v -0.03289895877242088 0.033008988946676254 -0.17983199656009674
v -0.03462295979261398 0.03284597024321556 -0.17200200259685516
v -0.022885970771312714 0.03436499089002609 -0.19427600502967834
v -0.02424496039748192 0.03319995850324631 -0.19324199855327606
v -0.028557950630784035 0.03436499089002609 -0.18796700239181519
v -0.012070950120687485 0.03574996814131737 -0.19934700429439545
v -0.015857990831136703 0.03436499089002609 -0.19902800023555756
v -0.022506950423121452 0.035267941653728485 -0.19383999705314636
v -0.012070950120687485 0.03574996814131737 -0.19934700429439545
v -0.022506950423121452 0.035267941653728485 -0.19383999705314636
v -0.021913999691605568 0.03584599122405052 -0.19315989315509796
v -0.021913999691605568 0.03584599122405052 -0.19315989315509796
v -0.022506950423121452 0.035267941653728485 -0.19383999705314636
v -0.028083980083465576 0.035267941653728485 -0.18763600289821625
v -0.028083980083465576 0.035267941653728485 -0.18763600289821625
v -0.0319969616830349 0.035267941653728485 -0.18026700615882874
v -0.03115396946668625 0.03584599122405052 -0.1799439936876297
v -0.03115396946668625 0.03584599122405052 -0.1799439936876297
v -0.0319969616830349 0.035267941653728485 -0.18026700615882874
v -0.034012969583272934 0.035267941653728485 -0.17217090725898743
v -0.03115396946668625 0.03584599122405052 -0.1799439936876297
v -0.034012969583272934 0.035267941653728485 -0.17217090725898743
v -0.033116988837718964 0.03584599122405052 -0.1720619946718216
v -0.033116988837718964 0.03584599122405052 -0.1720619946718216
v -0.034012969583272934 0.035267941653728485 -0.17217090725898743
v -0.034012969583272934 0.035267941653728485 -0.1638289988040924
v -0.033116988837718964 0.03584599122405052 -0.1720619946718216
v -0.034012969583272934 0.035267941653728485 -0.1638289988040924
v -0.033116988837718964 0.03584599122405052 -0.1639380007982254
v -0.033116988837718964 0.03584599122405052 -0.1639380007982254
v -0.034012969583272934 0.035267941653728485 -0.1638289988040924
v -0.0319969616830349 0.035267941653728485 -0.15573300421237946
v -0.033116988837718964 0.03584599122405052 -0.1639380007982254
v -0.0319969616830349 0.035267941653728485 -0.15573300421237946
v -0.03115396946668625 0.03584599122405052 -0.1560560017824173
v -0.03115396946668625 0.03584599122405052 -0.1560560017824173
v -0.0319969616830349 0.035267941653728485 -0.15573300421237946
v -0.028083980083465576 0.035267941653728485 -0.14836399257183075
v -0.015857990831136703 0.03436499089002609 -0.19902800023555756
v -0.022885970771312714 0.03436499089002609 -0.19427600502967834
v -0.022506950423121452 0.035267941653728485 -0.19383999705314636
v -0.022506950423121452 0.035267941653728485 -0.19383999705314636
v -0.022885970771312714 0.03436499089002609 -0.19427600502967834
v -0.028557950630784035 0.03436499089002609 -0.18796700239181519
v -0.022506950423121452 0.035267941653728485 -0.19383999705314636
v -0.028557950630784035 0.03436499089002609 -0.18796700239181519
v -0.028083980083465576 0.035267941653728485 -0.18763600289821625
v -0.028083980083465576 0.035267941653728485 -0.18763600289821625
v -0.028557950630784035 0.03436499089002609 -0.18796700239181519
v -0.0319969616830349 0.035267941653728485 -0.18026700615882874
v -0.0319969616830349 0.035267941653728485 -0.18026700615882874
v -0.034585949033498764 0.03436499089002609 -0.17224200069904327
v -0.034012969583272934 0.035267941653728485 -0.17217090725898743
v -0.034012969583272934 0.035267941653728485 -0.17217090725898743
v -0.034585949033498764 0.03436499089002609 -0.17224200069904327
v -0.034585949033498764 0.03436499089002609 -0.16375799477100372
v -0.034012969583272934 0.035267941653728485 -0.17217090725898743
v -0.034585949033498764 0.03436499089002609 -0.16375799477100372
v -0.034012969583272934 0.035267941653728485 -0.1638289988040924
v -0.034012969583272934 0.035267941653728485 -0.1638289988040924
v -0.034585949033498764 0.03436499089002609 -0.16375799477100372
v -0.03253597021102905 0.03436499089002609 -0.15552599728107452
v -0.034012969583272934 0.035267941653728485 -0.1638289988040924
v -0.03253597021102905 0.03436499089002609 -0.15552599728107452
v -0.0319969616830349 0.035267941653728485 -0.15573300421237946
v -0.0319969616830349 0.035267941653728485 -0.15573300421237946
v -0.03253597021102905 0.03436499089002609 -0.15552599728107452
v -0.028557950630784035 0.03436499089002609 -0.1480329930782318
v -0.0319969616830349 0.035267941653728485 -0.15573300421237946
v -0.028557950630784035 0.03436499089002609 -0.1480329930782318
v -0.028083980083465576 0.035267941653728485 -0.14836399257183075
v -0.028083980083465576 0.035267941653728485 -0.14836399257183075
v -0.028557950630784035 0.03436499089002609 -0.1480329930782318
v -0.022885970771312714 0.03436499089002609 -0.14172400534152985
v -0.028083980083465576 0.035267941653728485 -0.14836399257183075
v -0.022885970771312714 0.03436499089002609 -0.14172400534152985
v -0.022506950423121452 0.035267941653728485 -0.14215989410877228
v -0.022506950423121452 0.035267941653728485 -0.14215989410877228
v -0.022885970771312714 0.03436499089002609 -0.14172400534152985
v -0.015857990831136703 0.03436499089002609 -0.13697199523448944
v -0.022506950423121452 0.035267941653728485 -0.14215989410877228
v -0.015857990831136703 0.03436499089002609 -0.13697199523448944
v -0.015184990130364895 0.03584599122405052 -0.13829000294208527
v -0.015184990130364895 0.03584599122405052 -0.13829000294208527
v -0.015857990831136703 0.03436499089002609 -0.13697199523448944
v -0.011651990003883839 0.035066958516836166 -0.13587990403175354
v -0.010934939607977867 0.035999950021505356 -0.13937300443649292
v -0.011651990003883839 0.035066958516836166 -0.13587990403175354
v -0.010398980230093002 0.03570698946714401 -0.13891200721263885
v -0.005465983878821135 0.035999950021505356 -0.13916899263858795
v -0.006976962089538574 0.03570698946714401 -0.13955999910831451
v -0.005825995933264494 0.03499995917081833 -0.13755500316619873
v -0.008150993846356869 0.035999950021505356 -0.14058800041675568
v -0.010398980230093002 0.03570698946714401 -0.13891200721263885
v -0.006976962089538574 0.03570698946714401 -0.13955999910831451
v -0.010934939607977867 0.035999950021505356 -0.13937300443649292
v -0.010398980230093002 0.03570698946714401 -0.13891200721263885
v -0.008150993846356869 0.035999950021505356 -0.14058800041675568
v -0.008150993846356869 0.035999950021505356 -0.14058800041675568
v -0.006976962089538574 0.03570698946714401 -0.13955999910831451
v -0.005465983878821135 0.035999950021505356 -0.13916899263858795
v -0.005465983878821135 0.035999950021505356 -0.13916899263858795
v -0.005825995933264494 0.03499995917081833 -0.13755500316619873
v -0.004981994163244963 0.035999950021505356 -0.13588400185108185
v -0.0063599939458072186 0.03299998864531517 -0.13427099585533142
v -0.005495965015143156 0.03436499089002609 -0.1335909068584442
v -0.005825995933264494 0.03499995917081833 -0.13755500316619873
v -0.0063599939458072186 0.03299998864531517 -0.13427099585533142
v -0.005529998801648617 0.03299998864531517 -0.13344000279903412
v -0.005495965015143156 0.03436499089002609 -0.1335909068584442
v -0.005825995933264494 0.03499995917081833 -0.13755500316619873
v -0.005495965015143156 0.03436499089002609 -0.1335909068584442
v -0.004981994163244963 0.035999950021505356 -0.13588400185108185
v -0.0063599939458072186 0.03299998864531517 -0.13427099585533142
v -0.005825995933264494 0.03499995917081833 -0.13755500316619873
v -0.005825995933264494 0.03299998864531517 -0.13755500316619873
v -0.005465983878821135 0.035999950021505356 -0.19683100283145905
v -0.006270945072174072 0.03299998864531517 -0.1974249929189682
v -0.006976962089538574 0.03570698946714401 -0.19643999636173248
v -0.006976962089538574 0.03570698946714401 -0.19643999636173248
v -0.008188962005078793 0.03299998864531517 -0.19641099870204926
v -0.009398995898663998 0.03570698946714401 -0.19634999334812164
v -0.010934939607977867 0.035999950021505356 -0.19662700593471527
v -0.009398995898663998 0.03570698946714401 -0.19634999334812164
v -0.010906989686191082 0.03549997881054878 -0.1985280066728592
v -0.005465983878821135 0.035999950021505356 -0.19683100283145905
v -0.006976962089538574 0.03570698946714401 -0.19643999636173248
v -0.008150993846356869 0.035999950021505356 -0.19541199505329132
v -0.008150993846356869 0.035999950021505356 -0.19541199505329132
v -0.006976962089538574 0.03570698946714401 -0.19643999636173248
v -0.009398995898663998 0.03570698946714401 -0.19634999334812164
v -0.008150993846356869 0.035999950021505356 -0.19541199505329132
v -0.009398995898663998 0.03570698946714401 -0.19634999334812164
v -0.010934939607977867 0.035999950021505356 -0.19662700593471527
v -0.010934939607977867 0.035999950021505356 -0.19662700593471527
v -0.010906989686191082 0.03549997881054878 -0.1985280066728592
v -0.012070950120687485 0.03574996814131737 -0.19934700429439545
v -0.010176950134336948 0.03299998864531517 -0.19727900624275208
v -0.010906989686191082 0.03549997881054878 -0.1985280066728592
v -0.009398995898663998 0.03570698946714401 -0.19634999334812164
v -0.010176950134336948 0.03299998864531517 -0.19727900624275208
v -0.009398995898663998 0.03570698946714401 -0.19634999334812164
v -0.008188962005078793 0.03299998864531517 -0.19641099870204926
v -0.008188962005078793 0.03299998864531517 -0.19641099870204926
v -0.006976962089538574 0.03570698946714401 -0.19643999636173248
v -0.006270945072174072 0.03299998864531517 -0.1974249929189682
v 0.028753990307450294 0.03466897830367088 -0.14855800569057465
v 0.0285719595849514 0.03269999846816063 -0.14866389334201813
v 0.029237980023026466 0.03319995850324631 -0.15010489523410797
v 0.029237980023026466 0.03319995850324631 -0.15010489523410797
v 0.028821999207139015 0.03477096185088158 -0.15041600167751312
v 0.028753990307450294 0.03466897830367088 -0.14855800569057465
v 0.028821999207139015 0.03477096185088158 -0.15041600167751312
v 0.02767598070204258 0.03584599122405052 -0.14936499297618866
v 0.028753990307450294 0.03466897830367088 -0.14855800569057465
v 0.02506398968398571 0.033008988946676254 -0.18007199466228485
v 0.028561940416693687 0.03273797035217285 -0.18533700704574585
v 0.024899950250983238 0.03476500138640404 -0.18000899255275726
v 0.02506398968398571 0.033008988946676254 -0.18007199466228485
v 0.024899950250983238 0.03476500138640404 -0.18000899255275726
v 0.02248799055814743 0.03273797035217285 -0.17429900169372559
v 0.02248799055814743 0.03273797035217285 -0.17429900169372559
v 0.022635990753769875 0.03476500138640404 -0.17424890398979187
v 0.021690959110856056 0.03273797035217285 -0.1679999977350235
v 0.021690959110856056 0.03273797035217285 -0.1679999977350235
v 0.022635990753769875 0.03476500138640404 -0.17424890398979187
v 0.021847959607839584 0.03476500138640404 -0.16811099648475647
v 0.021690959110856056 0.03273797035217285 -0.1679999977350235
v 0.021847959607839584 0.03476500138640404 -0.16811099648475647
v 0.02248799055814743 0.03273797035217285 -0.1617009937763214
v 0.02248799055814743 0.03273797035217285 -0.1617009937763214
v 0.021847959607839584 0.03476500138640404 -0.16811099648475647
v 0.02258199080824852 0.03476500138640404 -0.1619659960269928
v 0.02506398968398571 0.033008988946676254 -0.15592800080776215
v 0.02248799055814743 0.03273797035217285 -0.1617009937763214
v 0.024794990196824074 0.03476500138640404 -0.15618689358234406
v 0.02506398968398571 0.033008988946676254 -0.15592800080776215
v 0.024794990196824074 0.03476500138640404 -0.15618689358234406
v 0.029237980023026466 0.03319995850324631 -0.15010489523410797
v 0.029237980023026466 0.03319995850324631 -0.15010489523410797
v 0.024794990196824074 0.03476500138640404 -0.15618689358234406
v 0.028821999207139015 0.03477096185088158 -0.15041600167751312
v -0.02772694081068039 0.03249996155500412 -0.16905200481414795
v -0.02779996022582054 0.033036939799785614 -0.16993090510368347
v -0.02772694081068039 0.03249996155500412 -0.16694800555706024
v -0.02772694081068039 0.03249996155500412 -0.16694800555706024
v -0.02779996022582054 0.033036939799785614 -0.16993090510368347
v -0.02779996022582054 0.033036939799785614 -0.16606900095939636
vt 0 0
vt 0 0
vt 0 0
vt 0 0
vt 0 0
vt 0 0
vt 0 0
vt 0 0
vt 0 0
vt 0 0
vt 0 0
vt 0 0
vt 0 0
vt 0 0
vt 0 0
vt 0 0
vt 0 0
vt 0 0
vt 0 0
vt 0 0
vt 0 0
vt 0 0
vt 0 0
vt 0 0
vt 0 0
vt 0 0
vt 0 0
vt 0 0
vt 0 0
vt 0 0
vt 0 0
vt 0 0
vt 0 0
vt 0 0
vt 0 0
vt 0 0
vt 0 0
vt 0 0
vt 0 0
vt 0 0
vt 0 0
vt 0 0
vt 0 0
vt 0 0
vt 0 0
vt 0 0
vt 0 0
vt 0 0
vt 0 0
vt 0 0
vt 0 0
vt 0 0
vt 0 0
vt 0 0
vt 0 0
vt 0 0
vt 0 0
vt 0 0
vt 0 0
vt 0 0
vt 0 0
vt 0 0
vt 0 0
vt 0 0
vt 0 0
vt 0 0
vt 0 0
vt 0 0
vt 0 0
vt 0 0
vt 0 0
vt 0 0
vt 0 0
vt 0 0
vt 0 0
vt 0 0
vt 0 0
vt 0 0
vt 0 0
vt 0 0
vt 0 0
vt 0 0
vt 0 0
vt 0 0
vt 0 0
vt 0 0
vt 0 0
vt 0 0
vt 0 0
vt 0 0
vt 0 0
vt 0 0
vt 0 0
vt 0 0
vt 0 0
vt 0 0
vt 0 0
vt 0 0
vt 0 0
vt 0 0
vt 0 0
vt 0 0
vt 0 0
vt 0 0
vt 0 0
vt 0 0
vt 0 0
vt 0 0
vt 0 0
vt 0 0
vt 0 0
vt 0 0
vt 0 0
vt 0 0
vt 0 0
vt 0 0
vt 0 0
vt 0 0
vt 0 0
vt 0 0
vt 0 0
vt 0 0
vt 0 0
vt 0 0
vt 0 0
vt 0 0
vt 0 0
vt 0 0
vt 0 0
vt 0 0
vt 0 0
vt 0 0
vt 0 0
vt 0 0
vt 0 0
vt 0 0
vt 0 0
vt 0 0
vt 0 0
vt 0 0
vt 0 0
vt 0 0
vt 0 0
vt 0 0
vt 0 0
vt 0 0
vt 0 0
vt 0 0
vt 0 0
vt 0 0
vt 0 0
vt 0 0
vt 0 0
vt 0 0
vt 0 0
vt 0 0
vt 0 0
vt 0 0
vt 0 0
vt 0 0
vt 0 0
vt 0 0
vt 0 0
vt 0 0
vt 0 0
vt 0 0
vt 0 0
vt 0 0
vt 0 0
vt 0 0
vt 0 0
vt 0 0
vt 0 0
vt 0 0
vt 0 0
vt 0 0
vt 0 0
vt 0 0
vt 0 0
vt 0 0
vt 0 0
vt 0 0
vt 0 0
vt 0 0
vt 0 0
vt 0 0
vt 0 0
vt 0 0
vt 0 0
vt 0 0
vt 0 0
vt 0 0
vt 0 0
vt 0 0
vt 0 0
vt 0 0
vt 0 0
vt 0 0
vt 0 0
vt 0 0
vt 0 0
vt 0 0
vt 0 0
vt 0 0
vt 0 0
vt 0 0
vt 0 0
vt 0 0
vt 0 0
vt 0 0
vt 0 0
vt 0 0
vt 0 0
vt 0 0
vt 0 0
vt 0 0
vt 0 0
vt 0 0
vt 0 0
vt 0 0
vt 0 0
vt 0 0
vt 0 0
vt 0 0
vt 0 0
vt 0 0
vt 0 0
vt 0 0
vt 0 0
vt 0 0
vt 0 0
vt 0 0
vt 0 0
vt 0 0
vt 0 0
vt 0 0
vt 0 0
vt 0 0
vt 0 0
vt 0 0
vt 0 0
vt 0 0
vt 0 0
vt 0 0
vt 0 0
vt 0 0
vt 0 0
vt 0 0
vt 0 0
vt 0 0
vt 0 0
vt 0 0
vt 0 0
vt 0 0
vt 0 0
vt 0 0
vt 0 0
vt 0 0
vt 0 0
vt 0 0
vt 0 0
vt 0 0
vt 0 0
vt 0 0
vt 0 0
vt 0 0
vt 0 0
vt 0 0
vt 0 0
vt 0 0
vt 0 0
vt 0 0
vt 0 0
vt 0 0
vt 0 0
vt 0 0
vt 0 0
vt 0 0
vt 0 0
vt 0 0
vt 0 0
vt 0 0
vt 0 0
vt 0 0
vt 0 0
vt 0 0
vt 0 0
vt 0 0
vt 0 0
vt 0 0
vt 0 0
vt 0 0
vt 0 0
vt 0 0
vt 0 0
vt 0 0
vt 0 0
vt 0 0
vt 0 0
vt 0 0
vt 0 0
vt 0 0
vt 0 0
vt 0 0
vt 0 0
vt 0 0
vt 0 0
vt 0 0
vt 0 0
vt 0 0
vt 0 0
vt 0 0
vt 0 0
vt 0 0
vt 0 0
vt 0 0
vt 0 0
vt 0 0
vt 0 0
vt 0 0
vt 0 0
vt 0 0
vt 0 0
vt 0 0
vt 0 0
vt 0 0
vt 0 0
vt 0 0
vt 0 0
vt 0 0
vt 0 0
vt 0 0
vt 0 0
vt 0 0
vt 0 0
vt 0 0
vt 0 0
vt 0 0
vt 0 0
vt 0 0
vt 0 0
vt 0 0
vt 0 0
vt 0 0
vt 0 0
vt 0 0
vt 0 0
vt 0 0
vt 0 0
vt 0 0
vt 0 0
vt 0 0
vt 0 0
vt 0 0
vt 0 0
vt 0 0
vt 0 0
vt 0 0
vt 0 0
vt 0 0
vt 0 0
vt 0 0
vt 0 0
vt 0 0
vt 0 0
vt 0 0
vt 0 0
vt 0 0
vt 0 0
vt 0 0
vt 0 0
vt 0 0
vt 0 0
vt 0 0
vt 0 0
vt 0 0
vt 0 0
vt 0 0
vt 0 0
vt 0 0
vt 0 0
vt 0 0
vt 0 0
vt 0 0
vt 0 0
vt 0 0
vt 0 0
vt 0 0
vt 0 0
vt 0 0
vt 0 0
vt 0 0
vt 0 0
vt 0 0
vt 0 0
vt 0 0
vt 0 0
vt 0 0
vt 0 0
vt 0 0
vt 0 0
vt 0 0
vt 0 0
vt 0 0
vt 0 0
vt 0 0
vt 0 0
vt 0 0
vt 0 0
vt 0 0
vt 0 0
vt 0 0
vt 0 0
vt 0 0
vt 0 0
vt 0 0
vt 0 0
vt 0 0
vt 0 0
vt 0 0
vt 0 0
vt 0 0
vt 0 0
vt 0 0
vt 0 0
vt 0 0
vt 0 0
vt 0 0
vt 0 0
vt 0 0
vt 0 0
vt 0 0
vt 0 0
vt 0 0
vt 0 0
vt 0 0
vt 0 0
vt 0 0
vt 0 0
vt 0 0
vt 0 0
vt 0 0
vt 0 0
vt 0 0
vt 0 0
vt 0 0
vt 0 0
vt 0 0
vt 0 0
vt 0 0
vt 0 0
vt 0 0
vt 0 0
vt 0 0
vt 0 0
vt 0 0
vt 0 0
vt 0 0
vt 0 0
vt 0 0
vt 0 0
vt 0 0
vt 0 0
vt 0 0
vt 0 0
vt 0 0
vt 0 0
vt 0 0
vt 0 0
vt 0 0
vt 0 0
vt 0 0
vt 0 0
vt 0 0
vt 0 0
vt 0 0
vt 0 0
vt 0 0
vt 0 0
vt 0 0
vt 0 0
vt 0 0
vt 0 0
vt 0 0
vt 0 0
vt 0 0
vt 0 0
vt 0 0
vt 0 0
vt 0 0
vt 0 0
vt 0 0
vt 0 0
vt 0 0
vt 0 0
vt 0 0
vt 0 0
vt 0 0
vt 0 0
vt 0 0
vt 0 0
vt 0 0
vt 0 0
vt 0 0
vt 0 0
vt 0 0
vt 0 0
vt 0 0
vt 0 0
vt 0 0
vt 0 0
vt 0 0
vt 0 0
vt 0 0
vt 0 0
vt 0 0
vt 0 0
vt 0 0
vt 0 0
vt 0 0
vt 0 0
vt 0 0
vt 0 0
vt 0 0
vt 0 0
vt 0 0
vt 0 0
vt 0 0
vt 0 0
vt 0 0
vt 0 0
vt 0 0
vt 0 0
vt 0 0
vt 0 0
vt 0 0
vt 0 0
vt 0 0
vt 0 0
vt 0 0
vt 0 0
vt 0 0
vt 0 0
vt 0 0
vt 0 0
vt 0 0
vt 0 0
vt 0 0
vt 0 0
vt 0 0
vt 0 0
vt 0 0
vt 0 0
vt 0 0
vt 0 0
vt 0 0
vt 0 0
vt 0 0
vt 0 0
vt 0 0
vt 0 0
vt 0 0
vt 0 0
vt 0 0
vt 0 0
vt 0 0
vt 0 0
vt 0 0
vt 0 0
vt 0 0
vt 0 0
vt 0 0
vt 0 0
vt 0 0
vt 0 0
vt 0 0
vt 0 0
vt 0 0
vt 0 0
vt 0 0
vt 0 0
vt 0 0
vt 0 0
vt 0 0
vt 0 0
vt 0 0
vt 0 0
vt 0 0
vt 0 0
vt 0 0
vt 0 0
vt 0 0
vt 0 0
vt 0 0
vt 0 0
vt 0 0
vt 0 0
vt 0 0
vt 0 0
vt 0 0
vt 0 0
vt 0 0
vt 0 0
vt 0 0
vt 0 0
vt 0 0
vt 0 0
vt 0 0
vt 0 0
vt 0 0
vt 0 0
vt 0 0
vt 0 0
vt 0 0
vt 0 0
vt 0 0
vt 0 0
vt 0 0
vt 0 0
vt 0 0
vt 0 0
vt 0 0
vt 0 0
vt 0 0
vt 0 0
vt 0 0
vt 0 0
vt 0 0
vt 0 0
vt 0 0
vt 0 0
vt 0 0
vt 0 0
vt 0 0
vt 0 0
vt 0 0
vt 0 0
vt 0 0
vt 0 0
vt 0 0
vt 0 0
vt 0 0
vt 0 0
vt 0 0
vt 0 0
vt 0 0
vt 0 0
vt 0 0
vt 0 0
vt 0 0
vt 0 0
vt 0 0
vt 0 0
vt 0 0
vt 0 0
vt 0 0
vt 0 0
vt 0 0
vt 0 0
vt 0 0
vt 0 0
vt 0 0
vt 0 0
vt 0 0
vt 0 0
vt 0 0
vt 0 0
vt 0 0
vt 0 0
vt 0 0
vt 0 0
vt 0 0
vt 0 0
vt 0 0
vt 0 0
vt 0 0
vt 0 0
vt 0 0
vt 0 0
vt 0 0
vt 0 0
vt 0 0
vt 0 0
vt 0 0
vt 0 0
vt 0 0
vt 0 0
vt 0 0
vt 0 0
vt 0 0
vt 0 0
vt 0 0
vt 0 0
vt 0 0
vt 0 0
vt 0 0
vt 0 0
vt 0 0
vt 0 0
vt 0 0
vt 0 0
vt 0 0
vt 0 0
vt 0 0
vt 0 0
vt 0 0
vt 0 0
vt 0 0
vt 0 0
vt 0 0
vt 0 0
vt 0 0
vt 0 0
vt 0 0
vt 0 0
vt 0 0
vt 0 0
vt 0 0
vt 0 0
vt 0 0
vt 0 0
vt 0 0
vt 0 0
vt 0 0
vt 0 0
vt 0 0
vt 0 0
vt 0 0
vt 0 0
vt 0 0
vt 0 0
vt 0 0
vt 0 0
vt 0 0
vt 0 0
vt 0 0
vt 0 0
vt 0 0
vt 0 0
vt 0 0
vt 0 0
vt 0 0
vt 0 0
vt 0 0
vt 0 0
vt 0 0
vt 0 0
vt 0 0
vt 0 0
vt 0 0
vt 0 0
vt 0 0
vt 0 0
vt 0 0
vt 0 0
vt 0 0
vt 0 0
vt 0 0
vt 0 0
vt 0 0
vt 0 0
vt 0 0
vt 0 0
vt 0 0
vt 0 0
vt 0 0
vt 0 0
vt 0 0
vt 0 0
vt 0 0
vt 0 0
vt 0 0
vt 0 0
vt 0 0
vt 0 0
vt 0 0
vt 0 0
vt 0 0
vt 0 0
vt 0 0
vt 0 0
vt 0 0
vt 0 0
vt 0 0
vt 0 0
vt 0 0
vt 0 0
vt 0 0
vt 0 0
vt 0 0
vt 0 0
vt 0 0
vt 0 0
vt 0 0
vt 0 0
vt 0 0
vt 0 0
vt 0 0
vt 0 0
vt 0 0
vt 0 0
vt 0 0
vt 0 0
vt 0 0
vt 0 0
vt 0 0
vt 0 0
vt 0 0
vt 0 0
vt 0 0
vt 0 0
vt 0 0
vt 0 0
vt 0 0
vt 0 0
vt 0 0
vt 0 0
vt 0 0
vt 0 0
vt 0 0
vt 0 0
vt 0 0
vt 0 0
vt 0 0
vt 0 0
vt 0 0
vt 0 0
vt 0 0
vt 0 0
vt 0 0
vt 0 0
vt 0 0
vt 0 0
vt 0 0
vt 0 0
vt 0 0
vt 0 0
vt 0 0
vt 0 0
vt 0 0
vt 0 0
vt 0 0
vt 0 0
vt 0 0
vt 0 0
vt 0 0
vt 0 0
vt 0 0
vt 0 0
vt 0 0
vt 0 0
vt 0 0
vt 0 0
vt 0 0
vt 0 0
vt 0 0
vt 0 0
vt 0 0
vt 0 0
vt 0 0
vt 0 0
vt 0 0
vt 0 0
vt 0 0
vt 0 0
vt 0 0
vt 0 0
vt 0 0
vt 0 0
vt 0 0
vt 0 0
vt 0 0
vt 0 0
vt 0 0
vt 0 0
vt 0 0
vt 0 0
vt 0 0
vt 0 0
vt 0 0
vt 0 0
vt 0 0
vt 0 0
vt 0 0
vt 0 0
vt 0 0
vt 0 0
vt 0 0
vt 0 0
vt 0 0
vt 0 0
vt 0 0
vt 0 0
vt 0 0
vt 0 0
vt 0 0
vt 0 0
vt 0 0
vt 0 0
vt 0 0
vt 0 0
vt 0 0
vt 0 0
vt 0 0
vt 0 0
vt 0 0
vt 0 0
vt 0 0
vt 0 0
vt 0 0
vt 0 0
vt 0 0
vt 0 0
vt 0 0
vt 0 0
vt 0 0
vt 0 0
vt 0 0
vt 0 0
vt 0 0
vt 0 0
vt 0 0
vt 0 0
vt 0 0
vt 0 0
vt 0 0
vt 0 0
vt 0 0
vt 0 0
vt 0 0
vt 0 0
vt 0 0
vt 0 0
vt 0 0
vt 0 0
vt 0 0
vt 0 0
vt 0 0
vt 0 0
vt 0 0
vt 0 0
vt 0 0
vt 0 0
vt 0 0
vt 0 0
vt 0 0
vt 0 0
vt 0 0
vt 0 0
vt 0 0
vt 0 0
vt 0 0
vt 0 0
vt 0 0
vt 0 0
vt 0 0
vt 0 0
vt 0 0
vt 0 0
vt 0 0
vt 0 0
vt 0 0
vt 0 0
vt 0 0
vt 0 0
vt 0 0
vt 0 0
vt 0 0
vt 0 0
vt 0 0
vt 0 0
vt 0 0
vt 0 0
vt 0 0
vt 0 0
vt 0 0
vt 0 0
vt 0 0
vt 0 0
vt 0 0
vt 0 0
vt 0 0
vt 0 0
vt 0 0
vt 0 0
vt 0 0
vt 0 0
vt 0 0
vt 0 0
vt 0 0
vt 0 0
vt 0 0
vt 0 0
vt 0 0
vt 0 0
vt 0 0
vt 0 0
vt 0 0
vt 0 0
vt 0 0
vt 0 0
vt 0 0
vt 0 0
vt 0 0
vt 0 0
vt 0 0
vt 0 0
vt 0 0
vt 0 0
vt 0 0
vt 0 0
vt 0 0
vt 0 0
vt 0 0
vt 0 0
vt 0 0
vt 0 0
vt 0 0
vt 0 0
vt 0 0
vt 0 0
vt 0 0
vt 0 0
vt 0 0
vt 0 0
vt 0 0
vt 0 0
vt 0 0
vt 0 0
vt 0 0
vt 0 0
vt 0 0
vt 0 0
vt 0 0
vt 0 0
vt 0 0
vt 0 0
vt 0 0
vt 0 0
vt 0 0
vt 0 0
vt 0 0
vt 0 0
vt 0 0
vt 0 0
vt 0 0
vt 0 0
vt 0 0
vt 0 0
vt 0 0
vt 0 0
vt 0 0
vt 0 0
vt 0 0
vt 0 0
vt 0 0
vt 0 0
vt 0 0
vt 0 0
vt 0 0
vt 0 0
vt 0 0
vt 0 0
vt 0 0
vt 0 0
vt 0 0
vt 0 0
vt 0 0
vt 0 0
vt 0 0
vt 0 0
vt 0 0
vt 0 0
vt 0 0
vt 0 0
vt 0 0
vt 0 0
vt 0 0
vt 0 0
vt 0 0
vt 0 0
vt 0 0
vt 0 0
vt 0 0
vt 0 0
vt 0 0
vt 0 0
vt 0 0
vt 0 0
vt 0 0
vt 0 0
vt 0 0
vt 0 0
vt 0 0
vt 0 0
vt 0 0
vt 0 0
vt 0 0
vt 0 0
vt 0 0
vt 0 0
vt 0 0
vt 0 0
vt 0 0
vt 0 0
vt 0 0
vt 0 0
vt 0 0
vt 0 0
vt 0 0
vt 0 0
vt 0 0
vt 0 0
vt 0 0
vt 0 0
vt 0 0
vt 0 0
vt 0 0
vt 0 0
vt 0 0
vt 0 0
vt 0 0
vt 0 0
vt 0 0
vt 0 0
vt 0 0
vt 0 0
vt 0 0
vt 0 0
vt 0 0
vt 0 0
vt 0 0
vt 0 0
vt 0 0
vt 0 0
vt 0 0
vt 0 0
vt 0 0
vt 0 0
vt 0 0
vt 0 0
vt 0 0
vt 0 0
vt 0 0
vt 0 0
vt 0 0
vt 0 0
vt 0 0
vt 0 0
vt 0 0
vt 0 0
vt 0 0
vt 0 0
vt 0 0
vt 0 0
vt 0 0
vt 0 0
vt 0 0
vt 0 0
vt 0 0
vt 0 0
vt 0 0
vt 0 0
vt 0 0
vt 0 0
vt 0 0
vt 0 0
vt 0 0
vt 0 0
vt 0 0
vt 0 0
vt 0 0
vt 0 0
vt 0 0
vt 0 0
vt 0 0
vt 0 0
vt 0 0
vt 0 0
vt 0 0
vt 0 0
vt 0 0
vt 0 0
vt 0 0
vt 0 0
vt 0 0
vt 0 0
vt 0 0
vt 0 0
vt 0 0
vt 0 0
vt 0 0
vt 0 0
vt 0 0
vt 0 0
vt 0 0
vt 0 0
vt 0 0
vt 0 0
vt 0 0
vt 0 0
vt 0 0
vt 0 0
vt 0 0
vt 0 0
vt 0 0
vt 0 0
vt 0 0
vt 0 0
vt 0 0
vt 0 0
vt 0 0
vt 0 0
vt 0 0
vt 0 0
vt 0 0
vt 0 0
vt 0 0
vt 0 0
vt 0 0
vt 0 0
vt 0 0
vt 0 0
vt 0 0
vt 0 0
vt 0 0
vt 0 0
vt 0 0
vt 0 0
vt 0 0
vt 0 0
vt 0 0
vt 0 0
vt 0 0
vt 0 0
vt 0 0
vt 0 0
vt 0 0
vt 0 0
vt 0 0
vt 0 0
vt 0 0
vt 0 0
vt 0 0
vt 0 0
vt 0 0
vt 0 0
vt 0 0
vt 0 0
vt 0 0
vt 0 0
vt 0 0
vt 0 0
vt 0 0
vt 0 0
vt 0 0
vt 0 0
vt 0 0
vt 0 0
vt 0 0
vt 0 0
vt 0 0
vt 0 0
vt 0 0
vt 0 0
vt 0 0
vt 0 0
vt 0 0
vt 0 0
vt 0 0
vt 0 0
vt 0 0
vt 0 0
vt 0 0
vt 0 0
vt 0 0
vt 0 0
vt 0 0
vt 0 0
vt 0 0
vt 0 0
vt 0 0
vt 0 0
vt 0 0
vt 0 0
vt 0 0
vt 0 0
vt 0 0
vt 0 0
vt 0 0
vt 0 0
vt 0 0
vt 0 0
vt 0 0
vt 0 0
vt 0 0
vt 0 0
vt 0 0
vt 0 0
vt 0 0
vt 0 0
vt 0 0
vt 0 0
vt 0 0
vt 0 0
vt 0 0
vt 0 0
vt 0 0
vt 0 0
vt 0 0
vt 0 0
vt 0 0
vt 0 0
vt 0 0
vt 0 0
vt 0 0
vt 0 0
vt 0 0
vt 0 0
vt 0 0
vt 0 0
vt 0 0
vt 0 0
vt 0 0
vt 0 0
vt 0 0
vt 0 0
vt 0 0
vt 0 0
vt 0 0
vt 0 0
vt 0 0
vt 0 0
vt 0 0
vt 0 0
vt 0 0
vt 0 0
vt 0 0
vt 0 0
vt 0 0
vt 0 0
vt 0 0
vt 0 0
vt 0 0
vt 0 0
vt 0 0
vt 0 0
vt 0 0
vt 0 0
vt 0 0
vt 0 0
vt 0 0
vt 0 0
vt 0 0
vt 0 0
vt 0 0
vt 0 0
vt 0 0
vt 0 0
vt 0 0
vt 0 0
vt 0 0
vt 0 0
vt 0 0
vt 0 0
vt 0 0
vt 0 0
vt 0 0
vt 0 0
vt 0 0
vt 0 0
vt 0 0
vt 0 0
vt 0 0
vt 0 0
vt 0 0
vt 0 0
vt 0 0
vt 0 0
vt 0 0
vt 0 0
vt 0 0
vt 0 0
vt 0 0
vt 0 0
vt 0 0
vt 0 0
vt 0 0
vt 0 0
vt 0 0
vt 0 0
vt 0 0
vt 0 0
vt 0 0
vt 0 0
vt 0 0
vt 0 0
vt 0 0
vt 0 0
vt 0 0
vt 0 0
vt 0 0
vt 0 0
vt 0 0
vt 0 0
vt 0 0
vt 0 0
vt 0 0
vt 0 0
vt 0 0
vt 0 0
vt 0 0
vt 0 0
vt 0 0
vt 0 0
vt 0 0
vt 0 0
vt 0 0
vt 0 0
vt 0 0
vt 0 0
vt 0 0
vt 0 0
vt 0 0
vt 0 0
vt 0 0
vt 0 0
vt 0 0
vt 0 0
vt 0 0
vt 0 0
vt 0 0
vt 0 0
vt 0 0
vt 0 0
vt 0 0
vt 0 0
vt 0 0
vt 0 0
vt 0 0
vt 0 0
vt 0 0
vt 0 0
vt 0 0
vt 0 0
vt 0 0
vt 0 0
vt 0 0
vt 0 0
vt 0 0
vt 0 0
vt 0 0
vt 0 0
vt 0 0
vt 0 0
vt 0 0
vt 0 0
vt 0 0
vt 0 0
vt 0 0
vt 0 0
vt 0 0
vt 0 0
vt 0 0
vt 0 0
vt 0 0
vt 0 0
vt 0 0
vt 0 0
vt 0 0
vt 0 0
vt 0 0
vt 0 0
vt 0 0
vt 0 0
vt 0 0
vt 0 0
vt 0 0
vt 0 0
vt 0 0
vt 0 0
vt 0 0
vt 0 0
vt 0 0
vt 0 0
vt 0 0
vt 0 0
vt 0 0
vt 0 0
vt 0 0
vt 0 0
vt 0 0
vt 0 0
vt 0 0
vt 0 0
vt 0 0
vt 0 0
vt 0 0
vt 0 0
vt 0 0
vt 0 0
vt 0 0
vt 0 0
vt 0 0
vt 0 0
vt 0 0
vt 0 0
vt 0 0
vt 0 0
vt 0 0
vt 0 0
vt 0 0
vt 0 0
vt 0 0
vt 0 0
vt 0 0
vt 0 0
vt 0 0
vt 0 0
vt 0 0
vt 0 0
vt 0 0
vt 0 0
vt 0 0
vt 0 0
vt 0 0
vt 0 0
vt 0 0
vt 0 0
vt 0 0
vt 0 0
vt 0 0
vt 0 0
vt 0 0
vt 0 0
vt 0 0
vt 0 0
vt 0 0
vt 0 0
vt 0 0
vt 0 0
vt 0 0
vt 0 0
vt 0 0
vt 0 0
vt 0 0
vt 0 0
vt 0 0
vt 0 0
vt 0 0
vt 0 0
vt 0 0
vt 0 0
vt 0 0
vt 0 0
vt 0 0
vt 0 0
vt 0 0
vt 0 0
vt 0 0
vt 0 0
vt 0 0
vt 0 0
vt 0 0
vt 0 0
vt 0 0
vt 0 0
vt 0 0
vt 0 0
vt 0 0
vt 0 0
vt 0 0
vt 0 0
vt 0 0
vt 0 0
vt 0 0
vt 0 0
vt 0 0
vt 0 0
vt 0 0
vt 0 0
vt 0 0
vt 0 0
vt 0 0
vt 0 0
vt 0 0
vt 0 0
vt 0 0
vt 0 0
vt 0 0
vt 0 0
vt 0 0
vt 0 0
vt 0 0
vt 0 0
vt 0 0
vt 0 0
vt 0 0
vt 0 0
vt 0 0
vt 0 0
vt 0 0
vt 0 0
vt 0 0
vt 0 0
vt 0 0
vt 0 0
vt 0 0
vt 0 0
vt 0 0
vt 0 0
vt 0 0
vt 0 0
vt 0 0
vt 0 0
vt 0 0
vt 0 0
vt 0 0
vt 0 0
vt 0 0
vt 0 0
vt 0 0
vt 0 0
vt 0 0
vt 0 0
vt 0 0
vt 0 0
vt 0 0
vt 0 0
vt 0 0
vt 0 0
vt 0 0
vt 0 0
vt 0 0
vt 0 0
vt 0 0
vt 0 0
vt 0 0
vt 0 0
vt 0 0
vt 0 0
vt 0 0
vt 0 0
vt 0 0
vt 0 0
vt 0 0
vt 0 0
vt 0 0
vt 0 0
vt 0 0
vt 0 0
vt 0 0
vt 0 0
vt 0 0
vt 0 0
vt 0 0
vt 0 0
vt 0 0
vt 0 0
vt 0 0
vt 0 0
vt 0 0
vt 0 0
vt 0 0
vt 0 0
vt 0 0
vt 0 0
vt 0 0
vt 0 0
vt 0 0
vt 0 0
vt 0 0
vt 0 0
vt 0 0
vt 0 0
vt 0 0
vt 0 0
vt 0 0
vt 0 0
vt 0 0
vt 0 0
vt 0 0
vt 0 0
vt 0 0
vt 0 0
vt 0 0
vt 0 0
vt 0 0
vt 0 0
vt 0 0
vt 0 0
vt 0 0
vt 0 0
vt 0 0
vt 0 0
vt 0 0
vt 0 0
vt 0 0
vt 0 0
vt 0 0
vt 0 0
vt 0 0
vt 0 0
vt 0 0
vt 0 0
vt 0 0
vt 0 0
vt 0 0
vt 0 0
vt 0 0
vt 0 0
vt 0 0
vt 0 0
vt 0 0
vt 0 0
vt 0 0
vt 0 0
vt 0 0
vt 0 0
vt 0 0
vt 0 0
vt 0 0
vt 0 0
vt 0 0
vt 0 0
vt 0 0
vt 0 0
vt 0 0
vt 0 0
vt 0 0
vt 0 0
vt 0 0
vt 0 0
vt 0 0
vt 0 0
vt 0 0
vt 0 0
vt 0 0
vt 0 0
vt 0 0
vt 0 0
vt 0 0
vt 0 0
vt 0 0
vt 0 0
vt 0 0
vt 0 0
vt 0 0
vt 0 0
vt 0 0
vt 0 0
vt 0 0
vt 0 0
vt 0 0
vt 0 0
vt 0 0
vt 0 0
vt 0 0
vt 0 0
vt 0 0
vt 0 0
vt 0 0
vt 0 0
vt 0 0
vt 0 0
vt 0 0
vt 0 0
vt 0 0
vt 0 0
vt 0 0
vt 0 0
vt 0 0
vt 0 0
vt 0 0
vt 0 0
vt 0 0
vt 0 0
vt 0 0
vt 0 0
vt 0 0
vt 0 0
vt 0 0
vt 0 0
vt 0 0
vt 0 0
vt 0 0
vt 0 0
vt 0 0
vt 0 0
vt 0 0
vt 0 0
vt 0 0
vt 0 0
vt 0 0
vt 0 0
vt 0 0
vt 0 0
vt 0 0
vt 0 0
vt 0 0
vt 0 0
vt 0 0
vt 0 0
vt 0 0
vt 0 0
vt 0 0
vt 0 0
vt 0 0
vt 0 0
vt 0 0
vt 0 0
vt 0 0
vt 0 0
vt 0 0
vt 0 0
vt 0 0
vt 0 0
vt 0 0
vt 0 0
vt 0 0
vt 0 0
vt 0 0
vt 0 0
vt 0 0
vt 0 0
vt 0 0
vt 0 0
vt 0 0
vt 0 0
vt 0 0
vt 0 0
vt 0 0
vt 0 0
vt 0 0
vt 0 0
vt 0 0
vt 0 0
vt 0 0
vt 0 0
vt 0 0
vt 0 0
vt 0 0
vt 0 0
vt 0 0
vt 0 0
vt 0 0
vt 0 0
vt 0 0
vt 0 0
vt 0 0
vt 0 0
vt 0 0
vt 0 0
vt 0 0
vt 0 0
vt 0 0
vt 0 0
vt 0 0
vt 0 0
vt 0 0
vt 0 0
vt 0 0
vt 0 0
vt 0 0
vt 0 0
vt 0 0
vt 0 0
vt 0 0
vt 0 0
vt 0 0
vt 0 0
vt 0 0
vt 0 0
vt 0 0
vt 0 0
vt 0 0
vt 0 0
vt 0 0
vt 0 0
vt 0 0
vt 0 0
vt 0 0
vt 0 0
vt 0 0
vt 0 0
vt 0 0
vt 0 0
vt 0 0
vt 0 0
vt 0 0
vt 0 0
vt 0 0
vt 0 0
vt 0 0
vt 0 0
vt 0 0
vt 0 0
vt 0 0
vt 0 0
vt 0 0
vt 0 0
vt 0 0
vt 0 0
vt 0 0
vt 0 0
vt 0 0
vt 0 0
vt 0 0
vt 0 0
vt 0 0
vt 0 0
vt 0 0
vt 0 0
vt 0 0
vt 0 0
vt 0 0
vt 0 0
vt 0 0
vt 0 0
vt 0 0
vt 0 0
vt 0 0
vt 0 0
vt 0 0
vt 0 0
vt 0 0
vt 0 0
vt 0 0
vt 0 0
vt 0 0
vt 0 0
vt 0 0
vt 0 0
vt 0 0
vt 0 0
vt 0 0
vt 0 0
vt 0 0
vt 0 0
vt 0 0
vt 0 0
vt 0 0
vt 0 0
vt 0 0
vt 0 0
vt 0 0
vt 0 0
vt 0 0
vt 0 0
vt 0 0
vt 0 0
vt 0 0
vt 0 0
vt 0 0
vt 0 0
vt 0 0
vt 0 0
vt 0 0
vt 0 0
vt 0 0
vt 0 0
vt 0 0
vt 0 0
vt 0 0
vt 0 0
vt 0 0
vt 0 0
vt 0 0
vt 0 0
vt 0 0
vt 0 0
vt 0 0
vt 0 0
vt 0 0
vt 0 0
vt 0 0
vt 0 0
vt 0 0
vt 0 0
vt 0 0
vt 0 0
vt 0 0
vt 0 0
vt 0 0
vt 0 0
vt 0 0
vt 0 0
vt 0 0
vt 0 0
vt 0 0
vt 0 0
vt 0 0
vt 0 0
vt 0 0
vt 0 0
vt 0 0
vt 0 0
vt 0 0
vt 0 0
vt 0 0
vt 0 0
vt 0 0
vt 0 0
vt 0 0
vt 0 0
vt 0 0
vt 0 0
vt 0 0
vt 0 0
vt 0 0
vt 0 0
vt 0 0
vt 0 0
vt 0 0
vt 0 0
vt 0 0
vt 0 0
vt 0 0
vt 0 0
vt 0 0
vt 0 0
vt 0 0
vt 0 0
vt 0 0
vt 0 0
vt 0 0
vt 0 0
vt 0 0
vt 0 0
vt 0 0
vt 0 0
vt 0 0
vt 0 0
vt 0 0
vt 0 0
vt 0 0
vt 0 0
vt 0 0
vt 0 0
vt 0 0
vt 0 0
vt 0 0
vt 0 0
vt 0 0
vt 0 0
vt 0 0
vt 0 0
vt 0 0
vt 0 0
vt 0 0
vt 0 0
vt 0 0
vt 0 0
vt 0 0
vt 0 0
vt 0 0
vt 0 0
vt 0 0
vt 0 0
vt 0 0
vt 0 0
vt 0 0
vt 0 0
vt 0 0
vt 0 0
vt 0 0
vt 0 0
vt 0 0
vt 0 0
vt 0 0
vt 0 0
vt 0 0
vt 0 0
vt 0 0
vt 0 0
vt 0 0
vt 0 0
vt 0 0
vt 0 0
vt 0 0
vt 0 0
vt 0 0
vt 0 0
vt 0 0
vt 0 0
vt 0 0
vt 0 0
vt 0 0
vt 0 0
vt 0 0
vt 0 0
vt 0 0
vt 0 0
vt 0 0
vt 0 0
vt 0 0
vt 0 0
vt 0 0
vt 0 0
vt 0 0
vt 0 0
vt 0 0
vt 0 0
vt 0 0
vt 0 0
vt 0 0
vt 0 0
vt 0 0
vt 0 0
vt 0 0
vt 0 0
vt 0 0
vt 0 0
vt 0 0
vt 0 0
vt 0 0
vt 0 0
vt 0 0
vt 0 0
vt 0 0
vt 0 0
vt 0 0
vt 0 0
vt 0 0
vt 0 0
vt 0 0
vt 0 0
vt 0 0
vt 0 0
vt 0 0
vt 0 0
vt 0 0
vt 0 0
vt 0 0
vt 0 0
vt 0 0
vt 0 0
vt 0 0
vt 0 0
vt 0 0
vt 0 0
vt 0 0
vt 0 0
vt 0 0
vt 0 0
vt 0 0
vt 0 0
vt 0 0
vt 0 0
vt 0 0
vt 0 0
vt 0 0
vt 0 0
vt 0 0
vt 0 0
vt 0 0
vt 0 0
vt 0 0
vt 0 0
vt 0 0
vt 0 0
vt 0 0
vt 0 0
vt 0 0
vt 0 0
vt 0 0
vt 0 0
vt 0 0
vt 0 0
vt 0 0
vt 0 0
vt 0 0
vt 0 0
vt 0 0
vt 0 0
vt 0 0
vt 0 0
vt 0 0
vt 0 0
vt 0 0
vt 0 0
vt 0 0
vt 0 0
vt 0 0
vt 0 0
vt 0 0
vt 0 0
vt 0 0
vt 0 0
vt 0 0
vt 0 0
vt 0 0
vt 0 0
vt 0 0
vt 0 0
vt 0 0
vt 0 0
vt 0 0
vt 0 0
vt 0 0
vt 0 0
vt 0 0
vt 0 0
vt 0 0
vt 0 0
vt 0 0
vt 0 0
vt 0 0
vt 0 0
vt 0 0
vt 0 0
vt 0 0
vt 0 0
vt 0 0
vt 0 0
vt 0 0
vt 0 0
vt 0 0
vt 0 0
vt 0 0
vt 0 0
vt 0 0
vt 0 0
vt 0 0
vt 0 0
vt 0 0
vt 0 0
vt 0 0
vt 0 0
vt 0 0
vt 0 0
vt 0 0
vt 0 0
vt 0 0
vt 0 0
vt 0 0
vt 0 0
vt 0 0
vt 0 0
vt 0 0
vt 0 0
vt 0 0
vt 0 0
vt 0 0
vt 0 0
vt 0 0
vt 0 0
vt 0 0
vt 0 0
vt 0 0
vt 0 0
vt 0 0
vt 0 0
vt 0 0
vt 0 0
vt 0 0
vt 0 0
vt 0 0
vt 0 0
vt 0 0
vt 0 0
vt 0 0
vt 0 0
vt 0 0
vt 0 0
vt 0 0
vt 0 0
vt 0 0
vt 0 0
vt 0 0
vt 0 0
vt 0 0
vt 0 0
vt 0 0
vt 0 0
vt 0 0
vt 0 0
vt 0 0
vt 0 0
vt 0 0
vt 0 0
vt 0 0
vt 0 0
vt 0 0
vt 0 0
vt 0 0
vt 0 0
vt 0 0
vt 0 0
vt 0 0
vt 0 0
vt 0 0
vt 0 0
vt 0 0
vt 0 0
vt 0 0
vt 0 0
vt 0 0
vt 0 0
vt 0 0
vt 0 0
vt 0 0
vt 0 0
vt 0 0
vt 0 0
vt 0 0
vt 0 0
vt 0 0
vt 0 0
vt 0 0
vt 0 0
vt 0 0
vt 0 0
vt 0 0
vt 0 0
vt 0 0
vt 0 0
vt 0 0
vt 0 0
vt 0 0
vt 0 0
vt 0 0
vt 0 0
vt 0 0
vt 0 0
vt 0 0
vt 0 0
vt 0 0
vt 0 0
vt 0 0
vt 0 0
vt 0 0
vt 0 0
vt 0 0
vt 0 0
vt 0 0
vt 0 0
vt 0 0
vt 0 0
vt 0 0
vt 0 0
vt 0 0
vt 0 0
vt 0 0
vt 0 0
vt 0 0
vt 0 0
vt 0 0
vt 0 0
vt 0 0
vt 0 0
vt 0 0
vt 0 0
vt 0 0
vt 0 0
vt 0 0
vt 0 0
vt 0 0
vt 0 0
vt 0 0
vt 0 0
vt 0 0
vt 0 0
vt 0 0
vt 0 0
vt 0 0
vt 0 0
vt 0 0
vt 0 0
vt 0 0
vt 0 0
vt 0 0
vt 0 0
vt 0 0
vt 0 0
vt 0 0
vt 0 0
vt 0 0
vt 0 0
vt 0 0
vt 0 0
vt 0 0
vt 0 0
vt 0 0
vt 0 0
vt 0 0
vt 0 0
vt 0 0
vt 0 0
vt 0 0
vt 0 0
vt 0 0
vt 0 0
vt 0 0
vt 0 0
vt 0 0
vt 0 0
vt 0 0
vt 0 0
vt 0 0
vt 0 0
vt 0 0
vt 0 0
vt 0 0
vt 0 0
vt 0 0
vt 0 0
vt 0 0
vt 0 0
vt 0 0
vt 0 0
vt 0 0
vt 0 0
vt 0 0
vt 0 0
vt 0 0
vt 0 0
vt 0 0
vt 0 0
vt 0 0
vt 0 0
vt 0 0
vt 0 0
vt 0 0
vt 0 0
vt 0 0
vt 0 0
vt 0 0
vt 0 0
vt 0 0
vt 0 0
vt 0 0
vt 0 0
vt 0 0
vt 0 0
vt 0 0
vt 0 0
vt 0 0
vt 0 0
vt 0 0
vt 0 0
vt 0 0
vt 0 0
vt 0 0
vt 0 0
vt 0 0
vt 0 0
vt 0 0
vt 0 0
vt 0 0
vt 0 0
vt 0 0
vt 0 0
vt 0 0
vt 0 0
vt 0 0
vt 0 0
vt 0 0
vt 0 0
vt 0 0
vt 0 0
vt 0 0
vt 0 0
vt 0 0
vt 0 0
vt 0 0
vt 0 0
vt 0 0
vt 0 0
vt 0 0
vt 0 0
vt 0 0
vt 0 0
vt 0 0
vt 0 0
vt 0 0
vt 0 0
vt 0 0
vt 0 0
vt 0 0
vt 0 0
vt 0 0
vt 0 0
vt 0 0
vt 0 0
vt 0 0
vt 0 0
vt 0 0
vt 0 0
vt 0 0
vt 0 0
vt 0 0
vt 0 0
vt 0 0
vt 0 0
vt 0 0
vt 0 0
vt 0 0
vt 0 0
vt 0 0
vt 0 0
vt 0 0
vt 0 0
vt 0 0
vt 0 0
vt 0 0
vt 0 0
vt 0 0
vt 0 0
vt 0 0
vt 0 0
vt 0 0
vt 0 0
vt 0 0
vt 0 0
vt 0 0
vt 0 0
vt 0 0
vt 0 0
vt 0 0
vt 0 0
vt 0 0
vt 0 0
vt 0 0
vt 0 0
vt 0 0
vt 0 0
vt 0 0
vt 0 0
vt 0 0
vt 0 0
vt 0 0
vt 0 0
vt 0 0
vt 0 0
vt 0 0
vt 0 0
vt 0 0
vt 0 0
vt 0 0
vt 0 0
vt 0 0
vt 0 0
vt 0 0
vt 0 0
vt 0 0
vt 0 0
vt 0 0
vt 0 0
vt 0 0
vt 0 0
vt 0 0
vt 0 0
vt 0 0
vt 0 0
vt 0 0
vt 0 0
vt 0 0
vt 0 0
vt 0 0
vt 0 0
vt 0 0
vt 0 0
vt 0 0
vt 0 0
vt 0 0
vt 0 0
vt 0 0
vt 0 0
vt 0 0
vt 0 0
vt 0 0
vt 0 0
vt 0 0
vt 0 0
vt 0 0
vt 0 0
vt 0 0
vt 0 0
vt 0 0
vt 0 0
vt 0 0
vt 0 0
vt 0 0
vt 0 0
vt 0 0
vt 0 0
vt 0 0
vt 0 0
vt 0 0
vt 0 0
vt 0 0
vt 0 0
vt 0 0
vt 0 0
vt 0 0
vt 0 0
vt 0 0
vt 0 0
vt 0 0
vt 0 0
vt 0 0
vt 0 0
vt 0 0
vt 0 0
vt 0 0
vt 0 0
vt 0 0
vt 0 0
vt 0 0
vt 0 0
vt 0 0
vt 0 0
vt 0 0
vt 0 0
vt 0 0
vt 0 0
vt 0 0
vt 0 0
vt 0 0
vt 0 0
vt 0 0
vt 0 0
vt 0 0
vt 0 0
vt 0 0
vt 0 0
vt 0 0
vt 0 0
vt 0 0
vt 0 0
vt 0 0
vt 0 0
vt 0 0
vt 0 0
vt 0 0
vt 0 0
vt 0 0
vt 0 0
vt 0 0
vt 0 0
vt 0 0
vt 0 0
vt 0 0
vt 0 0
vt 0 0
vt 0 0
vt 0 0
vt 0 0
vt 0 0
vt 0 0
vt 0 0
vt 0 0
vt 0 0
vt 0 0
vt 0 0
vt 0 0
vt 0 0
vt 0 0
vt 0 0
vt 0 0
vt 0 0
vt 0 0
vt 0 0
vt 0 0
vt 0 0
vt 0 0
vt 0 0
vt 0 0
vt 0 0
vt 0 0
vt 0 0
vt 0 0
vt 0 0
vt 0 0
vt 0 0
vt 0 0
vt 0 0
vt 0 0
vt 0 0
vt 0 0
vt 0 0
vt 0 0
vt 0 0
vt 0 0
vt 0 0
vt 0 0
vt 0 0
vt 0 0
vt 0 0
vt 0 0
vt 0 0
vt 0 0
vt 0 0
vt 0 0
vt 0 0
vt 0 0
vt 0 0
vt 0 0
vt 0 0
vt 0 0
vt 0 0
vt 0 0
vt 0 0
vt 0 0
vt 0 0
vt 0 0
vt 0 0
vt 0 0
vt 0 0
vt 0 0
vt 0 0
vt 0 0
vt 0 0
vt 0 0
vt 0 0
vt 0 0
vt 0 0
vt 0 0
vt 0 0
vt 0 0
vt 0 0
vt 0 0
vt 0 0
vt 0 0
vt 0 0
vt 0 0
vt 0 0
vt 0 0
vt 0 0
vt 0 0
vt 0 0
vt 0 0
vt 0 0
vt 0 0
vt 0 0
vt 0 0
vt 0 0
vt 0 0
vt 0 0
vt 0 0
vt 0 0
vt 0 0
vt 0 0
vt 0 0
vt 0 0
vt 0 0
vt 0 0
vt 0 0
vt 0 0
vt 0 0
vt 0 0
vt 0 0
vt 0 0
vt 0 0
vt 0 0
vt 0 0
vt 0 0
vt 0 0
vt 0 0
vt 0 0
vt 0 0
vt 0 0
vt 0 0
vt 0 0
vt 0 0
vt 0 0
vt 0 0
vt 0 0
vt 0 0
vt 0 0
vt 0 0
vt 0 0
vt 0 0
vt 0 0
vt 0 0
vt 0 0
vt 0 0
vt 0 0
vt 0 0
vt 0 0
vt 0 0
vt 0 0
vt 0 0
vt 0 0
vt 0 0
vt 0 0
vt 0 0
vt 0 0
vt 0 0
vt 0 0
vt 0 0
vt 0 0
vt 0 0
vt 0 0
vt 0 0
vt 0 0
vt 0 0
vt 0 0
vt 0 0
vt 0 0
vt 0 0
vt 0 0
vt 0 0
vt 0 0
vt 0 0
vt 0 0
vt 0 0
vt 0 0
vt 0 0
vt 0 0
vt 0 0
vt 0 0
vt 0 0
vt 0 0
vt 0 0
vt 0 0
vt 0 0
vt 0 0
vt 0 0
vt 0 0
vt 0 0
vt 0 0
vt 0 0
vt 0 0
vt 0 0
vt 0 0
vt 0 0
vt 0 0
vt 0 0
vt 0 0
vt 0 0
vt 0 0
vt 0 0
vt 0 0
vt 0 0
vt 0 0
vt 0 0
vt 0 0
vt 0 0
vt 0 0
vt 0 0
vt 0 0
vt 0 0
vt 0 0
vt 0 0
vt 0 0
vt 0 0
vt 0 0
vt 0 0
vt 0 0
vt 0 0
vt 0 0
vt 0 0
vt 0 0
vt 0 0
vt 0 0
vt 0 0
vt 0 0
vt 0 0
vt 0 0
vt 0 0
vt 0 0
vt 0 0
vt 0 0
vt 0 0
vt 0 0
vt 0 0
vt 0 0
vt 0 0
vt 0 0
vt 0 0
vt 0 0
vt 0 0
vt 0 0
vt 0 0
vt 0 0
vt 0 0
vt 0 0
vt 0 0
vt 0 0
vt 0 0
vt 0 0
vt 0 0
vt 0 0
vt 0 0
vt 0 0
vt 0 0
vt 0 0
vt 0 0
vt 0 0
vt 0 0
vt 0 0
vt 0 0
vt 0 0
vt 0 0
vt 0 0
vt 0 0
vt 0 0
vt 0 0
vt 0 0
vt 0 0
vt 0 0
vt 0 0
vt 0 0
vt 0 0
vt 0 0
vt 0 0
vt 0 0
vt 0 0
vt 0 0
vt 0 0
vt 0 0
vt 0 0
vt 0 0
vt 0 0
vt 0 0
vt 0 0
vt 0 0
vt 0 0
vt 0 0
vt 0 0
vt 0 0
vt 0 0
vt 0 0
vt 0 0
vt 0 0
vt 0 0
vt 0 0
vt 0 0
vt 0 0
vt 0 0
vt 0 0
vt 0 0
vt 0 0
vt 0 0
vt 0 0
vt 0 0
vt 0 0
vt 0 0
vt 0 0
vt 0 0
vt 0 0
vt 0 0
vt 0 0
vt 0 0
vt 0 0
vt 0 0
vt 0 0
vt 0 0
vt 0 0
vt 0 0
vt 0 0
vt 0 0
vt 0 0
vt 0 0
vt 0 0
vt 0 0
vt 0 0
vt 0 0
vt 0 0
vt 0 0
vt 0 0
vt 0 0
vt 0 0
vt 0 0
vt 0 0
vt 0 0
vt 0 0
vt 0 0
vt 0 0
vt 0 0
vt 0 0
vt 0 0
vt 0 0
vt 0 0
vt 0 0
vt 0 0
vt 0 0
vt 0 0
vt 0 0
vt 0 0
vt 0 0
vt 0 0
vt 0 0
vt 0 0
vt 0 0
vt 0 0
vt 0 0
vt 0 0
vt 0 0
vt 0 0
vt 0 0
vt 0 0
vt 0 0
vt 0 0
vt 0 0
vt 0 0
vt 0 0
vt 0 0
vt 0 0
vt 0 0
vt 0 0
vt 0 0
vt 0 0
vt 0 0
vt 0 0
vt 0 0
vt 0 0
vt 0 0
vt 0 0
vt 0 0
vt 0 0
vt 0 0
vt 0 0
vt 0 0
vt 0 0
vt 0 0
vt 0 0
vt 0 0
vt 0 0
vt 0 0
vt 0 0
vt 0 0
vt 0 0
vt 0 0
vt 0 0
vt 0 0
vt 0 0
vt 0 0
vt 0 0
vt 0 0
vt 0 0
vt 0 0
vt 0 0
vt 0 0
vt 0 0
vt 0 0
vt 0 0
vt 0 0
vt 0 0
vt 0 0
vt 0 0
vt 0 0
vt 0 0
vt 0 0
vt 0 0
vt 0 0
vt 0 0
vt 0 0
vt 0 0
vt 0 0
vt 0 0
vt 0 0
vt 0 0
vt 0 0
vt 0 0
vt 0 0
vt 0 0
vt 0 0
vt 0 0
vt 0 0
vt 0 0
vt 0 0
vt 0 0
vt 0 0
vt 0 0
vt 0 0
vt 0 0
vt 0 0
vt 0 0
vt 0 0
vt 0 0
vt 0 0
vt 0 0
vt 0 0
vt 0 0
vt 0 0
vt 0 0
vt 0 0
vt 0 0
vt 0 0
vt 0 0
vt 0 0
vt 0 0
vt 0 0
vt 0 0
vt 0 0
vt 0 0
vt 0 0
vt 0 0
vt 0 0
vt 0 0
vt 0 0
vt 0 0
vt 0 0
vt 0 0
vt 0 0
vt 0 0
vt 0 0
vt 0 0
vt 0 0
vt 0 0
vt 0 0
vt 0 0
vt 0 0
vt 0 0
vt 0 0
vt 0 0
vt 0 0
vt 0 0
vt 0 0
vt 0 0
vt 0 0
vt 0 0
vt 0 0
vt 0 0
vt 0 0
vt 0 0
vt 0 0
vt 0 0
vt 0 0
vt 0 0
vt 0 0
vt 0 0
vt 0 0
vt 0 0
vt 0 0
vt 0 0
vt 0 0
vt 0 0
vt 0 0
vt 0 0
vt 0 0
vt 0 0
vt 0 0
vt 0 0
vt 0 0
vt 0 0
vt 0 0
vt 0 0
vt 0 0
vt 0 0
vt 0 0
vt 0 0
vt 0 0
vt 0 0
vt 0 0
vt 0 0
vt 0 0
vt 0 0
vt 0 0
vt 0 0
vt 0 0
vt 0 0
vt 0 0
vt 0 0
vt 0 0
vt 0 0
vt 0 0
vt 0 0
vt 0 0
vt 0 0
vt 0 0
vt 0 0
vt 0 0
vt 0 0
vt 0 0
vt 0 0
vt 0 0
vt 0 0
vt 0 0
vt 0 0
vt 0 0
vt 0 0
vt 0 0
vt 0 0
vt 0 0
vt 0 0
vt 0 0
vt 0 0
vt 0 0
vt 0 0
vt 0 0
vt 0 0
vt 0 0
vt 0 0
vt 0 0
vt 0 0
vt 0 0
vt 0 0
vt 0 0
vt 0 0
vt 0 0
vt 0 0
vt 0 0
vt 0 0
vt 0 0
vt 0 0
vt 0 0
vt 0 0
vt 0 0
vt 0 0
vt 0 0
vt 0 0
vt 0 0
vt 0 0
vt 0 0
vt 0 0
vt 0 0
vt 0 0
vt 0 0
vt 0 0
vt 0 0
vt 0 0
vt 0 0
vt 0 0
vt 0 0
vt 0 0
vt 0 0
vt 0 0
vt 0 0
vt 0 0
vt 0 0
vt 0 0
vt 0 0
vt 0 0
vt 0 0
vt 0 0
vt 0 0
vt 0 0
vt 0 0
vt 0 0
vt 0 0
vt 0 0
vt 0 0
vt 0 0
vt 0 0
vt 0 0
vt 0 0
vt 0 0
vt 0 0
vt 0 0
vt 0 0
vt 0 0
vt 0 0
vt 0 0
vt 0 0
vt 0 0
vt 0 0
vt 0 0
vt 0 0
vt 0 0
vt 0 0
vt 0 0
vt 0 0
vt 0 0
vt 0 0
vt 0 0
vt 0 0
vt 0 0
vt 0 0
vt 0 0
vt 0 0
vt 0 0
vt 0 0
vt 0 0
vt 0 0
vt 0 0
vt 0 0
vt 0 0
vt 0 0
vt 0 0
vt 0 0
vt 0 0
vt 0 0
vt 0 0
vt 0 0
vt 0 0
vt 0 0
vt 0 0
vt 0 0
vt 0 0
vt 0 0
vt 0 0
vt 0 0
vt 0 0
vt 0 0
vt 0 0
vt 0 0
vt 0 0
vt 0 0
vt 0 0
vt 0 0
vt 0 0
vt 0 0
vt 0 0
vt 0 0
vt 0 0
vt 0 0
vt 0 0
vt 0 0
vt 0 0
vt 0 0
vt 0 0
vt 0 0
vt 0 0
vt 0 0
vt 0 0
vt 0 0
vt 0 0
vt 0 0
vt 0 0
vt 0 0
vt 0 0
vt 0 0
vt 0 0
vt 0 0
vt 0 0
vt 0 0
vt 0 0
vt 0 0
vt 0 0
vt 0 0
vt 0 0
vt 0 0
vt 0 0
vt 0 0
vt 0 0
vt 0 0
vt 0 0
vt 0 0
vt 0 0
vt 0 0
vt 0 0
vt 0 0
vt 0 0
vt 0 0
vt 0 0
vt 0 0
vt 0 0
vt 0 0
vt 0 0
vt 0 0
vt 0 0
vt 0 0
vt 0 0
vt 0 0
vt 0 0
vt 0 0
vt 0 0
vt 0 0
vt 0 0
vt 0 0
vt 0 0
vt 0 0
vt 0 0
vt 0 0
vt 0 0
vt 0 0
vt 0 0
vt 0 0
vt 0 0
vt 0 0
vt 0 0
vt 0 0
vt 0 0
vt 0 0
vt 0 0
vt 0 0
vt 0 0
vt 0 0
vt 0 0
vt 0 0
vt 0 0
vt 0 0
vt 0 0
vt 0 0
vt 0 0
vt 0 0
vt 0 0
vt 0 0
vt 0 0
vt 0 0
vt 0 0
vt 0 0
vt 0 0
vt 0 0
vt 0 0
vt 0 0
vt 0 0
vt 0 0
vt 0 0
vt 0 0
vt 0 0
vt 0 0
vt 0 0
vt 0 0
vt 0 0
vt 0 0
vt 0 0
vt 0 0
vt 0 0
vt 0 0
vt 0 0
vt 0 0
vt 0 0
vt 0 0
vt 0 0
vt 0 0
vt 0 0
vt 0 0
vt 0 0
vt 0 0
vt 0 0
vt 0 0
vt 0 0
vt 0 0
vt 0 0
vt 0 0
vt 0 0
vt 0 0
vt 0 0
vt 0 0
vt 0 0
vt 0 0
vt 0 0
vt 0 0
vt 0 0
vt 0 0
vt 0 0
vt 0 0
vt 0 0
vt 0 0
vt 0 0
vt 0 0
vt 0 0
vt 0 0
vt 0 0
vt 0 0
vt 0 0
vt 0 0
vt 0 0
vt 0 0
vt 0 0
vt 0 0
vt 0 0
vt 0 0
vt 0 0
vt 0 0
vt 0 0
vt 0 0
vt 0 0
vt 0 0
vt 0 0
vt 0 0
vt 0 0
vt 0 0
vt 0 0
vt 0 0
vt 0 0
vt 0 0
vt 0 0
vt 0 0
vt 0 0
vt 0 0
vt 0 0
vt 0 0
vt 0 0
vt 0 0
vt 0 0
vt 0 0
vt 0 0
vt 0 0
vt 0 0
vt 0 0
vt 0 0
vt 0 0
vt 0 0
vt 0 0
vt 0 0
vt 0 0
vt 0 0
vt 0 0
vt 0 0
vt 0 0
vt 0 0
vt 0 0
vt 0 0
vt 0 0
vt 0 0
vt 0 0
vt 0 0
vt 0 0
vt 0 0
vt 0 0
vt 0 0
vt 0 0
vt 0 0
vt 0 0
vt 0 0
vt 0 0
vt 0 0
vt 0 0
vt 0 0
vt 0 0
vt 0 0
vt 0 0
vt 0 0
vt 0 0
vt 0 0
vt 0 0
vt 0 0
vt 0 0
vt 0 0
vt 0 0
vt 0 0
vt 0 0
vt 0 0
vt 0 0
vt 0 0
vt 0 0
vt 0 0
vt 0 0
vt 0 0
vt 0 0
vt 0 0
vt 0 0
vt 0 0
vt 0 0
vt 0 0
vt 0 0
vt 0 0
vt 0 0
vt 0 0
vt 0 0
vt 0 0
vt 0 0
vt 0 0
vt 0 0
vt 0 0
vt 0 0
vt 0 0
vt 0 0
vt 0 0
vt 0 0
vt 0 0
vt 0 0
vt 0 0
vt 0 0
vt 0 0
vt 0 0
vt 0 0
vt 0 0
vt 0 0
vt 0 0
vt 0 0
vt 0 0
vt 0 0
vt 0 0
vt 0 0
vt 0 0
vt 0 0
vt 0 0
vt 0 0
vt 0 0
vt 0 0
vt 0 0
vt 0 0
vt 0 0
vt 0 0
vt 0 0
vt 0 0
vt 0 0
vt 0 0
vt 0 0
vt 0 0
vt 0 0
vt 0 0
vt 0 0
vt 0 0
vt 0 0
vt 0 0
vt 0 0
vt 0 0
vt 0 0
vt 0 0
vt 0 0
vt 0 0
vt 0 0
vt 0 0
vt 0 0
vt 0 0
vt 0 0
vt 0 0
vt 0 0
vt 0 0
vt 0 0
vt 0 0
vt 0 0
vt 0 0
vt 0 0
vt 0 0
vt 0 0
vt 0 0
vt 0 0
vt 0 0
vt 0 0
vt 0 0
vt 0 0
vt 0 0
vt 0 0
vt 0 0
vt 0 0
vt 0 0
vt 0 0
vt 0 0
vt 0 0
vt 0 0
vt 0 0
vt 0 0
vt 0 0
vt 0 0
vt 0 0
vt 0 0
vt 0 0
vt 0 0
vt 0 0
vt 0 0
vt 0 0
vt 0 0
vt 0 0
vt 0 0
vt 0 0
vt 0 0
vt 0 0
vt 0 0
vt 0 0
vt 0 0
vt 0 0
vt 0 0
vt 0 0
vt 0 0
vt 0 0
vt 0 0
vt 0 0
vt 0 0
vt 0 0
vt 0 0
vt 0 0
vt 0 0
vt 0 0
vt 0 0
vt 0 0
vt 0 0
vt 0 0
vt 0 0
vt 0 0
vt 0 0
vt 0 0
vt 0 0
vt 0 0
vt 0 0
vt 0 0
vt 0 0
vt 0 0
vt 0 0
vt 0 0
vt 0 0
vt 0 0
vt 0 0
vt 0 0
vt 0 0
vt 0 0
vt 0 0
vt 0 0
vt 0 0
vt 0 0
vt 0 0
vt 0 0
vt 0 0
vt 0 0
vt 0 0
vt 0 0
vt 0 0
vt 0 0
vt 0 0
vt 0 0
vt 0 0
vt 0 0
vt 0 0
vt 0 0
vt 0 0
vt 0 0
vt 0 0
vt 0 0
vt 0 0
vt 0 0
vt 0 0
vt 0 0
vt 0 0
vt 0 0
vt 0 0
vt 0 0
vt 0 0
vt 0 0
vt 0 0
vt 0 0
vt 0 0
vt 0 0
vt 0 0
vt 0 0
vt 0 0
vt 0 0
vt 0 0
vt 0 0
vt 0 0
vt 0 0
vt 0 0
vt 0 0
vt 0 0
vt 0 0
vt 0 0
vt 0 0
vt 0 0
vt 0 0
vt 0 0
vt 0 0
vt 0 0
vt 0 0
vt 0 0
vt 0 0
vt 0 0
vt 0 0
vt 0 0
vt 0 0
vt 0 0
vt 0 0
vt 0 0
vt 0 0
vt 0 0
vt 0 0
vt 0 0
vt 0 0
vt 0 0
vt 0 0
vt 0 0
vt 0 0
vt 0 0
vt 0 0
vt 0 0
vt 0 0
vt 0 0
vt 0 0
vt 0 0
vt 0 0
vt 0 0
vt 0 0
vt 0 0
vt 0 0
vt 0 0
vt 0 0
vt 0 0
vt 0 0
vt 0 0
vt 0 0
vt 0 0
vt 0 0
vt 0 0
vt 0 0
vt 0 0
vt 0 0
vt 0 0
vt 0 0
vt 0 0
vt 0 0
vt 0 0
vt 0 0
vt 0 0
vt 0 0
vt 0 0
vt 0 0
vt 0 0
vt 0 0
vt 0 0
vt 0 0
vt 0 0
vt 0 0
vt 0 0
vt 0 0
vt 0 0
vt 0 0
vt 0 0
vt 0 0
vt 0 0
vt 0 0
vt 0 0
vt 0 0
vt 0 0
vt 0 0
vt 0 0
vt 0 0
vt 0 0
vt 0 0
vt 0 0
vt 0 0
vt 0 0
vt 0 0
vt 0 0
vt 0 0
vt 0 0
vt 0 0
vt 0 0
vt 0 0
vt 0 0
vt 0 0
vt 0 0
vt 0 0
vt 0 0
vt 0 0
vt 0 0
vt 0 0
vt 0 0
vt 0 0
vt 0 0
vt 0 0
vt 0 0
vt 0 0
vt 0 0
vt 0 0
vt 0 0
vt 0 0
vt 0 0
vt 0 0
vt 0 0
vt 0 0
vt 0 0
vt 0 0
vt 0 0
vt 0 0
vt 0 0
vt 0 0
vt 0 0
vt 0 0
vt 0 0
vt 0 0
vt 0 0
vt 0 0
vt 0 0
vt 0 0
vt 0 0
vt 0 0
vt 0 0
vt 0 0
vt 0 0
vt 0 0
vt 0 0
vt 0 0
vt 0 0
vt 0 0
vt 0 0
vt 0 0
vt 0 0
vt 0 0
vt 0 0
vt 0 0
vt 0 0
vt 0 0
vt 0 0
vt 0 0
vt 0 0
vt 0 0
vt 0 0
vt 0 0
vt 0 0
vt 0 0
vt 0 0
vt 0 0
vt 0 0
vt 0 0
vt 0 0
vt 0 0
vt 0 0
vt 0 0
vt 0 0
vt 0 0
vt 0 0
vt 0 0
vt 0 0
vt 0 0
vt 0 0
vt 0 0
vt 0 0
vt 0 0
vt 0 0
vt 0 0
vt 0 0
vt 0 0
vt 0 0
vt 0 0
vt 0 0
vt 0 0
vt 0 0
vt 0 0
vt 0 0
vt 0 0
vt 0 0
vt 0 0
vt 0 0
vt 0 0
vt 0 0
vt 0 0
vt 0 0
vt 0 0
vt 0 0
vt 0 0
vt 0 0
vt 0 0
vt 0 0
vt 0 0
vt 0 0
vt 0 0
vt 0 0
vt 0 0
vt 0 0
vt 0 0
vt 0 0
vt 0 0
vt 0 0
vt 0 0
vt 0 0
vt 0 0
vt 0 0
vt 0 0
vt 0 0
vt 0 0
vt 0 0
vt 0 0
vt 0 0
vt 0 0
vt 0 0
vt 0 0
vt 0 0
vt 0 0
vt 0 0
vt 0 0
vt 0 0
vt 0 0
vt 0 0
vt 0 0
vt 0 0
vt 0 0
vt 0 0
vt 0 0
vt 0 0
vt 0 0
vt 0 0
vt 0 0
vt 0 0
vt 0 0
vt 0 0
vt 0 0
vt 0 0
vt 0 0
vt 0 0
vt 0 0
vt 0 0
vt 0 0
vt 0 0
vt 0 0
vt 0 0
vt 0 0
vt 0 0
vt 0 0
vt 0 0
vt 0 0
vt 0 0
vt 0 0
vt 0 0
vt 0 0
vt 0 0
vt 0 0
vt 0 0
vt 0 0
vt 0 0
vt 0 0
vt 0 0
vt 0 0
vt 0 0
vt 0 0
vt 0 0
vt 0 0
vt 0 0
vt 0 0
vt 0 0
vt 0 0
vt 0 0
vt 0 0
vt 0 0
vt 0 0
vt 0 0
vt 0 0
vt 0 0
vt 0 0
vt 0 0
vt 0 0
vt 0 0
vt 0 0
vt 0 0
vt 0 0
vt 0 0
vt 0 0
vt 0 0
vt 0 0
vt 0 0
vt 0 0
vt 0 0
vt 0 0
vt 0 0
vt 0 0
vt 0 0
vt 0 0
vt 0 0
vt 0 0
vt 0 0
vt 0 0
vt 0 0
vt 0 0
vt 0 0
vt 0 0
vt 0 0
vt 0 0
vt 0 0
vt 0 0
vt 0 0
vt 0 0
vt 0 0
vt 0 0
vt 0 0
vt 0 0
vt 0 0
vt 0 0
vt 0 0
vt 0 0
vt 0 0
vt 0 0
vt 0 0
vt 0 0
vt 0 0
vt 0 0
vt 0 0
vt 0 0
vt 0 0
vt 0 0
vt 0 0
vt 0 0
vt 0 0
vt 0 0
vt 0 0
vt 0 0
vt 0 0
vt 0 0
vt 0 0
vt 0 0
vt 0 0
vt 0 0
vt 0 0
vt 0 0
vt 0 0
vt 0 0
vt 0 0
vt 0 0
vt 0 0
vt 0 0
vt 0 0
vt 0 0
vt 0 0
vt 0 0
vt 0 0
vt 0 0
vt 0 0
vt 0 0
vt 0 0
vt 0 0
vt 0 0
vt 0 0
vt 0 0
vt 0 0
vt 0 0
vt 0 0
vt 0 0
vt 0 0
vt 0 0
vt 0 0
vt 0 0
vt 0 0
vt 0 0
vt 0 0
vt 0 0
vt 0 0
vt 0 0
vt 0 0
vt 0 0
vt 0 0
vt 0 0
vt 0 0
vt 0 0
vt 0 0
vt 0 0
vt 0 0
vt 0 0
vt 0 0
vt 0 0
vt 0 0
vt 0 0
vt 0 0
vt 0 0
vt 0 0
vt 0 0
vt 0 0
vt 0 0
vt 0 0
vt 0 0
vt 0 0
vt 0 0
vt 0 0
vt 0 0
vt 0 0
vt 0 0
vt 0 0
vt 0 0
vt 0 0
vt 0 0
vt 0 0
vt 0 0
vt 0 0
vt 0 0
vt 0 0
vt 0 0
vt 0 0
vt 0 0
vt 0 0
vt 0 0
vt 0 0
vt 0 0
vt 0 0
vt 0 0
vt 0 0
vt 0 0
vt 0 0
vt 0 0
vt 0 0
vt 0 0
vt 0 0
vt 0 0
vt 0 0
vt 0 0
vt 0 0
vt 0 0
vt 0 0
vt 0 0
vt 0 0
vt 0 0
vt 0 0
vt 0 0
vt 0 0
vt 0 0
vt 0 0
vt 0 0
vt 0 0
vt 0 0
vt 0 0
vt 0 0
vt 0 0
vt 0 0
vt 0 0
vt 0 0
vt 0 0
vt 0 0
vt 0 0
vt 0 0
vt 0 0
vt 0 0
vt 0 0
vt 0 0
vt 0 0
vt 0 0
vt 0 0
vt 0 0
vt 0 0
vt 0 0
vt 0 0
vt 0 0
vt 0 0
vt 0 0
vt 0 0
vt 0 0
vt 0 0
vt 0 0
vt 0 0
vt 0 0
vt 0 0
vt 0 0
vt 0 0
vt 0 0
vt 0 0
vt 0 0
vt 0 0
vt 0 0
vt 0 0
vt 0 0
vt 0 0
vt 0 0
vt 0 0
vt 0 0
vt 0 0
vt 0 0
vt 0 0
vt 0 0
vt 0 0
vt 0 0
vt 0 0
vt 0 0
vt 0 0
vt 0 0
vt 0 0
vt 0 0
vt 0 0
vt 0 0
vt 0 0
vt 0 0
vt 0 0
vt 0 0
vt 0 0
vt 0 0
vt 0 0
vt 0 0
vt 0 0
vt 0 0
vt 0 0
vt 0 0
vt 0 0
vt 0 0
vt 0 0
vt 0 0
vt 0 0
vt 0 0
vt 0 0
vt 0 0
vt 0 0
vt 0 0
vt 0 0
vt 0 0
vt 0 0
vt 0 0
vt 0 0
vt 0 0
vt 0 0
vt 0 0
vt 0 0
vt 0 0
vt 0 0
vt 0 0
vt 0 0
vt 0 0
vt 0 0
vt 0 0
vt 0 0
vt 0 0
vt 0 0
vt 0 0
vt 0 0
vt 0 0
vt 0 0
vt 0 0
vt 0 0
vt 0 0
vt 0 0
vt 0 0
vt 0 0
vt 0 0
vt 0 0
vt 0 0
vt 0 0
vt 0 0
vt 0 0
vt 0 0
vt 0 0
vt 0 0
vt 0 0
vt 0 0
vt 0 0
vt 0 0
vt 0 0
vt 0 0
vt 0 0
vt 0 0
vt 0 0
vt 0 0
vt 0 0
vt 0 0
vt 0 0
vt 0 0
vt 0 0
vt 0 0
vt 0 0
vt 0 0
vt 0 0
vt 0 0
vt 0 0
vt 0 0
vt 0 0
vt 0 0
vt 0 0
vt 0 0
vt 0 0
vt 0 0
vt 0 0
vt 0 0
vt 0 0
vt 0 0
vt 0 0
vt 0 0
vt 0 0
vt 0 0
vt 0 0
vt 0 0
vt 0 0
vt 0 0
vt 0 0
vt 0 0
vt 0 0
vt 0 0
vt 0 0
vt 0 0
vt 0 0
vt 0 0
vt 0 0
vt 0 0
vt 0 0
vt 0 0
vt 0 0
vt 0 0
vt 0 0
vt 0 0
vt 0 0
vt 0 0
vt 0 0
vt 0 0
vt 0 0
vt 0 0
vt 0 0
vt 0 0
vt 0 0
vt 0 0
vt 0 0
vt 0 0
vt 0 0
vt 0 0
vt 0 0
vt 0 0
vt 0 0
vt 0 0
vt 0 0
vt 0 0
vt 0 0
vt 0 0
vt 0 0
vt 0 0
vt 0 0
vt 0 0
vt 0 0
vt 0 0
vt 0 0
vt 0 0
vt 0 0
vt 0 0
vt 0 0
vt 0 0
vt 0 0
vt 0 0
vt 0 0
vt 0 0
vt 0 0
vt 0 0
vt 0 0
vt 0 0
vt 0 0
vt 0 0
vt 0 0
vt 0 0
vt 0 0
vt 0 0
vt 0 0
vt 0 0
vt 0 0
vt 0 0
vt 0 0
vt 0 0
vt 0 0
vt 0 0
vt 0 0
vt 0 0
vt 0 0
vt 0 0
vt 0 0
vt 0 0
vt 0 0
vt 0 0
vt 0 0
vt 0 0
vt 0 0
vt 0 0
vt 0 0
vt 0 0
vt 0 0
vt 0 0
vt 0 0
vt 0 0
vt 0 0
vt 0 0
vt 0 0
vt 0 0
vt 0 0
vt 0 0
vt 0 0
vt 0 0
vt 0 0
vt 0 0
vt 0 0
vt 0 0
vt 0 0
vt 0 0
vt 0 0
vt 0 0
vt 0 0
vt 0 0
vt 0 0
vt 0 0
vt 0 0
vt 0 0
vt 0 0
vt 0 0
vt 0 0
vt 0 0
vt 0 0
vt 0 0
vt 0 0
vt 0 0
vt 0 0
vt 0 0
vt 0 0
vt 0 0
vt 0 0
vt 0 0
vt 0 0
vt 0 0
vt 0 0
vt 0 0
vt 0 0
vt 0 0
vt 0 0
vt 0 0
vt 0 0
vt 0 0
vt 0 0
vt 0 0
vt 0 0
vt 0 0
vt 0 0
vt 0 0
vt 0 0
vt 0 0
vt 0 0
vt 0 0
vt 0 0
vt 0 0
vt 0 0
vt 0 0
vt 0 0
vt 0 0
vt 0 0
vt 0 0
vt 0 0
vt 0 0
vt 0 0
vt 0 0
vt 0 0
vt 0 0
vt 0 0
vt 0 0
vt 0 0
vt 0 0
vt 0 0
vt 0 0
vt 0 0
vt 0 0
vt 0 0
vt 0 0
vt 0 0
vt 0 0
vt 0 0
vt 0 0
vt 0 0
vt 0 0
vt 0 0
vt 0 0
vt 0 0
vt 0 0
vt 0 0
vt 0 0
vt 0 0
vt 0 0
vt 0 0
vt 0 0
vt 0 0
vt 0 0
vt 0 0
vt 0 0
vt 0 0
vt 0 0
vt 0 0
vt 0 0
vt 0 0
vt 0 0
vt 0 0
vt 0 0
vt 0 0
vt 0 0
vt 0 0
vt 0 0
vt 0 0
vt 0 0
vt 0 0
vt 0 0
vt 0 0
vt 0 0
vt 0 0
vt 0 0
vt 0 0
vt 0 0
vt 0 0
vt 0 0
vt 0 0
vt 0 0
vt 0 0
vt 0 0
vt 0 0
vt 0 0
vt 0 0
vt 0 0
vt 0 0
vt 0 0
vt 0 0
vt 0 0
vt 0 0
vt 0 0
vt 0 0
vt 0 0
vt 0 0
vt 0 0
vt 0 0
vt 0 0
vt 0 0
vt 0 0
vt 0 0
vt 0 0
vt 0 0
vt 0 0
vt 0 0
vt 0 0
vt 0 0
vt 0 0
vt 0 0
vt 0 0
vt 0 0
vt 0 0
vt 0 0
vt 0 0
vt 0 0
vt 0 0
vt 0 0
vt 0 0
vt 0 0
vt 0 0
vt 0 0
vt 0 0
vt 0 0
vt 0 0
vt 0 0
vt 0 0
vt 0 0
vt 0 0
vt 0 0
vt 0 0
vt 0 0
vt 0 0
vt 0 0
vt 0 0
vt 0 0
vt 0 0
vt 0 0
vt 0 0
vt 0 0
vt 0 0
vt 0 0
vt 0 0
vt 0 0
vt 0 0
vt 0 0
vt 0 0
vt 0 0
vt 0 0
vt 0 0
vt 0 0
vt 0 0
vt 0 0
vt 0 0
vt 0 0
vt 0 0
vt 0 0
vt 0 0
vt 0 0
vt 0 0
vt 0 0
vt 0 0
vt 0 0
vt 0 0
vt 0 0
vt 0 0
vt 0 0
vt 0 0
vt 0 0
vt 0 0
vt 0 0
vt 0 0
vt 0 0
vt 0 0
vt 0 0
vt 0 0
vt 0 0
vt 0 0
vt 0 0
vt 0 0
vt 0 0
vt 0 0
vt 0 0
vt 0 0
vt 0 0
vt 0 0
vt 0 0
vt 0 0
vt 0 0
vt 0 0
vt 0 0
vt 0 0
vt 0 0
vt 0 0
vt 0 0
vt 0 0
vt 0 0
vt 0 0
vt 0 0
vt 0 0
vt 0 0
vt 0 0
vt 0 0
vt 0 0
vt 0 0
vt 0 0
vt 0 0
vt 0 0
vt 0 0
vt 0 0
vn 0 -0.9999999999987084 0.0000016073199731160615
vn 0 -0.9999999999987084 0.0000016073199731160615
vn 0 -0.9999999999987084 0.0000016073199731160615
vn 0 -1 0
vn 0 -1 0
vn 0 -1 0
vn 0 -0.9999999999988753 -0.0000014998299775453645
vn 0 -0.9999999999988753 -0.0000014998299775453645
vn 0 -0.9999999999988753 -0.0000014998299775453645
vn 0 -1 0
vn 0 -1 0
vn 0 -1 0
vn 0 -1 0
vn 0 -1 0
vn 0 -1 0
vn 0 -0.9999999999971274 -0.0000023969500944007716
vn 0 -0.9999999999971274 -0.0000023969500944007716
vn 0 -0.9999999999971274 -0.0000023969500944007716
vn 0 -1 0
vn 0 -1 0
vn 0 -1 0
vn 0 -1 0
vn 0 -1 0
vn 0 -1 0
vn 0 -0.9999999999988269 -0.000001531779957984349
vn 0 -0.9999999999988269 -0.000001531779957984349
vn 0 -0.9999999999988269 -0.000001531779957984349
vn 0.044217339960873715 -0.9990187728092706 0.002513647040396426
vn 0.044217339960873715 -0.9990187728092706 0.002513647040396426
vn 0.044217339960873715 -0.9990187728092706 0.002513647040396426
vn 0.023737008265349427 -0.9997146941832684 -0.002661704841815846
vn 0.023737008265349427 -0.9997146941832684 -0.002661704841815846
vn 0.023737008265349427 -0.9997146941832684 -0.002661704841815846
vn 0.014508899960126383 -0.9997894576179484 -0.014509729768524781
vn 0.014508899960126383 -0.9997894576179484 -0.014509729768524781
vn 0.014508899960126383 -0.9997894576179484 -0.014509729768524781
vn 0.07537483634421242 -0.960870710024084 -0.26654476671639293
vn 0.07537483634421242 -0.960870710024084 -0.26654476671639293
vn 0.07537483634421242 -0.960870710024084 -0.26654476671639293
vn 0.03308063084820423 -0.9989730970562918 0.030958411142134604
vn 0.03308063084820423 -0.9989730970562918 0.030958411142134604
vn 0.03308063084820423 -0.9989730970562918 0.030958411142134604
vn -0.21597319946521604 -0.9454436944256127 -0.24390940486911694
vn -0.21597319946521604 -0.9454436944256127 -0.24390940486911694
vn -0.21597319946521604 -0.9454436944256127 -0.24390940486911694
vn -0.19503561728603322 -0.9612073689459857 -0.19504230790726387
vn -0.19503561728603322 -0.9612073689459857 -0.19504230790726387
vn -0.19503561728603322 -0.9612073689459857 -0.19504230790726387
vn 0 -1 0
vn 0 -1 0
vn 0 -1 0
vn 0.000053864998131512925 -0.9999999962132833 0.00006835199721118788
vn 0.000053864998131512925 -0.9999999962132833 0.00006835199721118788
vn 0.000053864998131512925 -0.9999999962132833 0.00006835199721118788
vn 0 -0.9999999999996796 -8.004749929566224e-7
vn 0 -0.9999999999996796 -8.004749929566224e-7
vn 0 -0.9999999999996796 -8.004749929566224e-7
vn 0 -0.9999999999998952 -4.579239885060335e-7
vn 0 -0.9999999999998952 -4.579239885060335e-7
vn 0 -0.9999999999998952 -4.579239885060335e-7
vn 0 -1 0
vn 0 -1 0
vn 0 -1 0
vn 0.000004210739888986459 -0.9999999934080424 0.00011474399722678124
vn 0.000004210739888986459 -0.9999999934080424 0.00011474399722678124
vn 0.000004210739888986459 -0.9999999934080424 0.00011474399722678124
vn 0.0000629111016566915 -0.9999999969312541 0.000046687098658796494
vn 0.0000629111016566915 -0.9999999969312541 0.000046687098658796494
vn 0.0000629111016566915 -0.9999999969312541 0.000046687098658796494
vn 0 -0.9999999999566318 0.000009313240297666114
vn 0 -0.9999999999566318 0.000009313240297666114
vn 0 -0.9999999999566318 0.000009313240297666114
vn 0 -1 0
vn 0 -1 0
vn 0 -1 0
vn -0.03001885923139028 0.8981929606876915 0.4385752768471167
vn -0.03001885923139028 0.8981929606876915 0.4385752768471167
vn -0.03001885923139028 0.8981929606876915 0.4385752768471167
vn 0.0070834142177252655 0.9492597707619529 0.31441328352343
vn 0.007083474285018084 0.9492597703580383 0.31441328338964564
vn 0.0070834142177252655 0.9492597707619529 0.31441328352343
vn 0.021459337453945432 0.3397266587340476 0.9402793702838734
vn 0.021459337453945432 0.3397266587340476 0.9402793702838734
vn 0.021459337453945432 0.3397266587340476 0.9402793702838734
vn 0.049230866338304514 0.29384037974129407 0.9545858541970293
vn 0.049230866338304514 0.29384037974129407 0.9545858541970293
vn 0.049230866338304514 0.29384037974129407 0.9545858541970293
vn -0.09801541026071676 0.11182968786552884 0.98888174230457
vn -0.09801541026071676 0.11182968786552884 0.98888174230457
vn -0.09801541026071676 0.11182968786552884 0.98888174230457
vn -0.03450167109939461 0.3330999844052286 0.9422600676461811
vn -0.03450167109939461 0.3330999844052286 0.9422600676461811
vn -0.03450167109939461 0.3330999844052286 0.9422600676461811
vn -0.15401459177906598 0.8207036490014291 0.5502045310926356
vn -0.15401459177906598 0.8207036490014291 0.5502045310926356
vn -0.15401459177906598 0.8207036490014291 0.5502045310926356
vn -0.04944204395023644 0.40065907264787487 -0.9148922296068362
vn -0.04944204395023644 0.40065907264787487 -0.9148922296068362
vn -0.04944204395023644 0.40065907264787487 -0.9148922296068362
vn 0.045768484663458106 0.20607408966838958 -0.9774654548263869
vn 0.045768484663458106 0.20607408966838958 -0.9774654548263869
vn 0.045768484663458106 0.20607408966838958 -0.9774654548263869
vn -0.004091084040700267 0.8368194179438408 -0.5474637200614331
vn -0.004091084040700267 0.8368194179438408 -0.5474637200614331
vn -0.004091084040700267 0.8368194179438408 -0.5474637200614331
vn 0.01668631840856781 0.885088084342941 -0.4651243379270869
vn 0.01668631840856781 0.885088084342941 -0.4651243379270869
vn 0.01668631840856781 0.885088084342941 -0.4651243379270869
vn -0.09846912123093271 0.313609653259551 -0.9444325373188028
vn -0.09846906496518798 0.31360957448649024 -0.9444325693427161
vn -0.09846912123093271 0.313609653259551 -0.9444325373188028
vn 0.317116893634568 0.9283921335013894 -0.1937135055289135
vn 0.317116893634568 0.9283921335013894 -0.1937135055289135
vn 0.317116893634568 0.9283921335013894 -0.1937135055289135
vn 0.3274636237823157 0.9077548299307038 -0.26219981662242436
vn 0.3274636237823157 0.9077548299307038 -0.26219981662242436
vn 0.3274636237823157 0.9077548299307038 -0.26219981662242436
vn 0.41207899880585214 0.8244677033402246 -0.387870990010934
vn 0.41207899880585214 0.8244677033402246 -0.387870990010934
vn 0.41207899880585214 0.8244677033402246 -0.387870990010934
vn 0.7933137403480953 -0.20298598672541357 -0.5739773502221366
vn 0.7933137403480953 -0.20298598672541357 -0.5739773502221366
vn 0.7933137403480953 -0.20298598672541357 -0.5739773502221366
vn 0.7554412730589666 0.14912759254050578 -0.6380199402072955
vn 0.7554412730589666 0.14912759254050578 -0.6380199402072955
vn 0.7554412730589666 0.14912759254050578 -0.6380199402072955
vn 0.6556070859337947 0.5392665711954789 -0.5285554976201359
vn 0.6556070859337947 0.5392665711954789 -0.5285554976201359
vn 0.6556070859337947 0.5392665711954789 -0.5285554976201359
vn -0.076377398764586 0.9931778246558188 0.08811527432795566
vn -0.076377398764586 0.9931778246558188 0.08811527432795566
vn -0.076377398764586 0.9931778246558188 0.08811527432795566
vn 0.207250788859728 0.9616119267962515 0.179859980985824
vn 0.207250788859728 0.9616119267962515 0.179859980985824
vn 0.207250788859728 0.9616119267962515 0.179859980985824
vn 0.5185325078722167 0.7528582118032793 0.4053745813443636
vn 0.5185325078722167 0.7528582118032793 0.4053745813443636
vn 0.5185325078722167 0.7528582118032793 0.4053745813443636
vn 0.5235977209631406 0.7451622538458028 0.4130116730137884
vn 0.5235977209631406 0.7451622538458028 0.4130116730137884
vn 0.5235977209631406 0.7451622538458028 0.4130116730137884
vn 0.809977118688221 -0.1059179907945043 0.5768175157080294
vn 0.809977118688221 -0.1059179907945043 0.5768175157080294
vn 0.809977118688221 -0.1059179907945043 0.5768175157080294
vn 0.7404124666179719 0.24769329788517447 0.62484990954585
vn 0.740270252554836 0.24815086871516812 0.6248368583384841
vn 0.7404124666179719 0.24769329788517447 0.62484990954585
vn 0.2504184907632905 0.8771829238575299 0.40968365549114943
vn 0.2504184907632905 0.8771829238575299 0.40968365549114943
vn 0.2504184907632905 0.8771829238575299 0.40968365549114943
vn 0.641448488908536 0.33277359145001406 0.6912348174899864
vn 0.641448488908536 0.33277359145001406 0.6912348174899864
vn 0.641448488908536 0.33277359145001406 0.6912348174899864
vn 0.5518539690151638 0.254828817259633 0.794052561721368
vn 0.5518539690151638 0.254828817259633 0.794052561721368
vn 0.5518539690151638 0.254828817259633 0.794052561721368
vn 0.036286105002830325 0.9960943010551037 0.0804951053745989
vn 0.036286105002830325 0.9960943010551037 0.0804951053745989
vn 0.036286105002830325 0.9960943010551037 0.0804951053745989
vn 0.24077497195608646 0.0688290440505089 0.968137374330027
vn 0.2407750700739382 0.06882904654064186 0.9681373497511582
vn 0.2407750700739382 0.06882904654064186 0.9681373497511582
vn 0.23956508853390235 0.07139151519208387 0.9682519403101252
vn 0.23956508955331507 0.07139145589122879 0.9682519444302929
vn 0.23956508955331507 0.07139145589122879 0.9682519444302929
vn 0.4913914708351195 0.0613203558848568 0.8687774377506892
vn 0.4913914708351195 0.0613203558848568 0.8687774377506892
vn 0.4913914708351195 0.0613203558848568 0.8687774377506892
vn 0.5721060064312127 -0.14536349543222424 0.8071952499866777
vn 0.5721060064312127 -0.14536349543222424 0.8071952499866777
vn 0.5721060064312127 -0.14536349543222424 0.8071952499866777
vn -0.4065837734213029 0.3450962794259981 0.8459303713171835
vn -0.4065837734213029 0.3450962794259981 0.8459303713171835
vn -0.4065837734213029 0.3450962794259981 0.8459303713171835
vn -0.3711684906251427 0.6979128650696074 0.6124961912839828
vn -0.37116848684572884 0.6979129771724144 0.6124960658379686
vn -0.37116862051239174 0.6979128851475072 0.6124960896952819
vn -0.09339194391013933 0.7008583839295237 0.7071601448670461
vn -0.09339194391013933 0.7008583839295237 0.7071601448670461
vn -0.09339188437310084 0.7008583881287362 0.7071601485680814
vn -0.09341441126465737 0.7007717513894565 0.7072430276946048
vn -0.09341441126465737 0.7007717513894565 0.7072430276946048
vn -0.09341441861419036 0.7007716910267773 0.7072430865342154
vn 0.07804196613480009 0.706472661118975 0.7034243602643347
vn 0.07804197355418223 0.7064726012319025 0.7034244195877747
vn 0.07804203279580367 0.7064725979456278 0.7034244163156791
vn 0.13519599682910952 0.8268775725357191 0.5458896614507551
vn 0.13519599682910952 0.8268775725357191 0.5458896614507551
vn 0.13519599682910952 0.8268775725357191 0.5458896614507551
vn 0.32528495887004316 0.8268786693798527 0.45876068015635185
vn 0.32528495887004316 0.8268786693798527 0.45876068015635185
vn 0.32528495887004316 0.8268786693798527 0.45876068015635185
vn 0.32515945726543444 0.8269468468581648 0.4587267594354912
vn 0.3251595843432462 0.8269468072647721 0.4587267407338784
vn 0.3251595843432462 0.8269468072647721 0.4587267407338784
vn 0.47046340606952797 0.8267777158541171 0.308387405898015
vn 0.47046340606952797 0.8267777158541171 0.308387405898015
vn 0.47046340606952797 0.8267777158541171 0.308387405898015
vn 0.9315267046379094 0.2569588676977642 0.2573521689396074
vn 0.9315267046379094 0.2569588676977642 0.2573521689396074
vn 0.9315267260387194 0.2569587841941462 0.25735217485199274
vn 0.0517121440953452 0.9923011050927156 0.11253608747791707
vn 0.05171215143928478 0.9923011030463884 0.11253610214700585
vn 0.051712210884537514 0.9923010999878323 0.11253610180013737
vn -0.007714389610610498 0.9982615433979399 0.05843268918763418
vn -0.007714389610610498 0.9982615433979399 0.05843268918763418
vn -0.007714389610610498 0.9982615433979399 0.05843268918763418
vn 0.05387406508769513 0.9578007014856438 0.28233916013287225
vn 0.05387400194156847 0.9578007047535055 0.28233916109616797
vn 0.05387400194156847 0.9578007047535055 0.28233916109616797
vn 0.7424835398914584 0.6002793179651508 0.29729267299000556
vn 0.7424835398914584 0.6002793179651508 0.29729267299000556
vn 0.7424835398914584 0.6002793179651508 0.29729267299000556
vn 0.38940839938354105 0.9207876679230289 -0.022609048861425743
vn 0.38940839938354105 0.9207876679230289 -0.022609048861425743
vn 0.38940839938354105 0.9207876679230289 -0.022609048861425743
vn 0.008975027122825618 0.9998894922946874 -0.011851248323143491
vn 0.008975027122825618 0.9998894922946874 -0.011851248323143491
vn 0.008975027122825618 0.9998894922946874 -0.011851248323143491
vn 0.0504347572564484 0.9982665227159161 -0.03033619760544455
vn 0.0504347572564484 0.9982665227159161 -0.03033619760544455
vn 0.0504347572564484 0.9982665227159161 -0.03033619760544455
vn -0.026240935881029326 0.9932307130550136 0.11315548563068861
vn -0.026240935881029326 0.9932307130550136 0.11315548563068861
vn -0.026240935881029326 0.9932307130550136 0.11315548563068861
vn -0.16093587791432598 0.9567580173185264 -0.24230918161858297
vn -0.16093587791432598 0.9567580173185264 -0.24230918161858297
vn -0.16093597952083352 0.9567580012575013 -0.2423091775509569
vn 0 1 0
vn 0 1 0
vn 0 1 0
vn 0 1 0
vn 0 1 0
vn 0 1 0
vn 0 1 0
vn 0 1 0
vn 0 1 0
vn 0.0020023579820384156 0.9999942239004952 0.002746402766899862
vn 0.0020023579820384156 0.9999942239004952 0.002746402766899862
vn 0.0020023579820384156 0.9999942239004952 0.002746402766899862
vn 0 0.9999999999975837 0.0000021983798887905866
vn 0 0.9999999999975837 0.0000021983798887905866
vn 0 0.9999999999975837 0.0000021983798887905866
vn 0 0.9999999999965525 -0.0000026258298930679725
vn 0 0.9999999999965525 -0.0000026258298930679725
vn 0 0.9999999999965525 -0.0000026258298930679725
vn 0 0.9999999999997324 7.317199788301739e-7
vn 0 0.9999999999997324 7.317199788301739e-7
vn 0 0.9999999999997324 7.317199788301739e-7
vn 0 0.9999999999995317 -9.677189609642498e-7
vn 0 0.9999999999995317 -9.677189609642498e-7
vn 0 0.9999999999995317 -9.677189609642498e-7
vn 0 0.9999999999989504 -0.0000014489399973156904
vn 0 0.9999999999989504 -0.0000014489399973156904
vn 0 0.9999999999989504 -0.0000014489399973156904
vn 0.04830408200363568 0.9987840271563859 0.009858131621041885
vn 0.04830408200363568 0.9987840271563859 0.009858131621041885
vn 0.04830408200363568 0.9987840271563859 0.009858131621041885
vn 0 1 0
vn 0 1 0
vn 0 1 0
vn 0 0.9999999999901854 -0.000004430500211994685
vn 0 0.9999999999901854 -0.000004430500211994685
vn 0 0.9999999999901854 -0.000004430500211994685
vn 0 1 0
vn 0 1 0
vn 0 1 0
vn 0 1 0
vn 0 1 0
vn 0 1 0
vn -0.052644126895533654 0.9985312371059852 0.012804859507149453
vn -0.052644126895533654 0.9985312371059852 0.012804859507149453
vn -0.052644126895533654 0.9985312371059852 0.012804859507149453
vn 0 0.9999999999998843 -4.809909910363229e-7
vn 0 0.9999999999998843 -4.809909910363229e-7
vn 0 0.9999999999998843 -4.809909910363229e-7
vn 0 1 0
vn 0 1 0
vn 0 1 0
vn 0 0.9999999999999094 -4.260419927959061e-7
vn 0 0.9999999999999094 -4.260419927959061e-7
vn 0 0.9999999999999094 -4.260419927959061e-7
vn 0 0.9999999999997631 -6.884180265840957e-7
vn 0 0.9999999999997631 -6.884180265840957e-7
vn 0 0.9999999999997631 -6.884180265840957e-7
vn 0.12725439527279966 0.9912621269515547 -0.034723400686477855
vn 0.12725439527279966 0.9912621269515547 -0.034723400686477855
vn 0.12725439527279966 0.9912621269515547 -0.034723400686477855
vn 0.06564819256917499 0.9975261975723743 -0.02513563146613509
vn 0.06564819256917499 0.9975261975723743 -0.02513563146613509
vn 0.06564819256917499 0.9975261975723743 -0.02513563146613509
vn 0.0405885490887559 0.9987447567290666 -0.029350989575608527
vn 0.0405885490887559 0.9987447567290666 -0.029350989575608527
vn 0.0405885490887559 0.9987447567290666 -0.029350989575608527
vn 0 0.9999999999999796 2.0210799789310427e-7
vn 0 0.9999999999999796 2.0210799789310427e-7
vn 0 0.9999999999999796 2.0210799789310427e-7
vn 0 1 0
vn 0 1 0
vn 0 1 0
vn 0.006271480454116938 0.999712804331793 0.02312957820574625
vn 0.006271480454116938 0.999712804331793 0.02312957820574625
vn 0.006271480454116938 0.999712804331793 0.02312957820574625
vn 0.05021243861920172 0.9987205757499645 -0.005993544992076911
vn 0.05021243861920172 0.9987205757499645 -0.005993544992076911
vn 0.05021243861920172 0.9987205757499645 -0.005993544992076911
vn 0 0.9999999999999662 -2.5970498995774536e-7
vn 0 0.9999999999999662 -2.5970498995774536e-7
vn 0 0.9999999999999662 -2.5970498995774536e-7
vn 0 0.9999999999959188 0.000002856980017884034
vn 0 0.9999999999959188 0.000002856980017884034
vn 0 0.9999999999959188 0.000002856980017884034
vn -0.051197397157483567 0.9986885533159469 0
vn -0.051197397157483567 0.9986885533159469 0
vn -0.051197397157483567 0.9986885533159469 0
vn -0.051197756895550596 0.9986885348740439 0
vn -0.051197756895550596 0.9986885348740439 0
vn -0.051197756895550596 0.9986885348740439 0
vn -0.05655394080577296 0.9966388867804801 -0.05926703245736569
vn -0.05655389993366964 0.9966388886500787 -0.05926704001912549
vn -0.05655389233210949 0.9966388859893928 -0.059267092014966466
vn -0.013558859838348394 0.9998977707670418 0.004539309967845547
vn -0.013558859838348394 0.9998977707670418 0.004539309967845547
vn -0.013558859838348394 0.9998977707670418 0.004539309967845547
vn 0 1 0
vn 0 1 0
vn 0 1 0
vn 0 0.9999999999978955 0.0000020516199583610183
vn 0 0.9999999999978955 0.0000020516199583610183
vn 0 0.9999999999978955 0.0000020516199583610183
vn -0.01670085856490249 0.9991212079407531 -0.03844337610311563
vn -0.01670085856490249 0.9991212079407531 -0.03844337610311563
vn -0.01670085856490249 0.9991212079407531 -0.03844337610311563
vn -0.03971242232521963 0.9988404695804904 -0.02721469899317634
vn -0.03971242232521963 0.9988404695804904 -0.02721469899317634
vn -0.03971242232521963 0.9988404695804904 -0.02721469899317634
vn 0 0.9999999999964597 -0.000002660950030976566
vn 0 0.9999999999964597 -0.000002660950030976566
vn 0 0.9999999999964597 -0.000002660950030976566
vn 0 1 0
vn 0 1 0
vn 0 1 0
vn 0 1 0
vn 0 1 0
vn 0 1 0
vn -0.04626136226094051 0.9962869781253008 -0.07260952816069396
vn -0.04626136203570086 0.9962869732745285 -0.0726095948623934
vn -0.04626136226094051 0.9962869781253008 -0.07260952816069396
vn 0 0.9999999999988927 0.000001488190036978438
vn 0 0.9999999999988927 0.000001488190036978438
vn 0 0.9999999999988927 0.000001488190036978438
vn -0.00450992496096831 0.9988003483892332 0.048759867046507234
vn -0.00450992496096831 0.9988003483892332 0.048759867046507234
vn -0.00450992496096831 0.9988003483892332 0.048759867046507234
vn 0.043811257244776476 0.995021327700289 -0.08951609441986616
vn 0.043811194036399256 0.9950213304610371 -0.0895160946682341
vn 0.043811194036399256 0.9950213304610371 -0.0895160946682341
vn 0 0.9999999999939608 0.000003475380026408787
vn 0 0.9999999999939608 0.000003475380026408787
vn 0 0.9999999999939608 0.000003475380026408787
vn 0.13306479181910855 0.9681042451623719 -0.21229209047143346
vn 0.13306479181910855 0.9681042451623719 -0.21229209047143346
vn 0.13306479181910855 0.9681042451623719 -0.21229209047143346
vn 0.3642157269628485 0.72775422596042 -0.5811374113148056
vn 0.3642157269628485 0.72775422596042 -0.5811374113148056
vn 0.3642157269628485 0.72775422596042 -0.5811374113148056
vn 0.5169952508946479 0.3155567644292599 -0.7957008476653249
vn 0.5169951390283238 0.3155567689111636 -0.7957009185714382
vn 0.5169951390283238 0.3155567689111636 -0.7957009185714382
vn 0.4975044701869847 0.34980317771266467 -0.7938054163370829
vn 0.4975044701869847 0.34980317771266467 -0.7938054163370829
vn 0.4975044701869847 0.34980317771266467 -0.7938054163370829
vn 0.80398607569313 0.2057864078008613 -0.5579053185406806
vn 0.80398607569313 0.2057864078008613 -0.5579053185406806
vn 0.80398607569313 0.2057864078008613 -0.5579053185406806
vn 0.8180348723093714 0.38039528625853325 -0.4314143876577124
vn 0.8180348723093714 0.38039528625853325 -0.4314143876577124
vn 0.8180348723093714 0.38039528625853325 -0.4314143876577124
vn 0.9645978262923717 0.1746669867850651 -0.19759169324507947
vn 0.9645978209416638 0.17466700071733335 -0.1975917070501824
vn 0.9645978262923717 0.1746669867850651 -0.19759169324507947
vn 0.9191263336777329 0.3939629205142647 0
vn 0.9191263753031866 0.39396282340092187 0
vn 0.9191263753031866 0.39396282340092187 0
vn 0.964597460604249 0.17466698532553404 0.19759347973332547
vn 0.9645974940141004 0.1746668911752798 0.19759339986163577
vn 0.9645974776450497 0.17466698841124118 0.1975933938170889
vn 0.8180337824413292 0.38039807769349615 0.4314139929022066
vn 0.8180337824413292 0.38039807769349615 0.4314139929022066
vn 0.8180337824413292 0.38039807769349615 0.4314139929022066
vn 0.8039855397555972 0.2057868847670941 0.557905914937058
vn 0.8039855397555972 0.2057868847670941 0.557905914937058
vn 0.8039855397555972 0.2057868847670941 0.557905914937058
vn 0.5097249768786597 0.3457500949838298 0.7878053819089601
vn 0.5097249768786597 0.3457500949838298 0.7878053819089601
vn 0.5097249768786597 0.3457500949838298 0.7878053819089601
vn 0.5036483410171609 0.3166947664811732 0.8037678604386324
vn 0.5036483410171609 0.3166947664811732 0.8037678604386324
vn 0.5036483410171609 0.3166947664811732 0.8037678604386324
vn 0.36397791637746324 0.7279791381715004 -0.581004690838723
vn 0.36397791637746324 0.7279791381715004 -0.581004690838723
vn 0.36397791637746324 0.7279791381715004 -0.581004690838723
vn 0.5632588198347628 0.7279879361645979 -0.39086195347866665
vn 0.5632588198347628 0.7279879361645979 -0.39086195347866665
vn 0.5632588198347628 0.7279879361645979 -0.39086195347866665
vn 0.5635951578810184 0.7277079589999635 -0.3908984835237624
vn 0.5635951578810184 0.7277079589999635 -0.3908984835237624
vn 0.5635951578810184 0.7277079589999635 -0.3908984835237624
vn 0.6718134805003223 0.7277852215512725 -0.13782350564982865
vn 0.6718134805003223 0.7277852215512725 -0.13782350564982865
vn 0.6718134805003223 0.7277852215512725 -0.13782350564982865
vn 0.6719512093398661 0.7276661125289154 -0.13778098905054723
vn 0.6719512093398661 0.7276661125289154 -0.13778098905054723
vn 0.6719512093398661 0.7276661125289154 -0.13778098905054723
vn 0.6719468390556552 0.7276571560416636 0.13784958739318534
vn 0.6719468390556552 0.7276571560416636 0.13784958739318534
vn 0.6719468390556552 0.7276571560416636 0.13784958739318534
vn 0.6717785947510256 0.7278390260910362 0.13770937416599194
vn 0.6717785947510256 0.7278390260910362 0.13770937416599194
vn 0.6717785947510256 0.7278390260910362 0.13770937416599194
vn 0.5633641925852878 0.7278677625300741 0.3909338905520864
vn 0.5633641925852878 0.7278677625300741 0.3909338905520864
vn 0.5633641925852878 0.7278677625300741 0.3909338905520864
vn 0.5632968938648146 0.7279826737190722 0.3908168831141801
vn 0.5632968938648146 0.7279826737190722 0.3908168831141801
vn 0.5632968938648146 0.7279826737190722 0.3908168831141801
vn 0.36408359427884873 0.7279961232242999 0.5809171894060157
vn 0.36408359427884873 0.7279961232242999 0.5809171894060157
vn 0.36408359427884873 0.7279961232242999 0.5809171894060157
vn 0.36420728627266413 0.7280184996930745 0.5808116017527082
vn 0.36420720872525686 0.7280185233992974 0.5808116206654821
vn 0.36420720872525686 0.7280185233992974 0.5808116206654821
vn 0.3835706880226835 0.83143964602231 -0.40197219096860565
vn 0.3835706880226835 0.83143964602231 -0.40197219096860565
vn 0.38357061176984664 0.8314396745356085 -0.4019722047537951
vn 0.20604489507079174 0.968050886003937 -0.1429090036430839
vn 0.20604489507079174 0.968050886003937 -0.1429090036430839
vn 0.20604489507079174 0.968050886003937 -0.1429090036430839
vn 0.24565918665515507 0.9680466621142372 -0.050370864410012234
vn 0.24565918665515507 0.9680466621142372 -0.050370864410012234
vn 0.24565918665515507 0.9680466621142372 -0.050370864410012234
vn 0.5557617478418949 0.8313416142812302 0
vn 0.5557617478418949 0.8313416142812302 0
vn 0.5557617478418949 0.8313416142812302 0
vn 0.24569760570269075 0.9680372001607239 0.0503653219681141
vn 0.24569760570269075 0.9680372001607239 0.0503653219681141
vn 0.24569760570269075 0.9680372001607239 0.0503653219681141
vn 0.20610667952331868 0.9680245606602843 0.14299820493396187
vn 0.20610667952331868 0.9680245606602843 0.14299820493396187
vn 0.20610667952331868 0.9680245606602843 0.14299820493396187
vn 0.38370599539416644 0.8313064997197909 0.402118406221602
vn 0.38370597979546195 0.8313064708875604 0.402118480711437
vn 0.38370597979546195 0.8313064708875604 0.402118480711437
vn 0.13318488045391297 0.9680212171749538 0.21259518037245786
vn 0.13318488045391297 0.9680212171749538 0.21259518037245786
vn 0.13306009940018398 0.9681042556892838 0.21229498360515067
vn -0.7071120851440738 0.37864760166592715 -0.5971754288279464
vn -0.7071120851440738 0.37864760166592715 -0.5971754288279464
vn -0.7071120851440738 0.37864760166592715 -0.5971754288279464
vn 0.3312456963541976 0.3228718992684834 0.886583343690589
vn 0.3312456963541976 0.3228718992684834 0.886583343690589
vn 0.3312456963541976 0.3228718992684834 0.886583343690589
vn 0.33124229816971223 0.3228789915198318 0.8865820304621475
vn 0.33124229816971223 0.3228789915198318 0.8865820304621475
vn 0.33124229816971223 0.3228789915198318 0.8865820304621475
vn 0.23739197109145604 0.7347966799231663 0.6353887717257877
vn 0.23739197109145604 0.7347966799231663 0.6353887717257877
vn 0.23739197109145604 0.7347966799231663 0.6353887717257877
vn 0.23739620060637143 0.7347937383392801 0.6353905932849849
vn 0.23739620060637143 0.7347937383392801 0.6353905932849849
vn 0.23739620060637143 0.7347937383392801 0.6353905932849849
vn 0.08607803179765774 0.9692831516838694 0.23039258734522314
vn 0.08607803179765774 0.9692831516838694 0.23039258734522314
vn 0.08607803179765774 0.9692831516838694 0.23039258734522314
vn 0.08601236491297737 0.9693279433051039 0.2302286068454007
vn 0.08601242407665997 0.9693279383356133 0.23022860566507888
vn 0.08601242407665997 0.9693279383356133 0.23022860566507888
vn 0.048690967859696364 0.9685120701509881 0.2441588819206335
vn 0.048690967859696364 0.9685120701509881 0.2441588819206335
vn 0.048690967859696364 0.9685120701509881 0.2441588819206335
vn 0.13368259398612592 0.730431379433229 0.6697753085956597
vn 0.13368259398612592 0.730431379433229 0.6697753085956597
vn 0.13368259398612592 0.730431379433229 0.6697753085956597
vn 0.1884801118553668 0.31925893317557785 0.9287351511720554
vn 0.1884801118553668 0.31925893317557785 0.9287351511720554
vn 0.1884801118553668 0.31925893317557785 0.9287351511720554
vn 0.185973469598506 0.3096462557369412 0.9324875682354088
vn 0.185973469598506 0.3096462557369412 0.9324875682354088
vn 0.18597358296860889 0.3096462758170059 0.9324875389572113
vn -0.12081838694668093 0.23134519725615357 0.9653405187197488
vn -0.12081829189305376 0.2313451864438247 0.9653405332074878
vn -0.12081838694668093 0.23134519725615357 0.9653405187197488
vn -0.15769088425381003 0.3385065827715114 0.9276566597850765
vn -0.15769088425381003 0.3385065827715114 0.9276566597850765
vn -0.15769088425381003 0.3385065827715114 0.9276566597850765
vn -0.4224621174509766 0.20146200618786325 0.8837074286106226
vn -0.42246219090110104 0.2014619985784298 0.8837073952320567
vn -0.42246219090110104 0.2014619985784298 0.8837073952320567
vn -0.4287335655704481 0.22442968614134032 0.8751107619791622
vn -0.4287335655704481 0.22442968614134032 0.8751107619791622
vn -0.4287335655704481 0.22442968614134032 0.8751107619791622
vn -0.6941331138141906 0.010409469880016562 0.7197713965165835
vn -0.6941331138141906 0.010409469880016562 0.7197713965165835
vn -0.6941331138141906 0.010409469880016562 0.7197713965165835
vn -0.7652268518206713 0.31669676752809345 0.5604739268600111
vn -0.7652268518206713 0.31669676752809345 0.5604739268600111
vn -0.7652268518206713 0.31669676752809345 0.5604739268600111
vn -0.8740875166388221 0.1634475894573863 0.45744496800899065
vn -0.8740875166388221 0.1634475894573863 0.45744496800899065
vn -0.8740875166388221 0.1634475894573863 0.45744496800899065
vn -0.8653971047523386 0.38855857064360605 0.31640178296853433
vn -0.8653971047523386 0.38855857064360605 0.31640178296853433
vn -0.8653971047523386 0.38855857064360605 0.31640178296853433
vn -0.9750698237060867 0.15575079665012198 0.1580522959043414
vn -0.9750698282655427 0.1557507824772561 0.1580522817422374
vn -0.9750698282655427 0.1557507824772561 0.1580522817422374
vn -0.9202236377550561 0.3913929694269578 0
vn -0.9202236377550561 0.3913929694269578 0
vn -0.9202236699566769 0.39139289371610314 0
vn -0.9750699076005166 0.15575311021005045 -0.15804949842317045
vn -0.9750699076005166 0.15575311021005045 -0.15804949842317045
vn -0.9750699076005166 0.15575311021005045 -0.15804949842317045
vn -0.8654008098072644 0.38855291249770285 -0.31639859761775724
vn -0.8654008098072644 0.38855291249770285 -0.31639859761775724
vn -0.8654008098072644 0.38855291249770285 -0.31639859761775724
vn -0.8740878519255434 0.16344399409999338 -0.4574456119680572
vn -0.8740878519255434 0.16344399409999338 -0.4574456119680572
vn -0.8740878519255434 0.16344399409999338 -0.4574456119680572
vn -0.6830513973110314 0.17868749535058098 -0.7081748143197297
vn -0.683051518566011 0.1786874958857376 -0.7081746972313758
vn -0.6830514597572511 0.17868748119278133 -0.7081747576611775
vn -0.3940738814182489 0.40647099212141025 -0.8243100803385778
vn -0.3940738814182489 0.40647099212141025 -0.8243100803385778
vn -0.3940738814182489 0.40647099212141025 -0.8243100803385778
vn -0.48966043731126174 0.15984436720628023 -0.8571361819481008
vn -0.48966043731126174 0.15984436720628023 -0.8571361819481008
vn -0.48966055178815193 0.15984438056260114 -0.8571361140595353
vn -0.1161341911651296 0.3566420738686763 -0.926994757692335
vn -0.1161341911651296 0.3566420738686763 -0.926994757692335
vn -0.1161341911651296 0.3566420738686763 -0.926994757692335
vn -0.16350880634114517 0.2184524883439285 -0.9620516517241886
vn -0.16350881412914287 0.21845240433473262 -0.9620516694764663
vn -0.16350881412914287 0.21845240433473262 -0.9620516694764663
vn 0.1886566880128665 0.31031528160729305 -0.9317258610068749
vn 0.1886566880128665 0.31031528160729305 -0.9317258610068749
vn 0.1886566880128665 0.31031528160729305 -0.9317258610068749
vn 0.18549399154659357 0.31911897791369775 -0.9293842354136578
vn 0.18549399154659357 0.31911897791369775 -0.9293842354136578
vn 0.18549399154659357 0.31911897791369775 -0.9293842354136578
vn 0.13362869569089128 0.730168518604756 0.6700726125775379
vn 0.13362869569089128 0.730168518604756 0.6700726125775379
vn 0.13362869569089128 0.730168518604756 0.6700726125775379
vn -0.08493857082284606 0.7301810976902939 0.6779535410058495
vn -0.08493857082284606 0.7301810976902939 0.6779535410058495
vn -0.08493857082284606 0.7301810976902939 0.6779535410058495
vn -0.08479588960512349 0.7305317890261542 0.677593508180474
vn -0.08479594878118815 0.7305317853338783 0.6775935047557603
vn -0.08479594878118815 0.7305317853338783 0.6775935047557603
vn -0.29463100336075 0.7302116131515912 0.6164280751857337
vn -0.29463100336075 0.7302116131515912 0.6164280751857337
vn -0.29463100336075 0.7302116131515912 0.6164280751857337
vn -0.29449510015852937 0.7303821902046354 0.6162909152457934
vn -0.29449510015852937 0.7303821902046354 0.6162909152457934
vn -0.29449510015852937 0.7303821902046354 0.6162909152457934
vn -0.4741558852276635 0.730370957520162 0.4916649884983192
vn -0.4741558852276635 0.730370957520162 0.4916649884983192
vn -0.4741558852276635 0.730370957520162 0.4916649884983192
vn -0.4743669601705206 0.7301691132344359 0.4917611749386252
vn -0.4743669601705206 0.7301691132344359 0.4917611749386252
vn -0.4743669601705206 0.7301691132344359 0.4917611749386252
vn -0.6052974601520492 0.7302516866545341 0.3167766703399828
vn -0.6052974601520492 0.7302516866545341 0.3167766703399828
vn -0.6052974601520492 0.7302516866545341 0.3167766703399828
vn -0.6055022513801448 0.7300714297421146 0.3168007750114895
vn -0.6055022513801448 0.7300714297421146 0.3168007750114895
vn -0.6055022513801448 0.7300714297421146 0.3168007750114895
vn -0.6743021638084048 0.7303215894554799 0.10930218597322112
vn -0.6743021638084048 0.7303215894554799 0.10930218597322112
vn -0.6743021415943141 0.7303216250005383 0.10930208551484433
vn -0.6743493211891654 0.7302656912429781 0.10938470279306507
vn -0.6743493211891654 0.7302656912429781 0.10938470279306507
vn -0.6743493211891654 0.7302656912429781 0.10938470279306507
vn -0.6743537038113481 0.7302722769051675 -0.10931369420003506
vn -0.6743537038113481 0.7302722769051675 -0.10931369420003506
vn -0.6743537038113481 0.7302722769051675 -0.10931369420003506
vn -0.6741936079280125 0.7304242711175295 -0.10928569527360298
vn -0.6741936079280125 0.7304242711175295 -0.10928569527360298
vn -0.6741935471616468 0.7304243294635582 -0.10928568018412879
vn -0.6050592182403285 0.7305255078138596 -0.31660041828100177
vn -0.6050592709518442 0.7305254398867117 -0.31660047427878074
vn -0.6050591426928371 0.7305255481697164 -0.3166004695434676
vn -0.6053362409628099 0.7302474284094826 -0.3167123753160782
vn -0.6053362409628099 0.7302474284094826 -0.3167123753160782
vn -0.6053362409628099 0.7302474284094826 -0.3167123753160782
vn -0.4740859068408448 0.7304930239342868 -0.49155111119621664
vn -0.4740859068408448 0.7304930239342868 -0.49155111119621664
vn -0.47408587003980335 0.7304930727549891 -0.49155107413734417
vn -0.4742254989272535 0.7303636191760956 -0.4916087468212835
vn -0.4742254989272535 0.7303636191760956 -0.4916087468212835
vn -0.4742254989272535 0.7303636191760956 -0.4916087468212835
vn -0.29455409094610535 0.7303854385928354 -0.6162588730383237
vn -0.29455409094610535 0.7303854385928354 -0.6162588730383237
vn -0.29455409094610535 0.7303854385928354 -0.6162588730383237
vn -0.29456690214994263 0.7302199070828674 -0.616448884707949
vn -0.29456690214994263 0.7302199070828674 -0.616448884707949
vn -0.29456690214994263 0.7302199070828674 -0.616448884707949
vn -0.08492677159695128 0.7302105638265002 -0.6779232817526656
vn -0.08492677159695128 0.7302105638265002 -0.6779232817526656
vn -0.08492677159695128 0.7302105638265002 -0.6779232817526656
vn -0.08479659738625861 0.7305031785907995 -0.677624263984438
vn -0.08479665656231611 0.7305031748986374 -0.6776242605595402
vn -0.08479659738625861 0.7305031785907995 -0.677624263984438
vn 0.13373870033169152 0.7301592435887989 -0.670060772643365
vn 0.13373870033169152 0.7301592435887989 -0.670060772643365
vn 0.13373870033169152 0.7301592435887989 -0.670060772643365
vn 0.1335760195696747 0.7304221335424332 -0.6698066540631273
vn 0.1335760195696747 0.7304221335424332 -0.6698066540631273
vn 0.1335760195696747 0.7304221335424332 -0.6698066540631273
vn 0.02098958769991986 0.8140782779601765 0.5803757356761059
vn 0.02098958769991986 0.8140782779601765 0.5803757356761059
vn 0.02098958769991986 0.8140782779601765 0.5803757356761059
vn -0.030939341508548122 0.9685264516869312 0.24698030190632583
vn -0.030939341508548122 0.9685264516869312 0.24698030190632583
vn -0.030939341508548122 0.9685264516869312 0.24698030190632583
vn -0.10730649347198049 0.9685322476530929 0.22456758829981632
vn -0.10730649347198049 0.9685322476530929 0.22456758829981632
vn -0.10730649347198049 0.9685322476530929 0.22456758829981632
vn -0.33116954389784187 0.8139629916982959 0.4772745345606187
vn -0.33116954389784187 0.8139629916982959 0.4772745345606187
vn -0.33116954389784187 0.8139629916982959 0.4772745345606187
vn -0.17281140878445841 0.968526808145283 0.1791425100243963
vn -0.17281140878445841 0.968526808145283 0.1791425100243963
vn -0.17281140878445841 0.968526808145283 0.1791425100243963
vn -0.22056996396189074 0.9685199669628234 0.1154034860486527
vn -0.22056996396189074 0.9685199669628234 0.1154034860486527
vn -0.22056996396189074 0.9685199669628234 0.1154034860486527
vn -0.2206342969467457 0.9685035961995653 0.11541789791589901
vn -0.2206342969467457 0.9685035961995653 0.11541789791589901
vn -0.2206342969467457 0.9685035961995653 0.11541789791589901
vn -0.2457958941574678 0.9685012834844483 0.03987031858798428
vn -0.2457958941574678 0.9685012834844483 0.03987031858798428
vn -0.2457958941574678 0.9685012834844483 0.03987031858798428
vn -0.5809222428866323 0.8139590577661535 0
vn -0.5809223105603301 0.8139590094674591 0
vn -0.5809222428866323 0.8139590577661535 0
vn -0.2457958941574678 0.9685012834844483 -0.03987031858798428
vn -0.2457958941574678 0.9685012834844483 -0.03987031858798428
vn -0.2457958941574678 0.9685012834844483 -0.03987031858798428
vn -0.22062778642148415 0.9685035422234397 -0.1154307955417696
vn -0.22062778642148415 0.9685035422234397 -0.1154307955417696
vn -0.22062778642148415 0.9685035422234397 -0.1154307955417696
vn -0.46500281283086914 0.8139250415636574 -0.3482792138141152
vn -0.46500281283086914 0.8139250415636574 -0.3482792138141152
vn -0.46500281283086914 0.8139250415636574 -0.3482792138141152
vn -0.17284089699884825 0.968514999788202 -0.17917789905536022
vn -0.17284089699884825 0.968514999788202 -0.17917789905536022
vn -0.17284089699884825 0.968514999788202 -0.17917789905536022
vn -0.10734959434596805 0.9685069686617491 -0.22465599535152841
vn -0.10734959434596805 0.9685069686617491 -0.22465599535152841
vn -0.10734959434596805 0.9685069686617491 -0.22465599535152841
vn -0.16330199864740727 0.8142387583270063 -0.5570885940995896
vn -0.16330199864740727 0.8142387583270063 -0.5570885940995896
vn -0.16330199864740727 0.8142387583270063 -0.5570885940995896
vn -0.03095710009468303 0.9684838992671478 -0.2471448862793415
vn -0.03095710009468303 0.9684838992671478 -0.2471448862793415
vn -0.03095710009468303 0.9684838992671478 -0.2471448862793415
vn 0.04870843268242377 0.9684890759125534 -0.24424659347403443
vn 0.04870843268242377 0.9684890759125534 -0.24424659347403443
vn 0.04870843268242377 0.9684890759125534 -0.24424659347403443
vn 0.0486689791376778 0.9685107774912126 -0.24416839343588898
vn 0.0486689791376778 0.9685107774912126 -0.24416839343588898
vn 0.0486689791376778 0.9685107774912126 -0.24416839343588898
vn 0.3312449671454542 0.322872749935516 -0.8865833063451423
vn 0.3312449671454542 0.322872749935516 -0.8865833063451423
vn 0.3312449671454542 0.322872749935516 -0.8865833063451423
vn 0.3312414019274249 0.32287910861136915 -0.88658232267031
vn 0.3312414019274249 0.32287910861136915 -0.88658232267031
vn 0.3312414019274249 0.32287910861136915 -0.88658232267031
vn 0.23739360384035946 0.7347955142093234 -0.6353895097918619
vn 0.23739360384035946 0.7347955142093234 -0.6353895097918619
vn 0.23739360384035946 0.7347955142093234 -0.6353895097918619
vn 0.23739358800887955 0.7347982531434046 -0.6353863482556668
vn 0.23739358800887955 0.7347982531434046 -0.6353863482556668
vn 0.23739358800887955 0.7347982531434046 -0.6353863482556668
vn 0.08613096188847066 0.9692451370522779 -0.23053269118430425
vn 0.08613096188847066 0.9692451370522779 -0.23053269118430425
vn 0.08613096188847066 0.9692451370522779 -0.23053269118430425
vn 0.0860899016680855 0.9692829256015365 -0.23038910340575122
vn 0.0860899016680855 0.9692829256015365 -0.23038910340575122
vn 0.0860899016680855 0.9692829256015365 -0.23038910340575122
vn -0.009040533599269708 0.9999136962663926 -0.009532511270434111
vn -0.009040533599269708 0.9999136962663926 -0.009532511270434111
vn -0.009040533599269708 0.9999136962663926 -0.009532511270434111
vn 0.5272446286088205 0.7682482020675788 0.36305344182789323
vn 0.5272446286088205 0.7682482020675788 0.36305344182789323
vn 0.5272446286088205 0.7682482020675788 0.36305344182789323
vn 0.8217560980083713 -0.012568229404285192 0.5697007591672114
vn 0.8217560980083713 -0.012568229404285192 0.5697007591672114
vn 0.8217550520277292 -0.0125682288844261 0.5697022679344121
vn 0.9301054667182661 -0.08969455395089976 -0.3561723006809285
vn 0.9301054667182661 -0.08969455395089976 -0.3561723006809285
vn 0.9301054667182661 -0.08969455395089976 -0.3561723006809285
vn 0.9279595657144611 -0.07721011376949236 0.3645951765050258
vn 0.9279595699850048 -0.07721005452017411 0.3645951781829218
vn 0.9279595657144611 -0.07721011376949236 0.3645951765050258
vn 0.5732548744843461 0.7037386786134315 0.4196793074519616
vn 0.5732548744843461 0.7037386786134315 0.4196793074519616
vn 0.5732548744843461 0.7037386786134315 0.4196793074519616
vn 0.6605861742350346 0.7044535235895438 0.2595595105400618
vn 0.6605861742350346 0.7044535235895438 0.2595595105400618
vn 0.6605861742350346 0.7044535235895438 0.2595595105400618
vn 0.7040881834241054 0.7043312511559591 0.09042852762057117
vn 0.7040881233348839 0.704331310275855 0.09042853500891528
vn 0.7040881233348839 0.704331310275855 0.09042853500891528
vn 0.704774183564189 0.7044159000532653 -0.08421157838194711
vn 0.7047742435959722 0.7044158408755448 -0.08421157098240449
vn 0.7047742400584266 0.7044158373397981 -0.08421163016435577
vn 0.6628480932562856 0.7044168479982498 -0.25382929208961896
vn 0.6628480932562856 0.7044168479982498 -0.25382929208961896
vn 0.6628480932562856 0.7044168479982498 -0.25382929208961896
vn 0.5816426765231194 0.7045327890260333 -0.406602196297832
vn 0.5816426765231194 0.7045327890260333 -0.406602196297832
vn 0.5816426765231194 0.7045327890260333 -0.406602196297832
vn 0.5060937990928325 0.825978217917748 0.24825198900553685
vn 0.5060937990928325 0.825978217917748 0.24825198900553685
vn 0.5060937990928325 0.825978217917748 0.24825198900553685
vn 0.5633971129615634 0.8257781317777905 0.025964787389033225
vn 0.5633971129615634 0.8257781317777905 0.025964787389033225
vn 0.5633971129615634 0.8257781317777905 0.025964787389033225
vn 0.704596805412758 0.7045785663917694 -0.08433496062402125
vn 0.704596805412758 0.7045785663917694 -0.08433496062402125
vn 0.704596805412758 0.7045785663917694 -0.08433496062402125
vn 0.6629606571475744 0.704308757393183 -0.25383526416502245
vn 0.6629606571475744 0.704308757393183 -0.25383526416502245
vn 0.6629606571475744 0.704308757393183 -0.25383526416502245
vn 0.4924504559016777 0.817351119445285 -0.29904798281173756
vn 0.4924504559016777 0.817351119445285 -0.29904798281173756
vn 0.4924504559016777 0.817351119445285 -0.29904798281173756
vn 0.05481337752984042 0.997358321609614 0.047664158020728334
vn 0.05481337752984042 0.997358321609614 0.047664158020728334
vn 0.05481337752984042 0.997358321609614 0.047664158020728334
vn 0.2350525041805914 0.9668180062044325 0.1000662938122471
vn 0.2350525041805914 0.9668180062044325 0.1000662938122471
vn 0.2350525041805914 0.9668180062044325 0.1000662938122471
vn 0.9924897039864816 -0.021011410459686804 0.12051019920040264
vn 0.9924897039864816 -0.021011410459686804 0.12051019920040264
vn 0.9924897039864816 -0.021011410459686804 0.12051019920040264
vn 0.8867501938457165 0.46190308096935584 -0.017878408922521412
vn 0.8867501938457165 0.46190308096935584 -0.017878408922521412
vn 0.8867501929007617 0.4619030804771343 -0.01787846850811237
vn 0.6227903167975437 0.7791302552332402 0.07133208733382966
vn 0.6227903167975437 0.7791302552332402 0.07133208733382966
vn 0.6227903167975437 0.7791302552332402 0.07133208733382966
vn 0.9852907624224463 -0.17069068493203776 0.008173344629119525
vn 0.9852907624224463 -0.17069068493203776 0.008173344629119525
vn 0.9852907624224463 -0.17069068493203776 0.008173344629119525
vn 0.7311088554205338 -0.4542409846856389 -0.5090628343903121
vn 0.731108917635304 -0.45424101610964296 -0.5090627169984202
vn 0.731108917635304 -0.45424101610964296 -0.5090627169984202
vn 0.4457469378337884 -0.8286013181535687 -0.33871746776032835
vn 0.44574684819262483 -0.8286013177182233 -0.33871758679165886
vn 0.445746868057242 -0.8286013588496121 -0.3387174600308287
vn 0.5246845492217953 -0.8285916460964985 -0.19529978962358532
vn 0.5246845492217953 -0.8285916460964985 -0.19529978962358532
vn 0.5246845075528757 -0.8285916744209342 -0.19529978139851836
vn 0.5748621280063532 -0.8180405575399398 -0.018525118184549348
vn 0.5748621280063532 -0.8180405575399398 -0.018525118184549348
vn 0.5748620600693309 -0.8180406052874404 -0.01852511791603578
vn 0.5381103273017522 -0.7162774954357666 0.4442789947583235
vn 0.5381101966634322 -0.7162775994318984 0.44427898532219506
vn 0.5381101966634322 -0.7162775994318984 0.44427898532219506
vn 0.24493341440603356 -0.9631913419433548 -0.11077030880503162
vn 0.24493341440603356 -0.9631913419433548 -0.11077030880503162
vn 0.24493341440603356 -0.9631913419433548 -0.11077030880503162
vn 0.15407839149288788 -0.7955204109970417 -0.5860094922115703
vn 0.15407838232726895 -0.7955204406101569 -0.5860094544210304
vn 0.15407838232726895 -0.7955204406101569 -0.5860094544210304
vn 0.0735283339736209 -0.9818210531732356 -0.1749885814813692
vn 0.0735283339736209 -0.9818210531732356 -0.1749885814813692
vn 0.0735283339736209 -0.9818210531732356 -0.1749885814813692
vn 0.1627013833264218 -0.37754413507188983 -0.9115858083233238
vn 0.1627013833264218 -0.37754413507188983 -0.9115858083233238
vn 0.1627013833264218 -0.37754413507188983 -0.9115858083233238
vn 0.4996239596335617 -0.3751756588961298 -0.7807810986005848
vn 0.4996239596335617 -0.3751756588961298 -0.7807810986005848
vn 0.4996239596335617 -0.3751756588961298 -0.7807810986005848
vn 0.4996727856850243 -0.3751353809763567 -0.7807692060945357
vn 0.4996727856850243 -0.3751353809763567 -0.7807692060945357
vn 0.4996727856850243 -0.3751353809763567 -0.7807692060945357
vn 0.8425105904511869 -0.3634783964329175 -0.39756679980117454
vn 0.8425105904511869 -0.3634783964329175 -0.39756679980117454
vn 0.8425105904511869 -0.3634783964329175 -0.39756679980117454
vn 0.4189643072943425 -0.7529933049137241 -0.5074150096010946
vn 0.4189643072943425 -0.7529933049137241 -0.5074150096010946
vn 0.4189643072943425 -0.7529933049137241 -0.5074150096010946
vn 0.40399989850983636 -0.66203117969126 -0.6312676129191488
vn 0.40399989850983636 -0.66203117969126 -0.6312676129191488
vn 0.40399989850983636 -0.66203117969126 -0.6312676129191488
vn 0.00006317479579259834 -0.8940053992430717 -0.44805618189372326
vn 0.00006317479579259834 -0.8940053992430717 -0.44805618189372326
vn 0.00006317479579259834 -0.8940053992430717 -0.44805618189372326
vn -0.00010590598927667377 -0.9844028578632055 -0.17592896923097914
vn -0.0001059659868238578 -0.9844028578569488 -0.17592896922986098
vn -0.00010597898896026536 -0.9844028578555926 -0.1759289692296186
vn 0 -0.9847454955622823 -0.17400088784197335
vn 0 -0.9847454955622823 -0.17400088784197335
vn 0 -0.9847454955622823 -0.17400088784197335
vn 0 -0.21055670625305759 -0.9775816454147774
vn 0 -0.21055670625305759 -0.9775816454147774
vn 0 -0.21055670625305759 -0.9775816454147774
vn -0.00518411259233172 -0.2586527769774563 -0.9659564513674933
vn -0.00518411259233172 -0.2586527769774563 -0.9659564513674933
vn -0.00518411259233172 -0.2586527769774563 -0.9659564513674933
vn 0.029837359683720623 -0.709883056611804 -0.7036872728013392
vn 0.029837359683720623 -0.709883056611804 -0.7036872728013392
vn 0.029837359683720623 -0.709883056611804 -0.7036872728013392
vn -0.49362360428174956 -0.707155392107049 0.5062281982563007
vn -0.49362353666006203 -0.707155423316212 0.5062282205978659
vn -0.49362360428174956 -0.707155392107049 0.5062281982563007
vn -0.07033698250704194 -0.7807429421680173 -0.6208809605283707
vn -0.07033685580358738 -0.7807430012888705 -0.6208809005389939
vn -0.07033680323733729 -0.7807430563182237 -0.6208808372958786
vn -0.5364772587378447 -0.11607718272886772 0.8358936765563291
vn -0.5364772587378447 -0.11607718272886772 0.8358936765563291
vn -0.5364772587378447 -0.11607718272886772 0.8358936765563291
vn -0.12231080184070231 0.22468520609117226 -0.966724689824798
vn -0.12231080184070231 0.22468520609117226 -0.966724689824798
vn -0.12231080184070231 0.22468520609117226 -0.966724689824798
vn -0.4874617752561131 0 0.8731443280833694
vn -0.4874617752561131 0 0.8731443280833694
vn -0.4874617752561131 0 0.8731443280833694
vn -0.5579562019572853 0.08797209445595759 0.8251943936397248
vn -0.5579562019572853 0.08797209445595759 0.8251943936397248
vn -0.5579562019572853 0.08797209445595759 0.8251943936397248
vn -0.773968842222082 0.0023494361304762833 0.63321932331482
vn -0.773968842222082 0.0023494361304762833 0.63321932331482
vn -0.773968842222082 0.0023494361304762833 0.63321932331482
vn -0.7814477761355456 -0.1436968907384146 -0.6071989597857709
vn -0.7814477761355456 -0.1436968907384146 -0.6071989597857709
vn -0.7814477761355456 -0.1436968907384146 -0.6071989597857709
vn -0.8111143190997432 -0.11117899525908233 -0.5742236431605203
vn -0.811114290666338 -0.11117899881231146 -0.5742236826359005
vn -0.8111143190997432 -0.11117899525908233 -0.5742236431605203
vn -0.9991767755951628 -0.038860908681851096 0.011644779417162746
vn -0.9991767755951628 -0.038860908681851096 0.011644779417162746
vn -0.9991767755951628 -0.038860908681851096 0.011644779417162746
vn -0.4839828799060903 0 -0.8750774662610202
vn -0.4839828799060903 0 -0.8750774662610202
vn -0.4839828799060903 0 -0.8750774662610202
vn -0.526291912286045 0.049197309228843425 -0.8488795249191367
vn -0.526291912286045 0.049197309228843425 -0.8488795249191367
vn -0.526291912286045 0.049197309228843425 -0.8488795249191367
vn -0.5533929436710238 0.1546277842346594 -0.8184415056910291
vn -0.5533929436710238 0.1546277842346594 -0.8184415056910291
vn -0.5533929436710238 0.1546277842346594 -0.8184415056910291
vn -0.4040562840794699 0.11204839587322883 -0.907845623593641
vn -0.4040562840794699 0.11204839587322883 -0.907845623593641
vn -0.4040562840794699 0.11204839587322883 -0.907845623593641
vn -0.4874597757448068 0.001322804825510353 -0.873144442356599
vn -0.4874597757448068 0.001322804825510353 -0.873144442356599
vn -0.4874597757448068 0.001322804825510353 -0.873144442356599
vn -0.4406796797031263 0.009174525021353476 -0.8976175399285502
vn -0.4406796797031263 0.009174525021353476 -0.8976175399285502
vn -0.4406796797031263 0.009174525021353476 -0.8976175399285502
vn -0.3645271727459172 -0.0021498199025322003 -0.9311902698182875
vn -0.3645271727459172 -0.0021498199025322003 -0.9311902698182875
vn -0.3645271727459172 -0.0021498199025322003 -0.9311902698182875
vn -0.24175979582261256 0.009154736210252033 -0.9702929412959416
vn -0.24175979582261256 0.009154736210252033 -0.9702929412959416
vn -0.24175979582261256 0.009154736210252033 -0.9702929412959416
vn -0.2295206057636139 0 -0.9733038022785608
vn -0.2295206057636139 0 -0.9733038022785608
vn -0.2295206057636139 0 -0.9733038022785608
vn -0.11983908960051101 0.10520829477358112 -0.9872030223386454
vn -0.11983908960051101 0.10520829477358112 -0.9872030223386454
vn -0.11983908960051101 0.10520829477358112 -0.9872030223386454
vn -0.2502394901171766 -0.13524369822738055 -0.9586914726207159
vn -0.2502404697100636 -0.13524368122722968 -0.9586912193231949
vn -0.2502404697100636 -0.13524368122722968 -0.9586912193231949
vn -0.22995527402061378 0.038803037784871326 -0.9724273218131885
vn -0.22995527402061378 0.038803037784871326 -0.9724273218131885
vn -0.22995527402061378 0.038803037784871326 -0.9724273218131885
vn -0.2000478851825206 0 0.9797861213724152
vn -0.2000478851825206 0 0.9797861213724152
vn -0.2000478851825206 0 0.9797861213724152
vn -0.4854605822676172 0.001663445854157097 0.8742569736709432
vn -0.4854605822676172 0.001663445854157097 0.8742569736709432
vn -0.4854605822676172 0.001663445854157097 0.8742569736709432
vn -0.4406777895355377 0.009174524758590458 0.8976184678946431
vn -0.4406777895355377 0.009174524758590458 0.8976184678946431
vn -0.4406777895355377 0.009174524758590458 0.8976184678946431
vn -0.3361795900996665 -0.006264149785732296 0.9417770668411299
vn -0.3361795900996665 -0.006264149785732296 0.9417770668411299
vn -0.3361795900996665 -0.006264149785732296 0.9417770668411299
vn -0.2372660868141883 0.020518829468514976 0.9712279761647746
vn -0.2372660868141883 0.020518829468514976 0.9712279761647746
vn -0.2372660868141883 0.020518829468514976 0.9712279761647746
vn -0.25863823725716095 -0.034382932461169344 0.9653621476854576
vn -0.25863823725716095 -0.034382932461169344 0.9653621476854576
vn -0.25863823725716095 -0.034382932461169344 0.9653621476854576
vn -0.13525049137843054 0.0026800028948941157 0.9908078129316383
vn -0.1352504913566565 0.0026800629647676013 0.9908078127721279
vn -0.13525047674993637 0.002680002667466397 0.9908078149291201
vn -0.09520177486765925 0.03580694624431258 0.9948137939648327
vn -0.09520171580323375 0.03580694644749789 0.99481379960987
vn -0.09520173055664112 0.035806950117215526 0.9948137980659114
vn -0.14159699232892772 -0.7063794359809488 0.6935260515558436
vn -0.14159699232892772 -0.7063794359809488 0.6935260515558436
vn -0.14159699232892772 -0.7063794359809488 0.6935260515558436
vn -0.33128518537603224 0.16989998863784056 0.9281078169109608
vn -0.33128518537603224 0.16989998863784056 0.9281078169109608
vn -0.33128518537603224 0.16989998863784056 0.9281078169109608
vn -0.4267465981627566 -0.4831620654717422 0.7644879066705992
vn -0.4267465981627566 -0.4831620654717422 0.7644879066705992
vn -0.4267465981627566 -0.4831620654717422 0.7644879066705992
vn -0.28135898050840186 -0.8536506095426565 0.43831240105057917
vn -0.28135898050840186 -0.8536506095426565 0.43831240105057917
vn -0.28135898050840186 -0.8536506095426565 0.43831240105057917
vn -0.14029869520934102 -0.5985621845675685 0.7886948632571765
vn -0.14029869520934102 -0.5985621845675685 0.7886948632571765
vn -0.14029869520934102 -0.5985621845675685 0.7886948632571765
vn 0 -0.9659179445323233 -0.25884845842780607
vn 0 -0.9659179445323233 -0.25884845842780607
vn 0 -0.9659179445323233 -0.25884845842780607
vn 0.017776958453548514 -0.8129189523211694 -0.5821054515336487
vn 0.017776958453548514 -0.8129189523211694 -0.5821054515336487
vn 0.017776958453548514 -0.8129189523211694 -0.5821054515336487
vn 0.04264592826034843 -0.9268155855209259 -0.37308738284524784
vn 0.04264592826034843 -0.9268155855209259 -0.37308738284524784
vn 0.04264592826034843 -0.9268155855209259 -0.37308738284524784
vn 0 -0.5000068510470116 -0.86602144829447
vn 0 -0.5000068510470116 -0.86602144829447
vn 0 -0.5000068510470116 -0.86602144829447
vn 0.3965441921151896 -0.7001562186581007 -0.5937457142364071
vn 0.3965441755663844 -0.7001562490434307 -0.5937456894578771
vn 0.39654429257913454 -0.7001561855604872 -0.5937456861690048
vn 0.5935639683881563 -0.7000876600061993 -0.39693712819330496
vn 0.5935639683881563 -0.7000876600061993 -0.39693712819330496
vn 0.5935639683881563 -0.7000876600061993 -0.39693712819330496
vn 0.3995428012419413 -0.9161726665208557 -0.03151499795030199
vn 0.3995428012419413 -0.9161726665208557 -0.03151499795030199
vn 0.3995428012419413 -0.9161726665208557 -0.03151499795030199
vn 0.08615487942183883 -0.8968500628445566 -0.43386322905671915
vn 0.08615487942183883 -0.8968500628445566 -0.43386322905671915
vn 0.08615487942183883 -0.8968500628445566 -0.43386322905671915
vn 0.6991739715827701 -0.699175104070996 -0.14936509400956974
vn 0.6991739715827701 -0.699175104070996 -0.14936509400956974
vn 0.6991739715827701 -0.699175104070996 -0.14936509400956974
vn 0.5506967491821727 -0.5506785697649033 0.6272847863943999
vn 0.5506967491821727 -0.5506785697649033 0.6272847863943999
vn 0.5506967491821727 -0.5506785697649033 0.6272847863943999
vn 0.5320657958957765 -0.012942429318710742 0.846604088320582
vn 0.5320657963062266 -0.012942369724051505 0.8466040889736753
vn 0.5320657958957765 -0.012942429318710742 0.846604088320582
vn 0.6597318905500911 0 0.7515010529541543
vn 0.6597318905500911 0 0.7515010529541543
vn 0.6597318905500911 0 0.7515010529541543
vn 0.37362727430783593 -0.49797987815218764 0.7825718502788287
vn 0.37362729519769766 -0.4979799854827222 0.7825717720068112
vn 0.37362729519769766 -0.4979799854827222 0.7825717720068112
vn 0.6947545500514398 -0.194751980480164 0.6923783512515936
vn 0.6947545621486315 -0.19475189446425076 0.6923783633074105
vn 0.6948498821308274 -0.19478089372409724 0.6922745443412008
vn 0.48699709328589197 -0.8439248723254036 0.2249992022244605
vn 0.4869971648839611 -0.8439248335043488 0.22499919286442188
vn 0.4869971648839611 -0.8439248335043488 0.22499919286442188
vn -0.00459897501123334 -0.6552870030871475 0.7553659993764021
vn -0.00459897501123334 -0.6552870030871475 0.7553659993764021
vn -0.00459897501123334 -0.6552870030871475 0.7553659993764021
vn 0.06483674085584529 -0.9620707088790066 0.26498329787410685
vn 0.06483674085584529 -0.9620707088790066 0.26498329787410685
vn 0.06483674085584529 -0.9620707088790066 0.26498329787410685
vn 0.15315519146639087 -0.9485393088108588 0.2771581984490296
vn 0.15315519146639087 -0.9485393088108588 0.2771581984490296
vn 0.15315519146639087 -0.9485393088108588 0.2771581984490296
vn -0.18853330594180875 -0.8323829762140346 0.521146594980451
vn -0.18853330594180875 -0.8323829762140346 0.521146594980451
vn -0.18853330594180875 -0.8323829762140346 0.521146594980451
vn 0.9816971409557952 0.031179774515474643 0.18787907041600335
vn 0.9816971409557952 0.031179774515474643 0.18787907041600335
vn 0.9816971409557952 0.031179774515474643 0.18787907041600335
vn 0.8322631058897106 0.09858529196508589 0.5455447394879462
vn 0.8322631058897106 0.09858529196508589 0.5455447394879462
vn 0.8322631058897106 0.09858529196508589 0.5455447394879462
vn 0.8800623396942826 -0.18504628497121106 0.4373192777253005
vn 0.8800623396942826 -0.18504628497121106 0.4373192777253005
vn 0.8800623396942826 -0.18504628497121106 0.4373192777253005
vn -0.1306650068337919 0.05878876638280908 0.9896820383013488
vn -0.1306650068337919 0.05878876638280908 0.9896820383013488
vn -0.1306650068337919 0.05878876638280908 0.9896820383013488
vn -0.11384510216505943 0.020898749992390678 0.9932786794056251
vn -0.11384498450523618 0.02089874841418406 0.9932786929244599
vn -0.11384510216505943 0.020898749992390678 0.9932786794056251
vn -0.5151293719400655 -0.015255509418501243 0.8569766622242496
vn -0.5151293719400655 -0.015255509418501243 0.8569766622242496
vn -0.5151293719400655 -0.015255509418501243 0.8569766622242496
vn 0.1773158896140856 -0.9819358522199104 0.06603830263963202
vn 0.1773158896140856 -0.9819358522199104 0.06603830263963202
vn 0.1773158896140856 -0.9819358522199104 0.06603830263963202
vn 0.5545726880310841 -0.826580206414509 0.09599112486957008
vn 0.5545726880310841 -0.826580206414509 0.09599112486957008
vn 0.5545726880310841 -0.826580206414509 0.09599112486957008
vn 0.47770068488653705 -0.8266563491534429 0.29739088093489746
vn 0.47770068488653705 -0.8266563491534429 0.29739088093489746
vn 0.47770068488653705 -0.8266563491534429 0.29739088093489746
vn 0.15784287034629652 -0.5364023304963361 0.8290706653349531
vn 0.15780909410087415 -0.5364804881142473 0.8290265229121204
vn 0.15780909410087415 -0.5364804881142473 0.8290265229121204
vn -0.13357459160666468 0.9833225123701815 0.12342878571511286
vn -0.13357459160666468 0.9833225123701815 0.12342878571511286
vn -0.13357459160666468 0.9833225123701815 0.12342878571511286
vn 0.18279849442989796 0.6916358641241142 0.6987306647710924
vn 0.18279849442989796 0.6916358641241142 0.6987306647710924
vn 0.18279849442989796 0.6916358641241142 0.6987306647710924
vn 0.30904529178025125 0.22135377416839724 0.9249289239124623
vn 0.30904529178025125 0.22135377416839724 0.9249289239124623
vn 0.30904529178025125 0.22135377416839724 0.9249289239124623
vn 0.09287266145222133 0.43690686063047734 0.8946994265611228
vn 0.09287266145222133 0.43690686063047734 0.8946994265611228
vn 0.09287266145222133 0.43690686063047734 0.8946994265611228
vn 0.8136538968962966 -0.5789960102014702 -0.05225855180015707
vn 0.8136538968962966 -0.5789960102014702 -0.05225855180015707
vn 0.8136538488303814 -0.5789960780170762 -0.052258548815964805
vn 0.6778048668726692 -0.725339390834905 -0.12026358778521613
vn 0.6778048668726692 -0.725339390834905 -0.12026358778521613
vn 0.6778048668726692 -0.725339390834905 -0.12026358778521613
vn 0.9972235389487294 -0.019379848282153254 -0.07190017278931035
vn 0.9972235389487294 -0.019379848282153254 -0.07190017278931035
vn 0.9972235389487294 -0.019379848282153254 -0.07190017278931035
vn 0.9966263364785204 -0.02193045099115648 -0.07908856274283846
vn 0.9966263378219762 -0.021930389553427625 -0.07908856284945012
vn 0.9966263318210871 -0.021930449026025943 -0.07908862197788749
vn 0.8311786980023945 -0.014301829510863995 -0.5558214008651398
vn 0.8311786980023945 -0.014301829510863995 -0.5558214008651398
vn 0.8311786980023945 -0.014301829510863995 -0.5558214008651398
vn 0.7822501589656735 0 -0.6229644362226294
vn 0.7822501589656735 0 -0.6229644362226294
vn 0.7822501589656735 0 -0.6229644362226294
vn 0.5557310176852075 0 -0.8313621569343673
vn 0.5557310176852075 0 -0.8313621569343673
vn 0.5557310176852075 0 -0.8313621569343673
vn 0.5389984236825663 0.0033936498137629193 -0.8422999361324032
vn 0.5389984236825663 0.0033936498137629193 -0.8422999361324032
vn 0.5389984236825663 0.0033936498137629193 -0.8422999361324032
vn 0.19474160644715646 -0.0029647350270907706 -0.9808500991816231
vn 0.19474160644715646 -0.0029647350270907706 -0.9808500991816231
vn 0.19474160644715646 -0.0029647350270907706 -0.9808500991816231
vn 0.1756940810590375 0 -0.9844448130194097
vn 0.1756940810590375 0 -0.9844448130194097
vn 0.1756940810590375 0 -0.9844448130194097
vn 0 0 -1
vn 0 0 -1
vn 0 0 -1
vn 0 0 -1
vn 0 0 -1
vn 0 0 -1
vn 0 -0.9151384086765887 -0.4031397933284197
vn 0 -0.9151384086765887 -0.4031397933284197
vn 0 -0.9151384086765887 -0.4031397933284197
vn 0 -0.9151378060382156 0.4031411613313147
vn 0 -0.9151378060382156 0.4031411613313147
vn 0 -0.9151378060382156 0.4031411613313147
vn 0.8171011079215585 -0.10444810074936764 0.5669535904138995
vn 0.8171011079215585 -0.10444810074936764 0.5669535904138995
vn 0.8171011079215585 -0.10444810074936764 0.5669535904138995
vn 0.8171205124297388 -0.12967890817972985 0.5616915959313208
vn 0.8171205124297388 -0.12967890817972985 0.5616915959313208
vn 0.8171205124297388 -0.12967890817972985 0.5616915959313208
vn 0.906497728329562 -0.2844032085026444 0.3120523730509751
vn 0.906497728329562 -0.2844032085026444 0.3120523730509751
vn 0.906497728329562 -0.2844032085026444 0.3120523730509751
vn 0.8556370651781504 -0.4472473816200053 0.2604899083023581
vn 0.8556370651781504 -0.4472473816200053 0.2604899083023581
vn 0.8556370651781504 -0.4472473816200053 0.2604899083023581
vn 0.8941089120399972 -0.06320034112773547 0.44336775964428266
vn 0.8941089120399972 -0.06320034112773547 0.44336775964428266
vn 0.8941089120399972 -0.06320034112773547 0.44336775964428266
vn 0.8585807436818257 -0.44138835604910975 0.2607976720046164
vn 0.8585807703746705 -0.4413883697716524 0.2607975609033954
vn 0.8585807100480666 -0.44138839920282247 0.2607977096957095
vn 0.8964059047050695 0.43915341726187657 0.060006084000723325
vn 0.8964059047050695 0.43915341726187657 0.060006084000723325
vn 0.8964059047050695 0.43915341726187657 0.060006084000723325
vn 0.9955481000980358 -0.09342770751513002 -0.012459689388524762
vn 0.9955481000980358 -0.09342770751513002 -0.012459689388524762
vn 0.9955480940245733 -0.09342777214343687 -0.0124596900584893
vn 0.9465370263949342 0.3178171842272315 -0.055316318327502514
vn 0.9465370263949342 0.3178171842272315 -0.055316318327502514
vn 0.9465370263949342 0.3178171842272315 -0.055316318327502514
vn 0.9900551492466824 0.011707538802862424 0.1401917793071658
vn 0.9900551492466824 0.011707538802862424 0.1401917793071658
vn 0.9900551492466824 0.011707538802862424 0.1401917793071658
vn 0.8467690368891209 0.01019674076345175 0.5318629754397968
vn 0.8467690368891209 0.01019674076345175 0.5318629754397968
vn 0.8467690368891209 0.01019674076345175 0.5318629754397968
vn 0.7939577144151156 0 0.6079729827226911
vn 0.7939577144151156 0 0.6079729827226911
vn 0.7939577144151156 0 0.6079729827226911
vn 0.8417811787542735 0.05104159813679252 0.537400411569165
vn 0.8417811787542735 0.05104159813679252 0.537400411569165
vn 0.8417811787542735 0.05104159813679252 0.537400411569165
vn 0.7698121086388338 -0.07892297969285395 0.6333723081011939
vn 0.7698121086388338 -0.07892297969285395 0.6333723081011939
vn 0.7698121086388338 -0.07892297969285395 0.6333723081011939
vn 0.985904607343385 -0.007454036533466594 0.16714228237775045
vn 0.985904607343385 -0.007454036533466594 0.16714228237775045
vn 0.985904607343385 -0.007454036533466594 0.16714228237775045
vn 0.9029591068377488 0.3204878563272404 0.2862732703651269
vn 0.9029591299488263 0.32048786453007 0.28627318828527093
vn 0.902959056391666 0.3204878893802175 0.2862733924780391
vn 0.7517847609874413 0.6103034770644142 0.24969849625126223
vn 0.7517847364370639 0.6103035167389117 0.24969847319591573
vn 0.7517847532204925 0.6103035303638032 0.24969838936341063
vn 0.8892298272554622 -0.07413589897481576 0.4514135385679265
vn 0.8892298162748422 -0.0741358831581906 0.45141356279598577
vn 0.8892297913472237 -0.07413589349982605 0.4514136102019475
vn 0.8651282762678446 0.0791082305442819 0.49527260520038924
vn 0.8651282762678446 0.0791082305442819 0.49527260520038924
vn 0.8651282762678446 0.0791082305442819 0.49527260520038924
vn 0.836491466169693 0 0.5479799512986558
vn 0.836491466169693 0 0.5479799512986558
vn 0.836491466169693 0 0.5479799512986558
vn 0.8471082036976163 0.011304429977890532 -0.5313001986552167
vn 0.8471082036976163 0.011304429977890532 -0.5313001986552167
vn 0.8471082036976163 0.011304429977890532 -0.5313001986552167
vn 0.8346599113756171 -0.026857611925149294 -0.5501104443874205
vn 0.8346599113756171 -0.026857611925149294 -0.5501104443874205
vn 0.8346599113756171 -0.026857611925149294 -0.5501104443874205
vn 0.75418580131122 0.007098614290226393 -0.6566227126559905
vn 0.75418580131122 0.007098614290226393 -0.6566227126559905
vn 0.75418580131122 0.007098614290226393 -0.6566227126559905
vn 0.795672727506156 0.06290137123890975 -0.6024519301979034
vn 0.795672727506156 0.06290137123890975 -0.6024519301979034
vn 0.795672727506156 0.06290137123890975 -0.6024519301979034
vn 0.7914848853232554 0.07886574347153738 -0.6060790961677485
vn 0.7914848853232554 0.07886574347153738 -0.6060790961677485
vn 0.7914848853232554 0.07886574347153738 -0.6060790961677485
vn 0.8750639339756714 0 -0.48400734648868876
vn 0.8750639339756714 0 -0.48400734648868876
vn 0.8750639339756714 0 -0.48400734648868876
vn 0.8750785240358837 0 -0.4839809673646057
vn 0.8750785240358837 0 -0.4839809673646057
vn 0.8750785240358837 0 -0.4839809673646057
vn 0.8974536907500982 0 -0.441108686106981
vn 0.8974536907500982 0 -0.441108686106981
vn 0.8974536907500982 0 -0.441108686106981
vn 0.89745793535888 0 -0.4411000501715865
vn 0.89745793535888 0 -0.4411000501715865
vn 0.89745793535888 0 -0.4411000501715865
vn 0.957290777418456 0 -0.2891269054750317
vn 0.957290777418456 0 -0.2891269054750317
vn 0.957290777418456 0 -0.2891269054750317
vn 0.9519273912569016 -0.09678565244151062 -0.29063169004136613
vn 0.9519273912569016 -0.09678565244151062 -0.29063169004136613
vn 0.9519273912569016 -0.09678565244151062 -0.29063169004136613
vn 0.1541568743518419 0.3935719620252166 -0.9062763203337555
vn 0.1541568954180145 0.39357200756719146 -0.9062762969727334
vn 0.1541568954180145 0.39357200756719146 -0.9062762969727334
vn 0.11079409922953583 -0.2842505030630558 -0.9523267921697445
vn 0.11079409922953583 -0.2842505030630558 -0.9523267921697445
vn 0.11079409922953583 -0.2842505030630558 -0.9523267921697445
vn 0.520482125943029 -0.18978700152800224 -0.8325138140744782
vn 0.5204821097515974 -0.1897871595367774 -0.8325137881762007
vn 0.520482118583289 -0.18978707335017464 -0.8325138023025365
vn 0.9015626784719843 -0.11971259699353795 -0.41575669676805455
vn 0.9015626784719843 -0.11971259699353795 -0.41575669676805455
vn 0.9015626784719843 -0.11971259699353795 -0.41575669676805455
vn 0.37756413295565516 -0.8120671526656738 -0.44496321765614466
vn 0.37756413295565516 -0.8120671526656738 -0.44496321765614466
vn 0.37756413295565516 -0.8120671526656738 -0.44496321765614466
vn -0.029264617443400143 -0.920380941548353 0.38992628098200655
vn -0.02926467752697452 -0.9203810758201086 0.38992595953778414
vn -0.02926467752697452 -0.9203810758201086 0.38992595953778414
vn 0.6346487772157844 -0.3396085975397619 0.6941807618016981
vn 0.6346487772157844 -0.3396085975397619 0.6941807618016981
vn 0.6346487772157844 -0.3396085975397619 0.6941807618016981
vn 0.6426702928072476 -0.16321900970160322 0.7485549075485877
vn 0.6426702307096409 -0.16321899416730437 0.7485549642495402
vn 0.6426702307096409 -0.16321899416730437 0.7485549642495402
vn 0.6273640259636045 -0.15947311774539905 0.7622222140841212
vn 0.6273640363993893 -0.15947301609000078 0.7622222267631824
vn 0.6273641025377197 -0.15947300284967186 0.7622221750967038
vn 0.6585629667395175 -0.1575827916931667 0.7358413433624351
vn 0.6585629667395175 -0.1575827916931667 0.7358413433624351
vn 0.6585629667395175 -0.1575827916931667 0.7358413433624351
vn 0.9345221376526867 0.2855269567207956 -0.2124681887314285
vn 0.9345221012526077 0.28552708301983726 -0.2124681791059391
vn 0.9345221615092573 0.28552687460278703 -0.2124681941553368
vn 0.6330379031320517 0.18350138633163934 -0.7520573478216551
vn 0.6330378854040046 0.1835014878775572 -0.7520573379669592
vn 0.6330379031320517 0.18350138633163934 -0.7520573478216551
vn 0.9278329635082351 0.2716779119918751 -0.2555721110826865
vn 0.9278330243870279 0.2716777037486996 -0.2555721114336513
vn 0.9278330243870279 0.2716777037486996 -0.2555721114336513
vn 0.7539234101161724 0.5369045095476958 -0.37859350140506903
vn 0.7539234101161724 0.5369045095476958 -0.37859350140506903
vn 0.7539234101161724 0.5369045095476958 -0.37859350140506903
vn 0.4939077274092843 0.8625489605347044 -0.10983827878247736
vn 0.4939077274092843 0.8625489605347044 -0.10983827878247736
vn 0.4939077274092843 0.8625489605347044 -0.10983827878247736
vn 0.758645061212424 0.5917144445328191 -0.2726383817976014
vn 0.758645061212424 0.5917144445328191 -0.2726383817976014
vn 0.758645061212424 0.5917144445328191 -0.2726383817976014
vn 0.77097017082883 0.6224797409221324 -0.1346252867543073
vn 0.7709701180478223 0.6224798060361696 -0.1346252879458375
vn 0.77097017082883 0.6224797409221324 -0.1346252867543073
vn 0.8791986136556358 0.465082676738362 -0.10347899083334972
vn 0.8791986136556358 0.465082676738362 -0.10347899083334972
vn 0.8791986136556358 0.465082676738362 -0.10347899083334972
vn 0.8533691178358985 0.5115357643715942 0.1004604921984224
vn 0.8533691178358985 0.5115357643715942 0.1004604921984224
vn 0.8533691178358985 0.5115357643715942 0.1004604921984224
vn 0.8367822254924276 0.5396397168401493 0.09265248571205938
vn 0.8367822254924276 0.5396397168401493 0.09265248571205938
vn 0.8367822289582858 0.5396397190752765 0.09265244139233136
vn 0.7626852517994765 0.6463291154801627 -0.023872184026596185
vn 0.7626852517994765 0.6463291154801627 -0.023872184026596185
vn 0.7626852517994765 0.6463291154801627 -0.023872184026596185
vn 0.7343379484902709 0.6519245705785808 0.18905589565795883
vn 0.7343379484902709 0.6519245705785808 0.18905589565795883
vn 0.7343379484902709 0.6519245705785808 0.18905589565795883
vn 0.8588365441495682 0.3665432387339716 0.3578349404007905
vn 0.8588365441495682 0.3665432387339716 0.3578349404007905
vn 0.8588365441495682 0.3665432387339716 0.3578349404007905
vn 0.6293256366712766 0.5790422635986702 0.5183235475982356
vn 0.6293256943897536 0.579042202258562 0.5183235460447545
vn 0.6293256343936708 0.5790423211076914 0.5183234861177146
vn 0.10942730382428834 0.7217816759842974 0.6834155963914238
vn 0.10942730382428834 0.7217816759842974 0.6834155963914238
vn 0.10942730382428834 0.7217816759842974 0.6834155963914238
vn -0.01025878993380691 0.792797969418017 0.6093981760029836
vn -0.01025878993380691 0.792797969418017 0.6093981760029836
vn -0.01025878993380691 0.792797969418017 0.6093981760029836
vn 0.14657479030249124 0.747858260680379 0.6474749823583141
vn 0.14657479030249124 0.747858260680379 0.6474749823583141
vn 0.14657479030249124 0.747858260680379 0.6474749823583141
vn 0.043814520772683156 0.45377972193618704 0.8900360957449853
vn 0.043814520772683156 0.45377972193618704 0.8900360957449853
vn 0.043814520772683156 0.45377972193618704 0.8900360957449853
vn -0.20597916360880167 0.5650689470046374 0.7989178113486323
vn -0.20597916360880167 0.5650689470046374 0.7989178113486323
vn -0.20597916360880167 0.5650689470046374 0.7989178113486323
vn -0.07332997879579851 0.31858149650778966 0.9450547837520665
vn -0.07332997879579851 0.31858149650778966 0.9450547837520665
vn -0.07332997879579851 0.31858149650778966 0.9450547837520665
vn 0.010376090283645932 0.17409819531986304 0.9846736287404027
vn 0.010376090283645932 0.17409819531986304 0.9846736287404027
vn 0.010376090283645932 0.17409819531986304 0.9846736287404027
vn 0.017498908314515445 0.18492547903580697 0.9825967409935662
vn 0.017498908314515445 0.18492547903580697 0.9825967409935662
vn 0.017498908314515445 0.18492547903580697 0.9825967409935662
vn -0.024193339793653554 0.4470194417586117 0.8941970146446743
vn -0.024193458933170944 0.44701944046937275 0.8941970120657404
vn -0.02419339936341238 0.44701944111399305 0.8941970133552091
vn 0.005402088181144825 0.49043700242993604 0.8714599038916375
vn 0.005402088181144825 0.49043700242993604 0.8714599038916375
vn 0.005402088181144825 0.49043700242993604 0.8714599038916375
vn -0.0009732240027757318 0 0.9999995264174082
vn -0.0009732240027757318 0 0.9999995264174082
vn -0.0009732240027757318 0 0.9999995264174082
vn -0.0000903650955673955 0.000290592001192117 0.9999999536952181
vn -0.0000903650955673955 0.000290592001192117 0.9999999536952181
vn -0.0000903650955673955 0.000290592001192117 0.9999999536952181
vn 0.06834363269820057 -0.21643539018492852 0.9739018789103507
vn 0.06834363269820057 -0.21643539018492852 0.9739018789103507
vn 0.06834363269820057 -0.21643539018492852 0.9739018789103507
vn 0.16211298318504921 0.7462874747814743 0.645580657754811
vn 0.1621126940544239 0.7462875067256549 0.6455806934315976
vn 0.16211298318504921 0.7462874747814743 0.645580657754811
vn 0.04667215744136116 0.8498009351900003 0.5250334087179307
vn 0.046672094249377474 0.8498009377017932 0.5250334102697944
vn 0.04667215744136116 0.8498009351900003 0.5250334087179307
vn 0.776447683935895 0.6297341942440549 -0.023745288172086185
vn 0.7764478175418106 0.6297340271064408 -0.02374535194229707
vn 0.776447713114264 0.6297341583043873 -0.023745287201772606
vn 0.24189760341973407 0.8644651967528807 0.4406648080602674
vn 0.24189760341973407 0.8644651967528807 0.4406648080602674
vn 0.24189760341973407 0.8644651967528807 0.4406648080602674
vn -0.007809042042022498 0.9969602877825114 -0.0775190521549259
vn -0.007809042042022498 0.9969602877825114 -0.0775190521549259
vn -0.007809042042022498 0.9969602877825114 -0.0775190521549259
vn 0 1 0
vn 0 1 0
vn 0 1 0
vn 0 0.9999999999998452 -5.563859986067704e-7
vn 0 0.9999999999998452 -5.563859986067704e-7
vn 0 0.9999999999998452 -5.563859986067704e-7
vn 0 1 0
vn 0 1 0
vn 0 1 0
vn 0 1 0
vn 0 1 0
vn 0 1 0
vn 0.01643382927339787 0.9967632191640916 0.07869570621736525
vn 0.01643382927339787 0.9967632191640916 0.07869570621736525
vn 0.01643382927339787 0.9967632191640916 0.07869570621736525
vn -0.00010756899959590937 0.9999892529346238 0.004634915766564321
vn -0.00010756899959590937 0.9999892529346238 0.004634915766564321
vn -0.00010756899959590937 0.9999892529346238 0.004634915766564321
vn -0.219808581092168 0.9443211667220853 0.2448299854161808
vn -0.219808581092168 0.9443211667220853 0.2448299854161808
vn -0.219808581092168 0.9443211667220853 0.2448299854161808
vn -0.20105400178586455 0.9587226866282934 0.20106739792944273
vn -0.2010540060025618 0.9587227067355446 0.201067297838293
vn -0.2010540060025618 0.9587227067355446 0.201067297838293
vn 0 0.9999999999997249 7.418479981422711e-7
vn 0 0.9999999999997249 7.418479981422711e-7
vn 0 0.9999999999997249 7.418479981422711e-7
vn 0 1 0
vn 0 1 0
vn 0 1 0
vn 0 1 0
vn 0 1 0
vn 0 1 0
vn 0 0.9999999999998102 6.16142983744677e-7
vn 0 0.9999999999998102 6.16142983744677e-7
vn 0 0.9999999999998102 6.16142983744677e-7
vn 0 0.9999999999948115 0.0000032213699796390053
vn 0 0.9999999999948115 0.0000032213699796390053
vn 0 0.9999999999948115 0.0000032213699796390053
vn 0.044603280206591954 0.993349481046976 0.10614780213699981
vn 0.044603280206591954 0.993349481046976 0.10614780213699981
vn 0.044603280206591954 0.993349481046976 0.10614780213699981
vn 0.1627013833264218 0.37754413507188983 0.9115858083233238
vn 0.1627013833264218 0.37754413507188983 0.9115858083233238
vn 0.1627013833264218 0.37754413507188983 0.9115858083233238
vn 0.49961287968287826 0.37517798836842875 0.7807870692441065
vn 0.49961287968287826 0.37517798836842875 0.7807870692441065
vn 0.49961287968287826 0.37517798836842875 0.7807870692441065
vn 0.49968239783235974 0.3751307138733992 0.7807652968756599
vn 0.49968239783235974 0.3751307138733992 0.7807652968756599
vn 0.49968239783235974 0.3751307138733992 0.7807652968756599
vn 0.8426840123640514 0.363221726930908 0.3974338088177099
vn 0.8426840123640514 0.363221726930908 0.3974338088177099
vn 0.8426840123640514 0.363221726930908 0.3974338088177099
vn 0.41667897630104295 0.7541905844445238 0.5075186627543292
vn 0.41667897630104295 0.7541905844445238 0.5075186627543292
vn 0.41667897630104295 0.7541905844445238 0.5075186627543292
vn -0.251736161114574 0.9527322537232202 0.17008867658598137
vn -0.251736161114574 0.9527322537232202 0.17008867658598137
vn -0.251736161114574 0.9527322537232202 0.17008867658598137
vn 0.33089367496390826 0.789421938461906 0.5170322803693465
vn 0.33089367496390826 0.789421938461906 0.5170322803693465
vn 0.33089367496390826 0.789421938461906 0.5170322803693465
vn 0.40918768762692276 0.7098679769881705 0.5732825582042892
vn 0.40918763485040327 0.7098679371320169 0.573282645226129
vn 0.40918768762692276 0.7098679769881705 0.5732825582042892
vn 0.0004604869952295833 0.8172641826223154 0.5762629987726141
vn 0.0004604869952295833 0.8172641826223154 0.5762629987726141
vn 0.0004604869952295833 0.8172641826223154 0.5762629987726141
vn -0.0002628000243899614 0.9844866483464627 0.1754593119891202
vn -0.0002628000243899614 0.9844866483464627 0.1754593119891202
vn -0.0002628000243899614 0.9844866483464627 0.1754593119891202
vn -0.0070658315847583735 0.9629583224092094 0.2695576808901144
vn -0.0070658315847583735 0.9629583224092094 0.2695576808901144
vn -0.0070658315847583735 0.9629583224092094 0.2695576808901144
vn 0.01662914818288039 0.8856470535988685 0.4640611682551716
vn 0.01662914818288039 0.8856470535988685 0.4640611682551716
vn 0.01662914818288039 0.8856470535988685 0.4640611682551716
vn 0.011119419426988221 0.2707222035448754 0.9625932926316357
vn 0.011119419426988221 0.2707222035448754 0.9625932926316357
vn 0.011119419426988221 0.2707222035448754 0.9625932926316357
vn -0.006700157581405186 0.3766585547903415 0.9263279338288549
vn -0.006700157581405186 0.3766585547903415 0.9263279338288549
vn -0.006700157581405186 0.3766585547903415 0.9263279338288549
vn -0.001132368930521166 -0.018583288506422095 -0.9998266745435893
vn -0.001132368930521166 -0.018583288506422095 -0.9998266745435893
vn -0.001132368930521166 -0.018583288506422095 -0.9998266745435893
vn -0.46729448566619675 0.24240408904675786 -0.8502212190244233
vn -0.46729448566619675 0.24240408904675786 -0.8502212190244233
vn -0.46729448566619675 0.24240408904675786 -0.8502212190244233
vn 0.5032914079207917 0.5927564860274078 -0.6287587033079914
vn 0.5032914079207917 0.5927564860274078 -0.6287587033079914
vn 0.5032914079207917 0.5927564860274078 -0.6287587033079914
vn 0.12588238940537477 0.8965904872513223 -0.42459288996405714
vn 0.12588238940537477 0.8965904872513223 -0.42459288996405714
vn 0.12588238940537477 0.8965904872513223 -0.42459288996405714
vn 0.8845295543549806 0.18704168992334813 -0.42734397585925715
vn 0.8845295441510488 0.18704161325982835 -0.4273440305340632
vn 0.8845295543549806 0.18704168992334813 -0.42734397585925715
vn 0.49664768337720533 0.5513702008427802 -0.6703222957791627
vn 0.49664768337720533 0.5513702008427802 -0.6703222957791627
vn 0.49664768337720533 0.5513702008427802 -0.6703222957791627
vn 0.914912148940381 0.34300985359828906 -0.2127909773833808
vn 0.914912148940381 0.34300985359828906 -0.2127909773833808
vn 0.914912104718956 0.34300997857490395 -0.2127909660600608
vn 0.5889902559295543 0.668383402308041 0.45426215552163857
vn 0.5889902559295543 0.668383402308041 0.45426215552163857
vn 0.5889902559295543 0.668383402308041 0.45426215552163857
vn 0.6967337005516484 0.5371898911615952 0.4753831837048924
vn 0.6967337005516484 0.5371898911615952 0.4753831837048924
vn 0.6967337005516484 0.5371898911615952 0.4753831837048924
vn 0.7679750669510148 0.3548501912551229 0.5331938093299536
vn 0.7679751727439448 0.3548501827945359 0.5331936625838612
vn 0.7679750669510148 0.3548501912551229 0.5331938093299536
vn 0.7649861054473365 0.13878628750075575 0.6289154353919721
vn 0.7649859875724342 0.13878639205097448 0.6289155556982996
vn 0.7649859875724342 0.13878639205097448 0.6289155556982996
vn 0.18169959391413965 0.9721657902333902 0.14791529289199482
vn 0.181699482521026 0.9721658119305118 0.1479152871243548
vn 0.181699482521026 0.9721658119305118 0.1479152871243548
vn 0.2389955031911326 0.955115957291049 0.17502759091760484
vn 0.2389955031911326 0.955115957291049 0.17502759091760484
vn 0.2389955031911326 0.955115957291049 0.17502759091760484
vn 0.6933469014733635 0.5386417978661256 -0.4786805697005403
vn 0.6933469014733635 0.5386417978661256 -0.4786805697005403
vn 0.6933469014733635 0.5386417978661256 -0.4786805697005403
vn 0.6959726110838026 0.5320832054111431 -0.48219247934885634
vn 0.6959726110838026 0.5320832054111431 -0.48219247934885634
vn 0.6959726110838026 0.5320832054111431 -0.48219247934885634
vn 0.2338081938639101 0.9534734660172351 -0.19032098697510008
vn 0.2338081938639101 0.9534734660172351 -0.19032098697510008
vn 0.2338081938639101 0.9534734660172351 -0.19032098697510008
vn 0.27649131680118966 0.9305093376879835 -0.24021849264578726
vn 0.27649131680118966 0.9305093376879835 -0.24021849264578726
vn 0.27649131680118966 0.9305093376879835 -0.24021849264578726
vn 0.7662577721031667 0.3579458637271681 -0.5335951511512292
vn 0.7662577721031667 0.3579458637271681 -0.5335951511512292
vn 0.7662577721031667 0.3579458637271681 -0.5335951511512292
vn 0.19871487696127282 0.9772426231561847 0.07422434345338214
vn 0.19871487696127282 0.9772426231561847 0.07422434345338214
vn 0.19871487696127282 0.9772426231561847 0.07422434345338214
vn 0.20061789189325543 0.9572092764918161 0.20857339823266088
vn 0.20061789189325543 0.9572092764918161 0.20857339823266088
vn 0.20061789189325543 0.9572092764918161 0.20857339823266088
vn 0.47636470898676575 0.0853341830396183 0.8750969896171022
vn 0.47636470898676575 0.0853341830396183 0.8750969896171022
vn 0.47636470898676575 0.0853341830396183 0.8750969896171022
vn -0.060405484367715555 0.0664008696208037 0.9959629019054388
vn -0.06040548804952877 0.06640087702359197 0.9959629011885917
vn -0.060405547436685435 0.06640087678451896 0.9959628976026776
vn 0.8939700474537966 -0.10450409807745357 0.43577109557711
vn 0.8939700474537966 -0.10450409807745357 0.43577109557711
vn 0.8939700474537966 -0.10450409807745357 0.43577109557711
vn 0.4719505818746534 0.8268903936869465 0.30580210119687345
vn 0.4719505818746534 0.8268903936869465 0.30580210119687345
vn 0.4719505818746534 0.8268903936869465 0.30580210119687345
vn 0.5503333216810051 0.8270689853899247 0.11441209924493048
vn 0.5503333216810051 0.8270689853899247 0.11441209924493048
vn 0.5503333216810051 0.8270689853899247 0.11441209924493048
vn 0.3835262542279681 0.8652236204611873 0.32294844621688346
vn 0.3835262542279681 0.8652236204611873 0.32294844621688346
vn 0.3835262542279681 0.8652236204611873 0.32294844621688346
vn 0.3955911465452157 0.8568251875251643 0.33069357840379765
vn 0.3955911465452157 0.8568251875251643 0.33069357840379765
vn 0.3955911465452157 0.8568251875251643 0.33069357840379765
vn 0.1580633086240133 -0.43663439491498524 -0.8856446215294568
vn 0.1580633086240133 -0.43663439491498524 -0.8856446215294568
vn 0.1580633086240133 -0.43663439491498524 -0.8856446215294568
vn 0.1150391840822927 0.9665586897375416 -0.22919486342090453
vn 0.1150391840822927 0.9665586897375416 -0.22919486342090453
vn 0.1150391840822927 0.9665586897375416 -0.22919486342090453
vn 0.13522570159469027 0.9370961413993844 -0.32181490239361044
vn 0.13522570159469027 0.9370961413993844 -0.32181490239361044
vn 0.13522570159469027 0.9370961413993844 -0.32181490239361044
vn 0.5694810341959202 0.7367521770114754 -0.3645374896495516
vn 0.5694810341959202 0.7367521770114754 -0.3645374896495516
vn 0.5694810341959202 0.7367521770114754 -0.3645374896495516
vn 0.4404905977143796 0.5278248122188267 -0.7262017632389699
vn 0.4404905977143796 0.5278248122188267 -0.7262017632389699
vn 0.4404905684862155 0.5278247533021764 -0.7262018237901824
vn 0.30830246768299757 0.16749438946714895 -0.9364268353254306
vn 0.30830246768299757 0.16749438946714895 -0.9364268353254306
vn 0.30830246768299757 0.16749438946714895 -0.9364268353254306
vn 0.36755618065574397 0.8011718307918331 -0.4722564468669796
vn 0.36755621363774077 0.8011717781180081 -0.4722565105570453
vn 0.36755618065574397 0.8011718307918331 -0.4722564468669796
vn -0.10954759550263388 0.5357442635293445 -0.837243936027602
vn -0.10954759550263388 0.5357442635293445 -0.837243936027602
vn -0.10954759550263388 0.5357442635293445 -0.837243936027602
vn 0.4121903843625604 0.910962715541352 0.015684958800416048
vn 0.41219038397720437 0.9109627146896946 0.01568501839039789
vn 0.4121903843625604 0.910962715541352 0.015684958800416048
vn 0.7888383840906279 0.6107228975440057 -0.06893146016690008
vn 0.7888383840906279 0.6107228975440057 -0.06893146016690008
vn 0.7888383840906279 0.6107228975440057 -0.06893146016690008
vn 0.6605636884663496 0.7492087865255774 0.048392227398656444
vn 0.6605636884663496 0.7492087865255774 0.048392227398656444
vn 0.6605636884663496 0.7492087865255774 0.048392227398656444
vn 0.898010831580199 0.4241413685330639 -0.11696429311349249
vn 0.898010831580199 0.4241413685330639 -0.11696429311349249
vn 0.898010831580199 0.4241413685330639 -0.11696429311349249
vn 0.42427927599045234 0.7720617714430634 0.4731888809357382
vn 0.42427918315320845 0.7720618248056275 0.47318887711002977
vn 0.42427923801149026 0.7720618161686609 0.4731888420141983
vn 0.4559837940024284 0.1783971959874411 0.8719250082839519
vn 0.45598378551735297 0.17839729697590345 0.8719249920589247
vn 0.4559837940024284 0.1783971959874411 0.8719250082839519
vn 0.47645222519797903 0.19505928202579537 0.8572894223070034
vn 0.47645222519797903 0.19505928202579537 0.8572894223070034
vn 0.47645222519797903 0.19505928202579537 0.8572894223070034
vn -0.45187774962489463 -0.09939418878713381 -0.886525405518245
vn -0.45187774962489463 -0.09939418878713381 -0.886525405518245
vn -0.45187774962489463 -0.09939418878713381 -0.886525405518245
vn -0.51026050517928 0 -0.8600198932897926
vn -0.51026050517928 0 -0.8600198932897926
vn -0.51026050517928 0 -0.8600198932897926
vn -0.5702718593026717 -0.08092068272959953 -0.8174606104235538
vn -0.5702718593026717 -0.08092068272959953 -0.8174606104235538
vn -0.5702718593026717 -0.08092068272959953 -0.8174606104235538
vn -0.5332874628430105 -0.028342418227575564 -0.8454591588619038
vn -0.5332874628430105 -0.028342418227575564 -0.8454591588619038
vn -0.5332874628430105 -0.028342418227575564 -0.8454591588619038
vn 0.035963710224006455 0.25861799592201834 -0.9653099728751395
vn 0.035963710224006455 0.25861799592201834 -0.9653099728751395
vn 0.035963710224006455 0.25861799592201834 -0.9653099728751395
vn -0.06311093327588983 0.03045289618367448 -0.9975417942197072
vn -0.06311093327588983 0.03045289618367448 -0.9975417942197072
vn -0.06311093327588983 0.03045289618367448 -0.9975417942197072
vn -0.49728245748964545 -0.008012234427613065 -0.8675517054173406
vn -0.49728245748964545 -0.008012234427613065 -0.8675517054173406
vn -0.49728245748964545 -0.008012234427613065 -0.8675517054173406
vn -0.4880104890565603 -0.009998977044055895 -0.8727804896013941
vn -0.4880104890565603 -0.009998977044055895 -0.8727804896013941
vn -0.4880104890565603 -0.009998977044055895 -0.8727804896013941
vn -0.3847500390997889 0.00681739860548814 -0.9229956286402254
vn -0.3847500390997889 0.00681739860548814 -0.9229956286402254
vn -0.3847500390997889 0.00681739860548814 -0.9229956286402254
vn -0.33255609289799326 -0.008378863188483082 -0.9430462553491691
vn -0.33255609289799326 -0.008378863188483082 -0.9430462553491691
vn -0.33255609289799326 -0.008378863188483082 -0.9430462553491691
vn -0.22490038297000683 0.011637799607043583 -0.9743122596787186
vn -0.22490038297000683 0.011637799607043583 -0.9743122596787186
vn -0.22490038297000683 0.011637799607043583 -0.9743122596787186
vn -0.19510878482506053 0 -0.9807816077415442
vn -0.19510878482506053 0 -0.9807816077415442
vn -0.19510878482506053 0 -0.9807816077415442
vn -0.1645147037763841 -0.05048793127691748 -0.9850816621157588
vn -0.1645147037763841 -0.05048793127691748 -0.9850816621157588
vn -0.1645147037763841 -0.05048793127691748 -0.9850816621157588
vn -0.12819020527842132 -0.05171077729823507 -0.9904005587548347
vn -0.12819020527842132 -0.05171077729823507 -0.9904005587548347
vn -0.12819020527842132 -0.05171077729823507 -0.9904005587548347
vn -0.10920939413278972 -0.10178728977807394 -0.9887935355132453
vn -0.10920939413278972 -0.10178728977807394 -0.9887935355132453
vn -0.10920939413278972 -0.10178728977807394 -0.9887935355132453
vn 0.19326318756070818 -0.2770966583087933 -0.9412049629533275
vn 0.19326318756070818 -0.2770966583087933 -0.9412049629533275
vn 0.19326318756070818 -0.2770966583087933 -0.9412049629533275
vn 0.7743074921831951 -0.08495632589651324 0.6270808004070423
vn 0.7743075445028664 -0.08495633254779307 0.6270807349025884
vn 0.7743075445028664 -0.08495633254779307 0.6270807349025884
vn -0.15436539435125118 0 0.9880138283580765
vn -0.15436539435123872 -4.0213798085376136e-7 0.9880138283579967
vn -0.15436539435125118 0 0.9880138283580765
vn -0.031044057170319148 -0.11538928944637952 0.9928351214554537
vn -0.031044057170319148 -0.11538928944637952 0.9928351214554537
vn -0.031044057170319148 -0.11538928944637952 0.9928351214554537
vn -0.07254480740290808 -0.0628845557382655 0.995380722923885
vn -0.07254480740290808 -0.0628845557382655 0.995380722923885
vn -0.07254480740290808 -0.0628845557382655 0.995380722923885
vn -0.18303449750504194 -0.02005624058777482 0.9829018872382747
vn -0.18303449750504194 -0.02005624058777482 0.9829018872382747
vn -0.18303449750504194 -0.02005624058777482 0.9829018872382747
vn -0.19100438376402304 -0.006837009566120914 0.9815653725978309
vn -0.19100438376402304 -0.006837009566120914 0.9815653725978309
vn -0.19100438376402304 -0.006837009566120914 0.9815653725978309
vn -0.27536890753450866 0.013971320781033756 0.9612371023628273
vn -0.27536890753450866 0.013971320781033756 0.9612371023628273
vn -0.27536890753450866 0.013971320781033756 0.9612371023628273
vn -0.33256388516183377 -0.004263936645265342 0.9430710901784402
vn -0.33256388516183377 -0.004263936645265342 0.9430710901784402
vn -0.33256388516183377 -0.004263936645265342 0.9430710901784402
vn -0.3953998779110925 0.005125463131025607 0.9184947828788064
vn -0.3953998779110925 0.005125463131025607 0.9184947828788064
vn -0.3953998779110925 0.005125463131025607 0.9184947828788064
vn -0.5102112941888195 -0.013742620267087382 0.8599392860373135
vn -0.5102112941888195 -0.013742620267087382 0.8599392860373135
vn -0.5102112941888195 -0.013742620267087382 0.8599392860373135
vn -0.48856814934037557 0 0.8725257379872072
vn -0.48856814934037557 0 0.8725257379872072
vn -0.48856814934037557 0 0.8725257379872072
vn -0.4901566708183361 -0.00430095047712099 0.8716237375595496
vn -0.4901566708183361 -0.00430095047712099 0.8716237375595496
vn -0.4901566708183361 -0.00430095047712099 0.8716237375595496
vn -0.5797643486864825 -0.05525451359610459 0.8129085057491997
vn -0.5797643486864825 -0.05525451359610459 0.8129085057491997
vn -0.5797643486864825 -0.05525451359610459 0.8129085057491997
vn -0.22246748548078482 -0.14801670836507705 -0.9636385587701566
vn -0.22246738772078958 -0.14801670280746484 -0.9636385821928751
vn -0.2224675851171952 -0.14801669035563148 -0.9636385385341791
vn -0.18229437939198873 0.8865140469667825 -0.42527826628299176
vn -0.18229437939198873 0.8865140469667825 -0.42527826628299176
vn -0.18229437939198873 0.8865140469667825 -0.42527826628299176
vn -0.42065450115013386 0.5662388147092838 -0.708818309144704
vn -0.42065450115013386 0.5662388147092838 -0.708818309144704
vn -0.42065450115013386 0.5662388147092838 -0.708818309144704
vn -0.16384088757887694 0.9048006404697131 -0.3930546584928902
vn -0.16384088757887694 0.9048006404697131 -0.3930546584928902
vn -0.16384088757887694 0.9048006404697131 -0.3930546584928902
vn -0.9351953713210622 0.2010312942018035 0.2915407968213172
vn -0.9351953713210622 0.2010312942018035 0.2915407968213172
vn -0.9351953713210622 0.2010312942018035 0.2915407968213172
vn -0.05119382736107478 0.8057275644334672 0.5900697280425744
vn -0.051193767912640346 0.8057275668920546 0.590069729843106
vn -0.051193767912640346 0.8057275668920546 0.590069729843106
vn 0 0.7071076454533469 0.7071059169186917
vn 0 0.7071076454533469 0.7071059169186917
vn 0 0.7071076454533469 0.7071059169186917
vn 0.019360360099048977 0.8214056040444015 0.5700157981155319
vn 0.019360360099048977 0.8214056040444015 0.5700157981155319
vn 0.019360360099048977 0.8214056040444015 0.5700157981155319
vn 0 0.70710693019814 0.7071066321749235
vn 0 0.70710693019814 0.7071066321749235
vn 0 0.70710693019814 0.7071066321749235
vn 0.24113186462723524 0.9692463580927247 0.04916219264213541
vn 0.24113186462723524 0.9692463580927247 0.04916219264213541
vn 0.24113186462723524 0.9692463580927247 0.04916219264213541
vn 0.36801296944712997 0.896745514454077 0.24579246657535841
vn 0.36801296944712997 0.896745514454077 0.24579246657535841
vn 0.36801296944712997 0.896745514454077 0.24579246657535841
vn 0.3966415818898684 0.7001810663531173 0.593651353772999
vn 0.3966415818898684 0.7001810663531173 0.593651353772999
vn 0.3966414674002056 0.7001810746845539 0.5936514204414868
vn 0.1390323928512218 0.70032870345018 0.7001497703076488
vn 0.1390323928512218 0.70032870345018 0.7001497703076488
vn 0.1390323928512218 0.70032870345018 0.7001497703076488
vn 0.31957197727372094 0.9472266595101113 0.02520727781177795
vn 0.31957197727372094 0.9472266595101113 0.02520727781177795
vn 0.31957197727372094 0.9472266595101113 0.02520727781177795
vn 0.38974183984884136 0.8066114821998553 -0.4443863353598899
vn 0.38974177056013826 0.8066115217623253 -0.44438632431805836
vn 0.38974186187122484 0.8066115257031031 -0.44438623708218455
vn 0.8361028492237625 0.5267531313166479 -0.15317690481274404
vn 0.8361028492237625 0.5267531313166479 -0.15317690481274404
vn 0.8361028492237625 0.5267531313166479 -0.15317690481274404
vn 0.05065292054239966 -0.8202958596578979 -0.5696920082541405
vn 0.05065292054239966 -0.8202958596578979 -0.5696920082541405
vn 0.05065292054239966 -0.8202958596578979 -0.5696920082541405
vn 0.9437343273511276 -0.21524017582394278 -0.2510720734976172
vn 0.9437343455123203 -0.21524009055905077 -0.25107207832924
vn 0.9437343273511276 -0.21524017582394278 -0.2510720734976172
vn 0.5110769220508654 -0.28629880855958956 -0.8104525723102944
vn 0.5110769220508654 -0.28629880855958956 -0.8104525723102944
vn 0.5110769220508654 -0.28629880855958956 -0.8104525723102944
vn 0.0387660188548352 -0.8203521330369287 -0.5705432267619237
vn 0.0387660188548352 -0.8203521330369287 -0.5705432267619237
vn 0.0387660188548352 -0.8203521330369287 -0.5705432267619237
vn 0.00476062174019197 -0.7374002583686432 -0.6754392611023623
vn 0.004760562567383641 -0.7374003723388514 -0.6754391370942059
vn 0.004760562602546779 -0.7374002585762484 -0.6754392612925232
vn 0.14747360652147024 -0.9864186847522225 -0.07231675982264524
vn 0.14747360652147024 -0.9864186847522225 -0.07231675982264524
vn 0.14747360652147024 -0.9864186847522225 -0.07231675982264524
vn -0.03180646137579174 -0.9988710241129978 0.03528492882522853
vn -0.03180646137579174 -0.9988710241129978 0.03528492882522853
vn -0.03180646137579174 -0.9988710241129978 0.03528492882522853
vn 0 -0.9999999999999896 -1.446250053049865e-7
vn 0 -0.9999999999999896 -1.446250053049865e-7
vn 0 -0.9999999999999896 -1.446250053049865e-7
vn 0.1094926070349865 -0.9917514289792883 0.06663686759011045
vn 0.1094926070349865 -0.9917514289792883 0.06663686759011045
vn 0.1094926070349865 -0.9917514289792883 0.06663686759011045
vn 0.08769748989052416 -0.994968937596298 -0.04843514721145832
vn 0.08769760845199255 -0.9949689302464925 -0.04843508352373558
vn 0.08769754903675732 -0.9949689323954167 -0.04843514695827911
vn 0.07664988877709407 -0.9964801594648789 -0.033942397430190174
vn 0.07664988877709407 -0.9964801594648789 -0.033942397430190174
vn 0.07664988877709407 -0.9964801594648789 -0.033942397430190174
vn 0 -0.999999999999525 9.746599971544956e-7
vn 0 -0.999999999999525 9.746599971544956e-7
vn 0 -0.999999999999525 9.746599971544956e-7
vn 0 -0.9999999999997322 -7.319230235223445e-7
vn 0 -0.9999999999997322 -7.319230235223445e-7
vn 0 -0.9999999999997322 -7.319230235223445e-7
vn 0 -0.9999999999976579 0.000002164390025422496
vn 0 -0.9999999999976579 0.000002164390025422496
vn 0 -0.9999999999976579 0.000002164390025422496
vn 0 -1 0
vn 0 -1 0
vn 0 -1 0
vn 0 -1 0
vn 0 -1 0
vn 0 -1 0
vn 0 -1 0
vn 0 -1 0
vn 0 -1 0
vn 0 -1 0
vn 0 -1 0
vn 0 -1 0
vn 0 -0.9999999999998948 4.5878400101168783e-7
vn 0 -0.9999999999998948 4.5878400101168783e-7
vn 0 -0.9999999999998948 4.5878400101168783e-7
vn 0 -0.9999999999965115 0.0000026414500098234095
vn 0 -0.9999999999965115 0.0000026414500098234095
vn 0 -0.9999999999965115 0.0000026414500098234095
vn 0 -0.9999999999998952 -4.5777798618468957e-7
vn 0 -0.9999999999998952 -4.5777798618468957e-7
vn 0 -0.9999999999998952 -4.5777798618468957e-7
vn 0 -0.9999999999976459 0.0000021698499494908753
vn 0 -0.9999999999976459 0.0000021698499494908753
vn 0 -0.9999999999976459 0.0000021698499494908753
vn 0 -1 0
vn 0 -1 0
vn 0 -1 0
vn 0 -1 0
vn 0 -1 0
vn 0 -1 0
vn 0 -0.9999999999286537 -0.000011945399818671768
vn 0 -0.9999999999286537 -0.000011945399818671768
vn 0 -0.9999999999286537 -0.000011945399818671768
vn 0 -0.9999999999938898 0.0000034957699881274624
vn 0 -0.9999999999938898 0.0000034957699881274624
vn 0 -0.9999999999938898 0.0000034957699881274624
vn 0 -0.9999999999941118 0.0000034316899472994763
vn 0 -0.9999999999941118 0.0000034316899472994763
vn 0 -0.9999999999941118 0.0000034316899472994763
vn -0.00763457899455904 -0.9996197545452092 0.026496405917622028
vn -0.00763457899455904 -0.9996197545452092 0.026496405917622028
vn -0.00763457899455904 -0.9996197545452092 0.026496405917622028
vn 0.006170034060303032 -0.9988632988244955 0.047265642290583415
vn 0.006170034060303032 -0.9988632988244955 0.047265642290583415
vn 0.006170034060303032 -0.9988632988244955 0.047265642290583415
vn 0 -1 0
vn 0 -1 0
vn 0 -1 0
vn 0 -0.9999999999942715 -0.000003384850060664285
vn 0 -0.9999999999942715 -0.000003384850060664285
vn 0 -0.9999999999942715 -0.000003384850060664285
vn 0 -0.9999999999999332 3.659619949303061e-7
vn 0 -0.9999999999999332 3.659619949303061e-7
vn 0 -0.9999999999999332 3.659619949303061e-7
vn 0 -1 0
vn 0 -1 0
vn 0 -1 0
vn 0.005038559052154563 -0.9995128077053207 0.030801950517859698
vn 0.005038559052154563 -0.9995128077053207 0.030801950517859698
vn 0.005038559052154563 -0.9995128077053207 0.030801950517859698
vn 0 -0.9999999999976577 -0.0000021644000298642146
vn 0 -0.9999999999976577 -0.0000021644000298642146
vn 0 -0.9999999999976577 -0.0000021644000298642146
vn -0.03539567746777717 -0.9974218419558509 -0.06242447601698123
vn -0.03539567746777717 -0.9974218419558509 -0.06242447601698123
vn -0.03539567746777717 -0.9974218419558509 -0.06242447601698123
vn -0.03351825073042853 -0.9934449106586808 -0.10928740254182083
vn -0.03351825073042853 -0.9934449106586808 -0.10928740254182083
vn -0.03351825073042853 -0.9934449106586808 -0.10928740254182083
vn 0 -1 0
vn 0 -1 0
vn 0 -1 0
vn 0 -1 0
vn 0 -1 0
vn 0 -1 0
vn 0 -0.9999999999999243 -3.8937500335120383e-7
vn 0 -0.9999999999999243 -3.8937500335120383e-7
vn 0 -0.9999999999999243 -3.8937500335120383e-7
vn 0 -1 0
vn 0 -1 0
vn 0 -1 0
vn 0 -0.9999999999998326 5.787620125373846e-7
vn 0 -0.9999999999998326 5.787620125373846e-7
vn 0 -0.9999999999998326 5.787620125373846e-7
vn 0 -1 0
vn 0 -1 0
vn 0 -1 0
vn 0 -1 0
vn 0 -1 0
vn 0 -1 0
vn 0 -0.999999999999936 -3.578329881292801e-7
vn 0 -0.999999999999936 -3.578329881292801e-7
vn 0 -0.999999999999936 -3.578329881292801e-7
vn 0 -1 0
vn 0 -1 0
vn 0 -1 0
vn 0 -1 0
vn 0 -1 0
vn 0 -1 0
vn 0 -1 0
vn 0 -1 0
vn 0 -1 0
vn 0 -0.999999999990071 -0.000004456229817107079
vn 0 -0.999999999990071 -0.000004456229817107079
vn 0 -0.999999999990071 -0.000004456229817107079
vn 0 -0.9999999999987719 0.000001567329945826608
vn 0 -0.9999999999987719 0.000001567329945826608
vn 0 -0.9999999999987719 0.000001567329945826608
vn 0 -1 0
vn 0 -1 0
vn 0 -1 0
vn 0 -0.9999999999936651 -0.000003559480091985467
vn 0 -0.9999999999936651 -0.000003559480091985467
vn 0 -0.9999999999936651 -0.000003559480091985467
vn -0.002867995961682505 -0.9999753123513033 0.006414771007363142
vn -0.002867995961682505 -0.9999753123513033 0.006414771007363142
vn -0.002867995961682505 -0.9999753123513033 0.006414771007363142
vn 0.13300469187386113 -0.9681401012305668 0.21216619977934079
vn 0.13300460404852602 -0.9681401127432456 0.21216620230232408
vn 0.13300460404852602 -0.9681401127432456 0.21216620230232408
vn 0.36402926176587735 -0.7280936306678434 0.58082902954235
vn 0.36402926176587735 -0.7280936306678434 0.58082902954235
vn 0.36402926176587735 -0.7280936306678434 0.58082902954235
vn 0.5169291593093814 -0.3158073782464549 0.7956443578011453
vn 0.5169291593093814 -0.3158073782464549 0.7956443578011453
vn 0.5169291593093814 -0.3158073782464549 0.7956443578011453
vn 0.49753610165889517 -0.34961471570263614 0.7938686151437367
vn 0.49753610165889517 -0.34961471570263614 0.7938686151437367
vn 0.49753610165889517 -0.34961471570263614 0.7938686151437367
vn 0.8039678732969205 -0.20569206266976184 0.5579663377490486
vn 0.8039678732969205 -0.20569206266976184 0.5579663377490486
vn 0.8039678732969205 -0.20569206266976184 0.5579663377490486
vn 0.8180355181817222 -0.38039346376970856 0.4314147699307994
vn 0.8180355181817222 -0.38039346376970856 0.4314147699307994
vn 0.8180355181817222 -0.38039346376970856 0.4314147699307994
vn 0.9645276329454666 -0.17479388886653469 0.1978219949842
vn 0.9645276329454666 -0.17479388886653469 0.1978219949842
vn 0.9645276329454666 -0.17479388886653469 0.1978219949842
vn 0.919084797517969 -0.3940598114136406 0
vn 0.919084797517969 -0.3940598114136406 0
vn 0.919084797517969 -0.3940598114136406 0
vn 0.9645844206345244 -0.17478928159183918 -0.19754898762020429
vn 0.964584435708448 -0.1747891949163675 -0.1975489907073766
vn 0.964584435708448 -0.1747891949163675 -0.1975489907073766
vn 0.8180160895199615 -0.380501200302356 -0.4313565970921703
vn 0.8180160500076801 -0.380501239450666 -0.43135663748960623
vn 0.8180160895199615 -0.380501200302356 -0.4313565970921703
vn 0.8040047295935667 -0.20566469451373903 -0.5579233175103421
vn 0.8040047295935667 -0.20566469451373903 -0.5579233175103421
vn 0.8040047295935667 -0.20566469451373903 -0.5579233175103421
vn 0.5097773649344856 -0.34555506558429155 -0.7878570522940619
vn 0.5097773649344856 -0.34555506558429155 -0.7878570522940619
vn 0.5097773649344856 -0.34555506558429155 -0.7878570522940619
vn 0.5037018643370029 -0.3167985669316078 -0.8036934116026503
vn 0.5037018643370029 -0.3167985669316078 -0.8036934116026503
vn 0.5037018643370029 -0.3167985669316078 -0.8036934116026503
vn 0.36411069876704144 -0.7278650809768826 0.5810643879449963
vn 0.3641106697298391 -0.7278651421110158 0.5810643295613651
vn 0.3641105953621102 -0.7278651125701373 0.5810644131663123
vn 0.5633210146075932 -0.7279075049505819 0.3909221133910059
vn 0.5633210959881262 -0.7279074560693358 0.3909220871393739
vn 0.5633210959881262 -0.7279074560693358 0.3909220871393739
vn 0.5635979834469684 -0.7277056655979292 0.39089867908600767
vn 0.5635979834469684 -0.7277056655979292 0.39089867908600767
vn 0.5635979834469684 -0.7277056655979292 0.39089867908600767
vn 0.6718799903288912 -0.7277625620874973 0.13761879166556615
vn 0.6718799903288912 -0.7277625620874973 0.13761879166556615
vn 0.6718799903288912 -0.7277625620874973 0.13761879166556615
vn 0.6715951785644683 -0.7280084733284935 0.13770831089979985
vn 0.6715951785644683 -0.7280084733284935 0.13770831089979985
vn 0.6715951785644683 -0.7280084733284935 0.13770831089979985
vn 0.6719398703355118 -0.7276982886878132 -0.1376663041354845
vn 0.671939883532476 -0.7276982980338097 -0.13766619031940594
vn 0.6719399239028631 -0.7276982225448899 -0.13766639230553926
vn 0.6714801610840038 -0.7281188772382593 -0.1376854889953801
vn 0.6714801610840038 -0.7281188772382593 -0.1376854889953801
vn 0.6714801610840038 -0.7281188772382593 -0.1376854889953801
vn 0.5632211967040014 -0.7280311928486817 -0.39083559948223556
vn 0.5632211967040014 -0.7280311928486817 -0.39083559948223556
vn 0.5632211967040014 -0.7280311928486817 -0.39083559948223556
vn 0.5631660031482397 -0.7281355014174072 -0.3907208011786138
vn 0.5631660031482397 -0.7281355014174072 -0.3907208011786138
vn 0.563346796296638 -0.727906575834862 -0.3908866894109858
vn 0.3640420115169545 -0.7280650091523492 -0.5808569155124859
vn 0.3640420115169545 -0.7280650091523492 -0.5808569155124859
vn 0.3640420115169545 -0.7280650091523492 -0.5808569155124859
vn 0.36404306848719775 -0.7280894748346086 -0.5808255856291882
vn 0.36404306848719775 -0.7280894748346086 -0.5808255856291882
vn 0.36404306848719775 -0.7280894748346086 -0.5808255856291882
vn 0.13324359218814424 -0.9680025097359932 0.21264356629255868
vn 0.13324359218814424 -0.9680025097359932 0.21264356629255868
vn 0.13324359218814424 -0.9680025097359932 0.21264356629255868
vn 0.20619230005718037 -0.9680045262737252 0.14301039301641877
vn 0.20619230005718037 -0.9680045262737252 0.14301039301641877
vn 0.20619230005718037 -0.9680045262737252 0.14301039301641877
vn 0.5109628516024142 -0.8313198811043845 0.21868749292751336
vn 0.5109628516024142 -0.8313198811043845 0.21868749292751336
vn 0.5109628516024142 -0.8313198811043845 0.21868749292751336
vn 0.24541636642256193 -0.9681119658788189 0.05029938979943201
vn 0.24541635168310838 -0.9681119665167174 0.05029944943721799
vn 0.24541635168310838 -0.9681119665167174 0.05029944943721799
vn 0.24572947997589767 -0.9680280237596216 -0.050386187460617404
vn 0.24572947997589767 -0.9680280237596216 -0.050386187460617404
vn 0.24572947997589767 -0.9680280237596216 -0.050386187460617404
vn 0.5109636317491635 -0.8313191148446977 -0.21868858297481722
vn 0.5109636317491635 -0.8313191148446977 -0.21868858297481722
vn 0.5109636317491635 -0.8313191148446977 -0.21868858297481722
vn 0.20608625730758498 -0.9680312601702974 -0.14298228520364994
vn 0.20608625730758498 -0.9680312601702974 -0.14298228520364994
vn 0.20608625730758498 -0.9680312601702974 -0.14298228520364994
vn 0.13318888815708554 -0.968041239181056 -0.21250148073904054
vn 0.13318888815708554 -0.968041239181056 -0.21250148073904054
vn 0.13318888815708554 -0.968041239181056 -0.21250148073904054
vn 0.13320697925922823 -0.9680200874713736 -0.2125864787058333
vn 0.13320697925922823 -0.9680200874713736 -0.2125864787058333
vn 0.13320697925922823 -0.9680200874713736 -0.2125864787058333
vn -0.7486312782333481 -0.19995179229952992 0.6321158833686347
vn -0.7486312782333481 -0.19995179229952992 0.6321158833686347
vn -0.7486312782333481 -0.19995179229952992 0.6321158833686347
vn 0.33126836908539325 -0.3226672698603735 -0.8866493673399629
vn 0.33126836908539325 -0.3226672698603735 -0.8866493673399629
vn 0.33126836908539325 -0.3226672698603735 -0.8866493673399629
vn 0.3312677664030638 -0.3226723595937831 -0.8866477402534252
vn 0.3312677664030638 -0.3226723595937831 -0.8866477402534252
vn 0.3312677664030638 -0.3226723595937831 -0.8866477402534252
vn 0.237357395939876 -0.7349069212399367 -0.6352741799461697
vn 0.237357395939876 -0.7349069212399367 -0.6352741799461697
vn 0.237357395939876 -0.7349069212399367 -0.6352741799461697
vn 0.23739558823613824 -0.7348074430044819 -0.6353749730601869
vn 0.23735639106264456 -0.7349049937677209 -0.6352767851550872
vn 0.23735639106264456 -0.7349049937677209 -0.6352767851550872
vn 0.08613109078111464 -0.9692447449454661 -0.23053429158468755
vn 0.08613109078111464 -0.9692447449454661 -0.23053429158468755
vn 0.08613109078111464 -0.9692447449454661 -0.23053429158468755
vn 0.08613180358378407 -0.9692452537825759 -0.2305318859319785
vn 0.08613180358378407 -0.9692452537825759 -0.2305318859319785
vn 0.08613180358378407 -0.9692452537825759 -0.2305318859319785
vn 0.04867207254751679 -0.9685538998852817 -0.24399666467175554
vn 0.04867207254751679 -0.9685538998852817 -0.24399666467175554
vn 0.04867207254751679 -0.9685538998852817 -0.24399666467175554
vn 0.13360189128984484 -0.730435860677378 -0.6697865242599872
vn 0.13359948943636757 -0.7304355475288038 -0.6697873448555434
vn 0.13359978650793097 -0.7304356615350459 -0.6697871612705748
vn 0.18848797654575855 -0.3190574641870664 -0.928802787056652
vn 0.18848797654575855 -0.3190574641870664 -0.928802787056652
vn 0.18848797654575855 -0.3190574641870664 -0.928802787056652
vn 0.1859829701897608 -0.3096555434895264 -0.9324825892131179
vn 0.1859829701897608 -0.3096555434895264 -0.9324825892131179
vn 0.18598300239390117 -0.3096554878838297 -0.932482601255368
vn -0.12074819166969811 -0.2311470798899071 -0.9653967586784548
vn -0.12074819166969811 -0.2311470798899071 -0.9653967586784548
vn -0.12074819166969811 -0.2311470798899071 -0.9653967586784548
vn -0.15770187615715342 -0.3383162540826082 -0.9277242211347216
vn -0.15770187615715342 -0.3383162540826082 -0.9277242211347216
vn -0.15770187615715342 -0.3383162540826082 -0.9277242211347216
vn -0.42237908292361864 -0.20165959308188627 -0.8837020531981643
vn -0.42237908292361864 -0.20165959308188627 -0.8837020531981643
vn -0.42237908292361864 -0.20165959308188627 -0.8837020531981643
vn -0.42875584963879965 -0.2243148684705485 -0.8751292825540415
vn -0.42875584963879965 -0.2243148684705485 -0.8751292825540415
vn -0.42875584963879965 -0.2243148684705485 -0.8751292825540415
vn -0.6941369914132226 -0.010406189811285214 -0.7197677044473524
vn -0.6941369914132226 -0.010406189811285214 -0.7197677044473524
vn -0.6941369914132226 -0.010406189811285214 -0.7197677044473524
vn -0.765266436859493 -0.31652901337752937 -0.5605146423659452
vn -0.765266436859493 -0.31652901337752937 -0.5605146423659452
vn -0.765266436859493 -0.31652901337752937 -0.5605146423659452
vn -0.8741000722513231 -0.16334899945610168 -0.4574561925112853
vn -0.8741000722513231 -0.16334899945610168 -0.4574561925112853
vn -0.8741000722513231 -0.16334899945610168 -0.4574561925112853
vn -0.8654811832798578 -0.3883495563527897 -0.31642841760671375
vn -0.8654811832798578 -0.3883495563527897 -0.31642841760671375
vn -0.8654811832798578 -0.3883495563527897 -0.31642841760671375
vn -0.9751080264263098 -0.1555139867805839 -0.15804979188406348
vn -0.9751079890851835 -0.15551400523241737 -0.1580500041088938
vn -0.9750850596509024 -0.15565599181562376 -0.15805169615505704
vn -0.9201245799779951 -0.39162578735358816 0
vn -0.9201245799779951 -0.39162578735358816 0
vn -0.9201245799779951 -0.39162578735358816 0
vn -0.97502888037865 -0.1560384941804839 0.1580211085945274
vn -0.97502888037865 -0.1560384941804839 0.1580211085945274
vn -0.97502888037865 -0.1560384941804839 0.1580211085945274
vn -0.9128544411814487 -0.31122228780124783 0.2642677747873585
vn -0.9128544411814487 -0.31122228780124783 0.2642677747873585
vn -0.9128544411814487 -0.31122228780124783 0.2642677747873585
vn -0.8860544124391029 0.0036658636017078677 0.4635667585593793
vn -0.8860543879552574 0.0036658639660723936 0.46356680535454275
vn -0.8860544124391029 0.0036658636017078677 0.4635667585593793
vn -0.6941430536102763 -0.010407089206885465 0.7197618450701878
vn -0.6941430536102763 -0.010407089206885465 0.7197618450701878
vn -0.6941430536102763 -0.010407089206885465 0.7197618450701878
vn -0.41962851810575386 -0.23050641319496676 0.8779400322734806
vn -0.41962851810575386 -0.23050641319496676 0.8779400322734806
vn -0.41962851810575386 -0.23050641319496676 0.8779400322734806
vn -0.43311968388038463 -0.19497437749142896 0.8799956429194327
vn -0.43311968388038463 -0.19497437749142896 0.8799956429194327
vn -0.43311968388038463 -0.19497437749142896 0.8799956429194327
vn -0.1161341911651296 -0.3566420738686763 0.926994757692335
vn -0.1161341911651296 -0.3566420738686763 0.926994757692335
vn -0.1161341911651296 -0.3566420738686763 0.926994757692335
vn -0.16351290093334922 -0.2184523946254144 0.9620509770853014
vn -0.1635129041269463 -0.21845230948507452 0.9620509958752755
vn -0.163512799414049 -0.21845239835127722 0.9620509934937732
vn 0.18864597133904568 -0.31017934871126224 0.9317732927759871
vn 0.18864597133904568 -0.31017934871126224 0.9317732927759871
vn 0.1886458959969896 -0.3101794069409075 0.931773288645516
vn 0.18557169647312405 -0.3189167015948693 0.9294381544309098
vn 0.18557169647312405 -0.3189167015948693 0.9294381544309098
vn 0.18557169647312405 -0.3189167015948693 0.9294381544309098
vn 0.13355148987293367 -0.7305918745190226 -0.6696263976573059
vn 0.13355148987293367 -0.7305918745190226 -0.6696263976573059
vn 0.13355148987293367 -0.7305918745190226 -0.6696263976573059
vn -0.08480303780541845 -0.7305250207473577 -0.6775999105969873
vn -0.08480309698141301 -0.7305250170548045 -0.6775999071719525
vn -0.08480309698141301 -0.7305250170548045 -0.6775999071719525
vn -0.0847986833354828 -0.7305304160752476 -0.6775946387726914
vn -0.08479861676244094 -0.730530420229184 -0.6775946426256249
vn -0.08479861676244094 -0.730530420229184 -0.6775946426256249
vn -0.2945193085891203 -0.730518885840157 -0.6161173056318434
vn -0.29451933379805206 -0.7305189340514618 -0.6161172364180924
vn -0.29451933379805206 -0.7305189340514618 -0.6161172364180924
vn -0.29456800265663896 -0.7304034243821649 -0.6162309059611384
vn -0.2945680843057329 -0.7304034051459428 -0.6162308897318134
vn -0.29456805909396605 -0.7304033569239208 -0.6162309589398128
vn -0.4740901658031763 -0.7304855690857002 -0.4915580820678848
vn -0.4740900920080977 -0.7304856068254995 -0.4915580971569235
vn -0.4740901658031763 -0.7304855690857002 -0.4915580820678848
vn -0.47411422246588264 -0.7305098973158166 -0.4914987222559247
vn -0.47411422246588264 -0.7305098973158166 -0.4914987222559247
vn -0.47411422246588264 -0.7305098973158166 -0.4914987222559247
vn -0.6049697889943537 -0.7305961124162212 -0.3166083936449435
vn -0.6049697889943537 -0.7305961124162212 -0.3166083936449435
vn -0.6049697889943537 -0.7305961124162212 -0.3166083936449435
vn -0.6051805219771338 -0.7304111960991624 -0.31663231109991713
vn -0.6051805219771338 -0.7304111960991624 -0.31663231109991713
vn -0.6051805219771338 -0.7304111960991624 -0.31663231109991713
vn -0.6741810463170586 -0.7304358506362794 -0.10928579455762365
vn -0.6741810463170586 -0.7304358506362794 -0.10928579455762365
vn -0.6741810463170586 -0.7304358506362794 -0.10928579455762365
vn -0.6742359225094705 -0.7303889204555865 -0.10926090642826713
vn -0.6742359225094705 -0.7303889204555865 -0.10926090642826713
vn -0.6742359225094705 -0.7303889204555865 -0.10926090642826713
vn -0.6741914930187695 -0.730423708502785 0.10930250133533645
vn -0.6741914996072393 -0.7304237156407788 0.10930241299651394
vn -0.6741914996072393 -0.7304237156407788 0.10930241299651394
vn -0.6741934832895002 -0.7304240864215531 0.10928769859966071
vn -0.6741934832895002 -0.7304240864215531 0.10928769859966071
vn -0.6741934832895002 -0.7304240864215531 0.10928769859966071
vn -0.6051430004554655 -0.7304285046002954 0.31666409437625387
vn -0.6051429912421871 -0.730428553084193 0.3166640001480912
vn -0.6051430004554655 -0.7304285046002954 0.31666409437625387
vn -0.6050112238070626 -0.73058915024777 0.31654527734231286
vn -0.6050112238070626 -0.73058915024777 0.31654527734231286
vn -0.6050112238070626 -0.73058915024777 0.31654527734231286
vn -0.47415378787485374 -0.7305173292910319 0.4914495061035531
vn -0.47415378787485374 -0.7305173292910319 0.4914495061035531
vn -0.47415378787485374 -0.7305173292910319 0.4914495061035531
vn -0.4739647760383162 -0.7305703093309737 0.49155306346211913
vn -0.4739647760383162 -0.7305703093309737 0.49155306346211913
vn -0.4739647760383162 -0.7305703093309737 0.49155306346211913
vn -0.2945503939014837 -0.7303863288027662 0.6162595850374243
vn -0.2945503939014837 -0.7303863288027662 0.6162595850374243
vn -0.2945503939014837 -0.7303863288027662 0.6162595850374243
vn -0.2945495863591675 -0.7305327702754997 0.6160863679138235
vn -0.2945495863591675 -0.7305327702754997 0.6160863679138235
vn -0.29454966800923194 -0.7305327510370738 0.6160863516893196
vn -0.08482896973800125 -0.7304344508215923 0.6776942960850034
vn -0.08482896973800125 -0.7304344508215923 0.6776942960850034
vn -0.08482891056227046 -0.7304344545148139 0.6776942995115603
vn -0.08492230155084571 -0.7301814197543111 0.6779552322571794
vn -0.08492230155084571 -0.7301814197543111 0.6779552322571794
vn -0.08492230155084571 -0.7301814197543111 0.6779552322571794
vn 0.13354788541068546 -0.7304966351530985 0.6697310119236942
vn 0.13354789074179407 -0.7304966643138514 0.6697309790540931
vn 0.13354788541068546 -0.7304966351530985 0.6697310119236942
vn 0.13350370546744836 -0.7307591449476802 0.6694533835165792
vn 0.13350370546744836 -0.7307591449476802 0.6694533835165792
vn 0.13350370546744836 -0.7307591449476802 0.6694533835165792
vn 0.021053309836394193 -0.8138088929780997 -0.5807511031885284
vn 0.021053309836394193 -0.8138088929780997 -0.5807511031885284
vn 0.021053309836394193 -0.8138088929780997 -0.5807511031885284
vn -0.030912037849890203 -0.9684822531490603 -0.24715697694236002
vn -0.030912037849890203 -0.9684822531490603 -0.24715697694236002
vn -0.030912037849890203 -0.9684822531490603 -0.24715697694236002
vn -0.10741309795454228 -0.9684919691348172 -0.22469030265939893
vn -0.10741309795454228 -0.9684919691348172 -0.22469030265939893
vn -0.10741309795454228 -0.9684919691348172 -0.22469030265939893
vn -0.33117399477790194 -0.8139587255628951 -0.47727872177887226
vn -0.33117399477790194 -0.8139587255628951 -0.47727872177887226
vn -0.33117399477790194 -0.8139587255628951 -0.47727872177887226
vn -0.17280998752987323 -0.96852695532569 -0.17914308531861947
vn -0.17280998752987323 -0.96852695532569 -0.17914308531861947
vn -0.17280998752987323 -0.96852695532569 -0.17914308531861947
vn -0.22057271453300845 -0.9685193497653614 -0.11540340867418813
vn -0.22057271453300845 -0.9685193497653614 -0.11540340867418813
vn -0.22057271453300845 -0.9685193497653614 -0.11540340867418813
vn -0.551070508088824 -0.8140395235656597 -0.18346920501195557
vn -0.551070509595398 -0.8140395257911658 -0.18346919061238168
vn -0.551070509595398 -0.8140395257911658 -0.18346919061238168
vn -0.2458473823266999 -0.9684878320818232 -0.03987961525089739
vn -0.2458473823266999 -0.9684878320818232 -0.03987961525089739
vn -0.2458473823266999 -0.9684878320818232 -0.03987961525089739
vn -0.2458473823266999 -0.9684878320818232 0.03987961525089739
vn -0.2458473823266999 -0.9684878320818232 0.03987961525089739
vn -0.2458473823266999 -0.9684878320818232 0.03987961525089739
vn -0.245800091998386 -0.9685007897572435 0.039856430010484764
vn -0.245800091998386 -0.9685007897572435 0.039856430010484764
vn -0.245800091998386 -0.9685007897572435 0.039856430010484764
vn -0.22062699421430357 -0.9685037699062398 0.1154303993814589
vn -0.22062699421430357 -0.9685037699062398 0.1154303993814589
vn -0.22062699421430357 -0.9685037699062398 0.1154303993814589
vn -0.4648446385140664 -0.81411074619054 0.3480562526112824
vn -0.4648446385140664 -0.81411074619054 0.3480562526112824
vn -0.4648446385140664 -0.81411074619054 0.3480562526112824
vn -0.17283998571071038 -0.9685151656171467 0.17917788175194038
vn -0.17283998571071038 -0.9685151656171467 0.17917788175194038
vn -0.17283998571071038 -0.9685151656171467 0.17917788175194038
vn -0.10734959434596805 -0.9685069686617491 0.22465599535152841
vn -0.10734959434596805 -0.9685069686617491 0.22465599535152841
vn -0.10734959434596805 -0.9685069686617491 0.22465599535152841
vn -0.10733219272891602 -0.9685312542704285 0.22455959098946007
vn -0.10733219272891602 -0.9685312542704285 0.22455959098946007
vn -0.10733219272891602 -0.9685312542704285 0.22455959098946007
vn -0.03093855972850169 -0.96852617157953 0.24698149826945523
vn -0.03093855972850169 -0.96852617157953 0.24698149826945523
vn -0.03093855972850169 -0.96852617157953 0.24698149826945523
vn 0.021009080622142448 -0.8139987189545054 0.5804866097265607
vn 0.02100907846790642 -0.8139987672614366 0.5804865420651806
vn 0.021009080622142448 -0.8139987189545054 0.5804866097265607
vn 0.04872285681352913 -0.9684701177927107 0.24431887803954316
vn 0.04872285681352913 -0.9684701177927107 0.24431887803954316
vn 0.04872285681352913 -0.9684701177927107 0.24431887803954316
vn 0.3312676012516158 -0.32266751512313535 0.8866495649608483
vn 0.3312676012516158 -0.32266751512313535 0.8866495649608483
vn 0.3312676012516158 -0.32266751512313535 0.8866495649608483
vn 0.3312686143091181 -0.32267270051159397 0.8866472993915179
vn 0.3312686143091181 -0.32267270051159397 0.8866472993915179
vn 0.3312686143091181 -0.32267270051159397 0.8866472993915179
vn 0.23739736972715142 -0.7348072436121309 0.6353745380338847
vn 0.23735740681891684 -0.7349047630194289 0.6352766725762534
vn 0.23735740681891684 -0.7349047630194289 0.6352766725762534
vn 0.23735911414793673 -0.7349070084760099 0.6352734370519115
vn 0.23735911414793673 -0.7349070084760099 0.6352734370519115
vn 0.23735910149588307 -0.7349069558350116 0.6352735026761177
vn 0.08602147630604333 -0.9693276377640153 0.23022648909489649
vn 0.08601725121405082 -0.9693276308588942 0.23022809678026326
vn 0.08602147630604333 -0.9693276377640153 0.23022648909489649
vn 0.08602458197994196 -0.9693267895718313 0.23022889982263944
vn 0.08602458197994196 -0.9693267895718313 0.23022889982263944
vn 0.08602458197994196 -0.9693267895718313 0.23022889982263944
vn -0.7075436065314534 0.1028953932412193 -0.6991384576077894
vn -0.7075436065314534 0.1028953932412193 -0.6991384576077894
vn -0.7075436065314534 0.1028953932412193 -0.6991384576077894
vn -0.8150283043156112 -0.10828008429565901 -0.5692137441325046
vn -0.8150282750992739 -0.1082801926410107 -0.5692137653556243
vn -0.8150283789732878 -0.1082800937461009 -0.5692136354362132
vn -0.9967209376054155 -0.059967687147374146 0.05432539955836604
vn -0.9967209376054155 -0.059967687147374146 0.05432539955836604
vn -0.9967209376054155 -0.059967687147374146 0.05432539955836604
vn -0.2730986826925111 -0.5706794372594499 -0.7744301707712923
vn -0.2730986700863756 -0.5706794109170955 -0.7744301946285216
vn -0.2730986826925111 -0.5706794372594499 -0.7744301707712923
vn -0.17820999290857137 -0.5714643682438615 -0.8010428666776648
vn -0.1782100048978732 -0.5714642993017839 -0.8010429131936824
vn -0.1782100048978732 -0.5714642993017839 -0.8010429131936824
vn 0.8922165135897719 -0.08217709603343136 -0.44406825800233085
vn 0.8922165135897719 -0.08217709603343136 -0.44406825800233085
vn 0.8922165135897719 -0.08217709603343136 -0.44406825800233085
vn 0.3473085805594105 -0.04104994662576696 -0.9368519903121459
vn 0.3473085805594105 -0.04104994662576696 -0.9368519903121459
vn 0.3473085805594105 -0.04104994662576696 -0.9368519903121459
vn 0.2652073747405937 0.11840039254332994 -0.9568941401371355
vn 0.2652073747405937 0.11840039254332994 -0.9568941401371355
vn 0.2652073747405937 0.11840039254332994 -0.9568941401371355
vn 0 -0.9999999999988198 0.0000015364399814625415
vn 0 -0.9999999999988198 0.0000015364399814625415
vn 0 -0.9999999999988198 0.0000015364399814625415
vn -0.11823420124954596 -0.36198740886466907 0.9246544162433471
vn -0.11823420124954596 -0.36198740886466907 0.9246544162433471
vn -0.11823420124954596 -0.36198740886466907 0.9246544162433471
vn -0.18088998398114334 -0.7922576883828384 0.5827577274421873
vn -0.18088998398114334 -0.7922576883828384 0.5827577274421873
vn -0.18088998398114334 -0.7922576883828384 0.5827577274421873
vn -0.14915098221426132 -0.8937908393955618 0.4229561678437829
vn -0.14915098221426132 -0.8937908393955618 0.4229561678437829
vn -0.14915098221426132 -0.8937908393955618 0.4229561678437829
vn -0.8933176188190084 -0.05742931230906623 0.44574152375030573
vn -0.8933176188190084 -0.05742931230906623 0.44574152375030573
vn -0.8933176188190084 -0.05742931230906623 0.44574152375030573
vn -0.4580214285727983 -0.006285548626558949 0.8889189292880404
vn -0.4580214285727983 -0.006285548626558949 0.8889189292880404
vn -0.4580214285727983 -0.006285548626558949 0.8889189292880404
vn -0.7224117494271426 -0.2848596861751076 0.6300604919226681
vn -0.7224117494271426 -0.2848596861751076 0.6300604919226681
vn -0.7224117494271426 -0.2848596861751076 0.6300604919226681
vn -0.5219784486618732 -0.323035574658725 0.7894216342598241
vn -0.5219784486618732 -0.323035574658725 0.7894216342598241
vn -0.5219784486618732 -0.323035574658725 0.7894216342598241
vn -0.3619380559545592 -0.9282812389586812 0.0854095138094715
vn -0.3619380559545592 -0.9282812389586812 0.0854095138094715
vn -0.3619380559545592 -0.9282812389586812 0.0854095138094715
vn -0.5528221247118927 -0.8311929878294421 0.05921077108257792
vn -0.5528219875233507 -0.8311930800061114 0.05921075798101452
vn -0.5528221247118927 -0.8311929878294421 0.05921077108257792
vn -0.2519691934812737 -0.8418687750059737 0.47725097297578956
vn -0.2519691934812737 -0.8418687750059737 0.47725097297578956
vn -0.2519691934812737 -0.8418687750059737 0.47725097297578956
vn 0.21568830902797 -0.8420505158557179 0.4943981008213665
vn 0.21568830902797 -0.8420505158557179 0.4943981008213665
vn 0.21568830902797 -0.8420505158557179 0.4943981008213665
vn 0.2158194008651383 -0.8419538632414385 0.49450548872892175
vn 0.2158194008651383 -0.8419538632414385 0.49450548872892175
vn 0.2158194008651383 -0.8419538632414385 0.49450548872892175
vn -0.2519147726000508 -0.8422171580118535 0.47666466839519506
vn -0.2519147726000508 -0.8422171580118535 0.47666466839519506
vn -0.2519147726000508 -0.8422171580118535 0.47666466839519506
vn 0.5710388277864114 -0.7085438191845838 0.41458450701352195
vn 0.5710388277864114 -0.7085438191845838 0.41458450701352195
vn 0.5710388277864114 -0.7085438191845838 0.41458450701352195
vn 0.4579558548571612 -0.8590948948973427 0.22854408013197466
vn 0.4579558548571612 -0.8590948948973427 0.22854408013197466
vn 0.4579558548571612 -0.8590948948973427 0.22854408013197466
vn 0.21308740332587128 -0.7564840089250984 0.6183249168393985
vn 0.21308740332587128 -0.7564840089250984 0.6183249168393985
vn 0.21308739085607376 -0.7564839579520655 0.6183249834992343
vn -0.06474875641944518 -0.9922986004822774 0.10559870275268235
vn -0.06474875641944518 -0.9922986004822774 0.10559870275268235
vn -0.06474875641944518 -0.9922986004822774 0.10559870275268235
vn -0.15472307623359896 -0.9636224397496838 0.21792788553023443
vn -0.15472307623359896 -0.9636224397496838 0.21792788553023443
vn -0.15472307623359896 -0.9636224397496838 0.21792788553023443
vn -0.38130170187801743 -0.7071477785811351 0.5954418791055038
vn -0.3813017782860136 -0.7071477544737382 0.5954418588062761
vn -0.38130179181883295 -0.7071477795711895 0.5954418203345174
vn -0.3875357953017541 -0.6987331773434389 0.6013218391505327
vn -0.3875357953017541 -0.6987331773434389 0.6013218391505327
vn -0.3875357953017541 -0.6987331773434389 0.6013218391505327
vn -0.5726702847780417 -0.03191589958040997 0.8191642816225629
vn -0.5726702847780417 -0.03191589958040997 0.8191642816225629
vn -0.5726702847780417 -0.03191589958040997 0.8191642816225629
vn -0.3780001937733206 -0.2541194815686241 0.8902466751382034
vn -0.3780001937733206 -0.2541194815686241 0.8902466751382034
vn -0.3780001937733206 -0.2541194815686241 0.8902466751382034
vn -0.16932689696748474 -0.9019899726306455 0.39716808939935017
vn -0.16932689696748474 -0.9019899726306455 0.39716808939935017
vn -0.16932689696748474 -0.9019899726306455 0.39716808939935017
vn -0.3531846896161543 -0.7072106987685488 0.6124651847803609
vn -0.3531846655258857 -0.7072106506016183 0.6124652542903998
vn -0.3534951838117077 -0.706895536632718 0.6126498635523137
vn -0.13942217493956888 -0.06842045322611708 0.987866437690568
vn -0.13942217493956888 -0.06842045322611708 0.987866437690568
vn -0.13942217493956888 -0.06842045322611708 0.987866437690568
vn -0.057912226838845574 -0.965325058715008 0.2545460763779961
vn -0.057912226838845574 -0.965325058715008 0.2545460763779961
vn -0.057912226838845574 -0.965325058715008 0.2545460763779961
vn -0.5153939649611987 -0.1516855933240035 0.8434219238670048
vn -0.5153939649611987 -0.1516855933240035 0.8434219238670048
vn -0.5153939649611987 -0.1516855933240035 0.8434219238670048
vn -0.12426189297626831 -0.10216199577410151 0.9869761438724884
vn -0.12426189297626831 -0.10216199577410151 0.9869761438724884
vn -0.12426189297626831 -0.10216199577410151 0.9869761438724884
vn 0.25574165118217485 0.883833034677003 -0.391708277502856
vn 0.25574177905281753 0.8838330050056449 -0.3917082609667452
vn 0.25574177905281753 0.8838330050056449 -0.3917082609667452
vn -0.2677005857678062 0.9553960669715591 0.12471868983776904
vn -0.26770181067706866 0.9553958393096937 0.12471780462285462
vn -0.2677005857678062 0.9553960669715591 0.12471868983776904
vn -0.00007089370142779233 0.9914354816274643 -0.13059739945420373
vn -0.00007088550238911946 0.991435495133737 -0.13059729692519395
vn -0.00007088929947339825 0.9914354816277738 -0.1305973994542445
vn -0.002720295715621419 0.1758182814026875 -0.9844188803125553
vn -0.002726851712270323 0.17581827826329866 -0.9844188627348972
vn -0.0027202358785880965 0.1758182814313061 -0.9844188804727929
vn -0.006910622046037571 0.5392585935173043 -0.8421118765465047
vn -0.0069106213368828545 0.5392585512491493 -0.842111903619351
vn -0.006910622046037571 0.5392585935173043 -0.8421118765465047
vn 0.009772896063154502 0.3453008016970201 -0.9384411792168617
vn 0.009772894685840113 0.34530075613669403 -0.9384411959951922
vn 0.009772837395434743 0.3453008018950179 -0.9384411797549701
vn 0.0140053605378001 0.9508519406386337 -0.30932901069888424
vn 0.0140053605378001 0.9508519406386337 -0.30932901069888424
vn 0.0140053605378001 0.9508519406386337 -0.30932901069888424
vn 0.0034282800382597726 0.7226380532027198 -0.6912181211161658
vn 0.0034283389501393443 0.7226379948054759 -0.6912181818757116
vn 0.003428219515845857 0.7226379368500686 -0.6912182430578838
vn 0.00023973699033912125 0.7707162747544993 -0.6371784415332353
vn 0.00023973699033912125 0.7707162747544993 -0.6371784415332353
vn 0.00023973699033912125 0.7707162747544993 -0.6371784415332353
vn 0.0007558729661236279 0.0009533109605281105 -0.9999992599268619
vn 0.0007558729661236279 0.0009533109605281105 -0.9999992599268619
vn 0.0007558729661236279 0.0009533109605281105 -0.9999992599268619
vn 0 0 -1
vn 0 0 -1
vn 0 0 -1
vn 0.019396778281182664 0.8215930497923688 -0.5697443510252513
vn 0.019396778281182664 0.8215930497923688 -0.5697443510252513
vn 0.019362617567879 0.8214032770396134 -0.5700190746891759
vn 0 0.9834299187210098 -0.18128870611372358
vn 0 0.9834299187210098 -0.18128870611372358
vn 0 0.9834299187210098 -0.18128870611372358
vn 0.015667548572063008 0.8013630595775203 -0.5979730551340068
vn 0.015667608162077067 0.801363058829159 -0.5979730545755833
vn 0.015667667752090955 0.8013630580807948 -0.5979730540171577
vn 0 0.5669974153871981 -0.8237195705725567
vn 0 0.5669974153871981 -0.8237195705725567
vn 0 0.5669974153871981 -0.8237195705725567
vn -0.29727247418848074 0.8129355328206245 0.5007643113955971
vn -0.29727247418848074 0.8129355328206245 0.5007643113955971
vn -0.29727247418848074 0.8129355328206245 0.5007643113955971
vn -0.2400477785248192 0.8670154064565959 0.43664785467491224
vn -0.2400477785248192 0.8670154064565959 0.43664785467491224
vn -0.2400477785248192 0.8670154064565959 0.43664785467491224
vn -0.14681857552797478 0.790224537540031 0.5949701556797455
vn -0.14681857552797478 0.790224537540031 0.5949701556797455
vn -0.14681857552797478 0.790224537540031 0.5949701556797455
vn -0.10937908877265315 0.7071634427829572 0.698538531600526
vn -0.10937908877265315 0.7071634427829572 0.698538531600526
vn -0.10937908877265315 0.7071634427829572 0.698538531600526
vn -0.13775358917854838 0.8295991314579153 0.5411000182523562
vn -0.1377535871045034 0.8295990593626654 0.5411001293147347
vn -0.13775358917854838 0.8295991314579153 0.5411000182523562
vn -0.27403981192842575 0.8284639331510035 0.4884154921234608
vn -0.27403981192842575 0.8284639331510035 0.4884154921234608
vn -0.27403981192842575 0.8284639331510035 0.4884154921234608
vn 0.5506855266263789 0.5506835000684503 0.6272903103959032
vn 0.5506855266263789 0.5506835000684503 0.6272903103959032
vn 0.5506855266263789 0.5506835000684503 0.6272903103959032
vn 0.7070155037920027 0.7070168150941681 -0.01600939011454677
vn 0.7070155037920027 0.7070168150941681 -0.01600939011454677
vn 0.7070155037920027 0.7070168150941681 -0.01600939011454677
vn 0.09450280076583534 0.994846002713926 -0.03675121129345331
vn 0.09450280076583534 0.994846002713926 -0.03675121129345331
vn 0.09450280076583534 0.994846002713926 -0.03675121129345331
vn 0.3898654313180464 0.8172295158701308 -0.42443004588962013
vn 0.3898654313180464 0.8172295158701308 -0.42443004588962013
vn 0.3898654313180464 0.8172295158701308 -0.42443004588962013
vn 0.13902700437198326 0.7003242024168949 -0.7001553424522967
vn 0.13902700437198326 0.7003242024168949 -0.7001553424522967
vn 0.13932519046507005 0.7001898482455274 -0.7002304390097426
vn 0.39664509261511866 0.7001764066897506 -0.5936545039156809
vn 0.39664501727430806 0.7001764315199889 -0.5936545249683508
vn 0.39664501727430806 0.7001764315199889 -0.5936545249683508
vn 0.19522827796896725 0 -0.98075782917154
vn 0.19522827796896725 0 -0.98075782917154
vn 0.19522830663540117 0 -0.9807578234652394
vn 0.17569307871296572 0.003292499554845339 -0.9844394859710985
vn 0.17569307871296572 0.003292499554845339 -0.9844394859710985
vn 0.17569307871296572 0.003292499554845339 -0.9844394859710985
vn 0.5557215135953042 -0.003728388523625098 -0.8313601496622033
vn 0.5557215135953042 -0.003728388523625098 -0.8313601496622033
vn 0.5557215135953042 -0.003728388523625098 -0.8313601496622033
vn 0.45889887268415536 0.01724039765267553 -0.8883212219338166
vn 0.4588988003611218 0.017240520109434197 -0.8883212569186215
vn 0.45889887268415536 0.01724039765267553 -0.8883212219338166
vn 0.8776296417594205 0.017444431862095145 -0.479021819651506
vn 0.8776296417594205 0.017444431862095145 -0.479021819651506
vn 0.8776296417594205 0.017444431862095145 -0.479021819651506
vn 0.8419535203336665 0.027849910923921316 -0.5388308195150642
vn 0.8419535203336665 0.027849910923921316 -0.5388308195150642
vn 0.8419535203336665 0.027849910923921316 -0.5388308195150642
vn 0.9931359635956826 0.034136223674775194 -0.11187348231864791
vn 0.9931359635956826 0.034136223674775194 -0.11187348231864791
vn 0.9931359635956826 0.034136223674775194 -0.11187348231864791
vn 0.999969453307976 -0.004943786976345338 -0.006054041730929133
vn 0.9999694530156128 -0.004943846113881662 -0.0060540417291591
vn 0.9999694530156128 -0.004943846113881662 -0.0060540417291591
vn 0.48577042962472056 0 0.8740864314827307
vn 0.48577042962472056 0 0.8740864314827307
vn 0.48577042962472056 0 0.8740864314827307
vn 0.6593102354042212 0.01366668036732944 0.7517467893772262
vn 0.6593102354042212 0.01366668036732944 0.7517467893772262
vn 0.6593102354042212 0.01366668036732944 0.7517467893772262
vn -0.20977828332781123 0.4863920906650839 -0.8481838279420832
vn -0.20977828332781123 0.4863920906650839 -0.8481838279420832
vn -0.20977828332781123 0.4863920906650839 -0.8481838279420832
vn -0.6027082561515623 0.7152235819979518 -0.3538332739027833
vn -0.6027082561515623 0.7152235819979518 -0.3538332739027833
vn -0.6027082561515623 0.7152235819979518 -0.3538332739027833
vn -0.5558568978135167 0.8251093242060842 -0.10108270010893493
vn -0.5558568297067208 0.8251093711902087 -0.10108269111223632
vn -0.5558568297067208 0.8251093711902087 -0.10108269111223632
vn 0 0.9151384086765887 0.4031397933284197
vn 0 0.9151384086765887 0.4031397933284197
vn 0 0.9151384086765887 0.4031397933284197
vn 0 0.9151393882865875 -0.4031375695794806
vn 0 0.9151393882865875 -0.4031375695794806
vn 0 0.9151393882865875 -0.4031375695794806
vn -0.23003510949121037 -0.7069070283369208 0.6688544697385457
vn -0.23003510949121037 -0.7069070283369208 0.6688544697385457
vn -0.23003510949121037 -0.7069070283369208 0.6688544697385457
vn -0.21479911322844397 -0.8208528432656793 0.529208796845748
vn -0.21479919851029391 -0.820852827501577 0.5292087866825357
vn -0.2147990922393286 -0.8208528200006185 0.5292088414512675
vn -0.23652010063232087 -0.6912877079726115 0.6827734227420177
vn -0.23652010063232087 -0.6912877079726115 0.6827734227420177
vn -0.23652010063232087 -0.6912877079726115 0.6827734227420177
vn -0.7703388355059801 -0.28725463232995846 -0.5692651883931343
vn -0.7703388355059801 -0.28725463232995846 -0.5692651883931343
vn -0.7703388355059801 -0.28725463232995846 -0.5692651883931343
vn -0.5222939107136083 -0.7257959044142118 -0.44769339504513783
vn -0.5222939107136083 -0.7257959044142118 -0.44769339504513783
vn -0.5222939107136083 -0.7257959044142118 -0.44769339504513783
vn -0.25456428155110594 -0.9535906771275895 -0.16081619027235566
vn -0.25456428155110594 -0.9535906771275895 -0.16081619027235566
vn -0.25456428155110594 -0.9535906771275895 -0.16081619027235566
vn -0.3226591009097563 -0.913896668116085 0.24634119551229305
vn -0.3226591009097563 -0.913896668116085 0.24634119551229305
vn -0.3226591009097563 -0.913896668116085 0.24634119551229305
vn -0.1515387877056796 -0.9850557344643386 0.08186083202371806
vn -0.1515387877056796 -0.9850557344643386 0.08186083202371806
vn -0.1515387870587035 -0.9850557302587649 0.08186088382828678
vn -0.15801007700325792 -0.984852709702887 0.07139997028224465
vn -0.15801007700325792 -0.984852709702887 0.07139997028224465
vn -0.15801007700325792 -0.984852709702887 0.07139997028224465
vn -0.11286260822246592 -0.9929144285318995 0.0371882949110812
vn -0.11286260822246592 -0.9929144285318995 0.0371882949110812
vn -0.11286260822246592 -0.9929144285318995 0.0371882949110812
vn -0.16950969431807525 -0.9848517795165158 0.03651624180204184
vn -0.16950969431807525 -0.9848517795165158 0.03651624180204184
vn -0.16950969431807525 -0.9848517795165158 0.03651624180204184
vn -0.17337099740658682 -0.9848565789928929 0.00012677799917950455
vn -0.17337099740658682 -0.9848565789928929 0.00012677799917950455
vn -0.17337099740658682 -0.9848565789928929 0.00012677799917950455
vn -0.08870386853551823 -0.9958746778067935 -0.0191115098840614
vn -0.08870386853551823 -0.9958746778067935 -0.0191115098840614
vn -0.08870386853551823 -0.9958746778067935 -0.0191115098840614
vn -0.08870994533220934 -0.9958741331050831 -0.01911168782069584
vn -0.08870994533220934 -0.9958741331050831 -0.01911168782069584
vn -0.08870994533220934 -0.9958741331050831 -0.01911168782069584
vn -0.15749220317444101 -0.9849526140647565 -0.071165679834197
vn -0.15749220317444101 -0.9849526140647565 -0.071165679834197
vn -0.15749220317444101 -0.9849526140647565 -0.071165679834197
vn -0.1192203045358325 -0.9834440004176368 -0.13647130478213607
vn -0.1192204000166981 -0.9834439890614242 -0.13647130320624853
vn -0.1192204000166981 -0.9834439890614242 -0.13647130320624853
vn -0.8283736132356015 -0.17680999684935936 -0.5315405740948884
vn -0.8283736132356015 -0.17680999684935936 -0.5315405740948884
vn -0.8283736132356015 -0.17680999684935936 -0.5315405740948884
vn -0.8970469322502982 -0.17600506713102695 -0.40537515671847896
vn -0.8970469322502982 -0.17600506713102695 -0.40537515671847896
vn -0.8970469322502982 -0.17600506713102695 -0.40537515671847896
vn -0.8970612380537369 -0.17594909850409834 -0.4053677958559258
vn -0.8970612380537369 -0.17594909850409834 -0.4053677958559258
vn -0.8970612380537369 -0.17594909850409834 -0.4053677958559258
vn -0.9623057017455754 -0.1759346979757803 -0.20739989979777354
vn -0.9623057017455754 -0.1759346979757803 -0.20739989979777354
vn -0.9623057017455754 -0.1759346979757803 -0.20739989979777354
vn -0.9623276603887617 -0.17583449207892632 -0.20738299218122497
vn -0.9623276603887617 -0.17583449207892632 -0.20738299218122497
vn -0.9623276603887617 -0.17583449207892632 -0.20738299218122497
vn -0.98441838606813 -0.17584209034917003 0.00002080029831447572
vn -0.98441838606813 -0.17584209034917003 0.00002080029831447572
vn -0.98441838606813 -0.17584209034917003 0.00002080029831447572
vn -0.9843995185900825 -0.1759476848373231 0
vn -0.9843995185900825 -0.1759476848373231 0
vn -0.9843995185900825 -0.1759476848373231 0
vn -0.9623106609000391 -0.17593101957725457 0.20738000932741177
vn -0.9623106609000391 -0.17593101957725457 0.20738000932741177
vn -0.9623106609000391 -0.17593101957725457 0.20738000932741177
vn -0.9623099491211934 -0.17593587799141558 0.20737919051282883
vn -0.9623099491211934 -0.17593587799141558 0.20737919051282883
vn -0.9623099491211934 -0.17593587799141558 0.20737919051282883
vn -0.8970568245940665 -0.17594468722765264 0.4053794771391041
vn -0.8970568245940665 -0.17594468722765264 0.4053794771391041
vn -0.8970568245940665 -0.17594468722765264 0.4053794771391041
vn -0.8970845996739831 -0.17568428929977706 0.40543094544077646
vn -0.8970845996739831 -0.17568428929977706 0.40543094544077646
vn -0.8970846329897024 -0.1756842841513764 0.4054308739550425
vn -0.8135278934845315 -0.1765564853820303 0.5540759640989364
vn -0.8135278934845315 -0.1765564853820303 0.5540759640989364
vn -0.8135278934845315 -0.1765564853820303 0.5540759640989364
vn -0.8214085117877251 -0.21790729505004713 0.5270715962055313
vn -0.8214085117877251 -0.21790729505004713 0.5270715962055313
vn -0.8214085117877251 -0.21790729505004713 0.5270715962055313
vn -0.6295977208230689 -0.6313597533244718 0.45275994943950065
vn -0.6295977208230689 -0.6313597533244718 0.45275994943950065
vn -0.6295977208230689 -0.6313597533244718 0.45275994943950065
vn -0.4610485356959964 -0.8454923487505215 0.2694010689230917
vn -0.4610485356959964 -0.8454923487505215 0.2694010689230917
vn -0.4610485356959964 -0.8454923487505215 0.2694010689230917
vn -0.48856436413439247 -0.8441310984003623 0.22078847526842257
vn -0.48856436413439247 -0.8441310984003623 0.22078847526842257
vn -0.48856436413439247 -0.8441310984003623 0.22078847526842257
vn -0.4885056087520293 -0.8441780924291407 0.22073880148380456
vn -0.4885056087520293 -0.8441780924291407 0.22073880148380456
vn -0.4885056087520293 -0.8441780924291407 0.22073880148380456
vn -0.5244362438636364 -0.8439088599529593 0.11306839618167971
vn -0.5244361738308496 -0.8439089027769145 0.11306840138395396
vn -0.5244361257596827 -0.8439089213362856 0.11306848582695925
vn -0.52411318297401 -0.8441311793066677 0.11290670287979475
vn -0.52411318297401 -0.8441311793066677 0.11290670287979475
vn -0.52411318297401 -0.8441311793066677 0.11290670287979475
vn -0.5361815662634604 -0.844102676218517 0
vn -0.5361815662634604 -0.844102676218517 0
vn -0.5361815662634604 -0.844102676218517 0
vn -0.5365238822735647 -0.8438851295480756 0.00010898499824743225
vn -0.5365238822735647 -0.8438851295480756 0.00010898499824743225
vn -0.5365238822735647 -0.8438851295480756 0.00010898499824743225
vn -0.5240766976691589 -0.8441503007007618 -0.1129330987222189
vn -0.5240767422259065 -0.8441502764625438 -0.11293307312781235
vn -0.524076634239781 -0.8441503541447614 -0.1129329935899013
vn -0.5241140695020139 -0.8441274716721885 -0.1129303046943415
vn -0.5241140695020139 -0.8441274716721885 -0.1129303046943415
vn -0.5241140695020139 -0.8441274716721885 -0.1129303046943415
vn -0.4888001586728848 -0.8439661102730865 -0.22089728289836216
vn -0.4888001586728848 -0.8439661102730865 -0.22089728289836216
vn -0.4888001586728848 -0.8439661102730865 -0.22089728289836216
vn -0.48849865071541726 -0.8441738361410643 -0.2207704749827203
vn -0.48849865071541726 -0.8441738361410643 -0.2207704749827203
vn -0.48849857139449043 -0.8441738535707375 -0.22077058384910142
vn -0.43544599664932626 -0.8442578960457866 -0.3124346155060552
vn -0.43544599664932626 -0.8442578960457866 -0.3124346155060552
vn -0.43544599664932626 -0.8442578960457866 -0.3124346155060552
vn -0.7172307438401968 -0.5419933249990384 0.43797636437018433
vn -0.7172307776980704 -0.5419933651474921 0.4379762592409759
vn -0.7172307776980704 -0.5419933651474921 0.4379762592409759
vn -0.767113450008804 -0.5397797842791506 0.34666228421785905
vn -0.767113450008804 -0.5397797842791506 0.34666228421785905
vn -0.767113450008804 -0.5397797842791506 0.34666228421785905
vn -0.7670190912214887 -0.5399414884187226 0.3466192475699178
vn -0.7670190340749999 -0.5399415497537813 0.3466192784830916
vn -0.7670190340749999 -0.5399415497537813 0.3466192784830916
vn -0.8230954269442373 -0.5394909290626859 0.1773794114393315
vn -0.8230954269442373 -0.5394909290626859 0.1773794114393315
vn -0.8230954269442373 -0.5394909290626859 0.1773794114393315
vn -0.8229403094937081 -0.5397676357505558 0.17725728872645977
vn -0.8229403094937081 -0.5397676357505558 0.17725728872645977
vn -0.8229403094937081 -0.5397676357505558 0.17725728872645977
vn -0.8417777465812165 -0.5398242503564612 0.00006393538968966753
vn -0.8417777465812165 -0.5398242503564612 0.00006393538968966753
vn -0.8417777465812165 -0.5398242503564612 0.00006393538968966753
vn -0.8416471002466105 -0.5400279239506711 0
vn -0.8416471002466105 -0.5400279239506711 0
vn -0.8416471002466105 -0.5400279239506711 0
vn -0.8227808011208121 -0.5399715390845781 -0.17737669036721462
vn -0.8227808011208121 -0.5399715390845781 -0.17737669036721462
vn -0.8227808011208121 -0.5399715390845781 -0.17737669036721462
vn -0.8228538103041066 -0.5398853464970478 -0.17730036521613765
vn -0.8228538211739268 -0.5398853536288816 -0.17730029305245096
vn -0.8228538211739268 -0.5398853536288816 -0.17730029305245096
vn -0.767300263631725 -0.5394614447749023 -0.34674436553758237
vn -0.767300263631725 -0.5394614447749023 -0.34674436553758237
vn -0.767300263631725 -0.5394614447749023 -0.34674436553758237
vn -0.7670430656211468 -0.5398981652264232 -0.34663367791900307
vn -0.7670430418493555 -0.5398981484941859 -0.34663375658328194
vn -0.7670430418493555 -0.5398981484941859 -0.34663375658328194
vn -0.7002941778201004 -0.5410624597366457 -0.46566026153731477
vn -0.7002941778201004 -0.5410624597366457 -0.46566026153731477
vn -0.7002941778201004 -0.5410624597366457 -0.46566026153731477
vn -0.2813707958256471 -0.5235151182958192 -0.8042153916533532
vn -0.2813707958256471 -0.5235151182958192 -0.8042153916533532
vn -0.2813707958256471 -0.5235151182958192 -0.8042153916533532
vn -0.2920026728846431 -0.08701483010282175 -0.9524509742608286
vn -0.2920026728846431 -0.08701483010282175 -0.9524509742608286
vn -0.2920026728846431 -0.08701483010282175 -0.9524509742608286
vn -0.2443605833004395 -0.5522446087415144 -0.7970657422352316
vn -0.2443605833004395 -0.5522446087415144 -0.7970657422352316
vn -0.2443605833004395 -0.5522446087415144 -0.7970657422352316
vn -0.24550909074321914 -0.5581892790279593 -0.7925591556096522
vn -0.24550909074321914 -0.5581892790279593 -0.7925591556096522
vn -0.24550909074321914 -0.5581892790279593 -0.7925591556096522
vn -0.11584339978218582 -0.8911039188825511 -0.43876430173735015
vn -0.11584339978218582 -0.8911039188825511 -0.43876430173735015
vn -0.11584339978218582 -0.8911039188825511 -0.43876430173735015
vn 0.393925279110153 -0.8937143677336565 0.21470329150811504
vn 0.3942135556877336 -0.8935663664842568 0.2147901794779205
vn 0.393925279110153 -0.8937143677336565 0.21470329150811504
vn -0.17702159657497357 -0.9510616263905624 -0.25326890285502035
vn -0.17702159657497357 -0.9510616263905624 -0.25326890285502035
vn -0.17702159657497357 -0.9510616263905624 -0.25326890285502035
vn -0.48285793203546956 -0.5380946280260502 -0.6908707467825921
vn -0.4828578362230466 -0.5380945944947665 -0.6908708398633643
vn -0.4828579047846257 -0.5380945712647617 -0.690870810037878
vn -0.47728528766419653 -0.5496141817730931 -0.6856551650598126
vn -0.47728532244301203 -0.5496140682944467 -0.685655231813553
vn -0.47728526852102937 -0.5496142536522061 -0.6856551207678225
vn -0.5725495629487227 -0.10693719636094286 -0.8128661845603417
vn -0.5725495629487227 -0.10693719636094286 -0.8128661845603417
vn -0.5725495629487227 -0.10693719636094286 -0.8128661845603417
vn -0.172055869002742 -0.9544212746485947 -0.24387867565628482
vn -0.172055869002742 -0.9544212746485947 -0.24387867565628482
vn -0.172055869002742 -0.9544212746485947 -0.24387867565628482
vn -0.28823209417848944 -0.6916369345875439 -0.662239088698204
vn -0.28823209417848944 -0.6916369345875439 -0.662239088698204
vn -0.28823209417848944 -0.6916369345875439 -0.662239088698204
vn -0.3821322995319464 -0.53824694054496 -0.7511758360386849
vn -0.3821322995319464 -0.53824694054496 -0.7511758360386849
vn -0.3821323929926802 -0.5382469462548307 -0.7511757844027168
vn 0.1026926915161683 -0.46308155966033926 -0.8803463410565826
vn 0.1026926915161683 -0.46308155966033926 -0.8803463410565826
vn 0.1026926915161683 -0.46308155966033926 -0.8803463410565826
vn -0.4932837829861254 -0.8659927328957613 -0.08202253357844878
vn -0.4932837829861254 -0.8659927328957613 -0.08202253357844878
vn -0.4932837829861254 -0.8659927328957613 -0.08202253357844878
vn 0.27480880073950203 -0.9366628748488866 -0.21712388610177372
vn 0.27480880073950203 -0.9366628748488866 -0.21712388610177372
vn 0.27480880073950203 -0.9366628748488866 -0.21712388610177372
vn 0.30763420220843807 -0.9255673216560236 -0.22064979201003773
vn 0.30763420220843807 -0.9255673216560236 -0.22064979201003773
vn 0.30763420220843807 -0.9255673216560236 -0.22064979201003773
vn 0.27729377310487174 -0.7204994600848653 -0.6356010473675145
vn 0.2772938556371704 -0.7204994422222438 -0.6356010316096943
vn 0.27729377450807147 -0.7204994041261895 -0.635601110188515
vn -0.015249719667479148 -0.9140518798366107 -0.40531050691688386
vn -0.015249719667479148 -0.9140518798366107 -0.40531050691688386
vn -0.015249719667479148 -0.9140518798366107 -0.40531050691688386
vn -0.43410340228917105 -0.8419898802202888 -0.32032370772015883
vn -0.43410340228917105 -0.8419898802202888 -0.32032370772015883
vn -0.43410340228917105 -0.8419898802202888 -0.32032370772015883
vn -0.6181705601353277 -0.31933206357469784 -0.7182563551790547
vn -0.6181705601353277 -0.31933206357469784 -0.7182563551790547
vn -0.6181705601353277 -0.31933206357469784 -0.7182563551790547
vn -0.9776153865618369 -0.1881774011118182 -0.09411387606698672
vn -0.9776153865618369 -0.1881774011118182 -0.09411387606698672
vn -0.9776153865618369 -0.1881774011118182 -0.09411387606698672
vn -0.8034691017629613 0.05095629641688563 -0.5931617472222012
vn -0.8034691301697678 0.05095629821845541 -0.5931617085889048
vn -0.8034691301697678 0.05095629821845541 -0.5931617085889048
vn -0.4620288868477456 -0.1508882926751064 -0.8739347978263736
vn -0.4620288868477456 -0.1508882926751064 -0.8739347978263736
vn -0.4620288868477456 -0.1508882926751064 -0.8739347978263736
vn -0.03710990746218574 0.05058865214486811 -0.9980298808363974
vn -0.03710990746218574 0.05058865214486811 -0.9980298808363974
vn -0.03710990746218574 0.05058865214486811 -0.9980298808363974
vn 0.3955481825896409 -0.15104010240775448 -0.9059406838831596
vn 0.3955481825896409 -0.15104010240775448 -0.9059406838831596
vn 0.3955481825896409 -0.15104010240775448 -0.9059406838831596
vn 0.797232257647797 0.08057139686630367 -0.5982716585070774
vn 0.797232257647797 0.08057139686630367 -0.5982716585070774
vn 0.797232257647797 0.08057139686630367 -0.5982716585070774
vn -0.2054716837283353 -0.18723608932493674 -0.9605852559976898
vn -0.2054716837283353 -0.18723608932493674 -0.9605852559976898
vn -0.2054716837283353 -0.18723608932493674 -0.9605852559976898
vn -0.23403858917791287 -0.17557498647108943 -0.9562423139044249
vn -0.23403858917791287 -0.17557498647108943 -0.9562423139044249
vn -0.2340386747808917 -0.17557528164056774 -0.9562422387573345
vn -0.6467920676392119 -0.19407749579994832 -0.7375594531039611
vn -0.6467920676392119 -0.19407749579994832 -0.7375594531039611
vn -0.6467920676392119 -0.19407749579994832 -0.7375594531039611
vn 0 0 -1
vn 0 0 -1
vn 0 0 -1
vn 0.0014637699633468079 0.023978049398711558 -0.9997114136212147
vn 0.0014637699633468079 0.023978049398711558 -0.9997114136212147
vn 0.0014637699633468079 0.023978049398711558 -0.9997114136212147
vn 0.009398639233137563 -0.0028663869110475857 -0.9999517235380125
vn 0.009398638301903526 -0.002866386678243944 -0.9999517235474326
vn 0.009398638301903526 -0.002866386678243944 -0.9999517235474326
vn 0.6440162080756344 0.007680952104920231 -0.7649732849653268
vn 0.6440162077853965 0.007681010774781006 -0.7649732846205773
vn 0.644016207778486 0.007681012171682451 -0.7649732846123689
vn 0.9738366823217842 -0.017149499072504164 -0.2266009948037794
vn 0.9738366836191598 -0.017149618304643656 -0.22660098020450276
vn 0.9738366836191598 -0.017149618304643656 -0.22660098020450276
vn 0.9621417429573386 0 0.2725495669763843
vn 0.9621417429573386 0 0.2725495669763843
vn 0.9621417429573386 0 0.2725495669763843
vn 0 0.14255340541576228 -0.9897871117590737
vn 0 0.14255340541576228 -0.9897871117590737
vn 0 0.14255340541576228 -0.9897871117590737
vn -0.0014874930819851937 0.14450720269595532 -0.9895026304832752
vn -0.0014874930819851937 0.14450720269595532 -0.9895026304832752
vn -0.0014874930819851937 0.14450720269595532 -0.9895026304832752
vn 0.0015933510494880309 0.42112691124783447 -0.9070003229631682
vn 0.0015933510494880309 0.42112691124783447 -0.9070003229631682
vn 0.0015933510494880309 0.42112691124783447 -0.9070003229631682
vn 0.0813023975198281 0.5439114012484827 -0.835194772343218
vn 0.0813023975198281 0.5439114012484827 -0.835194772343218
vn 0.0813023975198281 0.5439114012484827 -0.835194772343218
vn 0.08072244179440814 0.2787693671076315 -0.9569595223169886
vn 0.08072238257815496 0.278769368448911 -0.9569595269213329
vn 0.08072250561501008 0.2787693816671421 -0.9569595126922321
vn -0.09678631444897189 0.5334031675019687 -0.8403055814608466
vn -0.09678631444897189 0.5334031675019687 -0.8403055814608466
vn -0.09678631444897189 0.5334031675019687 -0.8403055814608466
vn 0.07320207053660006 0.7180153429596245 -0.6921671937788786
vn 0.07320207053660006 0.7180153429596245 -0.6921671937788786
vn 0.07320207053660006 0.7180153429596245 -0.6921671937788786
vn -0.049908213890888335 0.7778793066718992 -0.6264287305335435
vn -0.049908213890888335 0.7778793066718992 -0.6264287305335435
vn -0.049908213890888335 0.7778793066718992 -0.6264287305335435
vn 0.2295710972488474 0.4069532929504056 -0.8841301536904969
vn 0.22957099843805812 0.4069533026953605 -0.8841301748619892
vn 0.22957099843805812 0.4069533026953605 -0.8841301748619892
vn -0.019201688110778534 0.4810358196299412 -0.8764906362344365
vn -0.019201628528111286 0.48103582018049057 -0.876490637237587
vn -0.019201628528111286 0.48103582018049057 -0.876490637237587
vn 0.46163986234667453 0.8846925112100774 0.06486754274173491
vn 0.46163976742714025 0.884692560250371 0.06486754941771478
vn 0.46163976742714025 0.884692560250371 0.06486754941771478
vn 0.9908764992488485 0.08056776998357051 -0.10803979672426886
vn 0.9908764992488485 0.08056776998357051 -0.10803979672426886
vn 0.9908765014388786 0.08056776271106035 -0.10803978206189659
vn 0.30370607516782727 0.5137995404454445 -0.8023544429640832
vn 0.303705966954086 0.5137995590473409 -0.8023544720129886
vn 0.3037059992310256 0.5137996228384603 -0.8023544189459795
vn -0.8150670344681974 0.06268047400087541 -0.575966047178342
vn -0.8150670344681974 0.06268047400087541 -0.575966047178342
vn -0.8150670344681974 0.06268047400087541 -0.575966047178342
vn -0.16418810383570354 0.1493378001288199 -0.9750592228226556
vn -0.1641880845864457 0.14933798988908756 -0.9750591970007364
vn -0.1641880845864457 0.14933798988908756 -0.9750591970007364
vn -0.41287888200589934 0.08225148391156155 -0.9070643429150465
vn -0.41287888200589934 0.08225148391156155 -0.9070643429150465
vn -0.41287890875201794 0.08225142369807521 -0.9070643362007916
vn -0.99561025051951 0.05694865884526707 -0.07427704434213658
vn -0.99561025051951 0.05694865884526707 -0.07427704434213658
vn -0.99561025051951 0.05694865884526707 -0.07427704434213658
vn -0.9644244266585996 -0.010232380541833747 -0.2641606020069583
vn -0.9644244266585996 -0.010232380541833747 -0.2641606020069583
vn -0.9644244266585996 -0.010232380541833747 -0.2641606020069583
vn -0.9698372308515191 -0.0034236311295691418 -0.24372940816435362
vn -0.9698372308515191 -0.0034236311295691418 -0.24372940816435362
vn -0.9698372308515191 -0.0034236311295691418 -0.24372940816435362
vn -0.9644228865382845 -0.009452103685526183 -0.2641952945400075
vn -0.9644228865382845 -0.009452103685526183 -0.2641952945400075
vn -0.9644228865382845 -0.009452103685526183 -0.2641952945400075
vn -0.9606268155467003 -0.019492797045337924 -0.27715726964298704
vn -0.9606268155467003 -0.019492797045337924 -0.27715726964298704
vn -0.9606268155467003 -0.019492797045337924 -0.27715726964298704
vn -0.9389231695291931 -0.12447859951737449 -0.32082450028551
vn -0.9389231695291931 -0.12447859951737449 -0.32082450028551
vn -0.9389231695291931 -0.12447859951737449 -0.32082450028551
vn -0.9774586566559811 0.014276378800056631 -0.2106436790806751
vn -0.9774586566559811 0.014276378800056631 -0.2106436790806751
vn -0.9774586566559811 0.014276378800056631 -0.2106436790806751
vn -0.9169283991661307 -0.009829162498190186 -0.3989306936890431
vn -0.9169283991661307 -0.009829162498190186 -0.3989306936890431
vn -0.9169283991661307 -0.009829162498190186 -0.3989306936890431
vn -0.9110292319100776 -0.023343798087849026 -0.4116804655265632
vn -0.9110292319100776 -0.023343798087849026 -0.4116804655265632
vn -0.9110292319100776 -0.023343798087849026 -0.4116804655265632
vn -0.841497404180037 0.018110869084658997 -0.5399575123833891
vn -0.841497404180037 0.018110869084658997 -0.5399575123833891
vn -0.841497404180037 0.018110869084658997 -0.5399575123833891
vn -0.8614635071641489 -0.010489999560364957 -0.5077111242957633
vn -0.8614635071641489 -0.010489999560364957 -0.5077111242957633
vn -0.8614635071641489 -0.010489999560364957 -0.5077111242957633
vn -0.8322143541013594 0 -0.5544540276954052
vn -0.8322143541013594 0 -0.5544540276954052
vn -0.8322143541013594 0 -0.5544540276954052
vn -0.8335247615547444 0.0011638398253893756 -0.5524808751006386
vn -0.8335247615547444 0.0011638398253893756 -0.5524808751006386
vn -0.8335247615547444 0.0011638398253893756 -0.5524808751006386
vn -0.838443623864922 0.020648827455432756 -0.5445970212230078
vn -0.838443623864922 0.020648827455432756 -0.5445970212230078
vn -0.838443623864922 0.020648827455432756 -0.5445970212230078
vn -0.9538051853583515 0.02966867502489771 -0.2989572513015661
vn -0.9538051853583515 0.02966867502489771 -0.2989572513015661
vn -0.9538051853583515 0.02966867502489771 -0.2989572513015661
vn -0.9532224999687277 0.021709618788645288 -0.3014889019606207
vn -0.9532224999687277 0.021709618788645288 -0.3014889019606207
vn -0.9532224999687277 0.021709618788645288 -0.3014889019606207
vn -0.9516590299065946 0.03168344145609575 -0.30551800329070217
vn -0.9516590299065946 0.03168344145609575 -0.30551800329070217
vn -0.9516590299065946 0.03168344145609575 -0.30551800329070217
vn -0.9639601447671545 -0.012388579213533429 -0.2657580900096114
vn -0.9639601447671545 -0.012388579213533429 -0.2657580900096114
vn -0.9639601447671545 -0.012388579213533429 -0.2657580900096114
vn -0.9138029826168655 0.0076809520937440486 -0.40608510430136946
vn -0.9138029826168655 0.0076809520937440486 -0.40608510430136946
vn -0.9138029826168655 0.0076809520937440486 -0.40608510430136946
vn -0.9071914167478923 0.005225895559246894 -0.4206856586509169
vn -0.9071914167478923 0.005225895559246894 -0.4206856586509169
vn -0.9071914167478923 0.005225895559246894 -0.4206856586509169
vn -0.8583018053073381 0.03867787063858147 -0.5116854828202863
vn -0.8583018053073381 0.03867787063858147 -0.5116854828202863
vn -0.8583018053073381 0.03867787063858147 -0.5116854828202863
vn -0.854015392661518 0.026244280328654453 -0.51958536050126
vn -0.854015392661518 0.026244280328654453 -0.51958536050126
vn -0.854015392661518 0.026244280328654453 -0.51958536050126
vn -0.8781646325189638 0.021834848038605314 0.4778599351315868
vn -0.8781646325189638 0.021834848038605314 0.4778599351315868
vn -0.8781646325189638 0.021834848038605314 0.4778599351315868
vn -0.8605716206700876 0.0012844200213522662 0.5093278275948289
vn -0.8605716206700876 0.0012844200213522662 0.5093278275948289
vn -0.8605716206700876 0.0012844200213522662 0.5093278275948289
vn -0.8474162055376881 0.0015791050082727847 0.5309268132421636
vn -0.8474162055376881 0.0015791050082727847 0.5309268132421636
vn -0.8474162055376881 0.0015791050082727847 0.5309268132421636
vn -0.865311566240297 0.021489618426194262 0.5007734913418047
vn -0.865311566240297 0.021489618426194262 0.5007734913418047
vn -0.865311566240297 0.021489618426194262 0.5007734913418047
vn -0.8135313220623082 0.007254898395576426 0.5814758416932065
vn -0.8135313220623082 0.007254898395576426 0.5814758416932065
vn -0.8135313220623082 0.007254898395576426 0.5814758416932065
vn -0.8602058314400007 -0.010643419838054008 0.5098359002372903
vn -0.8602058314400007 -0.010643419838054008 0.5098359002372903
vn -0.8602058314400007 -0.010643419838054008 0.5098359002372903
vn -0.8414151152352868 0.014552528176725197 0.5401933244471414
vn -0.8414150881205686 0.014552529570413078 0.5401933666439804
vn -0.8414150436342713 0.014552528900566915 0.5401934359546916
vn -0.9118142036588709 -0.02071874940488107 0.41007998174628907
vn -0.9118142036588709 -0.02071874940488107 0.41007998174628907
vn -0.9118142036588709 -0.02071874940488107 0.41007998174628907
vn -0.9111120256975123 -0.019063588550226017 0.41171768995388514
vn -0.9111120256975123 -0.019063588550226017 0.41171768995388514
vn -0.9111120256975123 -0.019063588550226017 0.41171768995388514
vn -0.9771797613082259 0.027823438742841874 0.21058387959699526
vn -0.9771797613082259 0.027823438742841874 0.21058387959699526
vn -0.9771797613082259 0.027823438742841874 0.21058387959699526
vn -0.9876788816053014 0.0026767246786349006 0.15647128163307067
vn -0.9876788816053014 0.0026767246786349006 0.15647128163307067
vn -0.9876788816053014 0.0026767246786349006 0.15647128163307067
vn -0.9708723218849036 -0.013850329148486036 0.23919678714459122
vn -0.9708723218849036 -0.013850329148486036 0.23919678714459122
vn -0.9708723218849036 -0.013850329148486036 0.23919678714459122
vn -0.9582662632912057 0.021364148818817937 0.28507778198792855
vn -0.9582662632912057 0.021364148818817937 0.28507778198792855
vn -0.9582662632912057 0.021364148818817937 0.28507778198792855
vn -0.9579590308735293 0.015460427446575295 0.2864881679075384
vn -0.9579590626794283 0.015460489427178623 0.2864880582101514
vn -0.9579590308735293 0.015460427446575295 0.2864881679075384
vn -0.9625008922212622 -0.0014568560623977865 0.2712746026514231
vn -0.9625008922212622 -0.0014568560623977865 0.2712746026514231
vn -0.9625008922212622 -0.0014568560623977865 0.2712746026514231
vn -0.9561685691793805 -0.020677916212609507 0.2920857598284454
vn -0.9561359213919104 -0.0211505776532556 0.29215878027020903
vn -0.956135891302326 -0.02115057830615504 0.2921588786958588
vn -0.9729601507886426 0.04147433762790311 0.22721889071040802
vn -0.9729601507886426 0.04147433762790311 0.22721889071040802
vn -0.9729601507886426 0.04147433762790311 0.22721889071040802
vn -0.9566073362872434 -0.0434380655482924 0.2881241722293484
vn -0.9566073362872434 -0.0434380655482924 0.2881241722293484
vn -0.9566073362872434 -0.0434380655482924 0.2881241722293484
vn -0.9595025117816941 0.018230188516462843 0.28110956958323946
vn -0.9595025117816941 0.018230188516462843 0.28110956958323946
vn -0.9595025117816941 0.018230188516462843 0.28110956958323946
vn -0.9199823239971495 -0.007358609777798183 0.3918907684482269
vn -0.9199823239971495 -0.007358609777798183 0.3918907684482269
vn -0.9199823239971495 -0.007358609777798183 0.3918907684482269
vn -0.9556385389822867 -0.07725614399143901 0.2842296096950045
vn -0.9556385389822867 -0.07725614399143901 0.2842296096950045
vn -0.9556385389822867 -0.07725614399143901 0.2842296096950045
vn -0.984034996683788 -0.004093049948776289 0.17792799735750967
vn -0.984034996683788 -0.004093049948776289 0.17792799735750967
vn -0.9840349992946689 -0.004093049493974852 0.17792798292843434
vn -0.9961623791758589 0.052216817963617455 0.0702418553032772
vn -0.9961623791758589 0.052216817963617455 0.0702418553032772
vn -0.9961623791758589 0.052216817963617455 0.0702418553032772
vn -0.9889361661840218 -0.14834169748674395 0
vn -0.9889361661840218 -0.14834169748674395 0
vn -0.9889361661840218 -0.14834169748674395 0
vn -0.9875963335264787 0.002314150334575194 -0.15699721880748527
vn -0.9875963335264787 0.002314150334575194 -0.15699721880748527
vn -0.9875963335264787 0.002314150334575194 -0.15699721880748527
vn -0.9946802670011039 -0.006358264827492853 -0.10281409877539194
vn -0.9946802670011039 -0.006358264827492853 -0.10281409877539194
vn -0.9946802670011039 -0.006358264827492853 -0.10281409877539194
vn -0.9998867343701053 0.015050529249382103 0
vn -0.9998867343701053 0.015050529249382103 0
vn -0.9998867343701053 0.015050529249382103 0
vn -0.9998361189541313 0.01734214786515617 -0.005194722529948048
vn -0.9998361189541313 0.01734214786515617 -0.005194722529948048
vn -0.9998361189541313 0.01734214786515617 -0.005194722529948048
vn -0.9967226423163267 -0.003028391871695627 0.08083812922520876
vn -0.9967226423163267 -0.003028391871695627 0.08083812922520876
vn -0.9967341178382942 -0.0029998416276072306 0.08069757919124035
vn -0.6596990729997073 0 -0.7515298617375936
vn -0.6593386933621707 0 -0.7518460530158189
vn -0.6596990729997073 0 -0.7515298617375936
vn -0.6593389463227375 0 -0.7518458311795193
vn -0.6593389463227375 0 -0.7518458311795193
vn -0.6593389463227375 0 -0.7518458311795193
vn -0.23819131307034727 0 -0.9712182547593634
vn -0.23819131307034727 0 -0.9712182547593634
vn -0.23819131307034727 0 -0.9712182547593634
vn -0.2377119614545898 0 -0.9713356903673475
vn -0.2377119614545898 0 -0.9713356903673475
vn -0.2377119614545898 0 -0.9713356903673475
vn -0.4601825847951646 0.4687275664126552 -0.7540069344085047
vn -0.4601826211430461 0.46872751347510916 -0.7540069451333701
vn -0.4601826004613732 0.46872749240940903 -0.7540069708511954
vn -0.23607676239426018 0.1229128789541258 -0.96392955471064
vn -0.2360768178122342 0.12291290657666669 -0.9639295376159634
vn -0.2360768178122342 0.12291290657666669 -0.9639295376159634
vn -0.6574588543600831 0.07551585282101524 -0.7496967458887905
vn -0.6574588543600831 0.07551585282101524 -0.7496967458887905
vn -0.6574588543600831 0.07551585282101524 -0.7496967458887905
vn -0.43896750194135403 0.18546560651089244 -0.8791530248147441
vn -0.43896750194135403 0.18546560651089244 -0.8791530248147441
vn -0.43896750194135403 0.18546560651089244 -0.8791530248147441
vn -0.37900229650552225 0.2716487004331354 -0.8846266120779598
vn -0.3790023613957435 0.2716487638262004 -0.8846265648103426
vn -0.3790023613957435 0.2716487638262004 -0.8846265648103426
vn -0.5889327901300946 0.39133517466821155 -0.7071173521962124
vn -0.5889327901300946 0.39133517466821155 -0.7071173521962124
vn -0.5889327901300946 0.39133517466821155 -0.7071173521962124
vn -0.5657037600017905 0.3120528814637773 -0.7632838627208037
vn -0.5657037600017905 0.3120528814637773 -0.7632838627208037
vn -0.5657037600017905 0.3120528814637773 -0.7632838627208037
vn -0.27286407925346207 0.3025280896868111 -0.9132480217353932
vn -0.27286407424103787 0.3025279649201788 -0.9132480645639696
vn -0.27286407424103787 0.3025279649201788 -0.9132480645639696
vn -0.8716096360558021 0.0779200650323457 -0.4839680834518193
vn -0.8716096360558021 0.0779200650323457 -0.4839680834518193
vn -0.8716096360558021 0.0779200650323457 -0.4839680834518193
vn -0.2816649871677821 0.8030199714591619 -0.5251892615443504
vn -0.28166496439420347 0.8030199318932929 -0.5251893342547078
vn -0.2816649871677821 0.8030199714591619 -0.5251892615443504
vn -0.9603126756208652 0.1940531902117903 -0.20035699241733984
vn -0.9603126756208652 0.1940531902117903 -0.20035699241733984
vn -0.9603126756208652 0.1940531902117903 -0.20035699241733984
vn -0.8783378930892505 0.38443629768517906 -0.2841325018114765
vn -0.8783378930892505 0.38443629768517906 -0.2841325018114765
vn -0.8783378930892505 0.38443629768517906 -0.2841325018114765
vn -0.8418828209591864 0.2850626693740942 -0.45822766208852794
vn -0.8418828209591864 0.2850626693740942 -0.45822766208852794
vn -0.8418828209591864 0.2850626693740942 -0.45822766208852794
vn -0.8584118463109905 0.23420908986172023 -0.45637178302246184
vn -0.8584118463109905 0.23420908986172023 -0.45637178302246184
vn -0.8584118463109905 0.23420908986172023 -0.45637178302246184
vn -0.7878186128410002 0.07964289210350661 -0.6107363121664467
vn -0.7878186128410002 0.07964289210350661 -0.6107363121664467
vn -0.7878186128410002 0.07964289210350661 -0.6107363121664467
vn -0.7711559054481663 0.20360216805842443 -0.6032120080488519
vn -0.7711559054481663 0.20360216805842443 -0.6032120080488519
vn -0.7711559054481663 0.20360216805842443 -0.6032120080488519
vn -0.6729439060662608 0.6957309411186494 -0.2512070000187937
vn -0.6729439437167615 0.6957309184211009 -0.2512069620210864
vn -0.6729439437167615 0.6957309184211009 -0.2512069620210864
vn -0.7583004083061551 0.613197552693513 -0.2212899729617336
vn -0.7583004890678442 0.6131974505928083 -0.22128997913585882
vn -0.7583004462336813 0.6131974641542104 -0.22129008833801322
vn -0.3861447500293853 0.6592253322953512 -0.6452241418955335
vn -0.3861447500293853 0.6592253322953512 -0.6452241418955335
vn -0.3861447500293853 0.6592253322953512 -0.6452241418955335
vn -0.21890409836499627 0.6376761953057456 -0.7385459130341164
vn -0.2189040828617648 0.6376761339472462 -0.738545970607479
vn -0.2189040828617648 0.6376761339472462 -0.738545970607479
vn -0.32831046188762086 0.4248118724933704 -0.8436510615199944
vn -0.32831046188762086 0.4248118724933704 -0.8436510615199944
vn -0.32831046188762086 0.4248118724933704 -0.8436510615199944
vn -0.2309650854504492 0.4007416836435216 -0.8866009430930143
vn -0.23096509372571927 0.4007416085947661 -0.8866009748591241
vn -0.2309650854504492 0.4007416836435216 -0.8866009430930143
vn 0.09785096537750491 0.8208338181966746 -0.5627228727174317
vn 0.09785096537750491 0.8208338181966746 -0.5627228727174317
vn 0.09785096537750491 0.8208338181966746 -0.5627228727174317
vn 0.10217120247253404 0.8383601101776584 -0.5354562270141422
vn 0.10217120247253404 0.8383601101776584 -0.5354562270141422
vn 0.10217120247253404 0.8383601101776584 -0.5354562270141422
vn -0.04591380373217613 0.8835412746321469 -0.4660973488963912
vn -0.04591380373217613 0.8835412746321469 -0.4660973488963912
vn -0.04591380373217613 0.8835412746321469 -0.4660973488963912
vn -0.03354321861751943 0.9864281022894643 -0.1607309910950067
vn -0.03354321861751943 0.9864281022894643 -0.1607309910950067
vn -0.03354321861751943 0.9864281022894643 -0.1607309910950067
vn -0.0074090355260395995 0.9909339918757402 -0.1341451823129863
vn -0.0074090355260395995 0.9909339918757402 -0.1341451823129863
vn -0.0074090355260395995 0.9909339918757402 -0.1341451823129863
vn 0.05330579216910899 0.29161187249013715 -0.9550502648258989
vn 0.05330579216910899 0.29161187249013715 -0.9550502648258989
vn 0.05330579216910899 0.29161187249013715 -0.9550502648258989
vn -0.10648159108164884 0.5402325478258212 -0.8347517385608385
vn -0.10648159108164884 0.5402325478258212 -0.8347517385608385
vn -0.10648159108164884 0.5402325478258212 -0.8347517385608385
vn 0.11817949029137217 0.43985726550622933 -0.8902579368114918
vn 0.11817949029137217 0.43985726550622933 -0.8902579368114918
vn 0.11817949029137217 0.43985726550622933 -0.8902579368114918
vn -0.05031888778900624 0.6700351630447198 -0.7406219614724594
vn -0.05031888778900624 0.6700351630447198 -0.7406219614724594
vn -0.05031888778900624 0.6700351630447198 -0.7406219614724594
vn -0.2605214146685052 -0.32603308905464046 -0.9087524510781854
vn -0.2605214727590661 -0.3260330573574966 -0.9087524457967474
vn -0.2605214727590661 -0.3260330573574966 -0.9087524457967474
vn 0.1589856039401266 0.9868520750577494 0.029095698891882044
vn 0.1589856039401266 0.9868520750577494 0.029095698891882044
vn 0.1589856039401266 0.9868520750577494 0.029095698891882044
vn -0.01233004974312363 0.9996820168610254 -0.02199625054422997
vn -0.01233004974312363 0.9996820168610254 -0.02199625054422997
vn -0.01233004974312363 0.9996820168610254 -0.02199625054422997
vn 0.38663128864101065 0.7368530792245482 0.5545843364909372
vn 0.38663137746349585 0.7368530781106222 0.554584276047907
vn 0.38663129700757515 0.7368530979763063 0.5545843057434644
vn 0.840011056198868 -0.5334776018240758 0.09890942227965623
vn 0.8402689661718823 -0.5330736019727883 0.09889691283449378
vn 0.840011056198868 -0.5334776018240758 0.09890942227965623
vn 0.6123146820109021 -0.764938449878869 -0.1998496887433171
vn 0.6123146820109021 -0.764938449878869 -0.1998496887433171
vn 0.6123146820109021 -0.764938449878869 -0.1998496887433171
vn 0.6278991617971934 -0.777070452648826 -0.04363661575478333
vn 0.6278991617971934 -0.777070452648826 -0.04363661575478333
vn 0.6281594620935262 -0.7768592222199379 -0.043651334850209424
vn 0.9397405184482933 -0.2998889918401669 -0.1641778016652102
vn 0.9397405184482933 -0.2998889918401669 -0.1641778016652102
vn 0.9397405184482933 -0.2998889918401669 -0.1641778016652102
vn 0.7626857699834565 -0.6463285039613342 -0.023872185317768337
vn 0.7626857699834565 -0.6463285039613342 -0.023872185317768337
vn 0.7626857699834565 -0.6463285039613342 -0.023872185317768337
vn 0.8591786032077207 -0.5027455690520335 0.09517888730478638
vn 0.8591785934592959 -0.5027455633477744 0.09517900543415457
vn 0.8591786032077207 -0.5027455690520335 0.09517888730478638
vn 0.6846594935838126 -0.6952204831570534 0.21888320548737983
vn 0.6846595069823801 -0.6952204967622961 0.21888312036388363
vn 0.6846595069823801 -0.6952204967622961 0.21888312036388363
vn 0.7570710338624869 -0.6148064263543667 0.22103508273520237
vn 0.7570710338624869 -0.6148064263543667 0.22103508273520237
vn 0.7570710338624869 -0.6148064263543667 0.22103508273520237
vn 0.7817224731845208 -0.5156288658361217 -0.350766086779824
vn 0.781727789201354 -0.5156499136655529 -0.3507232956720601
vn 0.7817223782819214 -0.5156289414736082 -0.35076618709342944
vn 0.9771578965994449 0.16291168428843872 0.1364632853028703
vn 0.9771578965994449 0.16291168428843872 0.1364632853028703
vn 0.9771578965994449 0.16291168428843872 0.1364632853028703
vn 0.6947841274599595 0.716616832715331 -0.06111735677162378
vn 0.694784181166638 0.7166167670273809 -0.061117516440290044
vn 0.694784122556115 0.7166168276573894 -0.06111747182425457
vn 0.7421631114073096 0.6539540200136368 -0.14675849472594485
vn 0.7421630922168496 0.6539540627086831 -0.14675840152417796
vn 0.742163100046196 0.6539540100028375 -0.1467585967874752
vn 0.783408344143584 0.4600149693169604 -0.4179205598322771
vn 0.7834083373346054 0.46001487591178275 -0.4179206754092172
vn 0.783408344143584 0.4600149693169604 -0.4179205598322771
vn 0.7819595935484047 0.46030640616966806 -0.42030608667586317
vn 0.7819595972770973 0.4603062891553009 -0.420306207889339
vn 0.78195955173203 0.460306386838545 -0.42030618564409217
vn 0.926336605897624 0.2082669927633229 -0.3138874835022764
vn 0.926336605897624 0.2082669927633229 -0.3138874835022764
vn 0.926336634479227 0.20826688148032793 -0.31388747299017505
vn 0.809017070064514 0.30542588531337916 -0.5022015620493107
vn 0.8090171075101534 0.3054259067500759 -0.5022014886893497
vn 0.8090171169989007 0.30542596993697985 -0.5022014349748933
vn 0.45389630176445367 -0.5123110872559797 -0.7290510936272903
vn 0.45389688195563666 -0.5123106261608098 -0.7290510564244933
vn 0.4538963826734582 -0.5123110516974849 -0.729051068241839
vn -0.07852958367918172 0.17844789241791964 -0.9808106107596803
vn -0.07852958367918172 0.17844789241791964 -0.9808106107596803
vn -0.07852958367918172 0.17844789241791964 -0.9808106107596803
vn 0.4023111787005386 0.9119615614628515 -0.08044765942413229
vn 0.4023111787005386 0.9119615614628515 -0.08044765942413229
vn 0.4023111787005386 0.9119615614628515 -0.08044765942413229
vn 0.9266581762323289 0.24151327307530387 -0.28805548658240826
vn 0.9266581762323289 0.24151327307530387 -0.28805548658240826
vn 0.9266581762323289 0.24151327307530387 -0.28805548658240826
vn 0.7078824560007236 0.6684329434842005 -0.22825386864504849
vn 0.7078824560007236 0.6684329434842005 -0.22825386864504849
vn 0.7078824560007236 0.6684329434842005 -0.22825386864504849
vn 0.6865230592820839 0.6896471770396434 -0.23037547672271746
vn 0.6865230592820839 0.6896471770396434 -0.23037547672271746
vn 0.6865230592820839 0.6896471770396434 -0.23037547672271746
vn 0.7325239109806608 -0.6438248690519098 -0.22112950466160763
vn 0.7325238576625054 -0.6438249341818324 -0.22112949165817053
vn 0.7325239109806608 -0.6438248690519098 -0.22112950466160763
vn 0.7087175048843674 -0.6685482073759669 -0.22530599788922148
vn 0.7087175048843674 -0.6685482073759669 -0.22530599788922148
vn 0.7087175048843674 -0.6685482073759669 -0.22530599788922148
vn 0.9291266797997265 -0.24164210257376545 -0.27987980839650883
vn 0.9291266797997265 -0.24164210257376545 -0.27987980839650883
vn 0.9291266797997265 -0.24164210257376545 -0.27987980839650883
vn 0.9355802471708476 0.006408988454102437 -0.353055981355267
vn 0.9355802471708476 0.006408988454102437 -0.353055981355267
vn 0.9355802471708476 0.006408988454102437 -0.353055981355267
vn 0.5975177797166447 -0.7801847940419763 -0.18515990405098623
vn 0.5975177797166447 -0.7801847940419763 -0.18515990405098623
vn 0.5975177797166447 -0.7801847940419763 -0.18515990405098623
vn 0.4096210533632165 -0.9109806273164412 0.048217105841722174
vn 0.4096210533632165 -0.9109806273164412 0.048217105841722174
vn 0.4096210521859799 -0.9109806246983146 0.04821716530779155
vn 0.6136397199514368 -0.7843896844010009 0.09043847136711587
vn 0.6136397199514368 -0.7843896844010009 0.09043847136711587
vn 0.6136397199514368 -0.7843896844010009 0.09043847136711587
vn 0.44293069559361203 -0.8852978888790812 0.1416334947927259
vn 0.44293069559361203 -0.8852978888790812 0.1416334947927259
vn 0.44293069559361203 -0.8852978888790812 0.1416334947927259
vn 0.9304021698704682 -0.24168996777324964 0.27556807104251063
vn 0.9304021698704682 -0.24168996777324964 0.27556807104251063
vn 0.9304021698704682 -0.24168996777324964 0.27556807104251063
vn 0.9642164046741153 0.198583705887139 0.17564520122523467
vn 0.9642809971233068 0.1982547737537899 0.17566218509034506
vn 0.9642164100510151 0.19858369209336896 0.1756451873035493
vn 0.8682630636480828 0.3693533828577454 0.33120587385489564
vn 0.8682630636480828 0.3693533828577454 0.33120587385489564
vn 0.8682630636480828 0.3693533828577454 0.33120587385489564
vn 0.9231873368666876 0.24131088518254606 0.2991558084701166
vn 0.9231873368666876 0.24131088518254606 0.2991558084701166
vn 0.9231873368666876 0.24131088518254606 0.2991558084701166
vn 0.601763418346129 0.7855616095558735 0.14413100267592255
vn 0.601763418346129 0.7855616095558735 0.14413100267592255
vn 0.601763418346129 0.7855616095558735 0.14413100267592255
vn 0.4588849968792008 0.8782369736049536 0.13462680948603
vn 0.4588849968792008 0.8782369736049536 0.13462680948603
vn 0.4588849968792008 0.8782369736049536 0.13462680948603
vn 0.4096228863697486 -0.9109795283317352 -0.0482222969445195
vn 0.40962276374336637 -0.9109795803369516 -0.04822235614689262
vn 0.4096228863697486 -0.9109795283317352 -0.0482222969445195
vn 0.7399484331048538 -0.66699413785464 -0.08715007982335579
vn 0.7399484331048538 -0.66699413785464 -0.08715007982335579
vn 0.7399484331048538 -0.66699413785464 -0.08715007982335579
vn 0.7401591948650896 -0.6667638848847854 -0.08712225932567831
vn 0.7401591948650896 -0.6667638848847854 -0.08712225932567831
vn 0.7401591948650896 -0.6667638848847854 -0.08712225932567831
vn 0.963932094833471 -0.24074657208306496 -0.11347248380206633
vn 0.9639320862875582 -0.24074659975100512 -0.11347249769721672
vn 0.9639320584540905 -0.24074666729065333 -0.11347259084423664
vn 0.963952955467302 -0.24064887982289399 -0.11350249462386386
vn 0.963952955467302 -0.24064887982289399 -0.11350249462386386
vn 0.963952955467302 -0.24064887982289399 -0.11350249462386386
vn 0.9640074912222311 0.24042729893442885 -0.11350890182939397
vn 0.9640074912222311 0.24042729893442885 -0.11350890182939397
vn 0.9640074912222311 0.24042729893442885 -0.11350890182939397
vn 0.9639583772629534 0.24064479634878524 -0.11346509989783361
vn 0.9639583772629534 0.24064479634878524 -0.11346509989783361
vn 0.9639583772629534 0.24064479634878524 -0.11346509989783361
vn 0.7399572140355637 0.6669911151876682 -0.0870986432583077
vn 0.7399572140355637 0.6669911151876682 -0.0870986432583077
vn 0.7399572140355637 0.6669911151876682 -0.0870986432583077
vn 0.739939917452121 0.667009165266106 -0.0871073591148347
vn 0.739939914090571 0.6670091622358807 -0.08710741087316883
vn 0.739939914090571 0.6670091622358807 -0.08710741087316883
vn 0.4095648597612985 0.9110047973972971 -0.048237793977518324
vn 0.4095648597612985 0.9110047973972971 -0.048237793977518324
vn 0.4095648597612985 0.9110047973972971 -0.048237793977518324
vn 0.409316806526448 0.9111195770215124 -0.0481753906380711
vn 0.409316806526448 0.9111195770215124 -0.0481753906380711
vn 0.409316806526448 0.9111195770215124 -0.0481753906380711
vn 0.611485104527221 -0.7848022930965523 0.10085300041013606
vn 0.611485104527221 -0.7848022930965523 0.10085300041013606
vn 0.611485104527221 -0.7848022930965523 0.10085300041013606
vn 0.7399387665068207 -0.6670113539999699 0.08710037574827974
vn 0.7399387134798233 -0.6670114195339742 0.08710032436849123
vn 0.7399387134798233 -0.6670114195339742 0.08710032436849123
vn 0.9639583772629534 -0.24064479634878524 0.11346509989783361
vn 0.9639583772629534 -0.24064479634878524 0.11346509989783361
vn 0.9639583772629534 -0.24064479634878524 0.11346509989783361
vn 0.9640073447028361 -0.24042788813411917 0.11350889818139591
vn 0.9640073447028361 -0.24042788813411917 0.11350889818139591
vn 0.9640073447028361 -0.24042788813411917 0.11350889818139591
vn 0.963952955467302 0.24064887982289399 0.11350249462386386
vn 0.963952955467302 0.24064887982289399 0.11350249462386386
vn 0.963952955467302 0.24064887982289399 0.11350249462386386
vn 0.9640132798601518 0.2404216978404896 0.11347159759503306
vn 0.9640132798601518 0.2404216978404896 0.11347159759503306
vn 0.9640132798601518 0.2404216978404896 0.11347159759503306
vn 0.7398433255875905 0.6671185047664101 0.08709049420989433
vn 0.7398433265477219 0.6671185056321629 0.08709047942175444
vn 0.7398432696700336 0.667118567695714 0.08709048719333845
vn 0.6114853018325158 0.7848021380151049 0.1008530109105198
vn 0.6114853018325158 0.7848021380151049 0.1008530109105198
vn 0.6114853018325158 0.7848021380151049 0.1008530109105198
vn 0.40975092798988494 0.910921312042989 0.04823422309219352
vn 0.40975092798988494 0.910921312042989 0.04823422309219352
vn 0.40975092798988494 0.910921312042989 0.04823422309219352
vn 0.6039887967438048 -0.5409262511897571 0.5853172850529588
vn 0.6039887967438048 -0.5409262511897571 0.5853172850529588
vn 0.6039887967438048 -0.5409262511897571 0.5853172850529588
vn 0.47038388726075725 0.8108121238365564 0.34831408017062937
vn 0.47038393367721726 0.8108121011037641 0.3483140704049248
vn 0.47038381979296423 0.810812229491945 0.34831392533644356
vn -0.11414990076261568 -0.08066987420970184 0.9901828980298922
vn -0.11414989395798412 -0.08066981506154856 0.99018290363312
vn -0.11414990076261568 -0.08066987420970184 0.9901828980298922
vn 0.8540303330362828 0.16200779794396086 0.49435378390307133
vn 0.8540303330362828 0.16200779794396086 0.49435378390307133
vn 0.8540303330362828 0.16200779794396086 0.49435378390307133
vn -0.852512731325472 0.09928143188398722 0.5131912316194118
vn -0.852512731325472 0.09928143188398722 0.5131912316194118
vn -0.852512731325472 0.09928143188398722 0.5131912316194118
vn -0.41142742143716715 0.5186036988797373 0.7495182989079173
vn -0.41142742143716715 0.5186036988797373 0.7495182989079173
vn -0.41142742143716715 0.5186036988797373 0.7495182989079173
vn -0.7124132143558404 0.14309628760972462 0.6870159128313512
vn -0.7124132143558404 0.14309628760972462 0.6870159128313512
vn -0.7124132251698848 0.14309617350145418 0.6870159253847647
vn -0.8122248730939713 0.16805830766184224 0.5586118158017421
vn -0.8122248730939713 0.16805830766184224 0.5586118158017421
vn -0.8122248730939713 0.16805830766184224 0.5586118158017421
vn -0.21217969867919265 0.5580916821348492 0.8021929006169909
vn -0.21217969150701202 0.558091642859575 0.8021929298381342
vn -0.21217969867919265 0.5580916821348492 0.8021929006169909
vn -0.43704652913436925 0.4676163508194741 0.7683262847370766
vn -0.43704652913436925 0.4676163508194741 0.7683262847370766
vn -0.43704652913436925 0.4676163508194741 0.7683262847370766
vn -0.4888268804334718 0.15302360355696973 0.8588550854015594
vn -0.4888268804334718 0.15302360355696973 0.8588550854015594
vn -0.4888268804334718 0.15302360355696973 0.8588550854015594
vn -0.32282180589425025 0.38832510715026924 0.8631278542579348
vn -0.32282180589425025 0.38832510715026924 0.8631278542579348
vn -0.32282180589425025 0.38832510715026924 0.8631278542579348
vn -0.25863326079656274 0.11407409076693562 0.9592163146159652
vn -0.25863326079656274 0.11407409076693562 0.9592163146159652
vn -0.25863326079656274 0.11407409076693562 0.9592163146159652
vn -0.7511192329086108 0.011372198932142065 0.6600686108627103
vn -0.7511192323994738 0.01137225852907646 0.6600686104152909
vn -0.7511191768632266 0.011372259521996225 0.6600686735951594
vn -0.4616564922604749 -0.02095329067429915 0.8868112779862874
vn -0.46165656263044386 -0.02095328794761826 0.8868112414174888
vn -0.461656492837043 -0.02095323109582166 0.8868112790938364
vn -0.23523809564916617 0.0002654269981694926 0.9719377386972183
vn -0.23523809564916617 0.0002654269981694926 0.9719377386972183
vn -0.23523809564916617 0.0002654269981694926 0.9719377386972183
vn -0.45642167054696714 -0.1555500915212036 0.876061315024731
vn -0.45642167054696714 -0.1555500915212036 0.876061315024731
vn -0.45642167054696714 -0.1555500915212036 0.876061315024731
vn -0.47379141879463904 -0.5528004746082755 0.6855168318498301
vn -0.47379141879463904 -0.5528004746082755 0.6855168318498301
vn -0.4739468928070497 -0.5529701039396293 0.6852725056118467
vn -0.4350123885683381 -0.17560229727991036 0.8831353548477646
vn -0.4350123885683381 -0.17560229727991036 0.8831353548477646
vn -0.4350123885683381 -0.17560229727991036 0.8831353548477646
vn -0.31085308874717393 0.09865724878086654 0.9453238093263767
vn -0.31085308874717393 0.09865724878086654 0.9453238093263767
vn -0.31085308874717393 0.09865724878086654 0.9453238093263767
vn -0.3528427811279335 0.9094835601254836 0.2198672910357082
vn -0.3528427811279335 0.9094835601254836 0.2198672910357082
vn -0.3528427811279335 0.9094835601254836 0.2198672910357082
vn -0.7707901001046159 0.072106420994456 0.6329954862651759
vn -0.7707901001046159 0.072106420994456 0.6329954862651759
vn -0.7707901001046159 0.072106420994456 0.6329954862651759
vn -0.8312536557763858 0.07446575236211188 0.5508831196211573
vn -0.8312536557763858 0.07446575236211188 0.5508831196211573
vn -0.8312536557763858 0.07446575236211188 0.5508831196211573
vn -0.9531980231810607 0.01436423987263219 0.30200529335857573
vn -0.9531980231810607 0.01436423987263219 0.30200529335857573
vn -0.9531980231810607 0.01436423987263219 0.30200529335857573
vn -0.8488662215229764 0.3548462677360495 0.39180385938770557
vn -0.8488662215229764 0.3548462677360495 0.39180385938770557
vn -0.8488662215229764 0.3548462677360495 0.39180385938770557
vn -0.9003980321350038 0.3828339645426737 0.2066918946643808
vn -0.9003980321350038 0.3828339645426737 0.2066918946643808
vn -0.9003980321350038 0.3828339645426737 0.2066918946643808
vn -0.9137108725385767 0.3372688816927515 0.2266762952902525
vn -0.9137108725385767 0.3372688816927515 0.2266762952902525
vn -0.9137108725385767 0.3372688816927515 0.2266762952902525
vn -0.5076749234100691 0.8489795175513438 0.1466286156207852
vn -0.5076749234100691 0.8489795175513438 0.1466286156207852
vn -0.5076749234100691 0.8489795175513438 0.1466286156207852
vn -0.44382688471087467 0.7070930610993189 0.5504880555952462
vn -0.44382688471087467 0.7070930610993189 0.5504880555952462
vn -0.44382688471087467 0.7070930610993189 0.5504880555952462
vn -0.6118944146631079 0.5520655981941278 0.5663998592819849
vn -0.6118944146631079 0.5520655981941278 0.5663998592819849
vn -0.6118944146631079 0.5520655981941278 0.5663998592819849
vn -0.46144303028048844 0.4197514295926495 0.781587530069721
vn -0.4614430052310488 0.41975155312539597 0.781587478515461
vn -0.46144308714552595 0.41975148670521173 0.7815874658247605
vn -0.3067833441611359 0.5631959361939981 0.7672641769298734
vn -0.30678337772548514 0.5631958238910754 0.7672642459433354
vn -0.30678337772548514 0.5631958238910754 0.7672642459433354
vn -0.26354730255865233 0.11654250379766155 0.9575806306116631
vn -0.26354730255865233 0.11654250379766155 0.9575806306116631
vn -0.26354730255865233 0.11654250379766155 0.9575806306116631
vn -0.075029792637212 0.9739109567933218 0.21416810793097407
vn -0.075029792637212 0.9739109567933218 0.21416810793097407
vn -0.075029792637212 0.9739109567933218 0.21416810793097407
vn -0.0837408912938988 0.8353111870390042 0.5433623873004032
vn -0.0837408912938988 0.8353111870390042 0.5433623873004032
vn -0.0837408912938988 0.8353111870390042 0.5433623873004032
vn -0.011256329938123763 0.8953612028017265 0.44519839572236763
vn -0.011256329938123763 0.8953612028017265 0.44519839572236763
vn -0.011256329938123763 0.8953612028017265 0.44519839572236763
vn 0.0074511757712017465 0.2534078975767653 0.9673308210872588
vn 0.0074511757712017465 0.2534078975767653 0.9673308210872588
vn 0.0074511757712017465 0.2534078975767653 0.9673308210872588
vn -0.02213633108674111 0.5162432306207544 0.8561558909943122
vn -0.02213633108674111 0.5162432306207544 0.8561558909943122
vn -0.02213633108674111 0.5162432306207544 0.8561558909943122
vn -0.060401257105908004 0.5420544741598087 0.8381698128561773
vn -0.060401257105908004 0.5420544741598087 0.8381698128561773
vn -0.060401257105908004 0.5420544741598087 0.8381698128561773
vn 0.02754526907895659 0.7237753140745994 0.6894857162317309
vn 0.02754526907895659 0.7237753140745994 0.6894857162317309
vn 0.02754526907895659 0.7237753140745994 0.6894857162317309
vn -0.06268042359724561 0.13823679163981517 0.988413756447572
vn -0.06268042359724561 0.13823679163981517 0.988413756447572
vn -0.06268042359724561 0.13823679163981517 0.988413756447572
vn 0.598410137998628 -0.7008536556998907 0.3882131631366485
vn 0.5984101268473575 -0.7008537022442473 0.38821309629771816
vn 0.5984100705121473 -0.7008537656780308 0.3882130686164116
vn 0.6020701762699899 -0.7241219564915052 0.3363909852732943
vn 0.6020624741453284 -0.724107456776448 0.33643597944742787
vn 0.6020702722173548 -0.7241218689092739 0.3363910020786238
vn -0.9810521215400325 0.19374399299539977 0
vn -0.9810521215400325 0.19374399299539977 0
vn -0.9810521215400325 0.19374399299539977 0
vn -0.9230346621218961 0.3840476548186536 0.02268063821432912
vn -0.9230346621218961 0.3840476548186536 0.02268063821432912
vn -0.9230346621218961 0.3840476548186536 0.02268063821432912
vn -0.7075497882658365 0.7063016074386584 -0.02261274982254691
vn -0.7075497882658365 0.7063016074386584 -0.02261274982254691
vn -0.7075497882658365 0.7063016074386584 -0.02261274982254691
vn -0.3799668909045468 0.9247170237988094 0.022882039091926726
vn -0.38026953684972764 0.9245908489248652 0.02295302656493866
vn -0.38026953684972764 0.9245908489248652 0.02295302656493866
vn -0.9977878470940739 -0.051632464650298686 -0.041874822811669335
vn -0.9977878470940739 -0.051632464650298686 -0.041874822811669335
vn -0.9977878470940739 -0.051632464650298686 -0.041874822811669335
vn -0.9642331324990367 -0.11676380450067456 0.23795100367433483
vn -0.9642331324990367 -0.11676380450067456 0.23795100367433483
vn -0.9642331324990367 -0.11676380450067456 0.23795100367433483
vn -0.9828663858935275 -0.07095818818286245 0.17011350037666342
vn -0.9828663858935275 -0.07095818818286245 0.17011350037666342
vn -0.9828663858935275 -0.07095818818286245 0.17011350037666342
vn -0.8447342014245527 -0.1892215779909462 0.5006189402791706
vn -0.8447342014245527 -0.1892215779909462 0.5006189402791706
vn -0.8447342014245527 -0.1892215779909462 0.5006189402791706
vn -0.7895567661454602 -0.19802259521483112 0.5808503807507629
vn -0.7895567661454602 -0.19802259521483112 0.5808503807507629
vn -0.7895567661454602 -0.19802259521483112 0.5808503807507629
vn -0.7830996970097613 -0.5856239095454304 0.20928330347150373
vn -0.7830996970097613 -0.5856239095454304 0.20928330347150373
vn -0.7830996970097613 -0.5856239095454304 0.20928330347150373
vn 0.0533356523438144 -0.8216036052756821 0.5675586524642727
vn 0.0533356523438144 -0.8216036052756821 0.5675586524642727
vn 0.0533356523438144 -0.8216036052756821 0.5675586524642727
vn 0.3007686171620058 -0.9017602305616722 -0.3104299043388291
vn 0.3007686171620058 -0.9017602305616722 -0.3104299043388291
vn 0.3007686171620058 -0.9017602305616722 -0.3104299043388291
vn -0.5917389392562448 -0.6997122168197643 0.4003096818727539
vn -0.5917389991686409 -0.6997122171836703 0.4003095926739796
vn -0.5917389392562448 -0.6997122168197643 0.4003096818727539
vn -0.9523092459304543 0.10066619463610196 0.2880510673003243
vn -0.9523092459304543 0.10066619463610196 0.2880510673003243
vn -0.9523092459304543 0.10066619463610196 0.2880510673003243
vn -0.4936373047369492 -0.7331429885667995 0.46778581603911623
vn -0.4936373047369492 -0.7331429885667995 0.46778581603911623
vn -0.4936373047369492 -0.7331429885667995 0.46778581603911623
vn -0.9351219959041991 -0.30678879650803526 0.1772779938776897
vn -0.9351219959041991 -0.30678879650803526 0.1772779938776897
vn -0.9351219959041991 -0.30678879650803526 0.1772779938776897
vn -0.9398971320880006 -0.3414393111276255 0.0035465348502432526
vn -0.9398971320880006 -0.3414393111276255 0.0035465348502432526
vn -0.9398971320880006 -0.3414393111276255 0.0035465348502432526
vn -0.9598292986098106 -0.27848348827225505 -0.034273375817325404
vn -0.9598292986098106 -0.27848348827225505 -0.034273375817325404
vn -0.9598292986098106 -0.27848348827225505 -0.034273375817325404
vn -0.9400669169763166 -0.3289038778682673 -0.08998016853651132
vn -0.9400669169763166 -0.3289038778682673 -0.08998016853651132
vn -0.9400669169763166 -0.3289038778682673 -0.08998016853651132
vn -0.6919793853304068 -0.5783240603465896 -0.4320946788633093
vn -0.6919793853304068 -0.5783240603465896 -0.4320946788633093
vn -0.6919793853304068 -0.5783240603465896 -0.4320946788633093
vn -0.9976687220099608 -0.044322243884546586 0.05189084524316641
vn -0.9976687220099608 -0.044322243884546586 0.05189084524316641
vn -0.9976687220099608 -0.044322243884546586 0.05189084524316641
vn -0.9962363082151935 -0.031159039083379667 0.08088468629575386
vn -0.9962363082151935 -0.031159039083379667 0.08088468629575386
vn -0.9962363082151935 -0.031159039083379667 0.08088468629575386
vn -0.8171388836485399 -0.15374768769083857 -0.5555589017911049
vn -0.8171388665644479 -0.15374788940633655 -0.5555588710954641
vn -0.8171388526103786 -0.15374778247269494 -0.5555589212129737
vn -0.9953052338136287 -0.04016005222247199 0.08806055728126082
vn -0.9953052390378032 -0.04016005243326474 0.08806049813882981
vn -0.9953052390378032 -0.04016005243326474 0.08806049813882981
vn -0.7872707035200205 -0.21617349398673472 -0.5774719559222417
vn -0.787270665642133 -0.21617358935956477 -0.5774719718590636
vn -0.787270665642133 -0.21617358935956477 -0.5774719718590636
vn -0.8610533549167071 -0.15469019246640497 -0.4844151776538281
vn -0.8610533549167071 -0.15469019246640497 -0.4844151776538281
vn -0.8610533549167071 -0.15469019246640497 -0.4844151776538281
vn -0.7899001095070133 -0.188640397288736 -0.5835003149198432
vn -0.7899001095070133 -0.188640397288736 -0.5835003149198432
vn -0.7899001095070133 -0.188640397288736 -0.5835003149198432
vn -0.9870670077824784 0.014966008611309702 -0.15960808480021113
vn -0.9870670069019696 0.014966068202605489 -0.15960808465783344
vn -0.9870670077824784 0.014966008611309702 -0.15960808480021113
vn -0.5995711865285491 0.4962511808526446 0.627892632372051
vn -0.5995711865285491 0.4962511808526446 0.627892632372051
vn -0.5995711865285491 0.4962511808526446 0.627892632372051
vn -0.8485628445027305 0.14719988541976983 0.5082059549649546
vn -0.8485628445027305 0.14719988541976983 0.5082059549649546
vn -0.8485628445027305 0.14719988541976983 0.5082059549649546
vn -0.9205699469528758 0.18187938445855137 0.3456455732049207
vn -0.9205699469528758 0.18187938445855137 0.3456455732049207
vn -0.9205699469528758 0.18187938445855137 0.3456455732049207
vn -0.4892207942163163 0.1941597744645257 0.8502734833488819
vn -0.4892207942163163 0.1941597744645257 0.8502734833488819
vn -0.4892207942163163 0.1941597744645257 0.8502734833488819
vn -0.6275851133104723 0.13667550688725616 0.766457259974875
vn -0.6275851133104723 0.13667550688725616 0.766457259974875
vn -0.6275851145886271 0.1366754922644515 0.7664572615358601
vn -0.9969586527591728 -0.06436043102008956 -0.04394518867320489
vn -0.9969586553705421 -0.06436043118867113 -0.043945129183668365
vn -0.9969586515460268 -0.06436049054641627 -0.043945129015086834
vn -0.26091757638808116 0.9247946221865274 0.2769059860433639
vn -0.26091757638808116 0.9247946221865274 0.2769059860433639
vn -0.26091757638808116 0.9247946221865274 0.2769059860433639
vn -0.5479325779572021 0.8226164174686219 -0.15189509447070557
vn -0.5479325779572021 0.8226164174686219 -0.15189509447070557
vn -0.5479325779572021 0.8226164174686219 -0.15189509447070557
vn -0.41484300151983355 0.8727961957449107 -0.25716159274515876
vn -0.41484300151983355 0.8727961957449107 -0.25716159274515876
vn -0.41484300151983355 0.8727961957449107 -0.25716159274515876
vn -0.8214239327274432 0.5174120569584963 0.23989057100386127
vn -0.8214239327274432 0.5174120569584963 0.23989057100386127
vn -0.8214239327274432 0.5174120569584963 0.23989057100386127
vn -0.6680999217286772 0.6950021197915759 0.26573397989596986
vn -0.6680999217286772 0.6950021197915759 0.26573397989596986
vn -0.6680999217286772 0.6950021197915759 0.26573397989596986
vn -0.9298860846904285 0.35172887956271026 -0.10769709736416079
vn -0.9298860846904285 0.35172887956271026 -0.10769709736416079
vn -0.9298860846904285 0.35172887956271026 -0.10769709736416079
vn -0.9368930110273305 0.34195447870683227 -0.07279162301035008
vn -0.9368930110273305 0.34195447870683227 -0.07279162301035008
vn -0.9368930110273305 0.34195447870683227 -0.07279162301035008
vn -0.9398154091389239 0.2932963095436116 -0.17528340353021088
vn -0.9398154091389239 0.2932963095436116 -0.17528340353021088
vn -0.9398154091389239 0.2932963095436116 -0.17528340353021088
vn -0.8759277330520664 0.33321347328867246 -0.3488830573260433
vn -0.8759277330520664 0.33321347328867246 -0.3488830573260433
vn -0.8759277330520664 0.33321347328867246 -0.3488830573260433
vn -0.7804716237604304 0.26063469079583124 -0.5682724720224608
vn -0.7804716237604304 0.26063469079583124 -0.5682724720224608
vn -0.7804715800895581 0.2606346663145142 -0.5682725432287137
vn -0.9876766226818107 0.015445699949669569 -0.1557444039473552
vn -0.9876766226818107 0.015445699949669569 -0.1557444039473552
vn -0.9876766226818107 0.015445699949669569 -0.1557444039473552
vn -0.7778642143801855 -0.18162660221857554 -0.6016136977772634
vn -0.7778642033287565 -0.1816264804288462 -0.6016137488345399
vn -0.7778641650525212 -0.1816265897170273 -0.6016137653303043
vn -0.7712112056604977 0.2578057642564472 -0.5820390572631966
vn -0.7712112056604977 0.2578057642564472 -0.5820390572631966
vn -0.7712112056604977 0.2578057642564472 -0.5820390572631966
vn -0.17730450034148992 0.7084243059428119 -0.6831530698958324
vn -0.17730448617584532 0.7084242492769411 -0.6831531323344142
vn -0.17730450087562888 0.7084241888676909 -0.6831531911631521
vn -0.6319193676584913 0.7337008524908825 -0.24972178886161495
vn -0.6319193676584913 0.7337008524908825 -0.24972178886161495
vn -0.6319193676584913 0.7337008524908825 -0.24972178886161495
vn -0.06656233973568608 -0.11607369048069494 0.9910077463406143
vn -0.06656233973568608 -0.11607369048069494 0.9910077463406143
vn -0.0665623990762495 -0.11607369002018111 0.9910077424088639
vn -0.023922320296867226 0.19105750195798163 0.9812872940873074
vn -0.023922320296867226 0.19105750195798163 0.9812872940873074
vn -0.023922320296867226 0.19105750195798163 0.9812872940873074
vn -0.06110822663202691 0.24250958388786062 0.9682225396882812
vn -0.06110822663202691 0.24250958388786062 0.9682225396882812
vn -0.06110822663202691 0.24250958388786062 0.9682225396882812
vn -0.028539766165816417 0.5363208752949168 0.8435315053215824
vn -0.028539766165816417 0.5363208752949168 0.8435315053215824
vn -0.028539766165816417 0.5363208752949168 0.8435315053215824
vn 0.009180841763640177 0.7968350471975135 0.6041271552432049
vn 0.009180841763640177 0.7968350471975135 0.6041271552432049
vn 0.009180841763640177 0.7968350471975135 0.6041271552432049
vn -0.1513662093959611 0.675243580466611 0.7218963760067851
vn -0.1513662093959611 0.675243580466611 0.7218963760067851
vn -0.1513662093959611 0.675243580466611 0.7218963760067851
vn -0.11218759654630375 0.912789781310948 -0.39271969433105275
vn -0.11218759654630375 0.912789781310948 -0.39271969433105275
vn -0.11218759654630375 0.912789781310948 -0.39271969433105275
vn 0.3002809552248152 0.9522953528351104 -0.054450977015340414
vn 0.30028108079038845 0.9522953133884476 -0.05445097444265661
vn 0.3002809822180803 0.9522953439266146 -0.05445098395654497
vn -0.007814586040507667 0.999892517207707 0.012405090771570008
vn -0.007814585109422546 0.9998925172380879 0.012405088909301806
vn -0.007814644710245863 0.9998925167492468 0.012405090765882157
vn -0.04454444823050314 0.9970630038948207 0.062298943779785274
vn -0.04454444823050314 0.9970630038948207 0.062298943779785274
vn -0.04454444823050314 0.9970630038948207 0.062298943779785274
vn 0.06327806352388719 0.9755757357343553 0.2103517780363126
vn 0.06327806352388719 0.9755757357343553 0.2103517780363126
vn 0.06327806352388719 0.9755757357343553 0.2103517780363126
vn -0.09676675306913807 0.7075776317705502 -0.6999786357585751
vn -0.09676670140343498 0.7075776353415375 -0.6999786392912118
vn -0.09676670140343498 0.7075776353415375 -0.6999786392912118
vn 0.18540030187521445 0.8111988670052602 -0.5546017726567067
vn 0.18540027922604327 0.8111988983030972 -0.5546017344498179
vn 0.1854002903218368 0.8111988220484785 -0.5546018422758255
vn -0.06205350428676903 0.504855207051549 -0.8609707210577313
vn -0.06205350428676903 0.504855207051549 -0.8609707210577313
vn -0.06205350428676903 0.504855207051549 -0.8609707210577313
vn -0.17632909602184826 0.05362616626306337 -0.9828694135987975
vn -0.17632909602184826 0.05362616626306337 -0.9828694135987975
vn -0.17632909602184826 0.05362616626306337 -0.9828694135987975
vn 0.03517305023978394 0.30651658059299564 -0.951215245019973
vn 0.03517305023978394 0.30651658059299564 -0.951215245019973
vn 0.03517305023978394 0.30651658059299564 -0.951215245019973
vn 0.9884746429513062 0.0037969941278102807 -0.1513389014030467
vn 0.9884746451821879 0.003796993670718414 -0.1513388868434416
vn 0.9884746451821879 0.003796993670718414 -0.1513388868434416
vn 0.9908676166429388 0.029224390219962728 -0.13163320745394674
vn 0.9908676166429388 0.029224390219962728 -0.13163320745394674
vn 0.9908676166429388 0.029224390219962728 -0.13163320745394674
vn 0.4726258445625363 0.0631730994074656 -0.8789960014487004
vn 0.47262587126701555 0.06317297978410832 -0.8789959956872905
vn 0.47262589580649267 0.06317299051472942 -0.8789959817214958
vn 0.596733923483137 0.7860234323871168 -0.161479993506308
vn 0.596733923483137 0.7860234323871168 -0.161479993506308
vn 0.596733923483137 0.7860234323871168 -0.161479993506308
vn 0.5474783052475515 -0.03642182338400464 0.8360268871661085
vn 0.5474783052475515 -0.03642182338400464 0.8360268871661085
vn 0.5474783052475515 -0.03642182338400464 0.8360268871661085
vn 0.7264279847186036 0.12496410523611992 0.6757857318856355
vn 0.7264279759261216 0.12496420058113746 0.6757857237061133
vn 0.7264279554581073 0.12496410020256972 0.675785764269651
vn 0.8013800487262802 0.27797755962020476 0.5296399662516605
vn 0.8013800313234009 0.2779774045719952 0.5296400739592148
vn 0.8013800367053777 0.27797749584582676 0.5296400179115724
vn 0.9788955200536932 0.08913814049243181 0.18389658161140773
vn 0.9788955200536932 0.08913814049243181 0.18389658161140773
vn 0.9788955200536932 0.08913814049243181 0.18389658161140773
vn 0.8560324062661154 0.4910552061050836 0.16147230096625886
vn 0.8560324062661154 0.4910552061050836 0.16147230096625886
vn 0.8560324062661154 0.4910552061050836 0.16147230096625886
vn 0.046578756509267225 -0.24765487997270078 -0.9677279989065924
vn 0.046578756509267225 -0.24765487997270078 -0.9677279989065924
vn 0.046578756509267225 -0.24765487997270078 -0.9677279989065924
vn 0.016756290287939457 -0.2417187948083501 -0.9702016547976948
vn 0.016756290287939457 -0.2417187948083501 -0.9702016547976948
vn 0.016756290287939457 -0.2417187948083501 -0.9702016547976948
vn 0.0035378927503369353 -0.26991515746776573 -0.962877609607804
vn 0.0035378927503369353 -0.26991515746776573 -0.962877609607804
vn 0.0035378927503369353 -0.26991515746776573 -0.962877609607804
vn 0.11508939639371459 -0.7122884531467915 -0.692386879101187
vn 0.11508939639371459 -0.7122884531467915 -0.692386879101187
vn 0.11508939639371459 -0.7122884531467915 -0.692386879101187
vn -0.07116109264414429 -0.9085840750935247 -0.41159576939047393
vn -0.07116109264414429 -0.9085840750935247 -0.41159576939047393
vn -0.07116109264414429 -0.9085840750935247 -0.41159576939047393
vn -0.004358351215612458 -0.9658243026851853 -0.25916099459092423
vn -0.004358351215612458 -0.9658243026851853 -0.25916099459092423
vn -0.004358351215612458 -0.9658243026851853 -0.25916099459092423
vn -0.4869114422290892 -0.4613699282610992 0.7416569535322488
vn -0.4869114422290892 -0.4613699282610992 0.7416569535322488
vn -0.4869114422290892 -0.4613699282610992 0.7416569535322488
vn -0.13863809679937555 -0.9764458133459599 0.1653271052035741
vn -0.13863809679937555 -0.9764458133459599 0.1653271052035741
vn -0.13863809679937555 -0.9764458133459599 0.1653271052035741
vn 0.006987273145570447 -0.31688040123706684 0.9484397657868552
vn 0.006987273145570447 -0.31688040123706684 0.9484397657868552
vn 0.006987273145570447 -0.31688040123706684 0.9484397657868552
vn 0.1539593072853589 -0.8811440650465183 0.4470812771001594
vn 0.1539593072853589 -0.8811440650465183 0.4470812771001594
vn 0.15395919531234833 -0.8811440807832832 0.4470812846444782
vn 0.03680318247482922 -0.24944742200393785 0.9676887461448096
vn 0.03680318247482922 -0.24944742200393785 0.9676887461448096
vn 0.03680318247482922 -0.24944742200393785 0.9676887461448096
vn 0.024840349037394203 -0.2533135086108582 0.9670652632655962
vn 0.024840349037394203 -0.2533135086108582 0.9670652632655962
vn 0.024840349037394203 -0.2533135086108582 0.9670652632655962
vn -0.42590887939845606 -0.5963901086041646 -0.680382587085137
vn -0.42590887939845606 -0.5963901086041646 -0.680382587085137
vn -0.42590887939845606 -0.5963901086041646 -0.680382587085137
vn -0.7045205079728527 -0.3605715850748078 -0.6112601621914471
vn -0.7045205079728527 -0.3605715850748078 -0.6112601621914471
vn -0.7045205079728527 -0.3605715850748078 -0.6112601621914471
vn -0.9570810367954987 -0.20639749236149194 -0.2034599816999425
vn -0.957081056561744 -0.20639739436325288 -0.2034599881321029
vn -0.9570810367954987 -0.20639749236149194 -0.2034599816999425
vn -0.8422243607097121 -0.5299766071224816 0.09890865548605747
vn -0.8422243607097121 -0.5299766071224816 0.09890865548605747
vn -0.8422243607097121 -0.5299766071224816 0.09890865548605747
vn -0.19728830863404104 -0.9619991977624291 -0.18877199681298648
vn -0.19728830863404104 -0.9619991977624291 -0.18877199681298648
vn -0.19728830863404104 -0.9619991977624291 -0.18877199681298648
vn -0.8345052417344309 -0.5509785293205879 0.004864334022381242
vn -0.8345052417344309 -0.5509785293205879 0.004864334022381242
vn -0.8345052417344309 -0.5509785293205879 0.004864334022381242
vn -0.9728348069145508 -0.22000939723390625 -0.0720298798020774
vn -0.9728348069145508 -0.22000939723390625 -0.0720298798020774
vn -0.9728348069145508 -0.22000939723390625 -0.0720298798020774
vn -0.4829482189371358 -0.6932368352018039 0.5349614080892522
vn -0.4829482189371358 -0.6932368352018039 0.5349614080892522
vn -0.4829482189371358 -0.6932368352018039 0.5349614080892522
vn -0.676009753332007 -0.5751442731628678 0.4606732881858418
vn -0.6760656657717838 -0.5750675647814099 0.46068699949199116
vn -0.676009753332007 -0.5751442731628678 0.4606732881858418
vn -0.7778601053540152 0.0453103110378466 0.6268019082711013
vn -0.7778601053540152 0.0453103110378466 0.6268019082711013
vn -0.7778601053540152 0.0453103110378466 0.6268019082711013
vn -0.6385402758929641 -0.2213033912311837 0.7370828481874443
vn -0.6385402758929641 -0.2213033912311837 0.7370828481874443
vn -0.6385402251719856 -0.2213033049030894 0.7370829180467283
vn -0.78731356004102 0.17157250196648152 0.5921994889768962
vn -0.78731356004102 0.17157250196648152 0.5921994889768962
vn -0.78731356004102 0.17157250196648152 0.5921994889768962
vn -0.1431259037051096 0.19373081234471876 0.9705582661730573
vn -0.1431259037051096 0.19373081234471876 0.9705582661730573
vn -0.1431259037051096 0.19373081234471876 0.9705582661730573
vn -0.2810890024848984 0.6883216964840598 -0.6687317958878212
vn -0.2810890024848984 0.6883216964840598 -0.6687317958878212
vn -0.2810890024848984 0.6883216964840598 -0.6687317958878212
vn -0.6943490668430806 0.606222584192221 0.38778028803621306
vn -0.6943490668430806 0.606222584192221 0.38778028803621306
vn -0.6943490668430806 0.606222584192221 0.38778028803621306
vn -0.7457081597761643 0.46121274943971285 0.48083483671371724
vn -0.7457081597761643 0.46121274943971285 0.48083483671371724
vn -0.7457080538629512 0.46121278746552113 0.4808349644963578
vn -0.8531777196687451 0.3847697049416607 -0.3521932038241901
vn -0.8531777196687451 0.3847697049416607 -0.3521932038241901
vn -0.8531777196687451 0.3847697049416607 -0.3521932038241901
vn -0.7228884878660834 0.5762840654265557 0.38122029070621166
vn -0.7228884878660834 0.5762840654265557 0.38122029070621166
vn -0.7228884878660834 0.5762840654265557 0.38122029070621166
vn -0.9256774506930082 0.23111520018003887 0.29951130450157326
vn -0.925677417374153 0.23111520674284913 0.299511402413545
vn -0.9256774288248011 0.2311151947005875 0.2995113763161843
vn -0.03593790218268013 0.26810649482281235 0.9627187411806906
vn -0.03593790218268013 0.26810649482281235 0.9627187411806906
vn -0.03593790218268013 0.26810649482281235 0.9627187411806906
vn 0.0554071573017084 0.7320011521897206 0.6790466553283839
vn 0.0554071573017084 0.7320011521897206 0.6790466553283839
vn 0.0554071573017084 0.7320011521897206 0.6790466553283839
vn -0.1464291983237865 0.9264493731651275 0.3467708881094192
vn -0.1464291792022766 0.9264493464632153 0.3467709675218339
vn -0.1464291983237865 0.9264493731651275 0.3467708881094192
vn 0.015920689645901695 0.9562316726938223 -0.2921772061239097
vn 0.015920689645901695 0.9562316726938223 -0.2921772061239097
vn 0.015920689645901695 0.9562316726938223 -0.2921772061239097
vn -0.02272701101203567 0.3896811049673348 -0.9206693865888536
vn -0.02272701101203567 0.3896811049673348 -0.9206693865888536
vn -0.02272701101203567 0.3896811049673348 -0.9206693865888536
vn 0.06498919455147886 0.9810668867998741 -0.1824394919318539
vn 0.06498925390437764 0.9810668829995549 -0.1824394912251454
vn 0.06498920179391418 0.9810668836577449 -0.18243950624870384
vn -0.049662642174889735 0.3594898283045114 -0.9318265317739144
vn -0.049662642174889735 0.3594898283045114 -0.9318265317739144
vn -0.049662642174889735 0.3594898283045114 -0.9318265317739144
vn 0.5280449738125027 0.6232462828309429 -0.5768297639414647
vn 0.5280449738125027 0.6232462828309429 -0.5768297639414647
vn 0.5280449738125027 0.6232462828309429 -0.5768297639414647
vn 0.8448032979175393 0.43104471012938533 -0.317029723680799
vn 0.8448032979175393 0.43104471012938533 -0.317029723680799
vn 0.8448032979175393 0.43104471012938533 -0.317029723680799
vn 0.7329037415932609 0.6746511667800961 -0.08773772689586674
vn 0.7329038020068502 0.6746511079200957 -0.08773767483864142
vn 0.7329037415932609 0.6746511667800961 -0.08773772689586674
vn 0.14528338195616514 -0.2116180746829448 -0.9664939365535941
vn 0.14528338195616514 -0.2116180746829448 -0.9664939365535941
vn 0.14528338195616514 -0.2116180746829448 -0.9664939365535941
vn 0.04618560983826343 -0.3619053135126472 -0.931070047577077
vn 0.04618560983826343 -0.3619053135126472 -0.931070047577077
vn 0.04618560983826343 -0.3619053135126472 -0.931070047577077
vn 0.1377513008738633 -0.8135888258718158 -0.564887423761654
vn 0.1377513008738633 -0.8135888258718158 -0.564887423761654
vn 0.1377513008738633 -0.8135888258718158 -0.564887423761654
vn 0.028397786558456248 -0.968445392850571 0.24760267927686802
vn 0.028397790058828785 -0.9684453890970904 0.24760269355634978
vn 0.028397786558456248 -0.968445392850571 0.24760267927686802
vn -0.049031071852265816 -0.9986066321455891 0.019512770891438328
vn -0.049031071852265816 -0.9986066321455891 0.019512770891438328
vn -0.049031071852265816 -0.9986066321455891 0.019512770891438328
vn -0.058335589946525344 -0.7810246192929924 0.6217696542963699
vn -0.058335589946525344 -0.7810246192929924 0.6217696542963699
vn -0.058335589946525344 -0.7810246192929924 0.6217696542963699
vn -0.11925667811532663 0.08747659834284743 0.9890023708097275
vn -0.11925667811532663 0.08747659834284743 0.9890023708097275
vn -0.11925667811532663 0.08747659834284743 0.9890023708097275
vn 0.027437318253075813 -0.601054731024663 0.7987367550576032
vn 0.027437318253075813 -0.601054731024663 0.7987367550576032
vn 0.027437318253075813 -0.601054731024663 0.7987367550576032
vn -0.7864623655242913 -0.14529468099622997 -0.600305258421197
vn -0.7864623655242913 -0.14529468099622997 -0.600305258421197
vn -0.7864623655242913 -0.14529468099622997 -0.600305258421197
vn -0.5693523298927804 -0.15658578307312285 -0.8070432559566058
vn -0.5693523298927804 -0.15658578307312285 -0.8070432559566058
vn -0.5693523298927804 -0.15658578307312285 -0.8070432559566058
vn -0.4491181992536157 -0.42604840018963824 -0.7853506247498879
vn -0.4491182305339123 -0.4260482525800801 -0.7853506869389927
vn -0.4491182305339123 -0.4260482525800801 -0.7853506869389927
vn -0.7548932546578881 -0.2807480735056206 -0.5927197426228552
vn -0.7548932546578881 -0.2807480735056206 -0.5927197426228552
vn -0.7548932546578881 -0.2807480735056206 -0.5927197426228552
vn -0.9251288180205897 -0.29215306058224216 -0.24245259177879583
vn -0.9251288180205897 -0.29215306058224216 -0.24245259177879583
vn -0.9251288180205897 -0.29215306058224216 -0.24245259177879583
vn -0.9365909308778826 -0.21237929639740552 -0.2787336769374026
vn -0.9365909308778826 -0.21237929639740552 -0.2787336769374026
vn -0.9365909308778826 -0.21237929639740552 -0.2787336769374026
vn -0.887359367856939 -0.20458130241857683 -0.4132067799265307
vn -0.887359367856939 -0.20458130241857683 -0.4132067799265307
vn -0.887359367856939 -0.20458130241857683 -0.4132067799265307
vn -0.9979704609790105 -0.020813038554600205 -0.06018119672676642
vn -0.9979704609790105 -0.020813038554600205 -0.06018119672676642
vn -0.9979704609790105 -0.020813038554600205 -0.06018119672676642
vn -0.5366557037992489 0.7472380713798762 -0.3919641823690218
vn -0.5366557037992489 0.7472380713798762 -0.3919641823690218
vn -0.5366557037992489 0.7472380713798762 -0.3919641823690218
vn -0.8706001030571248 0.47709914972060485 -0.12013268453172776
vn -0.8706001030571248 0.47709914972060485 -0.12013268453172776
vn -0.8706001030571248 0.47709914972060485 -0.12013268453172776
vn -0.8798562645527024 0.47496669195425295 -0.01611196019729094
vn -0.8798562645527024 0.47496669195425295 -0.01611196019729094
vn -0.8798562645527024 0.47496669195425295 -0.01611196019729094
vn -0.9889755325355911 0.06449598123739528 -0.133295402959628
vn -0.9889755325355911 0.06449598123739528 -0.133295402959628
vn -0.9889755325355911 0.06449598123739528 -0.133295402959628
vn -0.6764240651447454 0.42784615026068873 -0.5994982533754084
vn -0.6764240466535114 0.4278462954746972 -0.5994981706039363
vn -0.6764240466535114 0.4278462954746972 -0.5994981706039363
vn -0.7778662695446562 -0.045302329191602535 -0.6267948353923283
vn -0.7778662695446562 -0.045302329191602535 -0.6267948353923283
vn -0.7778662695446562 -0.045302329191602535 -0.6267948353923283
vn -0.6385392540774442 0.22130498269685447 -0.7370832555659952
vn -0.6385394118783423 0.2213050052164783 -0.7370831121007965
vn -0.6385392540774442 0.22130498269685447 -0.7370832555659952
vn 0.832885962828978 -0.2863734005362878 0.47359396996554876
vn 0.832885962828978 -0.2863734005362878 0.47359396996554876
vn 0.832885962828978 -0.2863734005362878 0.47359396996554876
vn 0.6757729875930422 -0.2860361135461764 0.6793483723296708
vn 0.6757729875930422 -0.2860361135461764 0.6793483723296708
vn 0.6757729875930422 -0.2860361135461764 0.6793483723296708
vn 0.658421599121782 -0.7524768974119601 -0.0161095211345963
vn 0.658421599121782 -0.7524768974119601 -0.0161095211345963
vn 0.658421599121782 -0.7524768974119601 -0.0161095211345963
vn 0.011099628812119644 -0.45631195894415855 -0.8897506360575292
vn 0.011099628812119644 -0.45631195894415855 -0.8897506360575292
vn 0.011099628812119644 -0.45631195894415855 -0.8897506360575292
vn -0.14935089978081323 -0.18506680838284142 -0.9713107562308008
vn -0.1493510159191898 -0.18506681947870854 -0.9713107362589694
vn -0.1493510159191898 -0.18506681947870854 -0.9713107362589694
vn 0.1914143834290551 -0.15425407676580882 0.9693122374228041
vn 0.1914143834290551 -0.15425407676580882 0.9693122374228041
vn 0.1914143834290551 -0.15425407676580882 0.9693122374228041
vn -0.005882083958892071 -0.08780401281998255 0.9961204025724043
vn -0.0058820839896761064 -0.08780395367486143 0.9961204077856257
vn -0.005882083497094896 -0.08780400542708296 0.9961204032267855
vn 0.633413302072037 0.023182328323887162 0.773466333082237
vn 0.6334132655062787 0.023182388771734418 0.7734663612152171
vn 0.6334133011968016 0.023182387896497864 0.7734663320134796
vn 0.8903156621707263 -0.05991040611877655 0.45138538404802675
vn 0.8903156621707263 -0.05991040611877655 0.45138538404802675
vn 0.8903156621707263 -0.05991040611877655 0.45138538404802675
vn 0.7996460794855292 -0.18795749543811072 0.5702965259161722
vn 0.7996460794855292 -0.18795749543811072 0.5702965259161722
vn 0.7996460794855292 -0.18795749543811072 0.5702965259161722
vn 0.3994053778686187 0.050429879084258146 0.9153863509060931
vn 0.3994053778686187 0.050429879084258146 0.9153863509060931
vn 0.39940547488006944 0.050429876319128326 0.915386308729961
vn -0.03691070920037045 -0.15056580389415178 0.9879106934556552
vn -0.03691070920037045 -0.15056580389415178 0.9879106934556552
vn -0.03691070920037045 -0.15056580389415178 0.9879106934556552
vn -0.46655268004952877 0.050727055050728734 0.883037577130488
vn -0.4665525854596 0.05072705821248915 0.8830376269254157
vn -0.46655268004952877 0.050727055050728734 0.883037577130488
vn -0.7955093550569418 -0.15097327846902994 0.5868321184165034
vn -0.7955093550569418 -0.15097327846902994 0.5868321184165034
vn -0.7955093550569418 -0.15097327846902994 0.5868321184165034
vn -0.9852709100358101 0.15973159551188706 -0.061049580116766256
vn -0.9852709064505666 0.15973159493064928 -0.06104963949926069
vn -0.9852709090197728 0.15973158044600655 -0.061049635933164315
vn -0.9900374573510481 -0.07597035293124453 0.11855099542970463
vn -0.9900374573510481 -0.07597035293124453 0.11855099542970463
vn -0.9900374573510481 -0.07597035293124453 0.11855099542970463
vn -0.01050703892767416 -0.7115482778165647 0.7025586455729181
vn -0.01050703892767416 -0.7115482778165647 0.7025586455729181
vn -0.01050703892767416 -0.7115482778165647 0.7025586455729181
vn -0.02155702855025868 -0.6860321509902957 0.7272518011856082
vn -0.02155702855025868 -0.6860321509902957 0.7272518011856082
vn -0.02155702855025868 -0.6860321509902957 0.7272518011856082
vn 0.31728658134596854 -0.6621995579649119 0.6788379561639606
vn 0.31728658134596854 -0.6621995579649119 0.6788379561639606
vn 0.31728658134596854 -0.6621995579649119 0.6788379561639606
vn 0.6258196432487503 -0.27643901983355074 0.7293361655899646
vn 0.6258196729270179 -0.2764388874050902 0.729336190318125
vn 0.6258196366665465 -0.2764388977167469 0.7293362175236477
vn -0.2656654730602653 -0.7860527083147537 0.5581603677929007
vn -0.2656654730602653 -0.7860527083147537 0.5581603677929007
vn -0.2656654730602653 -0.7860527083147537 0.5581603677929007
vn -0.4791856856339486 0.0675626939850521 0.875109342348146
vn -0.4791856856339486 0.0675626939850521 0.875109342348146
vn -0.4791856856339486 0.0675626939850521 0.875109342348146
vn -0.18541796541457706 -0.28489527161609196 0.9404546040677945
vn -0.18541796541457706 -0.28489527161609196 0.9404546040677945
vn -0.18541796541457706 -0.28489527161609196 0.9404546040677945
vn 0.30267818906814403 -0.2849095979279322 0.9095121961089763
vn 0.30267818906814403 -0.2849095979279322 0.9095121961089763
vn 0.30267818906814403 -0.2849095979279322 0.9095121961089763
vn 0.1470899172966932 0.16634951962690464 0.9750345601821252
vn 0.1470899172966932 0.16634951962690464 0.9750345601821252
vn 0.1470899172966932 0.16634951962690464 0.9750345601821252
vn 0.5749927677718301 0.170395997733073 0.8002177959572261
vn 0.5749927677718301 0.170395997733073 0.8002177959572261
vn 0.5749927677718301 0.170395997733073 0.8002177959572261
vn 0.5747823056332808 0.17060120217278743 0.8003252657189386
vn 0.5747823056332808 0.17060120217278743 0.8003252657189386
vn 0.5747823056332808 0.17060120217278743 0.8003252657189386
vn 0.8268616631472351 0.17068439383385853 0.5358793033127486
vn 0.8268866533558271 0.17059227812981445 0.5358700748730798
vn 0.8268866533558271 0.17059227812981445 0.5358700748730798
vn 0.9699838419396695 -0.10327070481010635 0.2201511024364458
vn 0.9699838419396695 -0.10327070481010635 0.2201511024364458
vn 0.9699838419396695 -0.10327070481010635 0.2201511024364458
vn 0.9362279727329774 -0.24177339555726282 0.2549957024598857
vn 0.9362279727329774 -0.24177339555726282 0.2549957024598857
vn 0.9362279727329774 -0.24177339555726282 0.2549957024598857
vn 0.13369158973096373 -0.6958350912818996 0.705648697707236
vn 0.13369158973096373 -0.6958350912818996 0.705648697707236
vn 0.13369158973096373 -0.6958350912818996 0.705648697707236
vn 0.41632032166192556 -0.7007023653720252 0.5793907014557272
vn 0.41632032166192556 -0.7007023653720252 0.5793907014557272
vn 0.41632032166192556 -0.7007023653720252 0.5793907014557272
vn 0.5984966330645956 -0.7009186945865951 0.38796232264147323
vn 0.5984966330645956 -0.7009186945865951 0.38796232264147323
vn 0.5984966330645956 -0.7009186945865951 0.38796232264147323
vn 0.7091349912634993 -0.6968666865195295 0.10725849796173906
vn 0.7091349912634993 -0.6968666865195295 0.10725849796173906
vn 0.7091349912634993 -0.6968666865195295 0.10725849796173906
vn -0.2627824869411625 -0.9352896903831334 0.23702016711672458
vn -0.2627824869411625 -0.9352896903831334 0.23702016711672458
vn -0.2627824869411625 -0.9352896903831334 0.23702016711672458
vn -0.022633368926993434 -0.7405687825002251 0.6715992919867834
vn -0.022633368926993434 -0.7405687825002251 0.6715992919867834
vn -0.022633368926993434 -0.7405687825002251 0.6715992919867834
vn 0.5542603518751699 -0.5498008517332618 0.6249115823639314
vn 0.5542603518751699 -0.5498008517332618 0.6249115823639314
vn 0.5542603518751699 -0.5498008517332618 0.6249115823639314
vn 0.2625981499250893 -0.9545529826200225 -0.14096387844813077
vn 0.2625981499250893 -0.9545529826200225 -0.14096387844813077
vn 0.2625981809818722 -0.9545529871800305 -0.14096378971456602
vn 0.36954757635847074 -0.9213571564574657 0.12056358924730694
vn 0.36954757635847074 -0.9213571564574657 0.12056358924730694
vn 0.36954757635847074 -0.9213571564574657 0.12056358924730694
vn -0.0033207528149795966 -0.6023150571989832 0.7982515546318263
vn -0.0033207528149795966 -0.6023150571989832 0.7982515546318263
vn -0.0033207528149795966 -0.6023150571989832 0.7982515546318263
vn 0.13156190752680386 -0.9793518958916356 0.15349699834644065
vn 0.13156199538626742 -0.9793518843719552 0.15349699654092377
vn 0.13156198104394326 -0.9793518885319579 0.15349698229177314
vn 0.15112528511219073 -0.9779591758576818 0.1440728932017508
vn 0.15112518861350374 -0.9779591895705022 0.14407290134213074
vn 0.15112528511219073 -0.9779591758576818 0.1440728932017508
vn 0.18678450218444398 -0.9807124541773692 0.057572840516261374
vn 0.18678450218444398 -0.9807124541773692 0.057572840516261374
vn 0.18678450218444398 -0.9807124541773692 0.057572840516261374
vn -0.535355397778093 -0.18512170316218102 0.8240901365070407
vn -0.535355397778093 -0.18512170316218102 0.8240901365070407
vn -0.535355397778093 -0.18512170316218102 0.8240901365070407
vn -0.01802205825212474 0.316593075848776 0.9483902307283476
vn -0.01802205825212474 0.316593075848776 0.9483902307283476
vn -0.01802205825212474 0.316593075848776 0.9483902307283476
vn 0.15759720114706074 -0.06845313400303847 0.9851280579882877
vn 0.1575972017900767 -0.06845307467768987 0.9851280620077312
vn 0.1575972017900767 -0.06845307467768987 0.9851280620077312
vn 0.20494318175077184 -0.6530356460268646 0.7290697753110779
vn 0.20494318175077184 -0.6530356460268646 0.7290697753110779
vn 0.20494318175077184 -0.6530356460268646 0.7290697753110779
vn 0.3159090503365756 0.004026948378501184 0.9487809313019521
vn 0.3159090503365756 0.004026948378501184 0.9487809313019521
vn 0.3159090503365756 0.004026948378501184 0.9487809313019521
vn -0.10745349672285312 -0.990298880670047 -0.08810149252812911
vn -0.10745349721658577 -0.9902988852203213 -0.08810144077887709
vn -0.10745349672285312 -0.990298880670047 -0.08810149252812911
vn 0.5478218757537355 -0.7058694315826971 0.44904291331985047
vn 0.5478218757537355 -0.7058694315826971 0.44904291331985047
vn 0.5478218757537355 -0.7058694315826971 0.44904291331985047
vn 0.5476550436836201 -0.7060203522562243 0.4490091483788377
vn 0.5476550436836201 -0.7060203522562243 0.4490091483788377
vn 0.5476550436836201 -0.7060203522562243 0.4490091483788377
vn 0.7718420490536531 -0.06163298231493374 0.6328200587873504
vn 0.7718420490536531 -0.06163298231493374 0.6328200587873504
vn 0.7718420490536531 -0.06163298231493374 0.6328200587873504
vn 0.021344719442163648 -0.9907683724331381 0.13387469939509067
vn 0.021344719442163648 -0.9907683724331381 0.13387469939509067
vn 0.021344719442163648 -0.9907683724331381 0.13387469939509067
vn 0.0717559451531668 -0.9953121469504314 -0.06484454077328745
vn 0.0717559451531668 -0.9953121469504314 -0.06484454077328745
vn 0.0717559451531668 -0.9953121469504314 -0.06484454077328745
vn -0.13290157685828155 -0.9772183131172194 0.1654736818255958
vn -0.1330533922599698 -0.9771674281869209 0.1656520814800511
vn -0.1330533922599698 -0.9771674281869209 0.1656520814800511
vn 0.28284198051531817 -0.9412758948349365 -0.1843911707779471
vn 0.28284198051531817 -0.9412758948349365 -0.1843911707779471
vn 0.28284198051531817 -0.9412758948349365 -0.1843911707779471
vn 0.3732478354369193 -0.8249887302655134 -0.4243579247245773
vn 0.3732478354369193 -0.8249887302655134 -0.4243579247245773
vn 0.3732478354369193 -0.8249887302655134 -0.4243579247245773
vn 0.7377045892185123 0.274793808965218 -0.616668713005884
vn 0.7377045892185123 0.274793808965218 -0.616668713005884
vn 0.7377045892185123 0.274793808965218 -0.616668713005884
vn 0.8266329228803228 -0.08878587250275535 -0.5556933323824023
vn 0.8266329228803228 -0.08878587250275535 -0.5556933323824023
vn 0.8266329228803228 -0.08878587250275535 -0.5556933323824023
vn 0.9249466752925314 0.3800965884741909 0.0004809319847913928
vn 0.9249466752925314 0.3800965884741909 0.0004809319847913928
vn 0.9249466752925314 0.3800965884741909 0.0004809319847913928
vn 0.9121705459067324 -0.08736704448343544 -0.4003896785863027
vn 0.9121705459067324 -0.08736704448343544 -0.4003896785863027
vn 0.9121705459067324 -0.08736704448343544 -0.4003896785863027
vn 0.6950880606595967 -0.7144100975821832 0.08044128542667887
vn 0.6950880606595967 -0.7144100975821832 0.08044128542667887
vn 0.6950880606595967 -0.7144100975821832 0.08044128542667887
vn 0.6605211263778454 0.07684075561804586 -0.7468650078056879
vn 0.6605211263778454 0.07684075561804586 -0.7468650078056879
vn 0.6605211263778454 0.07684075561804586 -0.7468650078056879
vn -0.15001939002833342 -0.22047766698794996 -0.9637861697363567
vn -0.15001939002833342 -0.22047766698794996 -0.9637861697363567
vn -0.150019403608392 -0.22047769484869897 -0.9637861612490533
vn 0.43130449595039766 -0.8890581364830537 -0.15346680985233646
vn 0.43130449595039766 -0.8890581364830537 -0.15346680985233646
vn 0.43130449595039766 -0.8890581364830537 -0.15346680985233646
vn -0.4521492115580439 -0.3122825020970697 -0.8354883179143997
vn -0.4521492115580439 -0.3122825020970697 -0.8354883179143997
vn -0.4521492115580439 -0.3122825020970697 -0.8354883179143997
vn -0.23231129496539563 -0.06053017863518706 -0.9707561793292347
vn -0.23231129496539563 -0.06053017863518706 -0.9707561793292347
vn -0.23231129496539563 -0.06053017863518706 -0.9707561793292347
vn 0.21056278586980542 -0.06391959800428701 -0.9754883895760712
vn 0.21056278586980542 -0.06391959800428701 -0.9754883895760712
vn 0.21056278586980542 -0.06391959800428701 -0.9754883895760712
vn 0.1476309911202851 0.07702379010507555 -0.9860387549273567
vn 0.1476309911202851 0.07702379010507555 -0.9860387549273567
vn 0.1476310785786347 0.07702378908841982 -0.9860387419123915
vn 0.68613057724534 0.18019300540585473 -0.7048087058002207
vn 0.6861306394561724 0.18019299118913595 -0.7048086488727108
vn 0.68613057724534 0.18019300540585473 -0.7048087058002207
vn 0.8269828592270604 -0.2636690746753699 -0.49656617847419915
vn 0.8269828592270604 -0.2636690746753699 -0.49656617847419915
vn 0.8269828592270604 -0.2636690746753699 -0.49656617847419915
vn 0.9494361084793878 -0.1413785934975099 -0.28032689706159475
vn 0.9494361084793878 -0.1413785934975099 -0.28032689706159475
vn 0.9494361084793878 -0.1413785934975099 -0.28032689706159475
vn -0.511636437488086 -0.2335150844755883 -0.8268608475171979
vn -0.511636437488086 -0.2335150844755883 -0.8268608475171979
vn -0.511636437488086 -0.2335150844755883 -0.8268608475171979
vn -0.37533299330623726 -0.626662274299107 -0.6829491475256784
vn -0.37533299330623726 -0.626662274299107 -0.6829491475256784
vn -0.37533299330623726 -0.626662274299107 -0.6829491475256784
vn 0.6936313985575431 -0.6987990615652158 -0.17480089957057093
vn 0.6936313985575431 -0.6987990615652158 -0.17480089957057093
vn 0.6936313985575431 -0.6987990615652158 -0.17480089957057093
vn 0.5536987083308365 -0.6980542411743548 -0.45402424689795934
vn 0.5536987083308365 -0.6980542411743548 -0.45402424689795934
vn 0.5536987083308365 -0.6980542411743548 -0.45402424689795934
vn 0.37294189082689644 -0.8450933908041683 -0.3830554879982434
vn 0.37294189082689644 -0.8450933908041683 -0.3830554879982434
vn 0.37294189082689644 -0.8450933908041683 -0.3830554879982434
vn 0.34941246754462557 -0.5619674268515393 -0.749735645866085
vn 0.34941246754462557 -0.5619674268515393 -0.749735645866085
vn 0.34941246754462557 -0.5619674268515393 -0.749735645866085
vn 0.12893739373284172 -0.7915940303512188 -0.5972889079915146
vn 0.12893739373284172 -0.7915940303512188 -0.5972889079915146
vn 0.12893739373284172 -0.7915940303512188 -0.5972889079915146
vn -0.009198962605307415 -0.5622118646999138 -0.8269420767367154
vn -0.009198962605307415 -0.5622118646999138 -0.8269420767367154
vn -0.009198962605307415 -0.5622118646999138 -0.8269420767367154
vn -0.14223250506511767 -0.7915242180658857 -0.5943562288039805
vn -0.14223250506511767 -0.7915242180658857 -0.5943562288039805
vn -0.14223250506511767 -0.7915242180658857 -0.5943562288039805
vn -0.36615470187757027 -0.5622360131164609 -0.7414994267346768
vn -0.36615470187757027 -0.5622360131164609 -0.7414994267346768
vn -0.36615470187757027 -0.5622360131164609 -0.7414994267346768
vn 0.4587511754017687 -0.8725191422735677 -0.1681002838596454
vn 0.45875129223192607 -0.8725190781439455 -0.16810029788902064
vn 0.45875129223192607 -0.8725190781439455 -0.16810029788902064
vn 0.164105367328327 -0.9772212904137239 -0.13456588711917736
vn 0.164105367328327 -0.9772212904137239 -0.13456588711917736
vn 0.164105367328327 -0.9772212904137239 -0.13456588711917736
vn 0.20873820942016783 -0.9402903390618582 -0.26885393468386826
vn 0.20873820942016783 -0.9402903390618582 -0.26885393468386826
vn 0.20873820942016783 -0.9402903390618582 -0.26885393468386826
vn 0.08961015377777316 -0.9772402247814912 -0.19227990901013184
vn 0.08961015377777316 -0.9772402247814912 -0.19227990901013184
vn 0.08961015377777316 -0.9772402247814912 -0.19227990901013184
vn 0.06370460345502964 -0.9188318401801502 -0.38947371280973053
vn 0.06370460345502964 -0.9188318401801502 -0.38947371280973053
vn 0.06370460345502964 -0.9188318401801502 -0.38947371280973053
vn -0.0016493790061141759 -0.9889407600340032 -0.14830189712967964
vn -0.0016493790061141759 -0.9889407600340032 -0.14830189712967964
vn -0.0016493790061141759 -0.9889407600340032 -0.14830189712967964
vn -0.07723282173197907 -0.9960155352441296 -0.04458861737783033
vn -0.07723282173197907 -0.9960155352441296 -0.04458861737783033
vn -0.07723282173197907 -0.9960155352441296 -0.04458861737783033
vn -0.0755201451151002 -0.9853456903737359 -0.15293978600645475
vn -0.0755201451151002 -0.9853456903737359 -0.15293978600645475
vn -0.0755201451151002 -0.9853456903737359 -0.15293978600645475
vn -0.005104600802289537 -0.9898136034632145 -0.14227780378476343
vn -0.005104600802289537 -0.9898136034632145 -0.14227780378476343
vn -0.005104600802289537 -0.9898136034632145 -0.14227780378476343
vn -0.01599018832864148 0.24469219122647082 -0.9694689502144991
vn -0.01599018832864148 0.24469219122647082 -0.9694689502144991
vn -0.01599018832864148 0.24469219122647082 -0.9694689502144991
vn 0.26723456453015465 0.003893255732014217 -0.9636236454551039
vn 0.26723456453015465 0.003893255732014217 -0.9636236454551039
vn 0.26723456453015465 0.003893255732014217 -0.9636236454551039
vn 0.35409304956465204 -0.8300226437843894 -0.43090662916132705
vn 0.35409304956465204 -0.8300226437843894 -0.43090662916132705
vn 0.35409304956465204 -0.8300226437843894 -0.43090662916132705
vn 0.24145880031500142 -0.7315077687752677 -0.6376472629690098
vn 0.24145880031500142 -0.7315077687752677 -0.6376472629690098
vn 0.24145880031500142 -0.7315077687752677 -0.6376472629690098
vn 0.8978918648036841 -0.2691644983405135 0.34833987993404153
vn 0.8978918648036841 -0.2691644983405135 0.34833987993404153
vn 0.8978918648036841 -0.2691644983405135 0.34833987993404153
vn 0.8978571020063877 -0.2695808029850329 -0.3481074762751237
vn 0.8978571020063877 -0.2695808029850329 -0.3481074762751237
vn 0.8978571020063877 -0.2695808029850329 -0.3481074762751237
vn 0.8381859189108951 0.04452103070258042 -0.5435643873219422
vn 0.8381859189108951 0.04452103070258042 -0.5435643873219422
vn 0.8381859189108951 0.04452103070258042 -0.5435643873219422
vn 0.7871264580534191 -0.22588879686310281 0.5739391870956532
vn 0.7871264580534191 -0.22588879686310281 0.5739391870956532
vn 0.7871264580534191 -0.22588879686310281 0.5739391870956532
vn 0.6240354966025791 -0.6475288468686926 0.43736265438749306
vn 0.6240354966025791 -0.6475288468686926 0.43736265438749306
vn 0.6240354966025791 -0.6475288468686926 0.43736265438749306
vn 0.7765686862201189 -0.25981550586268687 0.5739660081360869
vn 0.7765686862201189 -0.25981550586268687 0.5739660081360869
vn 0.7765686862201189 -0.25981550586268687 0.5739660081360869
vn 0.8891008180609551 -0.11457649234637846 0.4431387623814243
vn 0.8891008180609551 -0.11457649234637846 0.4431387623814243
vn 0.8891008180609551 -0.11457649234637846 0.4431387623814243
vn 0.9554284341297972 -0.11443869175823325 0.27214020850463805
vn 0.9554284426933448 -0.11443868533337158 0.27214018114151983
vn 0.9554284426933448 -0.11443868533337158 0.27214018114151983
vn 0.9593677713466701 -0.2668901139465614 0.0915595236931424
vn 0.9593677713466701 -0.2668901139465614 0.0915595236931424
vn 0.9593677713466701 -0.2668901139465614 0.0915595236931424
vn 0.9620642543310652 -0.2578332690365336 0.0891873080451803
vn 0.9620642543310652 -0.2578332690365336 0.0891873080451803
vn 0.9620642543310652 -0.2578332690365336 0.0891873080451803
vn 0.9617651750261157 -0.25775480402477524 -0.09257542389389746
vn 0.9617651750261157 -0.25775480402477524 -0.09257542389389746
vn 0.9617651750261157 -0.25775480402477524 -0.09257542389389746
vn 0.9591792697984807 -0.2684313620225713 -0.08899287764512905
vn 0.9591792697984807 -0.2684313620225713 -0.08899287764512905
vn 0.9591792799741935 -0.26843136487029806 -0.08899275937994479
vn 0.9553938840298967 -0.11477140020348565 -0.2721213921278513
vn 0.9553938840298967 -0.11477140020348565 -0.2721213921278513
vn 0.9553938840298967 -0.11477140020348565 -0.2721213921278513
vn 0.8890811174306387 -0.1144054900642058 -0.4432224616052935
vn 0.8890811174306387 -0.1144054900642058 -0.4432224616052935
vn 0.8890811174306387 -0.1144054900642058 -0.4432224616052935
vn 0.775230802160665 -0.26139088696823826 -0.5750582645187265
vn 0.7752308287325864 -0.26139089592770953 -0.5750582246248606
vn 0.7752307578445524 -0.26139086232087494 -0.5750583354642469
vn 0.5934815541475722 -0.7071142357117891 0.3844074694127503
vn 0.5934815541475722 -0.7071142357117891 0.3844074694127503
vn 0.5934815541475722 -0.7071142357117891 0.3844074694127503
vn 0.6343194427034432 -0.7054824434074544 0.31612239188681557
vn 0.6343194723494544 -0.7054824100878242 0.31612240675881376
vn 0.6343194723494544 -0.7054824100878242 0.31612240675881376
vn 0.15851338027096504 -0.9596006760923758 0.23246516022433922
vn 0.15851338027096504 -0.9596006760923758 0.23246516022433922
vn 0.15851338027096504 -0.9596006760923758 0.23246516022433922
vn 0.6879210847028694 -0.6988367809729376 0.19593808915218636
vn 0.6879210847028694 -0.6988367809729376 0.19593808915218636
vn 0.6879210847028694 -0.6988367809729376 0.19593808915218636
vn 0.9078332612446519 -0.3743704785607823 0.1889060998487621
vn 0.9078332612446519 -0.3743704785607823 0.1889060998487621
vn 0.9078332612446519 -0.3743704785607823 0.1889060998487621
vn 0.7055948045867231 -0.7055900362149617 0.0654115626964602
vn 0.7055948045867231 -0.7055900362149617 0.0654115626964602
vn 0.7055948045867231 -0.7055900362149617 0.0654115626964602
vn 0.7055936665993463 -0.7055911632041911 -0.06541168139596466
vn 0.7055936665993463 -0.7055911632041911 -0.06541168139596466
vn 0.7055936665993463 -0.7055911632041911 -0.06541168139596466
vn 0.25717305824456493 -0.9596073510818734 0.11408658932042605
vn 0.25717305824456493 -0.9596073510818734 0.11408658932042605
vn 0.25717305824456493 -0.9596073510818734 0.11408658932042605
vn 0.6879530437668261 -0.6988034135214235 -0.1959448872075147
vn 0.6879530437668261 -0.6988034135214235 -0.1959448872075147
vn 0.6879530437668261 -0.6988034135214235 -0.1959448872075147
vn 0.8711781585071077 -0.3742188847084566 -0.3178188831201245
vn 0.8711781585071077 -0.3742188847084566 -0.3178188831201245
vn 0.8711781585071077 -0.3742188847084566 -0.3178188831201245
vn 0.6341243207923366 -0.7056376139546953 -0.3161675245055734
vn 0.6341243207923366 -0.7056376139546953 -0.3161675245055734
vn 0.6341242998762359 -0.7056375974016906 -0.3161676033999105
vn 0.5846857255310441 -0.7068617134462003 -0.3981069208443107
vn 0.5846857394050634 -0.706861730219336 -0.39810687068635336
vn 0.5846857963305274 -0.7068616673756699 -0.39810689866444754
vn 0.6324695750055769 -0.609245758372132 -0.4783323557923202
vn 0.6324695750055769 -0.609245758372132 -0.4783323557923202
vn 0.6324695750055769 -0.609245758372132 -0.4783323557923202
vn 0.20018719148173056 -0.9652436381142749 0.16801728317817646
vn 0.20018719148173056 -0.9652436381142749 0.16801728317817646
vn 0.20018719148173056 -0.9652436381142749 0.16801728317817646
vn 0.12110940380154347 -0.9915273200327771 0.04696898912531008
vn 0.12110940380154347 -0.9915273200327771 0.04696898912531008
vn 0.12110940380154347 -0.9915273200327771 0.04696898912531008
vn 0.2587874764493339 -0.9656361693953649 0.023996466165488332
vn 0.2587874764493339 -0.9656361693953649 0.023996466165488332
vn 0.2587874764493339 -0.9656361693953649 0.023996466165488332
vn 0.12768590250222012 -0.9915267669769123 -0.023895201830182736
vn 0.12768590250222012 -0.9915267669769123 -0.023895201830182736
vn 0.12768590250222012 -0.9915267669769123 -0.023895201830182736
vn 0.3320436806820791 -0.9207183805019036 -0.20499916566915413
vn 0.33204355537941227 -0.9207184232103205 -0.2049991768083478
vn 0.3320436806820791 -0.9207183805019036 -0.20499916566915413
vn 0.1449725956488863 -0.9833433835413427 -0.1096299984324024
vn 0.1449725886911666 -0.9833433959520483 -0.109629896313347
vn 0.1449725886911666 -0.9833433959520483 -0.109629896313347
vn 0.6908065821966963 -0.7229336652202043 0.012376658878733435
vn 0.690806613866796 -0.7229336359865189 0.012376598773607727
vn 0.6908066747863137 -0.7229335777578995 0.012376599728487772
vn 0.7311810160933867 -0.6709777626454463 0.12313879867837618
vn 0.7311810160933867 -0.6709777626454463 0.12313879867837618
vn 0.7311810160933867 -0.6709777626454463 0.12313879867837618
vn 0.9890504585272889 -0.055038918398842826 0.13693030325112485
vn 0.9890504726538359 -0.055038919184960323 0.136930200898761
vn 0.9890504726538359 -0.055038919184960323 0.136930200898761
vn 0.5828167406666607 0.8124220063161075 -0.017179361222145553
vn 0.5828167124629196 0.8124220266059234 -0.017179358528154616
vn 0.5828167400698729 0.8124220054842104 -0.017179420809201203
vn 0.9536256375892329 0.28185290635451005 -0.10562709175228203
vn 0.9536256375892329 0.28185290635451005 -0.10562709175228203
vn 0.9536256375892329 0.28185290635451005 -0.10562709175228203
vn -0.5617798562827846 -0.8210259670147766 -0.1015861927741403
vn -0.5617799026039719 -0.8210259476013673 -0.1015860935145584
vn -0.5617799026039719 -0.8210259476013673 -0.1015860935145584
vn -0.575441059821641 -0.4579265394749184 -0.67762148070724
vn -0.5754411075424555 -0.45792650021564113 -0.6776214667132133
vn -0.575441059821641 -0.4579265394749184 -0.67762148070724
vn 0.8177060982088105 0.5732184579223006 0.052700440693627094
vn 0.8177060982088105 0.5732184579223006 0.052700440693627094
vn 0.8177061002957736 0.5732184593852784 0.05270039239935662
vn 0.8740557633466104 0.4855520241024416 0.016301976892270618
vn 0.8740557633466104 0.4855520241024416 0.016301976892270618
vn 0.8740557633466104 0.4855520241024416 0.016301976892270618
vn 0.9972231467298659 0.019381696512266438 0.07190511432777866
vn 0.9972231467298659 0.019381696512266438 0.07190511432777866
vn 0.9972231467298659 0.019381696512266438 0.07190511432777866
vn 0.996638125423991 0.02190840071664886 0.07894598741792985
vn 0.9966381273929981 0.021908337429996573 0.07894598012331874
vn 0.9966381273929981 0.021908337429996573 0.07894598012331874
vn 0.8314399837702773 0.014324720221712182 0.5554298837645041
vn 0.8314399830603759 0.014324779814127003 0.5554298832902661
vn 0.8314399830603759 0.014324779814127003 0.5554298832902661
vn 0.7822501589656735 0 0.6229644362226294
vn 0.7822501589656735 0 0.6229644362226294
vn 0.7822501589656735 0 0.6229644362226294
vn 0.5557422048526156 0 0.8313546786694314
vn 0.5557422048526156 0 0.8313546786694314
vn 0.5557422048526156 0 0.8313546786694314
vn 0.5389774494256266 -0.003393649855180841 0.8423133574574883
vn 0.5389774494256266 -0.003393649855180841 0.8423133574574883
vn 0.5389774494256266 -0.003393649855180841 0.8423133574574883
vn 0.19508418298042254 0.0030025236554489846 0.9807819056255878
vn 0.1950841973493904 0.0030024640426138693 0.9807819029499969
vn 0.19508418298042254 0.0030025236554489846 0.9807819056255878
vn 0.1756940810590375 0 0.9844448130194097
vn 0.1756940810590375 0 0.9844448130194097
vn 0.1756940810590375 0 0.9844448130194097
vn 0 0 1
vn 0 0 1
vn 0 0 1
vn 0.0007559530015361242 0.0009534129984047309 0.9999992597690831
vn 0.0007559530015361242 0.0009534129984047309 0.9999992597690831
vn 0.0007559530015361242 0.0009534129984047309 0.9999992597690831
vn -0.9595506963172905 0.0017568460056326992 0.2815304152114214
vn -0.9595507333445142 0.0017567870581430523 0.2815302893779586
vn -0.9595506963172905 0.0017568460056326992 0.2815304152114214
vn -0.954585159005465 0 0.2979382053488792
vn -0.9545851590054468 -1.9532300180297997e-7 0.29793820534887355
vn -0.954585159005465 0 0.2979382053488792
vn 0.05192678710110355 0.9106775374644345 0.40984147122890136
vn 0.05192678710110355 0.9106775374644345 0.40984147122890136
vn 0.05192678710110355 0.9106775374644345 0.40984147122890136
vn -0.709717138288717 0.606067643624521 0.35914286150596775
vn -0.709717138288717 0.606067643624521 0.35914286150596775
vn -0.709717138288717 0.606067643624521 0.35914286150596775
vn -0.4348969464214543 0.900458575264219 0.006245016127095794
vn -0.4348969464214543 0.900458575264219 0.006245016127095794
vn -0.4348969464214543 0.900458575264219 0.006245016127095794
vn -0.9260226723899109 0.37648398642708186 -0.02723633939832145
vn -0.9260226723899109 0.37648398642708186 -0.02723633939832145
vn -0.9260226723899109 0.37648398642708186 -0.02723633939832145
vn 0.03944468226412631 0.09359698981603534 0.9948284880010518
vn 0.03944468226412631 0.09359698981603534 0.9948284880010518
vn 0.03944468226412631 0.09359698981603534 0.9948284880010518
vn 0.9910146206420275 -0.13375358564815415 0
vn 0.9910146206420275 -0.13375358564815415 0
vn 0.9910146206420275 -0.13375358564815415 0
vn 0.9909771680342181 -0.13403078913026298 0
vn 0.9909771680342181 -0.13403078913026298 0
vn 0.9909771680342181 -0.13403078913026298 0
vn 0.7060107654705792 -0.7060081428661845 0.05568932793891394
vn 0.7060107654705792 -0.7060081428661845 0.05568932793891394
vn 0.7060107654705792 -0.7060081428661845 0.05568932793891394
vn 0.7233697528842505 -0.688459790450071 0.05252920659616756
vn 0.7233697528842505 -0.688459790450071 0.05252920659616756
vn 0.7233697528842505 -0.688459790450071 0.05252920659616756
vn 0.3863535879102082 -0.8374407416402494 0.38655388932196544
vn 0.3863535879102082 -0.8374407416402494 0.38655388932196544
vn 0.3863535879102082 -0.8374407416402494 0.38655388932196544
vn 0.13945549923544212 -0.7001279095399372 0.7002664307363526
vn 0.13945539113513017 -0.7001278905015017 0.7002664712987944
vn 0.1394554934146907 -0.7001278803172064 0.7002664611124831
vn 0.3966548682828229 -0.7001735465602419 0.5936513456270347
vn 0.3966556938139109 -0.700173292371574 0.59365109383758
vn 0.3966556938139109 -0.700173292371574 0.59365109383758
vn 0.5936294828109219 -0.7002791206445228 0.3965011857825537
vn 0.5936294124179681 -0.7002791675226627 0.39650120837907193
vn 0.5936294124179681 -0.7002791675226627 0.39650120837907193
vn 0.019360240765573064 -0.8214088770310796 0.5700110856922346
vn 0.019360240765573064 -0.8214088770310796 0.5700110856922346
vn 0.019360240765573064 -0.8214088770310796 0.5700110856922346
vn -0.0000018391500425069178 -0.9808079512840322 0.19497631316300207
vn -0.000001885430134740976 -0.9808079512839477 0.19497631316298528
vn -0.0000017559298882871122 -0.9808079370361096 0.19497638483643995
vn 0.016222648295828482 -0.8044354306306011 0.5938185443621892
vn 0.01622270788478666 -0.8044354298527547 0.5938185437879981
vn 0.0162227099505973 -0.8044353803224757 0.5938186108293443
vn 0.0000021960499282925335 -0.555623455936131 0.8314340474197381
vn 0 -0.5556234559374709 0.8314340474217431
vn 0.000002184550050236729 -0.5556234559361451 0.8314340474197592
vn -0.9363079046755285 -0.19506686875283946 0.29202127380909076
vn -0.9363079046755285 -0.19506686875283946 0.29202127380909076
vn -0.9363079046755285 -0.19506686875283946 0.29202127380909076
vn -0.38580316484366123 -0.6111425189749269 -0.6911300452864104
vn -0.38580313763787033 -0.6111424634833919 -0.6911301095424982
vn -0.38580316484366123 -0.6111425189749269 -0.6911300452864104
vn -0.29593679916171367 -0.8204267789396843 -0.48920477440492544
vn -0.29593679916171367 -0.8204267789396843 -0.48920477440492544
vn -0.29593679916171367 -0.8204267789396843 -0.48920477440492544
vn -0.11300549177665217 -0.7071158456712107 -0.6980092690136755
vn -0.11300549177665217 -0.7071158456712107 -0.6980092690136755
vn -0.11300549177665217 -0.7071158456712107 -0.6980092690136755
vn 0.5504799605370352 -0.5504700661657865 -0.6276579636255551
vn 0.5504800797456703 -0.5504699469558373 -0.6276579636248059
vn 0.5504799605370352 -0.5504700661657865 -0.6276579636255551
vn 0.5288855563187471 0 -0.8486931532169971
vn 0.5288855563187471 0 -0.8486931532169971
vn 0.5288855563187471 0 -0.8486931532169971
vn 0.6594096490712678 -0.014000709314090053 -0.7516534406562707
vn 0.6594095864085587 -0.01400064778187039 -0.7516534967750642
vn 0.659409712851731 -0.01400064979810602 -0.751653385811591
vn 0.9966652518615694 -0.02185827148613062 0.07861673930756054
vn 0.9966652518615694 -0.02185827148613062 0.07861673930756054
vn 0.9966652518615694 -0.02185827148613062 0.07861673930756054
vn 0.9975251797171236 -0.017934909525013077 0.0679842250132328
vn 0.9975251797171236 -0.017934909525013077 0.0679842250132328
vn 0.9975251797171236 -0.017934909525013077 0.0679842250132328
vn 0.19477369203512748 0 0.980848208894223
vn 0.19477369203512748 0 0.980848208894223
vn 0.19477369203512748 0 0.980848208894223
vn 0.17569306385757189 -0.003293215509927894 0.9844394862275407
vn 0.17569306385757189 -0.003293215509927894 0.9844394862275407
vn 0.17569306385757189 -0.003293215509927894 0.9844394862275407
vn 0.5557159076598923 0.003727673945602815 0.8313639001187729
vn 0.5557159076598923 0.003727673945602815 0.8313639001187729
vn 0.5557159076598923 0.003727673945602815 0.8313639001187729
vn 0.45849438997519204 -0.017279859442213125 0.8885292909178255
vn 0.45849438997519204 -0.017279859442213125 0.8885292909178255
vn 0.45849438997519204 -0.017279859442213125 0.8885292909178255
vn 0.8313070561887809 -0.017768258284957504 0.5555293577555215
vn 0.8313070102213388 -0.017768260439082664 0.555529426473367
vn 0.8313070102213388 -0.017768260439082664 0.555529426473367
vn 0.8421924510416964 -0.014685149887404872 0.5389770141491789
vn 0.8421924510416964 -0.014685149887404872 0.5389770141491789
vn 0.8421924510416964 -0.014685149887404872 0.5389770141491789
vn 0 0 1
vn 0 0 1
vn 0 0 1
vn 0 0 1
vn 0 0 1
vn 0 0 1
vn -0.954585159005465 0 0.2979382053488792
vn -0.954585159005465 0 0.2979382053488792
vn -0.954585159005465 0 0.2979382053488792
vn -0.9545447093067231 0 0.2980677740624493
vn -0.9545446700938077 -3.5000897713590516e-7 0.2980678996392963
vn -0.954544670093866 0 0.2980678996393145
vn -0.5283576302755743 -0.7165109586629241 -0.4554670796506776
vn -0.5283576721918473 -0.716510994280195 -0.45546697499557387
vn -0.5283576721918473 -0.716510994280195 -0.45546697499557387
vn -0.39059946693802405 -0.9185971198700189 -0.060094823356404196
vn -0.39059946693802405 -0.9185971198700189 -0.060094823356404196
vn -0.39059946693802405 -0.9185971198700189 -0.060094823356404196
vn -0.5179153779682178 -0.715529753517667 -0.46880788506059173
vn -0.517915305027096 -0.715529794697204 -0.4688079027909693
vn -0.517915246558146 -0.7155298558708758 -0.4688078740166578
vn -0.8037984400695548 -0.5394374151961002 0.2508293101459643
vn -0.8037984400695548 -0.5394374151961002 0.2508293101459643
vn -0.8037984400695548 -0.5394374151961002 0.2508293101459643
vn -0.8009249530160405 -0.5303866838202261 -0.27786540853880454
vn -0.8008896594176977 -0.5304893775563129 -0.277771081536073
vn -0.8009250063379834 -0.5303866200550662 -0.277865376556821
vn -0.6363055043975624 0.05961625961215931 -0.7691301623673455
vn -0.6363055043975624 0.05961625961215931 -0.7691301623673455
vn -0.6363055043975624 0.05961625961215931 -0.7691301623673455
vn -0.5377337891073828 -0.7054629271405233 0.46169733644731104
vn -0.5377337891073828 -0.7054629271405233 0.46169733644731104
vn -0.5377337891073828 -0.7054629271405233 0.46169733644731104
vn -0.21575329300503562 -0.964967634965509 0.14929159395811686
vn -0.21575329300503562 -0.964967634965509 0.14929159395811686
vn -0.21575330673258708 -0.9649676297164779 0.14929160804719288
vn -0.7521073226150456 -0.535327911660958 -0.3843938114298216
vn -0.7521073226150456 -0.535327911660958 -0.3843938114298216
vn -0.7521073226150456 -0.535327911660958 -0.3843938114298216
vn -0.784612653370742 -0.46993687613014834 -0.4044036555516794
vn -0.784612653370742 -0.46993687613014834 -0.4044036555516794
vn -0.7846127046505988 -0.46993687114409 -0.40440356185396653
vn -0.2712312997702027 -0.9498729323107802 0.15548310033018456
vn -0.2712312015843267 -0.9498729611710053 0.1554830952976824
vn -0.2712312997702027 -0.9498729323107802 0.15548310033018456
vn -0.053511905988714414 -0.9977585593807171 -0.04017876429124303
vn -0.053511905988714414 -0.9977585593807171 -0.04017876429124303
vn -0.053511905988714414 -0.9977585593807171 -0.04017876429124303
vn 0 -0.48071673793865743 0.8768759421181631
vn 0 -0.48071673793865743 0.8768759421181631
vn 0 -0.48071673793865743 0.8768759421181631
vn -0.0024922488165879044 -0.4911183490592764 0.8710892927324541
vn -0.0024922488165879044 -0.4911183490592764 0.8710892927324541
vn -0.0024922488165879044 -0.4911183490592764 0.8710892927324541
vn 0.013157539193779487 -0.9520580262354974 0.3056344120725492
vn 0.013157479599452885 -0.9520580269821477 0.3056344123122426
vn 0.013157480171074916 -0.9520580009546875 0.30563449336374326
vn -0.00042920392483659616 -0.9915467803521189 0.12974898133448992
vn -0.00042920392483659616 -0.9915467803521189 0.12974898133448992
vn -0.00042920392483659616 -0.9915467803521189 0.12974898133448992
vn 0.1580546978689159 0.4366341027377005 0.8856463023171323
vn 0.1580546978689159 0.4366341027377005 0.8856463023171323
vn 0.1580546978689159 0.4366341027377005 0.8856463023171323
vn 0.07421771490483828 -0.9961129498833838 0.047441773458919624
vn 0.07421765562851113 -0.9961129542899074 0.04744177366878869
vn 0.07421771511470729 -0.9961129527001404 0.04744171398842764
vn 0.1352458888883388 -0.9370778165807688 0.3218597756959108
vn 0.1352458888883388 -0.9370778165807688 0.3218597756959108
vn 0.1352458888883388 -0.9370778165807688 0.3218597756959108
vn 0.714256958980021 -0.529988182067541 0.4571099686261013
vn 0.714256958980021 -0.529988182067541 0.4571099686261013
vn 0.714256958980021 -0.529988182067541 0.4571099686261013
vn 0.6896536928664155 -0.2208231979923162 0.6896483880530441
vn 0.6896537547401606 -0.22082318381770802 0.689648330717482
vn 0.6896537547401606 -0.22082318381770802 0.689648330717482
vn 0.4415697974917059 -0.5454354191655645 0.7124017949604134
vn 0.4415697974917059 -0.5454354191655645 0.7124017949604134
vn 0.4415697974917059 -0.5454354191655645 0.7124017949604134
vn 0.7504922316097907 -0.6410732409831256 0.16058178598068878
vn 0.750492255846979 -0.6410732107721147 0.16058179331432412
vn 0.7504923006302681 -0.6410731298168691 0.1605819072046747
vn 0.3026762615437099 -0.9037579926085522 0.302669079183989
vn 0.3026762615437099 -0.9037579926085522 0.302669079183989
vn 0.3026762615437099 -0.9037579926085522 0.302669079183989
vn 0.34312236681888864 -0.8299777597967507 0.4397771704299477
vn 0.3431223841183095 -0.829977729553518 0.4397772140097238
vn 0.3431251720839396 -0.8299772922643172 0.43977586405799834
vn 0.3005917951303142 0.8152459222949554 -0.4949935947886424
vn 0.3005917951303142 0.8152459222949554 -0.4949935947886424
vn 0.3005917951303142 0.8152459222949554 -0.4949935947886424
vn 0.05654477602736745 0.34513267277443604 -0.9368490414616376
vn 0.05654477602736745 0.34513267277443604 -0.9368490414616376
vn 0.05654477602736745 0.34513267277443604 -0.9368490414616376
vn 0.28097617741744324 0.1299599861482958 -0.950874749756358
vn 0.28097617741744324 0.1299599861482958 -0.950874749756358
vn 0.28097617741744324 0.1299599861482958 -0.950874749756358
vn 0.5566150513247993 0.8230916213131814 -0.1126936890989441
vn 0.5566150513247993 0.8230916213131814 -0.1126936890989441
vn 0.5566150513247993 0.8230916213131814 -0.1126936890989441
vn 0.5003183018706443 -0.15290180248026924 -0.8522339089777875
vn 0.5003183018706443 -0.15290180248026924 -0.8522339089777875
vn 0.5003183018706443 -0.15290180248026924 -0.8522339089777875
vn 0.5876132260924272 0.07132052643648945 -0.8059926048234389
vn 0.5876132260924272 0.07132052643648945 -0.8059926048234389
vn 0.5876132260924272 0.07132052643648945 -0.8059926048234389
vn 0.3495310904621475 0.0613580878467007 -0.934913472924708
vn 0.3495310904621475 0.0613580878467007 -0.934913472924708
vn 0.3495310904621475 0.0613580878467007 -0.934913472924708
vn 0.25059049611396667 -0.14506689793018815 -0.9571624723014731
vn 0.25059049611396667 -0.14506689793018815 -0.9571624723014731
vn 0.25059049611396667 -0.14506689793018815 -0.9571624723014731
vn 0.9797944741640743 0.06669074105724987 -0.18856068904938827
vn 0.9797944741640743 0.06669074105724987 -0.18856068904938827
vn 0.9797944741640743 0.06669074105724987 -0.18856068904938827
vn 0.6017735806037755 0.7008176685360783 -0.3830445837692616
vn 0.6017735806037755 0.7008176685360783 -0.3830445837692616
vn 0.6017735806037755 0.7008176685360783 -0.3830445837692616
vn 0.4886162002579074 0.7065513758341949 -0.5118978044027251
vn 0.4886162002579074 0.7065513758341949 -0.5118978044027251
vn 0.4886162002579074 0.7065513758341949 -0.5118978044027251
vn 0.3313870973182775 0.8267862068864333 -0.45454060306347827
vn 0.3313870973182775 0.8267862068864333 -0.45454060306347827
vn 0.3313870973182775 0.8267862068864333 -0.45454060306347827
vn 0.07911335694149732 0.8189175146783505 -0.5684322131147046
vn 0.07911335694149732 0.8189175146783505 -0.5684322131147046
vn 0.07911335694149732 0.8189175146783505 -0.5684322131147046
vn 0.18068368383423197 0.7007476551882 -0.6901493535056964
vn 0.18068368383423197 0.7007476551882 -0.6901493535056964
vn 0.18068368383423197 0.7007476551882 -0.6901493535056964
vn -0.08387105421608695 0.7009175632659571 -0.7082938766994921
vn -0.08403635045789223 0.7007004039912096 -0.7084891217571897
vn -0.08403635045789223 0.7007004039912096 -0.7084891217571897
vn -0.08393811512336892 0.7007482712870947 -0.7084534233932984
vn -0.08393811512336892 0.7007482712870947 -0.7084534233932984
vn -0.08393811512336892 0.7007482712870947 -0.7084534233932984
vn -0.366613569089012 0.697446469703319 -0.6157620586380695
vn -0.366613569089012 0.697446469703319 -0.6157620586380695
vn -0.366613569089012 0.697446469703319 -0.6157620586380695
vn -0.40245748332954717 0.2722465149770553 -0.8740193414306662
vn -0.40245748332954717 0.2722465149770553 -0.8740193414306662
vn -0.40245748332954717 0.2722465149770553 -0.8740193414306662
vn 0.5493993109947392 0.8276203790690423 -0.1149125982132532
vn 0.5493993109947392 0.8276203790690423 -0.1149125982132532
vn 0.5493993109947392 0.8276203790690423 -0.1149125982132532
vn 0.444422744241957 0.8190857035201083 -0.36274927248640687
vn 0.44442267249389755 0.8190857360660587 -0.3627492869000632
vn 0.444422744241957 0.8190857035201083 -0.36274927248640687
vn 0.059665436385000256 0.9499376192870205 -0.30668967241218803
vn 0.059665436385000256 0.9499376192870205 -0.30668967241218803
vn 0.059665436385000256 0.9499376192870205 -0.30668967241218803
vn -0.007091461769339716 0.9981863623273717 -0.0597804084430956
vn -0.007091461769339716 0.9981863623273717 -0.0597804084430956
vn -0.007091461769339716 0.9981863623273717 -0.0597804084430956
vn -0.15231070266523533 0.9282075376388284 -0.339458711663267
vn -0.15231070266523533 0.9282075376388284 -0.339458711663267
vn -0.15231070266523533 0.9282075376388284 -0.339458711663267
vn 0.39798029427947845 0.8221906848294133 -0.40695720063043506
vn 0.39798029427947845 0.8221906848294133 -0.40695720063043506
vn 0.39798029427947845 0.8221906848294133 -0.40695720063043506
vn 0.5435951847336514 0.17998799347810707 -0.8198222961947987
vn 0.5435951847336514 0.17998799347810707 -0.8198222961947987
vn 0.5435951847336514 0.17998799347810707 -0.8198222961947987
vn 0.5860917067478516 0.23018920795965228 -0.7768587000351469
vn 0.5860917067478516 0.23018920795965228 -0.7768587000351469
vn 0.5860917067478516 0.23018920795965228 -0.7768587000351469
vn 0.1862848827652771 -0.9414714471452277 -0.280943867460028
vn 0.1862848827652771 -0.9414714471452277 -0.280943867460028
vn 0.1862848827652771 -0.9414714471452277 -0.280943867460028
vn 0.21272521120159238 -0.9738950912131451 -0.07922332882540199
vn 0.21272521120159238 -0.9738950912131451 -0.07922332882540199
vn 0.21272521120159238 -0.9738950912131451 -0.07922332882540199
vn -0.49232055556746485 0.02977817806742318 -0.8699044376692922
vn -0.49232055556746485 0.02977817806742318 -0.8699044376692922
vn -0.49232055556746485 0.02977817806742318 -0.8699044376692922
vn -0.1170978925066407 0.09829663538969109 -0.9882438236799507
vn -0.1170978925066407 0.09829663538969109 -0.9882438236799507
vn -0.1170978925066407 0.09829663538969109 -0.9882438236799507
vn -0.23050528919692842 -0.18482528751176355 -0.9553569619510994
vn -0.23050528919692842 -0.18482528751176355 -0.9553569619510994
vn -0.23050528919692842 -0.18482528751176355 -0.9553569619510994
vn 0.8316551552708412 -0.16737938140167166 -0.5294656224846205
vn 0.8316551552708412 -0.16737938140167166 -0.5294656224846205
vn 0.8316551552708412 -0.16737938140167166 -0.5294656224846205
vn 0.8394984080637787 -0.14867079388583251 -0.5226274178645217
vn 0.8394984080637787 -0.14867079388583251 -0.5226274178645217
vn 0.8394984080637787 -0.14867079388583251 -0.5226274178645217
vn 0.9780213040014809 -0.18111617498742727 -0.10330179125826638
vn 0.9780213040014809 -0.18111617498742727 -0.10330179125826638
vn 0.9780213006092143 -0.18111618926038672 -0.10330179835054458
vn -0.0021537537250855003 -0.6246244184980639 -0.7809223374707931
vn -0.0021537537250855003 -0.6246244184980639 -0.7809223374707931
vn -0.0021537537250855003 -0.6246244184980639 -0.7809223374707931
vn 0.3341549638418292 -0.42418357774148874 -0.8416702160076096
vn 0.3341549638418292 -0.42418357774148874 -0.8416702160076096
vn 0.3341549066683384 -0.4241836106299717 -0.8416702221312065
vn 0.7591108053370182 -0.2850998032613605 -0.5852084136450169
vn 0.7591108053370182 -0.2850998032613605 -0.5852084136450169
vn 0.7591108053370182 -0.2850998032613605 -0.5852084136450169
vn 0.3954587750089049 -0.8587083541392341 -0.3259329989429483
vn 0.3954587750089049 -0.8587083541392341 -0.3259329989429483
vn 0.3954587750089049 -0.8587083541392341 -0.3259329989429483
vn 0.5100596648514177 -0.8597734741405209 0.025074119246719494
vn 0.5100596640891153 -0.8597734728555586 0.025074178813891197
vn 0.5100596640891153 -0.8597734728555586 0.025074178813891197
vn 0.8502843992236234 -0.5231383452855277 0.0578161926180027
vn 0.8502843992236234 -0.5231383452855277 0.0578161926180027
vn 0.8502843992236234 -0.5231383452855277 0.0578161926180027
vn 0.7116372623975683 -0.6927916445239896 0.1166710934423797
vn 0.7116372623975683 -0.6927916445239896 0.1166710934423797
vn 0.7116372623975683 -0.6927916445239896 0.1166710934423797
vn 0.9308192887221391 0.09556090248158453 -0.3527655959128045
vn 0.9308192887221391 0.09556090248158453 -0.3527655959128045
vn 0.9308192887221391 0.09556090248158453 -0.3527655959128045
vn 0.6047544608387401 0.4028337683786853 -0.6870203760802678
vn 0.6047544608387401 0.4028337683786853 -0.6870203760802678
vn 0.6047544608387401 0.4028337683786853 -0.6870203760802678
vn 0.2583492746258349 0.09552430546284209 -0.9613172001822015
vn 0.2583492746258349 0.09552430546284209 -0.9613172001822015
vn 0.2583492746258349 0.09552430546284209 -0.9613172001822015
vn 0.5776066958492142 0.44028802085827284 -0.6873986933351404
vn 0.5776066958492142 0.44028802085827284 -0.6873986933351404
vn 0.5776066958492142 0.44028802085827284 -0.6873986933351404
vn -0.2905161143651476 0.3640783207451828 0.8848996347934291
vn -0.2905161143651476 0.3640783207451828 0.8848996347934291
vn -0.2905161143651476 0.3640783207451828 0.8848996347934291
vn -0.30197378712333506 0.6698737678248298 -0.6782926854025162
vn -0.30197378712333506 0.6698737678248298 -0.6782926854025162
vn -0.30197378712333506 0.6698737678248298 -0.6782926854025162
vn -0.009452043204270712 0.9994900931638788 -0.030499386002438303
vn -0.00945210282077395 0.9994900944177549 -0.030499326436054765
vn -0.00945210282077395 0.9994900944177549 -0.030499326436054765
vn -0.2999630231823755 0.923683750059162 -0.2383915153690101
vn -0.2999630231823755 0.923683750059162 -0.2383915153690101
vn -0.2999630231823755 0.923683750059162 -0.2383915153690101
vn -0.327322877767739 0.9235108103963927 -0.19996878949186975
vn -0.327322877767739 0.9235108103963927 -0.19996878949186975
vn -0.327322877767739 0.9235108103963927 -0.19996878949186975
vn -0.05384587380068999 0.9984591983393207 -0.013410858519917261
vn -0.05384587380068999 0.9984591983393207 -0.013410858519917261
vn -0.05384587380068999 0.9984591983393207 -0.013410858519917261
vn -0.05384581855209071 0.9984592100353473 0.013410209545185
vn -0.05384581855209071 0.9984592100353473 0.013410209545185
vn -0.05384581855209071 0.9984592100353473 0.013410209545185
vn -0.3268882878901254 0.9236858937998557 0.19987100048637452
vn -0.3268882878901254 0.9236858937998557 0.19987100048637452
vn -0.3268882878901254 0.9236858937998557 0.19987100048637452
vn -0.28630699906988444 0.9229234795034699 0.2573724019097727
vn -0.28630699906988444 0.9229234795034699 0.2573724019097727
vn -0.28630699906988444 0.9229234795034699 0.2573724019097727
vn -0.1827918849234977 0.9621470371055227 0.20213907537925152
vn -0.1827918849234977 0.9621470371055227 0.20213907537925152
vn -0.1827918849234977 0.9621470371055227 0.20213907537925152
vn -0.025853927915352987 0.9988419311883383 0.040575496439334904
vn -0.025853927915352987 0.9988419311883383 0.040575496439334904
vn -0.025853927915352987 0.9988419311883383 0.040575496439334904
vn 0.032376166887278165 0.9639467136186537 0.26411837709914143
vn 0.032376166887278165 0.9639467136186537 0.26411837709914143
vn 0.032376166887278165 0.9639467136186537 0.26411837709914143
vn -0.7172708692266103 0.2647548086663769 0.6445365710702015
vn -0.7172708692266103 0.2647548086663769 0.6445365710702015
vn -0.7172707851758835 0.2647547996429825 0.6445366683123435
vn -0.8695169288228155 0.17563039462327143 0.46162135454830566
vn -0.8695169288228155 0.17563039462327143 0.46162135454830566
vn -0.8695169288228155 0.17563039462327143 0.46162135454830566
vn -0.8927595819716532 -0.22571528474520144 0.3899140149189197
vn -0.8927595819716532 -0.22571528474520144 0.3899140149189197
vn -0.8927595819716532 -0.22571528474520144 0.3899140149189197
vn -0.9324349958123603 -0.18811200956803256 0.3085106974493432
vn -0.9324349958123603 -0.18811200956803256 0.3085106974493432
vn -0.9324349958123603 -0.18811200956803256 0.3085106974493432
vn -0.9385909261321979 0.25380005954426055 0.23373618281650993
vn -0.9385909261321979 0.25380005954426055 0.23373618281650993
vn -0.9385909261321979 0.25380005954426055 0.23373618281650993
vn -0.9997035606660615 0.02434729536515727 0
vn -0.9997035606660615 0.02434729536515727 0
vn -0.9997035606660615 0.02434729536515727 0
vn -0.7853743596515645 0.4676215745443324 -0.40560717230169185
vn -0.7853743596515645 0.4676215745443324 -0.40560717230169185
vn -0.7853743596515645 0.4676215745443324 -0.40560717230169185
vn -0.8880847728945349 0.28518036124947205 -0.360524059821925
vn -0.8880847728945349 0.28518036124947205 -0.360524059821925
vn -0.8880847728945349 0.28518036124947205 -0.360524059821925
vn -0.9131234883902849 0.31469351051999866 -0.25917848943644356
vn -0.9131234883902849 0.31469351051999866 -0.25917848943644356
vn -0.9131234883902849 0.31469351051999866 -0.25917848943644356
vn -0.9765119415818738 -0.01021765903226305 -0.21522088047375784
vn -0.9765119415818738 -0.01021765903226305 -0.21522088047375784
vn -0.9765119415818738 -0.01021765903226305 -0.21522088047375784
vn -0.7171961110630146 0.2643471971557809 -0.6447870172638175
vn -0.7171961110630146 0.2643471971557809 -0.6447870172638175
vn -0.7171961110630146 0.2643471971557809 -0.6447870172638175
vn -0.32695201023521536 0.7667273875347691 -0.5524775979234449
vn -0.32695201023521536 0.7667273875347691 -0.5524775979234449
vn -0.32695201023521536 0.7667273875347691 -0.5524775979234449
vn -0.2838816642353363 0.8387649654137004 -0.4646337627696999
vn -0.28388160943415686 0.8387649796061609 -0.4646337706316119
vn -0.28388160943415686 0.8387649796061609 -0.4646337706316119
vn -0.40326381260503597 0.8402162900898663 -0.36251190781941506
vn -0.40326381260503597 0.8402162900898663 -0.36251190781941506
vn -0.40326381260503597 0.8402162900898663 -0.36251190781941506
vn -0.4787595368787439 0.8403318098085463 -0.25422776259005225
vn -0.4787595368787439 0.8403318098085463 -0.25422776259005225
vn -0.4787595368787439 0.8403318098085463 -0.25422776259005225
vn -0.5259910753754465 0.8403438816847694 -0.13097919353987447
vn -0.5259910753754465 0.8403438816847694 -0.13097919353987447
vn -0.5259910753754465 0.8403438816847694 -0.13097919353987447
vn -0.5261084959496466 0.840263295288549 -0.13102459723437102
vn -0.5261084959496466 0.840263295288549 -0.13102459723437102
vn -0.5261084959496466 0.840263295288549 -0.13102459723437102
vn -0.5420810637006531 0.840326198792569 0
vn -0.5420810637006531 0.840326198792569 0
vn -0.5420810637006531 0.840326198792569 0
vn -0.5420827730262359 0.8403250961313641 0
vn -0.5420827730262359 0.8403250961313641 0
vn -0.5420827730262359 0.8403250961313641 0
vn -0.5261086152692803 0.8402659180691195 0.13100729701394548
vn -0.5261086152692803 0.8402659180691195 0.13100729701394548
vn -0.5261086152692803 0.8402659180691195 0.13100729701394548
vn -0.5259888695324507 0.8403426888391313 0.13099570390892062
vn -0.5259888695324507 0.8403426888391313 0.13099570390892062
vn -0.5259888695324507 0.8403426888391313 0.13099570390892062
vn -0.4787625127005514 0.8403301331371075 0.25422770064339106
vn -0.4787625127005514 0.8403301331371075 0.25422770064339106
vn -0.4787625127005514 0.8403301331371075 0.25422770064339106
vn -0.47271258128570437 0.5363885815866835 -0.6991638613641524
vn -0.4727142793008484 0.5363886403774661 -0.6991626682104047
vn -0.47271247245827114 0.5363885595502111 -0.6991639518496631
vn -0.6276714773311989 0.5364083027345626 -0.5641760800515172
vn -0.6276714773311989 0.5364083027345626 -0.5641760800515172
vn -0.6276714773311989 0.5364083027345626 -0.5641760800515172
vn -0.6276848861204571 0.536314363887432 -0.5642504646200728
vn -0.6276848861204571 0.536314363887432 -0.5642504646200728
vn -0.6276848861204571 0.536314363887432 -0.5642504646200728
vn -0.7454108647077047 0.5363687313702584 -0.39581716332666966
vn -0.7454108647077047 0.5363687313702584 -0.39581716332666966
vn -0.7454108647077047 0.5363687313702584 -0.39581716332666966
vn -0.819263354153774 0.5359006622931554 -0.20400499183712445
vn -0.819263354153774 0.5359006622931554 -0.20400499183712445
vn -0.819263354153774 0.5359006622931554 -0.20400499183712445
vn -0.8440972591652736 0.5361900941547437 0
vn -0.8440972591652736 0.5361900941547437 0
vn -0.8440972150520863 0.5361901635999227 0
vn -0.8443509227151411 0.5357905554506254 0
vn -0.8443509227151411 0.5357905554506254 0
vn -0.8443509227151411 0.5357905554506254 0
vn -0.8190114914659969 0.5363021971448655 0.20396109968381956
vn -0.8190114914659969 0.5363021971448655 0.20396109968381956
vn -0.8190114914659969 0.5363021971448655 0.20396109968381956
vn -0.8190597137173018 0.5362250105029644 0.20397039852985335
vn -0.8190596704100243 0.5362250807772292 0.20397038768722467
vn -0.8190596704100243 0.5362250807772292 0.20397038768722467
vn -0.7454647828367005 0.5362768632928867 0.3958400983313507
vn -0.7454648507348871 0.5362768096545006 0.39584004313055904
vn -0.7454648657691496 0.5362767608652901 0.39584008091603884
vn -0.7454117010399302 0.5363678982487817 0.39581671728331796
vn -0.7454117010399302 0.5363678982487817 0.39581671728331796
vn -0.7454117010399302 0.5363678982487817 0.39581671728331796
vn -0.6276567502256898 0.5363081628659988 0.5642876556681203
vn -0.6276567502256898 0.5363081628659988 0.5642876556681203
vn -0.6276567502256898 0.5363081628659988 0.5642876556681203
vn -0.6278301348440545 0.5360068568729869 0.5643810513888978
vn -0.6278301348440545 0.5360068568729869 0.5643810513888978
vn -0.6278301348440545 0.5360068568729869 0.5643810513888978
vn -0.47283606896242125 0.5360984112651872 0.6993028995557696
vn -0.47283606896242125 0.5360984112651872 0.6993028995557696
vn -0.47283606896242125 0.5360984112651872 0.6993028995557696
vn -0.3737110680871113 0.7058369304430497 0.6017759260820624
vn -0.3737111374077775 0.7058368295846406 0.6017760013321305
vn -0.3737110680871113 0.7058369304430497 0.6017759260820624
vn -0.2860127020085714 0.7062817635842744 0.647582276408213
vn -0.2860127020085714 0.7062817635842744 0.647582276408213
vn -0.2860127020085714 0.7062817635842744 0.647582276408213
vn 0.24833360535588417 0.9219477854841168 0.29722500112184497
vn 0.24833360535588417 0.9219477854841168 0.29722500112184497
vn 0.24833360535588417 0.9219477854841168 0.29722500112184497
vn -0.28214457021228295 0.8424316462568809 0.45902435979438766
vn -0.28214457021228295 0.8424316462568809 0.45902435979438766
vn -0.28214457021228295 0.8424316462568809 0.45902435979438766
vn 0.04316377318975314 0.9727185485122849 0.22793752228226313
vn 0.04316377318975314 0.9727185485122849 0.22793752228226313
vn 0.04316377318975314 0.9727185485122849 0.22793752228226313
vn 0.16716327830579014 0.9084770444313716 0.38304816685020304
vn 0.16716327830579014 0.9084770444313716 0.38304816685020304
vn 0.16716327830579014 0.9084770444313716 0.38304816685020304
vn -0.2946239128264573 0.7761641778884535 0.557463827484411
vn -0.2946239128264573 0.7761641778884535 0.557463827484411
vn -0.2946239128264573 0.7761641778884535 0.557463827484411
vn -0.8515416257867453 0.5090536995979141 0.1254639010956655
vn -0.8515416257867453 0.5090536995979141 0.1254639010956655
vn -0.8515416257867453 0.5090536995979141 0.1254639010956655
vn -0.8675002245833192 0.4749424640668338 0.14789528786954323
vn -0.8675002245833192 0.4749424640668338 0.14789528786954323
vn -0.8675002245833192 0.4749424640668338 0.14789528786954323
vn -0.7045230537689902 0.09545414513217329 0.7032323747418793
vn -0.7045230537689902 0.09545414513217329 0.7032323747418793
vn -0.7045230537689902 0.09545414513217329 0.7032323747418793
vn -0.864228426881009 0.48055186838292535 0.14892658582152538
vn -0.864228426881009 0.48055186838292535 0.14892658582152538
vn -0.864228426881009 0.48055186838292535 0.14892658582152538
vn -0.9870359574929688 0 -0.16049927917575874
vn -0.9870359574929688 0 -0.16049927917575874
vn -0.9870359574929688 0 -0.16049927917575874
vn -0.2888395812396135 0.25994310017967165 -0.9214126550999316
vn -0.2888395812396135 0.25994310017967165 -0.9214126550999316
vn -0.2888395812396135 0.25994310017967165 -0.9214126550999316
vn -0.037119497419059184 0.005921541841647725 -0.9992932894068559
vn -0.037119497419059184 0.005921541841647725 -0.9992932894068559
vn -0.037119497419059184 0.005921541841647725 -0.9992932894068559
vn 0.22409232267802362 0.9433197508356485 -0.2448070231838511
vn 0.22409232267802362 0.9433197508356485 -0.2448070231838511
vn 0.22409232267802362 0.9433197508356485 -0.2448070231838511
vn -0.2947906829597504 0.7758607806027967 -0.5577979045878022
vn -0.2947906829597504 0.7758607806027967 -0.5577979045878022
vn -0.2947906829597504 0.7758607806027967 -0.5577979045878022
vn -0.010599490112432537 0.9583923091620622 -0.28525748464916156
vn -0.010599490112432537 0.9583923091620622 -0.28525748464916156
vn -0.010599490112432537 0.9583923091620622 -0.28525748464916156
vn 0.2522749666620268 0.7760171490544846 -0.5780611780504058
vn 0.2522749666620268 0.7760171490544846 -0.5780611780504058
vn 0.2522749666620268 0.7760171490544846 -0.5780611780504058
vn 0.3578797636939805 0.9043373612423856 -0.23258549352764837
vn 0.3578797636939805 0.9043373612423856 -0.23258549352764837
vn 0.3578797636939805 0.9043373612423856 -0.23258549352764837
vn 0.8233079204014095 -0.04237306433814888 -0.5660111232324867
vn 0.8233079204014095 -0.04237306433814888 -0.5660111232324867
vn 0.8233079204014095 -0.04237306433814888 -0.5660111232324867
vn 0.39212363120007715 0.19579256652418342 -0.8988349841591277
vn 0.39212361170036186 0.1957924971626065 -0.8988350077750057
vn 0.3921235555404071 0.1957925733883931 -0.8988350156710073
vn -0.45832943327319187 0.1959148620223877 -0.866920698469141
vn -0.45832943327319187 0.1959148620223877 -0.866920698469141
vn -0.45832943327319187 0.1959148620223877 -0.866920698469141
vn 0.9161067414123438 -0.10550129193764766 0.38680475144230625
vn 0.9161067414123438 -0.10550129193764766 0.38680475144230625
vn 0.9161067414123438 -0.10550129193764766 0.38680475144230625
vn 0.9630011758203464 0.2648589865632961 0.04978405975102997
vn 0.9630011758203464 0.2648589865632961 0.04978405975102997
vn 0.9630011758203464 0.2648589865632961 0.04978405975102997
vn 0.7135202489340482 0.6976673799311316 0.06441336306329862
vn 0.7135202489340482 0.6976673799311316 0.06441336306329862
vn 0.7135202489340482 0.6976673799311316 0.06441336306329862
vn 0.8329142280639819 0.058372374263531174 0.5503149594654132
vn 0.8329142280639819 0.058372374263531174 0.5503149594654132
vn 0.8329142280639819 0.058372374263531174 0.5503149594654132
vn 0.9097201612984065 0.07027888134872486 0.4092311168075725
vn 0.9097201612984065 0.07027888134872486 0.4092311168075725
vn 0.9097201612984065 0.07027888134872486 0.4092311168075725
vn 0.9892597680224314 -0.0756394779882753 0.1250751004071806
vn 0.9892597680224314 -0.0756394779882753 0.1250751004071806
vn 0.9892597853886957 -0.07563941971146661 0.12507499829472085
vn 0.9894486812740385 -0.06968157841981763 0.12702670882136877
vn 0.9894486812740385 -0.06968157841981763 0.12702670882136877
vn 0.9894486812740385 -0.06968157841981763 0.12702670882136877
vn 0.9886754261788736 -0.08312129318954409 -0.12494699791720068
vn 0.9886754277115474 -0.08312128586782049 -0.12494699066031652
vn 0.9886754228132374 -0.08312134506064822 -0.12494699004127707
vn 0.9910658748858356 -0.061439388435839716 -0.11837919236674646
vn 0.9910658748858356 -0.061439388435839716 -0.11837919236674646
vn 0.9910658748858356 -0.061439388435839716 -0.11837919236674646
vn 0.9089814990441304 0.07887577984422887 -0.40930580957207335
vn 0.9089814990441304 0.07887577984422887 -0.40930580957207335
vn 0.9089814990441304 0.07887577984422887 -0.40930580957207335
vn 0.811607267260186 0.03880553815122733 -0.58291317873183
vn 0.811607267260186 0.03880553815122733 -0.58291317873183
vn 0.811607267260186 0.03880553815122733 -0.58291317873183
vn 0.815641212146503 0.10328730040789422 -0.5692636881293528
vn 0.815641212146503 0.10328730040789422 -0.5692636881293528
vn 0.815641212146503 0.10328730040789422 -0.5692636881293528
vn 0.9910015635106313 0.13385029368471352 0
vn 0.9910015635106313 0.13385029368471352 0
vn 0.9910015635106313 0.13385029368471352 0
vn 0.9909901349087621 0.13393488161608147 0
vn 0.9909901349087621 0.13393488161608147 0
vn 0.9909901349087621 0.13393488161608147 0
f 1/1/1 2/2/2 3/3/3
f 4/4/4 5/5/5 6/6/6
f 7/7/7 8/8/8 9/9/9
f 10/10/10 11/11/11 12/12/12
f 13/13/13 14/14/14 15/15/15
f 16/16/16 17/17/17 18/18/18
f 19/19/19 20/20/20 21/21/21
f 22/22/22 23/23/23 24/24/24
f 25/25/25 26/26/26 27/27/27
f 28/28/28 29/29/29 30/30/30
f 31/31/31 32/32/32 33/33/33
f 34/34/34 35/35/35 36/36/36
f 37/37/37 38/38/38 39/39/39
f 40/40/40 41/41/41 42/42/42
f 43/43/43 44/44/44 45/45/45
f 46/46/46 47/47/47 48/48/48
f 49/49/49 50/50/50 51/51/51
f 52/52/52 53/53/53 54/54/54
f 55/55/55 56/56/56 57/57/57
f 58/58/58 59/59/59 60/60/60
f 61/61/61 62/62/62 63/63/63
f 64/64/64 65/65/65 66/66/66
f 67/67/67 68/68/68 69/69/69
f 70/70/70 71/71/71 72/72/72
f 73/73/73 74/74/74 75/75/75
f 76/76/76 77/77/77 78/78/78
f 79/79/79 80/80/80 81/81/81
f 82/82/82 83/83/83 84/84/84
f 85/85/85 86/86/86 87/87/87
f 88/88/88 89/89/89 90/90/90
f 91/91/91 92/92/92 93/93/93
f 94/94/94 95/95/95 96/96/96
f 97/97/97 98/98/98 99/99/99
f 100/100/100 101/101/101 102/102/102
f 103/103/103 104/104/104 105/105/105
f 106/106/106 107/107/107 108/108/108
f 109/109/109 110/110/110 111/111/111
f 112/112/112 113/113/113 114/114/114
f 115/115/115 116/116/116 117/117/117
f 118/118/118 119/119/119 120/120/120
f 121/121/121 122/122/122 123/123/123
f 124/124/124 125/125/125 126/126/126
f 127/127/127 128/128/128 129/129/129
f 130/130/130 131/131/131 132/132/132
f 133/133/133 134/134/134 135/135/135
f 136/136/136 137/137/137 138/138/138
f 139/139/139 140/140/140 141/141/141
f 142/142/142 143/143/143 144/144/144
f 145/145/145 146/146/146 147/147/147
f 148/148/148 149/149/149 150/150/150
f 151/151/151 152/152/152 153/153/153
f 154/154/154 155/155/155 156/156/156
f 157/157/157 158/158/158 159/159/159
f 160/160/160 161/161/161 162/162/162
f 163/163/163 164/164/164 165/165/165
f 166/166/166 167/167/167 168/168/168
f 169/169/169 170/170/170 171/171/171
f 172/172/172 173/173/173 174/174/174
f 175/175/175 176/176/176 177/177/177
f 178/178/178 179/179/179 180/180/180
f 181/181/181 182/182/182 183/183/183
f 184/184/184 185/185/185 186/186/186
f 187/187/187 188/188/188 189/189/189
f 190/190/190 191/191/191 192/192/192
f 193/193/193 194/194/194 195/195/195
f 196/196/196 197/197/197 198/198/198
f 199/199/199 200/200/200 201/201/201
f 202/202/202 203/203/203 204/204/204
f 205/205/205 206/206/206 207/207/207
f 208/208/208 209/209/209 210/210/210
f 211/211/211 212/212/212 213/213/213
f 214/214/214 215/215/215 216/216/216
f 217/217/217 218/218/218 219/219/219
f 220/220/220 221/221/221 222/222/222
f 223/223/223 224/224/224 225/225/225
f 226/226/226 227/227/227 228/228/228
f 229/229/229 230/230/230 231/231/231
f 232/232/232 233/233/233 234/234/234
f 235/235/235 236/236/236 237/237/237
f 238/238/238 239/239/239 240/240/240
f 241/241/241 242/242/242 243/243/243
f 244/244/244 245/245/245 246/246/246
f 247/247/247 248/248/248 249/249/249
f 250/250/250 251/251/251 252/252/252
f 253/253/253 254/254/254 255/255/255
f 256/256/256 257/257/257 258/258/258
f 259/259/259 260/260/260 261/261/261
f 262/262/262 263/263/263 264/264/264
f 265/265/265 266/266/266 267/267/267
f 268/268/268 269/269/269 270/270/270
f 271/271/271 272/272/272 273/273/273
f 274/274/274 275/275/275 276/276/276
f 277/277/277 278/278/278 279/279/279
f 280/280/280 281/281/281 282/282/282
f 283/283/283 284/284/284 285/285/285
f 286/286/286 287/287/287 288/288/288
f 289/289/289 290/290/290 291/291/291
f 292/292/292 293/293/293 294/294/294
f 295/295/295 296/296/296 297/297/297
f 298/298/298 299/299/299 300/300/300
f 301/301/301 302/302/302 303/303/303
f 304/304/304 305/305/305 306/306/306
f 307/307/307 308/308/308 309/309/309
f 310/310/310 311/311/311 312/312/312
f 313/313/313 314/314/314 315/315/315
f 316/316/316 317/317/317 318/318/318
f 319/319/319 320/320/320 321/321/321
f 322/322/322 323/323/323 324/324/324
f 325/325/325 326/326/326 327/327/327
f 328/328/328 329/329/329 330/330/330
f 331/331/331 332/332/332 333/333/333
f 334/334/334 335/335/335 336/336/336
f 337/337/337 338/338/338 339/339/339
f 340/340/340 341/341/341 342/342/342
f 343/343/343 344/344/344 345/345/345
f 346/346/346 347/347/347 348/348/348
f 349/349/349 350/350/350 351/351/351
f 352/352/352 353/353/353 354/354/354
f 355/355/355 356/356/356 357/357/357
f 358/358/358 359/359/359 360/360/360
f 361/361/361 362/362/362 363/363/363
f 364/364/364 365/365/365 366/366/366
f 367/367/367 368/368/368 369/369/369
f 370/370/370 371/371/371 372/372/372
f 373/373/373 374/374/374 375/375/375
f 376/376/376 377/377/377 378/378/378
f 379/379/379 380/380/380 381/381/381
f 382/382/382 383/383/383 384/384/384
f 385/385/385 386/386/386 387/387/387
f 388/388/388 389/389/389 390/390/390
f 391/391/391 392/392/392 393/393/393
f 394/394/394 395/395/395 396/396/396
f 397/397/397 398/398/398 399/399/399
f 400/400/400 401/401/401 402/402/402
f 403/403/403 404/404/404 405/405/405
f 406/406/406 407/407/407 408/408/408
f 409/409/409 410/410/410 411/411/411
f 412/412/412 413/413/413 414/414/414
f 415/415/415 416/416/416 417/417/417
f 418/418/418 419/419/419 420/420/420
f 421/421/421 422/422/422 423/423/423
f 424/424/424 425/425/425 426/426/426
f 427/427/427 428/428/428 429/429/429
f 430/430/430 431/431/431 432/432/432
f 433/433/433 434/434/434 435/435/435
f 436/436/436 437/437/437 438/438/438
f 439/439/439 440/440/440 441/441/441
f 442/442/442 443/443/443 444/444/444
f 445/445/445 446/446/446 447/447/447
f 448/448/448 449/449/449 450/450/450
f 451/451/451 452/452/452 453/453/453
f 454/454/454 455/455/455 456/456/456
f 457/457/457 458/458/458 459/459/459
f 460/460/460 461/461/461 462/462/462
f 463/463/463 464/464/464 465/465/465
f 466/466/466 467/467/467 468/468/468
f 469/469/469 470/470/470 471/471/471
f 472/472/472 473/473/473 474/474/474
f 475/475/475 476/476/476 477/477/477
f 478/478/478 479/479/479 480/480/480
f 481/481/481 482/482/482 483/483/483
f 484/484/484 485/485/485 486/486/486
f 487/487/487 488/488/488 489/489/489
f 490/490/490 491/491/491 492/492/492
f 493/493/493 494/494/494 495/495/495
f 496/496/496 497/497/497 498/498/498
f 499/499/499 500/500/500 501/501/501
f 502/502/502 503/503/503 504/504/504
f 505/505/505 506/506/506 507/507/507
f 508/508/508 509/509/509 510/510/510
f 511/511/511 512/512/512 513/513/513
f 514/514/514 515/515/515 516/516/516
f 517/517/517 518/518/518 519/519/519
f 520/520/520 521/521/521 522/522/522
f 523/523/523 524/524/524 525/525/525
f 526/526/526 527/527/527 528/528/528
f 529/529/529 530/530/530 531/531/531
f 532/532/532 533/533/533 534/534/534
f 535/535/535 536/536/536 537/537/537
f 538/538/538 539/539/539 540/540/540
f 541/541/541 542/542/542 543/543/543
f 544/544/544 545/545/545 546/546/546
f 547/547/547 548/548/548 549/549/549
f 550/550/550 551/551/551 552/552/552
f 553/553/553 554/554/554 555/555/555
f 556/556/556 557/557/557 558/558/558
f 559/559/559 560/560/560 561/561/561
f 562/562/562 563/563/563 564/564/564
f 565/565/565 566/566/566 567/567/567
f 568/568/568 569/569/569 570/570/570
f 571/571/571 572/572/572 573/573/573
f 574/574/574 575/575/575 576/576/576
f 577/577/577 578/578/578 579/579/579
f 580/580/580 581/581/581 582/582/582
f 583/583/583 584/584/584 585/585/585
f 586/586/586 587/587/587 588/588/588
f 589/589/589 590/590/590 591/591/591
f 592/592/592 593/593/593 594/594/594
f 595/595/595 596/596/596 597/597/597
f 598/598/598 599/599/599 600/600/600
f 601/601/601 602/602/602 603/603/603
f 604/604/604 605/605/605 606/606/606
f 607/607/607 608/608/608 609/609/609
f 610/610/610 611/611/611 612/612/612
f 613/613/613 614/614/614 615/615/615
f 616/616/616 617/617/617 618/618/618
f 619/619/619 620/620/620 621/621/621
f 622/622/622 623/623/623 624/624/624
f 625/625/625 626/626/626 627/627/627
f 628/628/628 629/629/629 630/630/630
f 631/631/631 632/632/632 633/633/633
f 634/634/634 635/635/635 636/636/636
f 637/637/637 638/638/638 639/639/639
f 640/640/640 641/641/641 642/642/642
f 643/643/643 644/644/644 645/645/645
f 646/646/646 647/647/647 648/648/648
f 649/649/649 650/650/650 651/651/651
f 652/652/652 653/653/653 654/654/654
f 655/655/655 656/656/656 657/657/657
f 658/658/658 659/659/659 660/660/660
f 661/661/661 662/662/662 663/663/663
f 664/664/664 665/665/665 666/666/666
f 667/667/667 668/668/668 669/669/669
f 670/670/670 671/671/671 672/672/672
f 673/673/673 674/674/674 675/675/675
f 676/676/676 677/677/677 678/678/678
f 679/679/679 680/680/680 681/681/681
f 682/682/682 683/683/683 684/684/684
f 685/685/685 686/686/686 687/687/687
f 688/688/688 689/689/689 690/690/690
f 691/691/691 692/692/692 693/693/693
f 694/694/694 695/695/695 696/696/696
f 697/697/697 698/698/698 699/699/699
f 700/700/700 701/701/701 702/702/702
f 703/703/703 704/704/704 705/705/705
f 706/706/706 707/707/707 708/708/708
f 709/709/709 710/710/710 711/711/711
f 712/712/712 713/713/713 714/714/714
f 715/715/715 716/716/716 717/717/717
f 718/718/718 719/719/719 720/720/720
f 721/721/721 722/722/722 723/723/723
f 724/724/724 725/725/725 726/726/726
f 727/727/727 728/728/728 729/729/729
f 730/730/730 731/731/731 732/732/732
f 733/733/733 734/734/734 735/735/735
f 736/736/736 737/737/737 738/738/738
f 739/739/739 740/740/740 741/741/741
f 742/742/742 743/743/743 744/744/744
f 745/745/745 746/746/746 747/747/747
f 748/748/748 749/749/749 750/750/750
f 751/751/751 752/752/752 753/753/753
f 754/754/754 755/755/755 756/756/756
f 757/757/757 758/758/758 759/759/759
f 760/760/760 761/761/761 762/762/762
f 763/763/763 764/764/764 765/765/765
f 766/766/766 767/767/767 768/768/768
f 769/769/769 770/770/770 771/771/771
f 772/772/772 773/773/773 774/774/774
f 775/775/775 776/776/776 777/777/777
f 778/778/778 779/779/779 780/780/780
f 781/781/781 782/782/782 783/783/783
f 784/784/784 785/785/785 786/786/786
f 787/787/787 788/788/788 789/789/789
f 790/790/790 791/791/791 792/792/792
f 793/793/793 794/794/794 795/795/795
f 796/796/796 797/797/797 798/798/798
f 799/799/799 800/800/800 801/801/801
f 802/802/802 803/803/803 804/804/804
f 805/805/805 806/806/806 807/807/807
f 808/808/808 809/809/809 810/810/810
f 811/811/811 812/812/812 813/813/813
f 814/814/814 815/815/815 816/816/816
f 817/817/817 818/818/818 819/819/819
f 820/820/820 821/821/821 822/822/822
f 823/823/823 824/824/824 825/825/825
f 826/826/826 827/827/827 828/828/828
f 829/829/829 830/830/830 831/831/831
f 832/832/832 833/833/833 834/834/834
f 835/835/835 836/836/836 837/837/837
f 838/838/838 839/839/839 840/840/840
f 841/841/841 842/842/842 843/843/843
f 844/844/844 845/845/845 846/846/846
f 847/847/847 848/848/848 849/849/849
f 850/850/850 851/851/851 852/852/852
f 853/853/853 854/854/854 855/855/855
f 856/856/856 857/857/857 858/858/858
f 859/859/859 860/860/860 861/861/861
f 862/862/862 863/863/863 864/864/864
f 865/865/865 866/866/866 867/867/867
f 868/868/868 869/869/869 870/870/870
f 871/871/871 872/872/872 873/873/873
f 874/874/874 875/875/875 876/876/876
f 877/877/877 878/878/878 879/879/879
f 880/880/880 881/881/881 882/882/882
f 883/883/883 884/884/884 885/885/885
f 886/886/886 887/887/887 888/888/888
f 889/889/889 890/890/890 891/891/891
f 892/892/892 893/893/893 894/894/894
f 895/895/895 896/896/896 897/897/897
f 898/898/898 899/899/899 900/900/900
f 901/901/901 902/902/902 903/903/903
f 904/904/904 905/905/905 906/906/906
f 907/907/907 908/908/908 909/909/909
f 910/910/910 911/911/911 912/912/912
f 913/913/913 914/914/914 915/915/915
f 916/916/916 917/917/917 918/918/918
f 919/919/919 920/920/920 921/921/921
f 922/922/922 923/923/923 924/924/924
f 925/925/925 926/926/926 927/927/927
f 928/928/928 929/929/929 930/930/930
f 931/931/931 932/932/932 933/933/933
f 934/934/934 935/935/935 936/936/936
f 937/937/937 938/938/938 939/939/939
f 940/940/940 941/941/941 942/942/942
f 943/943/943 944/944/944 945/945/945
f 946/946/946 947/947/947 948/948/948
f 949/949/949 950/950/950 951/951/951
f 952/952/952 953/953/953 954/954/954
f 955/955/955 956/956/956 957/957/957
f 958/958/958 959/959/959 960/960/960
f 961/961/961 962/962/962 963/963/963
f 964/964/964 965/965/965 966/966/966
f 967/967/967 968/968/968 969/969/969
f 970/970/970 971/971/971 972/972/972
f 973/973/973 974/974/974 975/975/975
f 976/976/976 977/977/977 978/978/978
f 979/979/979 980/980/980 981/981/981
f 982/982/982 983/983/983 984/984/984
f 985/985/985 986/986/986 987/987/987
f 988/988/988 989/989/989 990/990/990
f 991/991/991 992/992/992 993/993/993
f 994/994/994 995/995/995 996/996/996
f 997/997/997 998/998/998 999/999/999
f 1000/1000/1000 1001/1001/1001 1002/1002/1002
f 1003/1003/1003 1004/1004/1004 1005/1005/1005
f 1006/1006/1006 1007/1007/1007 1008/1008/1008
f 1009/1009/1009 1010/1010/1010 1011/1011/1011
f 1012/1012/1012 1013/1013/1013 1014/1014/1014
f 1015/1015/1015 1016/1016/1016 1017/1017/1017
f 1018/1018/1018 1019/1019/1019 1020/1020/1020
f 1021/1021/1021 1022/1022/1022 1023/1023/1023
f 1024/1024/1024 1025/1025/1025 1026/1026/1026
f 1027/1027/1027 1028/1028/1028 1029/1029/1029
f 1030/1030/1030 1031/1031/1031 1032/1032/1032
f 1033/1033/1033 1034/1034/1034 1035/1035/1035
f 1036/1036/1036 1037/1037/1037 1038/1038/1038
f 1039/1039/1039 1040/1040/1040 1041/1041/1041
f 1042/1042/1042 1043/1043/1043 1044/1044/1044
f 1045/1045/1045 1046/1046/1046 1047/1047/1047
f 1048/1048/1048 1049/1049/1049 1050/1050/1050
f 1051/1051/1051 1052/1052/1052 1053/1053/1053
f 1054/1054/1054 1055/1055/1055 1056/1056/1056
f 1057/1057/1057 1058/1058/1058 1059/1059/1059
f 1060/1060/1060 1061/1061/1061 1062/1062/1062
f 1063/1063/1063 1064/1064/1064 1065/1065/1065
f 1066/1066/1066 1067/1067/1067 1068/1068/1068
f 1069/1069/1069 1070/1070/1070 1071/1071/1071
f 1072/1072/1072 1073/1073/1073 1074/1074/1074
f 1075/1075/1075 1076/1076/1076 1077/1077/1077
f 1078/1078/1078 1079/1079/1079 1080/1080/1080
f 1081/1081/1081 1082/1082/1082 1083/1083/1083
f 1084/1084/1084 1085/1085/1085 1086/1086/1086
f 1087/1087/1087 1088/1088/1088 1089/1089/1089
f 1090/1090/1090 1091/1091/1091 1092/1092/1092
f 1093/1093/1093 1094/1094/1094 1095/1095/1095
f 1096/1096/1096 1097/1097/1097 1098/1098/1098
f 1099/1099/1099 1100/1100/1100 1101/1101/1101
f 1102/1102/1102 1103/1103/1103 1104/1104/1104
f 1105/1105/1105 1106/1106/1106 1107/1107/1107
f 1108/1108/1108 1109/1109/1109 1110/1110/1110
f 1111/1111/1111 1112/1112/1112 1113/1113/1113
f 1114/1114/1114 1115/1115/1115 1116/1116/1116
f 1117/1117/1117 1118/1118/1118 1119/1119/1119
f 1120/1120/1120 1121/1121/1121 1122/1122/1122
f 1123/1123/1123 1124/1124/1124 1125/1125/1125
f 1126/1126/1126 1127/1127/1127 1128/1128/1128
f 1129/1129/1129 1130/1130/1130 1131/1131/1131
f 1132/1132/1132 1133/1133/1133 1134/1134/1134
f 1135/1135/1135 1136/1136/1136 1137/1137/1137
f 1138/1138/1138 1139/1139/1139 1140/1140/1140
f 1141/1141/1141 1142/1142/1142 1143/1143/1143
f 1144/1144/1144 1145/1145/1145 1146/1146/1146
f 1147/1147/1147 1148/1148/1148 1149/1149/1149
f 1150/1150/1150 1151/1151/1151 1152/1152/1152
f 1153/1153/1153 1154/1154/1154 1155/1155/1155
f 1156/1156/1156 1157/1157/1157 1158/1158/1158
f 1159/1159/1159 1160/1160/1160 1161/1161/1161
f 1162/1162/1162 1163/1163/1163 1164/1164/1164
f 1165/1165/1165 1166/1166/1166 1167/1167/1167
f 1168/1168/1168 1169/1169/1169 1170/1170/1170
f 1171/1171/1171 1172/1172/1172 1173/1173/1173
f 1174/1174/1174 1175/1175/1175 1176/1176/1176
f 1177/1177/1177 1178/1178/1178 1179/1179/1179
f 1180/1180/1180 1181/1181/1181 1182/1182/1182
f 1183/1183/1183 1184/1184/1184 1185/1185/1185
f 1186/1186/1186 1187/1187/1187 1188/1188/1188
f 1189/1189/1189 1190/1190/1190 1191/1191/1191
f 1192/1192/1192 1193/1193/1193 1194/1194/1194
f 1195/1195/1195 1196/1196/1196 1197/1197/1197
f 1198/1198/1198 1199/1199/1199 1200/1200/1200
f 1201/1201/1201 1202/1202/1202 1203/1203/1203
f 1204/1204/1204 1205/1205/1205 1206/1206/1206
f 1207/1207/1207 1208/1208/1208 1209/1209/1209
f 1210/1210/1210 1211/1211/1211 1212/1212/1212
f 1213/1213/1213 1214/1214/1214 1215/1215/1215
f 1216/1216/1216 1217/1217/1217 1218/1218/1218
f 1219/1219/1219 1220/1220/1220 1221/1221/1221
f 1222/1222/1222 1223/1223/1223 1224/1224/1224
f 1225/1225/1225 1226/1226/1226 1227/1227/1227
f 1228/1228/1228 1229/1229/1229 1230/1230/1230
f 1231/1231/1231 1232/1232/1232 1233/1233/1233
f 1234/1234/1234 1235/1235/1235 1236/1236/1236
f 1237/1237/1237 1238/1238/1238 1239/1239/1239
f 1240/1240/1240 1241/1241/1241 1242/1242/1242
f 1243/1243/1243 1244/1244/1244 1245/1245/1245
f 1246/1246/1246 1247/1247/1247 1248/1248/1248
f 1249/1249/1249 1250/1250/1250 1251/1251/1251
f 1252/1252/1252 1253/1253/1253 1254/1254/1254
f 1255/1255/1255 1256/1256/1256 1257/1257/1257
f 1258/1258/1258 1259/1259/1259 1260/1260/1260
f 1261/1261/1261 1262/1262/1262 1263/1263/1263
f 1264/1264/1264 1265/1265/1265 1266/1266/1266
f 1267/1267/1267 1268/1268/1268 1269/1269/1269
f 1270/1270/1270 1271/1271/1271 1272/1272/1272
f 1273/1273/1273 1274/1274/1274 1275/1275/1275
f 1276/1276/1276 1277/1277/1277 1278/1278/1278
f 1279/1279/1279 1280/1280/1280 1281/1281/1281
f 1282/1282/1282 1283/1283/1283 1284/1284/1284
f 1285/1285/1285 1286/1286/1286 1287/1287/1287
f 1288/1288/1288 1289/1289/1289 1290/1290/1290
f 1291/1291/1291 1292/1292/1292 1293/1293/1293
f 1294/1294/1294 1295/1295/1295 1296/1296/1296
f 1297/1297/1297 1298/1298/1298 1299/1299/1299
f 1300/1300/1300 1301/1301/1301 1302/1302/1302
f 1303/1303/1303 1304/1304/1304 1305/1305/1305
f 1306/1306/1306 1307/1307/1307 1308/1308/1308
f 1309/1309/1309 1310/1310/1310 1311/1311/1311
f 1312/1312/1312 1313/1313/1313 1314/1314/1314
f 1315/1315/1315 1316/1316/1316 1317/1317/1317
f 1318/1318/1318 1319/1319/1319 1320/1320/1320
f 1321/1321/1321 1322/1322/1322 1323/1323/1323
f 1324/1324/1324 1325/1325/1325 1326/1326/1326
f 1327/1327/1327 1328/1328/1328 1329/1329/1329
f 1330/1330/1330 1331/1331/1331 1332/1332/1332
f 1333/1333/1333 1334/1334/1334 1335/1335/1335
f 1336/1336/1336 1337/1337/1337 1338/1338/1338
f 1339/1339/1339 1340/1340/1340 1341/1341/1341
f 1342/1342/1342 1343/1343/1343 1344/1344/1344
f 1345/1345/1345 1346/1346/1346 1347/1347/1347
f 1348/1348/1348 1349/1349/1349 1350/1350/1350
f 1351/1351/1351 1352/1352/1352 1353/1353/1353
f 1354/1354/1354 1355/1355/1355 1356/1356/1356
f 1357/1357/1357 1358/1358/1358 1359/1359/1359
f 1360/1360/1360 1361/1361/1361 1362/1362/1362
f 1363/1363/1363 1364/1364/1364 1365/1365/1365
f 1366/1366/1366 1367/1367/1367 1368/1368/1368
f 1369/1369/1369 1370/1370/1370 1371/1371/1371
f 1372/1372/1372 1373/1373/1373 1374/1374/1374
f 1375/1375/1375 1376/1376/1376 1377/1377/1377
f 1378/1378/1378 1379/1379/1379 1380/1380/1380
f 1381/1381/1381 1382/1382/1382 1383/1383/1383
f 1384/1384/1384 1385/1385/1385 1386/1386/1386
f 1387/1387/1387 1388/1388/1388 1389/1389/1389
f 1390/1390/1390 1391/1391/1391 1392/1392/1392
f 1393/1393/1393 1394/1394/1394 1395/1395/1395
f 1396/1396/1396 1397/1397/1397 1398/1398/1398
f 1399/1399/1399 1400/1400/1400 1401/1401/1401
f 1402/1402/1402 1403/1403/1403 1404/1404/1404
f 1405/1405/1405 1406/1406/1406 1407/1407/1407
f 1408/1408/1408 1409/1409/1409 1410/1410/1410
f 1411/1411/1411 1412/1412/1412 1413/1413/1413
f 1414/1414/1414 1415/1415/1415 1416/1416/1416
f 1417/1417/1417 1418/1418/1418 1419/1419/1419
f 1420/1420/1420 1421/1421/1421 1422/1422/1422
f 1423/1423/1423 1424/1424/1424 1425/1425/1425
f 1426/1426/1426 1427/1427/1427 1428/1428/1428
f 1429/1429/1429 1430/1430/1430 1431/1431/1431
f 1432/1432/1432 1433/1433/1433 1434/1434/1434
f 1435/1435/1435 1436/1436/1436 1437/1437/1437
f 1438/1438/1438 1439/1439/1439 1440/1440/1440
f 1441/1441/1441 1442/1442/1442 1443/1443/1443
f 1444/1444/1444 1445/1445/1445 1446/1446/1446
f 1447/1447/1447 1448/1448/1448 1449/1449/1449
f 1450/1450/1450 1451/1451/1451 1452/1452/1452
f 1453/1453/1453 1454/1454/1454 1455/1455/1455
f 1456/1456/1456 1457/1457/1457 1458/1458/1458
f 1459/1459/1459 1460/1460/1460 1461/1461/1461
f 1462/1462/1462 1463/1463/1463 1464/1464/1464
f 1465/1465/1465 1466/1466/1466 1467/1467/1467
f 1468/1468/1468 1469/1469/1469 1470/1470/1470
f 1471/1471/1471 1472/1472/1472 1473/1473/1473
f 1474/1474/1474 1475/1475/1475 1476/1476/1476
f 1477/1477/1477 1478/1478/1478 1479/1479/1479
f 1480/1480/1480 1481/1481/1481 1482/1482/1482
f 1483/1483/1483 1484/1484/1484 1485/1485/1485
f 1486/1486/1486 1487/1487/1487 1488/1488/1488
f 1489/1489/1489 1490/1490/1490 1491/1491/1491
f 1492/1492/1492 1493/1493/1493 1494/1494/1494
f 1495/1495/1495 1496/1496/1496 1497/1497/1497
f 1498/1498/1498 1499/1499/1499 1500/1500/1500
f 1501/1501/1501 1502/1502/1502 1503/1503/1503
f 1504/1504/1504 1505/1505/1505 1506/1506/1506
f 1507/1507/1507 1508/1508/1508 1509/1509/1509
f 1510/1510/1510 1511/1511/1511 1512/1512/1512
f 1513/1513/1513 1514/1514/1514 1515/1515/1515
f 1516/1516/1516 1517/1517/1517 1518/1518/1518
f 1519/1519/1519 1520/1520/1520 1521/1521/1521
f 1522/1522/1522 1523/1523/1523 1524/1524/1524
f 1525/1525/1525 1526/1526/1526 1527/1527/1527
f 1528/1528/1528 1529/1529/1529 1530/1530/1530
f 1531/1531/1531 1532/1532/1532 1533/1533/1533
f 1534/1534/1534 1535/1535/1535 1536/1536/1536
f 1537/1537/1537 1538/1538/1538 1539/1539/1539
f 1540/1540/1540 1541/1541/1541 1542/1542/1542
f 1543/1543/1543 1544/1544/1544 1545/1545/1545
f 1546/1546/1546 1547/1547/1547 1548/1548/1548
f 1549/1549/1549 1550/1550/1550 1551/1551/1551
f 1552/1552/1552 1553/1553/1553 1554/1554/1554
f 1555/1555/1555 1556/1556/1556 1557/1557/1557
f 1558/1558/1558 1559/1559/1559 1560/1560/1560
f 1561/1561/1561 1562/1562/1562 1563/1563/1563
f 1564/1564/1564 1565/1565/1565 1566/1566/1566
f 1567/1567/1567 1568/1568/1568 1569/1569/1569
f 1570/1570/1570 1571/1571/1571 1572/1572/1572
f 1573/1573/1573 1574/1574/1574 1575/1575/1575
f 1576/1576/1576 1577/1577/1577 1578/1578/1578
f 1579/1579/1579 1580/1580/1580 1581/1581/1581
f 1582/1582/1582 1583/1583/1583 1584/1584/1584
f 1585/1585/1585 1586/1586/1586 1587/1587/1587
f 1588/1588/1588 1589/1589/1589 1590/1590/1590
f 1591/1591/1591 1592/1592/1592 1593/1593/1593
f 1594/1594/1594 1595/1595/1595 1596/1596/1596
f 1597/1597/1597 1598/1598/1598 1599/1599/1599
f 1600/1600/1600 1601/1601/1601 1602/1602/1602
f 1603/1603/1603 1604/1604/1604 1605/1605/1605
f 1606/1606/1606 1607/1607/1607 1608/1608/1608
f 1609/1609/1609 1610/1610/1610 1611/1611/1611
f 1612/1612/1612 1613/1613/1613 1614/1614/1614
f 1615/1615/1615 1616/1616/1616 1617/1617/1617
f 1618/1618/1618 1619/1619/1619 1620/1620/1620
f 1621/1621/1621 1622/1622/1622 1623/1623/1623
f 1624/1624/1624 1625/1625/1625 1626/1626/1626
f 1627/1627/1627 1628/1628/1628 1629/1629/1629
f 1630/1630/1630 1631/1631/1631 1632/1632/1632
f 1633/1633/1633 1634/1634/1634 1635/1635/1635
f 1636/1636/1636 1637/1637/1637 1638/1638/1638
f 1639/1639/1639 1640/1640/1640 1641/1641/1641
f 1642/1642/1642 1643/1643/1643 1644/1644/1644
f 1645/1645/1645 1646/1646/1646 1647/1647/1647
f 1648/1648/1648 1649/1649/1649 1650/1650/1650
f 1651/1651/1651 1652/1652/1652 1653/1653/1653
f 1654/1654/1654 1655/1655/1655 1656/1656/1656
f 1657/1657/1657 1658/1658/1658 1659/1659/1659
f 1660/1660/1660 1661/1661/1661 1662/1662/1662
f 1663/1663/1663 1664/1664/1664 1665/1665/1665
f 1666/1666/1666 1667/1667/1667 1668/1668/1668
f 1669/1669/1669 1670/1670/1670 1671/1671/1671
f 1672/1672/1672 1673/1673/1673 1674/1674/1674
f 1675/1675/1675 1676/1676/1676 1677/1677/1677
f 1678/1678/1678 1679/1679/1679 1680/1680/1680
f 1681/1681/1681 1682/1682/1682 1683/1683/1683
f 1684/1684/1684 1685/1685/1685 1686/1686/1686
f 1687/1687/1687 1688/1688/1688 1689/1689/1689
f 1690/1690/1690 1691/1691/1691 1692/1692/1692
f 1693/1693/1693 1694/1694/1694 1695/1695/1695
f 1696/1696/1696 1697/1697/1697 1698/1698/1698
f 1699/1699/1699 1700/1700/1700 1701/1701/1701
f 1702/1702/1702 1703/1703/1703 1704/1704/1704
f 1705/1705/1705 1706/1706/1706 1707/1707/1707
f 1708/1708/1708 1709/1709/1709 1710/1710/1710
f 1711/1711/1711 1712/1712/1712 1713/1713/1713
f 1714/1714/1714 1715/1715/1715 1716/1716/1716
f 1717/1717/1717 1718/1718/1718 1719/1719/1719
f 1720/1720/1720 1721/1721/1721 1722/1722/1722
f 1723/1723/1723 1724/1724/1724 1725/1725/1725
f 1726/1726/1726 1727/1727/1727 1728/1728/1728
f 1729/1729/1729 1730/1730/1730 1731/1731/1731
f 1732/1732/1732 1733/1733/1733 1734/1734/1734
f 1735/1735/1735 1736/1736/1736 1737/1737/1737
f 1738/1738/1738 1739/1739/1739 1740/1740/1740
f 1741/1741/1741 1742/1742/1742 1743/1743/1743
f 1744/1744/1744 1745/1745/1745 1746/1746/1746
f 1747/1747/1747 1748/1748/1748 1749/1749/1749
f 1750/1750/1750 1751/1751/1751 1752/1752/1752
f 1753/1753/1753 1754/1754/1754 1755/1755/1755
f 1756/1756/1756 1757/1757/1757 1758/1758/1758
f 1759/1759/1759 1760/1760/1760 1761/1761/1761
f 1762/1762/1762 1763/1763/1763 1764/1764/1764
f 1765/1765/1765 1766/1766/1766 1767/1767/1767
f 1768/1768/1768 1769/1769/1769 1770/1770/1770
f 1771/1771/1771 1772/1772/1772 1773/1773/1773
f 1774/1774/1774 1775/1775/1775 1776/1776/1776
f 1777/1777/1777 1778/1778/1778 1779/1779/1779
f 1780/1780/1780 1781/1781/1781 1782/1782/1782
f 1783/1783/1783 1784/1784/1784 1785/1785/1785
f 1786/1786/1786 1787/1787/1787 1788/1788/1788
f 1789/1789/1789 1790/1790/1790 1791/1791/1791
f 1792/1792/1792 1793/1793/1793 1794/1794/1794
f 1795/1795/1795 1796/1796/1796 1797/1797/1797
f 1798/1798/1798 1799/1799/1799 1800/1800/1800
f 1801/1801/1801 1802/1802/1802 1803/1803/1803
f 1804/1804/1804 1805/1805/1805 1806/1806/1806
f 1807/1807/1807 1808/1808/1808 1809/1809/1809
f 1810/1810/1810 1811/1811/1811 1812/1812/1812
f 1813/1813/1813 1814/1814/1814 1815/1815/1815
f 1816/1816/1816 1817/1817/1817 1818/1818/1818
f 1819/1819/1819 1820/1820/1820 1821/1821/1821
f 1822/1822/1822 1823/1823/1823 1824/1824/1824
f 1825/1825/1825 1826/1826/1826 1827/1827/1827
f 1828/1828/1828 1829/1829/1829 1830/1830/1830
f 1831/1831/1831 1832/1832/1832 1833/1833/1833
f 1834/1834/1834 1835/1835/1835 1836/1836/1836
f 1837/1837/1837 1838/1838/1838 1839/1839/1839
f 1840/1840/1840 1841/1841/1841 1842/1842/1842
f 1843/1843/1843 1844/1844/1844 1845/1845/1845
f 1846/1846/1846 1847/1847/1847 1848/1848/1848
f 1849/1849/1849 1850/1850/1850 1851/1851/1851
f 1852/1852/1852 1853/1853/1853 1854/1854/1854
f 1855/1855/1855 1856/1856/1856 1857/1857/1857
f 1858/1858/1858 1859/1859/1859 1860/1860/1860
f 1861/1861/1861 1862/1862/1862 1863/1863/1863
f 1864/1864/1864 1865/1865/1865 1866/1866/1866
f 1867/1867/1867 1868/1868/1868 1869/1869/1869
f 1870/1870/1870 1871/1871/1871 1872/1872/1872
f 1873/1873/1873 1874/1874/1874 1875/1875/1875
f 1876/1876/1876 1877/1877/1877 1878/1878/1878
f 1879/1879/1879 1880/1880/1880 1881/1881/1881
f 1882/1882/1882 1883/1883/1883 1884/1884/1884
f 1885/1885/1885 1886/1886/1886 1887/1887/1887
f 1888/1888/1888 1889/1889/1889 1890/1890/1890
f 1891/1891/1891 1892/1892/1892 1893/1893/1893
f 1894/1894/1894 1895/1895/1895 1896/1896/1896
f 1897/1897/1897 1898/1898/1898 1899/1899/1899
f 1900/1900/1900 1901/1901/1901 1902/1902/1902
f 1903/1903/1903 1904/1904/1904 1905/1905/1905
f 1906/1906/1906 1907/1907/1907 1908/1908/1908
f 1909/1909/1909 1910/1910/1910 1911/1911/1911
f 1912/1912/1912 1913/1913/1913 1914/1914/1914
f 1915/1915/1915 1916/1916/1916 1917/1917/1917
f 1918/1918/1918 1919/1919/1919 1920/1920/1920
f 1921/1921/1921 1922/1922/1922 1923/1923/1923
f 1924/1924/1924 1925/1925/1925 1926/1926/1926
f 1927/1927/1927 1928/1928/1928 1929/1929/1929
f 1930/1930/1930 1931/1931/1931 1932/1932/1932
f 1933/1933/1933 1934/1934/1934 1935/1935/1935
f 1936/1936/1936 1937/1937/1937 1938/1938/1938
f 1939/1939/1939 1940/1940/1940 1941/1941/1941
f 1942/1942/1942 1943/1943/1943 1944/1944/1944
f 1945/1945/1945 1946/1946/1946 1947/1947/1947
f 1948/1948/1948 1949/1949/1949 1950/1950/1950
f 1951/1951/1951 1952/1952/1952 1953/1953/1953
f 1954/1954/1954 1955/1955/1955 1956/1956/1956
f 1957/1957/1957 1958/1958/1958 1959/1959/1959
f 1960/1960/1960 1961/1961/1961 1962/1962/1962
f 1963/1963/1963 1964/1964/1964 1965/1965/1965
f 1966/1966/1966 1967/1967/1967 1968/1968/1968
f 1969/1969/1969 1970/1970/1970 1971/1971/1971
f 1972/1972/1972 1973/1973/1973 1974/1974/1974
f 1975/1975/1975 1976/1976/1976 1977/1977/1977
f 1978/1978/1978 1979/1979/1979 1980/1980/1980
f 1981/1981/1981 1982/1982/1982 1983/1983/1983
f 1984/1984/1984 1985/1985/1985 1986/1986/1986
f 1987/1987/1987 1988/1988/1988 1989/1989/1989
f 1990/1990/1990 1991/1991/1991 1992/1992/1992
f 1993/1993/1993 1994/1994/1994 1995/1995/1995
f 1996/1996/1996 1997/1997/1997 1998/1998/1998
f 1999/1999/1999 2000/2000/2000 2001/2001/2001
f 2002/2002/2002 2003/2003/2003 2004/2004/2004
f 2005/2005/2005 2006/2006/2006 2007/2007/2007
f 2008/2008/2008 2009/2009/2009 2010/2010/2010
f 2011/2011/2011 2012/2012/2012 2013/2013/2013
f 2014/2014/2014 2015/2015/2015 2016/2016/2016
f 2017/2017/2017 2018/2018/2018 2019/2019/2019
f 2020/2020/2020 2021/2021/2021 2022/2022/2022
f 2023/2023/2023 2024/2024/2024 2025/2025/2025
f 2026/2026/2026 2027/2027/2027 2028/2028/2028
f 2029/2029/2029 2030/2030/2030 2031/2031/2031
f 2032/2032/2032 2033/2033/2033 2034/2034/2034
f 2035/2035/2035 2036/2036/2036 2037/2037/2037
f 2038/2038/2038 2039/2039/2039 2040/2040/2040
f 2041/2041/2041 2042/2042/2042 2043/2043/2043
f 2044/2044/2044 2045/2045/2045 2046/2046/2046
f 2047/2047/2047 2048/2048/2048 2049/2049/2049
f 2050/2050/2050 2051/2051/2051 2052/2052/2052
f 2053/2053/2053 2054/2054/2054 2055/2055/2055
f 2056/2056/2056 2057/2057/2057 2058/2058/2058
f 2059/2059/2059 2060/2060/2060 2061/2061/2061
f 2062/2062/2062 2063/2063/2063 2064/2064/2064
f 2065/2065/2065 2066/2066/2066 2067/2067/2067
f 2068/2068/2068 2069/2069/2069 2070/2070/2070
f 2071/2071/2071 2072/2072/2072 2073/2073/2073
f 2074/2074/2074 2075/2075/2075 2076/2076/2076
f 2077/2077/2077 2078/2078/2078 2079/2079/2079
f 2080/2080/2080 2081/2081/2081 2082/2082/2082
f 2083/2083/2083 2084/2084/2084 2085/2085/2085
f 2086/2086/2086 2087/2087/2087 2088/2088/2088
f 2089/2089/2089 2090/2090/2090 2091/2091/2091
f 2092/2092/2092 2093/2093/2093 2094/2094/2094
f 2095/2095/2095 2096/2096/2096 2097/2097/2097
f 2098/2098/2098 2099/2099/2099 2100/2100/2100
f 2101/2101/2101 2102/2102/2102 2103/2103/2103
f 2104/2104/2104 2105/2105/2105 2106/2106/2106
f 2107/2107/2107 2108/2108/2108 2109/2109/2109
f 2110/2110/2110 2111/2111/2111 2112/2112/2112
f 2113/2113/2113 2114/2114/2114 2115/2115/2115
f 2116/2116/2116 2117/2117/2117 2118/2118/2118
f 2119/2119/2119 2120/2120/2120 2121/2121/2121
f 2122/2122/2122 2123/2123/2123 2124/2124/2124
f 2125/2125/2125 2126/2126/2126 2127/2127/2127
f 2128/2128/2128 2129/2129/2129 2130/2130/2130
f 2131/2131/2131 2132/2132/2132 2133/2133/2133
f 2134/2134/2134 2135/2135/2135 2136/2136/2136
f 2137/2137/2137 2138/2138/2138 2139/2139/2139
f 2140/2140/2140 2141/2141/2141 2142/2142/2142
f 2143/2143/2143 2144/2144/2144 2145/2145/2145
f 2146/2146/2146 2147/2147/2147 2148/2148/2148
f 2149/2149/2149 2150/2150/2150 2151/2151/2151
f 2152/2152/2152 2153/2153/2153 2154/2154/2154
f 2155/2155/2155 2156/2156/2156 2157/2157/2157
f 2158/2158/2158 2159/2159/2159 2160/2160/2160
f 2161/2161/2161 2162/2162/2162 2163/2163/2163
f 2164/2164/2164 2165/2165/2165 2166/2166/2166
f 2167/2167/2167 2168/2168/2168 2169/2169/2169
f 2170/2170/2170 2171/2171/2171 2172/2172/2172
f 2173/2173/2173 2174/2174/2174 2175/2175/2175
f 2176/2176/2176 2177/2177/2177 2178/2178/2178
f 2179/2179/2179 2180/2180/2180 2181/2181/2181
f 2182/2182/2182 2183/2183/2183 2184/2184/2184
f 2185/2185/2185 2186/2186/2186 2187/2187/2187
f 2188/2188/2188 2189/2189/2189 2190/2190/2190
f 2191/2191/2191 2192/2192/2192 2193/2193/2193
f 2194/2194/2194 2195/2195/2195 2196/2196/2196
f 2197/2197/2197 2198/2198/2198 2199/2199/2199
f 2200/2200/2200 2201/2201/2201 2202/2202/2202
f 2203/2203/2203 2204/2204/2204 2205/2205/2205
f 2206/2206/2206 2207/2207/2207 2208/2208/2208
f 2209/2209/2209 2210/2210/2210 2211/2211/2211
f 2212/2212/2212 2213/2213/2213 2214/2214/2214
f 2215/2215/2215 2216/2216/2216 2217/2217/2217
f 2218/2218/2218 2219/2219/2219 2220/2220/2220
f 2221/2221/2221 2222/2222/2222 2223/2223/2223
f 2224/2224/2224 2225/2225/2225 2226/2226/2226
f 2227/2227/2227 2228/2228/2228 2229/2229/2229
f 2230/2230/2230 2231/2231/2231 2232/2232/2232
f 2233/2233/2233 2234/2234/2234 2235/2235/2235
f 2236/2236/2236 2237/2237/2237 2238/2238/2238
f 2239/2239/2239 2240/2240/2240 2241/2241/2241
f 2242/2242/2242 2243/2243/2243 2244/2244/2244
f 2245/2245/2245 2246/2246/2246 2247/2247/2247
f 2248/2248/2248 2249/2249/2249 2250/2250/2250
f 2251/2251/2251 2252/2252/2252 2253/2253/2253
f 2254/2254/2254 2255/2255/2255 2256/2256/2256
f 2257/2257/2257 2258/2258/2258 2259/2259/2259
f 2260/2260/2260 2261/2261/2261 2262/2262/2262
f 2263/2263/2263 2264/2264/2264 2265/2265/2265
f 2266/2266/2266 2267/2267/2267 2268/2268/2268
f 2269/2269/2269 2270/2270/2270 2271/2271/2271
f 2272/2272/2272 2273/2273/2273 2274/2274/2274
f 2275/2275/2275 2276/2276/2276 2277/2277/2277
f 2278/2278/2278 2279/2279/2279 2280/2280/2280
f 2281/2281/2281 2282/2282/2282 2283/2283/2283
f 2284/2284/2284 2285/2285/2285 2286/2286/2286
f 2287/2287/2287 2288/2288/2288 2289/2289/2289
f 2290/2290/2290 2291/2291/2291 2292/2292/2292
f 2293/2293/2293 2294/2294/2294 2295/2295/2295
f 2296/2296/2296 2297/2297/2297 2298/2298/2298
f 2299/2299/2299 2300/2300/2300 2301/2301/2301
f 2302/2302/2302 2303/2303/2303 2304/2304/2304
f 2305/2305/2305 2306/2306/2306 2307/2307/2307
f 2308/2308/2308 2309/2309/2309 2310/2310/2310
f 2311/2311/2311 2312/2312/2312 2313/2313/2313
f 2314/2314/2314 2315/2315/2315 2316/2316/2316
f 2317/2317/2317 2318/2318/2318 2319/2319/2319
f 2320/2320/2320 2321/2321/2321 2322/2322/2322
f 2323/2323/2323 2324/2324/2324 2325/2325/2325
f 2326/2326/2326 2327/2327/2327 2328/2328/2328
f 2329/2329/2329 2330/2330/2330 2331/2331/2331
f 2332/2332/2332 2333/2333/2333 2334/2334/2334
f 2335/2335/2335 2336/2336/2336 2337/2337/2337
f 2338/2338/2338 2339/2339/2339 2340/2340/2340
f 2341/2341/2341 2342/2342/2342 2343/2343/2343
f 2344/2344/2344 2345/2345/2345 2346/2346/2346
f 2347/2347/2347 2348/2348/2348 2349/2349/2349
f 2350/2350/2350 2351/2351/2351 2352/2352/2352
f 2353/2353/2353 2354/2354/2354 2355/2355/2355
f 2356/2356/2356 2357/2357/2357 2358/2358/2358
f 2359/2359/2359 2360/2360/2360 2361/2361/2361
f 2362/2362/2362 2363/2363/2363 2364/2364/2364
f 2365/2365/2365 2366/2366/2366 2367/2367/2367
f 2368/2368/2368 2369/2369/2369 2370/2370/2370
f 2371/2371/2371 2372/2372/2372 2373/2373/2373
f 2374/2374/2374 2375/2375/2375 2376/2376/2376
f 2377/2377/2377 2378/2378/2378 2379/2379/2379
f 2380/2380/2380 2381/2381/2381 2382/2382/2382
f 2383/2383/2383 2384/2384/2384 2385/2385/2385
f 2386/2386/2386 2387/2387/2387 2388/2388/2388
f 2389/2389/2389 2390/2390/2390 2391/2391/2391
f 2392/2392/2392 2393/2393/2393 2394/2394/2394
f 2395/2395/2395 2396/2396/2396 2397/2397/2397
f 2398/2398/2398 2399/2399/2399 2400/2400/2400
f 2401/2401/2401 2402/2402/2402 2403/2403/2403
f 2404/2404/2404 2405/2405/2405 2406/2406/2406
f 2407/2407/2407 2408/2408/2408 2409/2409/2409
f 2410/2410/2410 2411/2411/2411 2412/2412/2412
f 2413/2413/2413 2414/2414/2414 2415/2415/2415
f 2416/2416/2416 2417/2417/2417 2418/2418/2418
f 2419/2419/2419 2420/2420/2420 2421/2421/2421
f 2422/2422/2422 2423/2423/2423 2424/2424/2424
f 2425/2425/2425 2426/2426/2426 2427/2427/2427
f 2428/2428/2428 2429/2429/2429 2430/2430/2430
f 2431/2431/2431 2432/2432/2432 2433/2433/2433
f 2434/2434/2434 2435/2435/2435 2436/2436/2436
f 2437/2437/2437 2438/2438/2438 2439/2439/2439
f 2440/2440/2440 2441/2441/2441 2442/2442/2442
f 2443/2443/2443 2444/2444/2444 2445/2445/2445
f 2446/2446/2446 2447/2447/2447 2448/2448/2448
f 2449/2449/2449 2450/2450/2450 2451/2451/2451
f 2452/2452/2452 2453/2453/2453 2454/2454/2454
f 2455/2455/2455 2456/2456/2456 2457/2457/2457
f 2458/2458/2458 2459/2459/2459 2460/2460/2460
f 2461/2461/2461 2462/2462/2462 2463/2463/2463
f 2464/2464/2464 2465/2465/2465 2466/2466/2466
f 2467/2467/2467 2468/2468/2468 2469/2469/2469
f 2470/2470/2470 2471/2471/2471 2472/2472/2472
f 2473/2473/2473 2474/2474/2474 2475/2475/2475
f 2476/2476/2476 2477/2477/2477 2478/2478/2478
f 2479/2479/2479 2480/2480/2480 2481/2481/2481
f 2482/2482/2482 2483/2483/2483 2484/2484/2484
f 2485/2485/2485 2486/2486/2486 2487/2487/2487
f 2488/2488/2488 2489/2489/2489 2490/2490/2490
f 2491/2491/2491 2492/2492/2492 2493/2493/2493
f 2494/2494/2494 2495/2495/2495 2496/2496/2496
f 2497/2497/2497 2498/2498/2498 2499/2499/2499
f 2500/2500/2500 2501/2501/2501 2502/2502/2502
f 2503/2503/2503 2504/2504/2504 2505/2505/2505
f 2506/2506/2506 2507/2507/2507 2508/2508/2508
f 2509/2509/2509 2510/2510/2510 2511/2511/2511
f 2512/2512/2512 2513/2513/2513 2514/2514/2514
f 2515/2515/2515 2516/2516/2516 2517/2517/2517
f 2518/2518/2518 2519/2519/2519 2520/2520/2520
f 2521/2521/2521 2522/2522/2522 2523/2523/2523
f 2524/2524/2524 2525/2525/2525 2526/2526/2526
f 2527/2527/2527 2528/2528/2528 2529/2529/2529
f 2530/2530/2530 2531/2531/2531 2532/2532/2532
f 2533/2533/2533 2534/2534/2534 2535/2535/2535
f 2536/2536/2536 2537/2537/2537 2538/2538/2538
f 2539/2539/2539 2540/2540/2540 2541/2541/2541
f 2542/2542/2542 2543/2543/2543 2544/2544/2544
f 2545/2545/2545 2546/2546/2546 2547/2547/2547
f 2548/2548/2548 2549/2549/2549 2550/2550/2550
f 2551/2551/2551 2552/2552/2552 2553/2553/2553
f 2554/2554/2554 2555/2555/2555 2556/2556/2556
f 2557/2557/2557 2558/2558/2558 2559/2559/2559
f 2560/2560/2560 2561/2561/2561 2562/2562/2562
f 2563/2563/2563 2564/2564/2564 2565/2565/2565
f 2566/2566/2566 2567/2567/2567 2568/2568/2568
f 2569/2569/2569 2570/2570/2570 2571/2571/2571
f 2572/2572/2572 2573/2573/2573 2574/2574/2574
f 2575/2575/2575 2576/2576/2576 2577/2577/2577
f 2578/2578/2578 2579/2579/2579 2580/2580/2580
f 2581/2581/2581 2582/2582/2582 2583/2583/2583
f 2584/2584/2584 2585/2585/2585 2586/2586/2586
f 2587/2587/2587 2588/2588/2588 2589/2589/2589
f 2590/2590/2590 2591/2591/2591 2592/2592/2592
f 2593/2593/2593 2594/2594/2594 2595/2595/2595
f 2596/2596/2596 2597/2597/2597 2598/2598/2598
f 2599/2599/2599 2600/2600/2600 2601/2601/2601
f 2602/2602/2602 2603/2603/2603 2604/2604/2604
f 2605/2605/2605 2606/2606/2606 2607/2607/2607
f 2608/2608/2608 2609/2609/2609 2610/2610/2610
f 2611/2611/2611 2612/2612/2612 2613/2613/2613
f 2614/2614/2614 2615/2615/2615 2616/2616/2616
f 2617/2617/2617 2618/2618/2618 2619/2619/2619
f 2620/2620/2620 2621/2621/2621 2622/2622/2622
f 2623/2623/2623 2624/2624/2624 2625/2625/2625
f 2626/2626/2626 2627/2627/2627 2628/2628/2628
f 2629/2629/2629 2630/2630/2630 2631/2631/2631
f 2632/2632/2632 2633/2633/2633 2634/2634/2634
f 2635/2635/2635 2636/2636/2636 2637/2637/2637
f 2638/2638/2638 2639/2639/2639 2640/2640/2640
f 2641/2641/2641 2642/2642/2642 2643/2643/2643
f 2644/2644/2644 2645/2645/2645 2646/2646/2646
f 2647/2647/2647 2648/2648/2648 2649/2649/2649
f 2650/2650/2650 2651/2651/2651 2652/2652/2652
f 2653/2653/2653 2654/2654/2654 2655/2655/2655
f 2656/2656/2656 2657/2657/2657 2658/2658/2658
f 2659/2659/2659 2660/2660/2660 2661/2661/2661
f 2662/2662/2662 2663/2663/2663 2664/2664/2664
f 2665/2665/2665 2666/2666/2666 2667/2667/2667
f 2668/2668/2668 2669/2669/2669 2670/2670/2670
f 2671/2671/2671 2672/2672/2672 2673/2673/2673
f 2674/2674/2674 2675/2675/2675 2676/2676/2676
f 2677/2677/2677 2678/2678/2678 2679/2679/2679
f 2680/2680/2680 2681/2681/2681 2682/2682/2682
f 2683/2683/2683 2684/2684/2684 2685/2685/2685
f 2686/2686/2686 2687/2687/2687 2688/2688/2688
f 2689/2689/2689 2690/2690/2690 2691/2691/2691
f 2692/2692/2692 2693/2693/2693 2694/2694/2694
f 2695/2695/2695 2696/2696/2696 2697/2697/2697
f 2698/2698/2698 2699/2699/2699 2700/2700/2700
f 2701/2701/2701 2702/2702/2702 2703/2703/2703
f 2704/2704/2704 2705/2705/2705 2706/2706/2706
f 2707/2707/2707 2708/2708/2708 2709/2709/2709
f 2710/2710/2710 2711/2711/2711 2712/2712/2712
f 2713/2713/2713 2714/2714/2714 2715/2715/2715
f 2716/2716/2716 2717/2717/2717 2718/2718/2718
f 2719/2719/2719 2720/2720/2720 2721/2721/2721
f 2722/2722/2722 2723/2723/2723 2724/2724/2724
f 2725/2725/2725 2726/2726/2726 2727/2727/2727
f 2728/2728/2728 2729/2729/2729 2730/2730/2730
f 2731/2731/2731 2732/2732/2732 2733/2733/2733
f 2734/2734/2734 2735/2735/2735 2736/2736/2736
f 2737/2737/2737 2738/2738/2738 2739/2739/2739
f 2740/2740/2740 2741/2741/2741 2742/2742/2742
f 2743/2743/2743 2744/2744/2744 2745/2745/2745
f 2746/2746/2746 2747/2747/2747 2748/2748/2748
f 2749/2749/2749 2750/2750/2750 2751/2751/2751
f 2752/2752/2752 2753/2753/2753 2754/2754/2754
f 2755/2755/2755 2756/2756/2756 2757/2757/2757
f 2758/2758/2758 2759/2759/2759 2760/2760/2760
f 2761/2761/2761 2762/2762/2762 2763/2763/2763
f 2764/2764/2764 2765/2765/2765 2766/2766/2766
f 2767/2767/2767 2768/2768/2768 2769/2769/2769
f 2770/2770/2770 2771/2771/2771 2772/2772/2772
f 2773/2773/2773 2774/2774/2774 2775/2775/2775
f 2776/2776/2776 2777/2777/2777 2778/2778/2778
f 2779/2779/2779 2780/2780/2780 2781/2781/2781
f 2782/2782/2782 2783/2783/2783 2784/2784/2784
f 2785/2785/2785 2786/2786/2786 2787/2787/2787
f 2788/2788/2788 2789/2789/2789 2790/2790/2790
f 2791/2791/2791 2792/2792/2792 2793/2793/2793
f 2794/2794/2794 2795/2795/2795 2796/2796/2796
f 2797/2797/2797 2798/2798/2798 2799/2799/2799
f 2800/2800/2800 2801/2801/2801 2802/2802/2802
f 2803/2803/2803 2804/2804/2804 2805/2805/2805
f 2806/2806/2806 2807/2807/2807 2808/2808/2808
f 2809/2809/2809 2810/2810/2810 2811/2811/2811
f 2812/2812/2812 2813/2813/2813 2814/2814/2814
f 2815/2815/2815 2816/2816/2816 2817/2817/2817
f 2818/2818/2818 2819/2819/2819 2820/2820/2820
f 2821/2821/2821 2822/2822/2822 2823/2823/2823
f 2824/2824/2824 2825/2825/2825 2826/2826/2826
f 2827/2827/2827 2828/2828/2828 2829/2829/2829
f 2830/2830/2830 2831/2831/2831 2832/2832/2832
f 2833/2833/2833 2834/2834/2834 2835/2835/2835
f 2836/2836/2836 2837/2837/2837 2838/2838/2838
f 2839/2839/2839 2840/2840/2840 2841/2841/2841
f 2842/2842/2842 2843/2843/2843 2844/2844/2844
f 2845/2845/2845 2846/2846/2846 2847/2847/2847
f 2848/2848/2848 2849/2849/2849 2850/2850/2850
f 2851/2851/2851 2852/2852/2852 2853/2853/2853
f 2854/2854/2854 2855/2855/2855 2856/2856/2856
f 2857/2857/2857 2858/2858/2858 2859/2859/2859
f 2860/2860/2860 2861/2861/2861 2862/2862/2862
f 2863/2863/2863 2864/2864/2864 2865/2865/2865
f 2866/2866/2866 2867/2867/2867 2868/2868/2868
f 2869/2869/2869 2870/2870/2870 2871/2871/2871
f 2872/2872/2872 2873/2873/2873 2874/2874/2874
f 2875/2875/2875 2876/2876/2876 2877/2877/2877
f 2878/2878/2878 2879/2879/2879 2880/2880/2880
f 2881/2881/2881 2882/2882/2882 2883/2883/2883
f 2884/2884/2884 2885/2885/2885 2886/2886/2886
f 2887/2887/2887 2888/2888/2888 2889/2889/2889
f 2890/2890/2890 2891/2891/2891 2892/2892/2892
f 2893/2893/2893 2894/2894/2894 2895/2895/2895
f 2896/2896/2896 2897/2897/2897 2898/2898/2898
f 2899/2899/2899 2900/2900/2900 2901/2901/2901
f 2902/2902/2902 2903/2903/2903 2904/2904/2904
f 2905/2905/2905 2906/2906/2906 2907/2907/2907
f 2908/2908/2908 2909/2909/2909 2910/2910/2910
f 2911/2911/2911 2912/2912/2912 2913/2913/2913
f 2914/2914/2914 2915/2915/2915 2916/2916/2916
f 2917/2917/2917 2918/2918/2918 2919/2919/2919
f 2920/2920/2920 2921/2921/2921 2922/2922/2922
f 2923/2923/2923 2924/2924/2924 2925/2925/2925
f 2926/2926/2926 2927/2927/2927 2928/2928/2928
f 2929/2929/2929 2930/2930/2930 2931/2931/2931
f 2932/2932/2932 2933/2933/2933 2934/2934/2934
f 2935/2935/2935 2936/2936/2936 2937/2937/2937
f 2938/2938/2938 2939/2939/2939 2940/2940/2940
f 2941/2941/2941 2942/2942/2942 2943/2943/2943
f 2944/2944/2944 2945/2945/2945 2946/2946/2946
f 2947/2947/2947 2948/2948/2948 2949/2949/2949
f 2950/2950/2950 2951/2951/2951 2952/2952/2952
f 2953/2953/2953 2954/2954/2954 2955/2955/2955
f 2956/2956/2956 2957/2957/2957 2958/2958/2958
f 2959/2959/2959 2960/2960/2960 2961/2961/2961
f 2962/2962/2962 2963/2963/2963 2964/2964/2964
f 2965/2965/2965 2966/2966/2966 2967/2967/2967
f 2968/2968/2968 2969/2969/2969 2970/2970/2970
f 2971/2971/2971 2972/2972/2972 2973/2973/2973
f 2974/2974/2974 2975/2975/2975 2976/2976/2976
f 2977/2977/2977 2978/2978/2978 2979/2979/2979
f 2980/2980/2980 2981/2981/2981 2982/2982/2982
f 2983/2983/2983 2984/2984/2984 2985/2985/2985
f 2986/2986/2986 2987/2987/2987 2988/2988/2988
f 2989/2989/2989 2990/2990/2990 2991/2991/2991
f 2992/2992/2992 2993/2993/2993 2994/2994/2994
f 2995/2995/2995 2996/2996/2996 2997/2997/2997
f 2998/2998/2998 2999/2999/2999 3000/3000/3000
f 3001/3001/3001 3002/3002/3002 3003/3003/3003
f 3004/3004/3004 3005/3005/3005 3006/3006/3006
f 3007/3007/3007 3008/3008/3008 3009/3009/3009
f 3010/3010/3010 3011/3011/3011 3012/3012/3012
f 3013/3013/3013 3014/3014/3014 3015/3015/3015
f 3016/3016/3016 3017/3017/3017 3018/3018/3018
f 3019/3019/3019 3020/3020/3020 3021/3021/3021
f 3022/3022/3022 3023/3023/3023 3024/3024/3024
f 3025/3025/3025 3026/3026/3026 3027/3027/3027
f 3028/3028/3028 3029/3029/3029 3030/3030/3030
f 3031/3031/3031 3032/3032/3032 3033/3033/3033
f 3034/3034/3034 3035/3035/3035 3036/3036/3036
f 3037/3037/3037 3038/3038/3038 3039/3039/3039
f 3040/3040/3040 3041/3041/3041 3042/3042/3042
f 3043/3043/3043 3044/3044/3044 3045/3045/3045
f 3046/3046/3046 3047/3047/3047 3048/3048/3048
f 3049/3049/3049 3050/3050/3050 3051/3051/3051
f 3052/3052/3052 3053/3053/3053 3054/3054/3054
f 3055/3055/3055 3056/3056/3056 3057/3057/3057
f 3058/3058/3058 3059/3059/3059 3060/3060/3060
f 3061/3061/3061 3062/3062/3062 3063/3063/3063
f 3064/3064/3064 3065/3065/3065 3066/3066/3066
f 3067/3067/3067 3068/3068/3068 3069/3069/3069
f 3070/3070/3070 3071/3071/3071 3072/3072/3072
f 3073/3073/3073 3074/3074/3074 3075/3075/3075
f 3076/3076/3076 3077/3077/3077 3078/3078/3078
f 3079/3079/3079 3080/3080/3080 3081/3081/3081
f 3082/3082/3082 3083/3083/3083 3084/3084/3084
f 3085/3085/3085 3086/3086/3086 3087/3087/3087
f 3088/3088/3088 3089/3089/3089 3090/3090/3090
f 3091/3091/3091 3092/3092/3092 3093/3093/3093
f 3094/3094/3094 3095/3095/3095 3096/3096/3096
f 3097/3097/3097 3098/3098/3098 3099/3099/3099
f 3100/3100/3100 3101/3101/3101 3102/3102/3102
f 3103/3103/3103 3104/3104/3104 3105/3105/3105
f 3106/3106/3106 3107/3107/3107 3108/3108/3108
f 3109/3109/3109 3110/3110/3110 3111/3111/3111
f 3112/3112/3112 3113/3113/3113 3114/3114/3114
f 3115/3115/3115 3116/3116/3116 3117/3117/3117
f 3118/3118/3118 3119/3119/3119 3120/3120/3120
f 3121/3121/3121 3122/3122/3122 3123/3123/3123
f 3124/3124/3124 3125/3125/3125 3126/3126/3126
f 3127/3127/3127 3128/3128/3128 3129/3129/3129
f 3130/3130/3130 3131/3131/3131 3132/3132/3132
f 3133/3133/3133 3134/3134/3134 3135/3135/3135
f 3136/3136/3136 3137/3137/3137 3138/3138/3138
f 3139/3139/3139 3140/3140/3140 3141/3141/3141
f 3142/3142/3142 3143/3143/3143 3144/3144/3144
f 3145/3145/3145 3146/3146/3146 3147/3147/3147
f 3148/3148/3148 3149/3149/3149 3150/3150/3150
f 3151/3151/3151 3152/3152/3152 3153/3153/3153
f 3154/3154/3154 3155/3155/3155 3156/3156/3156
f 3157/3157/3157 3158/3158/3158 3159/3159/3159
f 3160/3160/3160 3161/3161/3161 3162/3162/3162
f 3163/3163/3163 3164/3164/3164 3165/3165/3165
f 3166/3166/3166 3167/3167/3167 3168/3168/3168
f 3169/3169/3169 3170/3170/3170 3171/3171/3171
f 3172/3172/3172 3173/3173/3173 3174/3174/3174
f 3175/3175/3175 3176/3176/3176 3177/3177/3177
f 3178/3178/3178 3179/3179/3179 3180/3180/3180
f 3181/3181/3181 3182/3182/3182 3183/3183/3183
f 3184/3184/3184 3185/3185/3185 3186/3186/3186
f 3187/3187/3187 3188/3188/3188 3189/3189/3189
f 3190/3190/3190 3191/3191/3191 3192/3192/3192
f 3193/3193/3193 3194/3194/3194 3195/3195/3195
f 3196/3196/3196 3197/3197/3197 3198/3198/3198
f 3199/3199/3199 3200/3200/3200 3201/3201/3201
f 3202/3202/3202 3203/3203/3203 3204/3204/3204
f 3205/3205/3205 3206/3206/3206 3207/3207/3207
f 3208/3208/3208 3209/3209/3209 3210/3210/3210
f 3211/3211/3211 3212/3212/3212 3213/3213/3213
f 3214/3214/3214 3215/3215/3215 3216/3216/3216
f 3217/3217/3217 3218/3218/3218 3219/3219/3219
f 3220/3220/3220 3221/3221/3221 3222/3222/3222
f 3223/3223/3223 3224/3224/3224 3225/3225/3225
f 3226/3226/3226 3227/3227/3227 3228/3228/3228
f 3229/3229/3229 3230/3230/3230 3231/3231/3231
f 3232/3232/3232 3233/3233/3233 3234/3234/3234
f 3235/3235/3235 3236/3236/3236 3237/3237/3237
f 3238/3238/3238 3239/3239/3239 3240/3240/3240
f 3241/3241/3241 3242/3242/3242 3243/3243/3243
f 3244/3244/3244 3245/3245/3245 3246/3246/3246
f 3247/3247/3247 3248/3248/3248 3249/3249/3249
f 3250/3250/3250 3251/3251/3251 3252/3252/3252
f 3253/3253/3253 3254/3254/3254 3255/3255/3255
f 3256/3256/3256 3257/3257/3257 3258/3258/3258
f 3259/3259/3259 3260/3260/3260 3261/3261/3261
f 3262/3262/3262 3263/3263/3263 3264/3264/3264
f 3265/3265/3265 3266/3266/3266 3267/3267/3267
f 3268/3268/3268 3269/3269/3269 3270/3270/3270
f 3271/3271/3271 3272/3272/3272 3273/3273/3273
f 3274/3274/3274 3275/3275/3275 3276/3276/3276
f 3277/3277/3277 3278/3278/3278 3279/3279/3279
f 3280/3280/3280 3281/3281/3281 3282/3282/3282
f 3283/3283/3283 3284/3284/3284 3285/3285/3285
f 3286/3286/3286 3287/3287/3287 3288/3288/3288
f 3289/3289/3289 3290/3290/3290 3291/3291/3291
f 3292/3292/3292 3293/3293/3293 3294/3294/3294
f 3295/3295/3295 3296/3296/3296 3297/3297/3297
f 3298/3298/3298 3299/3299/3299 3300/3300/3300
f 3301/3301/3301 3302/3302/3302 3303/3303/3303
f 3304/3304/3304 3305/3305/3305 3306/3306/3306
f 3307/3307/3307 3308/3308/3308 3309/3309/3309
f 3310/3310/3310 3311/3311/3311 3312/3312/3312
f 3313/3313/3313 3314/3314/3314 3315/3315/3315
f 3316/3316/3316 3317/3317/3317 3318/3318/3318
f 3319/3319/3319 3320/3320/3320 3321/3321/3321
f 3322/3322/3322 3323/3323/3323 3324/3324/3324
f 3325/3325/3325 3326/3326/3326 3327/3327/3327
f 3328/3328/3328 3329/3329/3329 3330/3330/3330
f 3331/3331/3331 3332/3332/3332 3333/3333/3333
f 3334/3334/3334 3335/3335/3335 3336/3336/3336
f 3337/3337/3337 3338/3338/3338 3339/3339/3339
f 3340/3340/3340 3341/3341/3341 3342/3342/3342
f 3343/3343/3343 3344/3344/3344 3345/3345/3345
f 3346/3346/3346 3347/3347/3347 3348/3348/3348
f 3349/3349/3349 3350/3350/3350 3351/3351/3351
f 3352/3352/3352 3353/3353/3353 3354/3354/3354
f 3355/3355/3355 3356/3356/3356 3357/3357/3357
f 3358/3358/3358 3359/3359/3359 3360/3360/3360
f 3361/3361/3361 3362/3362/3362 3363/3363/3363
f 3364/3364/3364 3365/3365/3365 3366/3366/3366
f 3367/3367/3367 3368/3368/3368 3369/3369/3369
f 3370/3370/3370 3371/3371/3371 3372/3372/3372
f 3373/3373/3373 3374/3374/3374 3375/3375/3375
f 3376/3376/3376 3377/3377/3377 3378/3378/3378
f 3379/3379/3379 3380/3380/3380 3381/3381/3381
f 3382/3382/3382 3383/3383/3383 3384/3384/3384
f 3385/3385/3385 3386/3386/3386 3387/3387/3387
f 3388/3388/3388 3389/3389/3389 3390/3390/3390
f 3391/3391/3391 3392/3392/3392 3393/3393/3393
f 3394/3394/3394 3395/3395/3395 3396/3396/3396
f 3397/3397/3397 3398/3398/3398 3399/3399/3399
f 3400/3400/3400 3401/3401/3401 3402/3402/3402
f 3403/3403/3403 3404/3404/3404 3405/3405/3405
f 3406/3406/3406 3407/3407/3407 3408/3408/3408
f 3409/3409/3409 3410/3410/3410 3411/3411/3411
f 3412/3412/3412 3413/3413/3413 3414/3414/3414
f 3415/3415/3415 3416/3416/3416 3417/3417/3417
f 3418/3418/3418 3419/3419/3419 3420/3420/3420
f 3421/3421/3421 3422/3422/3422 3423/3423/3423
f 3424/3424/3424 3425/3425/3425 3426/3426/3426
f 3427/3427/3427 3428/3428/3428 3429/3429/3429
f 3430/3430/3430 3431/3431/3431 3432/3432/3432
f 3433/3433/3433 3434/3434/3434 3435/3435/3435
f 3436/3436/3436 3437/3437/3437 3438/3438/3438
f 3439/3439/3439 3440/3440/3440 3441/3441/3441
f 3442/3442/3442 3443/3443/3443 3444/3444/3444
f 3445/3445/3445 3446/3446/3446 3447/3447/3447
f 3448/3448/3448 3449/3449/3449 3450/3450/3450
f 3451/3451/3451 3452/3452/3452 3453/3453/3453
f 3454/3454/3454 3455/3455/3455 3456/3456/3456
f 3457/3457/3457 3458/3458/3458 3459/3459/3459
f 3460/3460/3460 3461/3461/3461 3462/3462/3462
f 3463/3463/3463 3464/3464/3464 3465/3465/3465
f 3466/3466/3466 3467/3467/3467 3468/3468/3468
f 3469/3469/3469 3470/3470/3470 3471/3471/3471
f 3472/3472/3472 3473/3473/3473 3474/3474/3474
f 3475/3475/3475 3476/3476/3476 3477/3477/3477
f 3478/3478/3478 3479/3479/3479 3480/3480/3480
f 3481/3481/3481 3482/3482/3482 3483/3483/3483
f 3484/3484/3484 3485/3485/3485 3486/3486/3486
f 3487/3487/3487 3488/3488/3488 3489/3489/3489
f 3490/3490/3490 3491/3491/3491 3492/3492/3492
f 3493/3493/3493 3494/3494/3494 3495/3495/3495
f 3496/3496/3496 3497/3497/3497 3498/3498/3498
f 3499/3499/3499 3500/3500/3500 3501/3501/3501
f 3502/3502/3502 3503/3503/3503 3504/3504/3504
f 3505/3505/3505 3506/3506/3506 3507/3507/3507
f 3508/3508/3508 3509/3509/3509 3510/3510/3510
f 3511/3511/3511 3512/3512/3512 3513/3513/3513
f 3514/3514/3514 3515/3515/3515 3516/3516/3516
f 3517/3517/3517 3518/3518/3518 3519/3519/3519
f 3520/3520/3520 3521/3521/3521 3522/3522/3522
f 3523/3523/3523 3524/3524/3524 3525/3525/3525
f 3526/3526/3526 3527/3527/3527 3528/3528/3528
f 3529/3529/3529 3530/3530/3530 3531/3531/3531
f 3532/3532/3532 3533/3533/3533 3534/3534/3534
f 3535/3535/3535 3536/3536/3536 3537/3537/3537
f 3538/3538/3538 3539/3539/3539 3540/3540/3540
f 3541/3541/3541 3542/3542/3542 3543/3543/3543
f 3544/3544/3544 3545/3545/3545 3546/3546/3546
f 3547/3547/3547 3548/3548/3548 3549/3549/3549
f 3550/3550/3550 3551/3551/3551 3552/3552/3552
f 3553/3553/3553 3554/3554/3554 3555/3555/3555
f 3556/3556/3556 3557/3557/3557 3558/3558/3558
f 3559/3559/3559 3560/3560/3560 3561/3561/3561
f 3562/3562/3562 3563/3563/3563 3564/3564/3564
f 3565/3565/3565 3566/3566/3566 3567/3567/3567
f 3568/3568/3568 3569/3569/3569 3570/3570/3570
f 3571/3571/3571 3572/3572/3572 3573/3573/3573
f 3574/3574/3574 3575/3575/3575 3576/3576/3576
f 3577/3577/3577 3578/3578/3578 3579/3579/3579
f 3580/3580/3580 3581/3581/3581 3582/3582/3582
f 3583/3583/3583 3584/3584/3584 3585/3585/3585
f 3586/3586/3586 3587/3587/3587 3588/3588/3588
f 3589/3589/3589 3590/3590/3590 3591/3591/3591
f 3592/3592/3592 3593/3593/3593 3594/3594/3594
f 3595/3595/3595 3596/3596/3596 3597/3597/3597
f 3598/3598/3598 3599/3599/3599 3600/3600/3600
f 3601/3601/3601 3602/3602/3602 3603/3603/3603
f 3604/3604/3604 3605/3605/3605 3606/3606/3606
f 3607/3607/3607 3608/3608/3608 3609/3609/3609
f 3610/3610/3610 3611/3611/3611 3612/3612/3612
f 3613/3613/3613 3614/3614/3614 3615/3615/3615
f 3616/3616/3616 3617/3617/3617 3618/3618/3618
f 3619/3619/3619 3620/3620/3620 3621/3621/3621
f 3622/3622/3622 3623/3623/3623 3624/3624/3624
f 3625/3625/3625 3626/3626/3626 3627/3627/3627
f 3628/3628/3628 3629/3629/3629 3630/3630/3630
f 3631/3631/3631 3632/3632/3632 3633/3633/3633
f 3634/3634/3634 3635/3635/3635 3636/3636/3636
f 3637/3637/3637 3638/3638/3638 3639/3639/3639
f 3640/3640/3640 3641/3641/3641 3642/3642/3642
f 3643/3643/3643 3644/3644/3644 3645/3645/3645
f 3646/3646/3646 3647/3647/3647 3648/3648/3648
f 3649/3649/3649 3650/3650/3650 3651/3651/3651
f 3652/3652/3652 3653/3653/3653 3654/3654/3654
f 3655/3655/3655 3656/3656/3656 3657/3657/3657
f 3658/3658/3658 3659/3659/3659 3660/3660/3660
f 3661/3661/3661 3662/3662/3662 3663/3663/3663
f 3664/3664/3664 3665/3665/3665 3666/3666/3666
f 3667/3667/3667 3668/3668/3668 3669/3669/3669
f 3670/3670/3670 3671/3671/3671 3672/3672/3672
f 3673/3673/3673 3674/3674/3674 3675/3675/3675
f 3676/3676/3676 3677/3677/3677 3678/3678/3678
f 3679/3679/3679 3680/3680/3680 3681/3681/3681
f 3682/3682/3682 3683/3683/3683 3684/3684/3684
f 3685/3685/3685 3686/3686/3686 3687/3687/3687
f 3688/3688/3688 3689/3689/3689 3690/3690/3690
f 3691/3691/3691 3692/3692/3692 3693/3693/3693
f 3694/3694/3694 3695/3695/3695 3696/3696/3696
f 3697/3697/3697 3698/3698/3698 3699/3699/3699
f 3700/3700/3700 3701/3701/3701 3702/3702/3702
f 3703/3703/3703 3704/3704/3704 3705/3705/3705
f 3706/3706/3706 3707/3707/3707 3708/3708/3708
f 3709/3709/3709 3710/3710/3710 3711/3711/3711
f 3712/3712/3712 3713/3713/3713 3714/3714/3714
f 3715/3715/3715 3716/3716/3716 3717/3717/3717
f 3718/3718/3718 3719/3719/3719 3720/3720/3720
f 3721/3721/3721 3722/3722/3722 3723/3723/3723
f 3724/3724/3724 3725/3725/3725 3726/3726/3726
f 3727/3727/3727 3728/3728/3728 3729/3729/3729
f 3730/3730/3730 3731/3731/3731 3732/3732/3732
f 3733/3733/3733 3734/3734/3734 3735/3735/3735
f 3736/3736/3736 3737/3737/3737 3738/3738/3738
f 3739/3739/3739 3740/3740/3740 3741/3741/3741
f 3742/3742/3742 3743/3743/3743 3744/3744/3744
f 3745/3745/3745 3746/3746/3746 3747/3747/3747
f 3748/3748/3748 3749/3749/3749 3750/3750/3750
f 3751/3751/3751 3752/3752/3752 3753/3753/3753
f 3754/3754/3754 3755/3755/3755 3756/3756/3756
f 3757/3757/3757 3758/3758/3758 3759/3759/3759
f 3760/3760/3760 3761/3761/3761 3762/3762/3762
f 3763/3763/3763 3764/3764/3764 3765/3765/3765
f 3766/3766/3766 3767/3767/3767 3768/3768/3768
f 3769/3769/3769 3770/3770/3770 3771/3771/3771
f 3772/3772/3772 3773/3773/3773 3774/3774/3774
f 3775/3775/3775 3776/3776/3776 3777/3777/3777
f 3778/3778/3778 3779/3779/3779 3780/3780/3780
f 3781/3781/3781 3782/3782/3782 3783/3783/3783
f 3784/3784/3784 3785/3785/3785 3786/3786/3786
f 3787/3787/3787 3788/3788/3788 3789/3789/3789
f 3790/3790/3790 3791/3791/3791 3792/3792/3792
f 3793/3793/3793 3794/3794/3794 3795/3795/3795
f 3796/3796/3796 3797/3797/3797 3798/3798/3798
f 3799/3799/3799 3800/3800/3800 3801/3801/3801
f 3802/3802/3802 3803/3803/3803 3804/3804/3804
f 3805/3805/3805 3806/3806/3806 3807/3807/3807
f 3808/3808/3808 3809/3809/3809 3810/3810/3810
f 3811/3811/3811 3812/3812/3812 3813/3813/3813
f 3814/3814/3814 3815/3815/3815 3816/3816/3816
f 3817/3817/3817 3818/3818/3818 3819/3819/3819
f 3820/3820/3820 3821/3821/3821 3822/3822/3822
f 3823/3823/3823 3824/3824/3824 3825/3825/3825
f 3826/3826/3826 3827/3827/3827 3828/3828/3828
f 3829/3829/3829 3830/3830/3830 3831/3831/3831
f 3832/3832/3832 3833/3833/3833 3834/3834/3834
f 3835/3835/3835 3836/3836/3836 3837/3837/3837
f 3838/3838/3838 3839/3839/3839 3840/3840/3840
f 3841/3841/3841 3842/3842/3842 3843/3843/3843
f 3844/3844/3844 3845/3845/3845 3846/3846/3846
f 3847/3847/3847 3848/3848/3848 3849/3849/3849
f 3850/3850/3850 3851/3851/3851 3852/3852/3852
f 3853/3853/3853 3854/3854/3854 3855/3855/3855
f 3856/3856/3856 3857/3857/3857 3858/3858/3858
f 3859/3859/3859 3860/3860/3860 3861/3861/3861
f 3862/3862/3862 3863/3863/3863 3864/3864/3864
f 3865/3865/3865 3866/3866/3866 3867/3867/3867
f 3868/3868/3868 3869/3869/3869 3870/3870/3870
f 3871/3871/3871 3872/3872/3872 3873/3873/3873
f 3874/3874/3874 3875/3875/3875 3876/3876/3876
f 3877/3877/3877 3878/3878/3878 3879/3879/3879
f 3880/3880/3880 3881/3881/3881 3882/3882/3882
f 3883/3883/3883 3884/3884/3884 3885/3885/3885
f 3886/3886/3886 3887/3887/3887 3888/3888/3888
f 3889/3889/3889 3890/3890/3890 3891/3891/3891
f 3892/3892/3892 3893/3893/3893 3894/3894/3894
f 3895/3895/3895 3896/3896/3896 3897/3897/3897
f 3898/3898/3898 3899/3899/3899 3900/3900/3900
f 3901/3901/3901 3902/3902/3902 3903/3903/3903
f 3904/3904/3904 3905/3905/3905 3906/3906/3906
f 3907/3907/3907 3908/3908/3908 3909/3909/3909
f 3910/3910/3910 3911/3911/3911 3912/3912/3912
f 3913/3913/3913 3914/3914/3914 3915/3915/3915
f 3916/3916/3916 3917/3917/3917 3918/3918/3918
f 3919/3919/3919 3920/3920/3920 3921/3921/3921
f 3922/3922/3922 3923/3923/3923 3924/3924/3924
f 3925/3925/3925 3926/3926/3926 3927/3927/3927
f 3928/3928/3928 3929/3929/3929 3930/3930/3930
f 3931/3931/3931 3932/3932/3932 3933/3933/3933
f 3934/3934/3934 3935/3935/3935 3936/3936/3936
f 3937/3937/3937 3938/3938/3938 3939/3939/3939
f 3940/3940/3940 3941/3941/3941 3942/3942/3942
f 3943/3943/3943 3944/3944/3944 3945/3945/3945
f 3946/3946/3946 3947/3947/3947 3948/3948/3948
f 3949/3949/3949 3950/3950/3950 3951/3951/3951
f 3952/3952/3952 3953/3953/3953 3954/3954/3954
f 3955/3955/3955 3956/3956/3956 3957/3957/3957
f 3958/3958/3958 3959/3959/3959 3960/3960/3960
f 3961/3961/3961 3962/3962/3962 3963/3963/3963
f 3964/3964/3964 3965/3965/3965 3966/3966/3966
f 3967/3967/3967 3968/3968/3968 3969/3969/3969
f 3970/3970/3970 3971/3971/3971 3972/3972/3972
f 3973/3973/3973 3974/3974/3974 3975/3975/3975
f 3976/3976/3976 3977/3977/3977 3978/3978/3978
f 3979/3979/3979 3980/3980/3980 3981/3981/3981
f 3982/3982/3982 3983/3983/3983 3984/3984/3984
f 3985/3985/3985 3986/3986/3986 3987/3987/3987
f 3988/3988/3988 3989/3989/3989 3990/3990/3990
f 3991/3991/3991 3992/3992/3992 3993/3993/3993
f 3994/3994/3994 3995/3995/3995 3996/3996/3996
f 3997/3997/3997 3998/3998/3998 3999/3999/3999
f 4000/4000/4000 4001/4001/4001 4002/4002/4002
f 4003/4003/4003 4004/4004/4004 4005/4005/4005
f 4006/4006/4006 4007/4007/4007 4008/4008/4008
f 4009/4009/4009 4010/4010/4010 4011/4011/4011
f 4012/4012/4012 4013/4013/4013 4014/4014/4014
f 4015/4015/4015 4016/4016/4016 4017/4017/4017
f 4018/4018/4018 4019/4019/4019 4020/4020/4020
f 4021/4021/4021 4022/4022/4022 4023/4023/4023
f 4024/4024/4024 4025/4025/4025 4026/4026/4026
f 4027/4027/4027 4028/4028/4028 4029/4029/4029
f 4030/4030/4030 4031/4031/4031 4032/4032/4032
f 4033/4033/4033 4034/4034/4034 4035/4035/4035
f 4036/4036/4036 4037/4037/4037 4038/4038/4038
f 4039/4039/4039 4040/4040/4040 4041/4041/4041
f 4042/4042/4042 4043/4043/4043 4044/4044/4044
f 4045/4045/4045 4046/4046/4046 4047/4047/4047
f 4048/4048/4048 4049/4049/4049 4050/4050/4050
f 4051/4051/4051 4052/4052/4052 4053/4053/4053
f 4054/4054/4054 4055/4055/4055 4056/4056/4056
f 4057/4057/4057 4058/4058/4058 4059/4059/4059
f 4060/4060/4060 4061/4061/4061 4062/4062/4062
f 4063/4063/4063 4064/4064/4064 4065/4065/4065
f 4066/4066/4066 4067/4067/4067 4068/4068/4068
f 4069/4069/4069 4070/4070/4070 4071/4071/4071
f 4072/4072/4072 4073/4073/4073 4074/4074/4074
f 4075/4075/4075 4076/4076/4076 4077/4077/4077
f 4078/4078/4078 4079/4079/4079 4080/4080/4080
f 4081/4081/4081 4082/4082/4082 4083/4083/4083
f 4084/4084/4084 4085/4085/4085 4086/4086/4086
f 4087/4087/4087 4088/4088/4088 4089/4089/4089
f 4090/4090/4090 4091/4091/4091 4092/4092/4092
f 4093/4093/4093 4094/4094/4094 4095/4095/4095
f 4096/4096/4096 4097/4097/4097 4098/4098/4098
f 4099/4099/4099 4100/4100/4100 4101/4101/4101
f 4102/4102/4102 4103/4103/4103 4104/4104/4104
f 4105/4105/4105 4106/4106/4106 4107/4107/4107
f 4108/4108/4108 4109/4109/4109 4110/4110/4110
f 4111/4111/4111 4112/4112/4112 4113/4113/4113
f 4114/4114/4114 4115/4115/4115 4116/4116/4116
f 4117/4117/4117 4118/4118/4118 4119/4119/4119
f 4120/4120/4120 4121/4121/4121 4122/4122/4122
f 4123/4123/4123 4124/4124/4124 4125/4125/4125
f 4126/4126/4126 4127/4127/4127 4128/4128/4128
f 4129/4129/4129 4130/4130/4130 4131/4131/4131
f 4132/4132/4132 4133/4133/4133 4134/4134/4134
f 4135/4135/4135 4136/4136/4136 4137/4137/4137
f 4138/4138/4138 4139/4139/4139 4140/4140/4140
f 4141/4141/4141 4142/4142/4142 4143/4143/4143
f 4144/4144/4144 4145/4145/4145 4146/4146/4146
f 4147/4147/4147 4148/4148/4148 4149/4149/4149
f 4150/4150/4150 4151/4151/4151 4152/4152/4152
f 4153/4153/4153 4154/4154/4154 4155/4155/4155
f 4156/4156/4156 4157/4157/4157 4158/4158/4158
f 4159/4159/4159 4160/4160/4160 4161/4161/4161
f 4162/4162/4162 4163/4163/4163 4164/4164/4164
f 4165/4165/4165 4166/4166/4166 4167/4167/4167
f 4168/4168/4168 4169/4169/4169 4170/4170/4170
f 4171/4171/4171 4172/4172/4172 4173/4173/4173
f 4174/4174/4174 4175/4175/4175 4176/4176/4176
f 4177/4177/4177 4178/4178/4178 4179/4179/4179
f 4180/4180/4180 4181/4181/4181 4182/4182/4182
f 4183/4183/4183 4184/4184/4184 4185/4185/4185
f 4186/4186/4186 4187/4187/4187 4188/4188/4188
f 4189/4189/4189 4190/4190/4190 4191/4191/4191
f 4192/4192/4192 4193/4193/4193 4194/4194/4194
f 4195/4195/4195 4196/4196/4196 4197/4197/4197
f 4198/4198/4198 4199/4199/4199 4200/4200/4200
f 4201/4201/4201 4202/4202/4202 4203/4203/4203
f 4204/4204/4204 4205/4205/4205 4206/4206/4206
f 4207/4207/4207 4208/4208/4208 4209/4209/4209
f 4210/4210/4210 4211/4211/4211 4212/4212/4212
f 4213/4213/4213 4214/4214/4214 4215/4215/4215
f 4216/4216/4216 4217/4217/4217 4218/4218/4218
f 4219/4219/4219 4220/4220/4220 4221/4221/4221
f 4222/4222/4222 4223/4223/4223 4224/4224/4224
f 4225/4225/4225 4226/4226/4226 4227/4227/4227
f 4228/4228/4228 4229/4229/4229 4230/4230/4230
f 4231/4231/4231 4232/4232/4232 4233/4233/4233
f 4234/4234/4234 4235/4235/4235 4236/4236/4236
f 4237/4237/4237 4238/4238/4238 4239/4239/4239
f 4240/4240/4240 4241/4241/4241 4242/4242/4242
f 4243/4243/4243 4244/4244/4244 4245/4245/4245
f 4246/4246/4246 4247/4247/4247 4248/4248/4248
f 4249/4249/4249 4250/4250/4250 4251/4251/4251
f 4252/4252/4252 4253/4253/4253 4254/4254/4254
f 4255/4255/4255 4256/4256/4256 4257/4257/4257
f 4258/4258/4258 4259/4259/4259 4260/4260/4260
f 4261/4261/4261 4262/4262/4262 4263/4263/4263
f 4264/4264/4264 4265/4265/4265 4266/4266/4266
f 4267/4267/4267 4268/4268/4268 4269/4269/4269
f 4270/4270/4270 4271/4271/4271 4272/4272/4272
f 4273/4273/4273 4274/4274/4274 4275/4275/4275
f 4276/4276/4276 4277/4277/4277 4278/4278/4278
f 4279/4279/4279 4280/4280/4280 4281/4281/4281
f 4282/4282/4282 4283/4283/4283 4284/4284/4284
f 4285/4285/4285 4286/4286/4286 4287/4287/4287
f 4288/4288/4288 4289/4289/4289 4290/4290/4290
f 4291/4291/4291 4292/4292/4292 4293/4293/4293
f 4294/4294/4294 4295/4295/4295 4296/4296/4296
f 4297/4297/4297 4298/4298/4298 4299/4299/4299
f 4300/4300/4300 4301/4301/4301 4302/4302/4302
f 4303/4303/4303 4304/4304/4304 4305/4305/4305
f 4306/4306/4306 4307/4307/4307 4308/4308/4308
f 4309/4309/4309 4310/4310/4310 4311/4311/4311
f 4312/4312/4312 4313/4313/4313 4314/4314/4314
f 4315/4315/4315 4316/4316/4316 4317/4317/4317
f 4318/4318/4318 4319/4319/4319 4320/4320/4320
f 4321/4321/4321 4322/4322/4322 4323/4323/4323
f 4324/4324/4324 4325/4325/4325 4326/4326/4326
f 4327/4327/4327 4328/4328/4328 4329/4329/4329
f 4330/4330/4330 4331/4331/4331 4332/4332/4332
f 4333/4333/4333 4334/4334/4334 4335/4335/4335
f 4336/4336/4336 4337/4337/4337 4338/4338/4338
f 4339/4339/4339 4340/4340/4340 4341/4341/4341
f 4342/4342/4342 4343/4343/4343 4344/4344/4344
f 4345/4345/4345 4346/4346/4346 4347/4347/4347
f 4348/4348/4348 4349/4349/4349 4350/4350/4350
f 4351/4351/4351 4352/4352/4352 4353/4353/4353
f 4354/4354/4354 4355/4355/4355 4356/4356/4356
f 4357/4357/4357 4358/4358/4358 4359/4359/4359
f 4360/4360/4360 4361/4361/4361 4362/4362/4362
f 4363/4363/4363 4364/4364/4364 4365/4365/4365
f 4366/4366/4366 4367/4367/4367 4368/4368/4368
f 4369/4369/4369 4370/4370/4370 4371/4371/4371
f 4372/4372/4372 4373/4373/4373 4374/4374/4374
f 4375/4375/4375 4376/4376/4376 4377/4377/4377
f 4378/4378/4378 4379/4379/4379 4380/4380/4380
f 4381/4381/4381 4382/4382/4382 4383/4383/4383
f 4384/4384/4384 4385/4385/4385 4386/4386/4386
f 4387/4387/4387 4388/4388/4388 4389/4389/4389
f 4390/4390/4390 4391/4391/4391 4392/4392/4392
f 4393/4393/4393 4394/4394/4394 4395/4395/4395
f 4396/4396/4396 4397/4397/4397 4398/4398/4398
f 4399/4399/4399 4400/4400/4400 4401/4401/4401
f 4402/4402/4402 4403/4403/4403 4404/4404/4404
f 4405/4405/4405 4406/4406/4406 4407/4407/4407
f 4408/4408/4408 4409/4409/4409 4410/4410/4410
f 4411/4411/4411 4412/4412/4412 4413/4413/4413
f 4414/4414/4414 4415/4415/4415 4416/4416/4416
f 4417/4417/4417 4418/4418/4418 4419/4419/4419
f 4420/4420/4420 4421/4421/4421 4422/4422/4422
f 4423/4423/4423 4424/4424/4424 4425/4425/4425
f 4426/4426/4426 4427/4427/4427 4428/4428/4428
f 4429/4429/4429 4430/4430/4430 4431/4431/4431
f 4432/4432/4432 4433/4433/4433 4434/4434/4434
f 4435/4435/4435 4436/4436/4436 4437/4437/4437
f 4438/4438/4438 4439/4439/4439 4440/4440/4440
f 4441/4441/4441 4442/4442/4442 4443/4443/4443
f 4444/4444/4444 4445/4445/4445 4446/4446/4446
f 4447/4447/4447 4448/4448/4448 4449/4449/4449
f 4450/4450/4450 4451/4451/4451 4452/4452/4452
f 4453/4453/4453 4454/4454/4454 4455/4455/4455
f 4456/4456/4456 4457/4457/4457 4458/4458/4458
f 4459/4459/4459 4460/4460/4460 4461/4461/4461
f 4462/4462/4462 4463/4463/4463 4464/4464/4464
f 4465/4465/4465 4466/4466/4466 4467/4467/4467
f 4468/4468/4468 4469/4469/4469 4470/4470/4470
f 4471/4471/4471 4472/4472/4472 4473/4473/4473
f 4474/4474/4474 4475/4475/4475 4476/4476/4476
f 4477/4477/4477 4478/4478/4478 4479/4479/4479
f 4480/4480/4480 4481/4481/4481 4482/4482/4482
f 4483/4483/4483 4484/4484/4484 4485/4485/4485
f 4486/4486/4486 4487/4487/4487 4488/4488/4488
f 4489/4489/4489 4490/4490/4490 4491/4491/4491
f 4492/4492/4492 4493/4493/4493 4494/4494/4494
f 4495/4495/4495 4496/4496/4496 4497/4497/4497
f 4498/4498/4498 4499/4499/4499 4500/4500/4500
f 4501/4501/4501 4502/4502/4502 4503/4503/4503
f 4504/4504/4504 4505/4505/4505 4506/4506/4506
f 4507/4507/4507 4508/4508/4508 4509/4509/4509
f 4510/4510/4510 4511/4511/4511 4512/4512/4512
f 4513/4513/4513 4514/4514/4514 4515/4515/4515
f 4516/4516/4516 4517/4517/4517 4518/4518/4518
f 4519/4519/4519 4520/4520/4520 4521/4521/4521
f 4522/4522/4522 4523/4523/4523 4524/4524/4524
f 4525/4525/4525 4526/4526/4526 4527/4527/4527
f 4528/4528/4528 4529/4529/4529 4530/4530/4530
f 4531/4531/4531 4532/4532/4532 4533/4533/4533
f 4534/4534/4534 4535/4535/4535 4536/4536/4536
f 4537/4537/4537 4538/4538/4538 4539/4539/4539
f 4540/4540/4540 4541/4541/4541 4542/4542/4542
f 4543/4543/4543 4544/4544/4544 4545/4545/4545
f 4546/4546/4546 4547/4547/4547 4548/4548/4548
f 4549/4549/4549 4550/4550/4550 4551/4551/4551
f 4552/4552/4552 4553/4553/4553 4554/4554/4554
f 4555/4555/4555 4556/4556/4556 4557/4557/4557
f 4558/4558/4558 4559/4559/4559 4560/4560/4560
f 4561/4561/4561 4562/4562/4562 4563/4563/4563
f 4564/4564/4564 4565/4565/4565 4566/4566/4566
f 4567/4567/4567 4568/4568/4568 4569/4569/4569
f 4570/4570/4570 4571/4571/4571 4572/4572/4572
f 4573/4573/4573 4574/4574/4574 4575/4575/4575
f 4576/4576/4576 4577/4577/4577 4578/4578/4578
f 4579/4579/4579 4580/4580/4580 4581/4581/4581
f 4582/4582/4582 4583/4583/4583 4584/4584/4584
f 4585/4585/4585 4586/4586/4586 4587/4587/4587
f 4588/4588/4588 4589/4589/4589 4590/4590/4590
f 4591/4591/4591 4592/4592/4592 4593/4593/4593
f 4594/4594/4594 4595/4595/4595 4596/4596/4596
f 4597/4597/4597 4598/4598/4598 4599/4599/4599
f 4600/4600/4600 4601/4601/4601 4602/4602/4602
f 4603/4603/4603 4604/4604/4604 4605/4605/4605
f 4606/4606/4606 4607/4607/4607 4608/4608/4608
f 4609/4609/4609 4610/4610/4610 4611/4611/4611
f 4612/4612/4612 4613/4613/4613 4614/4614/4614
f 4615/4615/4615 4616/4616/4616 4617/4617/4617
f 4618/4618/4618 4619/4619/4619 4620/4620/4620
f 4621/4621/4621 4622/4622/4622 4623/4623/4623
f 4624/4624/4624 4625/4625/4625 4626/4626/4626
f 4627/4627/4627 4628/4628/4628 4629/4629/4629
f 4630/4630/4630 4631/4631/4631 4632/4632/4632
f 4633/4633/4633 4634/4634/4634 4635/4635/4635
f 4636/4636/4636 4637/4637/4637 4638/4638/4638
f 4639/4639/4639 4640/4640/4640 4641/4641/4641
f 4642/4642/4642 4643/4643/4643 4644/4644/4644
f 4645/4645/4645 4646/4646/4646 4647/4647/4647
f 4648/4648/4648 4649/4649/4649 4650/4650/4650
f 4651/4651/4651 4652/4652/4652 4653/4653/4653
f 4654/4654/4654 4655/4655/4655 4656/4656/4656
f 4657/4657/4657 4658/4658/4658 4659/4659/4659
f 4660/4660/4660 4661/4661/4661 4662/4662/4662
f 4663/4663/4663 4664/4664/4664 4665/4665/4665
f 4666/4666/4666 4667/4667/4667 4668/4668/4668
f 4669/4669/4669 4670/4670/4670 4671/4671/4671
f 4672/4672/4672 4673/4673/4673 4674/4674/4674
