o shoulderRollRight
usemtl 黑色
v -0.012699959799647331 -0.02242797054350376 0.015912950038909912
v -0.012699959799647331 -0.02540694922208786 0.010523970238864422
v -0.005399941932410002 -0.023328950628638268 0.014560990035533905
v -0.012699959799647331 -0.02540694922208786 0.010523970238864422
v -0.005399941932410002 -0.02540694922208786 0.010523970238864422
v -0.005399941932410002 -0.023328950628638268 0.014560990035533905
v -0.0033999679144471884 -0.014534950256347656 0.023344989866018295
v -0.005399941932410002 -0.014534950256347656 0.023344989866018295
v -0.012699959799647331 -0.018324969336390495 0.020504949614405632
v -0.005399941932410002 -0.014534950256347656 0.023344989866018295
v -0.005399941932410002 -0.013301960192620754 0.02406894974410534
v -0.012699959799647331 -0.018324969336390495 0.020504949614405632
v -0.012699959799647331 -0.018324969336390495 0.020504949614405632
v -0.005399941932410002 -0.013301960192620754 0.02406894974410534
v -0.012699959799647331 -0.013301960192620754 0.02406894974410534
v -0.005399941932410002 -0.013301960192620754 0.02406894974410534
v -0.005399941932410002 -0.007612943183630705 0.02642500028014183
v -0.012699959799647331 -0.013301960192620754 0.02406894974410534
v -0.012699959799647331 -0.0015419720439240336 0.027456989511847496
v -0.012699959799647331 -0.007612943183630705 0.02642500028014183
v -0.005399941932410002 -0.00622898293659091 0.026784950867295265
v -0.012699959799647331 -0.007612943183630705 0.02642500028014183
v -0.005399941932410002 -0.007612943183630705 0.02642500028014183
v -0.005399941932410002 -0.00622898293659091 0.026784950867295265
v -0.012699959799647331 -0.007612943183630705 0.02642500028014183
v -0.012699959799647331 -0.013301960192620754 0.02406894974410534
v -0.005399941932410002 -0.007612943183630705 0.02642500028014183
v -0.005399941932410002 0.00622898293659091 0.026784950867295265
v -0.005399941932410002 0.010523970238864422 0.02540694922208786
v -0.012699959799647331 0.004605947993695736 0.0271109901368618
v -0.012699959799647331 0.015912950038909912 0.02242797054350376
v -0.012699959799647331 0.010523970238864422 0.02540694922208786
v -0.005399941932410002 0.014534950256347656 0.023344989866018295
v -0.012699959799647331 0.010523970238864422 0.02540694922208786
v -0.005399941932410002 0.010523970238864422 0.02540694922208786
v -0.005399941932410002 0.014534950256347656 0.023344989866018295
v -0.012699959799647331 0.010523970238864422 0.02540694922208786
v -0.012699959799647331 0.004605947993695736 0.0271109901368618
v -0.005399941932410002 0.010523970238864422 0.02540694922208786
v -0.0033999679144471884 0.023344989866018295 0.014534950256347656
v -0.005399941932410002 0.023344989866018295 0.014534950256347656
v -0.012699959799647331 0.020504949614405632 0.018324969336390495
v -0.005399941932410002 0.023344989866018295 0.014534950256347656
v -0.005399941932410002 0.02406894974410534 0.013301960192620754
v -0.012699959799647331 0.020504949614405632 0.018324969336390495
v -0.012699959799647331 0.020504949614405632 0.018324969336390495
v -0.005399941932410002 0.02406894974410534 0.013301960192620754
v -0.012699959799647331 0.02406894974410534 0.013301960192620754
v -0.005399941932410002 0.02406894974410534 0.013301960192620754
v -0.005399941932410002 0.02642500028014183 0.007612943183630705
v -0.012699959799647331 0.02406894974410534 0.013301960192620754
v -0.012699959799647331 0.027456989511847496 0.0015419720439240336
v -0.012699959799647331 0.02642500028014183 0.007612943183630705
v -0.005399941932410002 0.026784950867295265 0.00622898293659091
v -0.012699959799647331 0.02642500028014183 0.007612943183630705
v -0.005399941932410002 0.02642500028014183 0.007612943183630705
v -0.005399941932410002 0.026784950867295265 0.00622898293659091
v -0.012699959799647331 0.02642500028014183 0.007612943183630705
v -0.012699959799647331 0.02406894974410534 0.013301960192620754
v -0.005399941932410002 0.02642500028014183 0.007612943183630705
v -0.012699959799647331 0.02540694922208786 -0.010523970238864422
v -0.005399941932410002 0.026784950867295265 -0.00622898293659091
v -0.005399941932410002 0.02540694922208786 -0.010523970238864422
v -0.012699959799647331 0.02540694922208786 -0.010523970238864422
v -0.012699959799647331 0.0271109901368618 -0.004605947993695736
v -0.005399941932410002 0.026784950867295265 -0.00622898293659091
v -0.003397940890863538 -0.023368949070572853 0.01449298020452261
v -0.0033999679144471884 -0.02128898911178112 0.017407000064849854
v -0.005399941932410002 -0.023328950628638268 0.014560990035533905
v -0.0033999679144471884 -0.02128898911178112 0.017407000064849854
v -0.012699959799647331 -0.02242797054350376 0.015912950038909912
v -0.005399941932410002 -0.023328950628638268 0.014560990035533905
v -0.0033999679144471884 -0.02128898911178112 0.017407000064849854
v -0.0033999679144471884 -0.018324969336390495 0.020504949614405632
v -0.012699959799647331 -0.02242797054350376 0.015912950038909912
v -0.0033999679144471884 -0.018324969336390495 0.020504949614405632
v -0.012699959799647331 -0.018324969336390495 0.020504949614405632
v -0.012699959799647331 -0.02242797054350376 0.015912950038909912
v -0.0033999679144471884 -0.018324969336390495 0.020504949614405632
v -0.0033999679144471884 -0.014534950256347656 0.023344989866018295
v -0.012699959799647331 -0.018324969336390495 0.020504949614405632
v -0.0033999679144471884 -0.00622898293659091 0.026784950867295265
v -0.0033999679144471884 -0.0015419720439240336 0.027456989511847496
v -0.005399941932410002 -0.00622898293659091 0.026784950867295265
v -0.0033999679144471884 -0.0015419720439240336 0.027456989511847496
v -0.012699959799647331 -0.0015419720439240336 0.027456989511847496
v -0.005399941932410002 -0.00622898293659091 0.026784950867295265
v -0.0033999679144471884 -0.0015419720439240336 0.027456989511847496
v -0.0033999679144471884 0.0027579660527408123 0.02736097015440464
v -0.012699959799647331 -0.0015419720439240336 0.027456989511847496
v -0.0033999679144471884 0.0027579660527408123 0.02736097015440464
v -0.012699959799647331 0.004605947993695736 0.0271109901368618
v -0.012699959799647331 -0.0015419720439240336 0.027456989511847496
v -0.0033999679144471884 0.0027579660527408123 0.02736097015440464
v -0.005399941932410002 0.00622898293659091 0.026784950867295265
v -0.012699959799647331 0.004605947993695736 0.0271109901368618
v -0.0033999679144471884 0.0027579660527408123 0.02736097015440464
v -0.0033119909930974245 0.0067139859311282635 0.026577940210700035
v -0.005399941932410002 0.00622898293659091 0.026784950867295265
v -0.002899944083765149 0.013286939822137356 0.023500969633460045
v -0.0033999679144471884 0.01739698089659214 0.021296970546245575
v -0.005399941932410002 0.014534950256347656 0.023344989866018295
v -0.0033999679144471884 0.01739698089659214 0.021296970546245575
v -0.012699959799647331 0.015912950038909912 0.02242797054350376
v -0.005399941932410002 0.014534950256347656 0.023344989866018295
v -0.0033999679144471884 0.01739698089659214 0.021296970546245575
v -0.0033999679144471884 0.020504949614405632 0.018324969336390495
v -0.012699959799647331 0.015912950038909912 0.02242797054350376
v -0.0033999679144471884 0.020504949614405632 0.018324969336390495
v -0.012699959799647331 0.020504949614405632 0.018324969336390495
v -0.012699959799647331 0.015912950038909912 0.02242797054350376
v -0.0033999679144471884 0.020504949614405632 0.018324969336390495
v -0.0033999679144471884 0.023344989866018295 0.014534950256347656
v -0.012699959799647331 0.020504949614405632 0.018324969336390495
v -0.0033999679144471884 0.026784950867295265 0.00622898293659091
v -0.0033999679144471884 0.027456989511847496 0.0015419720439240336
v -0.005399941932410002 0.026784950867295265 0.00622898293659091
v -0.0033999679144471884 0.027456989511847496 0.0015419720439240336
v -0.012699959799647331 0.027456989511847496 0.0015419720439240336
v -0.005399941932410002 0.026784950867295265 0.00622898293659091
v -0.0033999679144471884 0.027456989511847496 0.0015419720439240336
v -0.0033999679144471884 0.02736097015440464 -0.0027579660527408123
v -0.012699959799647331 0.027456989511847496 0.0015419720439240336
v -0.0033999679144471884 0.02736097015440464 -0.0027579660527408123
v -0.012699959799647331 0.0271109901368618 -0.004605947993695736
v -0.012699959799647331 0.027456989511847496 0.0015419720439240336
v -0.0033999679144471884 0.02736097015440464 -0.0027579660527408123
v -0.005399941932410002 0.026784950867295265 -0.00622898293659091
v -0.012699959799647331 0.0271109901368618 -0.004605947993695736
v -0.0033999679144471884 0.02736097015440464 -0.0027579660527408123
v -0.002899944083765149 0.026016950607299805 -0.007219970226287842
v -0.005399941932410002 0.026784950867295265 -0.00622898293659091
v -0.012699959799647331 0.02242797054350376 -0.015912950038909912
v -0.012699959799647331 0.02540694922208786 -0.010523970238864422
v -0.005399941932410002 0.023328950628638268 -0.014560990035533905
v -0.012699959799647331 0.02540694922208786 -0.010523970238864422
v -0.005399941932410002 0.02540694922208786 -0.010523970238864422
v -0.005399941932410002 0.023328950628638268 -0.014560990035533905
v -0.0033999679144471884 0.014534950256347656 -0.023344989866018295
v -0.005399941932410002 0.014534950256347656 -0.023344989866018295
v -0.012699959799647331 0.018324969336390495 -0.020504949614405632
v -0.005399941932410002 0.014534950256347656 -0.023344989866018295
v -0.005399941932410002 0.013301960192620754 -0.02406894974410534
v -0.012699959799647331 0.018324969336390495 -0.020504949614405632
v -0.012699959799647331 0.018324969336390495 -0.020504949614405632
v -0.005399941932410002 0.013301960192620754 -0.02406894974410534
v -0.012699959799647331 0.013301960192620754 -0.02406894974410534
v -0.005399941932410002 0.013301960192620754 -0.02406894974410534
v -0.005399941932410002 0.007612943183630705 -0.02642500028014183
v -0.012699959799647331 0.013301960192620754 -0.02406894974410534
v -0.012699959799647331 0.0015419720439240336 -0.027456989511847496
v -0.012699959799647331 0.007612943183630705 -0.02642500028014183
v -0.005399941932410002 0.00622898293659091 -0.026784950867295265
v -0.012699959799647331 0.007612943183630705 -0.02642500028014183
v -0.005399941932410002 0.007612943183630705 -0.02642500028014183
v -0.005399941932410002 0.00622898293659091 -0.026784950867295265
v -0.012699959799647331 0.007612943183630705 -0.02642500028014183
v -0.012699959799647331 0.013301960192620754 -0.02406894974410534
v -0.005399941932410002 0.007612943183630705 -0.02642500028014183
v -0.005399941932410002 -0.00622898293659091 -0.026784950867295265
v -0.005399941932410002 -0.010523970238864422 -0.02540694922208786
v -0.012699959799647331 -0.004605947993695736 -0.0271109901368618
v -0.012699959799647331 -0.015912950038909912 -0.02242797054350376
v -0.012699959799647331 -0.010523970238864422 -0.02540694922208786
v -0.005399941932410002 -0.014534950256347656 -0.023344989866018295
v -0.012699959799647331 -0.010523970238864422 -0.02540694922208786
v -0.005399941932410002 -0.010523970238864422 -0.02540694922208786
v -0.005399941932410002 -0.014534950256347656 -0.023344989866018295
v -0.012699959799647331 -0.010523970238864422 -0.02540694922208786
v -0.012699959799647331 -0.004605947993695736 -0.0271109901368618
v -0.005399941932410002 -0.010523970238864422 -0.02540694922208786
v -0.0033999679144471884 -0.023344989866018295 -0.014534950256347656
v -0.005399941932410002 -0.023344989866018295 -0.014534950256347656
v -0.012699959799647331 -0.020504949614405632 -0.018324969336390495
v -0.005399941932410002 -0.023344989866018295 -0.014534950256347656
v -0.005399941932410002 -0.02406894974410534 -0.013301960192620754
v -0.012699959799647331 -0.020504949614405632 -0.018324969336390495
v -0.012699959799647331 -0.020504949614405632 -0.018324969336390495
v -0.005399941932410002 -0.02406894974410534 -0.013301960192620754
v -0.012699959799647331 -0.02406894974410534 -0.013301960192620754
v -0.005399941932410002 -0.02406894974410534 -0.013301960192620754
v -0.005399941932410002 -0.02642500028014183 -0.007612943183630705
v -0.012699959799647331 -0.02406894974410534 -0.013301960192620754
v -0.012699959799647331 -0.027456989511847496 -0.0015419720439240336
v -0.012699959799647331 -0.02642500028014183 -0.007612943183630705
v -0.005399941932410002 -0.026784950867295265 -0.00622898293659091
v -0.012699959799647331 -0.02642500028014183 -0.007612943183630705
v -0.005399941932410002 -0.02642500028014183 -0.007612943183630705
v -0.005399941932410002 -0.026784950867295265 -0.00622898293659091
v -0.012699959799647331 -0.02642500028014183 -0.007612943183630705
v -0.012699959799647331 -0.02406894974410534 -0.013301960192620754
v -0.005399941932410002 -0.02642500028014183 -0.007612943183630705
v -0.005399941932410002 -0.026784950867295265 0.00622898293659091
v -0.005399941932410002 -0.02540694922208786 0.010523970238864422
v -0.012699959799647331 -0.0271109901368618 0.004605947993695736
v -0.005399941932410002 -0.02540694922208786 0.010523970238864422
v -0.012699959799647331 -0.02540694922208786 0.010523970238864422
v -0.012699959799647331 -0.0271109901368618 0.004605947993695736
v -0.0033999679144471884 0.014534950256347656 -0.023344989866018295
v -0.012699959799647331 0.018324969336390495 -0.020504949614405632
v -0.0033999679144471884 0.018324969336390495 -0.020504949614405632
v -0.012699959799647331 0.018324969336390495 -0.020504949614405632
v -0.012699959799647331 0.02242797054350376 -0.015912950038909912
v -0.0033999679144471884 0.018324969336390495 -0.020504949614405632
v -0.012699959799647331 0.02242797054350376 -0.015912950038909912
v -0.0033999679144471884 0.02128898911178112 -0.017407000064849854
v -0.0033999679144471884 0.018324969336390495 -0.020504949614405632
v -0.012699959799647331 0.02242797054350376 -0.015912950038909912
v -0.005399941932410002 0.023328950628638268 -0.014560990035533905
v -0.0033999679144471884 0.02128898911178112 -0.017407000064849854
v -0.005399941932410002 0.023328950628638268 -0.014560990035533905
v -0.002899944083765149 0.02349299006164074 -0.013306969776749611
v -0.0033999679144471884 0.02128898911178112 -0.017407000064849854
v -0.0033999679144471884 0.00622898293659091 -0.026784950867295265
v -0.0033999679144471884 0.0015419720439240336 -0.027456989511847496
v -0.005399941932410002 0.00622898293659091 -0.026784950867295265
v -0.0033999679144471884 0.0015419720439240336 -0.027456989511847496
v -0.012699959799647331 0.0015419720439240336 -0.027456989511847496
v -0.005399941932410002 0.00622898293659091 -0.026784950867295265
v -0.0033999679144471884 0.0015419720439240336 -0.027456989511847496
v -0.0033999679144471884 -0.0027579660527408123 -0.02736097015440464
v -0.012699959799647331 0.0015419720439240336 -0.027456989511847496
v -0.0033999679144471884 -0.0027579660527408123 -0.02736097015440464
v -0.012699959799647331 -0.004605947993695736 -0.0271109901368618
v -0.012699959799647331 0.0015419720439240336 -0.027456989511847496
v -0.0033999679144471884 -0.0027579660527408123 -0.02736097015440464
v -0.005399941932410002 -0.00622898293659091 -0.026784950867295265
v -0.012699959799647331 -0.004605947993695736 -0.0271109901368618
v -0.0033999679144471884 -0.0027579660527408123 -0.02736097015440464
v -0.002899944083765149 -0.0072219958528876305 -0.026012949645519257
v -0.005399941932410002 -0.00622898293659091 -0.026784950867295265
v -0.0033999679144471884 -0.023344989866018295 -0.014534950256347656
v -0.012699959799647331 -0.020504949614405632 -0.018324969336390495
v -0.0033999679144471884 -0.020504949614405632 -0.018324969336390495
v -0.012699959799647331 -0.020504949614405632 -0.018324969336390495
v -0.012699959799647331 -0.015912950038909912 -0.02242797054350376
v -0.0033999679144471884 -0.020504949614405632 -0.018324969336390495
v -0.012699959799647331 -0.015912950038909912 -0.02242797054350376
v -0.0033999679144471884 -0.01739698089659214 -0.021296970546245575
v -0.0033999679144471884 -0.020504949614405632 -0.018324969336390495
v -0.012699959799647331 -0.015912950038909912 -0.02242797054350376
v -0.005399941932410002 -0.014534950256347656 -0.023344989866018295
v -0.0033999679144471884 -0.01739698089659214 -0.021296970546245575
v -0.005399941932410002 -0.014534950256347656 -0.023344989866018295
v -0.002899944083765149 -0.013286939822137356 -0.023500969633460045
v -0.0033999679144471884 -0.01739698089659214 -0.021296970546245575
v -0.0033999679144471884 -0.026784950867295265 -0.00622898293659091
v -0.0033999679144471884 -0.027456989511847496 -0.0015419720439240336
v -0.005399941932410002 -0.026784950867295265 -0.00622898293659091
v -0.0033999679144471884 -0.027456989511847496 -0.0015419720439240336
v -0.012699959799647331 -0.027456989511847496 -0.0015419720439240336
v -0.005399941932410002 -0.026784950867295265 -0.00622898293659091
v -0.0033999679144471884 -0.027456989511847496 -0.0015419720439240336
v -0.0033999679144471884 -0.02736097015440464 0.0027579660527408123
v -0.012699959799647331 -0.027456989511847496 -0.0015419720439240336
v -0.0033999679144471884 -0.02736097015440464 0.0027579660527408123
v -0.012699959799647331 -0.0271109901368618 0.004605947993695736
v -0.012699959799647331 -0.027456989511847496 -0.0015419720439240336
v -0.0033999679144471884 -0.02736097015440464 0.0027579660527408123
v -0.005399941932410002 -0.026784950867295265 0.00622898293659091
v -0.012699959799647331 -0.0271109901368618 0.004605947993695736
v -0.0033999679144471884 -0.02736097015440464 0.0027579660527408123
v -0.002899944083765149 -0.026016950607299805 0.007219970226287842
v -0.005399941932410002 -0.026784950867295265 0.00622898293659091
v -0.005399941932410002 0.023486969992518425 -0.013288970105350018
v -0.005399941932410002 0.023328950628638268 -0.014560990035533905
v -0.005399941932410002 0.02540694922208786 -0.010523970238864422
v -0.005399941932410002 0.022942960262298584 -0.006820975802838802
v -0.005299984943121672 0.025314979255199432 -0.008790968917310238
v -0.005399941932410002 0.025323979556560516 -0.007388948928564787
v -0.005386948119848967 0.02432096004486084 -0.01151495985686779
v -0.005399941932410002 0.021045979112386703 -0.011399979703128338
v -0.005399941932410002 0.023486969992518425 -0.013288970105350018
v -0.005299984943121672 0.025314979255199432 -0.008790968917310238
v -0.005399941932410002 0.026784950867295265 -0.00622898293659091
v -0.005399941932410002 0.025323979556560516 -0.007388948928564787
v -0.005299984943121672 0.025314979255199432 -0.008790968917310238
v -0.005399941932410002 0.02540694922208786 -0.010523970238864422
v -0.005399941932410002 0.026784950867295265 -0.00622898293659091
v -0.005299984943121672 0.025314979255199432 -0.008790968917310238
v -0.005386948119848967 0.02432096004486084 -0.01151495985686779
v -0.005399941932410002 0.02540694922208786 -0.010523970238864422
v -0.005386948119848967 0.02432096004486084 -0.01151495985686779
v -0.005399941932410002 0.023486969992518425 -0.013288970105350018
v -0.005399941932410002 0.02540694922208786 -0.010523970238864422
v -0.002899944083765149 0.02349299006164074 -0.013306969776749611
v -0.005399941932410002 0.023328950628638268 -0.014560990035533905
v -0.005399941932410002 0.023486969992518425 -0.013288970105350018
v -0.002899944083765149 0.02032499946653843 -0.0084189772605896
v -0.002899944083765149 0.01771998032927513 -0.013038990087807178
v -0.002899944083765149 0.021045979112386703 -0.011399979703128338
v -0.002899944083765149 0.01771998032927513 -0.013038990087807178
v -0.002899944083765149 0.01953594945371151 -0.014326980337500572
v -0.002899944083765149 0.021045979112386703 -0.011399979703128338
v -0.002899944083765149 0.014255999587476254 -0.019513960927724838
v -0.002899944083765149 0.016542969271540642 -0.01831299066543579
v -0.002899944083765149 0.01408499013632536 -0.016899999231100082
v -0.002899944083765149 0.016542969271540642 -0.01831299066543579
v -0.002899944083765149 0.01771998032927513 -0.013038990087807178
v -0.002899944083765149 0.01408499013632536 -0.016899999231100082
v -0.002899944083765149 0.016542969271540642 -0.01831299066543579
v -0.002899944083765149 0.01953594945371151 -0.014326980337500572
v -0.002899944083765149 0.01771998032927513 -0.013038990087807178
v -0.002899944083765149 0.01953594945371151 -0.014326980337500572
v -0.002899944083765149 0.02090197056531906 -0.017090970650315285
v -0.003199994098395109 0.02090197056531906 -0.014907949604094028
v -0.003199994098395109 0.020671959966421127 -0.01287095993757248
v -0.003199994098395109 0.021753959357738495 -0.013550990261137486
v -0.002899944083765149 0.021045979112386703 -0.011399979703128338
v -0.002899944083765149 0.011399979703128338 -0.021045979112386703
v -0.002899944083765149 0.014255999587476254 -0.019513960927724838
v -0.002899944083765149 0.01408499013632536 -0.016899999231100082
v -0.002899944083765149 0.01328795962035656 -0.023500969633460045
v -0.002899944083765149 0.018866950646042824 -0.019313989207148552
v -0.002899944083765149 0.015211990103125572 -0.02086097002029419
v -0.002899944083765149 0.018866950646042824 -0.019313989207148552
v -0.002899944083765149 0.014255999587476254 -0.019513960927724838
v -0.002899944083765149 0.015211990103125572 -0.02086097002029419
v -0.002899944083765149 0.01328795962035656 -0.023500969633460045
v -0.003199994098395109 0.01360499020665884 -0.021771959960460663
v -0.002899944083765149 0.011399979703128338 -0.021045979112386703
v -0.002899944083765149 0.011399979703128338 -0.021045979112386703
v -0.002899944083765149 0.01408499013632536 -0.016899999231100082
v -0.002899944083765149 0.010327990166842937 -0.020453980192542076
v -0.002899944083765149 0.01408499013632536 -0.016899999231100082
v -0.002899944083765149 0.007975994609296322 -0.02085399068892002
v -0.002899944083765149 0.010327990166842937 -0.020453980192542076
v -0.002899944083765149 -0.0006639999919570982 -0.02198999933898449
v -0.002899944083765149 -0.007975994609296322 -0.02085399068892002
v -0.002899944083765149 -0.006820975802838802 -0.022942960262298584
v -0.002899944083765149 -0.011399979703128338 -0.021045979112386703
v -0.002899944083765149 -0.013183950446546078 -0.019664999097585678
v -0.003199994098395109 -0.013163980096578598 -0.021511970087885857
v -0.002899944083765149 -0.013183950446546078 -0.019664999097585678
v -0.002899944083765149 -0.015078959986567497 -0.016018979251384735
v -0.003199994098395109 -0.014227979816496372 -0.01981895975768566
v -0.002899944083765149 -0.015078959986567497 -0.016018979251384735
v -0.003199994098395109 -0.014907949604094028 -0.02090197056531906
v -0.003199994098395109 -0.014227979816496372 -0.01981895975768566
v -0.002899944083765149 -0.015078959986567497 -0.016018979251384735
v -0.002899944083765149 -0.017080960795283318 -0.020909959450364113
v -0.003199994098395109 -0.014907949604094028 -0.02090197056531906
v -0.002899944083765149 -0.011399979703128338 -0.021045979112386703
v -0.002899944083765149 -0.007975994609296322 -0.02085399068892002
v -0.002899944083765149 -0.013183950446546078 -0.019664999097585678
v -0.002899944083765149 -0.017080960795283318 -0.020909959450364113
v -0.002899944083765149 -0.019798990339040756 -0.014771989546716213
v -0.003199994098395109 -0.021282970905303955 -0.014786000363528728
v -0.003199994098395109 -0.019950980320572853 -0.01329594012349844
v -0.002899944083765149 -0.018474990501999855 -0.011944940313696861
v -0.003199994098395109 -0.0211789608001709 -0.012941950000822544
v -0.003199994098395109 -0.021771959960460663 -0.01360499020665884
v -0.003199994098395109 -0.0211789608001709 -0.012941950000822544
v -0.002899944083765149 -0.023500969633460045 -0.01328795962035656
v -0.003199994098395109 -0.0211789608001709 -0.012941950000822544
v -0.002899944083765149 -0.021045979112386703 -0.011399979703128338
v -0.002899944083765149 -0.023500969633460045 -0.01328795962035656
v -0.003199994098395109 -0.0211789608001709 -0.012941950000822544
v -0.002899944083765149 -0.018474990501999855 -0.011944940313696861
v -0.002899944083765149 -0.021045979112386703 -0.011399979703128338
v -0.002899944083765149 -0.017080960795283318 -0.020909959450364113
v -0.003199994098395109 -0.021282970905303955 -0.014786000363528728
v -0.002899944083765149 -0.023500969633460045 -0.01328795962035656
v -0.002899944083765149 -0.018474990501999855 -0.011944940313696861
v -0.002899944083765149 -0.0203859806060791 -0.009105980396270752
v -0.002899944083765149 -0.021045979112386703 -0.011399979703128338
v -0.002899944083765149 -0.021749969571828842 0.0033099649008363485
v -0.002899944083765149 -0.022942960262298584 0.006820975802838802
v -0.002899944083765149 -0.02190995030105114 -0.0019909730181097984
v -0.002899944083765149 -0.021749969571828842 0.0033099649008363485
v -0.002899944083765149 -0.02032499946653843 0.0084189772605896
v -0.002899944083765149 -0.022942960262298584 0.006820975802838802
v -0.002899944083765149 -0.021045979112386703 0.011399979703128338
v -0.002899944083765149 -0.02032499946653843 0.0084189772605896
v -0.002899944083765149 -0.01771998032927513 0.013038990087807178
v -0.002899944083765149 -0.021045979112386703 0.011399979703128338
v -0.002899944083765149 -0.01771998032927513 0.013038990087807178
v -0.003199994098395109 -0.019817940890789032 0.014224939979612827
v -0.002899944083765149 -0.01771998032927513 0.013038990087807178
v -0.002899944083765149 -0.0184209905564785 0.01661098003387451
v -0.003199994098395109 -0.019817940890789032 0.014224939979612827
v -0.003199994098395109 -0.019817940890789032 0.014224939979612827
v -0.002899944083765149 -0.0184209905564785 0.01661098003387451
v -0.002899944083765149 -0.02186094969511032 0.015845950692892075
v -0.002899944083765149 -0.021045979112386703 0.011399979703128338
v -0.003199994098395109 -0.021753959357738495 0.013550990261137486
v -0.002899944083765149 -0.023110980167984962 0.012673970311880112
v -0.003199994098395109 -0.021753959357738495 0.013550990261137486
v -0.003199994098395109 -0.02165495976805687 0.014434989541769028
v -0.002899944083765149 -0.023110980167984962 0.012673970311880112
v -0.002899944083765149 -0.012566979974508286 0.020708970725536346
v -0.002899944083765149 -0.01328795962035656 0.023500969633460045
v -0.003199994098395109 -0.014481959864497185 0.021622950211167336
v -0.002899944083765149 -0.01328795962035656 0.023500969633460045
v -0.002899944083765149 -0.018866950646042824 0.019313989207148552
v -0.003199994098395109 -0.014481959864497185 0.021622950211167336
v -0.002899944083765149 -0.012566979974508286 0.020708970725536346
v -0.002899944083765149 -0.01408499013632536 0.016899999231100082
v -0.002899944083765149 -0.009392975829541683 0.01989400014281273
v -0.003199994098395109 -0.014481959864497185 0.021622950211167336
v -0.002899944083765149 -0.018866950646042824 0.019313989207148552
v -0.003199994098395109 -0.01491296011954546 0.020843980833888054
v -0.002899944083765149 -0.018866950646042824 0.019313989207148552
v -0.002899944083765149 -0.014272980391979218 0.01951896958053112
v -0.003199994098395109 -0.01491296011954546 0.020843980833888054
v -0.002899944083765149 -0.01408499013632536 0.016899999231100082
v -0.002899944083765149 -0.012566979974508286 0.020708970725536346
v -0.002899944083765149 -0.014272980391979218 0.01951896958053112
v -0.002899944083765149 -0.01328795962035656 0.023500969633460045
v -0.002899944083765149 -0.012566979974508286 0.020708970725536346
v -0.002899944083765149 -0.011399979703128338 0.021045979112386703
v -0.002899944083765149 -0.012566979974508286 0.020708970725536346
v -0.002899944083765149 -0.010327990166842937 0.020453980192542076
v -0.002899944083765149 -0.011399979703128338 0.021045979112386703
v -0.002899944083765149 -0.012566979974508286 0.020708970725536346
v -0.002899944083765149 -0.009392975829541683 0.01989400014281273
v -0.002899944083765149 -0.010327990166842937 0.020453980192542076
v -0.002899944083765149 -0.009392975829541683 0.01989400014281273
v -0.002899944083765149 -0.007975994609296322 0.02085399068892002
v -0.002899944083765149 -0.010327990166842937 0.020453980192542076
v -0.002899944083765149 -0.007975994609296322 0.02085399068892002
v -0.002899944083765149 0.0006639999919570982 0.02198999933898449
v -0.002899944083765149 -0.006854950916022062 0.022638969123363495
v -0.002899944083765149 0.007975994609296322 0.02085399068892002
v -0.002899944083765149 0.006820975802838802 0.022942960262298584
v -0.002899944083765149 0.0006639999919570982 0.02198999933898449
v -0.003199994098395109 0.014003990218043327 0.02180497907102108
v -0.002899944083765149 0.011399979703128338 0.021045979112386703
v -0.003199994098395109 0.013015979900956154 0.020250970497727394
v -0.002899944083765149 0.011399979703128338 0.021045979112386703
v -0.002899944083765149 0.009105980396270752 0.0203859806060791
v -0.003199994098395109 0.013015979900956154 0.020250970497727394
v -0.002899944083765149 0.009105980396270752 0.0203859806060791
v -0.002899944083765149 0.013733980245888233 0.019470980390906334
v -0.003199994098395109 0.013015979900956154 0.020250970497727394
v -0.003199994098395109 0.014003990218043327 0.02180497907102108
v -0.002899944083765149 0.013286939822137356 0.023500969633460045
v -0.002899944083765149 0.011399979703128338 0.021045979112386703
v -0.003199994098395109 0.014003990218043327 0.02180497907102108
v -0.002899944083765149 0.015845000743865967 0.02186094969511032
v -0.002899944083765149 0.013286939822137356 0.023500969633460045
v -0.002899944083765149 0.013733980245888233 0.019470980390906334
v -0.002899944083765149 0.015078959986567497 0.016018979251384735
v -0.003199994098395109 0.014856990426778793 0.02044796012341976
v -0.002899944083765149 0.015078959986567497 0.016018979251384735
v -0.002899944083765149 0.015845000743865967 0.02186094969511032
v -0.003199994098395109 0.014856990426778793 0.02044796012341976
v -0.003199994098395109 0.014856990426778793 0.02044796012341976
v -0.002899944083765149 0.015845000743865967 0.02186094969511032
v -0.003199994098395109 0.01475697010755539 0.02133196033537388
v -0.002899944083765149 0.015078959986567497 0.016018979251384735
v -0.003199994098395109 0.020033949986100197 0.014584950171411037
v -0.002899944083765149 0.021427979692816734 0.01504897978156805
v -0.002899944083765149 0.018474990501999855 0.011944940313696861
v -0.003199994098395109 0.019945969805121422 0.013302979990839958
v -0.003199994098395109 0.020033949986100197 0.014584950171411037
v -0.002899944083765149 0.0203859806060791 0.009105980396270752
v -0.002899944083765149 0.021045979112386703 0.011399979703128338
v -0.002899944083765149 0.018474990501999855 0.011944940313696861
v -0.003199994098395109 0.019945969805121422 0.013302979990839958
v -0.002899944083765149 0.018474990501999855 0.011944940313696861
v -0.002899944083765149 0.021045979112386703 0.011399979703128338
v -0.002899944083765149 0.023500969633460045 0.01328795962035656
v -0.002899944083765149 0.019315000623464584 0.018866950646042824
v -0.002899944083765149 0.021427979692816734 0.01504897978156805
v -0.003199994098395109 -0.014907949604094028 -0.02090197056531906
v -0.002899944083765149 -0.017080960795283318 -0.020909959450364113
v -0.002899944083765149 -0.014037960208952427 -0.022102950140833855
v -0.002899944083765149 -0.017080960795283318 -0.020909959450364113
v -0.002899944083765149 -0.013286939822137356 -0.023500969633460045
v -0.002899944083765149 -0.014037960208952427 -0.022102950140833855
v -0.002899944083765149 -0.014037960208952427 -0.022102950140833855
v -0.002899944083765149 -0.013286939822137356 -0.023500969633460045
v -0.002899944083765149 -0.011399979703128338 -0.021045979112386703
v -0.003199994098395109 0.019945969805121422 0.013302979990839958
v -0.002899944083765149 0.021045979112386703 0.011399979703128338
v -0.003199994098395109 0.0211789608001709 0.012941950000822544
v -0.002899944083765149 0.021045979112386703 0.011399979703128338
v -0.002899944083765149 0.023500969633460045 0.01328795962035656
v -0.003199994098395109 0.0211789608001709 0.012941950000822544
v -0.002899944083765149 0.023500969633460045 0.01328795962035656
v -0.003199994098395109 0.021771959960460663 0.01360499020665884
v -0.003199994098395109 0.0211789608001709 0.012941950000822544
v -0.002899944083765149 0.023500969633460045 0.01328795962035656
v -0.002899944083765149 0.021427979692816734 0.01504897978156805
v -0.003199994098395109 0.021771959960460663 0.01360499020665884
v -0.003199994098395109 0.021753959357738495 -0.013550990261137486
v -0.002899944083765149 0.02349299006164074 -0.013306969776749611
v -0.002899944083765149 0.021045979112386703 -0.011399979703128338
v -0.003199994098395109 0.02090197056531906 -0.014907949604094028
v -0.002899944083765149 0.02090197056531906 -0.017090970650315285
v -0.003199994098395109 0.02165495976805687 -0.014434989541769028
v -0.002899944083765149 0.02090197056531906 -0.017090970650315285
v -0.002899944083765149 0.02349299006164074 -0.013306969776749611
v -0.003199994098395109 0.02165495976805687 -0.014434989541769028
v -0.002899944083765149 0.02349299006164074 -0.013306969776749611
v -0.003199994098395109 0.021753959357738495 -0.013550990261137486
v -0.003199994098395109 0.02165495976805687 -0.014434989541769028
v -0.003199994098395109 0.024035990238189697 -0.003973959945142269
v -0.002899944083765149 0.02190995030105114 0.0019909730181097984
v -0.003199994098395109 0.02353297919034958 -0.005155980121344328
v -0.002899944083765149 0.02190995030105114 0.0019909730181097984
v -0.002899944083765149 0.022942960262298584 -0.006820975802838802
v -0.003199994098395109 0.02353297919034958 -0.005155980121344328
v -0.002899944083765149 0.02190995030105114 0.0019909730181097984
v -0.002899944083765149 0.021749969571828842 -0.0033099649008363485
v -0.002899944083765149 0.022942960262298584 -0.006820975802838802
v -0.002899944083765149 0.021749969571828842 -0.0033099649008363485
v -0.002899944083765149 0.02032499946653843 -0.0084189772605896
v -0.002899944083765149 0.022942960262298584 -0.006820975802838802
v -0.003199994098395109 0.025531940162181854 -0.0050379629246890545
v -0.002899944083765149 0.026016950607299805 -0.007219970226287842
v -0.002899944083765149 0.02686399035155773 -0.0027079579886049032
v -0.002899944083765149 0.02686399035155773 -0.0027079579886049032
v -0.002899944083765149 0.025492960587143898 -0.003978967200964689
v -0.003199994098395109 0.025531940162181854 -0.0050379629246890545
v -0.002899944083765149 0.02686399035155773 -0.0027079579886049032
v -0.002899944083765149 0.02686399035155773 0.0027079579886049032
v -0.002899944083765149 0.025492960587143898 -0.003978967200964689
v -0.002899944083765149 0.02686399035155773 0.0027079579886049032
v -0.002899944083765149 0.02190995030105114 0.0019909730181097984
v -0.002899944083765149 0.025492960587143898 -0.003978967200964689
v -0.002899944083765149 0.02190995030105114 0.0019909730181097984
v -0.003199994098395109 0.024035990238189697 -0.003973959945142269
v -0.002899944083765149 0.025492960587143898 -0.003978967200964689
v -0.002899944083765149 0.026016950607299805 -0.007219970226287842
v -0.003199994098395109 0.02457999996840954 -0.005899964831769466
v -0.002899944083765149 0.022942960262298584 -0.006820975802838802
v -0.002899944083765149 0.026016950607299805 -0.007219970226287842
v -0.003199994098395109 0.025531940162181854 -0.0050379629246890545
v -0.003199994098395109 0.02457999996840954 -0.005899964831769466
v -0.003199994098395109 0.023717990145087242 0.005515992175787687
v -0.002899944083765149 0.021766960620880127 0.007159947883337736
v -0.003199994098395109 0.023717990145087242 0.004237948916852474
v -0.002899944083765149 0.0203859806060791 0.009105980396270752
v -0.002899944083765149 0.02190995030105114 0.0019909730181097984
v -0.002899944083765149 0.021766960620880127 0.007159947883337736
v -0.002899944083765149 0.02190995030105114 0.0019909730181097984
v -0.003199994098395109 0.023717990145087242 0.004237948916852474
v -0.002899944083765149 0.021766960620880127 0.007159947883337736
v -0.003199994098395109 0.023717990145087242 0.005515992175787687
v -0.002899944083765149 0.022942960262298584 0.006820975802838802
v -0.002899944083765149 0.021766960620880127 0.007159947883337736
v -0.003199994098395109 0.023717990145087242 0.005515992175787687
v -0.003199994098395109 0.024963969364762306 0.00580096198245883
v -0.002899944083765149 0.022942960262298584 0.006820975802838802
v -0.002899944083765149 0.02686399035155773 0.0027079579886049032
v -0.003199994098395109 0.025518950074911118 0.004648983012884855
v -0.003199994098395109 0.024963969364762306 0.003953992854803801
v -0.002899944083765149 0.02686399035155773 0.0027079579886049032
v -0.002899944083765149 0.026012949645519257 0.0072219958528876305
v -0.003199994098395109 0.025518950074911118 0.004648983012884855
v -0.002899944083765149 0.026012949645519257 0.0072219958528876305
v -0.003199994098395109 0.024963969364762306 0.00580096198245883
v -0.003199994098395109 0.025518950074911118 0.004648983012884855
v -0.002899944083765149 0.026012949645519257 0.0072219958528876305
v -0.002899944083765149 0.022942960262298584 0.006820975802838802
v -0.003199994098395109 0.024963969364762306 0.00580096198245883
v -0.003199994098395109 0.023717990145087242 0.004237948916852474
v -0.002899944083765149 0.02190995030105114 0.0019909730181097984
v -0.002899944083765149 0.02686399035155773 0.0027079579886049032
v -0.002899944083765149 0.009105980396270752 0.0203859806060791
v -0.002899944083765149 0.015078959986567497 0.016018979251384735
v -0.002899944083765149 0.013733980245888233 0.019470980390906334
v -0.002899944083765149 0.018474990501999855 0.011944940313696861
v -0.003199994098395109 0.020033949986100197 0.014584950171411037
v -0.002899944083765149 0.015078959986567497 0.016018979251384735
v -0.002899944083765149 0.019315000623464584 0.018866950646042824
v -0.002899944083765149 0.015078959986567497 0.016018979251384735
v -0.002899944083765149 0.021427979692816734 0.01504897978156805
v -0.002899944083765149 0.019315000623464584 0.018866950646042824
v -0.002899944083765149 0.015845000743865967 0.02186094969511032
v -0.002899944083765149 0.015078959986567497 0.016018979251384735
v -0.003199994098395109 0.005823968909680843 0.024126939475536346
v -0.002899944083765149 0.007388948928564787 0.02532093971967697
v -0.003199994098395109 0.005773961078375578 0.02501498907804489
v -0.002899944083765149 0.007388948928564787 0.02532093971967697
v -0.002899944083765149 0.0027079579886049032 0.02686399035155773
v -0.003199994098395109 0.005773961078375578 0.02501498907804489
v -0.002899944083765149 0.0027079579886049032 0.02686399035155773
v -0.003199994098395109 0.003929972182959318 0.024911990389227867
v -0.003199994098395109 0.005773961078375578 0.02501498907804489
v -0.002899944083765149 0.0006639999919570982 0.02198999933898449
v -0.003199994098395109 0.005160986911505461 0.023534949868917465
v -0.003199994098395109 0.003979980014264584 0.02402395009994507
v -0.003199994098395109 0.005823968909680843 0.024126939475536346
v -0.002899944083765149 0.006820975802838802 0.022942960262298584
v -0.002899944083765149 0.007388948928564787 0.02532093971967697
v -0.002899944083765149 0.0027079579886049032 0.02686399035155773
v -0.002899944083765149 0.0006639999919570982 0.02198999933898449
v -0.003199994098395109 0.003929972182959318 0.024911990389227867
v -0.002899944083765149 0.0006639999919570982 0.02198999933898449
v -0.003199994098395109 0.003979980014264584 0.02402395009994507
v -0.003199994098395109 0.003929972182959318 0.024911990389227867
v -0.002899944083765149 0.0006639999919570982 0.02198999933898449
v -0.002899944083765149 0.006820975802838802 0.022942960262298584
v -0.003199994098395109 0.005160986911505461 0.023534949868917465
v -0.002899944083765149 0.0006639999919570982 0.02198999933898449
v -0.003199994098395109 -0.0039549460634589195 0.024071989580988884
v -0.002899944083765149 -0.006854950916022062 0.022638969123363495
v -0.003199994098395109 -0.004648983012884855 0.025518950074911118
v -0.002899944083765149 -0.0027079579886049032 0.02686399035155773
v -0.003199994098395109 -0.00580096198245883 0.024963969364762306
v -0.002899944083765149 -0.0027079579886049032 0.02686399035155773
v -0.002899944083765149 -0.0072219958528876305 0.026012949645519257
v -0.003199994098395109 -0.00580096198245883 0.024963969364762306
v -0.002899944083765149 -0.0072219958528876305 0.026012949645519257
v -0.002899944083765149 -0.006854950916022062 0.022638969123363495
v -0.003199994098395109 -0.00580096198245883 0.024963969364762306
v -0.002899944083765149 -0.006854950916022062 0.022638969123363495
v -0.003199994098395109 -0.005807994864881039 0.024089990183711052
v -0.003199994098395109 -0.00580096198245883 0.024963969364762306
v -0.002899944083765149 0.0006639999919570982 0.02198999933898449
v -0.002899944083765149 -0.0035519590601325035 0.024519970640540123
v -0.003199994098395109 -0.0039549460634589195 0.024071989580988884
v -0.002899944083765149 0.0006639999919570982 0.02198999933898449
v -0.002899944083765149 0.0027079579886049032 0.02686399035155773
v -0.002899944083765149 -0.0035519590601325035 0.024519970640540123
v -0.002899944083765149 0.0027079579886049032 0.02686399035155773
v -0.002899944083765149 -0.0027079579886049032 0.02686399035155773
v -0.002899944083765149 -0.0035519590601325035 0.024519970640540123
v -0.002899944083765149 -0.0027079579886049032 0.02686399035155773
v -0.003199994098395109 -0.004648983012884855 0.025518950074911118
v -0.002899944083765149 -0.0035519590601325035 0.024519970640540123
v -0.002899944083765149 -0.014272980391979218 0.01951896958053112
v -0.002899944083765149 -0.01803099922835827 0.018928999081254005
v -0.002899944083765149 -0.016378989443182945 0.0177299901843071
v -0.002899944083765149 -0.014272980391979218 0.01951896958053112
v -0.002899944083765149 -0.018866950646042824 0.019313989207148552
v -0.002899944083765149 -0.01803099922835827 0.018928999081254005
v -0.002899944083765149 -0.018866950646042824 0.019313989207148552
v -0.002899944083765149 -0.02186094969511032 0.015845950692892075
v -0.002899944083765149 -0.01803099922835827 0.018928999081254005
v -0.002899944083765149 -0.01803099922835827 0.018928999081254005
v -0.002899944083765149 -0.02186094969511032 0.015845950692892075
v -0.002899944083765149 -0.0184209905564785 0.01661098003387451
v -0.002899944083765149 -0.01771998032927513 0.013038990087807178
v -0.002899944083765149 -0.017300959676504135 0.016433000564575195
v -0.002899944083765149 -0.0184209905564785 0.01661098003387451
v -0.002899944083765149 -0.017300959676504135 0.016433000564575195
v -0.002899944083765149 -0.01771998032927513 0.013038990087807178
v -0.002899944083765149 -0.016378989443182945 0.0177299901843071
v -0.002899944083765149 -0.01771998032927513 0.013038990087807178
v -0.002899944083765149 -0.014272980391979218 0.01951896958053112
v -0.002899944083765149 -0.016378989443182945 0.0177299901843071
v -0.002899944083765149 -0.01771998032927513 0.013038990087807178
v -0.002899944083765149 -0.01408499013632536 0.016899999231100082
v -0.002899944083765149 -0.014272980391979218 0.01951896958053112
v -0.003199994098395109 -0.02165495976805687 0.014434989541769028
v -0.002899944083765149 -0.02186094969511032 0.015845950692892075
v -0.002899944083765149 -0.023110980167984962 0.012673970311880112
v -0.002899944083765149 -0.026016950607299805 0.007219970226287842
v -0.002899944083765149 -0.02686399035155773 0.0027079579886049032
v -0.003199994098395109 -0.025536000728607178 0.004742980003356934
v -0.003199994098395109 -0.025536000728607178 0.004742980003356934
v -0.002899944083765149 -0.02686399035155773 0.0027079579886049032
v -0.002899944083765149 -0.025507979094982147 0.003993988037109375
v -0.002899944083765149 -0.02686399035155773 0.0027079579886049032
v -0.002899944083765149 -0.02190995030105114 -0.0019909730181097984
v -0.002899944083765149 -0.025507979094982147 0.003993988037109375
v -0.002899944083765149 -0.02190995030105114 -0.0019909730181097984
v -0.003199994098395109 -0.02402395009994507 0.003979980014264584
v -0.002899944083765149 -0.025507979094982147 0.003993988037109375
v -0.003199994098395109 -0.02402395009994507 0.003979980014264584
v -0.002899944083765149 -0.02190995030105114 -0.0019909730181097984
v -0.003199994098395109 -0.023508960381150246 0.004705965053290129
v -0.002899944083765149 -0.02190995030105114 -0.0019909730181097984
v -0.002899944083765149 -0.022942960262298584 0.006820975802838802
v -0.003199994098395109 -0.023508960381150246 0.004705965053290129
v -0.002899944083765149 -0.022942960262298584 0.006820975802838802
v -0.003199994098395109 -0.024126939475536346 0.005823968909680843
v -0.003199994098395109 -0.023508960381150246 0.004705965053290129
v -0.003199994098395109 -0.025536000728607178 0.004742980003356934
v -0.003199994098395109 -0.02535598911345005 0.005469976924359798
v -0.002899944083765149 -0.026016950607299805 0.007219970226287842
v -0.003199994098395109 -0.02535598911345005 0.005469976924359798
v -0.003199994098395109 -0.024126939475536346 0.005823968909680843
v -0.002899944083765149 -0.026016950607299805 0.007219970226287842
v -0.003199994098395109 -0.024126939475536346 0.005823968909680843
v -0.002899944083765149 -0.022942960262298584 0.006820975802838802
v -0.002899944083765149 -0.026016950607299805 0.007219970226287842
v -0.002899944083765149 -0.02686399035155773 -0.0027079579886049032
v -0.003199994098395109 -0.025518950074911118 -0.004648983012884855
v -0.002899944083765149 -0.02686399035155773 0.0027079579886049032
v -0.002899944083765149 -0.022638969123363495 -0.006854950916022062
v -0.002899944083765149 -0.0203859806060791 -0.009105980396270752
v -0.002899944083765149 -0.02190995030105114 -0.0019909730181097984
v -0.003199994098395109 -0.023717990145087242 -0.005515992175787687
v -0.003199994098395109 -0.024963969364762306 -0.00580096198245883
v -0.002899944083765149 -0.022638969123363495 -0.006854950916022062
v -0.002899944083765149 -0.022638969123363495 -0.006854950916022062
v -0.002899944083765149 -0.02190995030105114 -0.0019909730181097984
v -0.003199994098395109 -0.023717990145087242 -0.004237948916852474
v -0.002899944083765149 -0.02190995030105114 -0.0019909730181097984
v -0.002899944083765149 -0.02686399035155773 0.0027079579886049032
v -0.003199994098395109 -0.023717990145087242 -0.004237948916852474
v -0.002899944083765149 -0.02686399035155773 0.0027079579886049032
v -0.003199994098395109 -0.025518950074911118 -0.004648983012884855
v -0.003199994098395109 -0.023717990145087242 -0.004237948916852474
v -0.003199994098395109 -0.024963969364762306 -0.00580096198245883
v -0.002899944083765149 -0.026012949645519257 -0.0072219958528876305
v -0.002899944083765149 -0.022638969123363495 -0.006854950916022062
v -0.003199994098395109 -0.024963969364762306 -0.00580096198245883
v -0.003199994098395109 -0.025518950074911118 -0.004648983012884855
v -0.002899944083765149 -0.026012949645519257 -0.0072219958528876305
v -0.003199994098395109 -0.025518950074911118 -0.004648983012884855
v -0.002899944083765149 -0.02686399035155773 -0.0027079579886049032
v -0.002899944083765149 -0.026012949645519257 -0.0072219958528876305
v -0.002899944083765149 -0.007975994609296322 -0.02085399068892002
v -0.002899944083765149 -0.015078959986567497 -0.016018979251384735
v -0.002899944083765149 -0.013183950446546078 -0.019664999097585678
v -0.002899944083765149 -0.015078959986567497 -0.016018979251384735
v -0.002899944083765149 -0.018474990501999855 -0.011944940313696861
v -0.002899944083765149 -0.017080960795283318 -0.020909959450364113
v -0.002899944083765149 -0.018474990501999855 -0.011944940313696861
v -0.002899944083765149 -0.019798990339040756 -0.014771989546716213
v -0.002899944083765149 -0.017080960795283318 -0.020909959450364113
v -0.002899944083765149 -0.018474990501999855 -0.011944940313696861
v -0.003199994098395109 -0.019950980320572853 -0.01329594012349844
v -0.002899944083765149 -0.019798990339040756 -0.014771989546716213
v -0.002899944083765149 -0.0006639999919570982 -0.02198999933898449
v -0.003199994098395109 -0.004696965217590332 -0.023510990664362907
v -0.003199994098395109 -0.0038529629819095135 -0.02447897009551525
v -0.002899944083765149 -0.0006639999919570982 -0.02198999933898449
v -0.002899944083765149 -0.006820975802838802 -0.022942960262298584
v -0.003199994098395109 -0.004696965217590332 -0.023510990664362907
v -0.003199994098395109 -0.005899964831769466 -0.02457999996840954
v -0.002899944083765149 -0.006820975802838802 -0.022942960262298584
v -0.002899944083765149 -0.0072219958528876305 -0.026012949645519257
v -0.003199994098395109 -0.005463956855237484 -0.025359980762004852
v -0.003199994098395109 -0.005899964831769466 -0.02457999996840954
v -0.002899944083765149 -0.0072219958528876305 -0.026012949645519257
v -0.002899944083765149 -0.0072219958528876305 -0.026012949645519257
v -0.002899944083765149 -0.0027079579886049032 -0.02686399035155773
v -0.003199994098395109 -0.005463956855237484 -0.025359980762004852
v -0.002899944083765149 -0.0027079579886049032 -0.02686399035155773
v -0.002899944083765149 -0.003978967200964689 -0.025492960587143898
v -0.003199994098395109 -0.005463956855237484 -0.025359980762004852
v -0.002899944083765149 -0.0027079579886049032 -0.02686399035155773
v -0.002899944083765149 0.0027079579886049032 -0.02686399035155773
v -0.002899944083765149 -0.003978967200964689 -0.025492960587143898
v -0.002899944083765149 0.0027079579886049032 -0.02686399035155773
v -0.002899944083765149 -0.0006639999919570982 -0.02198999933898449
v -0.002899944083765149 -0.003978967200964689 -0.025492960587143898
v -0.002899944083765149 -0.0006639999919570982 -0.02198999933898449
v -0.003199994098395109 -0.0038529629819095135 -0.02447897009551525
v -0.002899944083765149 -0.003978967200964689 -0.025492960587143898
v -0.002899944083765149 0.004581986926496029 -0.023227980360388756
v -0.003199994098395109 0.005515992175787687 -0.023717990145087242
v -0.002899944083765149 0.006820975802838802 -0.022942960262298584
v -0.002899944083765149 -0.0006639999919570982 -0.02198999933898449
v -0.002899944083765149 0.006820975802838802 -0.022942960262298584
v -0.002899944083765149 0.007975994609296322 -0.02085399068892002
v -0.002899944083765149 -0.0006639999919570982 -0.02198999933898449
v -0.002899944083765149 0.004581986926496029 -0.023227980360388756
v -0.002899944083765149 0.006820975802838802 -0.022942960262298584
v -0.002899944083765149 -0.0006639999919570982 -0.02198999933898449
v -0.002899944083765149 0.0027079579886049032 -0.02686399035155773
v -0.002899944083765149 0.004581986926496029 -0.023227980360388756
v -0.002899944083765149 0.0027079579886049032 -0.02686399035155773
v -0.003199994098395109 0.004648983012884855 -0.025518950074911118
v -0.002899944083765149 0.004581986926496029 -0.023227980360388756
v -0.002899944083765149 0.0027079579886049032 -0.02686399035155773
v -0.002899944083765149 0.0072219958528876305 -0.026012949645519257
v -0.003199994098395109 0.004648983012884855 -0.025518950074911118
v -0.002899944083765149 0.0072219958528876305 -0.026012949645519257
v -0.002899944083765149 0.006070971023291349 -0.025094980373978615
v -0.003199994098395109 0.004648983012884855 -0.025518950074911118
v -0.003199994098395109 0.005515992175787687 -0.023717990145087242
v -0.002899944083765149 0.006070971023291349 -0.025094980373978615
v -0.002899944083765149 0.006820975802838802 -0.022942960262298584
v -0.002899944083765149 0.006070971023291349 -0.025094980373978615
v -0.002899944083765149 0.0072219958528876305 -0.026012949645519257
v -0.002899944083765149 0.006820975802838802 -0.022942960262298584
v -0.003199994098395109 0.017852960154414177 -0.01669299043715
v -0.003199994098395109 0.018558969721198082 -0.017205949872732162
v -0.002899944083765149 0.01953594945371151 -0.014326980337500572
v -0.003199994098395109 0.018558969721198082 -0.017205949872732162
v -0.002899944083765149 0.02090197056531906 -0.017090970650315285
v -0.002899944083765149 0.01953594945371151 -0.014326980337500572
v -0.002899944083765149 0.014255999587476254 -0.019513960927724838
v -0.002899944083765149 0.018866950646042824 -0.019313989207148552
v -0.002899944083765149 0.016542969271540642 -0.01831299066543579
v -0.002899944083765149 0.02090197056531906 -0.017090970650315285
v -0.003199994098395109 0.018558969721198082 -0.017205949872732162
v -0.002899944083765149 0.018866950646042824 -0.019313989207148552
v -0.005399941932410002 0.025323979556560516 -0.007388948928564787
v -0.005399941932410002 0.026784950867295265 -0.00622898293659091
v -0.002899944083765149 0.026016950607299805 -0.007219970226287842
v -0.0033999679144471884 0.02736097015440464 -0.0027579660527408123
v -0.002899944083765149 0.02686399035155773 -0.0027079579886049032
v -0.002899944083765149 0.026016950607299805 -0.007219970226287842
v -0.002899944083765149 0.026012949645519257 0.0072219958528876305
v -0.002899944083765149 0.02686399035155773 0.0027079579886049032
v -0.0033999679144471884 0.026784950867295265 0.00622898293659091
v -0.002899944083765149 0.02686399035155773 0.0027079579886049032
v -0.0033999679144471884 0.027456989511847496 0.0015419720439240336
v -0.0033999679144471884 0.026784950867295265 0.00622898293659091
v -0.002899944083765149 0.02686399035155773 0.0027079579886049032
v -0.002899944083765149 0.02686399035155773 -0.0027079579886049032
v -0.0033999679144471884 0.027456989511847496 0.0015419720439240336
v -0.002899944083765149 0.02686399035155773 -0.0027079579886049032
v -0.0033999679144471884 0.02736097015440464 -0.0027579660527408123
v -0.0033999679144471884 0.027456989511847496 0.0015419720439240336
v -0.002899944083765149 0.026012949645519257 0.0072219958528876305
v -0.005399941932410002 0.026784950867295265 0.00622898293659091
v -0.005299984943121672 0.02427195943892002 0.007532000076025724
v -0.002899944083765149 0.026012949645519257 0.0072219958528876305
v -0.0033999679144471884 0.026784950867295265 0.00622898293659091
v -0.005399941932410002 0.026784950867295265 0.00622898293659091
v -0.005299984943121672 0.023096969351172447 0.007216989062726498
v -0.002899944083765149 0.022942960262298584 0.006820975802838802
v -0.005299984943121672 0.02427195943892002 0.007532000076025724
v -0.002899944083765149 0.022942960262298584 0.006820975802838802
v -0.002899944083765149 0.026012949645519257 0.0072219958528876305
v -0.005299984943121672 0.02427195943892002 0.007532000076025724
v -0.005399941932410002 0.023129990324378014 0.012678979896008968
v -0.005399941932410002 0.02406894974410534 0.013301960192620754
v -0.005399941932410002 0.023344989866018295 0.014534950256347656
v -0.005399941932410002 0.02642500028014183 0.007612943183630705
v -0.005399941932410002 0.02406894974410534 0.013301960192620754
v -0.005299984943121672 0.025446949526667595 0.009566961787641048
v -0.005399941932410002 0.02406894974410534 0.013301960192620754
v -0.005299984943121672 0.023096969351172447 0.011916990391910076
v -0.005299984943121672 0.025446949526667595 0.009566961787641048
v -0.005399941932410002 0.02406894974410534 0.013301960192620754
v -0.005399941932410002 0.023129990324378014 0.012678979896008968
v -0.005299984943121672 0.023096969351172447 0.011916990391910076
v -0.005399941932410002 0.02642500028014183 0.007612943183630705
v -0.005299984943121672 0.02427195943892002 0.007532000076025724
v -0.005399941932410002 0.026784950867295265 0.00622898293659091
v -0.005399941932410002 0.02642500028014183 0.007612943183630705
v -0.005299984943121672 0.025446949526667595 0.009566961787641048
v -0.005299984943121672 0.02427195943892002 0.007532000076025724
v -0.005399941932410002 0.0203859806060791 0.009105980396270752
v -0.005299984943121672 0.021259959787130356 0.011031979694962502
v -0.005399941932410002 0.021045979112386703 0.011399979703128338
v -0.005299984943121672 0.021259959787130356 0.011031979694962502
v -0.005399941932410002 0.023129990324378014 0.012678979896008968
v -0.005399941932410002 0.021045979112386703 0.011399979703128338
v -0.005299984943121672 0.021259959787130356 0.011031979694962502
v -0.005299984943121672 0.023096969351172447 0.011916990391910076
v -0.005399941932410002 0.023129990324378014 0.012678979896008968
v -0.005399941932410002 0.023344989866018295 0.014534950256347656
v -0.0033999679144471884 0.023344989866018295 0.014534950256347656
v -0.002899944083765149 0.023500969633460045 0.01328795962035656
v -0.005399941932410002 0.023129990324378014 0.012678979896008968
v -0.005399941932410002 0.023344989866018295 0.014534950256347656
v -0.002899944083765149 0.023500969633460045 0.01328795962035656
v -0.002899944083765149 0.015845000743865967 0.02186094969511032
v -0.0033999679144471884 0.01739698089659214 0.021296970546245575
v -0.002899944083765149 0.013286939822137356 0.023500969633460045
v -0.002899944083765149 0.015845000743865967 0.02186094969511032
v -0.002899944083765149 0.019315000623464584 0.018866950646042824
v -0.0033999679144471884 0.01739698089659214 0.021296970546245575
v -0.002899944083765149 0.019315000623464584 0.018866950646042824
v -0.0033999679144471884 0.020504949614405632 0.018324969336390495
v -0.0033999679144471884 0.01739698089659214 0.021296970546245575
v -0.002899944083765149 0.019315000623464584 0.018866950646042824
v -0.002899944083765149 0.023500969633460045 0.01328795962035656
v -0.0033999679144471884 0.020504949614405632 0.018324969336390495
v -0.002899944083765149 0.023500969633460045 0.01328795962035656
v -0.0033999679144471884 0.023344989866018295 0.014534950256347656
v -0.0033999679144471884 0.020504949614405632 0.018324969336390495
v -0.005399941932410002 0.014534950256347656 0.023344989866018295
v -0.005299984943121672 0.011836940422654152 0.022488949820399284
v -0.002899944083765149 0.013286939822137356 0.023500969633460045
v -0.002899944083765149 0.011399979703128338 0.021045979112386703
v -0.002899944083765149 0.013286939822137356 0.023500969633460045
v -0.005299984943121672 0.011836940422654152 0.022488949820399284
v -0.005399941932410002 0.014534950256347656 0.023344989866018295
v -0.005399941932410002 0.010523970238864422 0.02540694922208786
v -0.005299984943121672 0.011836940422654152 0.023705000057816505
v -0.005299984943121672 0.008958995342254639 0.02536696009337902
v -0.005399941932410002 0.007223962806165218 0.026009969413280487
v -0.005399941932410002 0.006820975802838802 0.022942960262298584
v -0.005399941932410002 0.00622898293659091 0.026784950867295265
v -0.005399941932410002 0.007223962806165218 0.026009969413280487
v -0.005399941932410002 0.010523970238864422 0.02540694922208786
v -0.005399941932410002 0.007223962806165218 0.026009969413280487
v -0.005299984943121672 0.008958995342254639 0.02536696009337902
v -0.005399941932410002 0.010523970238864422 0.02540694922208786
v -0.005299984943121672 0.011836940422654152 0.023705000057816505
v -0.005299984943121672 0.011836940422654152 0.022488949820399284
v -0.005399941932410002 0.014534950256347656 0.023344989866018295
v -0.005399941932410002 0.00622898293659091 0.026784950867295265
v -0.0033119909930974245 0.0067139859311282635 0.026577940210700035
v -0.005399941932410002 0.007223962806165218 0.026009969413280487
v -0.0033119909930974245 0.0067139859311282635 0.026577940210700035
v -0.002899944083765149 0.007388948928564787 0.02532093971967697
v -0.005399941932410002 0.007223962806165218 0.026009969413280487
v -0.002899944083765149 0.007388948928564787 0.02532093971967697
v -0.0033119909930974245 0.0067139859311282635 0.026577940210700035
v -0.002899944083765149 0.0027079579886049032 0.02686399035155773
v -0.002899944083765149 -0.0072219958528876305 0.026012949645519257
v -0.002899944083765149 -0.0027079579886049032 0.02686399035155773
v -0.0033999679144471884 -0.00622898293659091 0.026784950867295265
v -0.0033999679144471884 -0.00622898293659091 0.026784950867295265
v -0.002899944083765149 -0.0027079579886049032 0.02686399035155773
v -0.0033999679144471884 -0.0015419720439240336 0.027456989511847496
v -0.002899944083765149 -0.0027079579886049032 0.02686399035155773
v -0.002899944083765149 0.0027079579886049032 0.02686399035155773
v -0.0033999679144471884 -0.0015419720439240336 0.027456989511847496
v -0.002899944083765149 0.0027079579886049032 0.02686399035155773
v -0.0033999679144471884 0.0027579660527408123 0.02736097015440464
v -0.0033999679144471884 -0.0015419720439240336 0.027456989511847496
v -0.002899944083765149 0.0027079579886049032 0.02686399035155773
v -0.0033119909930974245 0.0067139859311282635 0.026577940210700035
v -0.0033999679144471884 0.0027579660527408123 0.02736097015440464
v -0.002899944083765149 -0.0072219958528876305 0.026012949645519257
v -0.005399941932410002 -0.00622898293659091 0.026784950867295265
v -0.005399941932410002 -0.007388948928564787 0.02532093971967697
v -0.002899944083765149 -0.0072219958528876305 0.026012949645519257
v -0.0033999679144471884 -0.00622898293659091 0.026784950867295265
v -0.005399941932410002 -0.00622898293659091 0.026784950867295265
v -0.005399941932410002 -0.006820975802838802 0.022942960262298584
v -0.002899944083765149 -0.0072219958528876305 0.026012949645519257
v -0.005399941932410002 -0.007388948928564787 0.02532093971967697
v -0.005399941932410002 -0.007612943183630705 0.02642500028014183
v -0.005399941932410002 -0.007388948928564787 0.02532093971967697
v -0.005399941932410002 -0.00622898293659091 0.026784950867295265
v -0.005399941932410002 -0.007388948928564787 0.02532093971967697
v -0.005399941932410002 -0.007612943183630705 0.02642500028014183
v -0.005299984943121672 -0.009043990634381771 0.025388000532984734
v -0.005399941932410002 -0.007612943183630705 0.02642500028014183
v -0.005299984943121672 -0.011031979694962502 0.024933990091085434
v -0.005299984943121672 -0.009043990634381771 0.025388000532984734
v -0.005399941932410002 -0.007612943183630705 0.02642500028014183
v -0.005399941932410002 -0.013301960192620754 0.02406894974410534
v -0.005299984943121672 -0.011031979694962502 0.024933990091085434
v -0.005399941932410002 -0.014534950256347656 0.023344989866018295
v -0.005399941932410002 -0.012678979896008968 0.023129990324378014
v -0.005399941932410002 -0.013301960192620754 0.02406894974410534
v -0.005399941932410002 -0.012678979896008968 0.023129990324378014
v -0.005299984943121672 -0.011031979694962502 0.024933990091085434
v -0.005399941932410002 -0.013301960192620754 0.02406894974410534
v -0.005299984943121672 -0.009043990634381771 0.025388000532984734
v -0.005399941932410002 -0.006820975802838802 0.022942960262298584
v -0.005399941932410002 -0.007388948928564787 0.02532093971967697
v -0.005399941932410002 -0.011399979703128338 0.021045979112386703
v -0.005299984943121672 -0.011031979694962502 0.024933990091085434
v -0.005399941932410002 -0.012678979896008968 0.023129990324378014
v -0.0033999679144471884 -0.014534950256347656 0.023344989866018295
v -0.002899944083765149 -0.01328795962035656 0.023500969633460045
v -0.005399941932410002 -0.014534950256347656 0.023344989866018295
v -0.002899944083765149 -0.01328795962035656 0.023500969633460045
v -0.005399941932410002 -0.012678979896008968 0.023129990324378014
v -0.005399941932410002 -0.014534950256347656 0.023344989866018295
v -0.002899944083765149 -0.023110980167984962 0.012673970311880112
v -0.002899944083765149 -0.02186094969511032 0.015845950692892075
v -0.003397940890863538 -0.023368949070572853 0.01449298020452261
v -0.002899944083765149 -0.02186094969511032 0.015845950692892075
v -0.0033999679144471884 -0.02128898911178112 0.017407000064849854
v -0.003397940890863538 -0.023368949070572853 0.01449298020452261
v -0.002899944083765149 -0.02186094969511032 0.015845950692892075
v -0.002899944083765149 -0.018866950646042824 0.019313989207148552
v -0.0033999679144471884 -0.02128898911178112 0.017407000064849854
v -0.002899944083765149 -0.018866950646042824 0.019313989207148552
v -0.0033999679144471884 -0.018324969336390495 0.020504949614405632
v -0.0033999679144471884 -0.02128898911178112 0.017407000064849854
v -0.002899944083765149 -0.018866950646042824 0.019313989207148552
v -0.002899944083765149 -0.01328795962035656 0.023500969633460045
v -0.0033999679144471884 -0.018324969336390495 0.020504949614405632
v -0.002899944083765149 -0.01328795962035656 0.023500969633460045
v -0.0033999679144471884 -0.014534950256347656 0.023344989866018295
v -0.0033999679144471884 -0.018324969336390495 0.020504949614405632
v -0.002899944083765149 -0.023110980167984962 0.012673970311880112
v -0.005399941932410002 -0.023328950628638268 0.014560990035533905
v -0.005399941932410002 -0.023110980167984962 0.012673970311880112
v -0.002899944083765149 -0.023110980167984962 0.012673970311880112
v -0.003397940890863538 -0.023368949070572853 0.01449298020452261
v -0.005399941932410002 -0.023328950628638268 0.014560990035533905
v -0.005299984943121672 -0.0218469500541687 0.007576941978186369
v -0.005299984943121672 -0.024758990854024887 0.007904945872724056
v -0.005399941932410002 -0.022942960262298584 0.006820975802838802
v -0.005299984943121672 -0.024758990854024887 0.007904945872724056
v -0.005399941932410002 -0.025389960035681725 0.007387994788587093
v -0.005399941932410002 -0.022942960262298584 0.006820975802838802
v -0.005299984943121672 -0.024758990854024887 0.007904945872724056
v -0.005399941932410002 -0.02540694922208786 0.010523970238864422
v -0.005399941932410002 -0.025389960035681725 0.007387994788587093
v -0.005399941932410002 -0.02540694922208786 0.010523970238864422
v -0.005299984943121672 -0.024346940219402313 0.011556980200111866
v -0.005399941932410002 -0.023328950628638268 0.014560990035533905
v -0.005299984943121672 -0.024346940219402313 0.011556980200111866
v -0.005399941932410002 -0.023110980167984962 0.012673970311880112
v -0.005399941932410002 -0.023328950628638268 0.014560990035533905
v -0.005299984943121672 -0.024346940219402313 0.011556980200111866
v -0.005299984943121672 -0.022320980206131935 0.011784969829022884
v -0.005399941932410002 -0.023110980167984962 0.012673970311880112
v -0.005399941932410002 -0.025389960035681725 0.007387994788587093
v -0.005399941932410002 -0.02540694922208786 0.010523970238864422
v -0.005399941932410002 -0.026784950867295265 0.00622898293659091
v -0.005299984943121672 -0.022320980206131935 0.011784969829022884
v -0.005399941932410002 -0.021045979112386703 0.011399979703128338
v -0.005399941932410002 -0.023110980167984962 0.012673970311880112
v -0.005299984943121672 -0.022320980206131935 0.011784969829022884
v -0.005399941932410002 -0.020453980192542076 0.010327990166842937
v -0.005399941932410002 -0.021045979112386703 0.011399979703128338
v -0.002899944083765149 -0.026016950607299805 0.007219970226287842
v -0.005399941932410002 -0.025389960035681725 0.007387994788587093
v -0.005399941932410002 -0.026784950867295265 0.00622898293659091
v -0.002899944083765149 -0.026012949645519257 -0.0072219958528876305
v -0.002899944083765149 -0.02686399035155773 -0.0027079579886049032
v -0.0033999679144471884 -0.026784950867295265 -0.00622898293659091
v -0.0033999679144471884 -0.026784950867295265 -0.00622898293659091
v -0.002899944083765149 -0.02686399035155773 -0.0027079579886049032
v -0.0033999679144471884 -0.027456989511847496 -0.0015419720439240336
v -0.002899944083765149 -0.02686399035155773 -0.0027079579886049032
v -0.002899944083765149 -0.02686399035155773 0.0027079579886049032
v -0.0033999679144471884 -0.027456989511847496 -0.0015419720439240336
v -0.002899944083765149 -0.02686399035155773 0.0027079579886049032
v -0.0033999679144471884 -0.02736097015440464 0.0027579660527408123
v -0.0033999679144471884 -0.027456989511847496 -0.0015419720439240336
v -0.002899944083765149 -0.02686399035155773 0.0027079579886049032
v -0.002899944083765149 -0.026016950607299805 0.007219970226287842
v -0.0033999679144471884 -0.02736097015440464 0.0027579660527408123
v -0.002899944083765149 -0.026012949645519257 -0.0072219958528876305
v -0.005399941932410002 -0.026784950867295265 -0.00622898293659091
v -0.005399941932410002 -0.02532093971967697 -0.007388948928564787
v -0.002899944083765149 -0.026012949645519257 -0.0072219958528876305
v -0.0033999679144471884 -0.026784950867295265 -0.00622898293659091
v -0.005399941932410002 -0.026784950867295265 -0.00622898293659091
v -0.005299984943121672 -0.023096969351172447 -0.011916990391910076
v -0.005399941932410002 -0.02406894974410534 -0.013301960192620754
v -0.005399941932410002 -0.023344989866018295 -0.014534950256347656
v -0.005299984943121672 -0.02427195943892002 -0.011601979844272137
v -0.005399941932410002 -0.02406894974410534 -0.013301960192620754
v -0.005299984943121672 -0.023096969351172447 -0.011916990391910076
v -0.005299984943121672 -0.02427195943892002 -0.011601979844272137
v -0.005299984943121672 -0.025446949526667595 -0.009566961787641048
v -0.005399941932410002 -0.02406894974410534 -0.013301960192620754
v -0.005299984943121672 -0.025446949526667595 -0.009566961787641048
v -0.005399941932410002 -0.02642500028014183 -0.007612943183630705
v -0.005399941932410002 -0.02406894974410534 -0.013301960192620754
v -0.005399941932410002 -0.02642500028014183 -0.007612943183630705
v -0.005399941932410002 -0.02532093971967697 -0.007388948928564787
v -0.005399941932410002 -0.026784950867295265 -0.00622898293659091
v -0.005399941932410002 -0.02642500028014183 -0.007612943183630705
v -0.005299984943121672 -0.025446949526667595 -0.009566961787641048
v -0.005399941932410002 -0.02532093971967697 -0.007388948928564787
v -0.005299984943121672 -0.025446949526667595 -0.009566961787641048
v -0.005299984943121672 -0.023096969351172447 -0.007216989062726498
v -0.005399941932410002 -0.02532093971967697 -0.007388948928564787
v -0.0033999679144471884 -0.023344989866018295 -0.014534950256347656
v -0.002899944083765149 -0.023500969633460045 -0.01328795962035656
v -0.005399941932410002 -0.023344989866018295 -0.014534950256347656
v -0.002899944083765149 -0.023500969633460045 -0.01328795962035656
v -0.005299984943121672 -0.023096969351172447 -0.011916990391910076
v -0.005399941932410002 -0.023344989866018295 -0.014534950256347656
v -0.002899944083765149 -0.017080960795283318 -0.020909959450364113
v -0.0033999679144471884 -0.01739698089659214 -0.021296970546245575
v -0.002899944083765149 -0.013286939822137356 -0.023500969633460045
v -0.002899944083765149 -0.017080960795283318 -0.020909959450364113
v -0.0033999679144471884 -0.020504949614405632 -0.018324969336390495
v -0.0033999679144471884 -0.01739698089659214 -0.021296970546245575
v -0.002899944083765149 -0.017080960795283318 -0.020909959450364113
v -0.002899944083765149 -0.023500969633460045 -0.01328795962035656
v -0.0033999679144471884 -0.020504949614405632 -0.018324969336390495
v -0.002899944083765149 -0.023500969633460045 -0.01328795962035656
v -0.0033999679144471884 -0.023344989866018295 -0.014534950256347656
v -0.0033999679144471884 -0.020504949614405632 -0.018324969336390495
v -0.005299984943121672 -0.011836940422654152 -0.023705000057816505
v -0.005399941932410002 -0.014534950256347656 -0.023344989866018295
v -0.005399941932410002 -0.010523970238864422 -0.02540694922208786
v -0.005299984943121672 -0.008958995342254639 -0.02536696009337902
v -0.005399941932410002 -0.007223962806165218 -0.026009969413280487
v -0.005399941932410002 -0.006820975802838802 -0.022942960262298584
v -0.005299984943121672 -0.011836940422654152 -0.023705000057816505
v -0.005299984943121672 -0.011836940422654152 -0.022488949820399284
v -0.005399941932410002 -0.014534950256347656 -0.023344989866018295
v -0.005399941932410002 -0.00622898293659091 -0.026784950867295265
v -0.005399941932410002 -0.007223962806165218 -0.026009969413280487
v -0.005399941932410002 -0.010523970238864422 -0.02540694922208786
v -0.005399941932410002 -0.007223962806165218 -0.026009969413280487
v -0.005299984943121672 -0.008958995342254639 -0.02536696009337902
v -0.005399941932410002 -0.010523970238864422 -0.02540694922208786
v -0.005399941932410002 -0.00622898293659091 -0.026784950867295265
v -0.002899944083765149 -0.0072219958528876305 -0.026012949645519257
v -0.005399941932410002 -0.007223962806165218 -0.026009969413280487
v -0.002899944083765149 -0.0027079579886049032 -0.02686399035155773
v -0.002899944083765149 -0.0072219958528876305 -0.026012949645519257
v -0.0033999679144471884 -0.0027579660527408123 -0.02736097015440464
v -0.002899944083765149 0.0072219958528876305 -0.026012949645519257
v -0.002899944083765149 0.0027079579886049032 -0.02686399035155773
v -0.0033999679144471884 0.00622898293659091 -0.026784950867295265
v -0.002899944083765149 0.0027079579886049032 -0.02686399035155773
v -0.0033999679144471884 0.0015419720439240336 -0.027456989511847496
v -0.0033999679144471884 0.00622898293659091 -0.026784950867295265
v -0.002899944083765149 0.0027079579886049032 -0.02686399035155773
v -0.002899944083765149 -0.0027079579886049032 -0.02686399035155773
v -0.0033999679144471884 0.0015419720439240336 -0.027456989511847496
v -0.002899944083765149 -0.0027079579886049032 -0.02686399035155773
v -0.0033999679144471884 -0.0027579660527408123 -0.02736097015440464
v -0.0033999679144471884 0.0015419720439240336 -0.027456989511847496
v -0.002899944083765149 0.0072219958528876305 -0.026012949645519257
v -0.005399941932410002 0.00622898293659091 -0.026784950867295265
v -0.005399941932410002 0.007388948928564787 -0.02532093971967697
v -0.002899944083765149 0.0072219958528876305 -0.026012949645519257
v -0.0033999679144471884 0.00622898293659091 -0.026784950867295265
v -0.005399941932410002 0.00622898293659091 -0.026784950867295265
v -0.005299984943121672 0.011916990391910076 -0.023096969351172447
v -0.005399941932410002 0.013301960192620754 -0.02406894974410534
v -0.005399941932410002 0.014534950256347656 -0.023344989866018295
v -0.005399941932410002 0.007612943183630705 -0.02642500028014183
v -0.005399941932410002 0.007388948928564787 -0.02532093971967697
v -0.005399941932410002 0.00622898293659091 -0.026784950867295265
v -0.005399941932410002 0.007612943183630705 -0.02642500028014183
v -0.005299984943121672 0.008101998828351498 -0.024933990091085434
v -0.005399941932410002 0.007388948928564787 -0.02532093971967697
v -0.005299984943121672 0.008101998828351498 -0.024933990091085434
v -0.005399941932410002 0.007612943183630705 -0.02642500028014183
v -0.005299984943121672 0.011031979694962502 -0.024933990091085434
v -0.005399941932410002 0.007612943183630705 -0.02642500028014183
v -0.005399941932410002 0.013301960192620754 -0.02406894974410534
v -0.005299984943121672 0.011031979694962502 -0.024933990091085434
v -0.005299984943121672 0.011916990391910076 -0.023096969351172447
v -0.005299984943121672 0.011031979694962502 -0.024933990091085434
v -0.005399941932410002 0.013301960192620754 -0.02406894974410534
v -0.005299984943121672 0.008101998828351498 -0.024933990091085434
v -0.005399941932410002 0.006820975802838802 -0.022942960262298584
v -0.005399941932410002 0.007388948928564787 -0.02532093971967697
v -0.0033999679144471884 0.014534950256347656 -0.023344989866018295
v -0.002899944083765149 0.01328795962035656 -0.023500969633460045
v -0.005399941932410002 0.014534950256347656 -0.023344989866018295
v -0.002899944083765149 0.01328795962035656 -0.023500969633460045
v -0.005299984943121672 0.011916990391910076 -0.023096969351172447
v -0.005399941932410002 0.014534950256347656 -0.023344989866018295
v -0.002899944083765149 0.02090197056531906 -0.017090970650315285
v -0.0033999679144471884 0.02128898911178112 -0.017407000064849854
v -0.002899944083765149 0.02349299006164074 -0.013306969776749611
v -0.002899944083765149 0.02090197056531906 -0.017090970650315285
v -0.002899944083765149 0.018866950646042824 -0.019313989207148552
v -0.0033999679144471884 0.02128898911178112 -0.017407000064849854
v -0.002899944083765149 0.018866950646042824 -0.019313989207148552
v -0.0033999679144471884 0.018324969336390495 -0.020504949614405632
v -0.0033999679144471884 0.02128898911178112 -0.017407000064849854
v -0.002899944083765149 0.018866950646042824 -0.019313989207148552
v -0.002899944083765149 0.01328795962035656 -0.023500969633460045
v -0.0033999679144471884 0.018324969336390495 -0.020504949614405632
v -0.002899944083765149 0.01328795962035656 -0.023500969633460045
v -0.0033999679144471884 0.014534950256347656 -0.023344989866018295
v -0.0033999679144471884 0.018324969336390495 -0.020504949614405632
v -0.005399941932410002 -0.006820975802838802 -0.022942960262298584
v -0.005399941932410002 -0.007223962806165218 -0.026009969413280487
v -0.002899944083765149 -0.0072219958528876305 -0.026012949645519257
v -0.005399941932410002 -0.011399979703128338 -0.021045979112386703
v -0.005399941932410002 -0.009105980396270752 -0.0203859806060791
v -0.002899944083765149 -0.011399979703128338 -0.021045979112386703
v -0.005399941932410002 -0.009105980396270752 -0.0203859806060791
v -0.002899944083765149 -0.007975994609296322 -0.02085399068892002
v -0.002899944083765149 -0.011399979703128338 -0.021045979112386703
v -0.005399941932410002 -0.009105980396270752 -0.0203859806060791
v -0.005399941932410002 -0.007975994609296322 -0.02085399068892002
v -0.002899944083765149 -0.007975994609296322 -0.02085399068892002
v -0.002899944083765149 -0.007975994609296322 -0.02085399068892002
v -0.005399941932410002 -0.007975994609296322 -0.02085399068892002
v -0.002899944083765149 -0.006820975802838802 -0.022942960262298584
v -0.005399941932410002 -0.007975994609296322 -0.02085399068892002
v -0.005399941932410002 -0.006820975802838802 -0.022942960262298584
v -0.002899944083765149 -0.006820975802838802 -0.022942960262298584
v -0.005399941932410002 -0.006820975802838802 -0.022942960262298584
v -0.002899944083765149 -0.0072219958528876305 -0.026012949645519257
v -0.002899944083765149 -0.006820975802838802 -0.022942960262298584
v -0.0030999770388007164 -0.011228970251977444 -0.021434960886836052
v -0.005399941932410002 -0.009105980396270752 -0.0203859806060791
v -0.005299984943121672 -0.011836940422654152 -0.022488949820399284
v -0.0030999770388007164 -0.011228970251977444 -0.021434960886836052
v -0.0030999770388007164 -0.0093039870262146 -0.02076195925474167
v -0.005399941932410002 -0.009105980396270752 -0.0203859806060791
v -0.0030999770388007164 -0.0093039870262146 -0.02076195925474167
v -0.005399941932410002 -0.007975994609296322 -0.02085399068892002
v -0.005399941932410002 -0.009105980396270752 -0.0203859806060791
v -0.0030999770388007164 -0.0093039870262146 -0.02076195925474167
v -0.0030999770388007164 -0.007231949828565121 -0.02283399924635887
v -0.005399941932410002 -0.007975994609296322 -0.02085399068892002
v -0.0030999770388007164 -0.007231949828565121 -0.02283399924635887
v -0.005399941932410002 -0.006820975802838802 -0.022942960262298584
v -0.005399941932410002 -0.007975994609296322 -0.02085399068892002
v -0.0029999609105288982 -0.011209960095584393 -0.024739980697631836
v -0.005299984943121672 -0.011836940422654152 -0.023705000057816505
v -0.005399941932410002 -0.010523970238864422 -0.02540694922208786
v -0.0029999609105288982 -0.011209960095584393 -0.024739980697631836
v -0.0030999770388007164 -0.011836940422654152 -0.023705000057816505
v -0.005299984943121672 -0.011836940422654152 -0.023705000057816505
v -0.0030999770388007164 -0.011836940422654152 -0.023705000057816505
v -0.005299984943121672 -0.011836940422654152 -0.022488949820399284
v -0.005299984943121672 -0.011836940422654152 -0.023705000057816505
v -0.0030999770388007164 -0.011836940422654152 -0.023705000057816505
v -0.0030999770388007164 -0.011228970251977444 -0.021434960886836052
v -0.005299984943121672 -0.011836940422654152 -0.022488949820399284
v -0.002899944083765149 -0.0072219958528876305 0.026012949645519257
v -0.005399941932410002 -0.006820975802838802 0.022942960262298584
v -0.002899944083765149 -0.006854950916022062 0.022638969123363495
v -0.005399941932410002 -0.006820975802838802 0.022942960262298584
v -0.005399941932410002 -0.007159947883337736 0.021766960620880127
v -0.002899944083765149 -0.006854950916022062 0.022638969123363495
v -0.005399941932410002 -0.007159947883337736 0.021766960620880127
v -0.002899944083765149 -0.007975994609296322 0.02085399068892002
v -0.002899944083765149 -0.006854950916022062 0.022638969123363495
v -0.005399941932410002 -0.007159947883337736 0.021766960620880127
v -0.005399941932410002 -0.009105980396270752 0.0203859806060791
v -0.002899944083765149 -0.007975994609296322 0.02085399068892002
v -0.005399941932410002 -0.009105980396270752 0.0203859806060791
v -0.002899944083765149 -0.010327990166842937 0.020453980192542076
v -0.002899944083765149 -0.007975994609296322 0.02085399068892002
v -0.005399941932410002 -0.009105980396270752 0.0203859806060791
v -0.005399941932410002 -0.011399979703128338 0.021045979112386703
v -0.002899944083765149 -0.010327990166842937 0.020453980192542076
v -0.005399941932410002 -0.011399979703128338 0.021045979112386703
v -0.002899944083765149 -0.011399979703128338 0.021045979112386703
v -0.002899944083765149 -0.010327990166842937 0.020453980192542076
v -0.005399941932410002 -0.011399979703128338 0.021045979112386703
v -0.005399941932410002 -0.012678979896008968 0.023129990324378014
v -0.002899944083765149 -0.011399979703128338 0.021045979112386703
v -0.005399941932410002 -0.012678979896008968 0.023129990324378014
v -0.002899944083765149 -0.01328795962035656 0.023500969633460045
v -0.002899944083765149 -0.011399979703128338 0.021045979112386703
v -0.005399941932410002 0.006820975802838802 0.022942960262298584
v -0.005399941932410002 0.007223962806165218 0.026009969413280487
v -0.002899944083765149 0.007388948928564787 0.02532093971967697
v -0.005299984943121672 0.011836940422654152 0.022488949820399284
v -0.005399941932410002 0.011399979703128338 0.021045979112386703
v -0.002899944083765149 0.011399979703128338 0.021045979112386703
v -0.005399941932410002 0.011399979703128338 0.021045979112386703
v -0.002899944083765149 0.009105980396270752 0.0203859806060791
v -0.002899944083765149 0.011399979703128338 0.021045979112386703
v -0.005399941932410002 0.011399979703128338 0.021045979112386703
v -0.005399941932410002 0.009105980396270752 0.0203859806060791
v -0.002899944083765149 0.009105980396270752 0.0203859806060791
v -0.005399941932410002 0.009105980396270752 0.0203859806060791
v -0.002899944083765149 0.007975994609296322 0.02085399068892002
v -0.002899944083765149 0.009105980396270752 0.0203859806060791
v -0.005399941932410002 0.009105980396270752 0.0203859806060791
v -0.005399941932410002 0.007159947883337736 0.021766960620880127
v -0.002899944083765149 0.007975994609296322 0.02085399068892002
v -0.005399941932410002 0.007159947883337736 0.021766960620880127
v -0.002899944083765149 0.006820975802838802 0.022942960262298584
v -0.002899944083765149 0.007975994609296322 0.02085399068892002
v -0.005399941932410002 0.007159947883337736 0.021766960620880127
v -0.005399941932410002 0.006820975802838802 0.022942960262298584
v -0.002899944083765149 0.006820975802838802 0.022942960262298584
v -0.005399941932410002 0.006820975802838802 0.022942960262298584
v -0.002899944083765149 0.007388948928564787 0.02532093971967697
v -0.002899944083765149 0.006820975802838802 0.022942960262298584
v -0.002899944083765149 0.021045979112386703 0.011399979703128338
v -0.005399941932410002 0.023129990324378014 0.012678979896008968
v -0.002899944083765149 0.023500969633460045 0.01328795962035656
v -0.005299984943121672 0.023096969351172447 0.007216989062726498
v -0.005399941932410002 0.021766960620880127 0.007159947883337736
v -0.002899944083765149 0.022942960262298584 0.006820975802838802
v -0.002899944083765149 0.022942960262298584 0.006820975802838802
v -0.005399941932410002 0.021766960620880127 0.007159947883337736
v -0.002899944083765149 0.021766960620880127 0.007159947883337736
v -0.005399941932410002 0.021766960620880127 0.007159947883337736
v -0.002899944083765149 0.0203859806060791 0.009105980396270752
v -0.002899944083765149 0.021766960620880127 0.007159947883337736
v -0.005399941932410002 0.021766960620880127 0.007159947883337736
v -0.005399941932410002 0.0203859806060791 0.009105980396270752
v -0.002899944083765149 0.0203859806060791 0.009105980396270752
v -0.005399941932410002 0.0203859806060791 0.009105980396270752
v -0.005399941932410002 0.021045979112386703 0.011399979703128338
v -0.002899944083765149 0.0203859806060791 0.009105980396270752
v -0.005399941932410002 0.021045979112386703 0.011399979703128338
v -0.002899944083765149 0.021045979112386703 0.011399979703128338
v -0.002899944083765149 0.0203859806060791 0.009105980396270752
v -0.005399941932410002 0.021045979112386703 0.011399979703128338
v -0.005399941932410002 0.023129990324378014 0.012678979896008968
v -0.002899944083765149 0.021045979112386703 0.011399979703128338
v -0.003199994098395109 0.014481959864497185 -0.021622950211167336
v -0.003199994098395109 0.01360499020665884 -0.021771959960460663
v -0.002899944083765149 0.01328795962035656 -0.023500969633460045
v -0.003199994098395109 0.012865959666669369 -0.020728999748826027
v -0.002899944083765149 0.011399979703128338 -0.021045979112386703
v -0.003199994098395109 0.01360499020665884 -0.021771959960460663
v -0.002899944083765149 0.014255999587476254 -0.019513960927724838
v -0.002899944083765149 0.011399979703128338 -0.021045979112386703
v -0.003199994098395109 0.012865959666669369 -0.020728999748826027
v -0.002899944083765149 0.021045979112386703 -0.011399979703128338
v -0.003199994098395109 0.01991897076368332 -0.013343979604542255
v -0.003199994098395109 0.020671959966421127 -0.01287095993757248
v -0.003199994098395109 0.02457999996840954 -0.005899964831769466
v -0.003199994098395109 0.02353297919034958 -0.005155980121344328
v -0.002899944083765149 0.022942960262298584 -0.006820975802838802
v -0.003199994098395109 0.023717990145087242 0.004237948916852474
v -0.002899944083765149 0.02686399035155773 0.0027079579886049032
v -0.003199994098395109 0.024963969364762306 0.003953992854803801
v -0.003199994098395109 0.014003990218043327 0.02180497907102108
v -0.003199994098395109 0.01475697010755539 0.02133196033537388
v -0.002899944083765149 0.015845000743865967 0.02186094969511032
v -0.003199994098395109 0.005823968909680843 0.024126939475536346
v -0.003199994098395109 0.005160986911505461 0.023534949868917465
v -0.002899944083765149 0.006820975802838802 0.022942960262298584
v -0.003199994098395109 -0.003953992854803801 0.024963969364762306
v -0.003199994098395109 -0.0039549460634589195 0.024071989580988884
v -0.002899944083765149 -0.0035519590601325035 0.024519970640540123
v -0.003199994098395109 -0.005807994864881039 0.024089990183711052
v -0.002899944083765149 -0.006854950916022062 0.022638969123363495
v -0.003199994098395109 -0.0039549460634589195 0.024071989580988884
v -0.003199994098395109 -0.02090197056531906 0.014907949604094028
v -0.002899944083765149 -0.02186094969511032 0.015845950692892075
v -0.003199994098395109 -0.02165495976805687 0.014434989541769028
v -0.003199994098395109 -0.02090197056531906 0.014907949604094028
v -0.003199994098395109 -0.019817940890789032 0.014224939979612827
v -0.002899944083765149 -0.02186094969511032 0.015845950692892075
v -0.002899944083765149 -0.021045979112386703 0.011399979703128338
v -0.003199994098395109 -0.020685970783233643 0.012869000434875488
v -0.003199994098395109 -0.021753959357738495 0.013550990261137486
v -0.003199994098395109 -0.020685970783233643 0.012869000434875488
v -0.002899944083765149 -0.021045979112386703 0.011399979703128338
v -0.003199994098395109 -0.019922969862818718 0.013336949981749058
v -0.003199994098395109 -0.02090197056531906 0.014907949604094028
v -0.010399989783763885 -0.020061960443854332 0.014613980427384377
v -0.003199994098395109 -0.019817940890789032 0.014224939979612827
v -0.003199994098395109 -0.02090197056531906 0.014907949604094028
v -0.010399989783763885 -0.02090197056531906 0.014907949604094028
v -0.010399989783763885 -0.020061960443854332 0.014613980427384377
v -0.002899944083765149 -0.022638969123363495 -0.006854950916022062
v -0.003199994098395109 -0.023717990145087242 -0.004237948916852474
v -0.003199994098395109 -0.023717990145087242 -0.005515992175787687
v -0.003199994098395109 -0.021282970905303955 -0.014786000363528728
v -0.003199994098395109 -0.021771959960460663 -0.01360499020665884
v -0.002899944083765149 -0.023500969633460045 -0.01328795962035656
v -0.003199994098395109 -0.005899964831769466 -0.02457999996840954
v -0.003199994098395109 -0.004696965217590332 -0.023510990664362907
v -0.002899944083765149 -0.006820975802838802 -0.022942960262298584
v -0.002899944083765149 0.018866950646042824 -0.019313989207148552
v -0.003199994098395109 0.018558969721198082 -0.017205949872732162
v -0.003199994098395109 0.017520960420370102 -0.018664950504899025
v -0.002899944083765149 -0.021749969571828842 0.0033099649008363485
v -0.0033999679144471884 -0.019862940534949303 0.008227944374084473
v -0.002899944083765149 -0.02032499946653843 0.0084189772605896
v -0.0033999679144471884 -0.019862940534949303 0.008227944374084473
v -0.002899944083765149 -0.021749969571828842 0.0033099649008363485
v -0.0033999679144471884 -0.021254949271678925 0.0032349820248782635
v -0.002899944083765149 -0.021749969571828842 0.0033099649008363485
v -0.002899944083765149 -0.02190995030105114 -0.0019909730181097984
v -0.0033999679144471884 -0.021254949271678925 0.0032349820248782635
v -0.0033999679144471884 -0.021254949271678925 0.0032349820248782635
v -0.002899944083765149 -0.02190995030105114 -0.0019909730181097984
v -0.0033999679144471884 -0.021411949768662453 -0.0019459719769656658
v -0.002899944083765149 -0.02190995030105114 -0.0019909730181097984
v -0.002899944083765149 -0.0203859806060791 -0.009105980396270752
v -0.0033999679144471884 -0.021411949768662453 -0.0019459719769656658
v -0.0033999679144471884 -0.021411949768662453 -0.0019459719769656658
v -0.002899944083765149 -0.0203859806060791 -0.009105980396270752
v -0.0033999679144471884 -0.020323989912867546 -0.007012962829321623
v -0.002899944083765149 -0.0203859806060791 -0.009105980396270752
v -0.002899944083765149 -0.018474990501999855 -0.011944940313696861
v -0.0033999679144471884 -0.020323989912867546 -0.007012962829321623
v -0.0033999679144471884 -0.020323989912867546 -0.007012962829321623
v -0.002899944083765149 -0.018474990501999855 -0.011944940313696861
v -0.0033999679144471884 -0.018054960295557976 -0.011672969907522202
v -0.002899944083765149 -0.018474990501999855 -0.011944940313696861
v -0.002899944083765149 -0.015078959986567497 -0.016018979251384735
v -0.0033999679144471884 -0.018054960295557976 -0.011672969907522202
v -0.0033999679144471884 -0.0028059480246156454 -0.021315990015864372
v -0.002899944083765149 -0.007975994609296322 -0.02085399068892002
v -0.002899944083765149 -0.0006639999919570982 -0.02198999933898449
v -0.0033999679144471884 -0.018054960295557976 -0.011672969907522202
v -0.002899944083765149 -0.015078959986567497 -0.016018979251384735
v -0.0033999679144471884 -0.014736950397491455 -0.015654979273676872
v -0.002899944083765149 -0.015078959986567497 -0.016018979251384735
v -0.0033999679144471884 -0.01056199986487627 -0.018727000802755356
v -0.0033999679144471884 -0.014736950397491455 -0.015654979273676872
v -0.002899944083765149 -0.015078959986567497 -0.016018979251384735
v -0.002899944083765149 -0.007975994609296322 -0.02085399068892002
v -0.0033999679144471884 -0.01056199986487627 -0.018727000802755356
v -0.002899944083765149 -0.007975994609296322 -0.02085399068892002
v -0.0033999679144471884 -0.005772947799414396 -0.020709989592432976
v -0.0033999679144471884 -0.01056199986487627 -0.018727000802755356
v -0.002899944083765149 -0.007975994609296322 -0.02085399068892002
v -0.0033999679144471884 -0.0028059480246156454 -0.021315990015864372
v -0.0033999679144471884 -0.005772947799414396 -0.020709989592432976
v -0.002899944083765149 -0.0006639999919570982 -0.02198999933898449
v -0.0033999679144471884 0.0028059480246156454 -0.021315990015864372
v -0.0033999679144471884 -0.0028059480246156454 -0.021315990015864372
v -0.002899944083765149 -0.0006639999919570982 -0.02198999933898449
v -0.002899944083765149 0.007975994609296322 -0.02085399068892002
v -0.0033999679144471884 0.0028059480246156454 -0.021315990015864372
v -0.002899944083765149 0.007975994609296322 -0.02085399068892002
v -0.0033999679144471884 0.008227944374084473 -0.019862940534949303
v -0.0033999679144471884 0.0028059480246156454 -0.021315990015864372
v -0.002899944083765149 0.007975994609296322 -0.02085399068892002
v -0.002899944083765149 0.01408499013632536 -0.016899999231100082
v -0.0033999679144471884 0.008227944374084473 -0.019862940534949303
v -0.0033999679144471884 0.008227944374084473 -0.019862940534949303
v -0.002899944083765149 0.01408499013632536 -0.016899999231100082
v -0.0033999679144471884 0.013764970004558563 -0.01651597023010254
v -0.002899944083765149 0.01408499013632536 -0.016899999231100082
v -0.002899944083765149 0.01771998032927513 -0.013038990087807178
v -0.0033999679144471884 0.013764970004558563 -0.01651597023010254
v -0.0033999679144471884 0.019862940534949303 -0.008227944374084473
v -0.0033999679144471884 0.017316989600658417 -0.012741980142891407
v -0.002899944083765149 0.02032499946653843 -0.0084189772605896
v -0.0033999679144471884 0.017316989600658417 -0.012741980142891407
v -0.002899944083765149 0.01771998032927513 -0.013038990087807178
v -0.002899944083765149 0.02032499946653843 -0.0084189772605896
v -0.0033999679144471884 0.017316989600658417 -0.012741980142891407
v -0.0033999679144471884 0.013764970004558563 -0.01651597023010254
v -0.002899944083765149 0.01771998032927513 -0.013038990087807178
v -0.0033999679144471884 -0.019862940534949303 0.008227944374084473
v -0.0033999679144471884 -0.021254949271678925 0.0032349820248782635
v -0.004999995231628418 -0.019862940534949303 0.008227944374084473
v -0.0033999679144471884 -0.021254949271678925 0.0032349820248782635
v -0.004999995231628418 -0.021315990015864372 0.0028059480246156454
v -0.004999995231628418 -0.019862940534949303 0.008227944374084473
v -0.0033999679144471884 -0.021254949271678925 0.0032349820248782635
v -0.0033999679144471884 -0.021411949768662453 -0.0019459719769656658
v -0.004999995231628418 -0.021315990015864372 0.0028059480246156454
v -0.0033999679144471884 -0.021411949768662453 -0.0019459719769656658
v -0.004999995231628418 -0.021315990015864372 -0.0028059480246156454
v -0.004999995231628418 -0.021315990015864372 0.0028059480246156454
v -0.0033999679144471884 -0.021411949768662453 -0.0019459719769656658
v -0.0033999679144471884 -0.020323989912867546 -0.007012962829321623
v -0.004999995231628418 -0.021315990015864372 -0.0028059480246156454
v -0.0033999679144471884 -0.020323989912867546 -0.007012962829321623
v -0.004999995231628418 -0.019862940534949303 -0.008227944374084473
v -0.004999995231628418 -0.021315990015864372 -0.0028059480246156454
v -0.0033999679144471884 -0.020323989912867546 -0.007012962829321623
v -0.0033999679144471884 -0.018054960295557976 -0.011672969907522202
v -0.004999995231628418 -0.019862940534949303 -0.008227944374084473
v -0.0033999679144471884 -0.018054960295557976 -0.011672969907522202
v -0.004999995231628418 -0.01705699972808361 -0.013087980449199677
v -0.004999995231628418 -0.019862940534949303 -0.008227944374084473
v -0.0033999679144471884 -0.018054960295557976 -0.011672969907522202
v -0.0033999679144471884 -0.014736950397491455 -0.015654979273676872
v -0.004999995231628418 -0.01705699972808361 -0.013087980449199677
v -0.0033999679144471884 -0.014736950397491455 -0.015654979273676872
v -0.004999995231628418 -0.013087980449199677 -0.01705699972808361
v -0.004999995231628418 -0.01705699972808361 -0.013087980449199677
v -0.0033999679144471884 -0.014736950397491455 -0.015654979273676872
v -0.0033999679144471884 -0.01056199986487627 -0.018727000802755356
v -0.004999995231628418 -0.013087980449199677 -0.01705699972808361
v -0.0033999679144471884 -0.01056199986487627 -0.018727000802755356
v -0.004999995231628418 -0.008227944374084473 -0.019862940534949303
v -0.004999995231628418 -0.013087980449199677 -0.01705699972808361
v -0.0033999679144471884 -0.01056199986487627 -0.018727000802755356
v -0.0033999679144471884 -0.005772947799414396 -0.020709989592432976
v -0.004999995231628418 -0.008227944374084473 -0.019862940534949303
v -0.004999995231628418 -0.0028059480246156454 -0.021315990015864372
v -0.004999995231628418 -0.008227944374084473 -0.019862940534949303
v -0.0033999679144471884 -0.0028059480246156454 -0.021315990015864372
v -0.004999995231628418 -0.008227944374084473 -0.019862940534949303
v -0.0033999679144471884 -0.005772947799414396 -0.020709989592432976
v -0.0033999679144471884 -0.0028059480246156454 -0.021315990015864372
v -0.004999995231628418 0.008227944374084473 -0.019862940534949303
v -0.004999995231628418 0.0028059480246156454 -0.021315990015864372
v -0.0033999679144471884 0.008227944374084473 -0.019862940534949303
v -0.004999995231628418 0.0028059480246156454 -0.021315990015864372
v -0.0033999679144471884 0.0028059480246156454 -0.021315990015864372
v -0.0033999679144471884 0.008227944374084473 -0.019862940534949303
v -0.004999995231628418 0.0028059480246156454 -0.021315990015864372
v -0.004999995231628418 -0.0028059480246156454 -0.021315990015864372
v -0.0033999679144471884 0.0028059480246156454 -0.021315990015864372
v -0.004999995231628418 -0.0028059480246156454 -0.021315990015864372
v -0.0033999679144471884 -0.0028059480246156454 -0.021315990015864372
v -0.0033999679144471884 0.0028059480246156454 -0.021315990015864372
v -0.0033999679144471884 0.008227944374084473 -0.019862940534949303
v -0.0033999679144471884 0.013764970004558563 -0.01651597023010254
v -0.004999995231628418 0.008227944374084473 -0.019862940534949303
v -0.0033999679144471884 0.013764970004558563 -0.01651597023010254
v -0.004999995231628418 0.013087980449199677 -0.01705699972808361
v -0.004999995231628418 0.008227944374084473 -0.019862940534949303
v -0.0033999679144471884 0.013764970004558563 -0.01651597023010254
v -0.004999995231628418 0.01705699972808361 -0.013087980449199677
v -0.004999995231628418 0.013087980449199677 -0.01705699972808361
v -0.0033999679144471884 0.013764970004558563 -0.01651597023010254
v -0.0033999679144471884 0.017316989600658417 -0.012741980142891407
v -0.004999995231628418 0.01705699972808361 -0.013087980449199677
v -0.0033999679144471884 0.017316989600658417 -0.012741980142891407
v -0.004999995231628418 0.019862940534949303 -0.008227944374084473
v -0.004999995231628418 0.01705699972808361 -0.013087980449199677
v -0.0033999679144471884 0.017316989600658417 -0.012741980142891407
v -0.0033999679144471884 0.019862940534949303 -0.008227944374084473
v -0.004999995231628418 0.019862940534949303 -0.008227944374084473
v -0.0033999679144471884 0.019862940534949303 -0.008227944374084473
v -0.0033999679144471884 0.021254949271678925 -0.0032349820248782635
v -0.004999995231628418 0.019862940534949303 -0.008227944374084473
v -0.0033999679144471884 0.021254949271678925 -0.0032349820248782635
v -0.004999995231628418 0.021315990015864372 -0.0028059480246156454
v -0.004999995231628418 0.019862940534949303 -0.008227944374084473
v -0.0033999679144471884 0.021254949271678925 -0.0032349820248782635
v -0.0033999679144471884 0.021411949768662453 0.0019459719769656658
v -0.004999995231628418 0.021315990015864372 -0.0028059480246156454
v -0.0033999679144471884 0.021411949768662453 0.0019459719769656658
v -0.004999995231628418 0.021315990015864372 0.0028059480246156454
v -0.004999995231628418 0.021315990015864372 -0.0028059480246156454
v -0.0033999679144471884 0.021411949768662453 0.0019459719769656658
v -0.0033999679144471884 0.020323989912867546 0.007012962829321623
v -0.004999995231628418 0.021315990015864372 0.0028059480246156454
v -0.0033999679144471884 0.020323989912867546 0.007012962829321623
v -0.004999995231628418 0.019862940534949303 0.008227944374084473
v -0.004999995231628418 0.021315990015864372 0.0028059480246156454
v -0.0033999679144471884 0.020323989912867546 0.007012962829321623
v -0.0033999679144471884 0.018054960295557976 0.011672969907522202
v -0.004999995231628418 0.019862940534949303 0.008227944374084473
v -0.0033999679144471884 0.018054960295557976 0.011672969907522202
v -0.004999995231628418 0.01705699972808361 0.013087980449199677
v -0.004999995231628418 0.019862940534949303 0.008227944374084473
v -0.0033999679144471884 0.018054960295557976 0.011672969907522202
v -0.0033999679144471884 0.014736950397491455 0.015654979273676872
v -0.004999995231628418 0.01705699972808361 0.013087980449199677
v -0.0033999679144471884 0.014736950397491455 0.015654979273676872
v -0.004999995231628418 0.013087980449199677 0.01705699972808361
v -0.004999995231628418 0.01705699972808361 0.013087980449199677
v -0.0033999679144471884 0.014736950397491455 0.015654979273676872
v -0.0033999679144471884 0.01056199986487627 0.018727000802755356
v -0.004999995231628418 0.013087980449199677 0.01705699972808361
v -0.0033999679144471884 0.01056199986487627 0.018727000802755356
v -0.004999995231628418 0.008227944374084473 0.019862940534949303
v -0.004999995231628418 0.013087980449199677 0.01705699972808361
v -0.0033999679144471884 0.01056199986487627 0.018727000802755356
v -0.0033999679144471884 0.005772947799414396 0.020709989592432976
v -0.004999995231628418 0.008227944374084473 0.019862940534949303
v -0.004999995231628418 0.0028059480246156454 0.021315990015864372
v -0.004999995231628418 0.008227944374084473 0.019862940534949303
v -0.0033999679144471884 0.0028059480246156454 0.021315990015864372
v -0.004999995231628418 0.008227944374084473 0.019862940534949303
v -0.0033999679144471884 0.005772947799414396 0.020709989592432976
v -0.0033999679144471884 0.0028059480246156454 0.021315990015864372
v -0.004999995231628418 -0.008227944374084473 0.019862940534949303
v -0.004999995231628418 -0.0028059480246156454 0.021315990015864372
v -0.0033999679144471884 -0.008227944374084473 0.019862940534949303
v -0.0033999679144471884 -0.008227944374084473 0.019862940534949303
v -0.004999995231628418 -0.0028059480246156454 0.021315990015864372
v -0.0033999679144471884 -0.0028059480246156454 0.021315990015864372
v -0.004999995231628418 -0.0028059480246156454 0.021315990015864372
v -0.004999995231628418 0.0028059480246156454 0.021315990015864372
v -0.0033999679144471884 -0.0028059480246156454 0.021315990015864372
v -0.004999995231628418 0.0028059480246156454 0.021315990015864372
v -0.0033999679144471884 0.0028059480246156454 0.021315990015864372
v -0.0033999679144471884 -0.0028059480246156454 0.021315990015864372
v -0.0033999679144471884 -0.008227944374084473 0.019862940534949303
v -0.0033999679144471884 -0.013764970004558563 0.01651597023010254
v -0.004999995231628418 -0.008227944374084473 0.019862940534949303
v -0.0033999679144471884 -0.013764970004558563 0.01651597023010254
v -0.004999995231628418 -0.013087980449199677 0.01705699972808361
v -0.004999995231628418 -0.008227944374084473 0.019862940534949303
v -0.0033999679144471884 -0.013764970004558563 0.01651597023010254
v -0.004999995231628418 -0.01705699972808361 0.013087980449199677
v -0.004999995231628418 -0.013087980449199677 0.01705699972808361
v -0.0033999679144471884 -0.013764970004558563 0.01651597023010254
v -0.0033999679144471884 -0.017316989600658417 0.012741980142891407
v -0.004999995231628418 -0.01705699972808361 0.013087980449199677
v -0.0033999679144471884 -0.017316989600658417 0.012741980142891407
v -0.004999995231628418 -0.019862940534949303 0.008227944374084473
v -0.004999995231628418 -0.01705699972808361 0.013087980449199677
v -0.0033999679144471884 -0.017316989600658417 0.012741980142891407
v -0.0033999679144471884 -0.019862940534949303 0.008227944374084473
v -0.004999995231628418 -0.019862940534949303 0.008227944374084473
v -0.002899944083765149 0.021749969571828842 -0.0033099649008363485
v -0.0033999679144471884 0.019862940534949303 -0.008227944374084473
v -0.002899944083765149 0.02032499946653843 -0.0084189772605896
v -0.0033999679144471884 0.019862940534949303 -0.008227944374084473
v -0.002899944083765149 0.021749969571828842 -0.0033099649008363485
v -0.0033999679144471884 0.021254949271678925 -0.0032349820248782635
v -0.002899944083765149 0.021749969571828842 -0.0033099649008363485
v -0.002899944083765149 0.02190995030105114 0.0019909730181097984
v -0.0033999679144471884 0.021254949271678925 -0.0032349820248782635
v -0.0033999679144471884 0.021254949271678925 -0.0032349820248782635
v -0.002899944083765149 0.02190995030105114 0.0019909730181097984
v -0.0033999679144471884 0.021411949768662453 0.0019459719769656658
v -0.002899944083765149 0.02190995030105114 0.0019909730181097984
v -0.002899944083765149 0.0203859806060791 0.009105980396270752
v -0.0033999679144471884 0.021411949768662453 0.0019459719769656658
v -0.0033999679144471884 0.021411949768662453 0.0019459719769656658
v -0.002899944083765149 0.0203859806060791 0.009105980396270752
v -0.0033999679144471884 0.020323989912867546 0.007012962829321623
v -0.002899944083765149 0.0203859806060791 0.009105980396270752
v -0.002899944083765149 0.018474990501999855 0.011944940313696861
v -0.0033999679144471884 0.020323989912867546 0.007012962829321623
v -0.0033999679144471884 0.020323989912867546 0.007012962829321623
v -0.002899944083765149 0.018474990501999855 0.011944940313696861
v -0.0033999679144471884 0.018054960295557976 0.011672969907522202
v -0.002899944083765149 0.018474990501999855 0.011944940313696861
v -0.002899944083765149 0.015078959986567497 0.016018979251384735
v -0.0033999679144471884 0.018054960295557976 0.011672969907522202
v -0.0033999679144471884 0.0028059480246156454 0.021315990015864372
v -0.002899944083765149 0.007975994609296322 0.02085399068892002
v -0.002899944083765149 0.0006639999919570982 0.02198999933898449
v -0.0033999679144471884 0.018054960295557976 0.011672969907522202
v -0.002899944083765149 0.015078959986567497 0.016018979251384735
v -0.0033999679144471884 0.014736950397491455 0.015654979273676872
v -0.002899944083765149 0.015078959986567497 0.016018979251384735
v -0.0033999679144471884 0.01056199986487627 0.018727000802755356
v -0.0033999679144471884 0.014736950397491455 0.015654979273676872
v -0.002899944083765149 0.015078959986567497 0.016018979251384735
v -0.002899944083765149 0.009105980396270752 0.0203859806060791
v -0.0033999679144471884 0.01056199986487627 0.018727000802755356
v -0.002899944083765149 0.009105980396270752 0.0203859806060791
v -0.0033999679144471884 0.005772947799414396 0.020709989592432976
v -0.0033999679144471884 0.01056199986487627 0.018727000802755356
v -0.002899944083765149 0.009105980396270752 0.0203859806060791
v -0.002899944083765149 0.007975994609296322 0.02085399068892002
v -0.0033999679144471884 0.005772947799414396 0.020709989592432976
v -0.002899944083765149 0.007975994609296322 0.02085399068892002
v -0.0033999679144471884 0.0028059480246156454 0.021315990015864372
v -0.0033999679144471884 0.005772947799414396 0.020709989592432976
v -0.002899944083765149 0.0006639999919570982 0.02198999933898449
v -0.0033999679144471884 -0.0028059480246156454 0.021315990015864372
v -0.0033999679144471884 0.0028059480246156454 0.021315990015864372
v -0.002899944083765149 0.0006639999919570982 0.02198999933898449
v -0.002899944083765149 -0.007975994609296322 0.02085399068892002
v -0.0033999679144471884 -0.0028059480246156454 0.021315990015864372
v -0.002899944083765149 -0.007975994609296322 0.02085399068892002
v -0.002899944083765149 -0.009392975829541683 0.01989400014281273
v -0.0033999679144471884 -0.0028059480246156454 0.021315990015864372
v -0.002899944083765149 -0.009392975829541683 0.01989400014281273
v -0.0033999679144471884 -0.008227944374084473 0.019862940534949303
v -0.0033999679144471884 -0.0028059480246156454 0.021315990015864372
v -0.002899944083765149 -0.009392975829541683 0.01989400014281273
v -0.002899944083765149 -0.01408499013632536 0.016899999231100082
v -0.0033999679144471884 -0.008227944374084473 0.019862940534949303
v -0.0033999679144471884 -0.008227944374084473 0.019862940534949303
v -0.002899944083765149 -0.01408499013632536 0.016899999231100082
v -0.0033999679144471884 -0.013764970004558563 0.01651597023010254
v -0.002899944083765149 -0.01408499013632536 0.016899999231100082
v -0.002899944083765149 -0.01771998032927513 0.013038990087807178
v -0.0033999679144471884 -0.013764970004558563 0.01651597023010254
v -0.0033999679144471884 -0.019862940534949303 0.008227944374084473
v -0.0033999679144471884 -0.017316989600658417 0.012741980142891407
v -0.002899944083765149 -0.02032499946653843 0.0084189772605896
v -0.0033999679144471884 -0.017316989600658417 0.012741980142891407
v -0.002899944083765149 -0.01771998032927513 0.013038990087807178
v -0.002899944083765149 -0.02032499946653843 0.0084189772605896
v -0.0033999679144471884 -0.017316989600658417 0.012741980142891407
v -0.0033999679144471884 -0.013764970004558563 0.01651597023010254
v -0.002899944083765149 -0.01771998032927513 0.013038990087807178
v -0.001150964992120862 -0.0034529559779912233 -0.012879960238933563
v -0.0022259950637817383 -0.008392988704144955 -0.010361960157752037
v -0.0022259950637817383 -0.0006990000256337225 -0.013316979631781578
v -0.001150964992120862 -0.0034529559779912233 -0.012879960238933563
v -0.001150964992120862 -0.007263957988470793 -0.011182960122823715
v -0.0022259950637817383 -0.008392988704144955 -0.010361960157752037
v -0.001150964992120862 -0.007263957988470793 -0.011182960122823715
v -0.0009009999921545386 -0.011430970393121243 -0.006597994826734066
v -0.0022259950637817383 -0.008392988704144955 -0.010361960157752037
v -0.0009009999921545386 -0.011430970393121243 -0.006597994826734066
v -0.0022259950637817383 -0.011881940066814423 -0.006052969954907894
v -0.0022259950637817383 -0.008392988704144955 -0.010361960157752037
v -0.0009009999921545386 -0.011430970393121243 -0.006597994826734066
v -0.001150964992120862 -0.012449969537556171 -0.004777966998517513
v -0.0022259950637817383 -0.011881940066814423 -0.006052969954907894
v -0.001150964992120862 -0.012449969537556171 -0.004777966998517513
v -0.0022259950637817383 -0.013316979631781578 -0.0006970000104047358
v -0.0022259950637817383 -0.011881940066814423 -0.006052969954907894
v -0.001150964992120862 -0.012449969537556171 -0.004777966998517513
v -0.001150964992120862 -0.013316979631781578 -0.0006970000104047358
v -0.0022259950637817383 -0.013316979631781578 -0.0006970000104047358
v -0.001150964992120862 -0.013316979631781578 -0.0006970000104047358
v -0.0009009999921545386 -0.013125949539244175 0.0013809800148010254
v -0.0022259950637817383 -0.013316979631781578 -0.0006970000104047358
v -0.0009009999921545386 -0.013125949539244175 0.0013809800148010254
v -0.0022259950637817383 -0.01317095011472702 0.0020869970321655273
v -0.0022259950637817383 -0.013316979631781578 -0.0006970000104047358
v -0.0009009999921545386 -0.013125949539244175 0.0013809800148010254
v -0.0022259950637817383 -0.011182960122823715 0.007263957988470793
v -0.0022259950637817383 -0.01317095011472702 0.0020869970321655273
v -0.0009009999921545386 -0.013125949539244175 0.0013809800148010254
v -0.001150964992120862 -0.011182960122823715 0.007263957988470793
v -0.0022259950637817383 -0.011182960122823715 0.007263957988470793
v -0.001150964992120862 -0.011182960122823715 0.007263957988470793
v -0.001150964992120862 -0.008390963077545166 0.010363990440964699
v -0.0022259950637817383 -0.011182960122823715 0.007263957988470793
v -0.001150964992120862 -0.008390963077545166 0.010363990440964699
v -0.0022259950637817383 -0.007261991035193205 0.011183969676494598
v -0.0022259950637817383 -0.011182960122823715 0.007263957988470793
v -0.001150964992120862 -0.008390963077545166 0.010363990440964699
v -0.001150964992120862 -0.004777966998517513 0.012449969537556171
v -0.0022259950637817383 -0.007261991035193205 0.011183969676494598
v -0.001150964992120862 -0.004777966998517513 0.012449969537556171
v -0.0022259950637817383 -0.0020849700085818768 0.01317095011472702
v -0.0022259950637817383 -0.007261991035193205 0.011183969676494598
v -0.001150964992120862 -0.004777966998517513 0.012449969537556171
v -0.001150964992120862 -0.0006970000104047358 0.013316979631781578
v -0.0022259950637817383 -0.0020849700085818768 0.01317095011472702
v -0.001150964992120862 -0.0006970000104047358 0.013316979631781578
v -0.0022259950637817383 0.0006990000256337225 0.013316979631781578
v -0.0022259950637817383 -0.0020849700085818768 0.01317095011472702
v -0.001150964992120862 -0.0006970000104047358 0.013316979631781578
v -0.001150964992120862 0.0034529559779912233 0.012879960238933563
v -0.0022259950637817383 0.0006990000256337225 0.013316979631781578
v -0.001150964992120862 0.012449969537556171 0.004777966998517513
v -0.0011009570444002748 0.012224970385432243 0.0027719729114323854
v -0.0009009999921545386 0.013125949539244175 -0.0013809800148010254
v -0.001150964992120862 0.012449969537556171 0.004777966998517513
v -0.0009009999921545386 0.011430970393121243 0.006597994826734066
v -0.0011009570444002748 0.012224970385432243 0.0027719729114323854
v -0.0009009999921545386 0.011430970393121243 0.006597994826734066
v -0.0011009570444002748 0.010600980371236801 0.006687997840344906
v -0.0011009570444002748 0.012224970385432243 0.0027719729114323854
v -0.0009009999921545386 0.011430970393121243 0.006597994826734066
v -0.001150964992120862 0.007263957988470793 0.011182960122823715
v -0.0011009570444002748 0.010600980371236801 0.006687997840344906
v -0.001150964992120862 0.007263957988470793 0.011182960122823715
v -0.0011009570444002748 0.007764995098114014 0.009839951060712337
v -0.0011009570444002748 0.010600980371236801 0.006687997840344906
v -0.001150964992120862 0.007263957988470793 0.011182960122823715
v -0.001150964992120862 0.0034529559779912233 0.012879960238933563
v -0.0011009570444002748 0.007764995098114014 0.009839951060712337
v -0.001150964992120862 0.0034529559779912233 0.012879960238933563
v -0.0008999999845400453 0.004104970954358578 0.012055990286171436
v -0.0011009570444002748 0.007764995098114014 0.009839951060712337
v -0.001150964992120862 0.0034529559779912233 0.012879960238933563
v -0.001150964992120862 -0.0006970000104047358 0.013316979631781578
v -0.0008999999845400453 0.004104970954358578 0.012055990286171436
v -0.001150964992120862 -0.0006970000104047358 0.013316979631781578
v -0.00039999998989515007 -0.0019869799725711346 0.012543969787657261
v -0.0008999999845400453 0.004104970954358578 0.012055990286171436
v -0.001150964992120862 -0.0006970000104047358 0.013316979631781578
v -0.001150964992120862 -0.004777966998517513 0.012449969537556171
v -0.00039999998989515007 -0.0019869799725711346 0.012543969787657261
v -0.001150964992120862 -0.004777966998517513 0.012449969537556171
v -0.0008999999845400453 -0.005765974055975676 0.011315999552607536
v -0.00039999998989515007 -0.0019869799725711346 0.012543969787657261
v -0.001150964992120862 -0.004777966998517513 0.012449969537556171
v -0.001150964992120862 -0.008390963077545166 0.010363990440964699
v -0.0008999999845400453 -0.005765974055975676 0.011315999552607536
v -0.001150964992120862 -0.008390963077545166 0.010363990440964699
v -0.001150964992120862 -0.011182960122823715 0.007263957988470793
v -0.0008999999845400453 -0.005765974055975676 0.011315999552607536
v -0.001150964992120862 -0.011182960122823715 0.007263957988470793
v -0.0008999999845400453 -0.011429959908127785 0.005617976188659668
v -0.0008999999845400453 -0.005765974055975676 0.011315999552607536
v -0.001150964992120862 -0.011182960122823715 0.007263957988470793
v -0.0009009999921545386 -0.013125949539244175 0.0013809800148010254
v -0.0008999999845400453 -0.011429959908127785 0.005617976188659668
v -0.001150964992120862 0.012449969537556171 0.004777966998517513
v -0.0009009999921545386 0.013125949539244175 -0.0013809800148010254
v -0.001150964992120862 0.013316979631781578 0.0006970000104047358
v -0.001150964992120862 0.0034529559779912233 0.012879960238933563
v -0.0022259950637817383 0.008392988704144955 0.010361960157752037
v -0.0022259950637817383 0.0006990000256337225 0.013316979631781578
v -0.001150964992120862 0.0034529559779912233 0.012879960238933563
v -0.001150964992120862 0.007263957988470793 0.011182960122823715
v -0.0022259950637817383 0.008392988704144955 0.010361960157752037
v -0.001150964992120862 0.007263957988470793 0.011182960122823715
v -0.0009009999921545386 0.011430970393121243 0.006597994826734066
v -0.0022259950637817383 0.008392988704144955 0.010361960157752037
v -0.0009009999921545386 0.011430970393121243 0.006597994826734066
v -0.0022259950637817383 0.011881940066814423 0.006052969954907894
v -0.0022259950637817383 0.008392988704144955 0.010361960157752037
v -0.0009009999921545386 0.011430970393121243 0.006597994826734066
v -0.001150964992120862 0.012449969537556171 0.004777966998517513
v -0.0022259950637817383 0.011881940066814423 0.006052969954907894
v -0.001150964992120862 0.012449969537556171 0.004777966998517513
v -0.0022259950637817383 0.013316979631781578 0.0006970000104047358
v -0.0022259950637817383 0.011881940066814423 0.006052969954907894
v -0.001150964992120862 0.012449969537556171 0.004777966998517513
v -0.001150964992120862 0.013316979631781578 0.0006970000104047358
v -0.0022259950637817383 0.013316979631781578 0.0006970000104047358
v -0.001150964992120862 0.013316979631781578 0.0006970000104047358
v -0.0009009999921545386 0.013125949539244175 -0.0013809800148010254
v -0.0022259950637817383 0.013316979631781578 0.0006970000104047358
v -0.0009009999921545386 0.013125949539244175 -0.0013809800148010254
v -0.0022259950637817383 0.01317095011472702 -0.0020869970321655273
v -0.0022259950637817383 0.013316979631781578 0.0006970000104047358
v -0.0009009999921545386 0.013125949539244175 -0.0013809800148010254
v -0.0022259950637817383 0.011182960122823715 -0.007263957988470793
v -0.0022259950637817383 0.01317095011472702 -0.0020869970321655273
v -0.0009009999921545386 0.013125949539244175 -0.0013809800148010254
v -0.001150964992120862 0.011182960122823715 -0.007263957988470793
v -0.0022259950637817383 0.011182960122823715 -0.007263957988470793
v -0.001150964992120862 0.011182960122823715 -0.007263957988470793
v -0.001150964992120862 0.008390963077545166 -0.010363990440964699
v -0.0022259950637817383 0.011182960122823715 -0.007263957988470793
v -0.001150964992120862 0.008390963077545166 -0.010363990440964699
v -0.0022259950637817383 0.007261991035193205 -0.011183969676494598
v -0.0022259950637817383 0.011182960122823715 -0.007263957988470793
v -0.001150964992120862 0.008390963077545166 -0.010363990440964699
v -0.001150964992120862 0.004777966998517513 -0.012449969537556171
v -0.0022259950637817383 0.007261991035193205 -0.011183969676494598
v -0.001150964992120862 0.004777966998517513 -0.012449969537556171
v -0.0022259950637817383 0.0020849700085818768 -0.01317095011472702
v -0.0022259950637817383 0.007261991035193205 -0.011183969676494598
v -0.001150964992120862 0.004777966998517513 -0.012449969537556171
v -0.001150964992120862 0.0006970000104047358 -0.013316979631781578
v -0.0022259950637817383 0.0020849700085818768 -0.01317095011472702
v -0.001150964992120862 0.0006970000104047358 -0.013316979631781578
v -0.0022259950637817383 -0.0006990000256337225 -0.013316979631781578
v -0.0022259950637817383 0.0020849700085818768 -0.01317095011472702
v -0.001150964992120862 0.0006970000104047358 -0.013316979631781578
v -0.001150964992120862 -0.0034529559779912233 -0.012879960238933563
v -0.0022259950637817383 -0.0006990000256337225 -0.013316979631781578
v -0.0008999999845400453 -0.005765974055975676 0.011315999552607536
v -0.00039999998989515007 -0.008979976177215576 0.008979976177215576
v -0.00039999998989515007 -0.0019869799725711346 0.012543969787657261
v -0.00039999998989515007 0.011315999552607536 -0.005765974055975676
v -0.00039999998989515007 0.012543969787657261 -0.0019869799725711346
v -0.00039999998989515007 0.011315999552607536 0.005765974055975676
v -0.00039999998989515007 0.012543969787657261 -0.0019869799725711346
v -0.00039999998989515007 0.012543969787657261 0.0019869799725711346
v -0.00039999998989515007 0.011315999552607536 0.005765974055975676
v -0.0008999999845400453 0.001581965945661068 -0.01262097992002964
v -0.00039999998989515007 0.005765974055975676 -0.011315999552607536
v -0.00039999998989515007 -0.0019869799725711346 -0.012543969787657261
v -0.00039999998989515007 0.008979976177215576 -0.008979976177215576
v -0.00039999998989515007 0.011315999552607536 -0.005765974055975676
v -0.00039999998989515007 0.011315999552607536 0.005765974055975676
v -0.00039999998989515007 0.005765974055975676 -0.011315999552607536
v -0.00039999998989515007 -0.005765974055975676 -0.011315999552607536
v -0.00039999998989515007 -0.0019869799725711346 -0.012543969787657261
v -0.00039999998989515007 0.005765974055975676 -0.011315999552607536
v -0.00039999998989515007 -0.008979976177215576 -0.008979976177215576
v -0.00039999998989515007 -0.005765974055975676 -0.011315999552607536
v -0.00039999998989515007 0.005765974055975676 -0.011315999552607536
v -0.00039999998989515007 -0.012543969787657261 -0.0019869799725711346
v -0.00039999998989515007 -0.008979976177215576 -0.008979976177215576
v -0.00039999998989515007 -0.012543969787657261 -0.0019869799725711346
v -0.00039999998989515007 -0.011315999552607536 -0.005765974055975676
v -0.00039999998989515007 -0.008979976177215576 -0.008979976177215576
v -0.00039999998989515007 0.0019869799725711346 0.012543969787657261
v -0.00039999998989515007 0.008979976177215576 0.008979976177215576
v -0.00039999998989515007 0.005765974055975676 0.011315999552607536
v -0.00039999998989515007 -0.012543969787657261 -0.0019869799725711346
v -0.00039999998989515007 -0.008979976177215576 0.008979976177215576
v -0.00039999998989515007 -0.011315999552607536 0.005765974055975676
v -0.00039999998989515007 -0.0019869799725711346 0.012543969787657261
v -0.00039999998989515007 -0.008979976177215576 0.008979976177215576
v -0.00039999998989515007 -0.012543969787657261 -0.0019869799725711346
v -0.00039999998989515007 0.011315999552607536 0.005765974055975676
v -0.00039999998989515007 0.005765974055975676 -0.011315999552607536
v -0.00039999998989515007 0.008979976177215576 -0.008979976177215576
v -0.00039999998989515007 0.0019869799725711346 0.012543969787657261
v -0.00039999998989515007 0.011315999552607536 0.005765974055975676
v -0.00039999998989515007 0.008979976177215576 0.008979976177215576
v -0.00039999998989515007 -0.0019869799725711346 0.012543969787657261
v -0.00039999998989515007 0.011315999552607536 0.005765974055975676
v -0.00039999998989515007 0.0019869799725711346 0.012543969787657261
v -0.00039999998989515007 -0.0019869799725711346 0.012543969787657261
v -0.00039999998989515007 0.005765974055975676 -0.011315999552607536
v -0.00039999998989515007 0.011315999552607536 0.005765974055975676
v -0.00039999998989515007 0.005765974055975676 -0.011315999552607536
v -0.00039999998989515007 -0.0019869799725711346 0.012543969787657261
v -0.00039999998989515007 -0.012543969787657261 -0.0019869799725711346
v -0.0008999999845400453 0.011429959908127785 -0.005617976188659668
v -0.0011009570444002748 0.011505959555506706 -0.004973948001861572
v -0.0010609619785100222 0.01103794015944004 -0.006022988818585873
v -0.0008999999845400453 0.011429959908127785 -0.005617976188659668
v -0.0009009999921545386 0.013125949539244175 -0.0013809800148010254
v -0.0011009570444002748 0.011505959555506706 -0.004973948001861572
v -0.0008999999845400453 0.011429959908127785 -0.005617976188659668
v -0.0010609619785100222 0.01103794015944004 -0.006022988818585873
v -0.0008999999845400453 0.01027494017034769 -0.00746494485065341
v -0.0011009570444002748 0.011505959555506706 -0.004973948001861572
v -0.0009009999921545386 0.013125949539244175 -0.0013809800148010254
v -0.0011009570444002748 0.012488960288465023 -0.001073956023901701
v -0.0009009999921545386 0.013125949539244175 -0.0013809800148010254
v -0.0011009570444002748 0.012224970385432243 0.0027719729114323854
v -0.0011009570444002748 0.012488960288465023 -0.001073956023901701
vt 0 0
vt 0 0
vt 0 0
vt 0 0
vt 0 0
vt 0 0
vt 0 0
vt 0 0
vt 0 0
vt 0 0
vt 0 0
vt 0 0
vt 0 0
vt 0 0
vt 0 0
vt 0 0
vt 0 0
vt 0 0
vt 0 0
vt 0 0
vt 0 0
vt 0 0
vt 0 0
vt 0 0
vt 0 0
vt 0 0
vt 0 0
vt 0 0
vt 0 0
vt 0 0
vt 0 0
vt 0 0
vt 0 0
vt 0 0
vt 0 0
vt 0 0
vt 0 0
vt 0 0
vt 0 0
vt 0 0
vt 0 0
vt 0 0
vt 0 0
vt 0 0
vt 0 0
vt 0 0
vt 0 0
vt 0 0
vt 0 0
vt 0 0
vt 0 0
vt 0 0
vt 0 0
vt 0 0
vt 0 0
vt 0 0
vt 0 0
vt 0 0
vt 0 0
vt 0 0
vt 0 0
vt 0 0
vt 0 0
vt 0 0
vt 0 0
vt 0 0
vt 0 0
vt 0 0
vt 0 0
vt 0 0
vt 0 0
vt 0 0
vt 0 0
vt 0 0
vt 0 0
vt 0 0
vt 0 0
vt 0 0
vt 0 0
vt 0 0
vt 0 0
vt 0 0
vt 0 0
vt 0 0
vt 0 0
vt 0 0
vt 0 0
vt 0 0
vt 0 0
vt 0 0
vt 0 0
vt 0 0
vt 0 0
vt 0 0
vt 0 0
vt 0 0
vt 0 0
vt 0 0
vt 0 0
vt 0 0
vt 0 0
vt 0 0
vt 0 0
vt 0 0
vt 0 0
vt 0 0
vt 0 0
vt 0 0
vt 0 0
vt 0 0
vt 0 0
vt 0 0
vt 0 0
vt 0 0
vt 0 0
vt 0 0
vt 0 0
vt 0 0
vt 0 0
vt 0 0
vt 0 0
vt 0 0
vt 0 0
vt 0 0
vt 0 0
vt 0 0
vt 0 0
vt 0 0
vt 0 0
vt 0 0
vt 0 0
vt 0 0
vt 0 0
vt 0 0
vt 0 0
vt 0 0
vt 0 0
vt 0 0
vt 0 0
vt 0 0
vt 0 0
vt 0 0
vt 0 0
vt 0 0
vt 0 0
vt 0 0
vt 0 0
vt 0 0
vt 0 0
vt 0 0
vt 0 0
vt 0 0
vt 0 0
vt 0 0
vt 0 0
vt 0 0
vt 0 0
vt 0 0
vt 0 0
vt 0 0
vt 0 0
vt 0 0
vt 0 0
vt 0 0
vt 0 0
vt 0 0
vt 0 0
vt 0 0
vt 0 0
vt 0 0
vt 0 0
vt 0 0
vt 0 0
vt 0 0
vt 0 0
vt 0 0
vt 0 0
vt 0 0
vt 0 0
vt 0 0
vt 0 0
vt 0 0
vt 0 0
vt 0 0
vt 0 0
vt 0 0
vt 0 0
vt 0 0
vt 0 0
vt 0 0
vt 0 0
vt 0 0
vt 0 0
vt 0 0
vt 0 0
vt 0 0
vt 0 0
vt 0 0
vt 0 0
vt 0 0
vt 0 0
vt 0 0
vt 0 0
vt 0 0
vt 0 0
vt 0 0
vt 0 0
vt 0 0
vt 0 0
vt 0 0
vt 0 0
vt 0 0
vt 0 0
vt 0 0
vt 0 0
vt 0 0
vt 0 0
vt 0 0
vt 0 0
vt 0 0
vt 0 0
vt 0 0
vt 0 0
vt 0 0
vt 0 0
vt 0 0
vt 0 0
vt 0 0
vt 0 0
vt 0 0
vt 0 0
vt 0 0
vt 0 0
vt 0 0
vt 0 0
vt 0 0
vt 0 0
vt 0 0
vt 0 0
vt 0 0
vt 0 0
vt 0 0
vt 0 0
vt 0 0
vt 0 0
vt 0 0
vt 0 0
vt 0 0
vt 0 0
vt 0 0
vt 0 0
vt 0 0
vt 0 0
vt 0 0
vt 0 0
vt 0 0
vt 0 0
vt 0 0
vt 0 0
vt 0 0
vt 0 0
vt 0 0
vt 0 0
vt 0 0
vt 0 0
vt 0 0
vt 0 0
vt 0 0
vt 0 0
vt 0 0
vt 0 0
vt 0 0
vt 0 0
vt 0 0
vt 0 0
vt 0 0
vt 0 0
vt 0 0
vt 0 0
vt 0 0
vt 0 0
vt 0 0
vt 0 0
vt 0 0
vt 0 0
vt 0 0
vt 0 0
vt 0 0
vt 0 0
vt 0 0
vt 0 0
vt 0 0
vt 0 0
vt 0 0
vt 0 0
vt 0 0
vt 0 0
vt 0 0
vt 0 0
vt 0 0
vt 0 0
vt 0 0
vt 0 0
vt 0 0
vt 0 0
vt 0 0
vt 0 0
vt 0 0
vt 0 0
vt 0 0
vt 0 0
vt 0 0
vt 0 0
vt 0 0
vt 0 0
vt 0 0
vt 0 0
vt 0 0
vt 0 0
vt 0 0
vt 0 0
vt 0 0
vt 0 0
vt 0 0
vt 0 0
vt 0 0
vt 0 0
vt 0 0
vt 0 0
vt 0 0
vt 0 0
vt 0 0
vt 0 0
vt 0 0
vt 0 0
vt 0 0
vt 0 0
vt 0 0
vt 0 0
vt 0 0
vt 0 0
vt 0 0
vt 0 0
vt 0 0
vt 0 0
vt 0 0
vt 0 0
vt 0 0
vt 0 0
vt 0 0
vt 0 0
vt 0 0
vt 0 0
vt 0 0
vt 0 0
vt 0 0
vt 0 0
vt 0 0
vt 0 0
vt 0 0
vt 0 0
vt 0 0
vt 0 0
vt 0 0
vt 0 0
vt 0 0
vt 0 0
vt 0 0
vt 0 0
vt 0 0
vt 0 0
vt 0 0
vt 0 0
vt 0 0
vt 0 0
vt 0 0
vt 0 0
vt 0 0
vt 0 0
vt 0 0
vt 0 0
vt 0 0
vt 0 0
vt 0 0
vt 0 0
vt 0 0
vt 0 0
vt 0 0
vt 0 0
vt 0 0
vt 0 0
vt 0 0
vt 0 0
vt 0 0
vt 0 0
vt 0 0
vt 0 0
vt 0 0
vt 0 0
vt 0 0
vt 0 0
vt 0 0
vt 0 0
vt 0 0
vt 0 0
vt 0 0
vt 0 0
vt 0 0
vt 0 0
vt 0 0
vt 0 0
vt 0 0
vt 0 0
vt 0 0
vt 0 0
vt 0 0
vt 0 0
vt 0 0
vt 0 0
vt 0 0
vt 0 0
vt 0 0
vt 0 0
vt 0 0
vt 0 0
vt 0 0
vt 0 0
vt 0 0
vt 0 0
vt 0 0
vt 0 0
vt 0 0
vt 0 0
vt 0 0
vt 0 0
vt 0 0
vt 0 0
vt 0 0
vt 0 0
vt 0 0
vt 0 0
vt 0 0
vt 0 0
vt 0 0
vt 0 0
vt 0 0
vt 0 0
vt 0 0
vt 0 0
vt 0 0
vt 0 0
vt 0 0
vt 0 0
vt 0 0
vt 0 0
vt 0 0
vt 0 0
vt 0 0
vt 0 0
vt 0 0
vt 0 0
vt 0 0
vt 0 0
vt 0 0
vt 0 0
vt 0 0
vt 0 0
vt 0 0
vt 0 0
vt 0 0
vt 0 0
vt 0 0
vt 0 0
vt 0 0
vt 0 0
vt 0 0
vt 0 0
vt 0 0
vt 0 0
vt 0 0
vt 0 0
vt 0 0
vt 0 0
vt 0 0
vt 0 0
vt 0 0
vt 0 0
vt 0 0
vt 0 0
vt 0 0
vt 0 0
vt 0 0
vt 0 0
vt 0 0
vt 0 0
vt 0 0
vt 0 0
vt 0 0
vt 0 0
vt 0 0
vt 0 0
vt 0 0
vt 0 0
vt 0 0
vt 0 0
vt 0 0
vt 0 0
vt 0 0
vt 0 0
vt 0 0
vt 0 0
vt 0 0
vt 0 0
vt 0 0
vt 0 0
vt 0 0
vt 0 0
vt 0 0
vt 0 0
vt 0 0
vt 0 0
vt 0 0
vt 0 0
vt 0 0
vt 0 0
vt 0 0
vt 0 0
vt 0 0
vt 0 0
vt 0 0
vt 0 0
vt 0 0
vt 0 0
vt 0 0
vt 0 0
vt 0 0
vt 0 0
vt 0 0
vt 0 0
vt 0 0
vt 0 0
vt 0 0
vt 0 0
vt 0 0
vt 0 0
vt 0 0
vt 0 0
vt 0 0
vt 0 0
vt 0 0
vt 0 0
vt 0 0
vt 0 0
vt 0 0
vt 0 0
vt 0 0
vt 0 0
vt 0 0
vt 0 0
vt 0 0
vt 0 0
vt 0 0
vt 0 0
vt 0 0
vt 0 0
vt 0 0
vt 0 0
vt 0 0
vt 0 0
vt 0 0
vt 0 0
vt 0 0
vt 0 0
vt 0 0
vt 0 0
vt 0 0
vt 0 0
vt 0 0
vt 0 0
vt 0 0
vt 0 0
vt 0 0
vt 0 0
vt 0 0
vt 0 0
vt 0 0
vt 0 0
vt 0 0
vt 0 0
vt 0 0
vt 0 0
vt 0 0
vt 0 0
vt 0 0
vt 0 0
vt 0 0
vt 0 0
vt 0 0
vt 0 0
vt 0 0
vt 0 0
vt 0 0
vt 0 0
vt 0 0
vt 0 0
vt 0 0
vt 0 0
vt 0 0
vt 0 0
vt 0 0
vt 0 0
vt 0 0
vt 0 0
vt 0 0
vt 0 0
vt 0 0
vt 0 0
vt 0 0
vt 0 0
vt 0 0
vt 0 0
vt 0 0
vt 0 0
vt 0 0
vt 0 0
vt 0 0
vt 0 0
vt 0 0
vt 0 0
vt 0 0
vt 0 0
vt 0 0
vt 0 0
vt 0 0
vt 0 0
vt 0 0
vt 0 0
vt 0 0
vt 0 0
vt 0 0
vt 0 0
vt 0 0
vt 0 0
vt 0 0
vt 0 0
vt 0 0
vt 0 0
vt 0 0
vt 0 0
vt 0 0
vt 0 0
vt 0 0
vt 0 0
vt 0 0
vt 0 0
vt 0 0
vt 0 0
vt 0 0
vt 0 0
vt 0 0
vt 0 0
vt 0 0
vt 0 0
vt 0 0
vt 0 0
vt 0 0
vt 0 0
vt 0 0
vt 0 0
vt 0 0
vt 0 0
vt 0 0
vt 0 0
vt 0 0
vt 0 0
vt 0 0
vt 0 0
vt 0 0
vt 0 0
vt 0 0
vt 0 0
vt 0 0
vt 0 0
vt 0 0
vt 0 0
vt 0 0
vt 0 0
vt 0 0
vt 0 0
vt 0 0
vt 0 0
vt 0 0
vt 0 0
vt 0 0
vt 0 0
vt 0 0
vt 0 0
vt 0 0
vt 0 0
vt 0 0
vt 0 0
vt 0 0
vt 0 0
vt 0 0
vt 0 0
vt 0 0
vt 0 0
vt 0 0
vt 0 0
vt 0 0
vt 0 0
vt 0 0
vt 0 0
vt 0 0
vt 0 0
vt 0 0
vt 0 0
vt 0 0
vt 0 0
vt 0 0
vt 0 0
vt 0 0
vt 0 0
vt 0 0
vt 0 0
vt 0 0
vt 0 0
vt 0 0
vt 0 0
vt 0 0
vt 0 0
vt 0 0
vt 0 0
vt 0 0
vt 0 0
vt 0 0
vt 0 0
vt 0 0
vt 0 0
vt 0 0
vt 0 0
vt 0 0
vt 0 0
vt 0 0
vt 0 0
vt 0 0
vt 0 0
vt 0 0
vt 0 0
vt 0 0
vt 0 0
vt 0 0
vt 0 0
vt 0 0
vt 0 0
vt 0 0
vt 0 0
vt 0 0
vt 0 0
vt 0 0
vt 0 0
vt 0 0
vt 0 0
vt 0 0
vt 0 0
vt 0 0
vt 0 0
vt 0 0
vt 0 0
vt 0 0
vt 0 0
vt 0 0
vt 0 0
vt 0 0
vt 0 0
vt 0 0
vt 0 0
vt 0 0
vt 0 0
vt 0 0
vt 0 0
vt 0 0
vt 0 0
vt 0 0
vt 0 0
vt 0 0
vt 0 0
vt 0 0
vt 0 0
vt 0 0
vt 0 0
vt 0 0
vt 0 0
vt 0 0
vt 0 0
vt 0 0
vt 0 0
vt 0 0
vt 0 0
vt 0 0
vt 0 0
vt 0 0
vt 0 0
vt 0 0
vt 0 0
vt 0 0
vt 0 0
vt 0 0
vt 0 0
vt 0 0
vt 0 0
vt 0 0
vt 0 0
vt 0 0
vt 0 0
vt 0 0
vt 0 0
vt 0 0
vt 0 0
vt 0 0
vt 0 0
vt 0 0
vt 0 0
vt 0 0
vt 0 0
vt 0 0
vt 0 0
vt 0 0
vt 0 0
vt 0 0
vt 0 0
vt 0 0
vt 0 0
vt 0 0
vt 0 0
vt 0 0
vt 0 0
vt 0 0
vt 0 0
vt 0 0
vt 0 0
vt 0 0
vt 0 0
vt 0 0
vt 0 0
vt 0 0
vt 0 0
vt 0 0
vt 0 0
vt 0 0
vt 0 0
vt 0 0
vt 0 0
vt 0 0
vt 0 0
vt 0 0
vt 0 0
vt 0 0
vt 0 0
vt 0 0
vt 0 0
vt 0 0
vt 0 0
vt 0 0
vt 0 0
vt 0 0
vt 0 0
vt 0 0
vt 0 0
vt 0 0
vt 0 0
vt 0 0
vt 0 0
vt 0 0
vt 0 0
vt 0 0
vt 0 0
vt 0 0
vt 0 0
vt 0 0
vt 0 0
vt 0 0
vt 0 0
vt 0 0
vt 0 0
vt 0 0
vt 0 0
vt 0 0
vt 0 0
vt 0 0
vt 0 0
vt 0 0
vt 0 0
vt 0 0
vt 0 0
vt 0 0
vt 0 0
vt 0 0
vt 0 0
vt 0 0
vt 0 0
vt 0 0
vt 0 0
vt 0 0
vt 0 0
vt 0 0
vt 0 0
vt 0 0
vt 0 0
vt 0 0
vt 0 0
vt 0 0
vt 0 0
vt 0 0
vt 0 0
vt 0 0
vt 0 0
vt 0 0
vt 0 0
vt 0 0
vt 0 0
vt 0 0
vt 0 0
vt 0 0
vt 0 0
vt 0 0
vt 0 0
vt 0 0
vt 0 0
vt 0 0
vt 0 0
vt 0 0
vt 0 0
vt 0 0
vt 0 0
vt 0 0
vt 0 0
vt 0 0
vt 0 0
vt 0 0
vt 0 0
vt 0 0
vt 0 0
vt 0 0
vt 0 0
vt 0 0
vt 0 0
vt 0 0
vt 0 0
vt 0 0
vt 0 0
vt 0 0
vt 0 0
vt 0 0
vt 0 0
vt 0 0
vt 0 0
vt 0 0
vt 0 0
vt 0 0
vt 0 0
vt 0 0
vt 0 0
vt 0 0
vt 0 0
vt 0 0
vt 0 0
vt 0 0
vt 0 0
vt 0 0
vt 0 0
vt 0 0
vt 0 0
vt 0 0
vt 0 0
vt 0 0
vt 0 0
vt 0 0
vt 0 0
vt 0 0
vt 0 0
vt 0 0
vt 0 0
vt 0 0
vt 0 0
vt 0 0
vt 0 0
vt 0 0
vt 0 0
vt 0 0
vt 0 0
vt 0 0
vt 0 0
vt 0 0
vt 0 0
vt 0 0
vt 0 0
vt 0 0
vt 0 0
vt 0 0
vt 0 0
vt 0 0
vt 0 0
vt 0 0
vt 0 0
vt 0 0
vt 0 0
vt 0 0
vt 0 0
vt 0 0
vt 0 0
vt 0 0
vt 0 0
vt 0 0
vt 0 0
vt 0 0
vt 0 0
vt 0 0
vt 0 0
vt 0 0
vt 0 0
vt 0 0
vt 0 0
vt 0 0
vt 0 0
vt 0 0
vt 0 0
vt 0 0
vt 0 0
vt 0 0
vt 0 0
vt 0 0
vt 0 0
vt 0 0
vt 0 0
vt 0 0
vt 0 0
vt 0 0
vt 0 0
vt 0 0
vt 0 0
vt 0 0
vt 0 0
vt 0 0
vt 0 0
vt 0 0
vt 0 0
vt 0 0
vt 0 0
vt 0 0
vt 0 0
vt 0 0
vt 0 0
vt 0 0
vt 0 0
vt 0 0
vt 0 0
vt 0 0
vt 0 0
vt 0 0
vt 0 0
vt 0 0
vt 0 0
vt 0 0
vt 0 0
vt 0 0
vt 0 0
vt 0 0
vt 0 0
vt 0 0
vt 0 0
vt 0 0
vt 0 0
vt 0 0
vt 0 0
vt 0 0
vt 0 0
vt 0 0
vt 0 0
vt 0 0
vt 0 0
vt 0 0
vt 0 0
vt 0 0
vt 0 0
vt 0 0
vt 0 0
vt 0 0
vt 0 0
vt 0 0
vt 0 0
vt 0 0
vt 0 0
vt 0 0
vt 0 0
vt 0 0
vt 0 0
vt 0 0
vt 0 0
vt 0 0
vt 0 0
vt 0 0
vt 0 0
vt 0 0
vt 0 0
vt 0 0
vt 0 0
vt 0 0
vt 0 0
vt 0 0
vt 0 0
vt 0 0
vt 0 0
vt 0 0
vt 0 0
vt 0 0
vt 0 0
vt 0 0
vt 0 0
vt 0 0
vt 0 0
vt 0 0
vt 0 0
vt 0 0
vt 0 0
vt 0 0
vt 0 0
vt 0 0
vt 0 0
vt 0 0
vt 0 0
vt 0 0
vt 0 0
vt 0 0
vt 0 0
vt 0 0
vt 0 0
vt 0 0
vt 0 0
vt 0 0
vt 0 0
vt 0 0
vt 0 0
vt 0 0
vt 0 0
vt 0 0
vt 0 0
vt 0 0
vt 0 0
vt 0 0
vt 0 0
vt 0 0
vt 0 0
vt 0 0
vt 0 0
vt 0 0
vt 0 0
vt 0 0
vt 0 0
vt 0 0
vt 0 0
vt 0 0
vt 0 0
vt 0 0
vt 0 0
vt 0 0
vt 0 0
vt 0 0
vt 0 0
vt 0 0
vt 0 0
vt 0 0
vt 0 0
vt 0 0
vt 0 0
vt 0 0
vt 0 0
vt 0 0
vt 0 0
vt 0 0
vt 0 0
vt 0 0
vt 0 0
vt 0 0
vt 0 0
vt 0 0
vt 0 0
vt 0 0
vt 0 0
vt 0 0
vt 0 0
vt 0 0
vt 0 0
vt 0 0
vt 0 0
vt 0 0
vt 0 0
vt 0 0
vt 0 0
vt 0 0
vt 0 0
vt 0 0
vt 0 0
vt 0 0
vt 0 0
vt 0 0
vt 0 0
vt 0 0
vt 0 0
vt 0 0
vt 0 0
vt 0 0
vt 0 0
vt 0 0
vt 0 0
vt 0 0
vt 0 0
vt 0 0
vt 0 0
vt 0 0
vt 0 0
vt 0 0
vt 0 0
vt 0 0
vt 0 0
vt 0 0
vt 0 0
vt 0 0
vt 0 0
vt 0 0
vt 0 0
vt 0 0
vt 0 0
vt 0 0
vt 0 0
vt 0 0
vt 0 0
vt 0 0
vt 0 0
vt 0 0
vt 0 0
vt 0 0
vt 0 0
vt 0 0
vt 0 0
vt 0 0
vt 0 0
vt 0 0
vt 0 0
vt 0 0
vt 0 0
vt 0 0
vt 0 0
vt 0 0
vt 0 0
vt 0 0
vt 0 0
vt 0 0
vt 0 0
vt 0 0
vt 0 0
vt 0 0
vt 0 0
vt 0 0
vt 0 0
vt 0 0
vt 0 0
vt 0 0
vt 0 0
vt 0 0
vt 0 0
vt 0 0
vt 0 0
vt 0 0
vt 0 0
vt 0 0
vt 0 0
vt 0 0
vt 0 0
vt 0 0
vt 0 0
vt 0 0
vt 0 0
vt 0 0
vt 0 0
vt 0 0
vt 0 0
vt 0 0
vt 0 0
vt 0 0
vt 0 0
vt 0 0
vt 0 0
vt 0 0
vt 0 0
vt 0 0
vt 0 0
vt 0 0
vt 0 0
vt 0 0
vt 0 0
vt 0 0
vt 0 0
vt 0 0
vt 0 0
vt 0 0
vt 0 0
vt 0 0
vt 0 0
vt 0 0
vt 0 0
vt 0 0
vt 0 0
vt 0 0
vt 0 0
vt 0 0
vt 0 0
vt 0 0
vt 0 0
vt 0 0
vt 0 0
vt 0 0
vt 0 0
vt 0 0
vt 0 0
vt 0 0
vt 0 0
vt 0 0
vt 0 0
vt 0 0
vt 0 0
vt 0 0
vt 0 0
vt 0 0
vt 0 0
vt 0 0
vt 0 0
vt 0 0
vt 0 0
vt 0 0
vt 0 0
vt 0 0
vt 0 0
vt 0 0
vt 0 0
vt 0 0
vt 0 0
vt 0 0
vt 0 0
vt 0 0
vt 0 0
vt 0 0
vt 0 0
vt 0 0
vt 0 0
vt 0 0
vt 0 0
vt 0 0
vt 0 0
vt 0 0
vt 0 0
vt 0 0
vt 0 0
vt 0 0
vt 0 0
vt 0 0
vt 0 0
vt 0 0
vt 0 0
vt 0 0
vt 0 0
vt 0 0
vt 0 0
vt 0 0
vt 0 0
vt 0 0
vt 0 0
vt 0 0
vt 0 0
vt 0 0
vt 0 0
vt 0 0
vt 0 0
vt 0 0
vt 0 0
vt 0 0
vt 0 0
vt 0 0
vt 0 0
vt 0 0
vt 0 0
vt 0 0
vt 0 0
vt 0 0
vt 0 0
vt 0 0
vt 0 0
vt 0 0
vt 0 0
vt 0 0
vt 0 0
vt 0 0
vt 0 0
vt 0 0
vt 0 0
vt 0 0
vt 0 0
vt 0 0
vt 0 0
vt 0 0
vt 0 0
vt 0 0
vt 0 0
vt 0 0
vt 0 0
vt 0 0
vt 0 0
vt 0 0
vt 0 0
vt 0 0
vt 0 0
vt 0 0
vt 0 0
vt 0 0
vt 0 0
vt 0 0
vt 0 0
vt 0 0
vt 0 0
vt 0 0
vt 0 0
vt 0 0
vt 0 0
vt 0 0
vt 0 0
vt 0 0
vt 0 0
vt 0 0
vt 0 0
vt 0 0
vt 0 0
vt 0 0
vt 0 0
vt 0 0
vt 0 0
vt 0 0
vt 0 0
vt 0 0
vt 0 0
vt 0 0
vt 0 0
vt 0 0
vt 0 0
vt 0 0
vt 0 0
vt 0 0
vt 0 0
vt 0 0
vt 0 0
vt 0 0
vt 0 0
vt 0 0
vt 0 0
vt 0 0
vt 0 0
vt 0 0
vt 0 0
vt 0 0
vt 0 0
vt 0 0
vt 0 0
vt 0 0
vt 0 0
vt 0 0
vt 0 0
vt 0 0
vt 0 0
vt 0 0
vt 0 0
vt 0 0
vt 0 0
vt 0 0
vt 0 0
vt 0 0
vt 0 0
vt 0 0
vt 0 0
vt 0 0
vt 0 0
vt 0 0
vt 0 0
vt 0 0
vt 0 0
vt 0 0
vt 0 0
vt 0 0
vt 0 0
vt 0 0
vt 0 0
vt 0 0
vt 0 0
vt 0 0
vt 0 0
vt 0 0
vt 0 0
vt 0 0
vt 0 0
vt 0 0
vt 0 0
vt 0 0
vt 0 0
vt 0 0
vt 0 0
vt 0 0
vt 0 0
vt 0 0
vt 0 0
vt 0 0
vt 0 0
vt 0 0
vt 0 0
vt 0 0
vt 0 0
vt 0 0
vt 0 0
vt 0 0
vt 0 0
vt 0 0
vt 0 0
vt 0 0
vt 0 0
vt 0 0
vt 0 0
vt 0 0
vt 0 0
vt 0 0
vt 0 0
vt 0 0
vt 0 0
vt 0 0
vt 0 0
vt 0 0
vt 0 0
vt 0 0
vt 0 0
vt 0 0
vt 0 0
vt 0 0
vt 0 0
vt 0 0
vt 0 0
vt 0 0
vt 0 0
vt 0 0
vt 0 0
vt 0 0
vt 0 0
vt 0 0
vt 0 0
vt 0 0
vt 0 0
vt 0 0
vt 0 0
vt 0 0
vt 0 0
vt 0 0
vt 0 0
vt 0 0
vt 0 0
vt 0 0
vt 0 0
vt 0 0
vt 0 0
vt 0 0
vt 0 0
vt 0 0
vt 0 0
vt 0 0
vt 0 0
vt 0 0
vt 0 0
vt 0 0
vt 0 0
vt 0 0
vt 0 0
vt 0 0
vt 0 0
vt 0 0
vt 0 0
vt 0 0
vt 0 0
vt 0 0
vt 0 0
vt 0 0
vt 0 0
vt 0 0
vt 0 0
vt 0 0
vt 0 0
vt 0 0
vt 0 0
vt 0 0
vt 0 0
vt 0 0
vt 0 0
vt 0 0
vt 0 0
vt 0 0
vt 0 0
vt 0 0
vt 0 0
vt 0 0
vt 0 0
vt 0 0
vt 0 0
vt 0 0
vt 0 0
vt 0 0
vt 0 0
vt 0 0
vt 0 0
vt 0 0
vt 0 0
vt 0 0
vt 0 0
vt 0 0
vt 0 0
vt 0 0
vt 0 0
vt 0 0
vt 0 0
vt 0 0
vt 0 0
vt 0 0
vt 0 0
vt 0 0
vt 0 0
vt 0 0
vt 0 0
vt 0 0
vt 0 0
vt 0 0
vt 0 0
vt 0 0
vt 0 0
vt 0 0
vt 0 0
vt 0 0
vt 0 0
vt 0 0
vt 0 0
vt 0 0
vt 0 0
vt 0 0
vt 0 0
vt 0 0
vt 0 0
vt 0 0
vt 0 0
vt 0 0
vt 0 0
vt 0 0
vt 0 0
vt 0 0
vt 0 0
vt 0 0
vt 0 0
vt 0 0
vt 0 0
vt 0 0
vt 0 0
vt 0 0
vt 0 0
vt 0 0
vt 0 0
vt 0 0
vt 0 0
vt 0 0
vt 0 0
vt 0 0
vt 0 0
vt 0 0
vt 0 0
vt 0 0
vt 0 0
vt 0 0
vt 0 0
vt 0 0
vt 0 0
vt 0 0
vt 0 0
vt 0 0
vt 0 0
vt 0 0
vt 0 0
vt 0 0
vt 0 0
vt 0 0
vt 0 0
vt 0 0
vt 0 0
vt 0 0
vt 0 0
vt 0 0
vt 0 0
vt 0 0
vt 0 0
vt 0 0
vt 0 0
vt 0 0
vt 0 0
vt 0 0
vt 0 0
vt 0 0
vt 0 0
vt 0 0
vt 0 0
vt 0 0
vt 0 0
vt 0 0
vt 0 0
vt 0 0
vt 0 0
vt 0 0
vt 0 0
vt 0 0
vt 0 0
vt 0 0
vt 0 0
vt 0 0
vt 0 0
vt 0 0
vt 0 0
vt 0 0
vt 0 0
vt 0 0
vt 0 0
vt 0 0
vt 0 0
vt 0 0
vt 0 0
vt 0 0
vt 0 0
vt 0 0
vt 0 0
vt 0 0
vt 0 0
vt 0 0
vt 0 0
vt 0 0
vt 0 0
vt 0 0
vt 0 0
vt 0 0
vt 0 0
vt 0 0
vt 0 0
vt 0 0
vt 0 0
vt 0 0
vt 0 0
vt 0 0
vt 0 0
vt 0 0
vt 0 0
vt 0 0
vt 0 0
vt 0 0
vt 0 0
vt 0 0
vt 0 0
vt 0 0
vt 0 0
vt 0 0
vt 0 0
vt 0 0
vt 0 0
vt 0 0
vt 0 0
vt 0 0
vt 0 0
vt 0 0
vt 0 0
vt 0 0
vt 0 0
vt 0 0
vt 0 0
vt 0 0
vt 0 0
vt 0 0
vt 0 0
vt 0 0
vt 0 0
vt 0 0
vt 0 0
vt 0 0
vt 0 0
vt 0 0
vt 0 0
vt 0 0
vt 0 0
vt 0 0
vt 0 0
vt 0 0
vt 0 0
vt 0 0
vt 0 0
vt 0 0
vt 0 0
vt 0 0
vt 0 0
vt 0 0
vt 0 0
vt 0 0
vt 0 0
vt 0 0
vt 0 0
vt 0 0
vt 0 0
vt 0 0
vt 0 0
vt 0 0
vt 0 0
vt 0 0
vt 0 0
vt 0 0
vt 0 0
vt 0 0
vt 0 0
vt 0 0
vt 0 0
vt 0 0
vt 0 0
vt 0 0
vt 0 0
vt 0 0
vt 0 0
vt 0 0
vt 0 0
vt 0 0
vt 0 0
vt 0 0
vt 0 0
vt 0 0
vt 0 0
vt 0 0
vt 0 0
vt 0 0
vt 0 0
vt 0 0
vt 0 0
vn -0.018414609348259777 -0.8750339848194456 0.4837110992871193
vn -0.018414609348259777 -0.8750339848194456 0.4837110992871193
vn -0.018414609348259777 -0.8750339848194456 0.4837110992871193
vn 0.011504939479853737 -0.8890650057977425 0.4576363751204932
vn 0.011504820439683934 -0.8890874302129147 0.45759281085266884
vn 0.011504817596567164 -0.8890877840425591 0.4575921234444073
vn 0 -0.599661697168626 0.8002536153925475
vn 0 -0.599661697168626 0.8002536153925475
vn 0 -0.599661697168626 0.8002536153925475
vn -0.036794237493106945 -0.5059758383588997 0.8617625166391896
vn -0.03679423801422025 -0.5059780508968577 0.8617612175420577
vn -0.03679423770096718 -0.5059754239847767 0.8617627599260891
vn -9.546059824575342e-7 -0.5555741801018648 0.8314669749323959
vn -0.0000010717700460941244 -0.5555741801017989 0.8314669749322973
vn 0.000001339520057378764 -0.5555741801016195 0.8314669749320288
vn 0.017784048201167347 -0.3826149772927853 0.9237367085814117
vn 0.017784049611185494 -0.38261690470568194 0.9237359102107432
vn 0.017784170394349475 -0.3825590819888602 0.9237598562782566
vn 0.001295863856517539 -0.1398007840535816 0.990178802800216
vn 0.0012961619206310097 -0.13980098217959971 0.9901787744371695
vn 0.0012949099986528077 -0.13980010391861186 0.9901789000743455
vn -0.00047426692118875043 -0.2518054893731641 0.967777748552026
vn -0.00047427494072278196 -0.2518053631963387 0.967777781377957
vn -0.0004742739511927764 -0.25180536319645686 0.9677777813784111
vn 0.0000013372299084917231 -0.35660727803163944 0.9342543814470857
vn -9.518119853855385e-7 -0.35660727803179676 0.9342543814474978
vn -1.9231900150026506e-7 -0.35660727803195164 0.9342543814479036
vn -0.0013278118320479186 0.3056162538883781 0.9521538438062271
vn -0.0013278118702058986 0.3056170971360576 0.9521535731455123
vn -0.0013278118320479186 0.3056162538883781 0.9521538438062271
vn -0.01220320986430768 0.5080214668420652 0.8612579583937927
vn -0.012205059227178003 0.5080217547199993 0.8612577623803888
vn -0.012205360626108702 0.5080217789340566 0.8612577438262388
vn 0.011409038571237104 0.45717817117876225 0.8893019473927415
vn 0.011408859200869722 0.45711735965992223 0.8893332094492344
vn 0.011408858785395687 0.45711707479227703 0.8893333558765052
vn 0.0000013463800698594618 0.30366731555988985 0.9527781281383603
vn -9.620558885400391e-7 0.30366736966829627 0.9527781108935136
vn -7.547220308562448e-7 0.3036673155600786 0.9527781281389525
vn 0 0.8002536654291875 0.5996616303942999
vn 0 0.8002536654291875 0.5996616303942999
vn 0 0.8002536654291875 0.5996616303942999
vn -0.03679483849945147 0.8617617110896597 0.5059771666385954
vn -0.03679489665441012 0.8617604254394595 0.5059793520753518
vn -0.03679484131790978 0.8617619282695783 0.5059767965406001
vn -9.555368657846532e-7 0.8314668096037132 0.5555744275311002
vn -0.0000010717700634767669 0.8314668096036152 0.5555744275310347
vn 0.0000013395200791039446 0.8314668096033467 0.5555744275308554
vn 0.01778404766234055 0.9237367998030289 0.3826147570839399
vn 0.017784050051538706 0.9237359926881364 0.38261670556344946
vn 0.017784173102041587 0.9237599597770177 0.38255883194593665
vn 0.0012958638979044682 0.990178774819618 0.13980098223359672
vn 0.0012961618828287347 0.9901787455588249 0.1398011867185879
vn 0.0012949099447020396 0.9901788588198087 0.13980039611723602
vn -0.0004742279220639229 0.9677777485699255 0.2518054893778214
vn -0.00047422492436999947 0.9677777485713013 0.2518054893781793
vn -0.00047422198132497884 0.9677777413100697 0.25180551729120676
vn 0.0000013372298516517235 0.9342544211630752 0.3566071739820426
vn -9.518119121610782e-7 0.9342544211634874 0.35660717398219993
vn -1.92318995465063e-7 0.9342544211638933 0.35660717398235486
vn 0 0.9388250028505964 -0.34439456154616827
vn 0 0.9388250028505964 -0.34439456154616827
vn -0.000001973639864966823 0.9388250028487681 -0.3443945615454975
vn -0.013306199397047047 0.9527115695871724 -0.3035846014414306
vn -0.013302559818123824 0.9527118101292602 -0.30358400607165315
vn -0.013303868522387406 0.9527117049601932 -0.3035842787665079
vn 0.0000026610200470091556 -0.8322949958399974 0.5543329684337902
vn 0.0000025657900405578774 -0.8322949958402046 0.5543329684339282
vn 0.000004554169712806676 -0.8322950691493401 0.5543328583522312
vn 0.0000028191095752801866 -0.8323051950942371 0.5543176546089765
vn 0.000002572780168253781 -0.8323051217816074 0.5543177646887065
vn 6.062910078064011e-7 -0.8323049110292551 0.5543180811377312
vn -0.0029991260555713743 -0.7224351350100174 0.6914321954797595
vn -0.002999126066655618 -0.7224350184707179 0.6914323172444645
vn -0.0029991256642106453 -0.7224341431487001 0.6914332318150855
vn 0.000002087260145378966 -0.7266866127145087 0.6869691164071038
vn 0.0000013418000727767068 -0.7266866127154376 0.6869691164079819
vn 0 -0.7266866127160917 0.6869691164086003
vn -0.01130442770125022 -0.5816546591911665 0.8133572814916917
vn -0.01130366031307787 -0.5816544218849768 0.8133574618611302
vn -0.01130639851340499 -0.5816554409253979 0.8133566950573021
vn -0.0000010510599540608633 -0.1636690818052717 0.986515297225499
vn -6.658959894943587e-7 -0.1636690963073213 0.986515294819853
vn 0.000001158329853397243 -0.1636690818052523 0.9865152972253821
vn -0.010489700115432616 -0.15778599308453775 0.9874176150838179
vn -0.01048839023635198 -0.15778690945323148 0.9874174825652257
vn -0.010488148902374537 -0.15778699703344531 0.987417471133547
vn 0.008292375157759041 0.02220057889146642 0.9997191459660693
vn 0.00829237626355234 0.022199631272160465 0.999719167000055
vn 0.008292317616550901 0.02219951027069041 0.9997191701734481
vn -0.010099939730454305 0.08399425966248779 0.9964150518539913
vn -0.010101609768480888 0.08399455915491844 0.9964150096784253
vn -0.010101909573169744 0.08399461808459513 0.9964150016713912
vn 0.0000027287798977687627 0.19707509725787353 0.9803883955011675
vn 0.000004023309409691389 0.1970753808992241 0.9803883384798285
vn 0.000004223079465195826 0.19707538089906176 0.9803883384790208
vn 0.000007778399958015384 0.19709659082111305 0.9803840746494158
vn 0.000007722530591038469 0.19709571125342648 0.980384251477893
vn 0.000007737429633439513 0.19709649336998072 0.9803840942413281
vn 0.00006149709287746262 0.553873842672352 0.8326006021025147
vn 0.00005879999948076327 0.5538678691819616 0.8326045760325806
vn 0.00005880599754335018 0.5538679793081158 0.8326045027736753
vn -0.000002493150105920245 0.5538871947489257 0.8325917219663849
vn 0 0.5538866579599085 0.832592079072341
vn -8.707870002674782e-7 0.5538867680840894 0.8325920058111319
vn -0.002921044013509369 0.6912816491938609 0.7225795104967251
vn -0.0029209847630287953 0.6912802473966911 0.7225808518132651
vn -0.0029210439069574917 0.6912803081716128 0.7225807934318859
vn 0.000002087259913064009 0.6869690551761609 0.7266866705988324
vn 0.0000013417999559133554 0.686969055177039 0.7266866705997612
vn 0 0.6869690551776575 0.7266866706004155
vn -0.011296618978821144 0.813266056820036 0.5817823538266156
vn -0.01129806078981281 0.8132656484856184 0.5817828966338354
vn -0.011296208937451046 0.8132661573518936 0.5817822212561385
vn -0.0000010533500693148328 0.9865074961002233 0.1637160961449988
vn -6.798650273944552e-7 0.9865074792540283 0.1637161976574131
vn 0.000001160850071585811 0.9865074961001058 0.1637160961449793
vn -0.010489699457076791 0.9874175215694645 0.15778657833578968
vn -0.01048838896066565 0.9874173905408493 0.15778748541791832
vn -0.010488147626695601 0.9874173791091209 0.15778757299811438
vn 0.00829237617748603 0.9997191566240015 -0.022200098565690066
vn 0.00829237611130632 0.9997191486454533 -0.022200457879031615
vn 0.008292376100333416 0.9997191473225728 -0.022200517454299847
vn -0.010099998650002292 0.9964150165409001 -0.08399467149211153
vn -0.010101669568721987 0.996414969367192 -0.0839950301678729
vn -0.010101969373415705 0.9964149613601126 -0.08399508909754311
vn 0.0000024493797657946884 0.9803882958630001 -0.19707559293033483
vn 0.000003739729265112073 0.9803882388418864 -0.19707587657173792
vn 0.000003938560020805186 0.9803882330830048 -0.19707590521642057
vn 0.00005617739969860599 0.9803792863936797 -0.19712039887926183
vn 0.000052389198830043646 0.9803773383197192 -0.1971300884302408
vn 0.00005981330247702223 0.9803810949595179 -0.19711140268473976
vn -0.012101699361275302 0.8612487743611723 -0.5080394645437967
vn -0.012100570732211987 0.8612489627035568 -0.5080391721412851
vn -0.012100629763367586 0.8612489881719901 -0.5080391275601253
vn 0.011504939479853737 0.8890650057977425 -0.4576363751204932
vn 0.011504820439683934 0.8890874302129147 -0.45759281085266884
vn 0.011504817596567164 0.8890877840425591 -0.4575921234444073
vn 0 0.599661697168626 -0.8002536153925475
vn 0 0.599661697168626 -0.8002536153925475
vn 0 0.599661697168626 -0.8002536153925475
vn -0.036794237493106945 0.5059758383588997 -0.8617625166391896
vn -0.03679423801422025 0.5059780508968577 -0.8617612175420577
vn -0.03679423770096718 0.5059754239847767 -0.8617627599260891
vn -9.546059824575342e-7 0.5555741801018648 -0.8314669749323959
vn -0.0000010717700460941244 0.5555741801017989 -0.8314669749322973
vn 0.000001339520057378764 0.5555741801016195 -0.8314669749320288
vn 0.017784048201167347 0.3826149772927853 -0.9237367085814117
vn 0.017784049611185494 0.38261690470568194 -0.9237359102107432
vn 0.017784170394349475 0.3825590819888602 -0.9237598562782566
vn 0.001295863856517539 0.1398007840535816 -0.990178802800216
vn 0.0012961619206310097 0.13980098217959971 -0.9901787744371695
vn 0.0012949099986528077 0.13980010391861186 -0.9901789000743455
vn -0.00047426692118875043 0.2518054893731641 -0.967777748552026
vn -0.00047427494072278196 0.2518053631963387 -0.967777781377957
vn -0.0004742739511927764 0.25180536319645686 -0.9677777813784111
vn 0.0000013372299084917231 0.35660727803163944 -0.9342543814470857
vn -9.518119853855385e-7 0.35660727803179676 -0.9342543814474978
vn -1.9231900150026506e-7 0.35660727803195164 -0.9342543814479036
vn -0.0013278118320479186 -0.3056162538883781 -0.9521538438062271
vn -0.0013278118702058986 -0.3056170971360576 -0.9521535731455123
vn -0.0013278118320479186 -0.3056162538883781 -0.9521538438062271
vn -0.01220320986430768 -0.5080214668420652 -0.8612579583937927
vn -0.012205059227178003 -0.5080217547199993 -0.8612577623803888
vn -0.012205360626108702 -0.5080217789340566 -0.8612577438262388
vn 0.011409038571237104 -0.45717817117876225 -0.8893019473927415
vn 0.011408859200869722 -0.45711735965992223 -0.8893332094492344
vn 0.011408858785395687 -0.45711707479227703 -0.8893333558765052
vn 0.0000013463800698594618 -0.30366731555988985 -0.9527781281383603
vn -9.620558885400391e-7 -0.30366736966829627 -0.9527781108935136
vn -7.547220308562448e-7 -0.3036673155600786 -0.9527781281389525
vn 0 -0.8002536654291875 -0.5996616303942999
vn 0 -0.8002536654291875 -0.5996616303942999
vn 0 -0.8002536654291875 -0.5996616303942999
vn -0.03679483849945147 -0.8617617110896597 -0.5059771666385954
vn -0.03679489665441012 -0.8617604254394595 -0.5059793520753518
vn -0.03679484131790978 -0.8617619282695783 -0.5059767965406001
vn -9.555368657846532e-7 -0.8314668096037132 -0.5555744275311002
vn -0.0000010717700634767669 -0.8314668096036152 -0.5555744275310347
vn 0.0000013395200791039446 -0.8314668096033467 -0.5555744275308554
vn 0.01778404766234055 -0.9237367998030289 -0.3826147570839399
vn 0.017784050051538706 -0.9237359926881364 -0.38261670556344946
vn 0.017784173102041587 -0.9237599597770177 -0.38255883194593665
vn 0.0012958638979044682 -0.990178774819618 -0.13980098223359672
vn 0.0012961618828287347 -0.9901787455588249 -0.1398011867185879
vn 0.0012949099447020396 -0.9901788588198087 -0.13980039611723602
vn -0.0004742279220639229 -0.9677777485699255 -0.2518054893778214
vn -0.00047422492436999947 -0.9677777485713013 -0.2518054893781793
vn -0.00047422198132497884 -0.9677777413100697 -0.25180551729120676
vn 0.0000013372298516517235 -0.9342544211630752 -0.3566071739820426
vn -9.518119121610782e-7 -0.9342544211634874 -0.35660717398219993
vn -1.92318995465063e-7 -0.9342544211638933 -0.35660717398235486
vn -0.0006914829257833452 -0.9638927151589013 0.266289983880289
vn -0.000696234001328326 -0.9638934783278248 0.26628720903434816
vn -0.0006906450130711866 -0.9638925772219991 0.2662904853459815
vn -0.013295047962139735 -0.952711704665641 0.30358466610284035
vn -0.013290879195396772 -0.9527111562612806 0.3035865696395466
vn -0.013290458224940429 -0.9527110957493728 0.30358677796669675
vn -0.01130366031307787 0.5816544218849768 -0.8133574618611302
vn -0.01130639851340499 0.5816554409253979 -0.8133566950573021
vn -0.01130442770125022 0.5816546591911665 -0.8133572814916917
vn 0.0000013418000727767068 0.7266866127154376 -0.6869691164079819
vn 0 0.7266866127160917 -0.6869691164086003
vn 0.000002087260145378966 0.7266866127145087 -0.6869691164071038
vn -0.0029991256642106453 0.7224341431487001 -0.6914332318150855
vn -0.0029991260555713743 0.7224351350100174 -0.6914321954797595
vn -0.0029991256009985054 0.7224350184717268 -0.6914323172454301
vn 0.0000024447197588182804 0.8323051492811635 -0.5543177233988493
vn 4.805620440188202e-7 0.8323048835300133 -0.5543181224277807
vn 0.000002693380028899993 0.8323051675952391 -0.5543176958992078
vn 0.00004641059777006929 0.8323282583175143 -0.5542830217967979
vn 0.00005777179534721637 0.8323120572008103 -0.5543073480485129
vn 0.00005400179763989584 0.8323175370786609 -0.5542991201103588
vn -0.0000010510599540608633 0.1636690818052717 -0.986515297225499
vn -6.658959894943587e-7 0.1636690963073213 -0.986515294819853
vn 0.000001158329853397243 0.1636690818052523 -0.9865152972253821
vn -0.010489700115432616 0.15778599308453775 -0.9874176150838179
vn -0.01048839023635198 0.15778690945323148 -0.9874174825652257
vn -0.010488148902374537 0.15778699703344531 -0.987417471133547
vn 0.008292375157759041 -0.02220057889146642 -0.9997191459660693
vn 0.00829237626355234 -0.022199631272160465 -0.999719167000055
vn 0.008292317616550901 -0.02219951027069041 -0.9997191701734481
vn -0.010099939730454305 -0.08399425966248779 -0.9964150518539913
vn -0.010101609768480888 -0.08399455915491844 -0.9964150096784253
vn -0.010101909573169744 -0.08399461808459513 -0.9964150016713912
vn 0.0000027287798977687627 -0.19707509725787353 -0.9803883955011675
vn 0.000004023309409691389 -0.1970753808992241 -0.9803883384798285
vn 0.000004223079465195826 -0.19707538089906176 -0.9803883384790208
vn 0.000017419498964586856 -0.19710509130789697 -0.9803823655477828
vn 0.000015693298264690402 -0.19710947482008387 -0.9803814842651155
vn 0.000025182999510776544 -0.19708559475351173 -0.9803862849440884
vn -0.01129806078981281 -0.8132656484856184 -0.5817828966338354
vn -0.011296208937451046 -0.8132661573518936 -0.5817822212561385
vn -0.011296618978821144 -0.813266056820036 -0.5817823538266156
vn 0.0000013417999559133554 -0.686969055177039 -0.7266866705997612
vn 0 -0.6869690551776575 -0.7266866706004155
vn 0.000002087259913064009 -0.6869690551761609 -0.7266866705988324
vn -0.0029210436686791658 -0.6912802472777455 -0.7225808516889337
vn -0.002921043542402862 -0.691281588300572 -0.7225795687543771
vn -0.0029210436686791658 -0.6912802472777455 -0.7225808516889337
vn -1.457519868575412e-7 -0.5538863689051826 -0.8325922713675709
vn -0.000001125039937302456 -0.5538865891536703 -0.8325921248453215
vn -0.0000027441394501134718 -0.5538869470124669 -0.8325918867738732
vn 0.00005883629196937875 -0.5538680481137288 -0.8326044570004288
vn 0.000061526902489127 -0.5538740216034372 -0.8326004830693262
vn 0.00005882979550409314 -0.5538679379875963 -0.8326045302593682
vn -0.0000010533500693148328 -0.9865074961002233 -0.1637160961449988
vn -6.798650273944552e-7 -0.9865074792540283 -0.1637161976574131
vn 0.000001160850071585811 -0.9865074961001058 -0.1637160961449793
vn -0.010489699457076791 -0.9874175215694645 -0.15778657833578968
vn -0.01048838896066565 -0.9874173905408493 -0.15778748541791832
vn -0.010488147626695601 -0.9874173791091209 -0.15778757299811438
vn 0.00829237617748603 -0.9997191566240015 0.022200098565690066
vn 0.00829237611130632 -0.9997191486454533 0.022200457879031615
vn 0.008292376100333416 -0.9997191473225728 0.022200517454299847
vn -0.010099998650002292 -0.9964150165409001 0.08399467149211153
vn -0.010101669568721987 -0.996414969367192 0.0839950301678729
vn -0.010101969373415705 -0.9964149613601126 0.08399508909754311
vn 0.0000024493797657946884 -0.9803882958630001 0.19707559293033483
vn 0.000003739729265112073 -0.9803882388418864 0.19707587657173792
vn 0.000003938560020805186 -0.9803882330830048 0.19707590521642057
vn 0.00005617739969860599 -0.9803792863936797 0.19712039887926183
vn 0.000052389198830043646 -0.9803773383197192 0.1971300884302408
vn 0.00005981330247702223 -0.9803810949595179 0.19711140268473976
vn 1 0 0
vn 1 0 0
vn 1 0 0
vn 0.9999999995819955 0.000014133799589675704 0.00002522390058257504
vn 0.9999999995969664 0.000012034600326539463 0.000025714500214785288
vn 0.9999999996128481 0.000007461760102909186 0.000026807199891289897
vn 0.9999999999170162 0.000007920099960099248 0.00001016070018438124
vn 0.9999999999169806 0.000008044299647068064 0.00001006620004689571
vn 0.999999999917007 0.0000078247403501209 0.000010235199623881291
vn 0.9999999998852047 -0.000014461599674336571 0.0000045225001480768475
vn 0.9999999999138334 -0.000004664059815293623 0.000012271099875613273
vn 0.9999999999049713 -0.000003274529944663173 0.0000133916000764664
vn 0.9999999995533717 0.000029787399385324726 0.0000024428600216200515
vn 0.9999999995951139 0.00002425909950870883 -0.000014875099617145632
vn 0.9999999996132798 0.000027209500320559918 -0.000005751850037590242
vn 0.9999999996051652 0.000025220200758714116 -0.000012393999890827626
vn 0.9999999996215394 0.000023372500427534934 -0.000014513700074494894
vn 0.9999999996139348 0.000016175199555740527 -0.00002259410029219833
vn 0.999999999791485 0.00001509859975752845 -0.000013750000104526053
vn 0.9999999997908264 0.00001828749918403817 -0.000009160489751496416
vn 0.9999999997939137 0.000017637399647358932 -0.000010054600350232872
vn -0.005896865727352784 0.9974404952048395 0.07125788026680455
vn -0.0032069681556715704 0.997451509398678 0.07127553404603555
vn -0.005883275964807342 0.9974405711134877 0.07125794103621898
vn 1 0 0
vn 1 0 0
vn 1 0 0
vn 0.9999999999999687 -2.50538988666441e-7 0
vn 0.9999999999999687 -2.50538988666441e-7 0
vn 0.9999999999999687 -2.50538988666441e-7 0
vn 1 0 0
vn 1 0 0
vn 1 0 0
vn 0.9999999999999922 1.2436200336196537e-7 0
vn 0.9999999999999922 1.2436200336196537e-7 0
vn 0.9999999999999922 1.2436200336196537e-7 0
vn 1 0 0
vn 1 0 0
vn 1 0 0
vn 0.9999999987115777 0.000037074099916462295 0.00003467499841542865
vn 0.9999999985354435 0.00005412099918689739 1.741569943483733e-7
vn 0.9999999987096382 0.00005014990158892845 0.000008106229860003752
vn 0.999999999452114 -0.000016495599984466878 -0.000028699600063838405
vn 0.9999999994483539 -0.000020667899650528913 -0.000026002500803068333
vn 0.9999999994189483 -0.000010982200358724883 -0.000032272200750760164
vn 1 0 0
vn 1 0 0
vn 1 0 0
vn 1 0 0
vn 1 0 0
vn 1 0 0
vn 1 0 0
vn 1 0 0
vn 1 0 0
vn 0.9999999995164575 0.0000028163199190227475 0.000030970200881287716
vn 0.9999999997712719 0.0000187791993041876 0.000010237099556821231
vn 0.9999999997256723 0.000022932899803966237 0.0000047683702164811015
vn 1 0 0
vn 1 0 0
vn 1 0 0
vn 1 0 0
vn 1 0 0
vn 1 0 0
vn 1 0 0
vn 1 0 0
vn 1 0 0
vn 0.9999999993527482 -0.000015959099972535598 -0.000032246098250699754
vn 0.9999999992319704 -0.000008031720420347077 -0.00003836079846915339
vn 0.9999999993555275 -0.000026967400100048295 -0.00002370030050151931
vn 0.999999998887368 -0.00004625320065626153 -0.000009268520433271387
vn 0.9999999988111932 -0.000048518198979383235 -0.000004857779907661426
vn 0.9999999989322452 -0.00003602910142735847 -0.00002893810048228844
vn 0.9999999993199447 0.000033684100321637226 -0.000015016399619318514
vn 0.9999999993005837 0.000026628400500633075 -0.00002626330022376632
vn 0.9999999992958666 0.000026285699259141926 -0.000026783000047784775
vn 0.9999999995315316 0.00002810359909337805 -0.000012129499731374617
vn 0.9999999995328499 0.00002841320018470099 -0.00001126900041909887
vn 0.999999999511354 0.00003075600032705157 -0.00000560003990994233
vn 1 0 0
vn 1 0 0
vn 1 0 0
vn 0.9999999993241218 -0.000020235800534430427 -0.00003069639931453676
vn 0.999999999512218 -0.000026466999757581257 -0.00001658499967662019
vn 0.9999999995216369 -0.00002767149997948376 -0.000013820799715841286
vn 0.9999999986259083 -0.000016756399395202546 -0.00004967299894356306
vn 0.9999999984903281 -0.00003030520015244869 -0.00004583600086690852
vn 0.9999999985982968 -0.00002166999908386282 -0.00004830960090252645
vn 0.999999999662633 0.000014573300172373088 -0.000021502399242330214
vn 0.9999999996377358 0.000025061899568770514 -0.00000981985976622001
vn 0.9999999996266535 0.000011451499626945564 -0.00002481040063668421
vn 0.9999999984850778 0.00002944469993140475 -0.00004650649854969316
vn 0.9999999984939305 0.00003165009906987444 -0.00004483760124071667
vn 0.9999999984907362 0.0000308919988572017 -0.00004543360039370334
vn 0.9999999997827314 -0.0000023506599968081465 -0.000020712599503032816
vn 0.9999999997844338 -0.000005025419794773267 -0.000020146400852559008
vn 0.9999999997277811 -0.000014800600179633023 -0.000018038299453656688
vn 0.9999999987012427 0.000029772500017756924 0.00004136560159252437
vn 0.9999999987775865 0.0000379384000089054 0.0000317097000855759
vn 0.9999999983824033 0.00005593899904898424 0.000010296699639808718
vn 0.9999999999999896 1.4534299452861737e-7 0
vn 0.9999999999999896 1.4534299452861737e-7 0
vn 0.9999999999999896 1.4534299452861737e-7 0
vn 1 0 0
vn 1 0 0
vn 1 0 0
vn 1 0 0
vn 1 0 0
vn 1 0 0
vn 1 0 0
vn 1 0 0
vn 1 0 0
vn 0.9999999998417599 -0.0000119731002977613 0.000013157699866233756
vn 0.9999999998500853 -0.000009875740032268507 0.000014223200194151601
vn 0.999999999848393 -0.00000472366991672297 0.00001676009924013324
vn 0.999999998977092 -0.000041976600143961104 -0.000016845799092201143
vn 0.9999999989093167 -0.000040888800823236465 -0.00002257149933296371
vn 0.9999999989854629 -0.0000450201004694284 -0.00000150502000753582
vn 0.9999999991956807 -3.2782600074832257e-7 -0.000040106500786834187
vn 0.999999999200752 0.000016823400060471514 -0.0000362694008509853
vn 0.9999999992369029 0.000009618699543288659 -0.00003786390149637636
vn 0.9999999993945996 -0.0000015795200160469911 0.00003476069830581921
vn 0.9999999995751587 0.000011552099744770937 0.000026762500044695804
vn 0.9999999995568227 0.000008784229972406713 0.00002844630033554379
vn 0.999999999154954 0.00004109739889992384 0.0000010468099835883268
vn 0.9999999990702022 0.00003881749940802907 -0.000018782899115465444
vn 0.9999999991169544 0.000039406098914459904 -0.000014603099758298024
vn 0.9999999993234059 -0.00003282730174358131 -0.000016599900834672507
vn 0.9999999993469171 -0.00003578509856588763 -0.000005058940129281214
vn 0.999999999333226 -0.00003641470172924841 -0.000002741810019860994
vn 0.9999999989917019 0.00004410740070952758 -0.000008434059955697832
vn 0.9999999994296842 0.000015139599773198305 -0.000030189799855242124
vn 0.9999999994044657 0.00002729890000603042 -0.000021114899924372392
vn 1 0 0
vn 1 0 0
vn 1 0 0
vn 0.9999999998919371 0.00001462549971462272 -0.0000014901199845762215
vn 0.9999999998957592 0.000009365379809356997 -0.00001098960001285417
vn 0.9999999999084337 0.000012412700015147777 -0.000005390490059159943
vn 0.9999999981435104 -0.00001822689952204625 0.000058144298128640004
vn 0.9999999980391721 0.00001849980068083396 0.00005982819845577361
vn 0.9999999982523855 -0.00000743567987748263 0.0000586509994603155
vn 1 0 0
vn 1 0 0
vn 1 0 0
vn 0.9999999999999916 1.2988199671326475e-7 0
vn 0.9999999999999916 1.2988199671326475e-7 0
vn 0.9999999999999916 1.2988199671326475e-7 0
vn 1 0 0
vn 1 0 0
vn 1 0 0
vn 1 0 0
vn 1 0 0
vn 1 0 0
vn 0.9999999999999911 1.3445099966702282e-7 0
vn 0.9999999999999911 1.3445099966702282e-7 0
vn 0.9999999999999911 1.3445099966702282e-7 0
vn 1 0 0
vn 1 0 0
vn 1 0 0
vn 1 0 0
vn 1 0 0
vn 1 0 0
vn 0.9999999997130804 0.000023953600241332718 -2.5331999601811256e-7
vn 0.9999999997764832 0.00001392420017198492 -0.000015910700309259298
vn 0.999999999784728 0.000019371500452884792 -0.000007435679888876637
vn 0.9999999976058789 0.000005692239924443085 -0.00006896260294385258
vn 0.9999999975605016 0.0000027157400315588234 -0.00006979700248192468
vn 0.9999999976048075 0.00003201510109255367 -0.00006136300347716128
vn 0.9999999996528186 0.000025674700728085733 0.000005930659879355598
vn 0.9999999997624467 -0.000016510499331786903 0.000014230599841796969
vn 0.9999999999180904 0.000008569570126590607 0.000009506939931401393
vn 0.9999999996304163 0.000020168699840545938 -0.00001823159981776496
vn 0.9999999996224089 0.000018641399940189083 -0.000020191100694880646
vn 0.9999999996139484 0.000017654199830309473 -0.0000214576993956979
vn 0.9999999985060963 -0.0000317283010625799 -0.00004450980116133886
vn 0.9999999983156682 -0.000046342600320873474 -0.00003494320111284397
vn 0.9999999983207692 -0.0000459998990800785 -0.000035248700382834735
vn 0.9999999984292356 0.000049307898657245116 0.00002665069946849351
vn 0.9999999982262833 0.00005955990116839981 2.2724300623106105e-7
vn 0.999999998210642 0.000059820700591724343 -4.470350055457806e-7
vn 0.9999999982140344 -0.000058114499448384905 -0.000013951200319392382
vn 0.9999999981608712 -0.000052437200696626364 0.000030472900051226517
vn 0.9999999983472483 -0.00005355479870802734 0.000020913799709883307
vn 0.9999999980364611 -0.00005981330093242563 -0.000018693499405018857
vn 0.9999999980592766 -0.00006229429697402652 9.313229707119703e-7
vn 0.9999999981063237 -0.00006060300063274311 -0.000010706499758914826
vn 0.9999999999389215 -0.00001075119962413554 -0.0000025629999525589283
vn 0.9999999998799063 0.00001411139964887904 -0.000006407500222079693
vn 0.9999999999915232 -1.9744000212373048e-7 -0.00000411272003471974
vn 0.9999999996988118 0.000024534800097058047 6.482010233279123e-7
vn 0.9999999996865405 0.000024005799779594187 -0.0000071162398831323765
vn 0.9999999996579563 0.000023782300550970766 -0.000010885300067371868
vn 1 0 0
vn 1 0 0
vn 1 0 0
vn 0.9999999992800974 0.000009432429571946925 0.000036753699506250936
vn 0.9999999992784161 0.00000854954031930618 0.00003701449893072374
vn 0.9999999992495088 4.991890133060973e-7 0.000038739301060589554
vn 0.9999999999999061 -4.337410075549589e-7 0
vn 0.9999999999999061 -4.337410075549589e-7 0
vn 0.9999999999999061 -4.337410075549589e-7 0
vn 0.9999999989429578 0.000011702099969988436 0.000044465101335227985
vn 0.9999999988743837 0.000028133399578274578 0.00003820659908589226
vn 0.9999999987873025 0 0.00004924830130615514
vn 1 0 0
vn 1 0 0
vn 1 0 0
vn 1 0 0
vn 1 0 0
vn 1 0 0
vn 0.9999999986817958 0.00001896920000263563 0.000047713499889910027
vn 0.9999999985307835 0.000031806499417706734 0.00004389509916026413
vn 0.999999998693903 0.000015564299226433462 0.00004868210083267436
vn 0.9999999984939305 -0.00003165009906987444 0.00004483760124071667
vn 0.9999999984907362 -0.0000308919988572017 0.00004543360039370334
vn 0.9999999984850778 -0.00002944469993140475 0.00004650649854969316
vn 0.9999999996149553 -0.00001169000006034449 0.000025168099445495323
vn 0.9999999996545079 -0.000023171300191459393 0.000012412700011995873
vn 0.9999999996292706 -0.000025274199278735704 0.000010132799612501599
vn 0.999999999562786 -0.00002205370036735831 -0.000019699300528855124
vn 0.9999999995558524 -0.000023201100692558472 -0.000018708400594608827
vn 0.9999999995664421 -0.000021420399197985586 -0.000020206000035948603
vn 0.9999999994769977 -0.00002779249915330911 -0.000016540299830456704
vn 0.999999999542859 -0.000018805299978837737 -0.000023677899651464698
vn 0.999999999501529 -0.000010997099701828817 -0.0000295974004837066
vn 0.9999999985952646 -0.000028096099373765293 0.0000449452999697141
vn 0.9999999985030268 -0.000016771300554315034 0.000052083298136743946
vn 0.9999999985966481 -0.000029899199902379663 0.0000437349007666098
vn 0.9999999988140946 -0.00004100799919481595 0.00002627079990429144
vn 0.9999999988073907 -0.00003829599877443154 0.00003030900003091681
vn 0.9999999985114383 -0.00005409120050123367 0.000007160009761975086
vn 0.999999999703528 -0.0000243456997778266 4.805619936117629e-7
vn 0.9999999997056912 -0.000024244200169191278 9.145589953769126e-7
vn 0.9999999995120701 -0.0000262931007327044 -0.00001686809991128987
vn 0.9999999993890636 0.00003089760137231233 -0.000016346599285515797
vn 0.9999999993923125 0.00003229829960984679 -0.000013122299598064467
vn 0.9999999993838371 0.000033795800825013505 -0.000009495770421896689
vn 0.9999999992266724 0.00003585220108062958 -0.00001616400003172751
vn 0.999999999321767 0.00003179909979397654 0.00001858180074681794
vn 0.9999999993139124 0.000035286000614525263 -0.000011272700241075937
vn 0.9999999999999651 2.6416299192532267e-7 0
vn 0.9999999999999651 2.6416299192532267e-7 0
vn 0.9999999999999651 2.6416299192532267e-7 0
vn 1 0 0
vn 1 0 0
vn 1 0 0
vn 0.9999999985492158 -0.00005370379941662956 -0.0000041797798015364676
vn 0.9999999984360686 -0.00004726650142285723 0.000029895500073137438
vn 0.999999998617261 -0.00004985929983758709 0.00001671909919840011
vn 0.9999999979739758 0.00005549189870760909 -0.000031188101211704836
vn 0.9999999981585299 0.00004352629904303424 -0.00004228949902824361
vn 0.999999997555097 0.00006666780229423572 -0.000021100000543155142
vn 1 0 0
vn 1 0 0
vn 1 0 0
vn 1 0 0
vn 1 0 0
vn 1 0 0
vn 0.9999999986964387 -0.0000339149991772413 -0.000038169298882433105
vn 0.9999999988039834 -0.00004378100124306592 -0.000021800400619514882
vn 0.9999999988052573 -0.00004352629907118389 -0.000022247399075035966
vn 0.9999999995846593 0.00000987946986741765 0.00002707540078302866
vn 0.9999999995644147 0.000012606399644903289 0.00002668799969543969
vn 0.9999999995545348 0.00001366060041010234 0.000026539000816229738
vn 0.9999999996011872 -0.00002178549947570634 0.000017972699417549833
vn 0.9999999995815587 -0.000013083200423334953 0.000025801400614117725
vn 0.9999999995999169 -0.000015338899168684728 0.000023767299343985415
vn 0.9999999994463389 0.00003285329874415796 -0.000005289909947150346
vn 0.9999999994586186 0.00003290180027799127 4.842880227549586e-7
vn 0.9999999994455238 0.00003284219927079689 0.000005508390128526838
vn 0.9999999999999649 2.6515499484957195e-7 0
vn 0.9999999999999649 2.6515499484957195e-7 0
vn 0.9999999999999649 2.6515499484957195e-7 0
vn 0.9999999981017875 0.00005857650092161256 0.000019110699177066573
vn 0.9999999982450973 0.000058941499343082125 0.000005975370175720226
vn 0.9999999982570511 0.00005902349938595562 0.0000014575200541065164
vn 0.9999999979928802 0.000011399400113844618 -0.00006232409929221827
vn 0.9999999983883621 -0.000016771300552391957 -0.00005424020119233825
vn 0.9999999982096031 -0.00003403429939953763 -0.000049218498955370085
vn 0.9999999980350227 0.00001919269921794137 -0.00005967909953238849
vn 0.999999997894647 0.00003093479965936264 -0.00005704160127421044
vn 0.9999999978456926 -0.000005744399901589823 -0.00006538820147863215
vn 0.9999999998265974 -0.000018557500876760842 -0.00000155716998024501
vn 0.999999999907607 -0.00001030420025831811 0.00000886619000002548
vn 0.9999999998348863 -0.000003057529965594697 0.0000179131002339527
vn 0.9999999985136647 -0.000054210398876791295 0.000005822630092083644
vn 0.9999999986052506 -0.00004959110076374591 -0.000018172000611350497
vn 0.9999999985161132 -0.000048369198267285535 -0.00002506380038458441
vn 0.9999999992997548 -0.000026188799874795692 -0.000026732699533947882
vn 0.9999999993827187 -0.00003179909979591475 -0.000014945900138496743
vn 0.999999999382684 -0.00003223120072845922 -0.00001399220035682706
vn 0.9999999980756673 0.000017203399660139074 -0.00005960460100494586
vn 0.9999999980369001 0.000020265599192732855 -0.000059291698446051455
vn 0.9999999980618364 -0.000002622600044934326 -0.00006220489728315377
vn 0.9999999995954949 0.00000221281993528085 0.000028356900645474562
vn 0.9999999996152655 -0.000003341589943908221 0.00002753730040090083
vn 0.9999999995856106 -0.000011589399941585333 0.000026352699922420492
vn 1 0 0
vn 1 0 0
vn 1 0 0
vn 0.9999999999314748 0.000009829180270807617 0.00000635907008429138
vn 0.9999999999320694 0.000009277840035162657 0.000007055699824807567
vn 0.9999999999109948 0.00001312049971485612 0.000002421440058026776
vn 1 0 0
vn 1 0 0
vn 1 0 0
vn 1 0 0
vn 1 0 0
vn 1 0 0
vn 0.9999999995692117 -0.000028051399555545926 -0.000008642669850729673
vn 0.9999999995408184 -0.000029007400358163863 0.00000877119964167981
vn 0.9999999995907987 -0.000028297299638569196 -0.000004203060141761809
vn 0.9999999995218243 -0.000013656899675715752 -0.000027746000328454347
vn 0.9999999995317819 -0.000011756999805536329 -0.000028252599791317375
vn 0.999999999430252 0.00000440328994704176 -0.0000334680007463559
vn 0.9999999990560509 -0.00000640750021680084 -0.000042974901548766026
vn 0.9999999990931545 0.0000015916300512008148 -0.00004255770177912042
vn 0.9999999990864774 -0.0000015944200398721647 -0.00004271420035101676
vn 0.9999999999837179 0.000005705279818264773 1.1920899822631861e-7
vn 0.9999999999866911 -0.0000033900100788290666 0.000003889199888311021
vn 0.9999999999973037 7.711349780926992e-7 0.000002190470013368673
vn 0.9999999980495438 -0.00006000700147643513 0.00001732259985406093
vn 0.9999999980570777 -0.00006119909800805769 0.000011853900082020955
vn 0.9999999980490073 -0.00006160140025518233 0.000010356299733561442
vn 0.9999999993007802 0.00003053250109271776 -0.000021591800744681876
vn 0.9999999993257629 0.000032119398362000425 -0.000017799400654261938
vn 0.9999999993163815 0.00003135950098697207 -0.00001959129984722883
vn 0.9999999997661126 0.000021623400238640247 4.507600123216268e-7
vn 0.9999999997658351 0.000021621599439125157 9.145589954319177e-7
vn 0.9999999997614137 0.000021774299961441996 -0.000001747160012693412
vn 0.9999999988053301 -0.00003598630060217153 0.000033080599638694244
vn 0.9999999989052135 0.000020585999641498352 0.00004202129998649769
vn 0.9999999991875124 0.000006839629799187503 0.00003972649934849937
vn 0.9999999997530944 0.000003911559814640083 0.000021874899170199114
vn 0.9999999997281297 -0.000005543230143614885 0.000022649799569289297
vn 0.9999999997436857 -0.0000030035200772122576 0.00002244119968388587
vn 0.9999999995774096 -0.000007212160195785072 0.000028163200101438784
vn 0.9999999993634936 -0.00003185870080206206 0.000016063500869457148
vn 0.9999999985178138 -0.00005415080150828678 0.000005662439881027266
vn 0.9999999990939663 9.536739744816761e-7 -0.00004255770177915497
vn 0.9999999988914534 0.000028662399895496994 -0.00003735720015762745
vn 0.9999999990877555 0.000014796900345716823 -0.0000400692005858306
vn 0.9999999993628166 0.000035628698219660574 0.0000022277199590819512
vn 0.9999999992304458 0.000033721298651896424 0.00002004949963796702
vn 0.9999999993248319 0.00003643329907659204 -0.0000047907201373560234
vn 0.9999999979321683 0.00006145240318826974 0.00001895430064624216
vn 0.9999999981226277 0.00006127359654194106 -5.394689982371638e-7
vn 0.9999999981025405 0.00006136300350770368 0.00000543147006162002
vn 0.9999999997863551 -0.00002066789965751469 -3.576280106844855e-7
vn 0.999999999416983 0.000022072299530783228 -0.000026054700341135733
vn 0.9999999986735388 -0.00004869699835487827 0.00001677870020605855
vn 1 0 0
vn 1 0 0
vn 1 0 0
vn 1 0 0
vn 1 0 0
vn 1 0 0
vn 0.9999999985462396 -0.00005111100101048834 0.000017181000632751813
vn 0.9999999985139725 -0.00005351009887141991 0.000010427100262825764
vn 0.9999999984523833 -0.00005537270035872694 0.000005394219889077316
vn 1 0 0
vn 1 0 0
vn 1 0 0
vn 1 0 0
vn 1 0 0
vn 1 0 0
vn 1 0 0
vn 1 0 0
vn 1 0 0
vn 1 0 0
vn 1 0 0
vn 1 0 0
vn 1 0 0
vn 1 0 0
vn 1 0 0
vn 0.9999999999997526 -7.034469717835316e-7 0
vn 0.9999999999997526 -7.034469717835316e-7 0
vn 0.9999999999997526 -7.034469717835316e-7 0
vn 0.9999999999999705 2.431739858366128e-7 0
vn 0.9999999999999705 2.431739858366128e-7 0
vn 0.9999999999999705 2.431739858366128e-7 0
vn 0.9999999999999842 -1.775329963038502e-7 0
vn 0.9999999999999842 -1.775329963038502e-7 0
vn 0.9999999999999842 -1.775329963038502e-7 0
vn 0.9999999998747697 0.000013053399923776533 -0.000008948150024269044
vn 0.9999999998790665 0.000015050200088807112 -0.000003919009940981503
vn 0.9999999990303561 -6.258489969084263e-7 -0.000044032898543314326
vn 0.9999999989045181 0.00004586579957026958 0.000009343029877296763
vn 0.9999999984764312 0.000036433299045682004 -0.000041469898797486516
vn 0.9999999989573856 0.00004526969855587988 0.000005990269976912672
vn 0.9999999999728195 0.000006139279775940418 0.000004082919985992686
vn 0.9999999997639486 0.000016808500727745467 0.000013768700224706166
vn 0.9999999999641618 0.0000070631499508833075 0.000004667790108047545
vn 1 0 0
vn 1 0 0
vn 1 0 0
vn 0.9999999995124416 0.000021338499198974148 0.00002279880026233341
vn 0.9999999995397746 0.000027898800895748134 0.000011920899845761366
vn 0.9999999995502433 0.000026091900496882974 0.000014789399749758062
vn 0.9999999999997753 -6.705520263493184e-7 0
vn 0.9999999999879843 0.0000024028099687423086 0.000004272909791273877
vn 0.9999999999935982 -0.0000024698699689748673 -0.0000025890799406459117
vn 0.9999999991354622 -0.000028252599780120314 -0.00003051010023318489
vn 0.9999999994869093 -0.00003087519870185295 -0.000008538369907167258
vn 0.9999999994614022 -0.00003245469995888971 0.000004887579959454889
vn 0.9999999995086257 -0.00002699350078311561 -0.000015940500808381148
vn 0.9999999995068849 -0.000028043999904907597 -0.000014133799588614106
vn 0.9999999994970907 -0.000025540599368357296 -0.000018801500109114953
vn 0.9999999989912967 0.00004294509922362559 -0.000013157699855043616
vn 0.9999999989805213 0.00004252789945196969 -0.00001517679991865215
vn 0.9999999987389563 0.000049009900914867276 0.000010959800406275357
vn 0.9999999993737363 0.000009331850372813492 -0.00003413860029149209
vn 0.9999999993653101 0.000005852430145674487 -0.000035144399567320326
vn 0.999999999339739 0.000017777099844437957 -0.00003169379849804629
vn 0.9999999991115178 -0.00001938639978203491 -0.00003743169869579388
vn 0.9999999990990212 0.00000965967955419798 -0.00004133579928661787
vn 0.9999999992045776 -0.0000020861600643688634 -0.000039830800201493666
vn 0.9999999991012625 0.0000419616989879929 -0.000006057320200865728
vn 0.9999999989058621 0.00004197660014097112 -0.000020645600648243074
vn 0.9999999989636648 0.00004196169898221907 -0.000017660300709282406
vn 1 0 0
vn 1 0 0
vn 1 0 0
vn 0.9999999996992615 -0.0000057481202003139465 0.000023841899739742354
vn 0.9999999996736801 0.0000013560099882974772 0.000025510800688468332
vn 0.9999999996256577 0.000006325540195936307 0.000026620900815981263
vn 0.9999999994461541 -0.000031784198636746346 0.000009872020194951197
vn 0.9999999993934738 -0.00003094970086691336 0.00001597399931538095
vn 0.9999999994516333 -0.00003309550082126002 0.000001192090052683167
vn 0.9999999999362645 -0.000009946529643732873 -0.0000053420699256327126
vn 0.999999999922256 -0.000012010300451014113 -0.000003352759904113013
vn 0.9999999999391282 -0.00000930344958703911 -0.000005932060048146897
vn 0.999999999988582 0.0000012680000054243295 -0.00000460743012803701
vn 0.9999999999849483 -0.0000015729999631493842 -0.000005256380063577134
vn 0.9999999999883884 0.00000173179000737754 -0.000004497119789396115
vn 0.9999999993314552 0.0000048205301904604855 0.00003624710004565327
vn 0.9999999993692574 -0.000002188610095329004 0.000035449898837591886
vn 0.999999999237704 -0.000020012299485848983 0.000033527601746662846
vn 0.9999999993793967 0.000031903400648143706 0.000014945900138447093
vn 0.9999999993787956 0.00003233550158066842 0.000014029399599546758
vn 0.9999999992950372 0.000026315399718080285 0.000026784800847270806
vn 0.999999998521474 0.00004823500050550725 0.000025108500230255416
vn 0.9999999985251244 0.00005400180081090035 -0.00000579283004354338
vn 0.9999999986155113 0.000049382400834317265 0.000018175700435978645
vn 1 0 0
vn 1 0 0
vn 1 0 0
vn 1 0 0
vn 1 0 0
vn 1 0 0
vn 1 0 0
vn 1 0 0
vn 1 0 0
vn 0.9999999998694886 -0.000013887900420747523 0.000008255239662335392
vn 0.9999999998679965 -0.000015079999682540162 0.000006049870079661492
vn 0.9999999993861071 -0.0000016093299554210994 0.000035002798519029716
vn 0.9999999997970852 -0.000016954700182593373 -0.000010879700310008648
vn 0.9999999998011437 -0.000015236400028396602 -0.00001286719998205322
vn 0.9999999997976661 -0.000013244100043315124 -0.000015141399668783848
vn 0.9999999983934356 -0.000021923300629417905 -0.000052273298849888805
vn 0.999999998470894 -0.00001913310003859087 -0.00005188579954189297
vn 0.9999999987626171 0.00001919269923190587 -0.000045895598248133195
vn 0.9999999988984356 0.000046208500811219943 -0.000008240340312131085
vn 0.9999999986575332 0.00004935259851404472 0.000015787800272570433
vn 0.999999998900972 0.00004632769918682051 -0.000007197259939223726
vn 0.9999999989764563 0.000033572301583460824 0.00003033130084610567
vn 0.9999999988877835 0.0000466593009541071 0.000006880609809364374
vn 0.999999999027962 0.000039570000769989645 0.00001944970061159693
vn 0.9999999991616058 0.000018779199292738556 0.000036388599225079913
vn 0.9999999989245971 0.000031471299701286416 0.000034064101746227604
vn 0.9999999992220809 0.000006213780120274497 0.00003895159895062851
vn 0.9999999990878639 -0.00002594289978695247 -0.00003392990035169674
vn 0.9999999990915842 -0.00003548249875580913 -0.00002361830045302642
vn 0.99999999848012 -0.000006645920156091808 -0.000054732001361604437
vn 1 0 0
vn 1 0 0
vn 1 0 0
vn 1 0 0
vn 1 0 0
vn 1 0 0
vn 0.9999999997197433 -0.000020206000039046206 0.000012338199663825471
vn 0.9999999994644251 -5.960459926873281e-7 0.00003272300089586713
vn 0.9999999997214024 -0.000013947499606481491 0.000019043700371336407
vn 0.9999999999035247 0.0000024139899321598334 -0.0000136792996259364
vn 0.9999999997626556 0.00001889469967415533 -0.000010847999871811293
vn 0.9999999996953151 -0.00001856309972370698 -0.00001627210076053304
vn 1 0 0
vn 1 0 0
vn 1 0 0
vn 1 0 0
vn 1 0 0
vn 1 0 0
vn 1 0 0
vn 1 0 0
vn 1 0 0
vn 0.9999999976422989 0.00005421790034183674 -0.0000421404983087617
vn 0.9999999976517273 0.00006550549717837191 -0.00002013889929731004
vn 0.9999999976766052 0.00005550679985226666 -0.000039570000716516455
vn 0.9999999985348715 0.000005774199954156022 0.00005382300142927774
vn 0.9999999986203731 -0.000018231599799350258 0.00004926319882112864
vn 0.9999999985282382 -0.0000251532000759622 0.00004807120051028529
vn 0.9999999984555301 -0.000015795199918263446 -0.000053286501415196525
vn 0.9999999986577426 -0.00003682449818884687 -0.00003644820021346162
vn 0.9999999986121371 -0.00004032999999113378 -0.000033900101651187844
vn 0.999999998265555 -0.00004909930058271634 0.00003252919844996126
vn 0.9999999983425389 -0.00005650519951543634 0.000011049200092987996
vn 0.9999999983119954 -0.00004999339935894861 0.000029608599966238225
vn 1 0 0
vn 1 0 0
vn 1 0 0
vn 0.9999999992369248 -0.000022258600421377933 -0.00003210459906137105
vn 0.9999999992139696 -0.000028332700799649935 -0.000027736599782682477
vn 0.9999999992343342 -0.00002457730077304349 -0.0000304513996292046
vn 0.9999999985233601 -0.000047578498126997486 -0.000026259600378912513
vn 0.9999999985277102 -0.000048309600899116436 -0.000024713599450473003
vn 0.9999999984963368 -0.00004523250020176176 -0.00003100559838343415
vn 1 0 0
vn 1 0 0
vn 1 0 0
vn 0.9999999996734483 -0.000023290100208794458 0.000010520199790537617
vn 0.9999999996614459 -0.000011697399709779085 0.0000232438996966699
vn 0.9999999996746438 -0.000012755400344246458 0.000022091000566522163
vn -0.00003541259525128509 0.9016146717396751 -0.4325401512573211
vn -0.00002183019789356804 0.9016344705277309 -0.4324988798593826
vn 0.000031337095016682376 0.9016068073714616 -0.4325565441874931
vn 0.7648834618615634 0.6331006911452363 -0.11889829537085242
vn 0.7648834383733066 0.6330995392155813 -0.11890458000954748
vn 0.7648834082565269 0.6331004576925828 -0.11889988327715571
vn 0.7531679815537323 0.6465300871991444 0.12139537844804181
vn 0.7531679706542894 0.646530077842908 0.12139549590056001
vn 0.7531678723320461 0.6465301553772906 0.1213956929822277
vn 0.7063652852178801 0.6982952931762828 0.11589550192700437
vn 0.7063646001513575 0.6982952038113295 0.11590021564736996
vn 0.7063655314199196 0.698295360475463 0.1158935958554119
vn 0.6038497597317696 0.796094644248129 -0.039984810507603746
vn 0.6038508371664614 0.7960933389459579 -0.0399945263659895
vn 0.6038493387142032 0.7960951160951828 -0.039981774145440824
vn 0.7056826911678933 0.7083514891235518 -0.01581477924241295
vn 0.7056826911678933 0.7083514891235518 -0.01581477924241295
vn 0.7056826911678933 0.7083514891235518 -0.01581477924241295
vn -0.006315289107182035 0.654332165295167 0.7561808874757621
vn -0.006327747494806191 0.6543401611549551 0.7561738643403045
vn -0.006312488901342082 0.6543303580311115 0.7561824746995581
vn 0.004902540806431088 0.8912723246826054 0.453441956978515
vn 0.0049022425870604725 0.8912722294178096 0.4534421474523787
vn 0.004875718657565045 0.8912726716774401 0.45344156413867764
vn 0.00002998110061007774 -0.3826738085158622 0.9238835182949735
vn 0.00001755359878626842 -0.3826613421215521 0.9238886821135995
vn 0.000029370198022561224 -0.382673266345118 0.9238837428822687
vn -0.0000036060801129197418 -0.3826475157761218 0.9238944088246008
vn 0.0000072084392284202654 -0.3826560853307428 0.9238908595215074
vn 0.000021070198519394072 -0.38266706915335774 0.9238863099654773
vn 1 0 0
vn 1 0 0
vn 1 0 0
vn 0.9999999992539235 5.960459925618595e-7 -0.00003862379887170039
vn 0.9999999978223639 -0.00003731250027218387 0.000054433898066842584
vn 0.9999999998550368 -0.00000900030045028457 -0.000014454099980590563
vn 0.9999999999816298 0.000003277320047285506 0.000005098990186431374
vn 0.9999999999823284 0.000003814699994041693 0.0000045597598727103134
vn 0.9999999999735627 0.000007167459898293287 0.0000012256200534142167
vn 0.9999999982142378 -0.000032469601079580596 0.00005017219873615302
vn 0.999999998162741 -0.00002580880022639027 0.000054849100605861176
vn 0.9999999982085617 -0.00003408639889390522 0.00004920360143213048
vn 0.9999999994717537 0.00003121879852357571 0.000009048730130184032
vn 0.9999999994725677 0.00003151780036361948 0.000007841739712105149
vn 0.9999999994688855 0.00003209340137005577 0.000005678270096435954
vn 0.9999999997113325 0.000020235800542265946 -0.000012955600137400306
vn 0.9999999997114382 0.00002125279933648651 -0.000011200099831009051
vn 0.9999999997097544 0.000021792000546197918 -0.000010276199642904042
vn 0.999999999543151 -0.000021666299279892686 0.0000210776997750258
vn 0.999999999646471 -0.000026449599308506363 0.0000027343598948729132
vn 0.9999999996390454 -0.00002446769939550851 0.00001110139964620807
vn 0.9999999981294754 -0.00004187229925617682 0.000044584299674447806
vn 0.9999999981758056 -0.000026054700308797228 0.00005449349909276965
vn 0.9999999982044765 -0.00003022420054579144 0.00005174499883455162
vn 0.999999999203359 -0.00001657010032930519 0.00003631410069664698
vn 0.9999999992037902 -0.000017918600846599752 0.00003565589938151364
vn 0.9999999992028759 -0.000015862300630121835 0.00003664199900220885
vn 0.005191325681362417 0.9999305020756065 -0.010584949527313316
vn 0.005204795375319491 0.9999304377728728 -0.010584409310489495
vn 0.00520235257572986 0.9999304492120504 -0.010584529572187923
vn -0.00001426039945325132 0.8529684552085374 -0.5219624643744057
vn -0.000023156401034651942 0.8529670303837105 -0.5219647924354434
vn 0.000012576598968274215 0.8529724357508489 -0.521955959532117
vn 0.7135851431453504 0.38800367975297223 0.5833089987137028
vn 0.7135845769848492 0.388008700186071 0.5833063518163245
vn 0.7135859496733887 0.3879904919365034 0.5833167840852839
vn 0.7065369864390193 0.4777115733732039 0.5221083598822825
vn 0.7065358031193127 0.4777072579683479 0.5221139095972355
vn 0.7065352655081739 0.47770499220126644 0.5221167101513629
vn 0.6530808776930694 0.5234352922646666 0.5472667192543806
vn 0.6530808444383515 0.5234353729884171 0.5472666817303667
vn 0.6530808776930694 0.5234352922646666 0.5472667192543806
vn 0.7068815735351253 0.5642380640966712 0.4265604857707122
vn 0.7068815654539812 0.564237401995166 0.42656137496387786
vn 0.7068813869396048 0.5642433030939626 0.42655386495957953
vn 0.665177982695834 0.6073047948327067 0.4344181597377175
vn 0.6651775182394111 0.6073009914390318 0.43442418789246406
vn 0.6651790912726369 0.6073148410010099 0.434402417619455
vn -0.000005751849516515574 -0.5219527420779095 0.8529744046595227
vn -0.00002324579920732939 -0.5219665277014065 0.8529659684998984
vn -0.000024732198654247172 -0.5219675302661105 0.8529653549448627
vn -0.000009015198973123623 -0.923860916657207 0.3827283718148306
vn 0.000005245209727156969 -0.923865570354689 0.3827171382178916
vn 0.000015214099524314832 -0.9238688533704439 0.38270921277193265
vn 0.9999999992699868 0.00001508370040746099 0.000035107099367288365
vn 0.9999999992743385 0.0000163316999414468 0.00003441800069825949
vn 0.99999999923581 0.000009614969705509028 0.00003789370018072109
vn 0.9999999999633551 -0.000007871540219350976 -0.0000033658000119106754
vn 0.9999999999649101 -0.00000783056020709217 -0.0000029769701085434856
vn 0.9999999999655893 -0.000006821010174227856 0.0000047218100006115045
vn 1 0 0
vn 1 0 0
vn 1 0 0
vn 0.9999999984169223 -0.000020369900052668437 0.00005245209823324443
vn 0.9999999988209338 0.000001106409966783443 0.00004854800130220839
vn 0.9999999988304666 0.00001363459976570726 0.00004640220135145745
vn 0.9999999999611544 -0.00000849366006117382 0.0000023555899132583274
vn 0.9999999999581073 -0.000008498090209840089 -0.0000034011900423532426
vn 0.9999999999630684 -0.000008505649929843106 0.0000012316700121573248
vn -0.000025283495720669295 0.4111232390880491 0.9115797725062222
vn 0.00000682473006907737 0.4111311174594892 0.9115762196382343
vn -0.00002033259660557364 0.41112462404643085 0.9115791480114418
vn 0.005205987851216795 0.7145481566443944 0.6995668870998618
vn 0.0051942456468034295 0.714550588105943 0.6995644908438474
vn 0.005199491009374253 0.714549595993952 0.6995654652411903
vn 0.7226270504656973 0.15771298257620964 0.673005765994737
vn 0.7226295568465517 0.15767859134734752 0.6730111331935547
vn 0.722626442739188 0.1577226806829122 0.6730041457913191
vn 0.7531673948179587 -0.12139548425686275 0.646530750842658
vn 0.7531673852809455 -0.12139558702781503 0.6465307426559357
vn 0.7531673948179587 -0.12139548425686275 0.646530750842658
vn 0.7063636449473987 -0.11589419532704352 0.6982971692525484
vn 0.7063633100792045 -0.11589609663043561 0.698297192432977
vn 0.7063627147498299 -0.11590079806438067 0.698297014327922
vn 0.764292732041883 0 0.6448694594628859
vn 0.764292732041883 0 0.6448694594628859
vn 0.764292732041883 0 0.6448694594628859
vn 0.7060179455350418 0.015700339703846267 0.7080198866667959
vn 0.7060179461957414 0.015700280113896146 0.708019887329369
vn 0.7060179455350418 0.015700339703846267 0.7080198866667959
vn 0.6989910490178007 0.14100217592494851 0.7010919338984185
vn 0.6989902500429851 0.14100181055508337 0.7010928039603839
vn 0.6989890914117436 0.14100116453153305 0.7010940890409337
vn -0.006312428883227735 -0.7561575066057752 0.6543592120886897
vn -0.006316243702083777 -0.7561509646577154 0.6543667348763249
vn -0.006310044649870048 -0.7561615540173389 0.6543545579902379
vn 0.004902541043569983 -0.4534411013771974 0.8912727599748297
vn 0.0049022432925039505 -0.4534410073408749 0.8912728094542061
vn 0.004875718100964255 -0.45344054240235765 0.891273191495658
vn 0.000029829795242271077 -0.923891862732962 -0.3826536620574811
vn 0.00002848919612483756 -0.9238922715504279 -0.38265267509551815
vn 0.000033736193139855383 -0.9238906660677081 -0.3826565509890503
vn 1 0 0
vn 1 0 0
vn 1 0 0
vn 0.9999999999848268 0.000004261729827639011 0.0000034905999654636305
vn 0.9999999999709381 0.000005930659881242257 -0.000004790720140451338
vn 0.9999999999876119 0.0000049775699152925896 0
vn 0.999999998433051 -0.000013008700059424507 0.00005444879926125516
vn 0.9999999984165688 -0.000007484110016748816 0.000055774998966531415
vn 0.9999999984285917 -0.000014170999725607186 0.000054240201194520316
vn 0.999999997195629 0.0000658333008659675 0.000035703200310228
vn 0.9999999938237814 -0.0001057830006917777 -0.00003409390025669774
vn 0.9999999999516831 -0.000009059909643400435 0.000003814699993924791
vn 1 0 0
vn 1 0 0
vn 1 0 0
vn 0.9999999993685458 -0.000031200201172703576 -0.00001701340078233238
vn 0.9999999993725772 -0.000030142300583253085 -0.000018608800007461978
vn 0.9999999993711666 -0.0000285393998458563 -0.000021051599092465695
vn 0.9999999992045943 0.00003755469876264783 0.000013433400443547465
vn 0.9999999992011648 0.00003739069867802635 0.000014128199825418776
vn 0.9999999992084583 0.00003781199845169964 0.000012382900412579189
vn 0.9999999999792384 -0.000006023789865014343 -0.000002288489895315942
vn 0.9999999999755662 -0.000006946730081666259 -7.81379014805687e-7
vn 0.9999999999798646 -0.000005606560080082886 -0.000002972780066497021
vn 0.005204795375319491 0.010584409310489495 0.9999304377728728
vn 0.00520235257572986 0.010584529572187923 0.9999304492120504
vn 0.005191325681362417 0.010584949527313316 0.9999305020756065
vn 0.000013411000501779674 0.5219566223108802 0.8529720301662665
vn -0.000013448298971909652 0.5219629439907058 0.8529681617268599
vn -0.000022411297426871993 0.5219650888832098 0.8529668489952447
vn 0.7115119174932103 -0.5998622242528105 0.3659454920881062
vn 0.7115182402507533 -0.5998410685366004 0.36596787603195574
vn 0.7115169045083399 -0.5998456970946099 0.36596288647341224
vn 0.7135111784684194 -0.5831206518660148 0.3884225837512042
vn 0.7135097478437579 -0.583125062517299 0.38841859017834496
vn 0.7135100723699068 -0.5831242009995015 0.3884192874142364
vn 0.7065792889862246 -0.5219822681170465 0.47778679360893306
vn 0.7065783141048929 -0.5219869016127504 0.47778317318780494
vn 0.706577819762527 -0.5219892728664469 0.4777813136069596
vn 0.6533234662012162 -0.5469079568942082 0.5235075311747017
vn 0.6533234662012162 -0.5469079568942082 0.5235075311747017
vn 0.6533234652899752 -0.5469080157360375 0.5235074708398809
vn 0.7065386975747888 -0.41560445433383586 0.5727791951242606
vn 0.7065392178822079 -0.41559726248343093 0.5727837716020558
vn 0.7065389957156966 -0.41560090792658855 0.5727814005915784
vn 0.6910438940906084 -0.42050268073283636 0.5879080131590199
vn 0.6910425975922894 -0.4205177101114228 0.587898787033573
vn 0.6910439773560705 -0.42050209908407654 0.5879083313117685
vn -0.005897818945846249 -0.9974377550586125 -0.0712961465670988
vn -0.005897222945201107 -0.9974377628034933 -0.07129608751605336
vn -0.005897939057213043 -0.9974377501131586 -0.07129620581824452
vn 0.004560886792425271 -0.9496125987913873 0.31339290120922403
vn 0.004616021543441456 -0.9496137292272302 0.3133886686022062
vn 0.004637538485714293 -0.9496140542060462 0.3133873661958154
vn 0.9999999995437634 0.0000016875600287252897 -0.000030159999355301458
vn 0.9999999994531588 -0.00001772870017643115 -0.000027917300015555602
vn 0.9999999995573152 -0.000004183500093826056 -0.000029459599305174308
vn 0.9999999998678999 -0.000013135399965987873 -0.0000095739997037612
vn 0.9999999999231444 -0.000004548579908819764 -0.000011533499672646373
vn 0.9999999998862807 -0.00001136209993872338 -0.000009916720044893787
vn 0.9999999997907434 -0.000018075099429407855 -0.000009581450283617869
vn 0.9999999998251368 -0.00001819429962461244 -0.000004323670054117168
vn 0.9999999997334652 -0.000018227799950780713 -0.000014170999744098548
vn 0.9999999992002979 -0.000036880399391131264 0.000015467399849876346
vn 0.9999999991913333 -0.00003762539924222966 0.00001420080023979019
vn 0.9999999992025552 -0.00003553929852281649 0.00001821670046777181
vn 0.9999999996138937 0.000026186900858086044 0.00000929832003389729
vn 0.9999999996328228 0.000026695399346156276 0.0000046594100223218665
vn 0.9999999996106219 0.000027671499981946107 -0.000003611670079820898
vn 0.9999999999883324 0.000001848679971750502 0.000004462900051242056
vn 0.9999999999902305 8.19563979340452e-7 0.000004343689852206209
vn 0.9999999999910196 -1.4156100291857204e-7 0.000004235660071534018
vn 0.9999999999996574 -8.278630048150154e-7 0
vn 0.9999999999996574 -8.278630048150154e-7 0
vn 0.9999999999996574 -8.278630048150154e-7 0
vn 0.9999999975578975 0.000020094199449926838 0.00006693600136738386
vn 0.9999999977072433 0.00003993510099401383 0.0000546873014738031
vn 0.9999999973815694 0.00005780160048160677 0.000043541200170370854
vn 0.999999999733652 0.000013180099809815302 0.0000189467991680898
vn 0.9999999997776958 0.000020071900503438796 0.000006459650192865496
vn 0.9999999997816393 0.000019475799486212102 0.000007577240010669611
vn 0.012684759426122337 -0.8313779065930265 0.555562663708873
vn 0.012669021111506754 -0.8313817281972535 0.5555573039064685
vn 0.012675219082958428 -0.8313803585886222 0.5555592121225719
vn 0.7531679815537323 -0.6465300871991444 -0.12139537844804181
vn 0.7531679706542894 -0.646530077842908 -0.12139549590056001
vn 0.7531678723320461 -0.6465301553772906 -0.1213956929822277
vn 0.7063656499496486 -0.6982952405943751 -0.11589359574391606
vn 0.706365403747623 -0.6982951732952111 -0.11589550181550916
vn 0.7063646898910673 -0.698295115073761 -0.11590020336142444
vn 0.7642012096667983 -0.6449779152372601 0
vn 0.7642012096667983 -0.6449779152372601 0
vn 0.7642012390455045 -0.6449778804279382 0
vn 0.7056826911678933 -0.7083514891235518 0.01581477924241295
vn 0.7056826911678933 -0.7083514891235518 0.01581477924241295
vn 0.7056826911678933 -0.7083514891235518 0.01581477924241295
vn 0.7068026833601758 -0.7000053695048388 0.1020903984674816
vn 0.7068014599765149 -0.700006590212488 0.10209049825597429
vn 0.7068026833601758 -0.7000053695048388 0.1020903984674816
vn -0.006312549040958549 -0.654359690700545 -0.7561570914240587
vn -0.006316304049479788 -0.6543673113868074 -0.7561504652458766
vn -0.0063101631911617675 -0.6543550025294138 -0.7561611683399456
vn 0.004902540806431088 -0.8912723246826054 -0.453441956978515
vn 0.0049022425870604725 -0.8912722294178096 -0.4534421474523787
vn 0.004875718657565045 -0.8912726716774401 -0.45344156413867764
vn 0.9999999999597222 -0.00000830740009371957 0.0000033974699816549584
vn 0.999999999983797 -0.000003896650014149217 -0.000004149970209187874
vn 0.9999999999700451 -0.0000019296999197981165 -0.000007495750196315495
vn 0.9999999994443838 -0.00001470189999146761 -0.00002991799918320148
vn 0.9999999994620101 -0.0000059790900163199805 -0.0000322525993223478
vn 0.9999999994609328 -0.000011557700411821886 -0.00003073360128999763
vn 0.9999999997381048 -0.000022366599290361943 -0.000004850329786316537
vn 0.9999999996767426 -0.00001233819966329492 -0.00002223249975222462
vn 0.999999999706163 -0.000024184599162423646 -0.0000016670700228691274
vn 0.9999999997952431 0.000013410999596981808 0.000015154500030428815
vn 0.9999999992401674 0.0000032484499545590547 0.000038847301736991745
vn 0.9999999976853042 0.00004187229923757835 -0.00005362930084039504
vn 1 0 0
vn 1 0 0
vn 1 0 0
vn 0.9999999999734102 -0.000002674760025840261 0.000006784220204100763
vn 0.999999999959009 -0.0000068508102228326916 0.000005920179773723409
vn 0.9999999999743714 -0.000001395119966183017 0.000007022169938683985
vn 0.9999999998128564 -0.00001635770058477113 0.000010330199982376498
vn 0.9999999998196778 -0.00001476190027194499 0.000011946999618550136
vn 0.9999999998184756 -0.000011481300132535098 0.00001520620025709379
vn 0.005204795375319491 -0.9999304377728728 0.010584409310489495
vn 0.00520235257572986 -0.9999304492120504 0.010584529572187923
vn 0.005191325681362417 -0.9999305020756065 0.010584949527313316
vn 0.0000050365898140081305 -0.8529678683016267 0.5219634236415532
vn 0.0000060573204150876294 -0.8529680069230939 0.5219631971020119
vn -0.00002141299826145614 -0.8529643624364488 0.5219691523019977
vn 0.7031912338481862 -0.3938001169542959 -0.5919827333004306
vn 0.7031917776411253 -0.393799584629241 -0.5919824414657513
vn 0.7031920138129392 -0.3937993449524248 -0.5919823203650127
vn 0.6532146508493671 -0.5233700414710039 -0.547169461507474
vn 0.6532146794512705 -0.5233682880962595 -0.5471711044678479
vn 0.6532146545211209 -0.523366170110859 -0.5471731600712375
vn 0.7065466749338789 -0.5727790680809862 -0.4155910674065996
vn 0.7065459508850496 -0.5727749482321556 -0.41559797637331275
vn 0.7065487924343543 -0.5727932906756663 -0.4155678645738831
vn 0.6910441933239834 -0.5879075969560642 -0.4205027708761872
vn 0.6910439157194679 -0.5879064222344333 -0.4205048694636164
vn 0.6910441641117485 -0.5879079804403599 -0.42050228273058426
vn 0.9999999992284494 -0.000009703449897431968 -0.00003806500168839954
vn 0.9999999992629229 -0.000015169400274049932 -0.00003527100122611546
vn 0.9999999992674744 -0.000016413599939169355 -0.00003457810086924846
vn 0.9999999999633551 0.000007871540219350976 0.0000033658000119106754
vn 0.9999999999649101 0.00000783056020709217 0.0000029769701085434856
vn 0.9999999999655893 0.000006821010174227856 -0.0000047218100006115045
vn 0.9999999999611544 0.00000849366006117382 -0.0000023555899132583274
vn 0.9999999999581073 0.000008498090209840089 0.0000034011900423532426
vn 0.9999999999630684 0.000008505649929843106 -0.0000012316700121573248
vn 1 0 0
vn 1 0 0
vn 1 0 0
vn 0.9999999984169223 0.000020369900052668437 -0.00005245209823324443
vn 0.9999999988209338 -0.000001106409966783443 -0.00004854800130220839
vn 0.9999999988304666 -0.00001363459976570726 -0.00004640220135145745
vn -0.00001107899895697397 -0.41111603977661015 -0.9115830196507899
vn 0.000018463399495786535 -0.4111158935677344 -0.9115830854700553
vn -0.0004419629399399982 -0.41111543733158 -0.911583184276906
vn 0.7667990255442397 -0.11970078088582338 -0.6306274474519235
vn 0.7667990967476354 -0.11970718274521051 -0.6306261456887238
vn 0.7667992316063031 -0.1197005988748585 -0.6306272314426196
vn 0.7531673948179587 0.12139548425686275 -0.646530750842658
vn 0.7531673852809455 0.12139558702781503 -0.6465307426559357
vn 0.7531673948179587 0.12139548425686275 -0.646530750842658
vn 0.7063620502637641 0.11589628156300119 -0.6982984361052524
vn 0.7063614537134795 0.1159009976977233 -0.698298256793222
vn 0.7063623551224308 0.11589438278650545 -0.6982984428626688
vn 0.6038482970242091 -0.039984819773086114 -0.7960957532663243
vn 0.6038494125114069 -0.03999452675387484 -0.7960944195504466
vn 0.603847846093605 -0.0399818335842563 -0.796096245281533
vn 0.7060179455350418 -0.015700339703846267 -0.7080198866667959
vn 0.7060179461957414 -0.015700280113896146 -0.708019887329369
vn 0.7060179455350418 -0.015700339703846267 -0.7080198866667959
vn -0.006312428883227735 0.7561575066057752 -0.6543592120886897
vn -0.006316243702083777 0.7561509646577154 -0.6543667348763249
vn -0.006310044649870048 0.7561615540173389 -0.6543545579902379
vn 0.004902541043569983 0.4534411013771974 -0.8912727599748297
vn 0.0049022432925039505 0.4534410073408749 -0.8912728094542061
vn 0.004875718100964255 0.45344054240235765 -0.891273191495658
vn 0.999999999976823 0.000006284570190327802 -0.0000026188799892527294
vn 0.9999999999841114 0.000003993509835645668 -0.000003978610038694109
vn 0.9999999999709313 0.000007349529823627652 -0.000002030280029371269
vn 1 0 0
vn 1 0 0
vn 1 0 0
vn 0.9999999997810851 -0.0000203772997293483 0.000004753469965049446
vn 0.9999999998152886 -0.00001806209911258677 -0.000006571409811536248
vn 0.9999999998159363 -0.0000191331000643257 -0.0000014323700267688007
vn 0.9999999999991771 -0.000001095240008907248 6.682240041294749e-7
vn 0.9999999999888536 0.000004671509941493012 6.854530170054198e-7
vn 0.9999999999897478 0.000004478280061402546 6.705520263425945e-7
vn 0.999999997195629 -0.0000658333008659675 -0.000035703200310228
vn 0.9999999938237814 0.0001057830006917777 0.00003409390025669774
vn 0.9999999999516831 0.000009059909643400435 -0.000003814699993924791
vn 0.9999999999913607 -0.0000029243499284095573 0.00000295415998150196
vn 0.9999999999780755 -0.000001202339944912652 0.000006511810170052763
vn 0.999999999991044 -0.0000028829099391910963 0.0000030985099783442715
vn 0.9999999997907429 -0.000020213399689372898 -0.0000031515999119391184
vn 0.9999999997892648 -0.000020146400852656335 -0.00000394880998927423
vn 0.9999999997731839 -0.000021281699441435758 8.493660173264099e-7
vn 0.005204795375319491 -0.010584409310489495 -0.9999304377728728
vn 0.00520235257572986 -0.010584529572187923 -0.9999304492120504
vn 0.005191325681362417 -0.010584949527313316 -0.9999305020756065
vn 0.0000050663902024226704 -0.5219636501780134 -0.8529677296751478
vn 0.000006087128966396847 -0.5219634236385035 -0.852967868296643
vn -0.000021457699015278286 -0.5219693089344873 -0.8529642665844923
vn 0.7032876005288778 0.5916637174310251 -0.3941073412384419
vn 0.7032873643484708 0.5916638385232508 -0.3941075809112455
vn 0.7032875840082098 0.5916637035324721 -0.3941073915852558
vn 0.7066807017887048 0.521917690948246 -0.47770734722701813
vn 0.7066807017887048 0.521917690948246 -0.47770734722701813
vn 0.7066806954522363 0.521917567059173 -0.47770749195525225
vn 0.6533234662012162 0.5469079568942082 -0.5235075311747017
vn 0.6533234662012162 0.5469079568942082 -0.5235075311747017
vn 0.6533234652899752 0.5469080157360375 -0.5235074708398809
vn 0.7069088288669532 0.42648020797383623 -0.5642646009422758
vn 0.7069088048137685 0.4264777496721019 -0.5642664890912706
vn 0.7069088204351524 0.42647999427064937 -0.5642647730258273
vn 0.66532587274857 0.43428280472958225 -0.6072395973316966
vn 0.6653258728984495 0.4342823875949052 -0.6072398954917115
vn 0.665327433364109 0.43426239725005344 -0.6072524818786365
vn 0.000006267920161960079 -0.9238870874058371 0.3826651926756236
vn -0.000013495599466712839 -0.9238870451946625 0.38266529440144476
vn 0.000004291529979257928 -0.9238870365422179 0.3826653155053658
vn 0.000010609999869253753 0.056143642564078874 -0.9984227017085824
vn -0.000009559100582873195 0.05614357943436006 -0.9984227052691266
vn 0.0000040076502827429864 0.05614364256678811 -0.9984227017567617
vn -0.00005151329248547383 0.05611001334846254 -0.9984245909173193
vn -0.00005158779051755132 0.05609427345539571 -0.9984254753481662
vn -0.00005159529574046216 0.0561271268693426 -0.9984236290109114
vn 0 -0.38264124648595094 -0.9238970053462007
vn 0 -0.38264124648595094 -0.9238970053462007
vn 0 -0.38264124648595094 -0.9238970053462007
vn 0 -0.7456597974140358 -0.6663268466154273
vn -0.000014670200454334679 -0.7456597677190416 -0.6663268796844161
vn 0.00000697769000587021 -0.7456597973958833 -0.6663268465992062
vn 0.020502260216315488 -0.9606939676750532 -0.27685150857235014
vn 0.020489087305704826 -0.9606945504077574 -0.276850461654331
vn 0.020509177827970574 -0.9606936578233718 -0.27685207140776663
vn 8.419159555151218e-7 -0.9858739458063264 0.16748899360720904
vn 0 -0.9858739458066758 0.1674889936072684
vn -0.0000018425898968845098 -0.9858739458050022 0.16748899360698408
vn -0.00006075199369807284 -0.5320399362282131 0.8467192584130081
vn -0.000059053300113599504 -0.5320429052946877 0.8467173928993638
vn -0.0002654049664994583 -0.5316842321094526 0.8469426231371199
vn 0.017815700280602434 -0.4998563066619221 0.8659250969418858
vn 0.017817610919614577 -0.49985730773842457 0.8659244797565265
vn 0.01784330081878494 -0.4998698926446027 0.8659166859712104
vn -0.02674417831151739 0.7068514425178113 0.7068562704941729
vn -0.026754908093100542 0.7068469479316706 0.7068603589766594
vn -0.02678184739225055 0.7068360366535479 0.7068702497192552
vn -0.000002741810078301025 0.9165535758437514 0.3999119185527173
vn 0.00001683829749238918 0.9165615382399824 0.3998936687866273
vn 0.0000013113000584169743 0.9165550703865044 0.39990849321697375
vn -0.00006133320079165232 0.9937041915264913 -0.11203560139938107
vn 0.000018984097507792635 0.9937020517696401 -0.11205459360691968
vn 0.000010460599536453247 0.9937022772224609 -0.1120525953892698
vn -0.000014185899756464984 -0.8660095781687757 -0.5000274095674151
vn -0.000007208439554269981 -0.8660080550942009 -0.5000300475571422
vn -0.000013187500222840166 -0.8660094044196167 -0.5000277105149976
vn 8.29924950298763e-7 -0.866012461658365 -0.5000224157492641
vn 8.011529714680127e-7 -0.8660124616583853 -0.5000224157492759
vn 0 -0.8660124616586632 -0.5000224157494364
vn 0 -1 0
vn 0 -1 0
vn 0 -1 0
vn 0.00001825389838017347 -0.8705684334990946 0.49204735774285774
vn 0.00003449619483770095 -0.8705638495152097 0.4920554671246645
vn 0.0000114812985215467 -0.8705702580185988 0.4920441298517949
vn -0.000010486699184022066 -0.9858753415969582 -0.1674807771689345
vn -0.000009012869401475086 -0.9858754581334368 -0.1674800912614826
vn -0.0000050850199941807415 -0.9858757453321971 -0.16747840081582782
vn 0.020609142792986195 -0.9606693636052855 0.2769289386531393
vn 0.020609142792986195 -0.9606693636052855 0.2769289386531393
vn 0.020609142792986195 -0.9606693636052855 0.2769289386531393
vn -0.000010885299834218428 -0.9440336021984383 0.3298492955908059
vn -0.000020928699295034192 -0.9440347646294365 0.3298459681927826
vn -0.00002694129978511111 -0.9440354826319206 0.3298439127922222
vn 0.000011920898739751289 -0.38271116561877533 0.9238680444568967
vn 0.000013090699366260181 -0.3827106699559554 0.9238682497686006
vn 0.000010423399642798221 -0.38271168235697284 0.9238678304166933
vn -0.00002362579873523768 -0.3826541069153789 0.9238916786629348
vn -0.00003597890493210013 -0.3826597364632925 0.9238893466186099
vn -0.00002145019913251935 -0.3826531962731096 0.9238920558819965
vn 0.000005595390247183929 0.056129807009340456 0.9984234796586996
vn 0.000010460599462242908 0.05612742402534484 0.9984236135843619
vn 0.000006645919711723925 0.05612914636966332 0.9984235167921701
vn 0 0.4838419800609595 0.875155379535937
vn 0 0.4838419800609595 0.875155379535937
vn 0 0.4838419800609595 0.875155379535937
vn 0 0.8155695897339648 0.5786590052018308
vn 0.000003132970272543055 0.8155696378179694 0.5786589374231171
vn -0.0000032710700403775633 0.8155695897296015 0.578659005198735
vn 0.000045258999454131306 0.8155519988750007 0.5786837954207926
vn 0.00004564970032730882 0.815552716594803 0.578682783890226
vn 0.00004332509790743352 0.8155490318138093 0.5786879770917088
vn -0.00003783400152601622 0.9238857164824266 -0.38266850072659725
vn -0.000017646700322006143 0.9238886926482934 -0.38266131668254744
vn -0.000017732398168390127 0.9238886821106851 -0.38266134212034497
vn 0.000023903295940184845 -0.8155767864383724 0.5786488614449095
vn -0.000007564119989487623 -0.8155769590385689 0.5786486186177103
vn 0.000008553269374252924 -0.8155768628579694 0.5786487541657671
vn -0.000015482296990798093 -0.48365716893395977 0.8752575293586942
vn 0.000006514280113233869 -0.48365707765831367 0.8752575799092426
vn 0 -0.48365707766857585 0.8752575799278137
vn -0.000006493780019038549 -0.05614364256605521 0.9984227017437283
vn 0 -0.056143579436925155 0.9984227053147426
vn 0.000015422700315709353 -0.05614364256056182 0.9984227016460373
vn 0 0.38264124648595094 0.9238970053462007
vn 0 0.38264124648595094 0.9238970053462007
vn 0 0.38264124648595094 0.9238970053462007
vn 0.000020004798550867592 0.7456273646041038 0.6663631388014696
vn 0.00003261119554666198 0.7456314709156049 0.6663585435159824
vn 0.000041231497903983965 0.7456343667404025 0.6663553026993949
vn -0.000039130398173019105 0.7456703149767414 0.6663150754945435
vn -0.000036925100101516224 0.7456709911225569 0.6663143189477776
vn -0.00001890960050363559 0.7456769810661679 0.6663076163083183
vn 0 0.9608740979387111 0.27698550126399785
vn 0 0.9608740979387111 0.27698550126399785
vn 0 0.9608740979387111 0.27698550126399785
vn -0.0000016502999910498601 0.9858695428790961 -0.16751490805489164
vn 0.000001980110060110539 0.9858695428785057 -0.16751490805479133
vn 0 0.9858695428804385 -0.16751490805511973
vn 0.000014036898623787106 0.3827303711172848 -0.923860088339891
vn 0.00003900749937922131 0.38272138660768806 -0.923863809612382
vn 0.000025249995549656258 0.3827265460787426 -0.9238616727027233
vn 0.0000034123697302166103 0.27678247892637525 0.9609325987537973
vn 0.000004127619450599217 0.2767827858237319 0.9609325103536754
vn 0.00002035870007132224 0.27679058235293336 0.9609302644345464
vn 0.027190078148426458 0.22302588901275042 0.9744332468057291
vn 0.027195748654992188 0.22302848685596485 0.9744324939706359
vn 0.027192348876017434 0.22302688872864762 0.9744329546288059
vn -0.000019982500779227357 0.6663576948069171 0.7456322298374122
vn -0.000008504369999147786 0.6663578535606227 0.7456320881814
vn 0 0.6663576949399554 0.7456322299862777
vn 0.000008509739768356145 0.923866254659138 0.3827154862684302
vn 0 0.9238662546925893 0.3827154862822875
vn 0.000020004799429619244 0.9238662545077274 0.3827154862057077
vn 0 0.998422668770815 -0.056144229307770396
vn 0.000003047289903595215 0.9984226620838155 -0.056144348141027985
vn -0.00001207589759802668 0.9984226691156637 -0.05614422187658175
vn -0.000004007649725286404 0.998422735773537 -0.05614303763089776
vn -0.000010609998687842876 0.9984227357253578 -0.05614303762818855
vn 0.00000955909936241856 0.9984227323948296 -0.056143097045551406
vn 0 0.5786597737694359 -0.8155690444230368
vn 0.000003132969827965995 0.578659773766596 -0.8155690444190342
vn -0.000003271070232179135 0.57865977376634 -0.8155690444186735
vn 0.6980695860662184 -0.27402720389862995 0.6615194211305042
vn 0.6980702895344063 -0.2740370936424856 0.6615145819838969
vn 0.698071158528472 -0.2740557996565595 0.6615059155482439
vn 0.6980815581373893 0.5839791937083623 0.41430718012629925
vn 0.6980816150420163 0.5839601179632705 0.4143339708117757
vn 0.6980815606369912 0.5839713875908498 0.4143181786668796
vn 0.6441267077221992 0.5306791021367852 -0.5508906197733414
vn 0.6441343706835494 0.5306860439304282 -0.5508749724588871
vn 0.6441315918052193 0.5306835099987051 -0.5508806628063182
vn 0.7048677223549032 0.5545588149495083 -0.44229629745681576
vn 0.7048759454606451 0.5545919532947198 -0.4422416385322722
vn 0.7048667688794384 0.5545547023854571 -0.44230297330182783
vn 0.6979364915634645 0.6281771210391283 0.34391591755409373
vn 0.6979444381852463 0.6282118937881823 0.3438362658437102
vn 0.6979372727567599 0.6281799877620806 0.3439090959426464
vn 0.6980805091045656 -0.15929410523445245 0.6980752042909601
vn 0.6980858605172809 -0.15931459136386936 0.6980651777050698
vn 0.6980794975352411 -0.15929069455884345 0.6980769941402641
vn 0.698080418252359 -0.506338177485495 -0.5062661154701931
vn 0.698076030094728 -0.5063073186610421 -0.5063030271264932
vn 0.6980768370728245 -0.5063127227476814 -0.5062965102844683
vn 0.6726645567083508 -0.33349247476835014 0.6605339986868496
vn 0.6726661036358568 -0.33346952559629073 0.6605440095239223
vn 0.6726588558904638 -0.3335820710731759 0.6604945612574434
vn 0.6981060519289939 -0.6980570569108876 -0.15926168891802897
vn 0.6981065918794903 -0.6980562855589435 -0.15926270299744857
vn 0.6981076733273346 -0.6980548636110415 -0.15926419506739647
vn 0.614839929928896 0.09250675419675002 0.7832077380829511
vn 0.6148395562885076 0.09249376542552788 0.7832095654295589
vn 0.6148398594089723 0.09250532204298167 0.7832079625972144
vn 0.6980735551818662 0.5062926929504967 -0.5063210647609718
vn 0.6980775098092914 0.5063314509983636 -0.5062768531429718
vn 0.698073928186303 0.5062953267070656 -0.5063179168675842
vn 0.7002194726053859 -0.39660988403475184 -0.5936272315773393
vn 0.7002188930069384 -0.3966108728694029 -0.593627254594925
vn 0.7002183961192578 -0.3966116999359779 -0.5936272881278858
vn 0.7002058981285535 0.3966183824504418 0.5936375652941627
vn 0.7002057411556418 0.3966315674483303 0.5936289411376091
vn 0.7002056453004006 0.39664812096665975 0.5936179936820207
vn 0.6148761563749157 -0.48838517489993116 0.6191988640651512
vn 0.6148747623967383 -0.48836164254305553 0.6192188083869897
vn 0.6148738087872332 -0.488343343969091 0.6192341864501402
vn 0.000009234990920212667 -0.8474209224482572 -0.5309216327403318
vn -0.0000027883799203322947 -0.8474213786942114 -0.530920904583938
vn 0.000017754700858376634 -0.8474206942440284 -0.5309219967676417
vn 0.0015782109261716665 -0.5319698903098379 -0.8467617994772861
vn 0.0016096830650266052 -0.5319697354126329 -0.8467618375466879
vn 0.0015932908680352854 -0.5319696797918195 -0.8467619034925926
vn 0.7048590827942214 -0.7048885274889436 -0.07940930182892693
vn 0.7048601703599495 -0.704885144706803 -0.07942967337092577
vn 0.7048587762750707 -0.704890009108772 -0.07939887005899517
vn 0.6980735591070969 0.6615075404078299 0.27404576270968634
vn 0.6980736267922425 0.6615149986456732 0.27402758646519504
vn 0.6980736692828822 0.6615219561712224 0.2740106818307134
vn 0.6979392220044823 0.34390408042801807 -0.6281805678725959
vn 0.6979404511858222 0.3438789757785348 -0.6281929453727069
vn 0.697939926574574 0.34389003826902437 -0.6281874723937171
vn 0.6986680143881596 -0.5868167972156283 0.4092786974379423
vn 0.6986679465319013 -0.5867735173127369 0.40934086024893185
vn 0.6986680083742398 -0.5868101760488692 0.40928820085591056
vn 0.7044962402292568 0.6836144093014417 -0.190673508643131
vn 0.7044962402292568 0.6836144093014417 -0.190673508643131
vn 0.7044962402292568 0.6836144093014417 -0.190673508643131
vn 0.7046058616576132 0.6835285868523234 -0.19057610205216735
vn 0.7046058049391091 0.6835286492567719 -0.19057608793162614
vn 0.7046058616576132 0.6835285868523234 -0.19057610205216735
vn 0.6677125104871352 0.7440790543547612 -0.02250253784557806
vn 0.6677125695162559 0.7440790537134141 -0.022500807428837994
vn 0.6677125265080385 0.744079191417274 -0.02249752973256465
vn 0.704930540584386 0.7091318335562663 -0.014316968552493559
vn 0.7049303910365392 0.7091319822060764 -0.014316969146880843
vn 0.7049304210220345 0.7091319524103884 -0.014316968545322944
vn 0.6333979185267055 0.7565950532779112 0.16239150889572976
vn 0.63339791727169 0.7565947537555782 0.162392909283076
vn 0.6333979162597474 0.7565928451982403 0.16240180501657436
vn 0.7052936635150348 0.6899934490482758 0.1626956928624901
vn 0.7052931611069625 0.6899939604738599 0.16269570186500232
vn 0.7052935455921382 0.6899935695160552 0.16269569315923296
vn 0.6039214621437184 0.7166175713151947 0.3489099082062664
vn 0.6039207496043297 0.716613759841208 0.3489189696814889
vn 0.6039174286027735 0.7165988786842526 0.34895527865084014
vn 0.7056706592897324 0.6273692886447434 0.32929727645849566
vn 0.705672218661771 0.6273679859228714 0.3292964166948279
vn 0.7056712652667378 0.6273687610315795 0.32929698306929933
vn 0.5811413616220985 0.625175962559546 0.5209891876514892
vn 0.5811412860374615 0.6251872702510778 0.5209757026759799
vn 0.5811412285485866 0.6251801199698933 0.5209843472461233
vn 0.5667824665751389 0.12399840181152581 0.8144826774899444
vn 0.566782427165285 0.1239983913285002 0.8144827065104407
vn 0.5667824809999964 0.12399859123185553 0.8144826386142334
vn 0.7059637220174896 0.5253639751790339 0.4749820173220203
vn 0.7059618213411325 0.5253652318419393 0.47498345232268485
vn 0.7059627186146344 0.5253646977843724 0.4749827094202161
vn 0.7066696277477035 0.45836710873281256 0.5389968746206645
vn 0.7066683184355732 0.45836800409329614 0.5389978298128549
vn 0.7066719580910434 0.4583654733425911 0.5389952100855747
vn 0.566776112581843 0.4882858531359882 0.6635825222486454
vn 0.5667792429286156 0.48827894407478556 0.6635849324377986
vn 0.5667759610330755 0.4882862425075564 0.6635823651762346
vn 0.7326164613687227 0.29797210362220566 0.6119524050075531
vn 0.732614846951253 0.2979527002399857 0.611963785240837
vn 0.7326175485200898 0.2979861761212433 0.6119442510891439
vn 0.7062164939108411 0.1415912766488783 0.6936931411692202
vn 0.7062164934954249 0.14159799698909262 0.6936917698543809
vn 0.7062164811836066 0.14159870682601383 0.6936916374945319
vn 0.7059734725251604 -0.035594762690381976 0.7073432469174932
vn 0.7059721778745858 -0.03558576022356708 0.7073449920203895
vn 0.7059712393407819 -0.035579197025260446 0.7073462588878789
vn 0.5810576695909306 -0.07363670342873738 0.8105242874323416
vn 0.5810548165707666 -0.07361710196504319 0.8105281132929204
vn 0.581053314293921 -0.07360748917539965 0.8105300632828764
vn 0.7068101656647647 -0.12048259940013474 0.6970676674145307
vn 0.7068103768749585 -0.12047979605341698 0.697067937782829
vn 0.7068075387123198 -0.12050458532182717 0.6970665306381071
vn 0.7045215008220256 -0.23152721703746293 0.6708536372789287
vn 0.7045208037005907 -0.23152858921699612 0.6708538958135827
vn 0.7045181008741143 -0.23153411545929423 0.6708548270074636
vn 0.6157417115309046 -0.41437708106337984 0.6701893608304935
vn 0.6157425064058394 -0.4143883002058674 0.6701816936156543
vn 0.6157417729713266 -0.4143803605541835 0.6701872766660915
vn 0.7044136926147399 -0.5167940712624889 0.4865441784307037
vn 0.7044136926147399 -0.5167940712624889 0.4865441784307037
vn 0.7044136926147399 -0.5167940712624889 0.4865441784307037
vn 0.7044316548730234 -0.6182169334437218 0.3486887821773086
vn 0.7044316548730234 -0.6182169334437218 0.3486887821773086
vn 0.7044316548730234 -0.6182169334437218 0.3486887821773086
vn 0.7045756091887453 -0.6181284881325592 0.34855470602943417
vn 0.7045756091887453 -0.6181284881325592 0.34855470602943417
vn 0.704575598552907 -0.6181284191970284 0.3485548497794796
vn 0.663620978587113 -0.5395113471984272 0.5182033413856194
vn 0.6636215982271947 -0.5395064899459776 0.5182076048000015
vn 0.6636208343696894 -0.5395124593555453 0.5182023681831338
vn 0 0.9632659516723154 -0.268549262424659
vn 0 0.9632659516723154 -0.268549262424659
vn 0 0.9632659516723154 -0.268549262424659
vn 0.032560937052328875 0.9654057009815701 -0.25871145682121943
vn 0.032560937052328875 0.9654057009815701 -0.25871145682121943
vn 0.032560937052328875 0.9654057009815701 -0.25871145682121943
vn -0.00002263860033483283 0.9997978928891637 -0.020104050882406726
vn -0.000021204397601017484 0.9997978091364602 -0.020108217133983974
vn -0.000021418998588531537 0.9997978211896099 -0.020107617604662203
vn 0.05989270987877599 0.9982048203166406 0
vn 0.05989270987877599 0.9982048203166406 0
vn 0.05989270987877599 0.9982048203166406 0
vn -0.000001266599971308453 0.9733073859521396 0.22950540832278593
vn -4.209579483936244e-7 0.9733079134977852 0.22950317105088291
vn -7.150229749203863e-7 0.973307744307059 0.22950388857575676
vn 0.0814694078031487 0.9627070265686865 0.25798821017147855
vn 0.0814694078031487 0.9627070265686865 0.25798821017147855
vn 0.0814694078031487 0.9627070265686865 0.25798821017147855
vn -0.00001709159913970679 0.8854752178905421 0.4646866021412435
vn -0.00001722570016670546 0.8854750817827295 0.4646868614939996
vn -0.00001643970250260514 0.8854759364318736 0.4646852329586478
vn 0.09751557842235171 0.8618918907839307 0.4976274515798494
vn 0.09751557842235171 0.8618918907839307 0.4976274515798494
vn 0.09751557842235171 0.8618918907839307 0.4976274515798494
vn -0.000027097796962677233 0.7418151806958688 0.6706043818488401
vn -0.000028140798905939106 0.7418137099699825 0.6706060087030731
vn -0.000025454899296380616 0.7418175872196494 0.6706017198335134
vn 0.10851389649417637 0.7029312677167132 0.7029312677167132
vn 0.10851389649417637 0.7029312677167132 0.7029312677167132
vn 0.10851389649417637 0.7029312677167132 0.7029312677167132
vn -0.00004056099782274803 0.647894631650342 0.7617299683178239
vn -0.00003276389936248631 0.6478865800294995 0.7617368169809082
vn -0.00003932420091125696 0.6478933119147064 0.7617310908908733
vn 0.11377209572058106 0.4967636828271578 0.8603962771068607
vn 0.11377209572058106 0.4967636828271578 0.8603962771068607
vn 0.11377209572058106 0.4967636828271578 0.8603962771068607
vn -0.00003299119895896449 0.43776549524886266 0.8990891891692943
vn -0.000038795195566062365 0.4377739791818029 0.8990850580708496
vn -0.000036075701031590894 0.4377698088609264 0.8990870887452516
vn 0 0.2588487513854369 0.9659178660249537
vn 0 0.2588487513854369 0.9659178660249537
vn 0 0.2588487513854369 0.9659178660249537
vn 0.20703219222409913 0.19577898411454173 0.9585448663270603
vn 0.20703219222409913 0.19577898411454173 0.9585448663270603
vn 0.20703219222409913 0.19577898411454173 0.9585448663270603
vn 0 -0.2588488497046467 0.9659178396771544
vn 0 -0.2588488497046467 0.9659178396771544
vn 0 -0.2588488497046467 0.9659178396771544
vn -0.000006819269777944507 -0.1703437994206343 0.9853846913527936
vn 0 -0.170343799424595 0.9853846913757051
vn 0.000002168120065690036 -0.17034379942419464 0.985384691373389
vn 0 0 1
vn 0 0 1
vn 0 0 1
vn 0.17375448757520076 -0.049575195890198605 0.9835403794455662
vn 0.17374669378611032 -0.04960255801059728 0.9835403767193296
vn 0.17375148323762493 -0.04958557564781877 0.9835403869493106
vn 0.1053650913220309 -0.5229860606243064 0.8458036284642964
vn 0.10536309358200054 -0.5230041159454636 0.8457927129119373
vn 0.10536420953454599 -0.5229942730656824 0.845798660255299
vn -0.000013057098623580237 -0.5000058329537412 0.866022036002403
vn -0.00001309810074588925 -0.5000116850062388 0.8660186572387812
vn -0.000013083199640775708 -0.5000108526873153 0.8660191377930013
vn 0.05966054854473824 -0.7058471685358814 0.705847287745175
vn 0.05966054854473824 -0.7058471685358814 0.705847287745175
vn 0.05966055596879985 -0.7058472278267776 0.7058472278267776
vn 9.071079519114879e-7 -0.7212119631815833 0.6927144463362545
vn 0.0000013784699101849134 -0.7212128972541917 0.6927134738348277
vn 0.000002020970008083413 -0.7212141827783676 0.6927121354179143
vn 0.0325842395178436 -0.8655594778695896 0.4997449925763811
vn 0.0325842395178436 -0.8655594778695896 0.4997449925763811
vn 0.0325842395178436 -0.8655594778695896 0.4997449925763811
vn 0 -0.8710080021888575 0.4912688267364165
vn 0 -0.8710080021888575 0.4912688267364165
vn 0 -0.8710080021888575 0.4912688267364165
vn 0 -0.9632659516723154 0.268549262424659
vn 0 -0.9632659516723154 0.268549262424659
vn 0 -0.9632659516723154 0.268549262424659
vn 0.032560937052328875 -0.9654057009815701 0.25871145682121943
vn 0.032560937052328875 -0.9654057009815701 0.25871145682121943
vn 0.032560937052328875 -0.9654057009815701 0.25871145682121943
vn -0.00002263860033483283 -0.9997978928891637 0.020104050882406726
vn -0.000021204397601017484 -0.9997978091364602 0.020108217133983974
vn -0.000021418998588531537 -0.9997978211896099 0.020107617604662203
vn 0.05989270987877599 -0.9982048203166406 0
vn 0.05989270987877599 -0.9982048203166406 0
vn 0.05989270987877599 -0.9982048203166406 0
vn -0.000001266599971308453 -0.9733073859521396 -0.22950540832278593
vn -4.209579483936244e-7 -0.9733079134977852 -0.22950317105088291
vn -7.150229749203863e-7 -0.973307744307059 -0.22950388857575676
vn 0.0814694078031487 -0.9627070265686865 -0.25798821017147855
vn 0.0814694078031487 -0.9627070265686865 -0.25798821017147855
vn 0.0814694078031487 -0.9627070265686865 -0.25798821017147855
vn -0.00001709159913970679 -0.8854752178905421 -0.4646866021412435
vn -0.00001722570016670546 -0.8854750817827295 -0.4646868614939996
vn -0.00001643970250260514 -0.8854759364318736 -0.4646852329586478
vn 0.09751557842235171 -0.8618918907839307 -0.4976274515798494
vn 0.09751557842235171 -0.8618918907839307 -0.4976274515798494
vn 0.09751557842235171 -0.8618918907839307 -0.4976274515798494
vn -0.000027097796962677233 -0.7418151806958688 -0.6706043818488401
vn -0.000028140798905939106 -0.7418137099699825 -0.6706060087030731
vn -0.000025454899296380616 -0.7418175872196494 -0.6706017198335134
vn 0.10851389649417637 -0.7029312677167132 -0.7029312677167132
vn 0.10851389649417637 -0.7029312677167132 -0.7029312677167132
vn 0.10851389649417637 -0.7029312677167132 -0.7029312677167132
vn -0.00004056099782274803 -0.647894631650342 -0.7617299683178239
vn -0.00003276389936248631 -0.6478865800294995 -0.7617368169809082
vn -0.00003932420091125696 -0.6478933119147064 -0.7617310908908733
vn 0.11377209572058106 -0.4967636828271578 -0.8603962771068607
vn 0.11377209572058106 -0.4967636828271578 -0.8603962771068607
vn 0.11377209572058106 -0.4967636828271578 -0.8603962771068607
vn -0.00003299119895896449 -0.43776549524886266 -0.8990891891692943
vn -0.000038795195566062365 -0.4377739791818029 -0.8990850580708496
vn -0.000036075701031590894 -0.4377698088609264 -0.8990870887452516
vn 0 -0.2588487513854369 -0.9659178660249537
vn 0 -0.2588487513854369 -0.9659178660249537
vn 0 -0.2588487513854369 -0.9659178660249537
vn 0.20703219222409913 -0.19577898411454173 -0.9585448663270603
vn 0.20703219222409913 -0.19577898411454173 -0.9585448663270603
vn 0.20703219222409913 -0.19577898411454173 -0.9585448663270603
vn 0 0.2588488497046467 -0.9659178396771544
vn 0 0.2588488497046467 -0.9659178396771544
vn 0 0.2588488497046467 -0.9659178396771544
vn 0.13988528795878785 0.29460056879467855 -0.9453267218684442
vn 0.13988479837999426 0.29460209326109044 -0.9453263192296997
vn 0.13988350372808314 0.2946066865024499 -0.945325079352496
vn 0 0 -1
vn 0 0 -1
vn 0 0 -1
vn 0.17375448757520076 0.049575195890198605 -0.9835403794455662
vn 0.17374669378611032 0.04960255801059728 -0.9835403767193296
vn 0.17375148323762493 0.04958557564781877 -0.9835403869493106
vn 0.1053650913220309 0.5229860606243064 -0.8458036284642964
vn 0.10536309358200054 0.5230041159454636 -0.8457927129119373
vn 0.10536420953454599 0.5229942730656824 -0.845798660255299
vn -0.000013057098623580237 0.5000058329537412 -0.866022036002403
vn -0.00001309810074588925 0.5000116850062388 -0.8660186572387812
vn -0.000013083199640775708 0.5000108526873153 -0.8660191377930013
vn 0.05966054854473824 0.7058471685358814 -0.705847287745175
vn 0.05966054854473824 0.7058471685358814 -0.705847287745175
vn 0.05966055596879985 0.7058472278267776 -0.7058472278267776
vn 9.071079519114879e-7 0.7212119631815833 -0.6927144463362545
vn 0.0000013784699101849134 0.7212128972541917 -0.6927134738348277
vn 0.000002020970008083413 0.7212141827783676 -0.6927121354179143
vn 0.0325842395178436 0.8655594778695896 -0.4997449925763811
vn 0.0325842395178436 0.8655594778695896 -0.4997449925763811
vn 0.0325842395178436 0.8655594778695896 -0.4997449925763811
vn 0 0.8710080021888575 -0.4912688267364165
vn 0 0.8710080021888575 -0.4912688267364165
vn 0 0.8710080021888575 -0.4912688267364165
vn 0.7044962402292568 -0.6836144093014417 0.190673508643131
vn 0.7044962402292568 -0.6836144093014417 0.190673508643131
vn 0.7044962402292568 -0.6836144093014417 0.190673508643131
vn 0.7046058616576132 -0.6835285868523234 0.19057610205216735
vn 0.7046058049391091 -0.6835286492567719 0.19057608793162614
vn 0.7046058616576132 -0.6835285868523234 0.19057610205216735
vn 0.6677125104871352 -0.7440790543547612 0.02250253784557806
vn 0.6677125695162559 -0.7440790537134141 0.022500807428837994
vn 0.6677125265080385 -0.744079191417274 0.02249752973256465
vn 0.704930540584386 -0.7091318335562663 0.014316968552493559
vn 0.7049303910365392 -0.7091319822060764 0.014316969146880843
vn 0.7049304210220345 -0.7091319524103884 0.014316968545322944
vn 0.6333979185267055 -0.7565950532779112 -0.16239150889572976
vn 0.63339791727169 -0.7565947537555782 -0.162392909283076
vn 0.6333979162597474 -0.7565928451982403 -0.16240180501657436
vn 0.7052936635150348 -0.6899934490482758 -0.1626956928624901
vn 0.7052931611069625 -0.6899939604738599 -0.16269570186500232
vn 0.7052935455921382 -0.6899935695160552 -0.16269569315923296
vn 0.6039214621437184 -0.7166175713151947 -0.3489099082062664
vn 0.6039207496043297 -0.716613759841208 -0.3489189696814889
vn 0.6039174286027735 -0.7165988786842526 -0.34895527865084014
vn 0.7056706592897324 -0.6273692886447434 -0.32929727645849566
vn 0.705672218661771 -0.6273679859228714 -0.3292964166948279
vn 0.7056712652667378 -0.6273687610315795 -0.32929698306929933
vn 0.5811413616220985 -0.625175962559546 -0.5209891876514892
vn 0.5811412860374615 -0.6251872702510778 -0.5209757026759799
vn 0.5811412285485866 -0.6251801199698933 -0.5209843472461233
vn 0.5667824665751389 -0.12399840181152581 -0.8144826774899444
vn 0.566782427165285 -0.1239983913285002 -0.8144827065104407
vn 0.5667824809999964 -0.12399859123185553 -0.8144826386142334
vn 0.7059637220174896 -0.5253639751790339 -0.4749820173220203
vn 0.7059618213411325 -0.5253652318419393 -0.47498345232268485
vn 0.7059627186146344 -0.5253646977843724 -0.4749827094202161
vn 0.7066696277477035 -0.45836710873281256 -0.5389968746206645
vn 0.7066683184355732 -0.45836800409329614 -0.5389978298128549
vn 0.7066719580910434 -0.4583654733425911 -0.5389952100855747
vn 0.5668140832826486 -0.4882672884775269 -0.6635637497597757
vn 0.5668141917303928 -0.48827771002024595 -0.6635559885574133
vn 0.5668139511800673 -0.4882660852780292 -0.6635647479446963
vn 0.7326241614092622 -0.2979702901713979 -0.6119440695803403
vn 0.7326240559661954 -0.29796856723564397 -0.6119450347532681
vn 0.7326238239440073 -0.29796606644203844 -0.6119465302121739
vn 0.6543477845515856 -0.2645913987602479 -0.7083928066789832
vn 0.6543466632493634 -0.2646262123969579 -0.7083808382550058
vn 0.6543465832774513 -0.26462471404405796 -0.708381471856955
vn 0.7062164939108411 -0.1415912766488783 -0.6936931411692202
vn 0.7062164934954249 -0.14159799698909262 -0.6936917698543809
vn 0.7062164811836066 -0.14159870682601383 -0.6936916374945319
vn 0.7059734725251604 0.035594762690381976 -0.7073432469174932
vn 0.7059721778745858 0.03558576022356708 -0.7073449920203895
vn 0.7059712393407819 0.035579197025260446 -0.7073462588878789
vn 0.5810576695909306 0.07363670342873738 -0.8105242874323416
vn 0.5810548165707666 0.07361710196504319 -0.8105281132929204
vn 0.581053314293921 0.07360748917539965 -0.8105300632828764
vn 0.7047654180118523 0.22739861227293023 -0.6720086135689964
vn 0.7047654761701361 0.2273966746553566 -0.6720092082362914
vn 0.7047690366415214 0.22734799179053425 -0.6720219457876307
vn 0.6009074389133798 0.23780366539324885 -0.7631249351083336
vn 0.6009082122255208 0.23780210015864478 -0.7631248139328627
vn 0.6009055837097204 0.2378081923940363 -0.7631249852394831
vn 0.7045363226264312 0.3852793595373114 -0.5959768327834098
vn 0.7045365640002444 0.3852877654083898 -0.5959711132373269
vn 0.7045362622360043 0.38526988196904205 -0.59598303100179
vn 0.6157417115309046 0.41437708106337984 -0.6701893608304935
vn 0.6157425064058394 0.4143883002058674 -0.6701816936156543
vn 0.6157417729713266 0.4143803605541835 -0.6701872766660915
vn 0.7044136926147399 0.5167940712624889 -0.4865441784307037
vn 0.7044136926147399 0.5167940712624889 -0.4865441784307037
vn 0.7044136926147399 0.5167940712624889 -0.4865441784307037
vn 0.7044316548730234 0.6182169334437218 -0.3486887821773086
vn 0.7044316548730234 0.6182169334437218 -0.3486887821773086
vn 0.7044316548730234 0.6182169334437218 -0.3486887821773086
vn 0.7045756091887453 0.6181284881325592 -0.34855470602943417
vn 0.7045756091887453 0.6181284881325592 -0.34855470602943417
vn 0.704575598552907 0.6181284191970284 -0.3485548497794796
vn 0.663620978587113 0.5395113471984272 -0.5182033413856194
vn 0.6636215982271947 0.5395064899459776 -0.5182076048000015
vn 0.6636208343696894 0.5395124593555453 -0.5182023681831338
vn -0.474482973196828 -0.3156029812507872 -0.8217424574475348
vn -0.474482973196828 -0.3156029812507872 -0.8217424574475348
vn -0.474482973196828 -0.3156029812507872 -0.8217424574475348
vn 0.033967551582533756 -0.47699601495310145 -0.8782488298644915
vn 0.03397648689760012 -0.476965056886933 -0.8782652975308441
vn 0.03397827906531475 -0.47695975632877896 -0.8782681067843415
vn -0.06764715412938152 -0.7238038447652022 -0.6866817726147293
vn -0.06764583913349205 -0.7237778772234317 -0.6867092724653344
vn -0.06764697538534217 -0.7237997327924849 -0.6866861244635297
vn 0.0000037886196231139333 -0.707233459499481 -0.7069800801649522
vn 0.000007418919417454433 -0.7072332807031871 -0.706980258996506
vn -0.000009242449396597674 -0.7072339958197976 -0.7069795436017506
vn 0.03402220463960793 -0.9020847098493614 -0.43021583635130645
vn 0.034019757888937095 -0.9020834188338457 -0.43021873685163786
vn 0.034019642186851856 -0.9020833534463871 -0.4302188831053319
vn -0.000038161900069017835 -0.9135872313725756 -0.40664280298151284
vn -0.000034034300265059866 -0.913589379927468 -0.40663797624596154
vn -0.00004482270111322559 -0.9135837155812423 -0.406650700990048
vn -0.06769012056782037 -0.9891874997778854 -0.13010049139296018
vn -0.06768714740251985 -0.9891880306140164 -0.13009800216172918
vn -0.06769709420056853 -0.989186246460776 -0.13010639203990038
vn -4.66592942014879e-7 -0.999653677886054 0.026315856221438647
vn 0.000005953009698957683 -0.9996536793384523 0.026315800380319502
vn -0.000003871299594286149 -0.9996536778786721 0.026315856221244317
vn -0.050891038319319966 -0.997328465878857 0.052402608394115514
vn -0.050891038790514785 -0.9973286539269544 0.05239902887527551
vn -0.050891038980082154 -0.9973284192233858 0.0524034956936113
vn 0.000059321497713364375 -0.9781223612457962 0.20803038939517454
vn 0.00006020069277028267 -0.9781226171097828 0.2080291861114341
vn 0.00005172939665160922 -0.9781201077740583 0.208040986567873
vn -7.204949445687373e-7 -0.9426136097842592 0.3338855831702964
vn 0.000001431329918452168 -0.9426136097835384 0.333885583170041
vn -3.0454196793644997e-7 -0.9426136539473076 0.33388545849140044
vn -0.0000037495593825721046 -0.7932911899955221 0.6088424162798032
vn -0.0000035278493639195317 -0.7932911899961622 0.6088424162802945
vn 0.000005563839601547716 -0.7932911899888199 0.6088424162746593
vn -0.05093126749325793 -0.7760604628046369 0.628598571477046
vn -0.050933586638320934 -0.7760624036909529 0.6285959873635665
vn -0.05094235797031378 -0.7760700635372741 0.628585819634579
vn 0.000042229901213854314 -0.5662943650624476 0.8242030637622956
vn 0.00002577899908751126 -0.5662708728509255 0.8242192050031923
vn 0.00004222989406495129 -0.5662941879522901 0.8242031854513134
vn -0.0000461637964707268 -0.45390137137452996 0.8910519305479478
vn -0.0000518261953081711 -0.45391407899514546 0.8910454568674006
vn -0.00005564089939335906 -0.45392298596710323 0.8910409192145999
vn 0.034009628475223465 -0.13041348938403846 0.9908762117225626
vn 0.03401791687917521 -0.13040280384416908 0.9908773335185243
vn 0.03401064224873528 -0.13041220978043444 0.9908763453398273
vn -0.000010169999002405296 -0.10440329609450177 0.9945350429528237
vn -0.0000034421699077843284 -0.1043946916403834 0.9945359462309346
vn -0.000007085499467111632 -0.10439939122474703 0.9945354528933082
vn -0.06766442907574731 0.18190398686035414 0.9809854558565898
vn -0.06767128572554067 0.18188648368261678 0.9809882283400884
vn -0.06766825263723135 0.18189409628935815 0.9809870260712429
vn 0.9999981894688841 0.0019001959164752992 0.00010155999689194403
vn 0.9999981888431764 0.001900493822088028 0.00010214499108306989
vn 0.9999981944050218 0.0018978709955033226 0.00009629320097871886
vn 0.9999975508908331 0.002064227814051585 0.0007982329655823531
vn 0.9999975426379825 0.0020643467734730715 0.0008082019521133501
vn 0.9999975332496798 0.002064525800853171 0.0008192849157397904
vn 0.9999985254256766 0.0015807739937489852 0.0006710440024717859
vn 0.9999985250895742 0.0015743969946216798 0.000686361988732816
vn 0.9999985252401966 0.001574753924241022 0.0006853229238652751
vn 0.9999973502146019 0.00177407190038157 0.001467048965565363
vn 0.9999973473530086 0.0017641180250763421 0.0014809370478689673
vn 0.9999973463195654 0.0017614960008849106 0.0014847510452210013
vn 0.9999986281373294 0.0012204049841942869 0.0011199710414284308
vn 0.9999986281384663 0.0012217159371335157 0.00111853983146453
vn 0.9999986280713548 0.0012204049841137707 0.0011200299475073252
vn 0.9999966113157416 0.0013976090244731674 0.00219637110895237
vn 0.9999966097752182 0.0014007678356854326 0.0021950598033742452
vn 0.999996610623735 0.0013990400006534806 0.0021957750609798866
vn 0.9999989415624282 0.0006930229237766057 0.0012792940436336668
vn 0.9999989464891362 0.0007206350122486966 0.0012600419821316084
vn 0.9999989291007446 0.0006391410146484212 0.0013165470471653562
vn 0.9999978752482008 0.00040232798464466036 0.002021789127608786
vn 0.9999978712601526 0.000421657990859064 0.002019821700573401
vn 0.9999978768047748 0.00039356898357043924 0.0020227430379244384
vn 0.9999987842328896 0.0002185999713308952 0.0015439387278193962
vn 0.9999987859820071 0.0002375289716600546 0.0015400047076356861
vn 0.9999987812440496 0.00018396999312850928 0.00155037590825359
vn 0.9999955236862121 -0.0001800430025642363 0.002986669056927142
vn 0.9999955138300868 -0.00015939799525504226 0.002991138910116172
vn 0.9999955120446173 -0.00016051499996370293 0.0029916760450610126
vn 0.9999961108615045 -0.00021702100317245193 0.002780497032873956
vn 0.9999961159430438 -0.00022031398624399126 0.002778409720303221
vn 0.9999960341173284 -0.0001661519827824726 0.0028114307982884104
vn 0.9999967560753978 -0.0015600907687683303 0.0020134436854719706
vn 0.999996729469343 -0.0016202919775987693 0.0019788139186922653
vn 0.9999967288313235 -0.0016221398369814424 0.0019776220573564287
vn 0.9999987889672846 -0.0013184537861377584 0.0008268878871425925
vn 0.999998782280119 -0.0013343087288402895 0.0008093568405407387
vn 0.9999987883419094 -0.0013198847624211285 0.000825359877348733
vn 0.999996606729008 -0.002109467060769904 0.0015286200278284245
vn 0.999996592782881 -0.0021324150521962793 0.0015057319395548087
vn 0.9999965976148505 -0.002124607086903565 0.0015135400388423194
vn 0.9999986643822873 -0.001583694907512413 0.0004039109819144347
vn 0.9999986668192129 -0.0015792249123573734 0.00041522099310125027
vn 0.9999986609057115 -0.0015896546678265437 0.0003888249231007402
vn 0.7669959137346211 0.6407756267058518 0.0335240888633314
vn 0.7669969354721039 0.6407748589119866 0.03351538695472661
vn 0.766999240084736 0.6407730540903019 0.03349714706097333
vn -0.05092465461366038 0.35799953034710374 0.9323320308901398
vn -0.05092465176074198 0.35800290414232344 0.932330735559388
vn -0.050924651254066575 0.357993304232574 0.9323344217711237
vn 0.033967551582533756 0.47699601495310145 0.8782488298644915
vn 0.03397648689760012 0.476965056886933 0.8782652975308441
vn 0.03397827906531475 0.47695975632877896 0.8782681067843415
vn -0.06764715412938152 0.7238038447652022 0.6866817726147293
vn -0.06764583913349205 0.7237778772234317 0.6867092724653344
vn -0.06764697538534217 0.7237997327924849 0.6866861244635297
vn 0.0000037886196231139333 0.707233459499481 0.7069800801649522
vn 0.000007418919417454433 0.7072332807031871 0.706980258996506
vn -0.000009242449396597674 0.7072339958197976 0.7069795436017506
vn 0.03402220463960793 0.9020847098493614 0.43021583635130645
vn 0.034019757888937095 0.9020834188338457 0.43021873685163786
vn 0.034019642186851856 0.9020833534463871 0.4302188831053319
vn -0.000038161900069017835 0.9135872313725756 0.40664280298151284
vn -0.000034034300265059866 0.913589379927468 0.40663797624596154
vn -0.00004482270111322559 0.9135837155812423 0.406650700990048
vn -0.06769012056782037 0.9891874997778854 0.13010049139296018
vn -0.06768714740251985 0.9891880306140164 0.13009800216172918
vn -0.06769709420056853 0.989186246460776 0.13010639203990038
vn -4.66592942014879e-7 0.999653677886054 -0.026315856221438647
vn 0.000005953009698957683 0.9996536793384523 -0.026315800380319502
vn -0.000003871299594286149 0.9996536778786721 -0.026315856221244317
vn -0.050891038319319966 0.997328465878857 -0.052402608394115514
vn -0.050891038790514785 0.9973286539269544 -0.05239902887527551
vn -0.050891038980082154 0.9973284192233858 -0.0524034956936113
vn 0.000059321497713364375 0.9781223612457962 -0.20803038939517454
vn 0.00006020069277028267 0.9781226171097828 -0.2080291861114341
vn 0.00005172939665160922 0.9781201077740583 -0.208040986567873
vn -7.204949445687373e-7 0.9426136097842592 -0.3338855831702964
vn 0.000001431329918452168 0.9426136097835384 -0.333885583170041
vn -3.0454196793644997e-7 0.9426136539473076 -0.33388545849140044
vn -0.0000037495593825721046 0.7932911899955221 -0.6088424162798032
vn -0.0000035278493639195317 0.7932911899961622 -0.6088424162802945
vn 0.000005563839601547716 0.7932911899888199 -0.6088424162746593
vn -0.05093126749325793 0.7760604628046369 -0.628598571477046
vn -0.050933586638320934 0.7760624036909529 -0.6285959873635665
vn -0.05094235797031378 0.7760700635372741 -0.628585819634579
vn 0.000042229901213854314 0.5662943650624476 -0.8242030637622956
vn 0.00002577899908751126 0.5662708728509255 -0.8242192050031923
vn 0.00004222989406495129 0.5662941879522901 -0.8242031854513134
vn -0.0000461637964707268 0.45390137137452996 -0.8910519305479478
vn -0.0000518261953081711 0.45391407899514546 -0.8910454568674006
vn -0.00005564089939335906 0.45392298596710323 -0.8910409192145999
vn 0.034009628475223465 0.13041348938403846 -0.9908762117225626
vn 0.03401791687917521 0.13040280384416908 -0.9908773335185243
vn 0.03401064224873528 0.13041220978043444 -0.9908763453398273
vn -0.000010169999002405296 0.10440329609450177 -0.9945350429528237
vn -0.0000034421699077843284 0.1043946916403834 -0.9945359462309346
vn -0.000007085499467111632 0.10439939122474703 -0.9945354528933082
vn -0.06766442907574731 -0.18190398686035414 -0.9809854558565898
vn -0.06767128572554067 -0.18188648368261678 -0.9809882283400884
vn -0.06766825263723135 -0.18189409628935815 -0.9809870260712429
vn 0.2984686730042636 -0.2948739765570005 0.9077256133791398
vn 0.29847121772388957 -0.29486010005792646 0.9077292843046587
vn 0.29845889621057997 -0.29493140401819873 0.9077101708125873
vn 1 0 0
vn 1 0 0
vn 1 0 0
vn 1 0 0
vn 1 0 0
vn 1 0 0
vn 0.9999999980265337 0.000008642669837396815 0.00006222729995440764
vn 0.999999998191397 -0.000012777700225879489 0.000058770201470116037
vn 0.9999999969815461 -0.0000580734993557273 0.00005161760039181009
vn 1 0 0
vn 1 0 0
vn 1 0 0
vn 1 0 0
vn 1 0 0
vn 1 0 0
vn 1 0 0
vn 1 0 0
vn 1 0 0
vn 1 0 0
vn 1 0 0
vn 1 0 0
vn 1 0 0
vn 1 0 0
vn 1 0 0
vn 1 0 0
vn 1 0 0
vn 1 0 0
vn 1 0 0
vn 1 0 0
vn 1 0 0
vn 1 0 0
vn 1 0 0
vn 1 0 0
vn 1 0 0
vn 1 0 0
vn 1 0 0
vn 1 0 0
vn 1 0 0
vn 1 0 0
vn 1 0 0
vn 1 0 0
vn 1 0 0
vn 1 0 0
vn 1 0 0
vn 1 0 0
vn 1 0 0
vn 1 0 0
vn 1 0 0
vn 0.7070237055686027 -0.6420759192921598 0.29640511741393716
vn 0.7070247792824509 -0.6420762776739811 0.29640177990175137
vn 0.707023686831989 -0.642075902276707 0.296405198965966
vn 0.47794780073589044 -0.8424760092373559 0.24859620598718807
vn 0.47794190315771656 -0.8424738096501073 0.248614998058473
vn 0.47794117382300044 -0.842473486809679 0.2486174941299059
vn 0.16899520327989084 -0.8186867915115763 0.5488101298927243
vn 0.16899370247516782 -0.8187012362438448 0.5487890435281433
vn 0.16899257550954486 -0.8187123964817917 0.5487727410045914
vn 0.7033088339377229 -0.6865176687472327 0.18452689398303318
vn 0.7033089921108477 -0.6865181850410119 0.18452437027129648
vn 0.7033088755357056 -0.6865171147286722 0.1845287966072514
vn 0.566225524352423 -0.8230900701019346 -0.04371947016394466
vn 0.5662251168999906 -0.8230877597375232 -0.043768216343107284
vn 0.5662255291265235 -0.8230901366464195 -0.043718155505086745
f 1/1/1 2/2/2 3/3/3
f 4/4/4 5/5/5 6/6/6
f 7/7/7 8/8/8 9/9/9
f 10/10/10 11/11/11 12/12/12
f 13/13/13 14/14/14 15/15/15
f 16/16/16 17/17/17 18/18/18
f 19/19/19 20/20/20 21/21/21
f 22/22/22 23/23/23 24/24/24
f 25/25/25 26/26/26 27/27/27
f 28/28/28 29/29/29 30/30/30
f 31/31/31 32/32/32 33/33/33
f 34/34/34 35/35/35 36/36/36
f 37/37/37 38/38/38 39/39/39
f 40/40/40 41/41/41 42/42/42
f 43/43/43 44/44/44 45/45/45
f 46/46/46 47/47/47 48/48/48
f 49/49/49 50/50/50 51/51/51
f 52/52/52 53/53/53 54/54/54
f 55/55/55 56/56/56 57/57/57
f 58/58/58 59/59/59 60/60/60
f 61/61/61 62/62/62 63/63/63
f 64/64/64 65/65/65 66/66/66
f 67/67/67 68/68/68 69/69/69
f 70/70/70 71/71/71 72/72/72
f 73/73/73 74/74/74 75/75/75
f 76/76/76 77/77/77 78/78/78
f 79/79/79 80/80/80 81/81/81
f 82/82/82 83/83/83 84/84/84
f 85/85/85 86/86/86 87/87/87
f 88/88/88 89/89/89 90/90/90
f 91/91/91 92/92/92 93/93/93
f 94/94/94 95/95/95 96/96/96
f 97/97/97 98/98/98 99/99/99
f 100/100/100 101/101/101 102/102/102
f 103/103/103 104/104/104 105/105/105
f 106/106/106 107/107/107 108/108/108
f 109/109/109 110/110/110 111/111/111
f 112/112/112 113/113/113 114/114/114
f 115/115/115 116/116/116 117/117/117
f 118/118/118 119/119/119 120/120/120
f 121/121/121 122/122/122 123/123/123
f 124/124/124 125/125/125 126/126/126
f 127/127/127 128/128/128 129/129/129
f 130/130/130 131/131/131 132/132/132
f 133/133/133 134/134/134 135/135/135
f 136/136/136 137/137/137 138/138/138
f 139/139/139 140/140/140 141/141/141
f 142/142/142 143/143/143 144/144/144
f 145/145/145 146/146/146 147/147/147
f 148/148/148 149/149/149 150/150/150
f 151/151/151 152/152/152 153/153/153
f 154/154/154 155/155/155 156/156/156
f 157/157/157 158/158/158 159/159/159
f 160/160/160 161/161/161 162/162/162
f 163/163/163 164/164/164 165/165/165
f 166/166/166 167/167/167 168/168/168
f 169/169/169 170/170/170 171/171/171
f 172/172/172 173/173/173 174/174/174
f 175/175/175 176/176/176 177/177/177
f 178/178/178 179/179/179 180/180/180
f 181/181/181 182/182/182 183/183/183
f 184/184/184 185/185/185 186/186/186
f 187/187/187 188/188/188 189/189/189
f 190/190/190 191/191/191 192/192/192
f 193/193/193 194/194/194 195/195/195
f 196/196/196 197/197/197 198/198/198
f 199/199/199 200/200/200 201/201/201
f 202/202/202 203/203/203 204/204/204
f 205/205/205 206/206/206 207/207/207
f 208/208/208 209/209/209 210/210/210
f 211/211/211 212/212/212 213/213/213
f 214/214/214 215/215/215 216/216/216
f 217/217/217 218/218/218 219/219/219
f 220/220/220 221/221/221 222/222/222
f 223/223/223 224/224/224 225/225/225
f 226/226/226 227/227/227 228/228/228
f 229/229/229 230/230/230 231/231/231
f 232/232/232 233/233/233 234/234/234
f 235/235/235 236/236/236 237/237/237
f 238/238/238 239/239/239 240/240/240
f 241/241/241 242/242/242 243/243/243
f 244/244/244 245/245/245 246/246/246
f 247/247/247 248/248/248 249/249/249
f 250/250/250 251/251/251 252/252/252
f 253/253/253 254/254/254 255/255/255
f 256/256/256 257/257/257 258/258/258
f 259/259/259 260/260/260 261/261/261
f 262/262/262 263/263/263 264/264/264
f 265/265/265 266/266/266 267/267/267
f 268/268/268 269/269/269 270/270/270
f 271/271/271 272/272/272 273/273/273
f 274/274/274 275/275/275 276/276/276
f 277/277/277 278/278/278 279/279/279
f 280/280/280 281/281/281 282/282/282
f 283/283/283 284/284/284 285/285/285
f 286/286/286 287/287/287 288/288/288
f 289/289/289 290/290/290 291/291/291
f 292/292/292 293/293/293 294/294/294
f 295/295/295 296/296/296 297/297/297
f 298/298/298 299/299/299 300/300/300
f 301/301/301 302/302/302 303/303/303
f 304/304/304 305/305/305 306/306/306
f 307/307/307 308/308/308 309/309/309
f 310/310/310 311/311/311 312/312/312
f 313/313/313 314/314/314 315/315/315
f 316/316/316 317/317/317 318/318/318
f 319/319/319 320/320/320 321/321/321
f 322/322/322 323/323/323 324/324/324
f 325/325/325 326/326/326 327/327/327
f 328/328/328 329/329/329 330/330/330
f 331/331/331 332/332/332 333/333/333
f 334/334/334 335/335/335 336/336/336
f 337/337/337 338/338/338 339/339/339
f 340/340/340 341/341/341 342/342/342
f 343/343/343 344/344/344 345/345/345
f 346/346/346 347/347/347 348/348/348
f 349/349/349 350/350/350 351/351/351
f 352/352/352 353/353/353 354/354/354
f 355/355/355 356/356/356 357/357/357
f 358/358/358 359/359/359 360/360/360
f 361/361/361 362/362/362 363/363/363
f 364/364/364 365/365/365 366/366/366
f 367/367/367 368/368/368 369/369/369
f 370/370/370 371/371/371 372/372/372
f 373/373/373 374/374/374 375/375/375
f 376/376/376 377/377/377 378/378/378
f 379/379/379 380/380/380 381/381/381
f 382/382/382 383/383/383 384/384/384
f 385/385/385 386/386/386 387/387/387
f 388/388/388 389/389/389 390/390/390
f 391/391/391 392/392/392 393/393/393
f 394/394/394 395/395/395 396/396/396
f 397/397/397 398/398/398 399/399/399
f 400/400/400 401/401/401 402/402/402
f 403/403/403 404/404/404 405/405/405
f 406/406/406 407/407/407 408/408/408
f 409/409/409 410/410/410 411/411/411
f 412/412/412 413/413/413 414/414/414
f 415/415/415 416/416/416 417/417/417
f 418/418/418 419/419/419 420/420/420
f 421/421/421 422/422/422 423/423/423
f 424/424/424 425/425/425 426/426/426
f 427/427/427 428/428/428 429/429/429
f 430/430/430 431/431/431 432/432/432
f 433/433/433 434/434/434 435/435/435
f 436/436/436 437/437/437 438/438/438
f 439/439/439 440/440/440 441/441/441
f 442/442/442 443/443/443 444/444/444
f 445/445/445 446/446/446 447/447/447
f 448/448/448 449/449/449 450/450/450
f 451/451/451 452/452/452 453/453/453
f 454/454/454 455/455/455 456/456/456
f 457/457/457 458/458/458 459/459/459
f 460/460/460 461/461/461 462/462/462
f 463/463/463 464/464/464 465/465/465
f 466/466/466 467/467/467 468/468/468
f 469/469/469 470/470/470 471/471/471
f 472/472/472 473/473/473 474/474/474
f 475/475/475 476/476/476 477/477/477
f 478/478/478 479/479/479 480/480/480
f 481/481/481 482/482/482 483/483/483
f 484/484/484 485/485/485 486/486/486
f 487/487/487 488/488/488 489/489/489
f 490/490/490 491/491/491 492/492/492
f 493/493/493 494/494/494 495/495/495
f 496/496/496 497/497/497 498/498/498
f 499/499/499 500/500/500 501/501/501
f 502/502/502 503/503/503 504/504/504
f 505/505/505 506/506/506 507/507/507
f 508/508/508 509/509/509 510/510/510
f 511/511/511 512/512/512 513/513/513
f 514/514/514 515/515/515 516/516/516
f 517/517/517 518/518/518 519/519/519
f 520/520/520 521/521/521 522/522/522
f 523/523/523 524/524/524 525/525/525
f 526/526/526 527/527/527 528/528/528
f 529/529/529 530/530/530 531/531/531
f 532/532/532 533/533/533 534/534/534
f 535/535/535 536/536/536 537/537/537
f 538/538/538 539/539/539 540/540/540
f 541/541/541 542/542/542 543/543/543
f 544/544/544 545/545/545 546/546/546
f 547/547/547 548/548/548 549/549/549
f 550/550/550 551/551/551 552/552/552
f 553/553/553 554/554/554 555/555/555
f 556/556/556 557/557/557 558/558/558
f 559/559/559 560/560/560 561/561/561
f 562/562/562 563/563/563 564/564/564
f 565/565/565 566/566/566 567/567/567
f 568/568/568 569/569/569 570/570/570
f 571/571/571 572/572/572 573/573/573
f 574/574/574 575/575/575 576/576/576
f 577/577/577 578/578/578 579/579/579
f 580/580/580 581/581/581 582/582/582
f 583/583/583 584/584/584 585/585/585
f 586/586/586 587/587/587 588/588/588
f 589/589/589 590/590/590 591/591/591
f 592/592/592 593/593/593 594/594/594
f 595/595/595 596/596/596 597/597/597
f 598/598/598 599/599/599 600/600/600
f 601/601/601 602/602/602 603/603/603
f 604/604/604 605/605/605 606/606/606
f 607/607/607 608/608/608 609/609/609
f 610/610/610 611/611/611 612/612/612
f 613/613/613 614/614/614 615/615/615
f 616/616/616 617/617/617 618/618/618
f 619/619/619 620/620/620 621/621/621
f 622/622/622 623/623/623 624/624/624
f 625/625/625 626/626/626 627/627/627
f 628/628/628 629/629/629 630/630/630
f 631/631/631 632/632/632 633/633/633
f 634/634/634 635/635/635 636/636/636
f 637/637/637 638/638/638 639/639/639
f 640/640/640 641/641/641 642/642/642
f 643/643/643 644/644/644 645/645/645
f 646/646/646 647/647/647 648/648/648
f 649/649/649 650/650/650 651/651/651
f 652/652/652 653/653/653 654/654/654
f 655/655/655 656/656/656 657/657/657
f 658/658/658 659/659/659 660/660/660
f 661/661/661 662/662/662 663/663/663
f 664/664/664 665/665/665 666/666/666
f 667/667/667 668/668/668 669/669/669
f 670/670/670 671/671/671 672/672/672
f 673/673/673 674/674/674 675/675/675
f 676/676/676 677/677/677 678/678/678
f 679/679/679 680/680/680 681/681/681
f 682/682/682 683/683/683 684/684/684
f 685/685/685 686/686/686 687/687/687
f 688/688/688 689/689/689 690/690/690
f 691/691/691 692/692/692 693/693/693
f 694/694/694 695/695/695 696/696/696
f 697/697/697 698/698/698 699/699/699
f 700/700/700 701/701/701 702/702/702
f 703/703/703 704/704/704 705/705/705
f 706/706/706 707/707/707 708/708/708
f 709/709/709 710/710/710 711/711/711
f 712/712/712 713/713/713 714/714/714
f 715/715/715 716/716/716 717/717/717
f 718/718/718 719/719/719 720/720/720
f 721/721/721 722/722/722 723/723/723
f 724/724/724 725/725/725 726/726/726
f 727/727/727 728/728/728 729/729/729
f 730/730/730 731/731/731 732/732/732
f 733/733/733 734/734/734 735/735/735
f 736/736/736 737/737/737 738/738/738
f 739/739/739 740/740/740 741/741/741
f 742/742/742 743/743/743 744/744/744
f 745/745/745 746/746/746 747/747/747
f 748/748/748 749/749/749 750/750/750
f 751/751/751 752/752/752 753/753/753
f 754/754/754 755/755/755 756/756/756
f 757/757/757 758/758/758 759/759/759
f 760/760/760 761/761/761 762/762/762
f 763/763/763 764/764/764 765/765/765
f 766/766/766 767/767/767 768/768/768
f 769/769/769 770/770/770 771/771/771
f 772/772/772 773/773/773 774/774/774
f 775/775/775 776/776/776 777/777/777
f 778/778/778 779/779/779 780/780/780
f 781/781/781 782/782/782 783/783/783
f 784/784/784 785/785/785 786/786/786
f 787/787/787 788/788/788 789/789/789
f 790/790/790 791/791/791 792/792/792
f 793/793/793 794/794/794 795/795/795
f 796/796/796 797/797/797 798/798/798
f 799/799/799 800/800/800 801/801/801
f 802/802/802 803/803/803 804/804/804
f 805/805/805 806/806/806 807/807/807
f 808/808/808 809/809/809 810/810/810
f 811/811/811 812/812/812 813/813/813
f 814/814/814 815/815/815 816/816/816
f 817/817/817 818/818/818 819/819/819
f 820/820/820 821/821/821 822/822/822
f 823/823/823 824/824/824 825/825/825
f 826/826/826 827/827/827 828/828/828
f 829/829/829 830/830/830 831/831/831
f 832/832/832 833/833/833 834/834/834
f 835/835/835 836/836/836 837/837/837
f 838/838/838 839/839/839 840/840/840
f 841/841/841 842/842/842 843/843/843
f 844/844/844 845/845/845 846/846/846
f 847/847/847 848/848/848 849/849/849
f 850/850/850 851/851/851 852/852/852
f 853/853/853 854/854/854 855/855/855
f 856/856/856 857/857/857 858/858/858
f 859/859/859 860/860/860 861/861/861
f 862/862/862 863/863/863 864/864/864
f 865/865/865 866/866/866 867/867/867
f 868/868/868 869/869/869 870/870/870
f 871/871/871 872/872/872 873/873/873
f 874/874/874 875/875/875 876/876/876
f 877/877/877 878/878/878 879/879/879
f 880/880/880 881/881/881 882/882/882
f 883/883/883 884/884/884 885/885/885
f 886/886/886 887/887/887 888/888/888
f 889/889/889 890/890/890 891/891/891
f 892/892/892 893/893/893 894/894/894
f 895/895/895 896/896/896 897/897/897
f 898/898/898 899/899/899 900/900/900
f 901/901/901 902/902/902 903/903/903
f 904/904/904 905/905/905 906/906/906
f 907/907/907 908/908/908 909/909/909
f 910/910/910 911/911/911 912/912/912
f 913/913/913 914/914/914 915/915/915
f 916/916/916 917/917/917 918/918/918
f 919/919/919 920/920/920 921/921/921
f 922/922/922 923/923/923 924/924/924
f 925/925/925 926/926/926 927/927/927
f 928/928/928 929/929/929 930/930/930
f 931/931/931 932/932/932 933/933/933
f 934/934/934 935/935/935 936/936/936
f 937/937/937 938/938/938 939/939/939
f 940/940/940 941/941/941 942/942/942
f 943/943/943 944/944/944 945/945/945
f 946/946/946 947/947/947 948/948/948
f 949/949/949 950/950/950 951/951/951
f 952/952/952 953/953/953 954/954/954
f 955/955/955 956/956/956 957/957/957
f 958/958/958 959/959/959 960/960/960
f 961/961/961 962/962/962 963/963/963
f 964/964/964 965/965/965 966/966/966
f 967/967/967 968/968/968 969/969/969
f 970/970/970 971/971/971 972/972/972
f 973/973/973 974/974/974 975/975/975
f 976/976/976 977/977/977 978/978/978
f 979/979/979 980/980/980 981/981/981
f 982/982/982 983/983/983 984/984/984
f 985/985/985 986/986/986 987/987/987
f 988/988/988 989/989/989 990/990/990
f 991/991/991 992/992/992 993/993/993
f 994/994/994 995/995/995 996/996/996
f 997/997/997 998/998/998 999/999/999
f 1000/1000/1000 1001/1001/1001 1002/1002/1002
f 1003/1003/1003 1004/1004/1004 1005/1005/1005
f 1006/1006/1006 1007/1007/1007 1008/1008/1008
f 1009/1009/1009 1010/1010/1010 1011/1011/1011
f 1012/1012/1012 1013/1013/1013 1014/1014/1014
f 1015/1015/1015 1016/1016/1016 1017/1017/1017
f 1018/1018/1018 1019/1019/1019 1020/1020/1020
f 1021/1021/1021 1022/1022/1022 1023/1023/1023
f 1024/1024/1024 1025/1025/1025 1026/1026/1026
f 1027/1027/1027 1028/1028/1028 1029/1029/1029
f 1030/1030/1030 1031/1031/1031 1032/1032/1032
f 1033/1033/1033 1034/1034/1034 1035/1035/1035
f 1036/1036/1036 1037/1037/1037 1038/1038/1038
f 1039/1039/1039 1040/1040/1040 1041/1041/1041
f 1042/1042/1042 1043/1043/1043 1044/1044/1044
f 1045/1045/1045 1046/1046/1046 1047/1047/1047
f 1048/1048/1048 1049/1049/1049 1050/1050/1050
f 1051/1051/1051 1052/1052/1052 1053/1053/1053
f 1054/1054/1054 1055/1055/1055 1056/1056/1056
f 1057/1057/1057 1058/1058/1058 1059/1059/1059
f 1060/1060/1060 1061/1061/1061 1062/1062/1062
f 1063/1063/1063 1064/1064/1064 1065/1065/1065
f 1066/1066/1066 1067/1067/1067 1068/1068/1068
f 1069/1069/1069 1070/1070/1070 1071/1071/1071
f 1072/1072/1072 1073/1073/1073 1074/1074/1074
f 1075/1075/1075 1076/1076/1076 1077/1077/1077
f 1078/1078/1078 1079/1079/1079 1080/1080/1080
f 1081/1081/1081 1082/1082/1082 1083/1083/1083
f 1084/1084/1084 1085/1085/1085 1086/1086/1086
f 1087/1087/1087 1088/1088/1088 1089/1089/1089
f 1090/1090/1090 1091/1091/1091 1092/1092/1092
f 1093/1093/1093 1094/1094/1094 1095/1095/1095
f 1096/1096/1096 1097/1097/1097 1098/1098/1098
f 1099/1099/1099 1100/1100/1100 1101/1101/1101
f 1102/1102/1102 1103/1103/1103 1104/1104/1104
f 1105/1105/1105 1106/1106/1106 1107/1107/1107
f 1108/1108/1108 1109/1109/1109 1110/1110/1110
f 1111/1111/1111 1112/1112/1112 1113/1113/1113
f 1114/1114/1114 1115/1115/1115 1116/1116/1116
f 1117/1117/1117 1118/1118/1118 1119/1119/1119
f 1120/1120/1120 1121/1121/1121 1122/1122/1122
f 1123/1123/1123 1124/1124/1124 1125/1125/1125
f 1126/1126/1126 1127/1127/1127 1128/1128/1128
f 1129/1129/1129 1130/1130/1130 1131/1131/1131
f 1132/1132/1132 1133/1133/1133 1134/1134/1134
f 1135/1135/1135 1136/1136/1136 1137/1137/1137
f 1138/1138/1138 1139/1139/1139 1140/1140/1140
f 1141/1141/1141 1142/1142/1142 1143/1143/1143
f 1144/1144/1144 1145/1145/1145 1146/1146/1146
f 1147/1147/1147 1148/1148/1148 1149/1149/1149
f 1150/1150/1150 1151/1151/1151 1152/1152/1152
f 1153/1153/1153 1154/1154/1154 1155/1155/1155
f 1156/1156/1156 1157/1157/1157 1158/1158/1158
f 1159/1159/1159 1160/1160/1160 1161/1161/1161
f 1162/1162/1162 1163/1163/1163 1164/1164/1164
f 1165/1165/1165 1166/1166/1166 1167/1167/1167
f 1168/1168/1168 1169/1169/1169 1170/1170/1170
f 1171/1171/1171 1172/1172/1172 1173/1173/1173
f 1174/1174/1174 1175/1175/1175 1176/1176/1176
f 1177/1177/1177 1178/1178/1178 1179/1179/1179
f 1180/1180/1180 1181/1181/1181 1182/1182/1182
f 1183/1183/1183 1184/1184/1184 1185/1185/1185
f 1186/1186/1186 1187/1187/1187 1188/1188/1188
f 1189/1189/1189 1190/1190/1190 1191/1191/1191
f 1192/1192/1192 1193/1193/1193 1194/1194/1194
f 1195/1195/1195 1196/1196/1196 1197/1197/1197
f 1198/1198/1198 1199/1199/1199 1200/1200/1200
f 1201/1201/1201 1202/1202/1202 1203/1203/1203
f 1204/1204/1204 1205/1205/1205 1206/1206/1206
f 1207/1207/1207 1208/1208/1208 1209/1209/1209
f 1210/1210/1210 1211/1211/1211 1212/1212/1212
f 1213/1213/1213 1214/1214/1214 1215/1215/1215
f 1216/1216/1216 1217/1217/1217 1218/1218/1218
f 1219/1219/1219 1220/1220/1220 1221/1221/1221
f 1222/1222/1222 1223/1223/1223 1224/1224/1224
f 1225/1225/1225 1226/1226/1226 1227/1227/1227
f 1228/1228/1228 1229/1229/1229 1230/1230/1230
f 1231/1231/1231 1232/1232/1232 1233/1233/1233
f 1234/1234/1234 1235/1235/1235 1236/1236/1236
f 1237/1237/1237 1238/1238/1238 1239/1239/1239
f 1240/1240/1240 1241/1241/1241 1242/1242/1242
f 1243/1243/1243 1244/1244/1244 1245/1245/1245
f 1246/1246/1246 1247/1247/1247 1248/1248/1248
f 1249/1249/1249 1250/1250/1250 1251/1251/1251
f 1252/1252/1252 1253/1253/1253 1254/1254/1254
f 1255/1255/1255 1256/1256/1256 1257/1257/1257
f 1258/1258/1258 1259/1259/1259 1260/1260/1260
f 1261/1261/1261 1262/1262/1262 1263/1263/1263
f 1264/1264/1264 1265/1265/1265 1266/1266/1266
f 1267/1267/1267 1268/1268/1268 1269/1269/1269
f 1270/1270/1270 1271/1271/1271 1272/1272/1272
f 1273/1273/1273 1274/1274/1274 1275/1275/1275
f 1276/1276/1276 1277/1277/1277 1278/1278/1278
f 1279/1279/1279 1280/1280/1280 1281/1281/1281
f 1282/1282/1282 1283/1283/1283 1284/1284/1284
f 1285/1285/1285 1286/1286/1286 1287/1287/1287
f 1288/1288/1288 1289/1289/1289 1290/1290/1290
f 1291/1291/1291 1292/1292/1292 1293/1293/1293
f 1294/1294/1294 1295/1295/1295 1296/1296/1296
f 1297/1297/1297 1298/1298/1298 1299/1299/1299
f 1300/1300/1300 1301/1301/1301 1302/1302/1302
f 1303/1303/1303 1304/1304/1304 1305/1305/1305
f 1306/1306/1306 1307/1307/1307 1308/1308/1308
f 1309/1309/1309 1310/1310/1310 1311/1311/1311
f 1312/1312/1312 1313/1313/1313 1314/1314/1314
f 1315/1315/1315 1316/1316/1316 1317/1317/1317
f 1318/1318/1318 1319/1319/1319 1320/1320/1320
f 1321/1321/1321 1322/1322/1322 1323/1323/1323
f 1324/1324/1324 1325/1325/1325 1326/1326/1326
f 1327/1327/1327 1328/1328/1328 1329/1329/1329
f 1330/1330/1330 1331/1331/1331 1332/1332/1332
f 1333/1333/1333 1334/1334/1334 1335/1335/1335
f 1336/1336/1336 1337/1337/1337 1338/1338/1338
f 1339/1339/1339 1340/1340/1340 1341/1341/1341
f 1342/1342/1342 1343/1343/1343 1344/1344/1344
f 1345/1345/1345 1346/1346/1346 1347/1347/1347
f 1348/1348/1348 1349/1349/1349 1350/1350/1350
f 1351/1351/1351 1352/1352/1352 1353/1353/1353
f 1354/1354/1354 1355/1355/1355 1356/1356/1356
f 1357/1357/1357 1358/1358/1358 1359/1359/1359
f 1360/1360/1360 1361/1361/1361 1362/1362/1362
f 1363/1363/1363 1364/1364/1364 1365/1365/1365
f 1366/1366/1366 1367/1367/1367 1368/1368/1368
f 1369/1369/1369 1370/1370/1370 1371/1371/1371
f 1372/1372/1372 1373/1373/1373 1374/1374/1374
f 1375/1375/1375 1376/1376/1376 1377/1377/1377
f 1378/1378/1378 1379/1379/1379 1380/1380/1380
f 1381/1381/1381 1382/1382/1382 1383/1383/1383
f 1384/1384/1384 1385/1385/1385 1386/1386/1386
f 1387/1387/1387 1388/1388/1388 1389/1389/1389
f 1390/1390/1390 1391/1391/1391 1392/1392/1392
f 1393/1393/1393 1394/1394/1394 1395/1395/1395
f 1396/1396/1396 1397/1397/1397 1398/1398/1398
f 1399/1399/1399 1400/1400/1400 1401/1401/1401
f 1402/1402/1402 1403/1403/1403 1404/1404/1404
f 1405/1405/1405 1406/1406/1406 1407/1407/1407
f 1408/1408/1408 1409/1409/1409 1410/1410/1410
f 1411/1411/1411 1412/1412/1412 1413/1413/1413
f 1414/1414/1414 1415/1415/1415 1416/1416/1416
f 1417/1417/1417 1418/1418/1418 1419/1419/1419
f 1420/1420/1420 1421/1421/1421 1422/1422/1422
f 1423/1423/1423 1424/1424/1424 1425/1425/1425
f 1426/1426/1426 1427/1427/1427 1428/1428/1428
f 1429/1429/1429 1430/1430/1430 1431/1431/1431
f 1432/1432/1432 1433/1433/1433 1434/1434/1434
f 1435/1435/1435 1436/1436/1436 1437/1437/1437
f 1438/1438/1438 1439/1439/1439 1440/1440/1440
f 1441/1441/1441 1442/1442/1442 1443/1443/1443
f 1444/1444/1444 1445/1445/1445 1446/1446/1446
f 1447/1447/1447 1448/1448/1448 1449/1449/1449
f 1450/1450/1450 1451/1451/1451 1452/1452/1452
f 1453/1453/1453 1454/1454/1454 1455/1455/1455
f 1456/1456/1456 1457/1457/1457 1458/1458/1458
f 1459/1459/1459 1460/1460/1460 1461/1461/1461
f 1462/1462/1462 1463/1463/1463 1464/1464/1464
f 1465/1465/1465 1466/1466/1466 1467/1467/1467
f 1468/1468/1468 1469/1469/1469 1470/1470/1470
f 1471/1471/1471 1472/1472/1472 1473/1473/1473
f 1474/1474/1474 1475/1475/1475 1476/1476/1476
f 1477/1477/1477 1478/1478/1478 1479/1479/1479
f 1480/1480/1480 1481/1481/1481 1482/1482/1482
f 1483/1483/1483 1484/1484/1484 1485/1485/1485
f 1486/1486/1486 1487/1487/1487 1488/1488/1488
f 1489/1489/1489 1490/1490/1490 1491/1491/1491
f 1492/1492/1492 1493/1493/1493 1494/1494/1494
f 1495/1495/1495 1496/1496/1496 1497/1497/1497
f 1498/1498/1498 1499/1499/1499 1500/1500/1500
f 1501/1501/1501 1502/1502/1502 1503/1503/1503
f 1504/1504/1504 1505/1505/1505 1506/1506/1506
f 1507/1507/1507 1508/1508/1508 1509/1509/1509
f 1510/1510/1510 1511/1511/1511 1512/1512/1512
f 1513/1513/1513 1514/1514/1514 1515/1515/1515
f 1516/1516/1516 1517/1517/1517 1518/1518/1518
f 1519/1519/1519 1520/1520/1520 1521/1521/1521
f 1522/1522/1522 1523/1523/1523 1524/1524/1524
f 1525/1525/1525 1526/1526/1526 1527/1527/1527
f 1528/1528/1528 1529/1529/1529 1530/1530/1530
f 1531/1531/1531 1532/1532/1532 1533/1533/1533
f 1534/1534/1534 1535/1535/1535 1536/1536/1536
f 1537/1537/1537 1538/1538/1538 1539/1539/1539
f 1540/1540/1540 1541/1541/1541 1542/1542/1542
f 1543/1543/1543 1544/1544/1544 1545/1545/1545
f 1546/1546/1546 1547/1547/1547 1548/1548/1548
f 1549/1549/1549 1550/1550/1550 1551/1551/1551
f 1552/1552/1552 1553/1553/1553 1554/1554/1554
f 1555/1555/1555 1556/1556/1556 1557/1557/1557
f 1558/1558/1558 1559/1559/1559 1560/1560/1560
f 1561/1561/1561 1562/1562/1562 1563/1563/1563
f 1564/1564/1564 1565/1565/1565 1566/1566/1566
f 1567/1567/1567 1568/1568/1568 1569/1569/1569
f 1570/1570/1570 1571/1571/1571 1572/1572/1572
f 1573/1573/1573 1574/1574/1574 1575/1575/1575
f 1576/1576/1576 1577/1577/1577 1578/1578/1578
f 1579/1579/1579 1580/1580/1580 1581/1581/1581
f 1582/1582/1582 1583/1583/1583 1584/1584/1584
f 1585/1585/1585 1586/1586/1586 1587/1587/1587
f 1588/1588/1588 1589/1589/1589 1590/1590/1590
f 1591/1591/1591 1592/1592/1592 1593/1593/1593
f 1594/1594/1594 1595/1595/1595 1596/1596/1596
f 1597/1597/1597 1598/1598/1598 1599/1599/1599
f 1600/1600/1600 1601/1601/1601 1602/1602/1602
f 1603/1603/1603 1604/1604/1604 1605/1605/1605
f 1606/1606/1606 1607/1607/1607 1608/1608/1608
f 1609/1609/1609 1610/1610/1610 1611/1611/1611
f 1612/1612/1612 1613/1613/1613 1614/1614/1614
f 1615/1615/1615 1616/1616/1616 1617/1617/1617
f 1618/1618/1618 1619/1619/1619 1620/1620/1620
f 1621/1621/1621 1622/1622/1622 1623/1623/1623
f 1624/1624/1624 1625/1625/1625 1626/1626/1626
f 1627/1627/1627 1628/1628/1628 1629/1629/1629
f 1630/1630/1630 1631/1631/1631 1632/1632/1632
f 1633/1633/1633 1634/1634/1634 1635/1635/1635
f 1636/1636/1636 1637/1637/1637 1638/1638/1638
f 1639/1639/1639 1640/1640/1640 1641/1641/1641
f 1642/1642/1642 1643/1643/1643 1644/1644/1644
f 1645/1645/1645 1646/1646/1646 1647/1647/1647
f 1648/1648/1648 1649/1649/1649 1650/1650/1650
f 1651/1651/1651 1652/1652/1652 1653/1653/1653
f 1654/1654/1654 1655/1655/1655 1656/1656/1656
f 1657/1657/1657 1658/1658/1658 1659/1659/1659
f 1660/1660/1660 1661/1661/1661 1662/1662/1662
f 1663/1663/1663 1664/1664/1664 1665/1665/1665
f 1666/1666/1666 1667/1667/1667 1668/1668/1668
f 1669/1669/1669 1670/1670/1670 1671/1671/1671
f 1672/1672/1672 1673/1673/1673 1674/1674/1674
f 1675/1675/1675 1676/1676/1676 1677/1677/1677
f 1678/1678/1678 1679/1679/1679 1680/1680/1680
f 1681/1681/1681 1682/1682/1682 1683/1683/1683
f 1684/1684/1684 1685/1685/1685 1686/1686/1686
f 1687/1687/1687 1688/1688/1688 1689/1689/1689
f 1690/1690/1690 1691/1691/1691 1692/1692/1692
f 1693/1693/1693 1694/1694/1694 1695/1695/1695
f 1696/1696/1696 1697/1697/1697 1698/1698/1698
f 1699/1699/1699 1700/1700/1700 1701/1701/1701
f 1702/1702/1702 1703/1703/1703 1704/1704/1704
f 1705/1705/1705 1706/1706/1706 1707/1707/1707
f 1708/1708/1708 1709/1709/1709 1710/1710/1710
f 1711/1711/1711 1712/1712/1712 1713/1713/1713
f 1714/1714/1714 1715/1715/1715 1716/1716/1716
f 1717/1717/1717 1718/1718/1718 1719/1719/1719
f 1720/1720/1720 1721/1721/1721 1722/1722/1722
f 1723/1723/1723 1724/1724/1724 1725/1725/1725
f 1726/1726/1726 1727/1727/1727 1728/1728/1728
f 1729/1729/1729 1730/1730/1730 1731/1731/1731
f 1732/1732/1732 1733/1733/1733 1734/1734/1734
f 1735/1735/1735 1736/1736/1736 1737/1737/1737
f 1738/1738/1738 1739/1739/1739 1740/1740/1740
f 1741/1741/1741 1742/1742/1742 1743/1743/1743
f 1744/1744/1744 1745/1745/1745 1746/1746/1746
f 1747/1747/1747 1748/1748/1748 1749/1749/1749
f 1750/1750/1750 1751/1751/1751 1752/1752/1752
f 1753/1753/1753 1754/1754/1754 1755/1755/1755
f 1756/1756/1756 1757/1757/1757 1758/1758/1758
f 1759/1759/1759 1760/1760/1760 1761/1761/1761
f 1762/1762/1762 1763/1763/1763 1764/1764/1764
f 1765/1765/1765 1766/1766/1766 1767/1767/1767
f 1768/1768/1768 1769/1769/1769 1770/1770/1770
f 1771/1771/1771 1772/1772/1772 1773/1773/1773
f 1774/1774/1774 1775/1775/1775 1776/1776/1776
f 1777/1777/1777 1778/1778/1778 1779/1779/1779
f 1780/1780/1780 1781/1781/1781 1782/1782/1782
f 1783/1783/1783 1784/1784/1784 1785/1785/1785
f 1786/1786/1786 1787/1787/1787 1788/1788/1788
f 1789/1789/1789 1790/1790/1790 1791/1791/1791
f 1792/1792/1792 1793/1793/1793 1794/1794/1794
f 1795/1795/1795 1796/1796/1796 1797/1797/1797
f 1798/1798/1798 1799/1799/1799 1800/1800/1800
f 1801/1801/1801 1802/1802/1802 1803/1803/1803
f 1804/1804/1804 1805/1805/1805 1806/1806/1806
f 1807/1807/1807 1808/1808/1808 1809/1809/1809
f 1810/1810/1810 1811/1811/1811 1812/1812/1812
f 1813/1813/1813 1814/1814/1814 1815/1815/1815
f 1816/1816/1816 1817/1817/1817 1818/1818/1818
f 1819/1819/1819 1820/1820/1820 1821/1821/1821
f 1822/1822/1822 1823/1823/1823 1824/1824/1824
f 1825/1825/1825 1826/1826/1826 1827/1827/1827
f 1828/1828/1828 1829/1829/1829 1830/1830/1830
f 1831/1831/1831 1832/1832/1832 1833/1833/1833
f 1834/1834/1834 1835/1835/1835 1836/1836/1836
f 1837/1837/1837 1838/1838/1838 1839/1839/1839
f 1840/1840/1840 1841/1841/1841 1842/1842/1842
f 1843/1843/1843 1844/1844/1844 1845/1845/1845
f 1846/1846/1846 1847/1847/1847 1848/1848/1848
f 1849/1849/1849 1850/1850/1850 1851/1851/1851
