o shoulderRollLeft
usemtl 黑色
v -0.012699959799647331 0.02242797054350376 0.015912950038909912
v -0.005399941932410002 0.023328950628638268 0.014560990035533905
v -0.012699959799647331 0.02540694922208786 0.010523970238864422
v -0.012699959799647331 0.02540694922208786 0.010523970238864422
v -0.005399941932410002 0.023328950628638268 0.014560990035533905
v -0.005399941932410002 0.02540694922208786 0.010523970238864422
v -0.0033999679144471884 0.014534950256347656 0.023344989866018295
v -0.012699959799647331 0.018324969336390495 0.020504949614405632
v -0.005399941932410002 0.014534950256347656 0.023344989866018295
v -0.005399941932410002 0.014534950256347656 0.023344989866018295
v -0.012699959799647331 0.018324969336390495 0.020504949614405632
v -0.005399941932410002 0.013301960192620754 0.02406894974410534
v -0.012699959799647331 0.018324969336390495 0.020504949614405632
v -0.012699959799647331 0.013301960192620754 0.02406894974410534
v -0.005399941932410002 0.013301960192620754 0.02406894974410534
v -0.005399941932410002 0.013301960192620754 0.02406894974410534
v -0.012699959799647331 0.013301960192620754 0.02406894974410534
v -0.005399941932410002 0.007612943183630705 0.02642500028014183
v -0.012699959799647331 0.0015419720439240336 0.027456989511847496
v -0.005399941932410002 0.00622898293659091 0.026784950867295265
v -0.012699959799647331 0.007612943183630705 0.02642500028014183
v -0.012699959799647331 0.007612943183630705 0.02642500028014183
v -0.005399941932410002 0.00622898293659091 0.026784950867295265
v -0.005399941932410002 0.007612943183630705 0.02642500028014183
v -0.012699959799647331 0.007612943183630705 0.02642500028014183
v -0.005399941932410002 0.007612943183630705 0.02642500028014183
v -0.012699959799647331 0.013301960192620754 0.02406894974410534
v -0.005399941932410002 -0.00622898293659091 0.026784950867295265
v -0.012699959799647331 -0.004605947993695736 0.0271109901368618
v -0.005399941932410002 -0.010523970238864422 0.02540694922208786
v -0.012699959799647331 -0.015912950038909912 0.02242797054350376
v -0.005399941932410002 -0.014534950256347656 0.023344989866018295
v -0.012699959799647331 -0.010523970238864422 0.02540694922208786
v -0.012699959799647331 -0.010523970238864422 0.02540694922208786
v -0.005399941932410002 -0.014534950256347656 0.023344989866018295
v -0.005399941932410002 -0.010523970238864422 0.02540694922208786
v -0.012699959799647331 -0.010523970238864422 0.02540694922208786
v -0.005399941932410002 -0.010523970238864422 0.02540694922208786
v -0.012699959799647331 -0.004605947993695736 0.0271109901368618
v -0.0033999679144471884 -0.023344989866018295 0.014534950256347656
v -0.012699959799647331 -0.020504949614405632 0.018324969336390495
v -0.005399941932410002 -0.023344989866018295 0.014534950256347656
v -0.005399941932410002 -0.023344989866018295 0.014534950256347656
v -0.012699959799647331 -0.020504949614405632 0.018324969336390495
v -0.005399941932410002 -0.02406894974410534 0.013301960192620754
v -0.012699959799647331 -0.020504949614405632 0.018324969336390495
v -0.012699959799647331 -0.02406894974410534 0.013301960192620754
v -0.005399941932410002 -0.02406894974410534 0.013301960192620754
v -0.005399941932410002 -0.02406894974410534 0.013301960192620754
v -0.012699959799647331 -0.02406894974410534 0.013301960192620754
v -0.005399941932410002 -0.02642500028014183 0.007612943183630705
v -0.012699959799647331 -0.027456989511847496 0.0015419720439240336
v -0.005399941932410002 -0.026784950867295265 0.00622898293659091
v -0.012699959799647331 -0.02642500028014183 0.007612943183630705
v -0.012699959799647331 -0.02642500028014183 0.007612943183630705
v -0.005399941932410002 -0.026784950867295265 0.00622898293659091
v -0.005399941932410002 -0.02642500028014183 0.007612943183630705
v -0.012699959799647331 -0.02642500028014183 0.007612943183630705
v -0.005399941932410002 -0.02642500028014183 0.007612943183630705
v -0.012699959799647331 -0.02406894974410534 0.013301960192620754
v -0.012699959799647331 -0.02540694922208786 -0.010523970238864422
v -0.005399941932410002 -0.02540694922208786 -0.010523970238864422
v -0.005399941932410002 -0.026784950867295265 -0.00622898293659091
v -0.012699959799647331 -0.02540694922208786 -0.010523970238864422
v -0.005399941932410002 -0.026784950867295265 -0.00622898293659091
v -0.012699959799647331 -0.0271109901368618 -0.004605947993695736
v -0.003397940890863538 0.023368949070572853 0.01449298020452261
v -0.005399941932410002 0.023328950628638268 0.014560990035533905
v -0.0033999679144471884 0.02128898911178112 0.017407000064849854
v -0.0033999679144471884 0.02128898911178112 0.017407000064849854
v -0.005399941932410002 0.023328950628638268 0.014560990035533905
v -0.012699959799647331 0.02242797054350376 0.015912950038909912
v -0.0033999679144471884 0.02128898911178112 0.017407000064849854
v -0.012699959799647331 0.02242797054350376 0.015912950038909912
v -0.0033999679144471884 0.018324969336390495 0.020504949614405632
v -0.0033999679144471884 0.018324969336390495 0.020504949614405632
v -0.012699959799647331 0.02242797054350376 0.015912950038909912
v -0.012699959799647331 0.018324969336390495 0.020504949614405632
v -0.0033999679144471884 0.018324969336390495 0.020504949614405632
v -0.012699959799647331 0.018324969336390495 0.020504949614405632
v -0.0033999679144471884 0.014534950256347656 0.023344989866018295
v -0.0033999679144471884 0.00622898293659091 0.026784950867295265
v -0.005399941932410002 0.00622898293659091 0.026784950867295265
v -0.0033999679144471884 0.0015419720439240336 0.027456989511847496
v -0.0033999679144471884 0.0015419720439240336 0.027456989511847496
v -0.005399941932410002 0.00622898293659091 0.026784950867295265
v -0.012699959799647331 0.0015419720439240336 0.027456989511847496
v -0.0033999679144471884 0.0015419720439240336 0.027456989511847496
v -0.012699959799647331 0.0015419720439240336 0.027456989511847496
v -0.0033999679144471884 -0.0027579660527408123 0.02736097015440464
v -0.0033999679144471884 -0.0027579660527408123 0.02736097015440464
v -0.012699959799647331 0.0015419720439240336 0.027456989511847496
v -0.012699959799647331 -0.004605947993695736 0.0271109901368618
v -0.0033999679144471884 -0.0027579660527408123 0.02736097015440464
v -0.012699959799647331 -0.004605947993695736 0.0271109901368618
v -0.005399941932410002 -0.00622898293659091 0.026784950867295265
v -0.0033999679144471884 -0.0027579660527408123 0.02736097015440464
v -0.005399941932410002 -0.00622898293659091 0.026784950867295265
v -0.0033119909930974245 -0.0067139859311282635 0.026577940210700035
v -0.002899944083765149 -0.01328795962035656 0.023500969633460045
v -0.005399941932410002 -0.014534950256347656 0.023344989866018295
v -0.0033999679144471884 -0.01739698089659214 0.021296970546245575
v -0.0033999679144471884 -0.01739698089659214 0.021296970546245575
v -0.005399941932410002 -0.014534950256347656 0.023344989866018295
v -0.012699959799647331 -0.015912950038909912 0.02242797054350376
v -0.0033999679144471884 -0.01739698089659214 0.021296970546245575
v -0.012699959799647331 -0.015912950038909912 0.02242797054350376
v -0.0033999679144471884 -0.020504949614405632 0.018324969336390495
v -0.0033999679144471884 -0.020504949614405632 0.018324969336390495
v -0.012699959799647331 -0.015912950038909912 0.02242797054350376
v -0.012699959799647331 -0.020504949614405632 0.018324969336390495
v -0.0033999679144471884 -0.020504949614405632 0.018324969336390495
v -0.012699959799647331 -0.020504949614405632 0.018324969336390495
v -0.0033999679144471884 -0.023344989866018295 0.014534950256347656
v -0.0033999679144471884 -0.026784950867295265 0.00622898293659091
v -0.005399941932410002 -0.026784950867295265 0.00622898293659091
v -0.0033999679144471884 -0.027456989511847496 0.0015419720439240336
v -0.0033999679144471884 -0.027456989511847496 0.0015419720439240336
v -0.005399941932410002 -0.026784950867295265 0.00622898293659091
v -0.012699959799647331 -0.027456989511847496 0.0015419720439240336
v -0.0033999679144471884 -0.027456989511847496 0.0015419720439240336
v -0.012699959799647331 -0.027456989511847496 0.0015419720439240336
v -0.0033999679144471884 -0.02736097015440464 -0.0027579660527408123
v -0.0033999679144471884 -0.02736097015440464 -0.0027579660527408123
v -0.012699959799647331 -0.027456989511847496 0.0015419720439240336
v -0.012699959799647331 -0.0271109901368618 -0.004605947993695736
v -0.0033999679144471884 -0.02736097015440464 -0.0027579660527408123
v -0.012699959799647331 -0.0271109901368618 -0.004605947993695736
v -0.005399941932410002 -0.026784950867295265 -0.00622898293659091
v -0.0033999679144471884 -0.02736097015440464 -0.0027579660527408123
v -0.005399941932410002 -0.026784950867295265 -0.00622898293659091
v -0.002899944083765149 -0.026016950607299805 -0.007219970226287842
v -0.012699959799647331 -0.02242797054350376 -0.015912950038909912
v -0.005399941932410002 -0.023328950628638268 -0.014560990035533905
v -0.012699959799647331 -0.02540694922208786 -0.010523970238864422
v -0.012699959799647331 -0.02540694922208786 -0.010523970238864422
v -0.005399941932410002 -0.023328950628638268 -0.014560990035533905
v -0.005399941932410002 -0.02540694922208786 -0.010523970238864422
v -0.0033999679144471884 -0.014534950256347656 -0.023344989866018295
v -0.012699959799647331 -0.018324969336390495 -0.020504949614405632
v -0.005399941932410002 -0.014534950256347656 -0.023344989866018295
v -0.005399941932410002 -0.014534950256347656 -0.023344989866018295
v -0.012699959799647331 -0.018324969336390495 -0.020504949614405632
v -0.005399941932410002 -0.013301960192620754 -0.02406894974410534
v -0.012699959799647331 -0.018324969336390495 -0.020504949614405632
v -0.012699959799647331 -0.013301960192620754 -0.02406894974410534
v -0.005399941932410002 -0.013301960192620754 -0.02406894974410534
v -0.005399941932410002 -0.013301960192620754 -0.02406894974410534
v -0.012699959799647331 -0.013301960192620754 -0.02406894974410534
v -0.005399941932410002 -0.007612943183630705 -0.02642500028014183
v -0.012699959799647331 -0.0015419720439240336 -0.027456989511847496
v -0.005399941932410002 -0.00622898293659091 -0.026784950867295265
v -0.012699959799647331 -0.007612943183630705 -0.02642500028014183
v -0.012699959799647331 -0.007612943183630705 -0.02642500028014183
v -0.005399941932410002 -0.00622898293659091 -0.026784950867295265
v -0.005399941932410002 -0.007612943183630705 -0.02642500028014183
v -0.012699959799647331 -0.007612943183630705 -0.02642500028014183
v -0.005399941932410002 -0.007612943183630705 -0.02642500028014183
v -0.012699959799647331 -0.013301960192620754 -0.02406894974410534
v -0.005399941932410002 0.00622898293659091 -0.026784950867295265
v -0.012699959799647331 0.004605947993695736 -0.0271109901368618
v -0.005399941932410002 0.010523970238864422 -0.02540694922208786
v -0.012699959799647331 0.015912950038909912 -0.02242797054350376
v -0.005399941932410002 0.014534950256347656 -0.023344989866018295
v -0.012699959799647331 0.010523970238864422 -0.02540694922208786
v -0.012699959799647331 0.010523970238864422 -0.02540694922208786
v -0.005399941932410002 0.014534950256347656 -0.023344989866018295
v -0.005399941932410002 0.010523970238864422 -0.02540694922208786
v -0.012699959799647331 0.010523970238864422 -0.02540694922208786
v -0.005399941932410002 0.010523970238864422 -0.02540694922208786
v -0.012699959799647331 0.004605947993695736 -0.0271109901368618
v -0.0033999679144471884 0.023344989866018295 -0.014534950256347656
v -0.012699959799647331 0.020504949614405632 -0.018324969336390495
v -0.005399941932410002 0.023344989866018295 -0.014534950256347656
v -0.005399941932410002 0.023344989866018295 -0.014534950256347656
v -0.012699959799647331 0.020504949614405632 -0.018324969336390495
v -0.005399941932410002 0.02406894974410534 -0.013301960192620754
v -0.012699959799647331 0.020504949614405632 -0.018324969336390495
v -0.012699959799647331 0.02406894974410534 -0.013301960192620754
v -0.005399941932410002 0.02406894974410534 -0.013301960192620754
v -0.005399941932410002 0.02406894974410534 -0.013301960192620754
v -0.012699959799647331 0.02406894974410534 -0.013301960192620754
v -0.005399941932410002 0.02642500028014183 -0.007612943183630705
v -0.012699959799647331 0.027456989511847496 -0.0015419720439240336
v -0.005399941932410002 0.026784950867295265 -0.00622898293659091
v -0.012699959799647331 0.02642500028014183 -0.007612943183630705
v -0.012699959799647331 0.02642500028014183 -0.007612943183630705
v -0.005399941932410002 0.026784950867295265 -0.00622898293659091
v -0.005399941932410002 0.02642500028014183 -0.007612943183630705
v -0.012699959799647331 0.02642500028014183 -0.007612943183630705
v -0.005399941932410002 0.02642500028014183 -0.007612943183630705
v -0.012699959799647331 0.02406894974410534 -0.013301960192620754
v -0.005399941932410002 0.026784950867295265 0.00622898293659091
v -0.012699959799647331 0.0271109901368618 0.004605947993695736
v -0.005399941932410002 0.02540694922208786 0.010523970238864422
v -0.005399941932410002 0.02540694922208786 0.010523970238864422
v -0.012699959799647331 0.0271109901368618 0.004605947993695736
v -0.012699959799647331 0.02540694922208786 0.010523970238864422
v -0.0033999679144471884 -0.014534950256347656 -0.023344989866018295
v -0.0033999679144471884 -0.018324969336390495 -0.020504949614405632
v -0.012699959799647331 -0.018324969336390495 -0.020504949614405632
v -0.012699959799647331 -0.018324969336390495 -0.020504949614405632
v -0.0033999679144471884 -0.018324969336390495 -0.020504949614405632
v -0.012699959799647331 -0.02242797054350376 -0.015912950038909912
v -0.012699959799647331 -0.02242797054350376 -0.015912950038909912
v -0.0033999679144471884 -0.018324969336390495 -0.020504949614405632
v -0.0033999679144471884 -0.02128898911178112 -0.017407000064849854
v -0.012699959799647331 -0.02242797054350376 -0.015912950038909912
v -0.0033999679144471884 -0.02128898911178112 -0.017407000064849854
v -0.005399941932410002 -0.023328950628638268 -0.014560990035533905
v -0.005399941932410002 -0.023328950628638268 -0.014560990035533905
v -0.0033999679144471884 -0.02128898911178112 -0.017407000064849854
v -0.002899944083765149 -0.02349299006164074 -0.013306969776749611
v -0.0033999679144471884 -0.00622898293659091 -0.026784950867295265
v -0.005399941932410002 -0.00622898293659091 -0.026784950867295265
v -0.0033999679144471884 -0.0015419720439240336 -0.027456989511847496
v -0.0033999679144471884 -0.0015419720439240336 -0.027456989511847496
v -0.005399941932410002 -0.00622898293659091 -0.026784950867295265
v -0.012699959799647331 -0.0015419720439240336 -0.027456989511847496
v -0.0033999679144471884 -0.0015419720439240336 -0.027456989511847496
v -0.012699959799647331 -0.0015419720439240336 -0.027456989511847496
v -0.0033999679144471884 0.0027579660527408123 -0.02736097015440464
v -0.0033999679144471884 0.0027579660527408123 -0.02736097015440464
v -0.012699959799647331 -0.0015419720439240336 -0.027456989511847496
v -0.012699959799647331 0.004605947993695736 -0.0271109901368618
v -0.0033999679144471884 0.0027579660527408123 -0.02736097015440464
v -0.012699959799647331 0.004605947993695736 -0.0271109901368618
v -0.005399941932410002 0.00622898293659091 -0.026784950867295265
v -0.0033999679144471884 0.0027579660527408123 -0.02736097015440464
v -0.005399941932410002 0.00622898293659091 -0.026784950867295265
v -0.002899944083765149 0.0072219958528876305 -0.026012949645519257
v -0.0033999679144471884 0.023344989866018295 -0.014534950256347656
v -0.0033999679144471884 0.020504949614405632 -0.018324969336390495
v -0.012699959799647331 0.020504949614405632 -0.018324969336390495
v -0.012699959799647331 0.020504949614405632 -0.018324969336390495
v -0.0033999679144471884 0.020504949614405632 -0.018324969336390495
v -0.012699959799647331 0.015912950038909912 -0.02242797054350376
v -0.012699959799647331 0.015912950038909912 -0.02242797054350376
v -0.0033999679144471884 0.020504949614405632 -0.018324969336390495
v -0.0033999679144471884 0.01739698089659214 -0.021296970546245575
v -0.012699959799647331 0.015912950038909912 -0.02242797054350376
v -0.0033999679144471884 0.01739698089659214 -0.021296970546245575
v -0.005399941932410002 0.014534950256347656 -0.023344989866018295
v -0.005399941932410002 0.014534950256347656 -0.023344989866018295
v -0.0033999679144471884 0.01739698089659214 -0.021296970546245575
v -0.002899944083765149 0.01328795962035656 -0.023500969633460045
v -0.0033999679144471884 0.026784950867295265 -0.00622898293659091
v -0.005399941932410002 0.026784950867295265 -0.00622898293659091
v -0.0033999679144471884 0.027456989511847496 -0.0015419720439240336
v -0.0033999679144471884 0.027456989511847496 -0.0015419720439240336
v -0.005399941932410002 0.026784950867295265 -0.00622898293659091
v -0.012699959799647331 0.027456989511847496 -0.0015419720439240336
v -0.0033999679144471884 0.027456989511847496 -0.0015419720439240336
v -0.012699959799647331 0.027456989511847496 -0.0015419720439240336
v -0.0033999679144471884 0.02736097015440464 0.0027579660527408123
v -0.0033999679144471884 0.02736097015440464 0.0027579660527408123
v -0.012699959799647331 0.027456989511847496 -0.0015419720439240336
v -0.012699959799647331 0.0271109901368618 0.004605947993695736
v -0.0033999679144471884 0.02736097015440464 0.0027579660527408123
v -0.012699959799647331 0.0271109901368618 0.004605947993695736
v -0.005399941932410002 0.026784950867295265 0.00622898293659091
v -0.0033999679144471884 0.02736097015440464 0.0027579660527408123
v -0.005399941932410002 0.026784950867295265 0.00622898293659091
v -0.002899944083765149 0.026016950607299805 0.007219970226287842
v -0.005399941932410002 -0.023486969992518425 -0.013288970105350018
v -0.005399941932410002 -0.02540694922208786 -0.010523970238864422
v -0.005399941932410002 -0.023328950628638268 -0.014560990035533905
v -0.005399941932410002 -0.022942960262298584 -0.006820975802838802
v -0.005399941932410002 -0.025323979556560516 -0.007388948928564787
v -0.005299984943121672 -0.025314979255199432 -0.008790968917310238
v -0.005386948119848967 -0.02432096004486084 -0.01151495985686779
v -0.005399941932410002 -0.023486969992518425 -0.013288970105350018
v -0.005399941932410002 -0.021045979112386703 -0.011399979703128338
v -0.005299984943121672 -0.025314979255199432 -0.008790968917310238
v -0.005399941932410002 -0.025323979556560516 -0.007388948928564787
v -0.005399941932410002 -0.026784950867295265 -0.00622898293659091
v -0.005299984943121672 -0.025314979255199432 -0.008790968917310238
v -0.005399941932410002 -0.026784950867295265 -0.00622898293659091
v -0.005399941932410002 -0.02540694922208786 -0.010523970238864422
v -0.005299984943121672 -0.025314979255199432 -0.008790968917310238
v -0.005399941932410002 -0.02540694922208786 -0.010523970238864422
v -0.005386948119848967 -0.02432096004486084 -0.01151495985686779
v -0.005386948119848967 -0.02432096004486084 -0.01151495985686779
v -0.005399941932410002 -0.02540694922208786 -0.010523970238864422
v -0.005399941932410002 -0.023486969992518425 -0.013288970105350018
v -0.002899944083765149 -0.02349299006164074 -0.013306969776749611
v -0.005399941932410002 -0.023486969992518425 -0.013288970105350018
v -0.005399941932410002 -0.023328950628638268 -0.014560990035533905
v -0.002899944083765149 -0.02032499946653843 -0.0084189772605896
v -0.002899944083765149 -0.021045979112386703 -0.011399979703128338
v -0.002899944083765149 -0.01771998032927513 -0.013038990087807178
v -0.002899944083765149 -0.01771998032927513 -0.013038990087807178
v -0.002899944083765149 -0.021045979112386703 -0.011399979703128338
v -0.002899944083765149 -0.01953594945371151 -0.014326980337500572
v -0.002899944083765149 -0.014255999587476254 -0.019513960927724838
v -0.002899944083765149 -0.01408499013632536 -0.016899999231100082
v -0.002899944083765149 -0.016542969271540642 -0.01831299066543579
v -0.002899944083765149 -0.016542969271540642 -0.01831299066543579
v -0.002899944083765149 -0.01408499013632536 -0.016899999231100082
v -0.002899944083765149 -0.01771998032927513 -0.013038990087807178
v -0.002899944083765149 -0.016542969271540642 -0.01831299066543579
v -0.002899944083765149 -0.01771998032927513 -0.013038990087807178
v -0.002899944083765149 -0.01953594945371151 -0.014326980337500572
v -0.002899944083765149 -0.01953594945371151 -0.014326980337500572
v -0.003199994098395109 -0.02090197056531906 -0.014907949604094028
v -0.002899944083765149 -0.02090197056531906 -0.017090970650315285
v -0.003199994098395109 -0.020671959966421127 -0.01287095993757248
v -0.002899944083765149 -0.021045979112386703 -0.011399979703128338
v -0.003199994098395109 -0.021753959357738495 -0.013550990261137486
v -0.002899944083765149 -0.011399979703128338 -0.021045979112386703
v -0.002899944083765149 -0.01408499013632536 -0.016899999231100082
v -0.002899944083765149 -0.014255999587476254 -0.019513960927724838
v -0.002899944083765149 -0.013286939822137356 -0.023500969633460045
v -0.002899944083765149 -0.015211990103125572 -0.02086097002029419
v -0.002899944083765149 -0.018866950646042824 -0.019313989207148552
v -0.002899944083765149 -0.018866950646042824 -0.019313989207148552
v -0.002899944083765149 -0.015211990103125572 -0.02086097002029419
v -0.002899944083765149 -0.014255999587476254 -0.019513960927724838
v -0.002899944083765149 -0.013286939822137356 -0.023500969633460045
v -0.002899944083765149 -0.011399979703128338 -0.021045979112386703
v -0.003199994098395109 -0.01360499020665884 -0.021771959960460663
v -0.002899944083765149 -0.011399979703128338 -0.021045979112386703
v -0.002899944083765149 -0.010327990166842937 -0.020453980192542076
v -0.002899944083765149 -0.01408499013632536 -0.016899999231100082
v -0.002899944083765149 -0.01408499013632536 -0.016899999231100082
v -0.002899944083765149 -0.010327990166842937 -0.020453980192542076
v -0.002899944083765149 -0.007975994609296322 -0.02085399068892002
v -0.002899944083765149 0.0006639999919570982 -0.02198999933898449
v -0.002899944083765149 0.006820975802838802 -0.022942960262298584
v -0.002899944083765149 0.007975994609296322 -0.02085399068892002
v -0.002899944083765149 0.011399979703128338 -0.021045979112386703
v -0.003199994098395109 0.013163980096578598 -0.021511970087885857
v -0.002899944083765149 0.013183950446546078 -0.019664999097585678
v -0.002899944083765149 0.013183950446546078 -0.019664999097585678
v -0.003199994098395109 0.014227979816496372 -0.01981895975768566
v -0.002899944083765149 0.015078959986567497 -0.016018979251384735
v -0.002899944083765149 0.015078959986567497 -0.016018979251384735
v -0.003199994098395109 0.014227979816496372 -0.01981895975768566
v -0.003199994098395109 0.014907949604094028 -0.02090197056531906
v -0.002899944083765149 0.015078959986567497 -0.016018979251384735
v -0.003199994098395109 0.014907949604094028 -0.02090197056531906
v -0.002899944083765149 0.017080960795283318 -0.020909959450364113
v -0.002899944083765149 0.011399979703128338 -0.021045979112386703
v -0.002899944083765149 0.013183950446546078 -0.019664999097585678
v -0.002899944083765149 0.007975994609296322 -0.02085399068892002
v -0.002899944083765149 0.017080960795283318 -0.020909959450364113
v -0.003199994098395109 0.021282970905303955 -0.014786000363528728
v -0.002899944083765149 0.019798990339040756 -0.014771989546716213
v -0.003199994098395109 0.019950980320572853 -0.01329594012349844
v -0.003199994098395109 0.0211789608001709 -0.012941950000822544
v -0.002899944083765149 0.018474990501999855 -0.011944940313696861
v -0.003199994098395109 0.021771959960460663 -0.01360499020665884
v -0.002899944083765149 0.023500969633460045 -0.013286939822137356
v -0.003199994098395109 0.0211789608001709 -0.012941950000822544
v -0.003199994098395109 0.0211789608001709 -0.012941950000822544
v -0.002899944083765149 0.023500969633460045 -0.013286939822137356
v -0.002899944083765149 0.021045979112386703 -0.011399979703128338
v -0.003199994098395109 0.0211789608001709 -0.012941950000822544
v -0.002899944083765149 0.021045979112386703 -0.011399979703128338
v -0.002899944083765149 0.018474990501999855 -0.011944940313696861
v -0.002899944083765149 0.017080960795283318 -0.020909959450364113
v -0.002899944083765149 0.023500969633460045 -0.013286939822137356
v -0.003199994098395109 0.021282970905303955 -0.014786000363528728
v -0.002899944083765149 0.018474990501999855 -0.011944940313696861
v -0.002899944083765149 0.021045979112386703 -0.011399979703128338
v -0.002899944083765149 0.0203859806060791 -0.009105980396270752
v -0.002899944083765149 0.021749969571828842 0.0033099649008363485
v -0.002899944083765149 0.02190995030105114 -0.0019909730181097984
v -0.002899944083765149 0.022942960262298584 0.006820975802838802
v -0.002899944083765149 0.021749969571828842 0.0033099649008363485
v -0.002899944083765149 0.022942960262298584 0.006820975802838802
v -0.002899944083765149 0.02032499946653843 0.0084189772605896
v -0.002899944083765149 0.021045979112386703 0.011399979703128338
v -0.002899944083765149 0.01771998032927513 0.013038990087807178
v -0.002899944083765149 0.02032499946653843 0.0084189772605896
v -0.002899944083765149 0.021045979112386703 0.011399979703128338
v -0.003199994098395109 0.019817940890789032 0.014224939979612827
v -0.002899944083765149 0.01771998032927513 0.013038990087807178
v -0.002899944083765149 0.01771998032927513 0.013038990087807178
v -0.003199994098395109 0.019817940890789032 0.014224939979612827
v -0.002899944083765149 0.0184209905564785 0.01661098003387451
v -0.003199994098395109 0.019817940890789032 0.014224939979612827
v -0.002899944083765149 0.02186094969511032 0.015845950692892075
v -0.002899944083765149 0.0184209905564785 0.01661098003387451
v -0.002899944083765149 0.021045979112386703 0.011399979703128338
v -0.002899944083765149 0.023110980167984962 0.012673970311880112
v -0.003199994098395109 0.021753959357738495 0.013550990261137486
v -0.003199994098395109 0.021753959357738495 0.013550990261137486
v -0.002899944083765149 0.023110980167984962 0.012673970311880112
v -0.003199994098395109 0.02165495976805687 0.014434989541769028
v -0.002899944083765149 0.012566979974508286 0.020708970725536346
v -0.003199994098395109 0.014481959864497185 0.021622950211167336
v -0.002899944083765149 0.013286939822137356 0.023500969633460045
v -0.002899944083765149 0.013286939822137356 0.023500969633460045
v -0.003199994098395109 0.014481959864497185 0.021622950211167336
v -0.002899944083765149 0.018866950646042824 0.019313989207148552
v -0.002899944083765149 0.012566979974508286 0.020708970725536346
v -0.002899944083765149 0.009392975829541683 0.01989400014281273
v -0.002899944083765149 0.01408499013632536 0.016899999231100082
v -0.003199994098395109 0.014481959864497185 0.021622950211167336
v -0.003199994098395109 0.01491296011954546 0.020843980833888054
v -0.002899944083765149 0.018866950646042824 0.019313989207148552
v -0.002899944083765149 0.018866950646042824 0.019313989207148552
v -0.003199994098395109 0.01491296011954546 0.020843980833888054
v -0.002899944083765149 0.014272980391979218 0.01951896958053112
v -0.002899944083765149 0.01408499013632536 0.016899999231100082
v -0.002899944083765149 0.014272980391979218 0.01951896958053112
v -0.002899944083765149 0.012566979974508286 0.020708970725536346
v -0.002899944083765149 0.013286939822137356 0.023500969633460045
v -0.002899944083765149 0.011399979703128338 0.021045979112386703
v -0.002899944083765149 0.012566979974508286 0.020708970725536346
v -0.002899944083765149 0.012566979974508286 0.020708970725536346
v -0.002899944083765149 0.011399979703128338 0.021045979112386703
v -0.002899944083765149 0.010327990166842937 0.020453980192542076
v -0.002899944083765149 0.012566979974508286 0.020708970725536346
v -0.002899944083765149 0.010327990166842937 0.020453980192542076
v -0.002899944083765149 0.009392975829541683 0.01989400014281273
v -0.002899944083765149 0.009392975829541683 0.01989400014281273
v -0.002899944083765149 0.010327990166842937 0.020453980192542076
v -0.002899944083765149 0.007975994609296322 0.02085399068892002
v -0.002899944083765149 0.007975994609296322 0.02085399068892002
v -0.002899944083765149 0.006854950916022062 0.022638969123363495
v -0.002899944083765149 -0.0006639999919570982 0.02198999933898449
v -0.002899944083765149 -0.007975994609296322 0.02085399068892002
v -0.002899944083765149 -0.0006639999919570982 0.02198999933898449
v -0.002899944083765149 -0.006820975802838802 0.022942960262298584
v -0.003199994098395109 -0.014003990218043327 0.02180497907102108
v -0.003199994098395109 -0.013015979900956154 0.020250970497727394
v -0.002899944083765149 -0.011399979703128338 0.021045979112386703
v -0.002899944083765149 -0.011399979703128338 0.021045979112386703
v -0.003199994098395109 -0.013015979900956154 0.020250970497727394
v -0.002899944083765149 -0.009105980396270752 0.0203859806060791
v -0.002899944083765149 -0.009105980396270752 0.0203859806060791
v -0.003199994098395109 -0.013015979900956154 0.020250970497727394
v -0.002899944083765149 -0.013733980245888233 0.019470980390906334
v -0.003199994098395109 -0.014003990218043327 0.02180497907102108
v -0.002899944083765149 -0.011399979703128338 0.021045979112386703
v -0.002899944083765149 -0.01328795962035656 0.023500969633460045
v -0.003199994098395109 -0.014003990218043327 0.02180497907102108
v -0.002899944083765149 -0.01328795962035656 0.023500969633460045
v -0.002899944083765149 -0.015845000743865967 0.02186094969511032
v -0.002899944083765149 -0.013733980245888233 0.019470980390906334
v -0.003199994098395109 -0.014856990426778793 0.02044796012341976
v -0.002899944083765149 -0.015078959986567497 0.016018979251384735
v -0.002899944083765149 -0.015078959986567497 0.016018979251384735
v -0.003199994098395109 -0.014856990426778793 0.02044796012341976
v -0.002899944083765149 -0.015845000743865967 0.02186094969511032
v -0.003199994098395109 -0.014856990426778793 0.02044796012341976
v -0.003199994098395109 -0.01475697010755539 0.02133196033537388
v -0.002899944083765149 -0.015845000743865967 0.02186094969511032
v -0.002899944083765149 -0.015078959986567497 0.016018979251384735
v -0.002899944083765149 -0.021427979692816734 0.01504897978156805
v -0.003199994098395109 -0.020033949986100197 0.014584950171411037
v -0.002899944083765149 -0.018474990501999855 0.011944940313696861
v -0.003199994098395109 -0.020033949986100197 0.014584950171411037
v -0.003199994098395109 -0.019945969805121422 0.013302979990839958
v -0.002899944083765149 -0.0203859806060791 0.009105980396270752
v -0.002899944083765149 -0.018474990501999855 0.011944940313696861
v -0.002899944083765149 -0.021045979112386703 0.011399979703128338
v -0.003199994098395109 -0.019945969805121422 0.013302979990839958
v -0.002899944083765149 -0.021045979112386703 0.011399979703128338
v -0.002899944083765149 -0.018474990501999855 0.011944940313696861
v -0.002899944083765149 -0.023500969633460045 0.013286939822137356
v -0.002899944083765149 -0.021427979692816734 0.01504897978156805
v -0.002899944083765149 -0.019315000623464584 0.018866950646042824
v -0.003199994098395109 0.014907949604094028 -0.02090197056531906
v -0.002899944083765149 0.014037960208952427 -0.022102950140833855
v -0.002899944083765149 0.017080960795283318 -0.020909959450364113
v -0.002899944083765149 0.017080960795283318 -0.020909959450364113
v -0.002899944083765149 0.014037960208952427 -0.022102950140833855
v -0.002899944083765149 0.01328795962035656 -0.023500969633460045
v -0.002899944083765149 0.014037960208952427 -0.022102950140833855
v -0.002899944083765149 0.011399979703128338 -0.021045979112386703
v -0.002899944083765149 0.01328795962035656 -0.023500969633460045
v -0.003199994098395109 -0.019945969805121422 0.013302979990839958
v -0.003199994098395109 -0.0211789608001709 0.012941950000822544
v -0.002899944083765149 -0.021045979112386703 0.011399979703128338
v -0.002899944083765149 -0.021045979112386703 0.011399979703128338
v -0.003199994098395109 -0.0211789608001709 0.012941950000822544
v -0.002899944083765149 -0.023500969633460045 0.013286939822137356
v -0.002899944083765149 -0.023500969633460045 0.013286939822137356
v -0.003199994098395109 -0.0211789608001709 0.012941950000822544
v -0.003199994098395109 -0.021771959960460663 0.01360499020665884
v -0.002899944083765149 -0.023500969633460045 0.013286939822137356
v -0.003199994098395109 -0.021771959960460663 0.01360499020665884
v -0.002899944083765149 -0.021427979692816734 0.01504897978156805
v -0.003199994098395109 -0.021753959357738495 -0.013550990261137486
v -0.002899944083765149 -0.021045979112386703 -0.011399979703128338
v -0.002899944083765149 -0.02349299006164074 -0.013306969776749611
v -0.003199994098395109 -0.02090197056531906 -0.014907949604094028
v -0.003199994098395109 -0.02165495976805687 -0.014434989541769028
v -0.002899944083765149 -0.02090197056531906 -0.017090970650315285
v -0.002899944083765149 -0.02090197056531906 -0.017090970650315285
v -0.003199994098395109 -0.02165495976805687 -0.014434989541769028
v -0.002899944083765149 -0.02349299006164074 -0.013306969776749611
v -0.002899944083765149 -0.02349299006164074 -0.013306969776749611
v -0.003199994098395109 -0.02165495976805687 -0.014434989541769028
v -0.003199994098395109 -0.021753959357738495 -0.013550990261137486
v -0.003199994098395109 -0.024035990238189697 -0.003973959945142269
v -0.003199994098395109 -0.02353297919034958 -0.005155980121344328
v -0.002899944083765149 -0.02190995030105114 0.0019909730181097984
v -0.002899944083765149 -0.02190995030105114 0.0019909730181097984
v -0.003199994098395109 -0.02353297919034958 -0.005155980121344328
v -0.002899944083765149 -0.022942960262298584 -0.006820975802838802
v -0.002899944083765149 -0.02190995030105114 0.0019909730181097984
v -0.002899944083765149 -0.022942960262298584 -0.006820975802838802
v -0.002899944083765149 -0.021749969571828842 -0.0033099649008363485
v -0.002899944083765149 -0.021749969571828842 -0.0033099649008363485
v -0.002899944083765149 -0.022942960262298584 -0.006820975802838802
v -0.002899944083765149 -0.02032499946653843 -0.0084189772605896
v -0.003199994098395109 -0.025531940162181854 -0.0050379629246890545
v -0.002899944083765149 -0.02686399035155773 -0.0027079579886049032
v -0.002899944083765149 -0.026016950607299805 -0.007219970226287842
v -0.002899944083765149 -0.02686399035155773 -0.0027079579886049032
v -0.003199994098395109 -0.025531940162181854 -0.0050379629246890545
v -0.002899944083765149 -0.025492960587143898 -0.003978967200964689
v -0.002899944083765149 -0.02686399035155773 -0.0027079579886049032
v -0.002899944083765149 -0.025492960587143898 -0.003978967200964689
v -0.002899944083765149 -0.02686399035155773 0.0027079579886049032
v -0.002899944083765149 -0.02686399035155773 0.0027079579886049032
v -0.002899944083765149 -0.025492960587143898 -0.003978967200964689
v -0.002899944083765149 -0.02190995030105114 0.0019909730181097984
v -0.002899944083765149 -0.02190995030105114 0.0019909730181097984
v -0.002899944083765149 -0.025492960587143898 -0.003978967200964689
v -0.003199994098395109 -0.024035990238189697 -0.003973959945142269
v -0.002899944083765149 -0.026016950607299805 -0.007219970226287842
v -0.002899944083765149 -0.022942960262298584 -0.006820975802838802
v -0.003199994098395109 -0.02457999996840954 -0.005899964831769466
v -0.002899944083765149 -0.026016950607299805 -0.007219970226287842
v -0.003199994098395109 -0.02457999996840954 -0.005899964831769466
v -0.003199994098395109 -0.025531940162181854 -0.0050379629246890545
v -0.003199994098395109 -0.023717990145087242 0.005515992175787687
v -0.003199994098395109 -0.023717990145087242 0.004237948916852474
v -0.002899944083765149 -0.021766960620880127 0.007159947883337736
v -0.002899944083765149 -0.0203859806060791 0.009105980396270752
v -0.002899944083765149 -0.021766960620880127 0.007159947883337736
v -0.002899944083765149 -0.02190995030105114 0.0019909730181097984
v -0.002899944083765149 -0.02190995030105114 0.0019909730181097984
v -0.002899944083765149 -0.021766960620880127 0.007159947883337736
v -0.003199994098395109 -0.023717990145087242 0.004237948916852474
v -0.003199994098395109 -0.023717990145087242 0.005515992175787687
v -0.002899944083765149 -0.021766960620880127 0.007159947883337736
v -0.002899944083765149 -0.022942960262298584 0.006820975802838802
v -0.003199994098395109 -0.023717990145087242 0.005515992175787687
v -0.002899944083765149 -0.022942960262298584 0.006820975802838802
v -0.003199994098395109 -0.024963969364762306 0.00580096198245883
v -0.002899944083765149 -0.02686399035155773 0.0027079579886049032
v -0.003199994098395109 -0.024963969364762306 0.003953992854803801
v -0.003199994098395109 -0.025518950074911118 0.004648983012884855
v -0.002899944083765149 -0.02686399035155773 0.0027079579886049032
v -0.003199994098395109 -0.025518950074911118 0.004648983012884855
v -0.002899944083765149 -0.026012949645519257 0.0072219958528876305
v -0.002899944083765149 -0.026012949645519257 0.0072219958528876305
v -0.003199994098395109 -0.025518950074911118 0.004648983012884855
v -0.003199994098395109 -0.024963969364762306 0.00580096198245883
v -0.002899944083765149 -0.026012949645519257 0.0072219958528876305
v -0.003199994098395109 -0.024963969364762306 0.00580096198245883
v -0.002899944083765149 -0.022942960262298584 0.006820975802838802
v -0.003199994098395109 -0.023717990145087242 0.004237948916852474
v -0.002899944083765149 -0.02686399035155773 0.0027079579886049032
v -0.002899944083765149 -0.02190995030105114 0.0019909730181097984
v -0.002899944083765149 -0.009105980396270752 0.0203859806060791
v -0.002899944083765149 -0.013733980245888233 0.019470980390906334
v -0.002899944083765149 -0.015078959986567497 0.016018979251384735
v -0.002899944083765149 -0.018474990501999855 0.011944940313696861
v -0.002899944083765149 -0.015078959986567497 0.016018979251384735
v -0.003199994098395109 -0.020033949986100197 0.014584950171411037
v -0.002899944083765149 -0.019315000623464584 0.018866950646042824
v -0.002899944083765149 -0.021427979692816734 0.01504897978156805
v -0.002899944083765149 -0.015078959986567497 0.016018979251384735
v -0.002899944083765149 -0.019315000623464584 0.018866950646042824
v -0.002899944083765149 -0.015078959986567497 0.016018979251384735
v -0.002899944083765149 -0.015845000743865967 0.02186094969511032
v -0.003199994098395109 -0.005823968909680843 0.024126939475536346
v -0.003199994098395109 -0.005773961078375578 0.02501498907804489
v -0.002899944083765149 -0.007388948928564787 0.02532093971967697
v -0.002899944083765149 -0.007388948928564787 0.02532093971967697
v -0.003199994098395109 -0.005773961078375578 0.02501498907804489
v -0.002899944083765149 -0.0027079579886049032 0.02686399035155773
v -0.002899944083765149 -0.0027079579886049032 0.02686399035155773
v -0.003199994098395109 -0.005773961078375578 0.02501498907804489
v -0.003199994098395109 -0.003929972182959318 0.024911990389227867
v -0.002899944083765149 -0.0006639999919570982 0.02198999933898449
v -0.003199994098395109 -0.003979980014264584 0.02402395009994507
v -0.003199994098395109 -0.005160986911505461 0.023534949868917465
v -0.003199994098395109 -0.005823968909680843 0.024126939475536346
v -0.002899944083765149 -0.007388948928564787 0.02532093971967697
v -0.002899944083765149 -0.006820975802838802 0.022942960262298584
v -0.002899944083765149 -0.0027079579886049032 0.02686399035155773
v -0.003199994098395109 -0.003929972182959318 0.024911990389227867
v -0.002899944083765149 -0.0006639999919570982 0.02198999933898449
v -0.002899944083765149 -0.0006639999919570982 0.02198999933898449
v -0.003199994098395109 -0.003929972182959318 0.024911990389227867
v -0.003199994098395109 -0.003979980014264584 0.02402395009994507
v -0.002899944083765149 -0.0006639999919570982 0.02198999933898449
v -0.003199994098395109 -0.005160986911505461 0.023534949868917465
v -0.002899944083765149 -0.006820975802838802 0.022942960262298584
v -0.002899944083765149 -0.0006639999919570982 0.02198999933898449
v -0.002899944083765149 0.006854950916022062 0.022638969123363495
v -0.003199994098395109 0.0039549460634589195 0.024071989580988884
v -0.003199994098395109 0.004648983012884855 0.025518950074911118
v -0.003199994098395109 0.00580096198245883 0.024963969364762306
v -0.002899944083765149 0.0027079579886049032 0.02686399035155773
v -0.002899944083765149 0.0027079579886049032 0.02686399035155773
v -0.003199994098395109 0.00580096198245883 0.024963969364762306
v -0.002899944083765149 0.0072219958528876305 0.026012949645519257
v -0.002899944083765149 0.0072219958528876305 0.026012949645519257
v -0.003199994098395109 0.00580096198245883 0.024963969364762306
v -0.002899944083765149 0.006854950916022062 0.022638969123363495
v -0.002899944083765149 0.006854950916022062 0.022638969123363495
v -0.003199994098395109 0.00580096198245883 0.024963969364762306
v -0.003199994098395109 0.005807994864881039 0.024089990183711052
v -0.002899944083765149 -0.0006639999919570982 0.02198999933898449
v -0.003199994098395109 0.0039549460634589195 0.024071989580988884
v -0.002899944083765149 0.0035519590601325035 0.024519970640540123
v -0.002899944083765149 -0.0006639999919570982 0.02198999933898449
v -0.002899944083765149 0.0035519590601325035 0.024519970640540123
v -0.002899944083765149 -0.0027079579886049032 0.02686399035155773
v -0.002899944083765149 -0.0027079579886049032 0.02686399035155773
v -0.002899944083765149 0.0035519590601325035 0.024519970640540123
v -0.002899944083765149 0.0027079579886049032 0.02686399035155773
v -0.002899944083765149 0.0027079579886049032 0.02686399035155773
v -0.002899944083765149 0.0035519590601325035 0.024519970640540123
v -0.003199994098395109 0.004648983012884855 0.025518950074911118
v -0.002899944083765149 0.014272980391979218 0.01951896958053112
v -0.002899944083765149 0.016378989443182945 0.0177299901843071
v -0.002899944083765149 0.01803099922835827 0.018928999081254005
v -0.002899944083765149 0.014272980391979218 0.01951896958053112
v -0.002899944083765149 0.01803099922835827 0.018928999081254005
v -0.002899944083765149 0.018866950646042824 0.019313989207148552
v -0.002899944083765149 0.018866950646042824 0.019313989207148552
v -0.002899944083765149 0.01803099922835827 0.018928999081254005
v -0.002899944083765149 0.02186094969511032 0.015845950692892075
v -0.002899944083765149 0.01803099922835827 0.018928999081254005
v -0.002899944083765149 0.0184209905564785 0.01661098003387451
v -0.002899944083765149 0.02186094969511032 0.015845950692892075
v -0.002899944083765149 0.01771998032927513 0.013038990087807178
v -0.002899944083765149 0.0184209905564785 0.01661098003387451
v -0.002899944083765149 0.017300959676504135 0.016433000564575195
v -0.002899944083765149 0.017300959676504135 0.016433000564575195
v -0.002899944083765149 0.016378989443182945 0.0177299901843071
v -0.002899944083765149 0.01771998032927513 0.013038990087807178
v -0.002899944083765149 0.01771998032927513 0.013038990087807178
v -0.002899944083765149 0.016378989443182945 0.0177299901843071
v -0.002899944083765149 0.014272980391979218 0.01951896958053112
v -0.002899944083765149 0.01771998032927513 0.013038990087807178
v -0.002899944083765149 0.014272980391979218 0.01951896958053112
v -0.002899944083765149 0.01408499013632536 0.016899999231100082
v -0.003199994098395109 0.02165495976805687 0.014434989541769028
v -0.002899944083765149 0.023110980167984962 0.012673970311880112
v -0.002899944083765149 0.02186094969511032 0.015845950692892075
v -0.002899944083765149 0.026016950607299805 0.007219970226287842
v -0.003199994098395109 0.025536000728607178 0.004742980003356934
v -0.002899944083765149 0.02686399035155773 0.0027079579886049032
v -0.003199994098395109 0.025536000728607178 0.004742980003356934
v -0.002899944083765149 0.025507979094982147 0.003993988037109375
v -0.002899944083765149 0.02686399035155773 0.0027079579886049032
v -0.002899944083765149 0.02686399035155773 0.0027079579886049032
v -0.002899944083765149 0.025507979094982147 0.003993988037109375
v -0.002899944083765149 0.02190995030105114 -0.0019909730181097984
v -0.002899944083765149 0.02190995030105114 -0.0019909730181097984
v -0.002899944083765149 0.025507979094982147 0.003993988037109375
v -0.003199994098395109 0.02402395009994507 0.003979980014264584
v -0.003199994098395109 0.02402395009994507 0.003979980014264584
v -0.003199994098395109 0.023508960381150246 0.004705965053290129
v -0.002899944083765149 0.02190995030105114 -0.0019909730181097984
v -0.002899944083765149 0.02190995030105114 -0.0019909730181097984
v -0.003199994098395109 0.023508960381150246 0.004705965053290129
v -0.002899944083765149 0.022942960262298584 0.006820975802838802
v -0.002899944083765149 0.022942960262298584 0.006820975802838802
v -0.003199994098395109 0.023508960381150246 0.004705965053290129
v -0.003199994098395109 0.024126939475536346 0.005823968909680843
v -0.003199994098395109 0.025536000728607178 0.004742980003356934
v -0.002899944083765149 0.026016950607299805 0.007219970226287842
v -0.003199994098395109 0.02535598911345005 0.005469976924359798
v -0.003199994098395109 0.02535598911345005 0.005469976924359798
v -0.002899944083765149 0.026016950607299805 0.007219970226287842
v -0.003199994098395109 0.024126939475536346 0.005823968909680843
v -0.003199994098395109 0.024126939475536346 0.005823968909680843
v -0.002899944083765149 0.026016950607299805 0.007219970226287842
v -0.002899944083765149 0.022942960262298584 0.006820975802838802
v -0.002899944083765149 0.02686399035155773 -0.0027079579886049032
v -0.002899944083765149 0.02686399035155773 0.0027079579886049032
v -0.003199994098395109 0.025518950074911118 -0.004648983012884855
v -0.002899944083765149 0.022638969123363495 -0.006854950916022062
v -0.002899944083765149 0.02190995030105114 -0.0019909730181097984
v -0.002899944083765149 0.0203859806060791 -0.009105980396270752
v -0.003199994098395109 0.023717990145087242 -0.005515992175787687
v -0.002899944083765149 0.022638969123363495 -0.006854950916022062
v -0.003199994098395109 0.024963969364762306 -0.00580096198245883
v -0.002899944083765149 0.022638969123363495 -0.006854950916022062
v -0.003199994098395109 0.023717990145087242 -0.004237948916852474
v -0.002899944083765149 0.02190995030105114 -0.0019909730181097984
v -0.002899944083765149 0.02190995030105114 -0.0019909730181097984
v -0.003199994098395109 0.023717990145087242 -0.004237948916852474
v -0.002899944083765149 0.02686399035155773 0.0027079579886049032
v -0.002899944083765149 0.02686399035155773 0.0027079579886049032
v -0.003199994098395109 0.023717990145087242 -0.004237948916852474
v -0.003199994098395109 0.025518950074911118 -0.004648983012884855
v -0.003199994098395109 0.024963969364762306 -0.00580096198245883
v -0.002899944083765149 0.022638969123363495 -0.006854950916022062
v -0.002899944083765149 0.026012949645519257 -0.0072219958528876305
v -0.003199994098395109 0.024963969364762306 -0.00580096198245883
v -0.002899944083765149 0.026012949645519257 -0.0072219958528876305
v -0.003199994098395109 0.025518950074911118 -0.004648983012884855
v -0.003199994098395109 0.025518950074911118 -0.004648983012884855
v -0.002899944083765149 0.026012949645519257 -0.0072219958528876305
v -0.002899944083765149 0.02686399035155773 -0.0027079579886049032
v -0.002899944083765149 0.007975994609296322 -0.02085399068892002
v -0.002899944083765149 0.013183950446546078 -0.019664999097585678
v -0.002899944083765149 0.015078959986567497 -0.016018979251384735
v -0.002899944083765149 0.015078959986567497 -0.016018979251384735
v -0.002899944083765149 0.017080960795283318 -0.020909959450364113
v -0.002899944083765149 0.018474990501999855 -0.011944940313696861
v -0.002899944083765149 0.018474990501999855 -0.011944940313696861
v -0.002899944083765149 0.017080960795283318 -0.020909959450364113
v -0.002899944083765149 0.019798990339040756 -0.014771989546716213
v -0.002899944083765149 0.018474990501999855 -0.011944940313696861
v -0.002899944083765149 0.019798990339040756 -0.014771989546716213
v -0.003199994098395109 0.019950980320572853 -0.01329594012349844
v -0.002899944083765149 0.0006639999919570982 -0.02198999933898449
v -0.003199994098395109 0.0038529629819095135 -0.02447897009551525
v -0.003199994098395109 0.004696965217590332 -0.023510990664362907
v -0.002899944083765149 0.0006639999919570982 -0.02198999933898449
v -0.003199994098395109 0.004696965217590332 -0.023510990664362907
v -0.002899944083765149 0.006820975802838802 -0.022942960262298584
v -0.003199994098395109 0.005899964831769466 -0.02457999996840954
v -0.002899944083765149 0.0072219958528876305 -0.026012949645519257
v -0.002899944083765149 0.006820975802838802 -0.022942960262298584
v -0.003199994098395109 0.005463956855237484 -0.025359980762004852
v -0.002899944083765149 0.0072219958528876305 -0.026012949645519257
v -0.003199994098395109 0.005899964831769466 -0.02457999996840954
v -0.002899944083765149 0.0072219958528876305 -0.026012949645519257
v -0.003199994098395109 0.005463956855237484 -0.025359980762004852
v -0.002899944083765149 0.0027079579886049032 -0.02686399035155773
v -0.002899944083765149 0.0027079579886049032 -0.02686399035155773
v -0.003199994098395109 0.005463956855237484 -0.025359980762004852
v -0.002899944083765149 0.003978967200964689 -0.025492960587143898
v -0.002899944083765149 0.0027079579886049032 -0.02686399035155773
v -0.002899944083765149 0.003978967200964689 -0.025492960587143898
v -0.002899944083765149 -0.0027079579886049032 -0.02686399035155773
v -0.002899944083765149 -0.0027079579886049032 -0.02686399035155773
v -0.002899944083765149 0.003978967200964689 -0.025492960587143898
v -0.002899944083765149 0.0006639999919570982 -0.02198999933898449
v -0.002899944083765149 0.0006639999919570982 -0.02198999933898449
v -0.002899944083765149 0.003978967200964689 -0.025492960587143898
v -0.003199994098395109 0.0038529629819095135 -0.02447897009551525
v -0.002899944083765149 -0.004581986926496029 -0.023227980360388756
v -0.002899944083765149 -0.006820975802838802 -0.022942960262298584
v -0.003199994098395109 -0.005515992175787687 -0.023717990145087242
v -0.002899944083765149 0.0006639999919570982 -0.02198999933898449
v -0.002899944083765149 -0.007975994609296322 -0.02085399068892002
v -0.002899944083765149 -0.006820975802838802 -0.022942960262298584
v -0.002899944083765149 0.0006639999919570982 -0.02198999933898449
v -0.002899944083765149 -0.006820975802838802 -0.022942960262298584
v -0.002899944083765149 -0.004581986926496029 -0.023227980360388756
v -0.002899944083765149 0.0006639999919570982 -0.02198999933898449
v -0.002899944083765149 -0.004581986926496029 -0.023227980360388756
v -0.002899944083765149 -0.0027079579886049032 -0.02686399035155773
v -0.002899944083765149 -0.0027079579886049032 -0.02686399035155773
v -0.002899944083765149 -0.004581986926496029 -0.023227980360388756
v -0.003199994098395109 -0.004648983012884855 -0.025518950074911118
v -0.002899944083765149 -0.0027079579886049032 -0.02686399035155773
v -0.003199994098395109 -0.004648983012884855 -0.025518950074911118
v -0.002899944083765149 -0.0072219958528876305 -0.026012949645519257
v -0.002899944083765149 -0.0072219958528876305 -0.026012949645519257
v -0.003199994098395109 -0.004648983012884855 -0.025518950074911118
v -0.002899944083765149 -0.006070971023291349 -0.025094980373978615
v -0.003199994098395109 -0.005515992175787687 -0.023717990145087242
v -0.002899944083765149 -0.006820975802838802 -0.022942960262298584
v -0.002899944083765149 -0.006070971023291349 -0.025094980373978615
v -0.002899944083765149 -0.006070971023291349 -0.025094980373978615
v -0.002899944083765149 -0.006820975802838802 -0.022942960262298584
v -0.002899944083765149 -0.0072219958528876305 -0.026012949645519257
v -0.003199994098395109 -0.017852960154414177 -0.01669299043715
v -0.002899944083765149 -0.01953594945371151 -0.014326980337500572
v -0.003199994098395109 -0.018558969721198082 -0.017205949872732162
v -0.003199994098395109 -0.018558969721198082 -0.017205949872732162
v -0.002899944083765149 -0.01953594945371151 -0.014326980337500572
v -0.002899944083765149 -0.02090197056531906 -0.017090970650315285
v -0.002899944083765149 -0.014255999587476254 -0.019513960927724838
v -0.002899944083765149 -0.016542969271540642 -0.01831299066543579
v -0.002899944083765149 -0.018866950646042824 -0.019313989207148552
v -0.002899944083765149 -0.02090197056531906 -0.017090970650315285
v -0.002899944083765149 -0.018866950646042824 -0.019313989207148552
v -0.003199994098395109 -0.018558969721198082 -0.017205949872732162
v -0.005399941932410002 -0.025323979556560516 -0.007388948928564787
v -0.002899944083765149 -0.026016950607299805 -0.007219970226287842
v -0.005399941932410002 -0.026784950867295265 -0.00622898293659091
v -0.0033999679144471884 -0.02736097015440464 -0.0027579660527408123
v -0.002899944083765149 -0.026016950607299805 -0.007219970226287842
v -0.002899944083765149 -0.02686399035155773 -0.0027079579886049032
v -0.002899944083765149 -0.026012949645519257 0.0072219958528876305
v -0.0033999679144471884 -0.026784950867295265 0.00622898293659091
v -0.002899944083765149 -0.02686399035155773 0.0027079579886049032
v -0.002899944083765149 -0.02686399035155773 0.0027079579886049032
v -0.0033999679144471884 -0.026784950867295265 0.00622898293659091
v -0.0033999679144471884 -0.027456989511847496 0.0015419720439240336
v -0.002899944083765149 -0.02686399035155773 0.0027079579886049032
v -0.0033999679144471884 -0.027456989511847496 0.0015419720439240336
v -0.002899944083765149 -0.02686399035155773 -0.0027079579886049032
v -0.002899944083765149 -0.02686399035155773 -0.0027079579886049032
v -0.0033999679144471884 -0.027456989511847496 0.0015419720439240336
v -0.0033999679144471884 -0.02736097015440464 -0.0027579660527408123
v -0.002899944083765149 -0.026012949645519257 0.0072219958528876305
v -0.005299984943121672 -0.02427195943892002 0.007532000076025724
v -0.005399941932410002 -0.026784950867295265 0.00622898293659091
v -0.002899944083765149 -0.026012949645519257 0.0072219958528876305
v -0.005399941932410002 -0.026784950867295265 0.00622898293659091
v -0.0033999679144471884 -0.026784950867295265 0.00622898293659091
v -0.005299984943121672 -0.023096969351172447 0.007216989062726498
v -0.005299984943121672 -0.02427195943892002 0.007532000076025724
v -0.002899944083765149 -0.022942960262298584 0.006820975802838802
v -0.002899944083765149 -0.022942960262298584 0.006820975802838802
v -0.005299984943121672 -0.02427195943892002 0.007532000076025724
v -0.002899944083765149 -0.026012949645519257 0.0072219958528876305
v -0.005399941932410002 -0.023129990324378014 0.012678979896008968
v -0.005399941932410002 -0.023344989866018295 0.014534950256347656
v -0.005399941932410002 -0.02406894974410534 0.013301960192620754
v -0.005399941932410002 -0.02642500028014183 0.007612943183630705
v -0.005299984943121672 -0.025446949526667595 0.009566961787641048
v -0.005399941932410002 -0.02406894974410534 0.013301960192620754
v -0.005399941932410002 -0.02406894974410534 0.013301960192620754
v -0.005299984943121672 -0.025446949526667595 0.009566961787641048
v -0.005299984943121672 -0.023096969351172447 0.011916990391910076
v -0.005399941932410002 -0.02406894974410534 0.013301960192620754
v -0.005299984943121672 -0.023096969351172447 0.011916990391910076
v -0.005399941932410002 -0.023129990324378014 0.012678979896008968
v -0.005399941932410002 -0.02642500028014183 0.007612943183630705
v -0.005399941932410002 -0.026784950867295265 0.00622898293659091
v -0.005299984943121672 -0.02427195943892002 0.007532000076025724
v -0.005399941932410002 -0.02642500028014183 0.007612943183630705
v -0.005299984943121672 -0.02427195943892002 0.007532000076025724
v -0.005299984943121672 -0.025446949526667595 0.009566961787641048
v -0.005399941932410002 -0.0203859806060791 0.009105980396270752
v -0.005399941932410002 -0.021045979112386703 0.011399979703128338
v -0.005299984943121672 -0.021259959787130356 0.011031979694962502
v -0.005299984943121672 -0.021259959787130356 0.011031979694962502
v -0.005399941932410002 -0.021045979112386703 0.011399979703128338
v -0.005399941932410002 -0.023129990324378014 0.012678979896008968
v -0.005299984943121672 -0.021259959787130356 0.011031979694962502
v -0.005399941932410002 -0.023129990324378014 0.012678979896008968
v -0.005299984943121672 -0.023096969351172447 0.011916990391910076
v -0.005399941932410002 -0.023344989866018295 0.014534950256347656
v -0.002899944083765149 -0.023500969633460045 0.013286939822137356
v -0.0033999679144471884 -0.023344989866018295 0.014534950256347656
v -0.005399941932410002 -0.023129990324378014 0.012678979896008968
v -0.002899944083765149 -0.023500969633460045 0.013286939822137356
v -0.005399941932410002 -0.023344989866018295 0.014534950256347656
v -0.002899944083765149 -0.015845000743865967 0.02186094969511032
v -0.002899944083765149 -0.01328795962035656 0.023500969633460045
v -0.0033999679144471884 -0.01739698089659214 0.021296970546245575
v -0.002899944083765149 -0.015845000743865967 0.02186094969511032
v -0.0033999679144471884 -0.01739698089659214 0.021296970546245575
v -0.002899944083765149 -0.019315000623464584 0.018866950646042824
v -0.002899944083765149 -0.019315000623464584 0.018866950646042824
v -0.0033999679144471884 -0.01739698089659214 0.021296970546245575
v -0.0033999679144471884 -0.020504949614405632 0.018324969336390495
v -0.002899944083765149 -0.019315000623464584 0.018866950646042824
v -0.0033999679144471884 -0.020504949614405632 0.018324969336390495
v -0.002899944083765149 -0.023500969633460045 0.013286939822137356
v -0.002899944083765149 -0.023500969633460045 0.013286939822137356
v -0.0033999679144471884 -0.020504949614405632 0.018324969336390495
v -0.0033999679144471884 -0.023344989866018295 0.014534950256347656
v -0.005399941932410002 -0.014534950256347656 0.023344989866018295
v -0.002899944083765149 -0.01328795962035656 0.023500969633460045
v -0.005299984943121672 -0.011836940422654152 0.022488949820399284
v -0.002899944083765149 -0.011399979703128338 0.021045979112386703
v -0.005299984943121672 -0.011836940422654152 0.022488949820399284
v -0.002899944083765149 -0.01328795962035656 0.023500969633460045
v -0.005399941932410002 -0.014534950256347656 0.023344989866018295
v -0.005299984943121672 -0.011836940422654152 0.023705000057816505
v -0.005399941932410002 -0.010523970238864422 0.02540694922208786
v -0.005299984943121672 -0.008958995342254639 0.02536696009337902
v -0.005399941932410002 -0.006820975802838802 0.022942960262298584
v -0.005399941932410002 -0.007223962806165218 0.026009969413280487
v -0.005399941932410002 -0.00622898293659091 0.026784950867295265
v -0.005399941932410002 -0.010523970238864422 0.02540694922208786
v -0.005399941932410002 -0.007223962806165218 0.026009969413280487
v -0.005399941932410002 -0.007223962806165218 0.026009969413280487
v -0.005399941932410002 -0.010523970238864422 0.02540694922208786
v -0.005299984943121672 -0.008958995342254639 0.02536696009337902
v -0.005299984943121672 -0.011836940422654152 0.023705000057816505
v -0.005399941932410002 -0.014534950256347656 0.023344989866018295
v -0.005299984943121672 -0.011836940422654152 0.022488949820399284
v -0.005399941932410002 -0.00622898293659091 0.026784950867295265
v -0.005399941932410002 -0.007223962806165218 0.026009969413280487
v -0.0033119909930974245 -0.0067139859311282635 0.026577940210700035
v -0.0033119909930974245 -0.0067139859311282635 0.026577940210700035
v -0.005399941932410002 -0.007223962806165218 0.026009969413280487
v -0.002899944083765149 -0.007388948928564787 0.02532093971967697
v -0.002899944083765149 -0.007388948928564787 0.02532093971967697
v -0.002899944083765149 -0.0027079579886049032 0.02686399035155773
v -0.0033119909930974245 -0.0067139859311282635 0.026577940210700035
v -0.002899944083765149 0.0072219958528876305 0.026012949645519257
v -0.0033999679144471884 0.00622898293659091 0.026784950867295265
v -0.002899944083765149 0.0027079579886049032 0.02686399035155773
v -0.0033999679144471884 0.00622898293659091 0.026784950867295265
v -0.0033999679144471884 0.0015419720439240336 0.027456989511847496
v -0.002899944083765149 0.0027079579886049032 0.02686399035155773
v -0.002899944083765149 0.0027079579886049032 0.02686399035155773
v -0.0033999679144471884 0.0015419720439240336 0.027456989511847496
v -0.002899944083765149 -0.0027079579886049032 0.02686399035155773
v -0.002899944083765149 -0.0027079579886049032 0.02686399035155773
v -0.0033999679144471884 0.0015419720439240336 0.027456989511847496
v -0.0033999679144471884 -0.0027579660527408123 0.02736097015440464
v -0.002899944083765149 -0.0027079579886049032 0.02686399035155773
v -0.0033999679144471884 -0.0027579660527408123 0.02736097015440464
v -0.0033119909930974245 -0.0067139859311282635 0.026577940210700035
v -0.002899944083765149 0.0072219958528876305 0.026012949645519257
v -0.005399941932410002 0.007388948928564787 0.02532093971967697
v -0.005399941932410002 0.00622898293659091 0.026784950867295265
v -0.002899944083765149 0.0072219958528876305 0.026012949645519257
v -0.005399941932410002 0.00622898293659091 0.026784950867295265
v -0.0033999679144471884 0.00622898293659091 0.026784950867295265
v -0.005399941932410002 0.006820975802838802 0.022942960262298584
v -0.005399941932410002 0.007388948928564787 0.02532093971967697
v -0.002899944083765149 0.0072219958528876305 0.026012949645519257
v -0.005399941932410002 0.007612943183630705 0.02642500028014183
v -0.005399941932410002 0.00622898293659091 0.026784950867295265
v -0.005399941932410002 0.007388948928564787 0.02532093971967697
v -0.005399941932410002 0.007388948928564787 0.02532093971967697
v -0.005299984943121672 0.009043990634381771 0.025388000532984734
v -0.005399941932410002 0.007612943183630705 0.02642500028014183
v -0.005399941932410002 0.007612943183630705 0.02642500028014183
v -0.005299984943121672 0.009043990634381771 0.025388000532984734
v -0.005299984943121672 0.011031979694962502 0.024933990091085434
v -0.005399941932410002 0.007612943183630705 0.02642500028014183
v -0.005299984943121672 0.011031979694962502 0.024933990091085434
v -0.005399941932410002 0.013301960192620754 0.02406894974410534
v -0.005399941932410002 0.014534950256347656 0.023344989866018295
v -0.005399941932410002 0.013301960192620754 0.02406894974410534
v -0.005399941932410002 0.012678979896008968 0.023129990324378014
v -0.005399941932410002 0.012678979896008968 0.023129990324378014
v -0.005399941932410002 0.013301960192620754 0.02406894974410534
v -0.005299984943121672 0.011031979694962502 0.024933990091085434
v -0.005299984943121672 0.009043990634381771 0.025388000532984734
v -0.005399941932410002 0.007388948928564787 0.02532093971967697
v -0.005399941932410002 0.006820975802838802 0.022942960262298584
v -0.005399941932410002 0.011399979703128338 0.021045979112386703
v -0.005399941932410002 0.012678979896008968 0.023129990324378014
v -0.005299984943121672 0.011031979694962502 0.024933990091085434
v -0.0033999679144471884 0.014534950256347656 0.023344989866018295
v -0.005399941932410002 0.014534950256347656 0.023344989866018295
v -0.002899944083765149 0.013286939822137356 0.023500969633460045
v -0.002899944083765149 0.013286939822137356 0.023500969633460045
v -0.005399941932410002 0.014534950256347656 0.023344989866018295
v -0.005399941932410002 0.012678979896008968 0.023129990324378014
v -0.002899944083765149 0.023110980167984962 0.012673970311880112
v -0.003397940890863538 0.023368949070572853 0.01449298020452261
v -0.002899944083765149 0.02186094969511032 0.015845950692892075
v -0.002899944083765149 0.02186094969511032 0.015845950692892075
v -0.003397940890863538 0.023368949070572853 0.01449298020452261
v -0.0033999679144471884 0.02128898911178112 0.017407000064849854
v -0.002899944083765149 0.02186094969511032 0.015845950692892075
v -0.0033999679144471884 0.02128898911178112 0.017407000064849854
v -0.002899944083765149 0.018866950646042824 0.019313989207148552
v -0.002899944083765149 0.018866950646042824 0.019313989207148552
v -0.0033999679144471884 0.02128898911178112 0.017407000064849854
v -0.0033999679144471884 0.018324969336390495 0.020504949614405632
v -0.002899944083765149 0.018866950646042824 0.019313989207148552
v -0.0033999679144471884 0.018324969336390495 0.020504949614405632
v -0.002899944083765149 0.013286939822137356 0.023500969633460045
v -0.002899944083765149 0.013286939822137356 0.023500969633460045
v -0.0033999679144471884 0.018324969336390495 0.020504949614405632
v -0.0033999679144471884 0.014534950256347656 0.023344989866018295
v -0.002899944083765149 0.023110980167984962 0.012673970311880112
v -0.005399941932410002 0.023110980167984962 0.012673970311880112
v -0.005399941932410002 0.023328950628638268 0.014560990035533905
v -0.002899944083765149 0.023110980167984962 0.012673970311880112
v -0.005399941932410002 0.023328950628638268 0.014560990035533905
v -0.003397940890863538 0.023368949070572853 0.01449298020452261
v -0.005299984943121672 0.0218469500541687 0.007576941978186369
v -0.005399941932410002 0.022942960262298584 0.006820975802838802
v -0.005299984943121672 0.024758990854024887 0.007904945872724056
v -0.005299984943121672 0.024758990854024887 0.007904945872724056
v -0.005399941932410002 0.022942960262298584 0.006820975802838802
v -0.005399941932410002 0.025389960035681725 0.007387994788587093
v -0.005299984943121672 0.024758990854024887 0.007904945872724056
v -0.005399941932410002 0.025389960035681725 0.007387994788587093
v -0.005399941932410002 0.02540694922208786 0.010523970238864422
v -0.005399941932410002 0.02540694922208786 0.010523970238864422
v -0.005399941932410002 0.023328950628638268 0.014560990035533905
v -0.005299984943121672 0.024346940219402313 0.011556980200111866
v -0.005299984943121672 0.024346940219402313 0.011556980200111866
v -0.005399941932410002 0.023328950628638268 0.014560990035533905
v -0.005399941932410002 0.023110980167984962 0.012673970311880112
v -0.005299984943121672 0.024346940219402313 0.011556980200111866
v -0.005399941932410002 0.023110980167984962 0.012673970311880112
v -0.005299984943121672 0.022320980206131935 0.011784969829022884
v -0.005399941932410002 0.025389960035681725 0.007387994788587093
v -0.005399941932410002 0.026784950867295265 0.00622898293659091
v -0.005399941932410002 0.02540694922208786 0.010523970238864422
v -0.005299984943121672 0.022320980206131935 0.011784969829022884
v -0.005399941932410002 0.023110980167984962 0.012673970311880112
v -0.005399941932410002 0.021045979112386703 0.011399979703128338
v -0.005299984943121672 0.022320980206131935 0.011784969829022884
v -0.005399941932410002 0.021045979112386703 0.011399979703128338
v -0.005399941932410002 0.020453980192542076 0.010327990166842937
v -0.002899944083765149 0.026016950607299805 0.007219970226287842
v -0.005399941932410002 0.026784950867295265 0.00622898293659091
v -0.005399941932410002 0.025389960035681725 0.007387994788587093
v -0.002899944083765149 0.026012949645519257 -0.0072219958528876305
v -0.0033999679144471884 0.026784950867295265 -0.00622898293659091
v -0.002899944083765149 0.02686399035155773 -0.0027079579886049032
v -0.0033999679144471884 0.026784950867295265 -0.00622898293659091
v -0.0033999679144471884 0.027456989511847496 -0.0015419720439240336
v -0.002899944083765149 0.02686399035155773 -0.0027079579886049032
v -0.002899944083765149 0.02686399035155773 -0.0027079579886049032
v -0.0033999679144471884 0.027456989511847496 -0.0015419720439240336
v -0.002899944083765149 0.02686399035155773 0.0027079579886049032
v -0.002899944083765149 0.02686399035155773 0.0027079579886049032
v -0.0033999679144471884 0.027456989511847496 -0.0015419720439240336
v -0.0033999679144471884 0.02736097015440464 0.0027579660527408123
v -0.002899944083765149 0.02686399035155773 0.0027079579886049032
v -0.0033999679144471884 0.02736097015440464 0.0027579660527408123
v -0.002899944083765149 0.026016950607299805 0.007219970226287842
v -0.002899944083765149 0.026012949645519257 -0.0072219958528876305
v -0.005399941932410002 0.02532093971967697 -0.007388948928564787
v -0.005399941932410002 0.026784950867295265 -0.00622898293659091
v -0.002899944083765149 0.026012949645519257 -0.0072219958528876305
v -0.005399941932410002 0.026784950867295265 -0.00622898293659091
v -0.0033999679144471884 0.026784950867295265 -0.00622898293659091
v -0.005299984943121672 0.023096969351172447 -0.011916990391910076
v -0.005399941932410002 0.023344989866018295 -0.014534950256347656
v -0.005399941932410002 0.02406894974410534 -0.013301960192620754
v -0.005299984943121672 0.02427195943892002 -0.011601979844272137
v -0.005299984943121672 0.023096969351172447 -0.011916990391910076
v -0.005399941932410002 0.02406894974410534 -0.013301960192620754
v -0.005299984943121672 0.02427195943892002 -0.011601979844272137
v -0.005399941932410002 0.02406894974410534 -0.013301960192620754
v -0.005299984943121672 0.025446949526667595 -0.009566961787641048
v -0.005299984943121672 0.025446949526667595 -0.009566961787641048
v -0.005399941932410002 0.02406894974410534 -0.013301960192620754
v -0.005399941932410002 0.02642500028014183 -0.007612943183630705
v -0.005399941932410002 0.02642500028014183 -0.007612943183630705
v -0.005399941932410002 0.026784950867295265 -0.00622898293659091
v -0.005399941932410002 0.02532093971967697 -0.007388948928564787
v -0.005399941932410002 0.02642500028014183 -0.007612943183630705
v -0.005399941932410002 0.02532093971967697 -0.007388948928564787
v -0.005299984943121672 0.025446949526667595 -0.009566961787641048
v -0.005299984943121672 0.025446949526667595 -0.009566961787641048
v -0.005399941932410002 0.02532093971967697 -0.007388948928564787
v -0.005299984943121672 0.023096969351172447 -0.007216989062726498
v -0.0033999679144471884 0.023344989866018295 -0.014534950256347656
v -0.005399941932410002 0.023344989866018295 -0.014534950256347656
v -0.002899944083765149 0.023500969633460045 -0.013286939822137356
v -0.002899944083765149 0.023500969633460045 -0.013286939822137356
v -0.005399941932410002 0.023344989866018295 -0.014534950256347656
v -0.005299984943121672 0.023096969351172447 -0.011916990391910076
v -0.002899944083765149 0.017080960795283318 -0.020909959450364113
v -0.002899944083765149 0.01328795962035656 -0.023500969633460045
v -0.0033999679144471884 0.01739698089659214 -0.021296970546245575
v -0.002899944083765149 0.017080960795283318 -0.020909959450364113
v -0.0033999679144471884 0.01739698089659214 -0.021296970546245575
v -0.0033999679144471884 0.020504949614405632 -0.018324969336390495
v -0.002899944083765149 0.017080960795283318 -0.020909959450364113
v -0.0033999679144471884 0.020504949614405632 -0.018324969336390495
v -0.002899944083765149 0.023500969633460045 -0.013286939822137356
v -0.002899944083765149 0.023500969633460045 -0.013286939822137356
v -0.0033999679144471884 0.020504949614405632 -0.018324969336390495
v -0.0033999679144471884 0.023344989866018295 -0.014534950256347656
v -0.005299984943121672 0.011836940422654152 -0.023705000057816505
v -0.005399941932410002 0.010523970238864422 -0.02540694922208786
v -0.005399941932410002 0.014534950256347656 -0.023344989866018295
v -0.005299984943121672 0.008958995342254639 -0.02536696009337902
v -0.005399941932410002 0.006820975802838802 -0.022942960262298584
v -0.005399941932410002 0.007223962806165218 -0.026009969413280487
v -0.005299984943121672 0.011836940422654152 -0.023705000057816505
v -0.005399941932410002 0.014534950256347656 -0.023344989866018295
v -0.005299984943121672 0.011836940422654152 -0.022488949820399284
v -0.005399941932410002 0.00622898293659091 -0.026784950867295265
v -0.005399941932410002 0.010523970238864422 -0.02540694922208786
v -0.005399941932410002 0.007223962806165218 -0.026009969413280487
v -0.005399941932410002 0.007223962806165218 -0.026009969413280487
v -0.005399941932410002 0.010523970238864422 -0.02540694922208786
v -0.005299984943121672 0.008958995342254639 -0.02536696009337902
v -0.005399941932410002 0.00622898293659091 -0.026784950867295265
v -0.005399941932410002 0.007223962806165218 -0.026009969413280487
v -0.002899944083765149 0.0072219958528876305 -0.026012949645519257
v -0.002899944083765149 0.0027079579886049032 -0.02686399035155773
v -0.0033999679144471884 0.0027579660527408123 -0.02736097015440464
v -0.002899944083765149 0.0072219958528876305 -0.026012949645519257
v -0.002899944083765149 -0.0072219958528876305 -0.026012949645519257
v -0.0033999679144471884 -0.00622898293659091 -0.026784950867295265
v -0.002899944083765149 -0.0027079579886049032 -0.02686399035155773
v -0.002899944083765149 -0.0027079579886049032 -0.02686399035155773
v -0.0033999679144471884 -0.00622898293659091 -0.026784950867295265
v -0.0033999679144471884 -0.0015419720439240336 -0.027456989511847496
v -0.002899944083765149 -0.0027079579886049032 -0.02686399035155773
v -0.0033999679144471884 -0.0015419720439240336 -0.027456989511847496
v -0.002899944083765149 0.0027079579886049032 -0.02686399035155773
v -0.002899944083765149 0.0027079579886049032 -0.02686399035155773
v -0.0033999679144471884 -0.0015419720439240336 -0.027456989511847496
v -0.0033999679144471884 0.0027579660527408123 -0.02736097015440464
v -0.002899944083765149 -0.0072219958528876305 -0.026012949645519257
v -0.005399941932410002 -0.007388948928564787 -0.02532093971967697
v -0.005399941932410002 -0.00622898293659091 -0.026784950867295265
v -0.002899944083765149 -0.0072219958528876305 -0.026012949645519257
v -0.005399941932410002 -0.00622898293659091 -0.026784950867295265
v -0.0033999679144471884 -0.00622898293659091 -0.026784950867295265
v -0.005299984943121672 -0.011916990391910076 -0.023096969351172447
v -0.005399941932410002 -0.014534950256347656 -0.023344989866018295
v -0.005399941932410002 -0.013301960192620754 -0.02406894974410534
v -0.005399941932410002 -0.007612943183630705 -0.02642500028014183
v -0.005399941932410002 -0.00622898293659091 -0.026784950867295265
v -0.005399941932410002 -0.007388948928564787 -0.02532093971967697
v -0.005399941932410002 -0.007612943183630705 -0.02642500028014183
v -0.005399941932410002 -0.007388948928564787 -0.02532093971967697
v -0.005299984943121672 -0.008101998828351498 -0.024933990091085434
v -0.005299984943121672 -0.008101998828351498 -0.024933990091085434
v -0.005299984943121672 -0.011031979694962502 -0.024933990091085434
v -0.005399941932410002 -0.007612943183630705 -0.02642500028014183
v -0.005399941932410002 -0.007612943183630705 -0.02642500028014183
v -0.005299984943121672 -0.011031979694962502 -0.024933990091085434
v -0.005399941932410002 -0.013301960192620754 -0.02406894974410534
v -0.005299984943121672 -0.011916990391910076 -0.023096969351172447
v -0.005399941932410002 -0.013301960192620754 -0.02406894974410534
v -0.005299984943121672 -0.011031979694962502 -0.024933990091085434
v -0.005299984943121672 -0.008101998828351498 -0.024933990091085434
v -0.005399941932410002 -0.007388948928564787 -0.02532093971967697
v -0.005399941932410002 -0.006820975802838802 -0.022942960262298584
v -0.0033999679144471884 -0.014534950256347656 -0.023344989866018295
v -0.005399941932410002 -0.014534950256347656 -0.023344989866018295
v -0.002899944083765149 -0.013286939822137356 -0.023500969633460045
v -0.002899944083765149 -0.013286939822137356 -0.023500969633460045
v -0.005399941932410002 -0.014534950256347656 -0.023344989866018295
v -0.005299984943121672 -0.011916990391910076 -0.023096969351172447
v -0.002899944083765149 -0.02090197056531906 -0.017090970650315285
v -0.002899944083765149 -0.02349299006164074 -0.013306969776749611
v -0.0033999679144471884 -0.02128898911178112 -0.017407000064849854
v -0.002899944083765149 -0.02090197056531906 -0.017090970650315285
v -0.0033999679144471884 -0.02128898911178112 -0.017407000064849854
v -0.002899944083765149 -0.018866950646042824 -0.019313989207148552
v -0.002899944083765149 -0.018866950646042824 -0.019313989207148552
v -0.0033999679144471884 -0.02128898911178112 -0.017407000064849854
v -0.0033999679144471884 -0.018324969336390495 -0.020504949614405632
v -0.002899944083765149 -0.018866950646042824 -0.019313989207148552
v -0.0033999679144471884 -0.018324969336390495 -0.020504949614405632
v -0.002899944083765149 -0.013286939822137356 -0.023500969633460045
v -0.002899944083765149 -0.013286939822137356 -0.023500969633460045
v -0.0033999679144471884 -0.018324969336390495 -0.020504949614405632
v -0.0033999679144471884 -0.014534950256347656 -0.023344989866018295
v -0.005399941932410002 0.006820975802838802 -0.022942960262298584
v -0.002899944083765149 0.0072219958528876305 -0.026012949645519257
v -0.005399941932410002 0.007223962806165218 -0.026009969413280487
v -0.005399941932410002 0.011399979703128338 -0.021045979112386703
v -0.002899944083765149 0.011399979703128338 -0.021045979112386703
v -0.005399941932410002 0.009105980396270752 -0.0203859806060791
v -0.005399941932410002 0.009105980396270752 -0.0203859806060791
v -0.002899944083765149 0.011399979703128338 -0.021045979112386703
v -0.002899944083765149 0.007975994609296322 -0.02085399068892002
v -0.005399941932410002 0.009105980396270752 -0.0203859806060791
v -0.002899944083765149 0.007975994609296322 -0.02085399068892002
v -0.005399941932410002 0.007975994609296322 -0.02085399068892002
v -0.002899944083765149 0.007975994609296322 -0.02085399068892002
v -0.002899944083765149 0.006820975802838802 -0.022942960262298584
v -0.005399941932410002 0.007975994609296322 -0.02085399068892002
v -0.005399941932410002 0.007975994609296322 -0.02085399068892002
v -0.002899944083765149 0.006820975802838802 -0.022942960262298584
v -0.005399941932410002 0.006820975802838802 -0.022942960262298584
v -0.005399941932410002 0.006820975802838802 -0.022942960262298584
v -0.002899944083765149 0.006820975802838802 -0.022942960262298584
v -0.002899944083765149 0.0072219958528876305 -0.026012949645519257
v -0.0030999770388007164 0.011228970251977444 -0.021434960886836052
v -0.005299984943121672 0.011836940422654152 -0.022488949820399284
v -0.005399941932410002 0.009105980396270752 -0.0203859806060791
v -0.0030999770388007164 0.011228970251977444 -0.021434960886836052
v -0.005399941932410002 0.009105980396270752 -0.0203859806060791
v -0.0030999770388007164 0.0093039870262146 -0.02076195925474167
v -0.0030999770388007164 0.0093039870262146 -0.02076195925474167
v -0.005399941932410002 0.009105980396270752 -0.0203859806060791
v -0.005399941932410002 0.007975994609296322 -0.02085399068892002
v -0.0030999770388007164 0.0093039870262146 -0.02076195925474167
v -0.005399941932410002 0.007975994609296322 -0.02085399068892002
v -0.0030999770388007164 0.007231949828565121 -0.02283399924635887
v -0.0030999770388007164 0.007231949828565121 -0.02283399924635887
v -0.005399941932410002 0.007975994609296322 -0.02085399068892002
v -0.005399941932410002 0.006820975802838802 -0.022942960262298584
v -0.0029999609105288982 0.011209960095584393 -0.024739980697631836
v -0.005399941932410002 0.010523970238864422 -0.02540694922208786
v -0.005299984943121672 0.011836940422654152 -0.023705000057816505
v -0.0029999609105288982 0.011209960095584393 -0.024739980697631836
v -0.005299984943121672 0.011836940422654152 -0.023705000057816505
v -0.0030999770388007164 0.011836940422654152 -0.023705000057816505
v -0.0030999770388007164 0.011836940422654152 -0.023705000057816505
v -0.005299984943121672 0.011836940422654152 -0.023705000057816505
v -0.005299984943121672 0.011836940422654152 -0.022488949820399284
v -0.0030999770388007164 0.011836940422654152 -0.023705000057816505
v -0.005299984943121672 0.011836940422654152 -0.022488949820399284
v -0.0030999770388007164 0.011228970251977444 -0.021434960886836052
v -0.002899944083765149 0.0072219958528876305 0.026012949645519257
v -0.002899944083765149 0.006854950916022062 0.022638969123363495
v -0.005399941932410002 0.006820975802838802 0.022942960262298584
v -0.005399941932410002 0.006820975802838802 0.022942960262298584
v -0.002899944083765149 0.006854950916022062 0.022638969123363495
v -0.005399941932410002 0.007159947883337736 0.021766960620880127
v -0.005399941932410002 0.007159947883337736 0.021766960620880127
v -0.002899944083765149 0.006854950916022062 0.022638969123363495
v -0.002899944083765149 0.007975994609296322 0.02085399068892002
v -0.005399941932410002 0.007159947883337736 0.021766960620880127
v -0.002899944083765149 0.007975994609296322 0.02085399068892002
v -0.005399941932410002 0.009105980396270752 0.0203859806060791
v -0.005399941932410002 0.009105980396270752 0.0203859806060791
v -0.002899944083765149 0.007975994609296322 0.02085399068892002
v -0.002899944083765149 0.010327990166842937 0.020453980192542076
v -0.005399941932410002 0.009105980396270752 0.0203859806060791
v -0.002899944083765149 0.010327990166842937 0.020453980192542076
v -0.005399941932410002 0.011399979703128338 0.021045979112386703
v -0.005399941932410002 0.011399979703128338 0.021045979112386703
v -0.002899944083765149 0.010327990166842937 0.020453980192542076
v -0.002899944083765149 0.011399979703128338 0.021045979112386703
v -0.005399941932410002 0.011399979703128338 0.021045979112386703
v -0.002899944083765149 0.011399979703128338 0.021045979112386703
v -0.005399941932410002 0.012678979896008968 0.023129990324378014
v -0.005399941932410002 0.012678979896008968 0.023129990324378014
v -0.002899944083765149 0.011399979703128338 0.021045979112386703
v -0.002899944083765149 0.013286939822137356 0.023500969633460045
v -0.005399941932410002 -0.006820975802838802 0.022942960262298584
v -0.002899944083765149 -0.007388948928564787 0.02532093971967697
v -0.005399941932410002 -0.007223962806165218 0.026009969413280487
v -0.005299984943121672 -0.011836940422654152 0.022488949820399284
v -0.002899944083765149 -0.011399979703128338 0.021045979112386703
v -0.005399941932410002 -0.011399979703128338 0.021045979112386703
v -0.005399941932410002 -0.011399979703128338 0.021045979112386703
v -0.002899944083765149 -0.011399979703128338 0.021045979112386703
v -0.002899944083765149 -0.009105980396270752 0.0203859806060791
v -0.005399941932410002 -0.011399979703128338 0.021045979112386703
v -0.002899944083765149 -0.009105980396270752 0.0203859806060791
v -0.005399941932410002 -0.009105980396270752 0.0203859806060791
v -0.005399941932410002 -0.009105980396270752 0.0203859806060791
v -0.002899944083765149 -0.009105980396270752 0.0203859806060791
v -0.002899944083765149 -0.007975994609296322 0.02085399068892002
v -0.005399941932410002 -0.009105980396270752 0.0203859806060791
v -0.002899944083765149 -0.007975994609296322 0.02085399068892002
v -0.005399941932410002 -0.007159947883337736 0.021766960620880127
v -0.005399941932410002 -0.007159947883337736 0.021766960620880127
v -0.002899944083765149 -0.007975994609296322 0.02085399068892002
v -0.002899944083765149 -0.006820975802838802 0.022942960262298584
v -0.005399941932410002 -0.007159947883337736 0.021766960620880127
v -0.002899944083765149 -0.006820975802838802 0.022942960262298584
v -0.005399941932410002 -0.006820975802838802 0.022942960262298584
v -0.005399941932410002 -0.006820975802838802 0.022942960262298584
v -0.002899944083765149 -0.006820975802838802 0.022942960262298584
v -0.002899944083765149 -0.007388948928564787 0.02532093971967697
v -0.002899944083765149 -0.021045979112386703 0.011399979703128338
v -0.002899944083765149 -0.023500969633460045 0.013286939822137356
v -0.005399941932410002 -0.023129990324378014 0.012678979896008968
v -0.005299984943121672 -0.023096969351172447 0.007216989062726498
v -0.002899944083765149 -0.022942960262298584 0.006820975802838802
v -0.005399941932410002 -0.021766960620880127 0.007159947883337736
v -0.002899944083765149 -0.022942960262298584 0.006820975802838802
v -0.002899944083765149 -0.021766960620880127 0.007159947883337736
v -0.005399941932410002 -0.021766960620880127 0.007159947883337736
v -0.005399941932410002 -0.021766960620880127 0.007159947883337736
v -0.002899944083765149 -0.021766960620880127 0.007159947883337736
v -0.002899944083765149 -0.0203859806060791 0.009105980396270752
v -0.005399941932410002 -0.021766960620880127 0.007159947883337736
v -0.002899944083765149 -0.0203859806060791 0.009105980396270752
v -0.005399941932410002 -0.0203859806060791 0.009105980396270752
v -0.005399941932410002 -0.0203859806060791 0.009105980396270752
v -0.002899944083765149 -0.0203859806060791 0.009105980396270752
v -0.005399941932410002 -0.021045979112386703 0.011399979703128338
v -0.005399941932410002 -0.021045979112386703 0.011399979703128338
v -0.002899944083765149 -0.0203859806060791 0.009105980396270752
v -0.002899944083765149 -0.021045979112386703 0.011399979703128338
v -0.005399941932410002 -0.021045979112386703 0.011399979703128338
v -0.002899944083765149 -0.021045979112386703 0.011399979703128338
v -0.005399941932410002 -0.023129990324378014 0.012678979896008968
v -0.003199994098395109 -0.014481959864497185 -0.021622950211167336
v -0.002899944083765149 -0.013286939822137356 -0.023500969633460045
v -0.003199994098395109 -0.01360499020665884 -0.021771959960460663
v -0.003199994098395109 -0.012865959666669369 -0.020728999748826027
v -0.003199994098395109 -0.01360499020665884 -0.021771959960460663
v -0.002899944083765149 -0.011399979703128338 -0.021045979112386703
v -0.002899944083765149 -0.014255999587476254 -0.019513960927724838
v -0.003199994098395109 -0.012865959666669369 -0.020728999748826027
v -0.002899944083765149 -0.011399979703128338 -0.021045979112386703
v -0.002899944083765149 -0.021045979112386703 -0.011399979703128338
v -0.003199994098395109 -0.020671959966421127 -0.01287095993757248
v -0.003199994098395109 -0.01991897076368332 -0.013343979604542255
v -0.003199994098395109 -0.02457999996840954 -0.005899964831769466
v -0.002899944083765149 -0.022942960262298584 -0.006820975802838802
v -0.003199994098395109 -0.02353297919034958 -0.005155980121344328
v -0.003199994098395109 -0.023717990145087242 0.004237948916852474
v -0.003199994098395109 -0.024963969364762306 0.003953992854803801
v -0.002899944083765149 -0.02686399035155773 0.0027079579886049032
v -0.003199994098395109 -0.014003990218043327 0.02180497907102108
v -0.002899944083765149 -0.015845000743865967 0.02186094969511032
v -0.003199994098395109 -0.01475697010755539 0.02133196033537388
v -0.003199994098395109 -0.005823968909680843 0.024126939475536346
v -0.002899944083765149 -0.006820975802838802 0.022942960262298584
v -0.003199994098395109 -0.005160986911505461 0.023534949868917465
v -0.003199994098395109 0.003953992854803801 0.024963969364762306
v -0.002899944083765149 0.0035519590601325035 0.024519970640540123
v -0.003199994098395109 0.0039549460634589195 0.024071989580988884
v -0.003199994098395109 0.005807994864881039 0.024089990183711052
v -0.003199994098395109 0.0039549460634589195 0.024071989580988884
v -0.002899944083765149 0.006854950916022062 0.022638969123363495
v -0.003199994098395109 0.02090197056531906 0.014907949604094028
v -0.003199994098395109 0.02165495976805687 0.014434989541769028
v -0.002899944083765149 0.02186094969511032 0.015845950692892075
v -0.003199994098395109 0.02090197056531906 0.014907949604094028
v -0.002899944083765149 0.02186094969511032 0.015845950692892075
v -0.003199994098395109 0.019817940890789032 0.014224939979612827
v -0.002899944083765149 0.021045979112386703 0.011399979703128338
v -0.003199994098395109 0.021753959357738495 0.013550990261137486
v -0.003199994098395109 0.020685970783233643 0.012869000434875488
v -0.003199994098395109 0.020685970783233643 0.012869000434875488
v -0.003199994098395109 0.019922969862818718 0.013336949981749058
v -0.002899944083765149 0.021045979112386703 0.011399979703128338
v -0.003199994098395109 0.02090197056531906 0.014907949604094028
v -0.003199994098395109 0.019817940890789032 0.014224939979612827
v -0.010399989783763885 0.020061960443854332 0.014613980427384377
v -0.003199994098395109 0.02090197056531906 0.014907949604094028
v -0.010399989783763885 0.020061960443854332 0.014613980427384377
v -0.010399989783763885 0.02090197056531906 0.014907949604094028
v -0.002899944083765149 0.022638969123363495 -0.006854950916022062
v -0.003199994098395109 0.023717990145087242 -0.005515992175787687
v -0.003199994098395109 0.023717990145087242 -0.004237948916852474
v -0.003199994098395109 0.021282970905303955 -0.014786000363528728
v -0.002899944083765149 0.023500969633460045 -0.013286939822137356
v -0.003199994098395109 0.021771959960460663 -0.01360499020665884
v -0.003199994098395109 0.005899964831769466 -0.02457999996840954
v -0.002899944083765149 0.006820975802838802 -0.022942960262298584
v -0.003199994098395109 0.004696965217590332 -0.023510990664362907
v -0.002899944083765149 -0.018866950646042824 -0.019313989207148552
v -0.003199994098395109 -0.017520960420370102 -0.018664950504899025
v -0.003199994098395109 -0.018558969721198082 -0.017205949872732162
v -0.002899944083765149 0.021749969571828842 0.0033099649008363485
v -0.002899944083765149 0.02032499946653843 0.0084189772605896
v -0.0033999679144471884 0.019862940534949303 0.008227944374084473
v -0.0033999679144471884 0.019862940534949303 0.008227944374084473
v -0.0033999679144471884 0.021254949271678925 0.0032349820248782635
v -0.002899944083765149 0.021749969571828842 0.0033099649008363485
v -0.002899944083765149 0.021749969571828842 0.0033099649008363485
v -0.0033999679144471884 0.021254949271678925 0.0032349820248782635
v -0.002899944083765149 0.02190995030105114 -0.0019909730181097984
v -0.0033999679144471884 0.021254949271678925 0.0032349820248782635
v -0.0033999679144471884 0.021411949768662453 -0.0019459719769656658
v -0.002899944083765149 0.02190995030105114 -0.0019909730181097984
v -0.002899944083765149 0.02190995030105114 -0.0019909730181097984
v -0.0033999679144471884 0.021411949768662453 -0.0019459719769656658
v -0.002899944083765149 0.0203859806060791 -0.009105980396270752
v -0.0033999679144471884 0.021411949768662453 -0.0019459719769656658
v -0.0033999679144471884 0.020323989912867546 -0.007012962829321623
v -0.002899944083765149 0.0203859806060791 -0.009105980396270752
v -0.002899944083765149 0.0203859806060791 -0.009105980396270752
v -0.0033999679144471884 0.020323989912867546 -0.007012962829321623
v -0.002899944083765149 0.018474990501999855 -0.011944940313696861
v -0.0033999679144471884 0.020323989912867546 -0.007012962829321623
v -0.0033999679144471884 0.018054960295557976 -0.011672969907522202
v -0.002899944083765149 0.018474990501999855 -0.011944940313696861
v -0.002899944083765149 0.018474990501999855 -0.011944940313696861
v -0.0033999679144471884 0.018054960295557976 -0.011672969907522202
v -0.002899944083765149 0.015078959986567497 -0.016018979251384735
v -0.0033999679144471884 0.0028059480246156454 -0.021315990015864372
v -0.002899944083765149 0.0006639999919570982 -0.02198999933898449
v -0.002899944083765149 0.007975994609296322 -0.02085399068892002
v -0.0033999679144471884 0.018054960295557976 -0.011672969907522202
v -0.0033999679144471884 0.014736950397491455 -0.015654979273676872
v -0.002899944083765149 0.015078959986567497 -0.016018979251384735
v -0.002899944083765149 0.015078959986567497 -0.016018979251384735
v -0.0033999679144471884 0.014736950397491455 -0.015654979273676872
v -0.0033999679144471884 0.01056199986487627 -0.018727000802755356
v -0.002899944083765149 0.015078959986567497 -0.016018979251384735
v -0.0033999679144471884 0.01056199986487627 -0.018727000802755356
v -0.002899944083765149 0.007975994609296322 -0.02085399068892002
v -0.002899944083765149 0.007975994609296322 -0.02085399068892002
v -0.0033999679144471884 0.01056199986487627 -0.018727000802755356
v -0.0033999679144471884 0.005772947799414396 -0.020709989592432976
v -0.002899944083765149 0.007975994609296322 -0.02085399068892002
v -0.0033999679144471884 0.005772947799414396 -0.020709989592432976
v -0.0033999679144471884 0.0028059480246156454 -0.021315990015864372
v -0.002899944083765149 0.0006639999919570982 -0.02198999933898449
v -0.0033999679144471884 0.0028059480246156454 -0.021315990015864372
v -0.0033999679144471884 -0.0028059480246156454 -0.021315990015864372
v -0.002899944083765149 0.0006639999919570982 -0.02198999933898449
v -0.0033999679144471884 -0.0028059480246156454 -0.021315990015864372
v -0.002899944083765149 -0.007975994609296322 -0.02085399068892002
v -0.002899944083765149 -0.007975994609296322 -0.02085399068892002
v -0.0033999679144471884 -0.0028059480246156454 -0.021315990015864372
v -0.0033999679144471884 -0.008227944374084473 -0.019862940534949303
v -0.002899944083765149 -0.007975994609296322 -0.02085399068892002
v -0.0033999679144471884 -0.008227944374084473 -0.019862940534949303
v -0.002899944083765149 -0.01408499013632536 -0.016899999231100082
v -0.0033999679144471884 -0.008227944374084473 -0.019862940534949303
v -0.0033999679144471884 -0.013764970004558563 -0.01651597023010254
v -0.002899944083765149 -0.01408499013632536 -0.016899999231100082
v -0.002899944083765149 -0.01408499013632536 -0.016899999231100082
v -0.0033999679144471884 -0.013764970004558563 -0.01651597023010254
v -0.002899944083765149 -0.01771998032927513 -0.013038990087807178
v -0.0033999679144471884 -0.019862940534949303 -0.008227944374084473
v -0.002899944083765149 -0.02032499946653843 -0.0084189772605896
v -0.0033999679144471884 -0.017316989600658417 -0.012741980142891407
v -0.0033999679144471884 -0.017316989600658417 -0.012741980142891407
v -0.002899944083765149 -0.02032499946653843 -0.0084189772605896
v -0.002899944083765149 -0.01771998032927513 -0.013038990087807178
v -0.0033999679144471884 -0.017316989600658417 -0.012741980142891407
v -0.002899944083765149 -0.01771998032927513 -0.013038990087807178
v -0.0033999679144471884 -0.013764970004558563 -0.01651597023010254
v -0.0033999679144471884 0.019862940534949303 0.008227944374084473
v -0.004999995231628418 0.019862940534949303 0.008227944374084473
v -0.0033999679144471884 0.021254949271678925 0.0032349820248782635
v -0.0033999679144471884 0.021254949271678925 0.0032349820248782635
v -0.004999995231628418 0.019862940534949303 0.008227944374084473
v -0.004999995231628418 0.021315990015864372 0.0028059480246156454
v -0.0033999679144471884 0.021254949271678925 0.0032349820248782635
v -0.004999995231628418 0.021315990015864372 0.0028059480246156454
v -0.0033999679144471884 0.021411949768662453 -0.0019459719769656658
v -0.0033999679144471884 0.021411949768662453 -0.0019459719769656658
v -0.004999995231628418 0.021315990015864372 0.0028059480246156454
v -0.004999995231628418 0.021315990015864372 -0.0028059480246156454
v -0.0033999679144471884 0.021411949768662453 -0.0019459719769656658
v -0.004999995231628418 0.021315990015864372 -0.0028059480246156454
v -0.0033999679144471884 0.020323989912867546 -0.007012962829321623
v -0.0033999679144471884 0.020323989912867546 -0.007012962829321623
v -0.004999995231628418 0.021315990015864372 -0.0028059480246156454
v -0.004999995231628418 0.019862940534949303 -0.008227944374084473
v -0.0033999679144471884 0.020323989912867546 -0.007012962829321623
v -0.004999995231628418 0.019862940534949303 -0.008227944374084473
v -0.0033999679144471884 0.018054960295557976 -0.011672969907522202
v -0.0033999679144471884 0.018054960295557976 -0.011672969907522202
v -0.004999995231628418 0.019862940534949303 -0.008227944374084473
v -0.004999995231628418 0.01705699972808361 -0.013087980449199677
v -0.0033999679144471884 0.018054960295557976 -0.011672969907522202
v -0.004999995231628418 0.01705699972808361 -0.013087980449199677
v -0.0033999679144471884 0.014736950397491455 -0.015654979273676872
v -0.0033999679144471884 0.014736950397491455 -0.015654979273676872
v -0.004999995231628418 0.01705699972808361 -0.013087980449199677
v -0.004999995231628418 0.013087980449199677 -0.01705699972808361
v -0.0033999679144471884 0.014736950397491455 -0.015654979273676872
v -0.004999995231628418 0.013087980449199677 -0.01705699972808361
v -0.0033999679144471884 0.01056199986487627 -0.018727000802755356
v -0.0033999679144471884 0.01056199986487627 -0.018727000802755356
v -0.004999995231628418 0.013087980449199677 -0.01705699972808361
v -0.004999995231628418 0.008227944374084473 -0.019862940534949303
v -0.0033999679144471884 0.01056199986487627 -0.018727000802755356
v -0.004999995231628418 0.008227944374084473 -0.019862940534949303
v -0.0033999679144471884 0.005772947799414396 -0.020709989592432976
v -0.004999995231628418 0.0028059480246156454 -0.021315990015864372
v -0.0033999679144471884 0.0028059480246156454 -0.021315990015864372
v -0.004999995231628418 0.008227944374084473 -0.019862940534949303
v -0.004999995231628418 0.008227944374084473 -0.019862940534949303
v -0.0033999679144471884 0.0028059480246156454 -0.021315990015864372
v -0.0033999679144471884 0.005772947799414396 -0.020709989592432976
v -0.004999995231628418 -0.008227944374084473 -0.019862940534949303
v -0.0033999679144471884 -0.008227944374084473 -0.019862940534949303
v -0.004999995231628418 -0.0028059480246156454 -0.021315990015864372
v -0.004999995231628418 -0.0028059480246156454 -0.021315990015864372
v -0.0033999679144471884 -0.008227944374084473 -0.019862940534949303
v -0.0033999679144471884 -0.0028059480246156454 -0.021315990015864372
v -0.004999995231628418 -0.0028059480246156454 -0.021315990015864372
v -0.0033999679144471884 -0.0028059480246156454 -0.021315990015864372
v -0.004999995231628418 0.0028059480246156454 -0.021315990015864372
v -0.004999995231628418 0.0028059480246156454 -0.021315990015864372
v -0.0033999679144471884 -0.0028059480246156454 -0.021315990015864372
v -0.0033999679144471884 0.0028059480246156454 -0.021315990015864372
v -0.0033999679144471884 -0.008227944374084473 -0.019862940534949303
v -0.004999995231628418 -0.008227944374084473 -0.019862940534949303
v -0.0033999679144471884 -0.013764970004558563 -0.01651597023010254
v -0.0033999679144471884 -0.013764970004558563 -0.01651597023010254
v -0.004999995231628418 -0.008227944374084473 -0.019862940534949303
v -0.004999995231628418 -0.013087980449199677 -0.01705699972808361
v -0.0033999679144471884 -0.013764970004558563 -0.01651597023010254
v -0.004999995231628418 -0.013087980449199677 -0.01705699972808361
v -0.004999995231628418 -0.01705699972808361 -0.013087980449199677
v -0.0033999679144471884 -0.013764970004558563 -0.01651597023010254
v -0.004999995231628418 -0.01705699972808361 -0.013087980449199677
v -0.0033999679144471884 -0.017316989600658417 -0.012741980142891407
v -0.0033999679144471884 -0.017316989600658417 -0.012741980142891407
v -0.004999995231628418 -0.01705699972808361 -0.013087980449199677
v -0.004999995231628418 -0.019862940534949303 -0.008227944374084473
v -0.0033999679144471884 -0.017316989600658417 -0.012741980142891407
v -0.004999995231628418 -0.019862940534949303 -0.008227944374084473
v -0.0033999679144471884 -0.019862940534949303 -0.008227944374084473
v -0.0033999679144471884 -0.019862940534949303 -0.008227944374084473
v -0.004999995231628418 -0.019862940534949303 -0.008227944374084473
v -0.0033999679144471884 -0.021254949271678925 -0.0032349820248782635
v -0.0033999679144471884 -0.021254949271678925 -0.0032349820248782635
v -0.004999995231628418 -0.019862940534949303 -0.008227944374084473
v -0.004999995231628418 -0.021315990015864372 -0.0028059480246156454
v -0.0033999679144471884 -0.021254949271678925 -0.0032349820248782635
v -0.004999995231628418 -0.021315990015864372 -0.0028059480246156454
v -0.0033999679144471884 -0.021411949768662453 0.0019459719769656658
v -0.0033999679144471884 -0.021411949768662453 0.0019459719769656658
v -0.004999995231628418 -0.021315990015864372 -0.0028059480246156454
v -0.004999995231628418 -0.021315990015864372 0.0028059480246156454
v -0.0033999679144471884 -0.021411949768662453 0.0019459719769656658
v -0.004999995231628418 -0.021315990015864372 0.0028059480246156454
v -0.0033999679144471884 -0.020323989912867546 0.007012962829321623
v -0.0033999679144471884 -0.020323989912867546 0.007012962829321623
v -0.004999995231628418 -0.021315990015864372 0.0028059480246156454
v -0.004999995231628418 -0.019862940534949303 0.008227944374084473
v -0.0033999679144471884 -0.020323989912867546 0.007012962829321623
v -0.004999995231628418 -0.019862940534949303 0.008227944374084473
v -0.0033999679144471884 -0.018054960295557976 0.011672969907522202
v -0.0033999679144471884 -0.018054960295557976 0.011672969907522202
v -0.004999995231628418 -0.019862940534949303 0.008227944374084473
v -0.004999995231628418 -0.01705699972808361 0.013087980449199677
v -0.0033999679144471884 -0.018054960295557976 0.011672969907522202
v -0.004999995231628418 -0.01705699972808361 0.013087980449199677
v -0.0033999679144471884 -0.014736950397491455 0.015654979273676872
v -0.0033999679144471884 -0.014736950397491455 0.015654979273676872
v -0.004999995231628418 -0.01705699972808361 0.013087980449199677
v -0.004999995231628418 -0.013087980449199677 0.01705699972808361
v -0.0033999679144471884 -0.014736950397491455 0.015654979273676872
v -0.004999995231628418 -0.013087980449199677 0.01705699972808361
v -0.0033999679144471884 -0.01056199986487627 0.018727000802755356
v -0.0033999679144471884 -0.01056199986487627 0.018727000802755356
v -0.004999995231628418 -0.013087980449199677 0.01705699972808361
v -0.004999995231628418 -0.008227944374084473 0.019862940534949303
v -0.0033999679144471884 -0.01056199986487627 0.018727000802755356
v -0.004999995231628418 -0.008227944374084473 0.019862940534949303
v -0.0033999679144471884 -0.005772947799414396 0.020709989592432976
v -0.004999995231628418 -0.0028059480246156454 0.021315990015864372
v -0.0033999679144471884 -0.0028059480246156454 0.021315990015864372
v -0.004999995231628418 -0.008227944374084473 0.019862940534949303
v -0.004999995231628418 -0.008227944374084473 0.019862940534949303
v -0.0033999679144471884 -0.0028059480246156454 0.021315990015864372
v -0.0033999679144471884 -0.005772947799414396 0.020709989592432976
v -0.004999995231628418 0.008227944374084473 0.019862940534949303
v -0.0033999679144471884 0.008227944374084473 0.019862940534949303
v -0.004999995231628418 0.0028059480246156454 0.021315990015864372
v -0.0033999679144471884 0.008227944374084473 0.019862940534949303
v -0.0033999679144471884 0.0028059480246156454 0.021315990015864372
v -0.004999995231628418 0.0028059480246156454 0.021315990015864372
v -0.004999995231628418 0.0028059480246156454 0.021315990015864372
v -0.0033999679144471884 0.0028059480246156454 0.021315990015864372
v -0.004999995231628418 -0.0028059480246156454 0.021315990015864372
v -0.004999995231628418 -0.0028059480246156454 0.021315990015864372
v -0.0033999679144471884 0.0028059480246156454 0.021315990015864372
v -0.0033999679144471884 -0.0028059480246156454 0.021315990015864372
v -0.0033999679144471884 0.008227944374084473 0.019862940534949303
v -0.004999995231628418 0.008227944374084473 0.019862940534949303
v -0.0033999679144471884 0.013764970004558563 0.01651597023010254
v -0.0033999679144471884 0.013764970004558563 0.01651597023010254
v -0.004999995231628418 0.008227944374084473 0.019862940534949303
v -0.004999995231628418 0.013087980449199677 0.01705699972808361
v -0.0033999679144471884 0.013764970004558563 0.01651597023010254
v -0.004999995231628418 0.013087980449199677 0.01705699972808361
v -0.004999995231628418 0.01705699972808361 0.013087980449199677
v -0.0033999679144471884 0.013764970004558563 0.01651597023010254
v -0.004999995231628418 0.01705699972808361 0.013087980449199677
v -0.0033999679144471884 0.017316989600658417 0.012741980142891407
v -0.0033999679144471884 0.017316989600658417 0.012741980142891407
v -0.004999995231628418 0.01705699972808361 0.013087980449199677
v -0.004999995231628418 0.019862940534949303 0.008227944374084473
v -0.0033999679144471884 0.017316989600658417 0.012741980142891407
v -0.004999995231628418 0.019862940534949303 0.008227944374084473
v -0.0033999679144471884 0.019862940534949303 0.008227944374084473
v -0.002899944083765149 -0.021749969571828842 -0.0033099649008363485
v -0.002899944083765149 -0.02032499946653843 -0.0084189772605896
v -0.0033999679144471884 -0.019862940534949303 -0.008227944374084473
v -0.0033999679144471884 -0.019862940534949303 -0.008227944374084473
v -0.0033999679144471884 -0.021254949271678925 -0.0032349820248782635
v -0.002899944083765149 -0.021749969571828842 -0.0033099649008363485
v -0.002899944083765149 -0.021749969571828842 -0.0033099649008363485
v -0.0033999679144471884 -0.021254949271678925 -0.0032349820248782635
v -0.002899944083765149 -0.02190995030105114 0.0019909730181097984
v -0.0033999679144471884 -0.021254949271678925 -0.0032349820248782635
v -0.0033999679144471884 -0.021411949768662453 0.0019459719769656658
v -0.002899944083765149 -0.02190995030105114 0.0019909730181097984
v -0.002899944083765149 -0.02190995030105114 0.0019909730181097984
v -0.0033999679144471884 -0.021411949768662453 0.0019459719769656658
v -0.002899944083765149 -0.0203859806060791 0.009105980396270752
v -0.0033999679144471884 -0.021411949768662453 0.0019459719769656658
v -0.0033999679144471884 -0.020323989912867546 0.007012962829321623
v -0.002899944083765149 -0.0203859806060791 0.009105980396270752
v -0.002899944083765149 -0.0203859806060791 0.009105980396270752
v -0.0033999679144471884 -0.020323989912867546 0.007012962829321623
v -0.002899944083765149 -0.018474990501999855 0.011944940313696861
v -0.0033999679144471884 -0.020323989912867546 0.007012962829321623
v -0.0033999679144471884 -0.018054960295557976 0.011672969907522202
v -0.002899944083765149 -0.018474990501999855 0.011944940313696861
v -0.002899944083765149 -0.018474990501999855 0.011944940313696861
v -0.0033999679144471884 -0.018054960295557976 0.011672969907522202
v -0.002899944083765149 -0.015078959986567497 0.016018979251384735
v -0.0033999679144471884 -0.0028059480246156454 0.021315990015864372
v -0.002899944083765149 -0.0006639999919570982 0.02198999933898449
v -0.002899944083765149 -0.007975994609296322 0.02085399068892002
v -0.0033999679144471884 -0.018054960295557976 0.011672969907522202
v -0.0033999679144471884 -0.014736950397491455 0.015654979273676872
v -0.002899944083765149 -0.015078959986567497 0.016018979251384735
v -0.002899944083765149 -0.015078959986567497 0.016018979251384735
v -0.0033999679144471884 -0.014736950397491455 0.015654979273676872
v -0.0033999679144471884 -0.01056199986487627 0.018727000802755356
v -0.002899944083765149 -0.015078959986567497 0.016018979251384735
v -0.0033999679144471884 -0.01056199986487627 0.018727000802755356
v -0.002899944083765149 -0.009105980396270752 0.0203859806060791
v -0.002899944083765149 -0.009105980396270752 0.0203859806060791
v -0.0033999679144471884 -0.01056199986487627 0.018727000802755356
v -0.0033999679144471884 -0.005772947799414396 0.020709989592432976
v -0.002899944083765149 -0.009105980396270752 0.0203859806060791
v -0.0033999679144471884 -0.005772947799414396 0.020709989592432976
v -0.002899944083765149 -0.007975994609296322 0.02085399068892002
v -0.002899944083765149 -0.007975994609296322 0.02085399068892002
v -0.0033999679144471884 -0.005772947799414396 0.020709989592432976
v -0.0033999679144471884 -0.0028059480246156454 0.021315990015864372
v -0.002899944083765149 -0.0006639999919570982 0.02198999933898449
v -0.0033999679144471884 -0.0028059480246156454 0.021315990015864372
v -0.0033999679144471884 0.0028059480246156454 0.021315990015864372
v -0.002899944083765149 -0.0006639999919570982 0.02198999933898449
v -0.0033999679144471884 0.0028059480246156454 0.021315990015864372
v -0.002899944083765149 0.007975994609296322 0.02085399068892002
v -0.002899944083765149 0.007975994609296322 0.02085399068892002
v -0.0033999679144471884 0.0028059480246156454 0.021315990015864372
v -0.002899944083765149 0.009392975829541683 0.01989400014281273
v -0.002899944083765149 0.009392975829541683 0.01989400014281273
v -0.0033999679144471884 0.0028059480246156454 0.021315990015864372
v -0.0033999679144471884 0.008227944374084473 0.019862940534949303
v -0.002899944083765149 0.009392975829541683 0.01989400014281273
v -0.0033999679144471884 0.008227944374084473 0.019862940534949303
v -0.002899944083765149 0.01408499013632536 0.016899999231100082
v -0.0033999679144471884 0.008227944374084473 0.019862940534949303
v -0.0033999679144471884 0.013764970004558563 0.01651597023010254
v -0.002899944083765149 0.01408499013632536 0.016899999231100082
v -0.002899944083765149 0.01408499013632536 0.016899999231100082
v -0.0033999679144471884 0.013764970004558563 0.01651597023010254
v -0.002899944083765149 0.01771998032927513 0.013038990087807178
v -0.0033999679144471884 0.019862940534949303 0.008227944374084473
v -0.002899944083765149 0.02032499946653843 0.0084189772605896
v -0.0033999679144471884 0.017316989600658417 0.012741980142891407
v -0.0033999679144471884 0.017316989600658417 0.012741980142891407
v -0.002899944083765149 0.02032499946653843 0.0084189772605896
v -0.002899944083765149 0.01771998032927513 0.013038990087807178
v -0.0033999679144471884 0.017316989600658417 0.012741980142891407
v -0.002899944083765149 0.01771998032927513 0.013038990087807178
v -0.0033999679144471884 0.013764970004558563 0.01651597023010254
v -0.001150964992120862 0.0034529559779912233 -0.012879960238933563
v -0.0022259950637817383 0.0006990000256337225 -0.013316979631781578
v -0.0022259950637817383 0.008392988704144955 -0.010361960157752037
v -0.001150964992120862 0.0034529559779912233 -0.012879960238933563
v -0.0022259950637817383 0.008392988704144955 -0.010361960157752037
v -0.001150964992120862 0.007263957988470793 -0.011182960122823715
v -0.001150964992120862 0.007263957988470793 -0.011182960122823715
v -0.0022259950637817383 0.008392988704144955 -0.010361960157752037
v -0.0009009999921545386 0.011430970393121243 -0.006597994826734066
v -0.0009009999921545386 0.011430970393121243 -0.006597994826734066
v -0.0022259950637817383 0.008392988704144955 -0.010361960157752037
v -0.0022259950637817383 0.011881940066814423 -0.006052969954907894
v -0.0009009999921545386 0.011430970393121243 -0.006597994826734066
v -0.0022259950637817383 0.011881940066814423 -0.006052969954907894
v -0.001150964992120862 0.012449969537556171 -0.004777966998517513
v -0.001150964992120862 0.012449969537556171 -0.004777966998517513
v -0.0022259950637817383 0.011881940066814423 -0.006052969954907894
v -0.0022259950637817383 0.013316979631781578 -0.0006970000104047358
v -0.001150964992120862 0.012449969537556171 -0.004777966998517513
v -0.0022259950637817383 0.013316979631781578 -0.0006970000104047358
v -0.001150964992120862 0.013316979631781578 -0.0006970000104047358
v -0.001150964992120862 0.013316979631781578 -0.0006970000104047358
v -0.0022259950637817383 0.013316979631781578 -0.0006970000104047358
v -0.0009009999921545386 0.013125949539244175 0.0013809800148010254
v -0.0009009999921545386 0.013125949539244175 0.0013809800148010254
v -0.0022259950637817383 0.013316979631781578 -0.0006970000104047358
v -0.0022259950637817383 0.01317095011472702 0.0020869970321655273
v -0.0009009999921545386 0.013125949539244175 0.0013809800148010254
v -0.0022259950637817383 0.01317095011472702 0.0020869970321655273
v -0.0022259950637817383 0.011182960122823715 0.007263957988470793
v -0.0009009999921545386 0.013125949539244175 0.0013809800148010254
v -0.0022259950637817383 0.011182960122823715 0.007263957988470793
v -0.001150964992120862 0.011182960122823715 0.007263957988470793
v -0.001150964992120862 0.011182960122823715 0.007263957988470793
v -0.0022259950637817383 0.011182960122823715 0.007263957988470793
v -0.001150964992120862 0.008390963077545166 0.010363990440964699
v -0.001150964992120862 0.008390963077545166 0.010363990440964699
v -0.0022259950637817383 0.011182960122823715 0.007263957988470793
v -0.0022259950637817383 0.007261991035193205 0.011183969676494598
v -0.001150964992120862 0.008390963077545166 0.010363990440964699
v -0.0022259950637817383 0.007261991035193205 0.011183969676494598
v -0.001150964992120862 0.004777966998517513 0.012449969537556171
v -0.001150964992120862 0.004777966998517513 0.012449969537556171
v -0.0022259950637817383 0.007261991035193205 0.011183969676494598
v -0.0022259950637817383 0.0020849700085818768 0.01317095011472702
v -0.001150964992120862 0.004777966998517513 0.012449969537556171
v -0.0022259950637817383 0.0020849700085818768 0.01317095011472702
v -0.001150964992120862 0.0006970000104047358 0.013316979631781578
v -0.001150964992120862 0.0006970000104047358 0.013316979631781578
v -0.0022259950637817383 0.0020849700085818768 0.01317095011472702
v -0.0022259950637817383 -0.0006990000256337225 0.013316979631781578
v -0.001150964992120862 0.0006970000104047358 0.013316979631781578
v -0.0022259950637817383 -0.0006990000256337225 0.013316979631781578
v -0.001150964992120862 -0.0034529559779912233 0.012879960238933563
v -0.001150964992120862 -0.012449969537556171 0.004777966998517513
v -0.0009009999921545386 -0.013125949539244175 -0.0013809800148010254
v -0.0011009570444002748 -0.012224970385432243 0.0027719729114323854
v -0.001150964992120862 -0.012449969537556171 0.004777966998517513
v -0.0011009570444002748 -0.012224970385432243 0.0027719729114323854
v -0.0009009999921545386 -0.011430970393121243 0.006597994826734066
v -0.0009009999921545386 -0.011430970393121243 0.006597994826734066
v -0.0011009570444002748 -0.012224970385432243 0.0027719729114323854
v -0.0011009570444002748 -0.010600980371236801 0.006687997840344906
v -0.0009009999921545386 -0.011430970393121243 0.006597994826734066
v -0.0011009570444002748 -0.010600980371236801 0.006687997840344906
v -0.001150964992120862 -0.007263957988470793 0.011182960122823715
v -0.001150964992120862 -0.007263957988470793 0.011182960122823715
v -0.0011009570444002748 -0.010600980371236801 0.006687997840344906
v -0.0011009570444002748 -0.007764995098114014 0.009839951060712337
v -0.001150964992120862 -0.007263957988470793 0.011182960122823715
v -0.0011009570444002748 -0.007764995098114014 0.009839951060712337
v -0.001150964992120862 -0.0034529559779912233 0.012879960238933563
v -0.001150964992120862 -0.0034529559779912233 0.012879960238933563
v -0.0011009570444002748 -0.007764995098114014 0.009839951060712337
v -0.0008999999845400453 -0.004104970954358578 0.012055990286171436
v -0.001150964992120862 -0.0034529559779912233 0.012879960238933563
v -0.0008999999845400453 -0.004104970954358578 0.012055990286171436
v -0.001150964992120862 0.0006970000104047358 0.013316979631781578
v -0.001150964992120862 0.0006970000104047358 0.013316979631781578
v -0.0008999999845400453 -0.004104970954358578 0.012055990286171436
v -0.00039999998989515007 0.0019869799725711346 0.012543969787657261
v -0.001150964992120862 0.0006970000104047358 0.013316979631781578
v -0.00039999998989515007 0.0019869799725711346 0.012543969787657261
v -0.001150964992120862 0.004777966998517513 0.012449969537556171
v -0.001150964992120862 0.004777966998517513 0.012449969537556171
v -0.00039999998989515007 0.0019869799725711346 0.012543969787657261
v -0.0008999999845400453 0.005765974055975676 0.011315999552607536
v -0.001150964992120862 0.004777966998517513 0.012449969537556171
v -0.0008999999845400453 0.005765974055975676 0.011315999552607536
v -0.001150964992120862 0.008390963077545166 0.010363990440964699
v -0.001150964992120862 0.008390963077545166 0.010363990440964699
v -0.0008999999845400453 0.005765974055975676 0.011315999552607536
v -0.001150964992120862 0.011182960122823715 0.007263957988470793
v -0.001150964992120862 0.011182960122823715 0.007263957988470793
v -0.0008999999845400453 0.005765974055975676 0.011315999552607536
v -0.0008999999845400453 0.011429959908127785 0.005617976188659668
v -0.001150964992120862 0.011182960122823715 0.007263957988470793
v -0.0008999999845400453 0.011429959908127785 0.005617976188659668
v -0.0009009999921545386 0.013125949539244175 0.0013809800148010254
v -0.001150964992120862 -0.012449969537556171 0.004777966998517513
v -0.001150964992120862 -0.013316979631781578 0.0006970000104047358
v -0.0009009999921545386 -0.013125949539244175 -0.0013809800148010254
v -0.001150964992120862 -0.0034529559779912233 0.012879960238933563
v -0.0022259950637817383 -0.0006990000256337225 0.013316979631781578
v -0.0022259950637817383 -0.008392988704144955 0.010361960157752037
v -0.001150964992120862 -0.0034529559779912233 0.012879960238933563
v -0.0022259950637817383 -0.008392988704144955 0.010361960157752037
v -0.001150964992120862 -0.007263957988470793 0.011182960122823715
v -0.001150964992120862 -0.007263957988470793 0.011182960122823715
v -0.0022259950637817383 -0.008392988704144955 0.010361960157752037
v -0.0009009999921545386 -0.011430970393121243 0.006597994826734066
v -0.0009009999921545386 -0.011430970393121243 0.006597994826734066
v -0.0022259950637817383 -0.008392988704144955 0.010361960157752037
v -0.0022259950637817383 -0.011881940066814423 0.006052969954907894
v -0.0009009999921545386 -0.011430970393121243 0.006597994826734066
v -0.0022259950637817383 -0.011881940066814423 0.006052969954907894
v -0.001150964992120862 -0.012449969537556171 0.004777966998517513
v -0.001150964992120862 -0.012449969537556171 0.004777966998517513
v -0.0022259950637817383 -0.011881940066814423 0.006052969954907894
v -0.0022259950637817383 -0.013316979631781578 0.0006970000104047358
v -0.001150964992120862 -0.012449969537556171 0.004777966998517513
v -0.0022259950637817383 -0.013316979631781578 0.0006970000104047358
v -0.001150964992120862 -0.013316979631781578 0.0006970000104047358
v -0.001150964992120862 -0.013316979631781578 0.0006970000104047358
v -0.0022259950637817383 -0.013316979631781578 0.0006970000104047358
v -0.0009009999921545386 -0.013125949539244175 -0.0013809800148010254
v -0.0009009999921545386 -0.013125949539244175 -0.0013809800148010254
v -0.0022259950637817383 -0.013316979631781578 0.0006970000104047358
v -0.0022259950637817383 -0.01317095011472702 -0.0020869970321655273
v -0.0009009999921545386 -0.013125949539244175 -0.0013809800148010254
v -0.0022259950637817383 -0.01317095011472702 -0.0020869970321655273
v -0.0022259950637817383 -0.011182960122823715 -0.007263957988470793
v -0.0009009999921545386 -0.013125949539244175 -0.0013809800148010254
v -0.0022259950637817383 -0.011182960122823715 -0.007263957988470793
v -0.001150964992120862 -0.011182960122823715 -0.007263957988470793
v -0.001150964992120862 -0.011182960122823715 -0.007263957988470793
v -0.0022259950637817383 -0.011182960122823715 -0.007263957988470793
v -0.001150964992120862 -0.008390963077545166 -0.010363990440964699
v -0.001150964992120862 -0.008390963077545166 -0.010363990440964699
v -0.0022259950637817383 -0.011182960122823715 -0.007263957988470793
v -0.0022259950637817383 -0.007261991035193205 -0.011183969676494598
v -0.001150964992120862 -0.008390963077545166 -0.010363990440964699
v -0.0022259950637817383 -0.007261991035193205 -0.011183969676494598
v -0.001150964992120862 -0.004777966998517513 -0.012449969537556171
v -0.001150964992120862 -0.004777966998517513 -0.012449969537556171
v -0.0022259950637817383 -0.007261991035193205 -0.011183969676494598
v -0.0022259950637817383 -0.0020849700085818768 -0.01317095011472702
v -0.001150964992120862 -0.004777966998517513 -0.012449969537556171
v -0.0022259950637817383 -0.0020849700085818768 -0.01317095011472702
v -0.001150964992120862 -0.0006970000104047358 -0.013316979631781578
v -0.001150964992120862 -0.0006970000104047358 -0.013316979631781578
v -0.0022259950637817383 -0.0020849700085818768 -0.01317095011472702
v -0.0022259950637817383 0.0006990000256337225 -0.013316979631781578
v -0.001150964992120862 -0.0006970000104047358 -0.013316979631781578
v -0.0022259950637817383 0.0006990000256337225 -0.013316979631781578
v -0.001150964992120862 0.0034529559779912233 -0.012879960238933563
v -0.0008999999845400453 0.005765974055975676 0.011315999552607536
v -0.00039999998989515007 0.0019869799725711346 0.012543969787657261
v -0.00039999998989515007 0.008979976177215576 0.008979976177215576
v -0.00039999998989515007 -0.011315999552607536 -0.005765974055975676
v -0.00039999998989515007 -0.011315999552607536 0.005765974055975676
v -0.00039999998989515007 -0.012543969787657261 -0.0019869799725711346
v -0.00039999998989515007 -0.012543969787657261 -0.0019869799725711346
v -0.00039999998989515007 -0.011315999552607536 0.005765974055975676
v -0.00039999998989515007 -0.012543969787657261 0.0019869799725711346
v -0.0008999999845400453 -0.001581965945661068 -0.01262097992002964
v -0.00039999998989515007 0.0019869799725711346 -0.012543969787657261
v -0.00039999998989515007 -0.005765974055975676 -0.011315999552607536
v -0.00039999998989515007 -0.008979976177215576 -0.008979976177215576
v -0.00039999998989515007 -0.011315999552607536 0.005765974055975676
v -0.00039999998989515007 -0.011315999552607536 -0.005765974055975676
v -0.00039999998989515007 -0.005765974055975676 -0.011315999552607536
v -0.00039999998989515007 0.0019869799725711346 -0.012543969787657261
v -0.00039999998989515007 0.005765974055975676 -0.011315999552607536
v -0.00039999998989515007 -0.005765974055975676 -0.011315999552607536
v -0.00039999998989515007 0.005765974055975676 -0.011315999552607536
v -0.00039999998989515007 0.008979976177215576 -0.008979976177215576
v -0.00039999998989515007 -0.005765974055975676 -0.011315999552607536
v -0.00039999998989515007 0.008979976177215576 -0.008979976177215576
v -0.00039999998989515007 0.012543969787657261 -0.0019869799725711346
v -0.00039999998989515007 0.012543969787657261 -0.0019869799725711346
v -0.00039999998989515007 0.008979976177215576 -0.008979976177215576
v -0.00039999998989515007 0.011315999552607536 -0.005765974055975676
v -0.00039999998989515007 -0.0019869799725711346 0.012543969787657261
v -0.00039999998989515007 -0.005765974055975676 0.011315999552607536
v -0.00039999998989515007 -0.008979976177215576 0.008979976177215576
v -0.00039999998989515007 0.012543969787657261 -0.0019869799725711346
v -0.00039999998989515007 0.011315999552607536 0.005765974055975676
v -0.00039999998989515007 0.008979976177215576 0.008979976177215576
v -0.00039999998989515007 0.0019869799725711346 0.012543969787657261
v -0.00039999998989515007 0.012543969787657261 -0.0019869799725711346
v -0.00039999998989515007 0.008979976177215576 0.008979976177215576
v -0.00039999998989515007 -0.011315999552607536 0.005765974055975676
v -0.00039999998989515007 -0.008979976177215576 -0.008979976177215576
v -0.00039999998989515007 -0.005765974055975676 -0.011315999552607536
v -0.00039999998989515007 -0.0019869799725711346 0.012543969787657261
v -0.00039999998989515007 -0.008979976177215576 0.008979976177215576
v -0.00039999998989515007 -0.011315999552607536 0.005765974055975676
v -0.00039999998989515007 0.0019869799725711346 0.012543969787657261
v -0.00039999998989515007 -0.0019869799725711346 0.012543969787657261
v -0.00039999998989515007 -0.011315999552607536 0.005765974055975676
v -0.00039999998989515007 0.0019869799725711346 0.012543969787657261
v -0.00039999998989515007 -0.011315999552607536 0.005765974055975676
v -0.00039999998989515007 -0.005765974055975676 -0.011315999552607536
v -0.00039999998989515007 -0.005765974055975676 -0.011315999552607536
v -0.00039999998989515007 0.012543969787657261 -0.0019869799725711346
v -0.00039999998989515007 0.0019869799725711346 0.012543969787657261
v -0.0008999999845400453 -0.011429959908127785 -0.005617976188659668
v -0.0010609619785100222 -0.01103794015944004 -0.006022988818585873
v -0.0011009570444002748 -0.011505959555506706 -0.004973948001861572
v -0.0008999999845400453 -0.011429959908127785 -0.005617976188659668
v -0.0011009570444002748 -0.011505959555506706 -0.004973948001861572
v -0.0009009999921545386 -0.013125949539244175 -0.0013809800148010254
v -0.0008999999845400453 -0.011429959908127785 -0.005617976188659668
v -0.0008999999845400453 -0.01027494017034769 -0.00746494485065341
v -0.0010609619785100222 -0.01103794015944004 -0.006022988818585873
v -0.0011009570444002748 -0.011505959555506706 -0.004973948001861572
v -0.0011009570444002748 -0.012488960288465023 -0.001073956023901701
v -0.0009009999921545386 -0.013125949539244175 -0.0013809800148010254
v -0.0009009999921545386 -0.013125949539244175 -0.0013809800148010254
v -0.0011009570444002748 -0.012488960288465023 -0.001073956023901701
v -0.0011009570444002748 -0.012224970385432243 0.0027719729114323854
vt 0 0
vt 0 0
vt 0 0
vt 0 0
vt 0 0
vt 0 0
vt 0 0
vt 0 0
vt 0 0
vt 0 0
vt 0 0
vt 0 0
vt 0 0
vt 0 0
vt 0 0
vt 0 0
vt 0 0
vt 0 0
vt 0 0
vt 0 0
vt 0 0
vt 0 0
vt 0 0
vt 0 0
vt 0 0
vt 0 0
vt 0 0
vt 0 0
vt 0 0
vt 0 0
vt 0 0
vt 0 0
vt 0 0
vt 0 0
vt 0 0
vt 0 0
vt 0 0
vt 0 0
vt 0 0
vt 0 0
vt 0 0
vt 0 0
vt 0 0
vt 0 0
vt 0 0
vt 0 0
vt 0 0
vt 0 0
vt 0 0
vt 0 0
vt 0 0
vt 0 0
vt 0 0
vt 0 0
vt 0 0
vt 0 0
vt 0 0
vt 0 0
vt 0 0
vt 0 0
vt 0 0
vt 0 0
vt 0 0
vt 0 0
vt 0 0
vt 0 0
vt 0 0
vt 0 0
vt 0 0
vt 0 0
vt 0 0
vt 0 0
vt 0 0
vt 0 0
vt 0 0
vt 0 0
vt 0 0
vt 0 0
vt 0 0
vt 0 0
vt 0 0
vt 0 0
vt 0 0
vt 0 0
vt 0 0
vt 0 0
vt 0 0
vt 0 0
vt 0 0
vt 0 0
vt 0 0
vt 0 0
vt 0 0
vt 0 0
vt 0 0
vt 0 0
vt 0 0
vt 0 0
vt 0 0
vt 0 0
vt 0 0
vt 0 0
vt 0 0
vt 0 0
vt 0 0
vt 0 0
vt 0 0
vt 0 0
vt 0 0
vt 0 0
vt 0 0
vt 0 0
vt 0 0
vt 0 0
vt 0 0
vt 0 0
vt 0 0
vt 0 0
vt 0 0
vt 0 0
vt 0 0
vt 0 0
vt 0 0
vt 0 0
vt 0 0
vt 0 0
vt 0 0
vt 0 0
vt 0 0
vt 0 0
vt 0 0
vt 0 0
vt 0 0
vt 0 0
vt 0 0
vt 0 0
vt 0 0
vt 0 0
vt 0 0
vt 0 0
vt 0 0
vt 0 0
vt 0 0
vt 0 0
vt 0 0
vt 0 0
vt 0 0
vt 0 0
vt 0 0
vt 0 0
vt 0 0
vt 0 0
vt 0 0
vt 0 0
vt 0 0
vt 0 0
vt 0 0
vt 0 0
vt 0 0
vt 0 0
vt 0 0
vt 0 0
vt 0 0
vt 0 0
vt 0 0
vt 0 0
vt 0 0
vt 0 0
vt 0 0
vt 0 0
vt 0 0
vt 0 0
vt 0 0
vt 0 0
vt 0 0
vt 0 0
vt 0 0
vt 0 0
vt 0 0
vt 0 0
vt 0 0
vt 0 0
vt 0 0
vt 0 0
vt 0 0
vt 0 0
vt 0 0
vt 0 0
vt 0 0
vt 0 0
vt 0 0
vt 0 0
vt 0 0
vt 0 0
vt 0 0
vt 0 0
vt 0 0
vt 0 0
vt 0 0
vt 0 0
vt 0 0
vt 0 0
vt 0 0
vt 0 0
vt 0 0
vt 0 0
vt 0 0
vt 0 0
vt 0 0
vt 0 0
vt 0 0
vt 0 0
vt 0 0
vt 0 0
vt 0 0
vt 0 0
vt 0 0
vt 0 0
vt 0 0
vt 0 0
vt 0 0
vt 0 0
vt 0 0
vt 0 0
vt 0 0
vt 0 0
vt 0 0
vt 0 0
vt 0 0
vt 0 0
vt 0 0
vt 0 0
vt 0 0
vt 0 0
vt 0 0
vt 0 0
vt 0 0
vt 0 0
vt 0 0
vt 0 0
vt 0 0
vt 0 0
vt 0 0
vt 0 0
vt 0 0
vt 0 0
vt 0 0
vt 0 0
vt 0 0
vt 0 0
vt 0 0
vt 0 0
vt 0 0
vt 0 0
vt 0 0
vt 0 0
vt 0 0
vt 0 0
vt 0 0
vt 0 0
vt 0 0
vt 0 0
vt 0 0
vt 0 0
vt 0 0
vt 0 0
vt 0 0
vt 0 0
vt 0 0
vt 0 0
vt 0 0
vt 0 0
vt 0 0
vt 0 0
vt 0 0
vt 0 0
vt 0 0
vt 0 0
vt 0 0
vt 0 0
vt 0 0
vt 0 0
vt 0 0
vt 0 0
vt 0 0
vt 0 0
vt 0 0
vt 0 0
vt 0 0
vt 0 0
vt 0 0
vt 0 0
vt 0 0
vt 0 0
vt 0 0
vt 0 0
vt 0 0
vt 0 0
vt 0 0
vt 0 0
vt 0 0
vt 0 0
vt 0 0
vt 0 0
vt 0 0
vt 0 0
vt 0 0
vt 0 0
vt 0 0
vt 0 0
vt 0 0
vt 0 0
vt 0 0
vt 0 0
vt 0 0
vt 0 0
vt 0 0
vt 0 0
vt 0 0
vt 0 0
vt 0 0
vt 0 0
vt 0 0
vt 0 0
vt 0 0
vt 0 0
vt 0 0
vt 0 0
vt 0 0
vt 0 0
vt 0 0
vt 0 0
vt 0 0
vt 0 0
vt 0 0
vt 0 0
vt 0 0
vt 0 0
vt 0 0
vt 0 0
vt 0 0
vt 0 0
vt 0 0
vt 0 0
vt 0 0
vt 0 0
vt 0 0
vt 0 0
vt 0 0
vt 0 0
vt 0 0
vt 0 0
vt 0 0
vt 0 0
vt 0 0
vt 0 0
vt 0 0
vt 0 0
vt 0 0
vt 0 0
vt 0 0
vt 0 0
vt 0 0
vt 0 0
vt 0 0
vt 0 0
vt 0 0
vt 0 0
vt 0 0
vt 0 0
vt 0 0
vt 0 0
vt 0 0
vt 0 0
vt 0 0
vt 0 0
vt 0 0
vt 0 0
vt 0 0
vt 0 0
vt 0 0
vt 0 0
vt 0 0
vt 0 0
vt 0 0
vt 0 0
vt 0 0
vt 0 0
vt 0 0
vt 0 0
vt 0 0
vt 0 0
vt 0 0
vt 0 0
vt 0 0
vt 0 0
vt 0 0
vt 0 0
vt 0 0
vt 0 0
vt 0 0
vt 0 0
vt 0 0
vt 0 0
vt 0 0
vt 0 0
vt 0 0
vt 0 0
vt 0 0
vt 0 0
vt 0 0
vt 0 0
vt 0 0
vt 0 0
vt 0 0
vt 0 0
vt 0 0
vt 0 0
vt 0 0
vt 0 0
vt 0 0
vt 0 0
vt 0 0
vt 0 0
vt 0 0
vt 0 0
vt 0 0
vt 0 0
vt 0 0
vt 0 0
vt 0 0
vt 0 0
vt 0 0
vt 0 0
vt 0 0
vt 0 0
vt 0 0
vt 0 0
vt 0 0
vt 0 0
vt 0 0
vt 0 0
vt 0 0
vt 0 0
vt 0 0
vt 0 0
vt 0 0
vt 0 0
vt 0 0
vt 0 0
vt 0 0
vt 0 0
vt 0 0
vt 0 0
vt 0 0
vt 0 0
vt 0 0
vt 0 0
vt 0 0
vt 0 0
vt 0 0
vt 0 0
vt 0 0
vt 0 0
vt 0 0
vt 0 0
vt 0 0
vt 0 0
vt 0 0
vt 0 0
vt 0 0
vt 0 0
vt 0 0
vt 0 0
vt 0 0
vt 0 0
vt 0 0
vt 0 0
vt 0 0
vt 0 0
vt 0 0
vt 0 0
vt 0 0
vt 0 0
vt 0 0
vt 0 0
vt 0 0
vt 0 0
vt 0 0
vt 0 0
vt 0 0
vt 0 0
vt 0 0
vt 0 0
vt 0 0
vt 0 0
vt 0 0
vt 0 0
vt 0 0
vt 0 0
vt 0 0
vt 0 0
vt 0 0
vt 0 0
vt 0 0
vt 0 0
vt 0 0
vt 0 0
vt 0 0
vt 0 0
vt 0 0
vt 0 0
vt 0 0
vt 0 0
vt 0 0
vt 0 0
vt 0 0
vt 0 0
vt 0 0
vt 0 0
vt 0 0
vt 0 0
vt 0 0
vt 0 0
vt 0 0
vt 0 0
vt 0 0
vt 0 0
vt 0 0
vt 0 0
vt 0 0
vt 0 0
vt 0 0
vt 0 0
vt 0 0
vt 0 0
vt 0 0
vt 0 0
vt 0 0
vt 0 0
vt 0 0
vt 0 0
vt 0 0
vt 0 0
vt 0 0
vt 0 0
vt 0 0
vt 0 0
vt 0 0
vt 0 0
vt 0 0
vt 0 0
vt 0 0
vt 0 0
vt 0 0
vt 0 0
vt 0 0
vt 0 0
vt 0 0
vt 0 0
vt 0 0
vt 0 0
vt 0 0
vt 0 0
vt 0 0
vt 0 0
vt 0 0
vt 0 0
vt 0 0
vt 0 0
vt 0 0
vt 0 0
vt 0 0
vt 0 0
vt 0 0
vt 0 0
vt 0 0
vt 0 0
vt 0 0
vt 0 0
vt 0 0
vt 0 0
vt 0 0
vt 0 0
vt 0 0
vt 0 0
vt 0 0
vt 0 0
vt 0 0
vt 0 0
vt 0 0
vt 0 0
vt 0 0
vt 0 0
vt 0 0
vt 0 0
vt 0 0
vt 0 0
vt 0 0
vt 0 0
vt 0 0
vt 0 0
vt 0 0
vt 0 0
vt 0 0
vt 0 0
vt 0 0
vt 0 0
vt 0 0
vt 0 0
vt 0 0
vt 0 0
vt 0 0
vt 0 0
vt 0 0
vt 0 0
vt 0 0
vt 0 0
vt 0 0
vt 0 0
vt 0 0
vt 0 0
vt 0 0
vt 0 0
vt 0 0
vt 0 0
vt 0 0
vt 0 0
vt 0 0
vt 0 0
vt 0 0
vt 0 0
vt 0 0
vt 0 0
vt 0 0
vt 0 0
vt 0 0
vt 0 0
vt 0 0
vt 0 0
vt 0 0
vt 0 0
vt 0 0
vt 0 0
vt 0 0
vt 0 0
vt 0 0
vt 0 0
vt 0 0
vt 0 0
vt 0 0
vt 0 0
vt 0 0
vt 0 0
vt 0 0
vt 0 0
vt 0 0
vt 0 0
vt 0 0
vt 0 0
vt 0 0
vt 0 0
vt 0 0
vt 0 0
vt 0 0
vt 0 0
vt 0 0
vt 0 0
vt 0 0
vt 0 0
vt 0 0
vt 0 0
vt 0 0
vt 0 0
vt 0 0
vt 0 0
vt 0 0
vt 0 0
vt 0 0
vt 0 0
vt 0 0
vt 0 0
vt 0 0
vt 0 0
vt 0 0
vt 0 0
vt 0 0
vt 0 0
vt 0 0
vt 0 0
vt 0 0
vt 0 0
vt 0 0
vt 0 0
vt 0 0
vt 0 0
vt 0 0
vt 0 0
vt 0 0
vt 0 0
vt 0 0
vt 0 0
vt 0 0
vt 0 0
vt 0 0
vt 0 0
vt 0 0
vt 0 0
vt 0 0
vt 0 0
vt 0 0
vt 0 0
vt 0 0
vt 0 0
vt 0 0
vt 0 0
vt 0 0
vt 0 0
vt 0 0
vt 0 0
vt 0 0
vt 0 0
vt 0 0
vt 0 0
vt 0 0
vt 0 0
vt 0 0
vt 0 0
vt 0 0
vt 0 0
vt 0 0
vt 0 0
vt 0 0
vt 0 0
vt 0 0
vt 0 0
vt 0 0
vt 0 0
vt 0 0
vt 0 0
vt 0 0
vt 0 0
vt 0 0
vt 0 0
vt 0 0
vt 0 0
vt 0 0
vt 0 0
vt 0 0
vt 0 0
vt 0 0
vt 0 0
vt 0 0
vt 0 0
vt 0 0
vt 0 0
vt 0 0
vt 0 0
vt 0 0
vt 0 0
vt 0 0
vt 0 0
vt 0 0
vt 0 0
vt 0 0
vt 0 0
vt 0 0
vt 0 0
vt 0 0
vt 0 0
vt 0 0
vt 0 0
vt 0 0
vt 0 0
vt 0 0
vt 0 0
vt 0 0
vt 0 0
vt 0 0
vt 0 0
vt 0 0
vt 0 0
vt 0 0
vt 0 0
vt 0 0
vt 0 0
vt 0 0
vt 0 0
vt 0 0
vt 0 0
vt 0 0
vt 0 0
vt 0 0
vt 0 0
vt 0 0
vt 0 0
vt 0 0
vt 0 0
vt 0 0
vt 0 0
vt 0 0
vt 0 0
vt 0 0
vt 0 0
vt 0 0
vt 0 0
vt 0 0
vt 0 0
vt 0 0
vt 0 0
vt 0 0
vt 0 0
vt 0 0
vt 0 0
vt 0 0
vt 0 0
vt 0 0
vt 0 0
vt 0 0
vt 0 0
vt 0 0
vt 0 0
vt 0 0
vt 0 0
vt 0 0
vt 0 0
vt 0 0
vt 0 0
vt 0 0
vt 0 0
vt 0 0
vt 0 0
vt 0 0
vt 0 0
vt 0 0
vt 0 0
vt 0 0
vt 0 0
vt 0 0
vt 0 0
vt 0 0
vt 0 0
vt 0 0
vt 0 0
vt 0 0
vt 0 0
vt 0 0
vt 0 0
vt 0 0
vt 0 0
vt 0 0
vt 0 0
vt 0 0
vt 0 0
vt 0 0
vt 0 0
vt 0 0
vt 0 0
vt 0 0
vt 0 0
vt 0 0
vt 0 0
vt 0 0
vt 0 0
vt 0 0
vt 0 0
vt 0 0
vt 0 0
vt 0 0
vt 0 0
vt 0 0
vt 0 0
vt 0 0
vt 0 0
vt 0 0
vt 0 0
vt 0 0
vt 0 0
vt 0 0
vt 0 0
vt 0 0
vt 0 0
vt 0 0
vt 0 0
vt 0 0
vt 0 0
vt 0 0
vt 0 0
vt 0 0
vt 0 0
vt 0 0
vt 0 0
vt 0 0
vt 0 0
vt 0 0
vt 0 0
vt 0 0
vt 0 0
vt 0 0
vt 0 0
vt 0 0
vt 0 0
vt 0 0
vt 0 0
vt 0 0
vt 0 0
vt 0 0
vt 0 0
vt 0 0
vt 0 0
vt 0 0
vt 0 0
vt 0 0
vt 0 0
vt 0 0
vt 0 0
vt 0 0
vt 0 0
vt 0 0
vt 0 0
vt 0 0
vt 0 0
vt 0 0
vt 0 0
vt 0 0
vt 0 0
vt 0 0
vt 0 0
vt 0 0
vt 0 0
vt 0 0
vt 0 0
vt 0 0
vt 0 0
vt 0 0
vt 0 0
vt 0 0
vt 0 0
vt 0 0
vt 0 0
vt 0 0
vt 0 0
vt 0 0
vt 0 0
vt 0 0
vt 0 0
vt 0 0
vt 0 0
vt 0 0
vt 0 0
vt 0 0
vt 0 0
vt 0 0
vt 0 0
vt 0 0
vt 0 0
vt 0 0
vt 0 0
vt 0 0
vt 0 0
vt 0 0
vt 0 0
vt 0 0
vt 0 0
vt 0 0
vt 0 0
vt 0 0
vt 0 0
vt 0 0
vt 0 0
vt 0 0
vt 0 0
vt 0 0
vt 0 0
vt 0 0
vt 0 0
vt 0 0
vt 0 0
vt 0 0
vt 0 0
vt 0 0
vt 0 0
vt 0 0
vt 0 0
vt 0 0
vt 0 0
vt 0 0
vt 0 0
vt 0 0
vt 0 0
vt 0 0
vt 0 0
vt 0 0
vt 0 0
vt 0 0
vt 0 0
vt 0 0
vt 0 0
vt 0 0
vt 0 0
vt 0 0
vt 0 0
vt 0 0
vt 0 0
vt 0 0
vt 0 0
vt 0 0
vt 0 0
vt 0 0
vt 0 0
vt 0 0
vt 0 0
vt 0 0
vt 0 0
vt 0 0
vt 0 0
vt 0 0
vt 0 0
vt 0 0
vt 0 0
vt 0 0
vt 0 0
vt 0 0
vt 0 0
vt 0 0
vt 0 0
vt 0 0
vt 0 0
vt 0 0
vt 0 0
vt 0 0
vt 0 0
vt 0 0
vt 0 0
vt 0 0
vt 0 0
vt 0 0
vt 0 0
vt 0 0
vt 0 0
vt 0 0
vt 0 0
vt 0 0
vt 0 0
vt 0 0
vt 0 0
vt 0 0
vt 0 0
vt 0 0
vt 0 0
vt 0 0
vt 0 0
vt 0 0
vt 0 0
vt 0 0
vt 0 0
vt 0 0
vt 0 0
vt 0 0
vt 0 0
vt 0 0
vt 0 0
vt 0 0
vt 0 0
vt 0 0
vt 0 0
vt 0 0
vt 0 0
vt 0 0
vt 0 0
vt 0 0
vt 0 0
vt 0 0
vt 0 0
vt 0 0
vt 0 0
vt 0 0
vt 0 0
vt 0 0
vt 0 0
vt 0 0
vt 0 0
vt 0 0
vt 0 0
vt 0 0
vt 0 0
vt 0 0
vt 0 0
vt 0 0
vt 0 0
vt 0 0
vt 0 0
vt 0 0
vt 0 0
vt 0 0
vt 0 0
vt 0 0
vt 0 0
vt 0 0
vt 0 0
vt 0 0
vt 0 0
vt 0 0
vt 0 0
vt 0 0
vt 0 0
vt 0 0
vt 0 0
vt 0 0
vt 0 0
vt 0 0
vt 0 0
vt 0 0
vt 0 0
vt 0 0
vt 0 0
vt 0 0
vt 0 0
vt 0 0
vt 0 0
vt 0 0
vt 0 0
vt 0 0
vt 0 0
vt 0 0
vt 0 0
vt 0 0
vt 0 0
vt 0 0
vt 0 0
vt 0 0
vt 0 0
vt 0 0
vt 0 0
vt 0 0
vt 0 0
vt 0 0
vt 0 0
vt 0 0
vt 0 0
vt 0 0
vt 0 0
vt 0 0
vt 0 0
vt 0 0
vt 0 0
vt 0 0
vt 0 0
vt 0 0
vt 0 0
vt 0 0
vt 0 0
vt 0 0
vt 0 0
vt 0 0
vt 0 0
vt 0 0
vt 0 0
vt 0 0
vt 0 0
vt 0 0
vt 0 0
vt 0 0
vt 0 0
vt 0 0
vt 0 0
vt 0 0
vt 0 0
vt 0 0
vt 0 0
vt 0 0
vt 0 0
vt 0 0
vt 0 0
vt 0 0
vt 0 0
vt 0 0
vt 0 0
vt 0 0
vt 0 0
vt 0 0
vt 0 0
vt 0 0
vt 0 0
vt 0 0
vt 0 0
vt 0 0
vt 0 0
vt 0 0
vt 0 0
vt 0 0
vt 0 0
vt 0 0
vt 0 0
vt 0 0
vt 0 0
vt 0 0
vt 0 0
vt 0 0
vt 0 0
vt 0 0
vt 0 0
vt 0 0
vt 0 0
vt 0 0
vt 0 0
vt 0 0
vt 0 0
vt 0 0
vt 0 0
vt 0 0
vt 0 0
vt 0 0
vt 0 0
vt 0 0
vt 0 0
vt 0 0
vt 0 0
vt 0 0
vt 0 0
vt 0 0
vt 0 0
vt 0 0
vt 0 0
vt 0 0
vt 0 0
vt 0 0
vt 0 0
vt 0 0
vt 0 0
vt 0 0
vt 0 0
vt 0 0
vt 0 0
vt 0 0
vt 0 0
vt 0 0
vt 0 0
vt 0 0
vt 0 0
vt 0 0
vt 0 0
vt 0 0
vt 0 0
vt 0 0
vt 0 0
vt 0 0
vt 0 0
vt 0 0
vt 0 0
vt 0 0
vt 0 0
vt 0 0
vt 0 0
vt 0 0
vt 0 0
vt 0 0
vt 0 0
vt 0 0
vt 0 0
vt 0 0
vt 0 0
vt 0 0
vt 0 0
vt 0 0
vt 0 0
vt 0 0
vt 0 0
vt 0 0
vt 0 0
vt 0 0
vt 0 0
vt 0 0
vt 0 0
vt 0 0
vt 0 0
vt 0 0
vt 0 0
vt 0 0
vt 0 0
vt 0 0
vt 0 0
vt 0 0
vt 0 0
vt 0 0
vt 0 0
vt 0 0
vt 0 0
vt 0 0
vt 0 0
vt 0 0
vt 0 0
vt 0 0
vt 0 0
vt 0 0
vt 0 0
vt 0 0
vt 0 0
vt 0 0
vt 0 0
vt 0 0
vt 0 0
vt 0 0
vt 0 0
vt 0 0
vt 0 0
vt 0 0
vt 0 0
vt 0 0
vt 0 0
vt 0 0
vt 0 0
vt 0 0
vt 0 0
vt 0 0
vt 0 0
vt 0 0
vt 0 0
vt 0 0
vt 0 0
vt 0 0
vt 0 0
vt 0 0
vt 0 0
vt 0 0
vt 0 0
vt 0 0
vt 0 0
vt 0 0
vt 0 0
vt 0 0
vt 0 0
vt 0 0
vt 0 0
vt 0 0
vt 0 0
vt 0 0
vt 0 0
vt 0 0
vt 0 0
vt 0 0
vt 0 0
vt 0 0
vt 0 0
vt 0 0
vt 0 0
vt 0 0
vt 0 0
vt 0 0
vt 0 0
vt 0 0
vt 0 0
vt 0 0
vt 0 0
vt 0 0
vt 0 0
vt 0 0
vt 0 0
vt 0 0
vt 0 0
vt 0 0
vt 0 0
vt 0 0
vt 0 0
vt 0 0
vt 0 0
vt 0 0
vt 0 0
vt 0 0
vt 0 0
vt 0 0
vt 0 0
vt 0 0
vt 0 0
vt 0 0
vt 0 0
vt 0 0
vt 0 0
vt 0 0
vt 0 0
vt 0 0
vt 0 0
vt 0 0
vt 0 0
vt 0 0
vt 0 0
vt 0 0
vt 0 0
vt 0 0
vt 0 0
vt 0 0
vt 0 0
vt 0 0
vt 0 0
vt 0 0
vt 0 0
vt 0 0
vt 0 0
vt 0 0
vt 0 0
vt 0 0
vt 0 0
vt 0 0
vt 0 0
vt 0 0
vt 0 0
vt 0 0
vt 0 0
vt 0 0
vt 0 0
vt 0 0
vt 0 0
vt 0 0
vt 0 0
vt 0 0
vt 0 0
vt 0 0
vt 0 0
vt 0 0
vt 0 0
vt 0 0
vt 0 0
vt 0 0
vt 0 0
vt 0 0
vt 0 0
vt 0 0
vt 0 0
vt 0 0
vt 0 0
vt 0 0
vt 0 0
vt 0 0
vt 0 0
vt 0 0
vt 0 0
vt 0 0
vt 0 0
vt 0 0
vt 0 0
vt 0 0
vt 0 0
vt 0 0
vt 0 0
vt 0 0
vt 0 0
vt 0 0
vt 0 0
vt 0 0
vt 0 0
vt 0 0
vt 0 0
vt 0 0
vt 0 0
vt 0 0
vt 0 0
vt 0 0
vt 0 0
vt 0 0
vt 0 0
vt 0 0
vt 0 0
vt 0 0
vt 0 0
vt 0 0
vt 0 0
vt 0 0
vt 0 0
vt 0 0
vt 0 0
vt 0 0
vt 0 0
vt 0 0
vt 0 0
vt 0 0
vt 0 0
vt 0 0
vt 0 0
vt 0 0
vt 0 0
vt 0 0
vt 0 0
vt 0 0
vt 0 0
vt 0 0
vt 0 0
vt 0 0
vt 0 0
vt 0 0
vt 0 0
vt 0 0
vt 0 0
vt 0 0
vt 0 0
vt 0 0
vt 0 0
vt 0 0
vt 0 0
vt 0 0
vt 0 0
vt 0 0
vt 0 0
vt 0 0
vt 0 0
vt 0 0
vt 0 0
vt 0 0
vt 0 0
vt 0 0
vt 0 0
vt 0 0
vt 0 0
vt 0 0
vt 0 0
vt 0 0
vt 0 0
vt 0 0
vt 0 0
vt 0 0
vt 0 0
vt 0 0
vt 0 0
vt 0 0
vt 0 0
vt 0 0
vt 0 0
vt 0 0
vt 0 0
vt 0 0
vt 0 0
vt 0 0
vt 0 0
vt 0 0
vt 0 0
vt 0 0
vt 0 0
vt 0 0
vt 0 0
vt 0 0
vt 0 0
vt 0 0
vt 0 0
vt 0 0
vt 0 0
vt 0 0
vt 0 0
vt 0 0
vt 0 0
vt 0 0
vt 0 0
vt 0 0
vt 0 0
vt 0 0
vt 0 0
vt 0 0
vt 0 0
vt 0 0
vt 0 0
vt 0 0
vt 0 0
vt 0 0
vt 0 0
vt 0 0
vt 0 0
vt 0 0
vt 0 0
vt 0 0
vt 0 0
vt 0 0
vt 0 0
vt 0 0
vt 0 0
vt 0 0
vt 0 0
vt 0 0
vt 0 0
vt 0 0
vt 0 0
vt 0 0
vt 0 0
vt 0 0
vt 0 0
vt 0 0
vt 0 0
vt 0 0
vt 0 0
vt 0 0
vt 0 0
vt 0 0
vt 0 0
vt 0 0
vt 0 0
vt 0 0
vt 0 0
vt 0 0
vt 0 0
vt 0 0
vt 0 0
vt 0 0
vt 0 0
vt 0 0
vt 0 0
vt 0 0
vt 0 0
vt 0 0
vt 0 0
vt 0 0
vt 0 0
vt 0 0
vt 0 0
vt 0 0
vt 0 0
vt 0 0
vt 0 0
vt 0 0
vt 0 0
vt 0 0
vt 0 0
vt 0 0
vt 0 0
vt 0 0
vt 0 0
vt 0 0
vt 0 0
vt 0 0
vt 0 0
vt 0 0
vt 0 0
vt 0 0
vt 0 0
vt 0 0
vt 0 0
vt 0 0
vt 0 0
vt 0 0
vt 0 0
vt 0 0
vt 0 0
vt 0 0
vt 0 0
vt 0 0
vt 0 0
vt 0 0
vt 0 0
vt 0 0
vt 0 0
vt 0 0
vt 0 0
vt 0 0
vt 0 0
vt 0 0
vt 0 0
vt 0 0
vt 0 0
vt 0 0
vt 0 0
vt 0 0
vt 0 0
vt 0 0
vt 0 0
vt 0 0
vt 0 0
vt 0 0
vt 0 0
vt 0 0
vt 0 0
vt 0 0
vt 0 0
vt 0 0
vt 0 0
vt 0 0
vt 0 0
vt 0 0
vt 0 0
vt 0 0
vt 0 0
vt 0 0
vt 0 0
vt 0 0
vt 0 0
vt 0 0
vt 0 0
vt 0 0
vt 0 0
vt 0 0
vt 0 0
vt 0 0
vt 0 0
vt 0 0
vt 0 0
vt 0 0
vt 0 0
vt 0 0
vt 0 0
vt 0 0
vt 0 0
vt 0 0
vt 0 0
vt 0 0
vt 0 0
vt 0 0
vt 0 0
vt 0 0
vt 0 0
vt 0 0
vt 0 0
vt 0 0
vt 0 0
vt 0 0
vt 0 0
vt 0 0
vt 0 0
vt 0 0
vt 0 0
vt 0 0
vt 0 0
vt 0 0
vt 0 0
vt 0 0
vt 0 0
vt 0 0
vt 0 0
vt 0 0
vt 0 0
vt 0 0
vt 0 0
vt 0 0
vt 0 0
vt 0 0
vt 0 0
vt 0 0
vt 0 0
vt 0 0
vt 0 0
vt 0 0
vt 0 0
vt 0 0
vt 0 0
vt 0 0
vt 0 0
vt 0 0
vt 0 0
vt 0 0
vt 0 0
vt 0 0
vt 0 0
vt 0 0
vt 0 0
vt 0 0
vt 0 0
vt 0 0
vt 0 0
vt 0 0
vt 0 0
vt 0 0
vt 0 0
vt 0 0
vt 0 0
vt 0 0
vt 0 0
vt 0 0
vt 0 0
vt 0 0
vt 0 0
vt 0 0
vt 0 0
vt 0 0
vt 0 0
vt 0 0
vt 0 0
vt 0 0
vt 0 0
vt 0 0
vt 0 0
vt 0 0
vt 0 0
vt 0 0
vt 0 0
vt 0 0
vt 0 0
vt 0 0
vt 0 0
vt 0 0
vt 0 0
vt 0 0
vt 0 0
vt 0 0
vt 0 0
vt 0 0
vt 0 0
vt 0 0
vt 0 0
vt 0 0
vt 0 0
vt 0 0
vt 0 0
vt 0 0
vt 0 0
vt 0 0
vt 0 0
vt 0 0
vt 0 0
vt 0 0
vt 0 0
vt 0 0
vt 0 0
vt 0 0
vt 0 0
vt 0 0
vt 0 0
vt 0 0
vt 0 0
vt 0 0
vt 0 0
vt 0 0
vt 0 0
vt 0 0
vt 0 0
vt 0 0
vt 0 0
vt 0 0
vt 0 0
vt 0 0
vt 0 0
vt 0 0
vt 0 0
vt 0 0
vt 0 0
vt 0 0
vt 0 0
vt 0 0
vt 0 0
vt 0 0
vt 0 0
vt 0 0
vt 0 0
vt 0 0
vt 0 0
vt 0 0
vt 0 0
vt 0 0
vt 0 0
vt 0 0
vt 0 0
vt 0 0
vt 0 0
vt 0 0
vt 0 0
vt 0 0
vt 0 0
vt 0 0
vn -0.018414609348259777 0.8750339848194456 0.4837110992871193
vn -0.018414609348259777 0.8750339848194456 0.4837110992871193
vn -0.018414609348259777 0.8750339848194456 0.4837110992871193
vn 0.011504818644695027 0.8890871374181357 0.4575933797877518
vn 0.01150481934740704 0.889086881332644 0.45759387733445056
vn 0.011504820439683934 0.8890874302129147 0.45759281085266884
vn 0 0.599661697168626 0.8002536153925475
vn 0 0.599661697168626 0.8002536153925475
vn 0 0.599661697168626 0.8002536153925475
vn -0.03679423716372566 0.5059759530387016 0.861762449320065
vn -0.03679424114566911 0.5059803077070925 0.8617598923314721
vn -0.03679423804925233 0.5059790646575715 0.8617606223160953
vn 0 0.5555741801021179 0.8314669749327748
vn 0.0000013458700357157625 0.5555741801016147 0.8314669749320217
vn 0 0.5555741801021179 0.8314669749327748
vn 0.017784048201167347 0.3826149772927853 0.9237367085814117
vn 0.017784047824527173 0.3826157440499388 0.9237363909947939
vn 0.01778404932160847 0.3826147825107046 0.9237367892392362
vn 0.0012958040353403069 0.13980069640484763 0.9901788152533973
vn 0.0012961619206310097 0.13980098217959971 0.9901787744371695
vn 0.0012975329298580676 0.13980188963849385 0.9901786445191608
vn -0.0004742639234948272 0.25180548937352215 0.967777748553402
vn -0.0004742739511927764 0.25180536319645686 0.9677777813784111
vn -0.00047427494072278196 0.2518053631963387 0.967777781377957
vn 0.0000013435699958783721 0.35660727803163644 0.9342543814470778
vn 9.415669826073138e-7 0.3566072780318002 0.9342543814475068
vn 0 0.3566072780319583 0.9342543814479211
vn -0.0013278118525608615 -0.30561917923733123 0.9521529048414358
vn -0.0013278117575025235 -0.30561653174628906 0.9521537546212303
vn -0.0013278118320479186 -0.3056162538883781 0.9521538438062271
vn -0.012203389582794136 -0.5080214657277277 0.8612579565046361
vn -0.012204170541362257 -0.5080214869683872 0.8612579329096632
vn -0.012204399130445744 -0.5080216442917749 0.8612578368717154
vn 0.011408858063441978 -0.45711773883212503 0.8893330145691732
vn 0.011408859079311792 -0.45711714617321614 0.8893333191829501
vn 0.011408859200869722 -0.45711735965992223 0.8893332094492344
vn 0.0000013527700661294963 -0.30366731555988724 0.952778128138352
vn 3.9301796005211446e-7 -0.30366736966841334 0.9527781108938811
vn 0 -0.3036673155601651 0.9527781281392239
vn 0 -0.8002536654291875 0.5996616303942999
vn 0 -0.8002536654291875 0.5996616303942999
vn 0 -0.8002536654291875 0.5996616303942999
vn -0.036794837389771004 -0.8617616851001413 0.5059772109836818
vn -0.03679483834280832 -0.8617624822813624 0.5059758531823343
vn -0.036794897623712366 -0.8617628323269695 0.505975252684022
vn 0 -0.8314668096040928 0.5555744275313539
vn 0.0000013458700575439313 -0.8314668096033397 0.5555744275308507
vn 0 -0.8314668096040928 0.5555744275313539
vn 0.01778404766234055 -0.9237367998030289 0.3826147570839399
vn 0.017784047691280867 -0.9237365032830224 0.3826154729623061
vn 0.017784049559164836 -0.9237368611830025 0.3826146088076765
vn 0.0012958039414143205 -0.9901787728338077 0.1398009968543862
vn 0.0012961618828287347 -0.9901787455588249 0.1398011867185879
vn 0.0012975928485067637 -0.9901786176263563 0.13980207955662796
vn -0.00047422492436999947 -0.9677777485713013 0.2518054893781793
vn -0.00047422192667607603 -0.967777748572677 0.25180548937853725
vn -0.00047422492436999947 -0.9677777485713013 0.2518054893781793
vn 0.0000013435699393078953 -0.9342544211630673 0.35660717398203956
vn 9.397048890492383e-7 -0.9342544211634982 0.35660717398220404
vn 0 -0.9342544211639106 0.35660717398236147
vn 4.7367995679312967e-7 -0.9388250028504912 -0.34439456154612963
vn -0.000001964329822535506 -0.9388250028487851 -0.3443945615455038
vn -3.40863973993284e-7 -0.9388250028505418 -0.3443945615461482
vn -0.013306429787438241 -0.9527115353079924 -0.3035846989184399
vn -0.013302618601418141 -0.9527118180053298 -0.3035839787790601
vn -0.01330505857522659 -0.9527116326516633 -0.3035844535323114
vn 0.000006209830256060834 0.83229518827224 0.554332679480756
vn 4.051249833549164e-7 0.8322948308971551 0.5543332160909288
vn 0.000004115979708239892 0.8322950691509212 0.5543328583532843
vn 0.0000016912800947329785 0.8323050759692686 0.5543178334790697
vn 0.000003648460060449162 0.8323053142190519 0.5543174757387811
vn 0.0000033723202996649627 0.8323052225920978 0.554317613317984
vn -0.002999125758417816 0.7224331525625077 0.6914342668130367
vn -0.0029991259413727433 0.7224336769901798 0.6914337188726306
vn -0.002999125828284951 0.7224350767408749 0.6914322563625972
vn -0.0000022994400343331835 0.7266866127141706 0.6869691164067842
vn 0 0.7266866127160917 0.6869691164086003
vn 0.0000013481700601199696 0.7266866127154313 0.6869691164079761
vn -0.011305510843856796 0.5816551367727013 0.8133569249047367
vn -0.011306700143648098 0.5816556136551083 0.8133565673401555
vn -0.011304369191546246 0.5816547272145736 0.8133572336594304
vn -0.0000010560398923692748 0.16366908180527084 0.9865152972254938
vn -0.0000012973298632672061 0.16366908180522435 0.9865152972252136
vn 0 0.16366908180536208 0.9865152972260438
vn -0.010489040276548458 0.1577865067762452 0.9874175400069756
vn -0.01048839023635198 0.15778690945323148 0.9874174825652257
vn -0.01048861906911625 0.15778668183500424 0.9874175165073396
vn 0.008292375157759041 -0.02220057889146642 0.9997191459660693
vn 0.008292376252579841 -0.022199690847431976 0.9997191656772235
vn 0.008292376210404035 -0.022199919839879664 0.9997191605925576
vn -0.010103998568738016 -0.08399502819131006 0.9964149459196524
vn -0.010102090180731965 -0.08399467711541529 0.9964149948642169
vn -0.010101489640129123 -0.08399455925685477 0.9964150108876809
vn 0.000003830530252670526 -0.19707529496485515 0.9803883557549234
vn 0.000003426799865101721 -0.1970752949651439 0.9803883557563597
vn 0.000005025419403256263 -0.19707559292843746 0.9803882958535614
vn 0.000007804480284866858 -0.1970968056554858 0.9803840314588429
vn 0.0000076205491634580024 -0.19709497490870145 0.980384399512592
vn 0.000007621939164667571 -0.19709449075528368 0.9803844968459168
vn 0.00003723749875583924 -0.5538827624222312 0.8325946697552701
vn 0.000039532795627396594 -0.5538873732480231 0.8325916022838348
vn 0.00003290179647185309 -0.5538732378170493 0.8326010060932727
vn -0.00000360328991990681 -0.5538874149957078 0.832591575441638
vn -0.0000018784800931161183 -0.5538870571379341 0.8325918135146118
vn -0.0000045108595791934465 -0.5538875526053767 0.8325914838913969
vn -0.0029210439064874315 -0.6912816789672057 0.7225794820134167
vn -0.0029210438247472322 -0.6912807655532719 0.7225803558629699
vn -0.0029210436686791658 -0.6912802472777455 0.7225808516889337
vn -0.000002299439801515922 -0.6869690551758412 0.7266866705984942
vn 0 -0.6869690551776575 0.7266866706004155
vn 0.000001348169943241538 -0.6869690551770331 0.7266866705997551
vn -0.011297699171006093 -0.813265748573095 0.5817827637454419
vn -0.011296509096778944 -0.8132660578296633 0.581782354548868
vn -0.011295309007080496 -0.8132664357359862 0.5817818495791353
vn -0.000001058340012100931 -0.9865074961002179 0.16371609614499794
vn -0.000001300129979454168 -0.9865074960999367 0.16371609614495125
vn 0 -0.9865074792542561 0.1637161976574509
vn -0.01048903900084328 -0.9874174479828323 0.1577870827409815
vn -0.010490829396244695 -0.9874176042228933 0.15778598597245794
vn -0.010488620223846253 -0.9874174183300243 0.15778729614347828
vn 0.00829237617748603 -0.9997191566240015 -0.022200098565690066
vn 0.008292375135813086 -0.9997191433202902 -0.02220069804200169
vn 0.00829237511386701 -0.999719140674497 -0.022200817192536016
vn -0.010103998808400811 -0.99641490994957 -0.08399545486673679
vn -0.01010208950176752 -0.9964149601507996 -0.08399508899560128
vn -0.010101550415847264 -0.996414974932057 -0.08399497848291065
vn 0.0000035501995268886588 -0.980388261311 -0.19707576479869468
vn 0.0000031427500486878812 -0.9803882757076579 -0.19707569318687784
vn 0.000004742289962224693 -0.9803882158051808 -0.19707599115022942
vn 0.000054046500126058294 -0.980378199477826 -0.19712580517931155
vn 0.00005668170002927389 -0.9803795260043954 -0.19711920702605853
vn 0.00005337599523201855 -0.9803778429224349 -0.19712757863311914
vn -0.01209765046932733 -0.8612493462938419 -0.5080385914097
vn -0.012099379601969744 -0.861249084142282 -0.5080389946424664
vn -0.012100749408289114 -0.8612488932872847 -0.5080392855628247
vn 0.011504818644695027 -0.8890871374181357 -0.4575933797877518
vn 0.01150481934740704 -0.889086881332644 -0.45759387733445056
vn 0.011504820439683934 -0.8890874302129147 -0.45759281085266884
vn 0 -0.599661697168626 -0.8002536153925475
vn 0 -0.599661697168626 -0.8002536153925475
vn 0 -0.599661697168626 -0.8002536153925475
vn -0.03679423716372566 -0.5059759530387016 -0.861762449320065
vn -0.03679424114566911 -0.5059803077070925 -0.8617598923314721
vn -0.03679423804925233 -0.5059790646575715 -0.8617606223160953
vn 0 -0.5555741801021179 -0.8314669749327748
vn 0.0000013458700357157625 -0.5555741801016147 -0.8314669749320217
vn 0 -0.5555741801021179 -0.8314669749327748
vn 0.017784048201167347 -0.3826149772927853 -0.9237367085814117
vn 0.017784047824527173 -0.3826157440499388 -0.9237363909947939
vn 0.01778404932160847 -0.3826147825107046 -0.9237367892392362
vn 0.0012958040353403069 -0.13980069640484763 -0.9901788152533973
vn 0.0012961619206310097 -0.13980098217959971 -0.9901787744371695
vn 0.0012975329298580676 -0.13980188963849385 -0.9901786445191608
vn -0.0004742639234948272 -0.25180548937352215 -0.967777748553402
vn -0.0004742739511927764 -0.25180536319645686 -0.9677777813784111
vn -0.00047427494072278196 -0.2518053631963387 -0.967777781377957
vn 0.0000013435699958783721 -0.35660727803163644 -0.9342543814470778
vn 9.415669826073138e-7 -0.3566072780318002 -0.9342543814475068
vn 0 -0.3566072780319583 -0.9342543814479211
vn -0.0013278118525608615 0.30561917923733123 -0.9521529048414358
vn -0.0013278117575025235 0.30561653174628906 -0.9521537546212303
vn -0.0013278118320479186 0.3056162538883781 -0.9521538438062271
vn -0.012203389582794136 0.5080214657277277 -0.8612579565046361
vn -0.012204170541362257 0.5080214869683872 -0.8612579329096632
vn -0.012204399130445744 0.5080216442917749 -0.8612578368717154
vn 0.011408858063441978 0.45711773883212503 -0.8893330145691732
vn 0.011408859079311792 0.45711714617321614 -0.8893333191829501
vn 0.011408859200869722 0.45711735965992223 -0.8893332094492344
vn 0.0000013527700661294963 0.30366731555988724 -0.952778128138352
vn 3.9301796005211446e-7 0.30366736966841334 -0.9527781108938811
vn 0 0.3036673155601651 -0.9527781281392239
vn 0 0.8002536654291875 -0.5996616303942999
vn 0 0.8002536654291875 -0.5996616303942999
vn 0 0.8002536654291875 -0.5996616303942999
vn -0.036794837389771004 0.8617616851001413 -0.5059772109836818
vn -0.03679483834280832 0.8617624822813624 -0.5059758531823343
vn -0.036794897623712366 0.8617628323269695 -0.505975252684022
vn 0 0.8314668096040928 -0.5555744275313539
vn 0.0000013458700575439313 0.8314668096033397 -0.5555744275308507
vn 0 0.8314668096040928 -0.5555744275313539
vn 0.01778404766234055 0.9237367998030289 -0.3826147570839399
vn 0.017784047691280867 0.9237365032830224 -0.3826154729623061
vn 0.017784049559164836 0.9237368611830025 -0.3826146088076765
vn 0.0012958039414143205 0.9901787728338077 -0.1398009968543862
vn 0.0012961618828287347 0.9901787455588249 -0.1398011867185879
vn 0.0012975928485067637 0.9901786176263563 -0.13980207955662796
vn -0.00047422492436999947 0.9677777485713013 -0.2518054893781793
vn -0.00047422192667607603 0.967777748572677 -0.25180548937853725
vn -0.00047422492436999947 0.9677777485713013 -0.2518054893781793
vn 0.0000013435699393078953 0.9342544211630673 -0.35660717398203956
vn 9.397048890492383e-7 0.9342544211634982 -0.35660717398220404
vn 0 0.9342544211639106 -0.35660717398236147
vn -0.0006917479383372008 0.9638927651058884 0.2662898023982788
vn -0.0006901639337723552 0.96389252741836 0.2662906668675994
vn -0.0006976220097026783 0.9638937008359615 0.26628639997620157
vn -0.01328915016775203 0.9527109492691594 0.3035872949095138
vn -0.01328950838992201 0.9527109847124907 0.303587168001071
vn -0.013294927481904016 0.9527116803283161 0.30358474775463823
vn -0.011304369191546246 -0.5816547272145736 -0.8133572336594304
vn -0.011305510843856796 -0.5816551367727013 -0.8133569249047367
vn -0.011306700143648098 -0.5816556136551083 -0.8133565673401555
vn 0.0000013481700601199696 -0.7266866127154313 -0.6869691164079761
vn -0.0000022994400343331835 -0.7266866127141706 -0.6869691164067842
vn 0 -0.7266866127160917 -0.6869691164086003
vn -0.0029991259413727433 -0.7224336769901798 -0.6914337188726306
vn -0.002999125828284951 -0.7224350767408749 -0.6914322563625972
vn -0.002999125758417816 -0.7224331525625077 -0.6914342668130367
vn 0.0000032461196125965582 -0.8323051950931594 -0.5543176546082589
vn 0.0000015655499034817931 -0.8323050484701476 -0.5543178747692105
vn 0.0000035213298121997446 -0.8323052684055544 -0.5543175445283673
vn 0.00004956129051007804 -0.832323777429602 -0.5542897501027751
vn 0.000056222096288957545 -0.8323143206395682 -0.5543039495595984
vn 0.000056857698530946974 -0.8323133676154589 -0.5543053805041193
vn -0.0000010560398923692748 -0.16366908180527084 -0.9865152972254938
vn -0.0000012973298632672061 -0.16366908180522435 -0.9865152972252136
vn 0 -0.16366908180536208 -0.9865152972260438
vn -0.010489040276548458 -0.1577865067762452 -0.9874175400069756
vn -0.01048839023635198 -0.15778690945323148 -0.9874174825652257
vn -0.01048861906911625 -0.15778668183500424 -0.9874175165073396
vn 0.008292375157759041 0.02220057889146642 -0.9997191459660693
vn 0.008292376252579841 0.022199690847431976 -0.9997191656772235
vn 0.008292376210404035 0.022199919839879664 -0.9997191605925576
vn -0.010103998568738016 0.08399502819131006 -0.9964149459196524
vn -0.010102090180731965 0.08399467711541529 -0.9964149948642169
vn -0.010101489640129123 0.08399455925685477 -0.9964150108876809
vn 0.000003830530252670526 0.19707529496485515 -0.9803883557549234
vn 0.000003426799865101721 0.1970752949651439 -0.9803883557563597
vn 0.000005025419403256263 0.19707559292843746 -0.9803882958535614
vn 0.0000152289996523166 0.19711058073819854 -0.9803812619226909
vn 0.000022009899687268826 0.1970936111451182 -0.9803846734630961
vn 0.00001662969767506261 0.19710709111626992 -0.9803819634995005
vn -0.011295309007080496 0.8132664357359862 -0.5817818495791353
vn -0.011297699171006093 0.813265748573095 -0.5817827637454419
vn -0.011296509096778944 0.8132660578296633 -0.581782354548868
vn 0.000001348169943241538 0.6869690551770331 -0.7266866705997551
vn -0.000002299439801515922 0.6869690551758412 -0.7266866705984942
vn 0 0.6869690551776575 -0.7266866706004155
vn -0.0029210439451045913 0.6912807344318438 -0.7225803856358416
vn -0.002921043896058134 0.6912801863829332 -0.7225809099449932
vn -0.002921044013509369 0.6912816491938609 -0.7225795104967251
vn -0.000004765109812724787 0.5538872635502244 -0.8325916761859551
vn -0.0000038547400875347615 0.553887194746532 -0.8325917219627869
vn -0.0000021313298810161784 0.5538867680830414 -0.8325920058095565
vn 0.000039532795627396594 0.5538873732480231 -0.8325916022838348
vn 0.00003290179647185309 0.5538732378170493 -0.8326010060932727
vn 0.00003723749875583924 0.5538827624222312 -0.8325946697552701
vn -0.000001058340012100931 0.9865074961002179 -0.16371609614499794
vn -0.000001300129979454168 0.9865074960999367 -0.16371609614495125
vn 0 0.9865074792542561 -0.1637161976574509
vn -0.01048903900084328 0.9874174479828323 -0.1577870827409815
vn -0.010490829396244695 0.9874176042228933 -0.15778598597245794
vn -0.010488620223846253 0.9874174183300243 -0.15778729614347828
vn 0.00829237617748603 0.9997191566240015 0.022200098565690066
vn 0.008292375135813086 0.9997191433202902 0.02220069804200169
vn 0.00829237511386701 0.999719140674497 0.022200817192536016
vn -0.010103998808400811 0.99641490994957 0.08399545486673679
vn -0.01010208950176752 0.9964149601507996 0.08399508899560128
vn -0.010101550415847264 0.996414974932057 0.08399497848291065
vn 0.0000035501995268886588 0.980388261311 0.19707576479869468
vn 0.0000031427500486878812 0.9803882757076579 0.19707569318687784
vn 0.000004742289962224693 0.9803882158051808 0.19707599115022942
vn 0.000054046500126058294 0.980378199477826 0.19712580517931155
vn 0.00005668170002927389 0.9803795260043954 0.19711920702605853
vn 0.00005337599523201855 0.9803778429224349 0.19712757863311914
vn 1 0 0
vn 1 0 0
vn 1 0 0
vn 0.999999999605613 -0.00000270456007349568 0.000027954600216506116
vn 0.9999999996037479 -0.000010721400026640239 0.000026029900244483717
vn 0.9999999996073932 -0.000009819869770363766 0.000026244699246190794
vn 0.9999999999169811 -0.000007685620402570253 0.000010342600034215069
vn 0.9999999999169993 -0.000007797029865549522 0.000010257100256298086
vn 0.9999999999169353 -0.000008188840183040255 0.000009953510015376141
vn 0.9999999998921103 0.0000017881400251898232 0.000014580199602524234
vn 0.9999999999192863 0.0000061392797756117634 0.000011123699549910107
vn 0.9999999998788163 0.000015035299837106006 0.00000403821013556984
vn 0.9999999995804183 -0.000028967899185441724 -1.5646199351778578e-7
vn 0.9999999996094917 -0.00002510850025757391 -0.000012271099871878666
vn 0.9999999994846658 -0.00003130729963437333 0.0000071078497930762555
vn 0.9999999995849889 -0.000013873000165103456 -0.000025249999442601787
vn 0.9999999996301117 -0.000021986699713177664 -0.000016011299515856317
vn 0.9999999996249394 -0.000022806199913789077 -0.000015165699545601379
vn 0.9999999997941509 -0.000015815699949980968 -0.000012710699590682582
vn 0.9999999997955005 -0.000016637099175804135 -0.000011498100318399025
vn 0.999999999794029 -0.00001742319909322233 -0.000010410300090045353
vn -0.005894482065078279 -0.997440504986074 0.07125794057022716
vn -0.0058849448370608005 -0.9974405613184533 0.07125794033645398
vn -0.00589531549781758 -0.9974404879052938 0.07125811071331142
vn 1 0 0
vn 1 0 0
vn 1 0 0
vn 0.9999999999999687 2.50538988666441e-7 0
vn 0.9999999999999687 2.50538988666441e-7 0
vn 0.9999999999999687 2.50538988666441e-7 0
vn 1 0 0
vn 1 0 0
vn 1 0 0
vn 0.9999999999999922 -1.2436200336196537e-7 0
vn 0.9999999999999922 -1.2436200336196537e-7 0
vn 0.9999999999999922 -1.2436200336196537e-7 0
vn 1 0 0
vn 1 0 0
vn 1 0 0
vn 0.999999998565503 -0.00005354730084540527 0.0000012963999988235248
vn 0.999999998819471 -0.00004431610063191098 0.000019928400410329076
vn 0.9999999985005747 -0.00003239509892099912 0.000044152100533400954
vn 0.9999999993472233 0.000029906599573710055 -0.000020276800556027062
vn 0.9999999993981947 0.000009000300446172854 -0.000033505300941969666
vn 0.9999999994435569 0.000013642000332450707 -0.000030443099586931962
vn 1 0 0
vn 1 0 0
vn 1 0 0
vn 1 0 0
vn 1 0 0
vn 1 0 0
vn 1 0 0
vn 1 0 0
vn 1 0 0
vn 0.9999999993122124 -0.000019624800174969213 0.000031471299713485174
vn 0.9999999991892423 -0.00003995369840084438 0.0000050216899540132335
vn 0.9999999993161972 -0.000019878099906286177 0.000031184401429121896
vn 1 0 0
vn 1 0 0
vn 1 0 0
vn 1 0 0
vn 1 0 0
vn 1 0 0
vn 1 0 0
vn 1 0 0
vn 1 0 0
vn 0.9999999991345503 0.000039037298813903545 -0.000014387100224039057
vn 0.9999999993703808 0.000018261400316403626 -0.00003042629939858368
vn 0.9999999993168112 0.000030361099540817605 -0.000021085099419143645
vn 0.9999999987794252 0.00003111729889336808 -0.000038377900590144663
vn 0.9999999989706876 0.00004127619827457787 -0.000018838800295888504
vn 0.9999999987415176 0.00003018979983446651 -0.00004006920057195712
vn 0.9999999993333155 -0.00003128499881956235 -0.000018831300609414158
vn 0.9999999993314896 -0.00003203750018333387 -0.000017624399321944522
vn 0.9999999993166682 -0.00002785029935610073 -0.000024311000726569895
vn 0.9999999995231561 -0.000026717800197722664 -0.000015486999465683983
vn 0.9999999995295168 -0.000027509799097760273 -0.000013571199809102467
vn 0.9999999995131172 -0.000025898199952403805 -0.00001740829974613076
vn 1 0 0
vn 1 0 0
vn 1 0 0
vn 0.9999999994603228 0.00002381209923066339 -0.00002263490022102712
vn 0.9999999995207034 0.000027403699264649245 -0.000014409400130176763
vn 0.9999999994257633 0.00002269449940801783 -0.00002516809944073372
vn 0.9999999986275443 0.000014737200197269984 -0.000050276499609145685
vn 0.9999999986238848 0.000016543999640787682 -0.00004978480130800824
vn 0.9999999985848749 0.000005856159978873737 -0.000052876799525371575
vn 0.9999999993282316 -0.00002746470088797114 -0.000024274000663418344
vn 0.9999999993256061 -0.000027883799684172167 -0.000023901500737590088
vn 0.9999999992282793 -0.00001795589922472949 -0.00003494320114473352
vn 0.999999998998873 -0.000028554299177420794 -0.00003445149919760068
vn 0.9999999989690482 -0.000033825599495373545 -0.000030294100693627405
vn 0.9999999989524779 -0.00001883510047110252 -0.000041716699299242704
vn 0.9999999997720854 0.000009311360370399254 -0.000019212700858757123
vn 0.9999999997791318 0.000007715079844389416 -0.00001955029983514784
vn 0.99999999978278 0.0000024586900048350585 -0.000020697700160832614
vn 0.999999999243584 -0.000032007701496131244 0.000022098400205887646
vn 0.9999999981111429 0.0000011473899781932024 0.00006145240319926816
vn 0.9999999991164188 -0.00001907350086318724 0.00003746150101833869
vn 0.9999999999999896 -1.4534299452861737e-7 0
vn 0.9999999999999896 -1.4534299452861737e-7 0
vn 0.9999999999999896 -1.4534299452861737e-7 0
vn 1 0 0
vn 1 0 0
vn 1 0 0
vn 1 0 0
vn 1 0 0
vn 1 0 0
vn 1 0 0
vn 1 0 0
vn 1 0 0
vn 0.99999999975297 -0.000005185600001451828 0.000021614099745538028
vn 0.9999999998498461 0.000010006099726841087 0.00001414869984515836
vn 0.9999999998481246 0.000010490400198476183 0.000013917700014349886
vn 0.9999999989321853 0.00004604829877820144 0.000003896650010051455
vn 0.9999999989982269 0.000042691801311754386 -0.000013451999607407874
vn 0.9999999989921879 0.00004482270010187851 -0.000002559269884990563
vn 0.9999999992084334 -0.000015821300609086522 -0.000036507801240282714
vn 0.9999999992244195 -0.00001361970042888576 -0.00003695490155995353
vn 0.9999999991878976 0.000001139939967271975 -0.00004028530016878777
vn 0.9999999995673001 -0.000020436900731762735 0.000021159699817811172
vn 0.9999999995844298 -0.000015646199238154504 0.00002421439966286548
vn 0.9999999995618964 -0.000009462240082431927 0.00002804769973089553
vn 0.9999999990567519 -0.000042140498368367455 0.000010520199784049848
vn 0.9999999989235784 -0.000043004700227449846 0.000017419499253613467
vn 0.9999999991249644 -0.00003932420073594196 -0.00001427159985384526
vn 0.9999999994266227 0.00003354619910064803 -0.000004626810093289438
vn 0.999999999370335 0.000029757600695482413 -0.000019334300292588886
vn 0.999999999420609 0.000031247698625605826 -0.000013504200061467772
vn 0.9999999987718315 -0.00004842879928637781 0.000010535100032733275
vn 0.9999999996016253 -0.000027805599518451944 -0.000004857779911501172
vn 0.9999999994188653 0.000009357930133792812 -0.00003278259826315942
vn 1 0 0
vn 1 0 0
vn 1 0 0
vn 0.9999999998788547 -0.000015564299244876405 2.0861600089320947e-7
vn 0.9999999998966709 -0.000014215699592009452 -0.0000021383200417013197
vn 0.9999999998742586 -0.000007815659954685046 -0.000013798499820124834
vn 0.9999999982421472 0.000009380280045543246 0.00005854669860749904
vn 0.9999999982550067 -0.0000020042100424276593 0.00005904210037144316
vn 0.9999999982583727 0.000005573970146839369 0.00005875530031288432
vn 1 0 0
vn 1 0 0
vn 1 0 0
vn 0.9999999999999916 -1.298940048854991e-7 0
vn 0.9999999999999916 -1.298940048854991e-7 0
vn 0.9999999999999916 -1.298940048854991e-7 0
vn 1 0 0
vn 1 0 0
vn 1 0 0
vn 1 0 0
vn 1 0 0
vn 1 0 0
vn 0.9999999999999911 -1.3445099966702282e-7 0
vn 0.9999999999999911 -1.3445099966702282e-7 0
vn 0.9999999999999911 -1.3445099966702282e-7 0
vn 1 0 0
vn 1 0 0
vn 1 0 0
vn 1 0 0
vn 1 0 0
vn 1 0 0
vn 0.9999999997594042 -0.000012800100190919593 -0.000017814300004181354
vn 0.9999999997892131 -0.000015687199262505866 -0.000013247099556728987
vn 0.9999999997936262 -0.000017777099852506756 -0.000009834770023888622
vn 0.9999999976898637 -0.0000228955995606563 -0.00006400050173164103
vn 0.9999999976678027 -0.00002650729941890669 -0.00006294249746006057
vn 0.9999999975563327 -0.000034980501282928314 -0.000060528498431603635
vn 0.9999999990940351 -0.00004248589899150738 0.0000026226000476413708
vn 0.9999999999080509 0.0000056922399375476015 0.000012308400072247998
vn 0.9999999993140885 0.00003267819918196906 0.000017434400421599584
vn 0.9999999990912578 -0.00003368029862608416 -0.000026136600330469287
vn 0.9999999989979924 -0.000025600200362346887 -0.0000367239008115035
vn 0.9999999990802104 -0.000036403500383298195 -0.000022679600057984937
vn 0.999999999428774 0.00002071259949570144 -0.000026710300501894446
vn 0.9999999993674249 0.000008180740218731536 -0.000034615401069390074
vn 0.9999999990949029 0.000040122300524737236 -0.000014156100392858523
vn 0.9999999983800016 -0.00005622209928320153 0.00000889226974701253
vn 0.9999999983154637 -0.00005786120154228354 0.0000045993401649695924
vn 0.9999999984238306 -0.00004892050120835844 0.00002755219971027289
vn 0.9999999984201957 0.00005620719812429102 5.997720213219401e-7
vn 0.9999999984385217 0.00005513429996912412 0.000009119509726900147
vn 0.9999999981262628 0.0000522732988359228 0.000031858700762645495
vn 0.9999999979102896 0.00006337460204521145 0.000012770299663914722
vn 0.9999999979974286 0.00006275619658646996 0.000008173289626941948
vn 0.999999998048561 0.0000624359016601699 0.000002153220062045863
vn 0.9999999996955564 0.000024672599458191247 -3.874299919701225e-7
vn 0.9999999999912252 0.0000013560099887280714 -0.0000039637097870233975
vn 0.999999999990365 -5.81145002337365e-7 -0.000004351139978056294
vn 0.9999999996764242 -0.000023871700242586516 -0.000008791689648998847
vn 0.9999999996282227 -0.000023603399304512602 -0.000013654100252477808
vn 0.9999999995750126 -0.000025466100840367506 0.000014193399686853561
vn 1 0 0
vn 1 0 0
vn 1 0 0
vn 0.9999999992232775 0.000002600249897822638 0.00003932790056425199
vn 0.999999999173484 0.00000625476013221114 0.00004017350144157879
vn 0.9999999992784905 -0.000006929039950139792 0.00003734980052319779
vn 0.9999999999999059 4.3395900206629e-7 0
vn 0.9999999999999059 4.3395900206629e-7 0
vn 0.9999999999999059 4.3395900206629e-7 0
vn 0.9999999989365733 -0.00001072879966837295 0.000044852498783762906
vn 0.9999999986220003 0.000007174910014445324 0.000052005001563162144
vn 0.9999999981399803 0.00002070700061963347 0.000057369499593435536
vn 1 0 0
vn 1 0 0
vn 1 0 0
vn 1 0 0
vn 1 0 0
vn 1 0 0
vn 0.9999999986860724 -0.000010658100095135951 0.000050142400075456266
vn 0.9999999986110444 -0.000026736399339978467 0.000045421100304005564
vn 0.9999999985003247 0.000004656610137609884 0.00005456800127833253
vn 0.9999999989514374 0.000018641399927681236 0.00004182850166378161
vn 0.999999999002888 0.000028431399158607408 0.00003443660167453882
vn 0.9999999989744777 0.00003369149995888651 0.000030264300190424154
vn 0.9999999993318551 0.000027684500291490667 0.000023871700234361068
vn 0.9999999992314739 0.000017777099842513315 0.000034943201144845145
vn 0.9999999993337148 0.000027271000344646 0.000024266499151256218
vn 0.9999999984749164 0.00001606720067962466 -0.0000528394993229051
vn 0.9999999986982018 0.000027567199104434534 -0.00004293769956215461
vn 0.9999999985507195 0.00004683429863268385 -0.000026553900131772336
vn 0.9999999995255364 0.00001335140040558587 -0.00002776089967075472
vn 0.9999999994367132 0.000006854530052582698 -0.00003285710043169299
vn 0.9999999991196777 0.00004153879850472874 -0.000005930659876193721
vn 0.9999999985946011 0.000029146700358033732 0.00004428620007417216
vn 0.999999998437261 0.00001293419971059467 0.00005438919825478094
vn 0.9999999985571106 0.000035487100780029003 0.00004032919963357816
vn 0.9999999987484582 0.000033676598790096385 0.00003699960138791122
vn 0.9999999987307426 0.000032827301724125776 0.00003822150024157916
vn 0.9999999987631882 0.00003436209949838609 0.00003595649827830417
vn 0.9999999997017792 0.000023793400025350102 0.000005505979968979413
vn 0.9999999996942364 0.00002355869946048168 0.000007517639912723679
vn 0.9999999996954954 0.000023515900458848342 0.0000074841100263204425
vn 0.9999999993929571 -0.000031687301069587457 -0.000014491400170598085
vn 0.9999999993780662 -0.00002985080025572399 -0.000018782899121248023
vn 0.9999999993912936 -0.000031497300350492416 -0.000015011099994765913
vn 0.9999999989519379 -0.00003710389860975109 -0.000026822099215761575
vn 0.999999999165871 -0.000036180001158589286 -0.000018954300669626134
vn 0.9999999993674566 -0.000032246098251174045 0.000015009200059977292
vn 0.9999999999999651 -2.6416299192532267e-7 0
vn 0.9999999999999651 -2.6416299192532267e-7 0
vn 0.9999999999999651 -2.6416299192532267e-7 0
vn 1 0 0
vn 1 0 0
vn 1 0 0
vn 0.9999999983659085 0.000046730001409778274 0.000032931598926399334
vn 0.9999999984472965 0.000047564499180950536 0.000029034899808203743
vn 0.9999999982312482 0.000056415799818100484 -0.000018835100457518082
vn 0.9999999981505698 -0.00004476309905746855 -0.000041171901026498905
vn 0.9999999979156244 -0.000025302200758244487 -0.00005940159814041518
vn 0.9999999981363223 -0.00003600120173926249 -0.00004930789864280218
vn 1 0 0
vn 1 0 0
vn 1 0 0
vn 1 0 0
vn 1 0 0
vn 1 0 0
vn 0.9999999987995825 0.00003908569847081875 -0.00002954900079293936
vn 0.999999998785615 0.000045416898446417666 -0.000019133100044612458
vn 0.9999999987950228 0.00003883240055852318 -0.000030033299444957527
vn 0.999999999604241 -0.000002592800000340289 0.000028014199404251354
vn 0.9999999996049436 -0.000004939729931588166 0.00002767149998178898
vn 0.9999999996043749 -0.00000488757996015368 0.000027701300485159746
vn 0.9999999995818227 0.000024286999167846318 0.0000157001995765142
vn 0.9999999996080782 0.00002036240038362428 0.000019215000058211284
vn 0.999999999551002 0.000010654300235492157 0.000028008600553378308
vn 0.9999999994606699 -0.000032842199271294325 2.2400699594269456e-7
vn 0.9999999994234987 -0.000032857100431258796 0.000008568170410006947
vn 0.9999999994394733 -0.0000328905989406206 -0.000006265940097490116
vn 0.9999999999999649 -2.6515499484957195e-7 0
vn 0.9999999999999649 -2.6515499484957195e-7 0
vn 0.9999999999999649 -2.6515499484957195e-7 0
vn 0.9999999982512344 -0.000059127800237829226 -0.0000011976800330531798
vn 0.9999999982549568 -0.000058971301665998945 0.000003531579971626319
vn 0.9999999982092893 -0.00005878509899435593 0.000011213100131428696
vn 0.9999999978406251 0.000047624100158762404 -0.00004528459966648614
vn 0.9999999980958911 -0.000007577239997896292 -0.00006124380149392946
vn 0.9999999981985794 -0.0000030249400370017185 -0.0000599474004786891
vn 0.9999999979952234 -0.000003736470027218995 -0.00006321069655374798
vn 0.9999999978931067 -0.00003120299873236634 -0.00005692239926078055
vn 0.9999999980059686 -0.000005308540028964885 -0.00006292759632018144
vn 0.9999999998740168 0.000015754700141603878 0.0000019380800037938906
vn 0.9999999998885378 0.0000066831698852010515 0.000013351400410432446
vn 0.9999999997899334 0.00002019289967878288 -0.0000035185400967632818
vn 0.9999999981643022 0.0000455826010766008 -0.00003992019985110003
vn 0.9999999984866617 0.00005450840027088058 0.000007450580130901229
vn 0.9999999986418342 0.00005137920008862644 -0.000008746979789919322
vn 0.9999999993405022 0.000027835400014569896 -0.000023327800575393137
vn 0.9999999993730442 0.000029563900152079683 -0.00001949070063943889
vn 0.9999999993628694 0.00003439930149025001 -0.000009536740429502246
vn 0.9999999979297602 0.000011310000422104695 -0.00006334479972411939
vn 0.9999999980976879 -0.000014275299663624155 -0.00006000700147932412
vn 0.9999999979537684 -0.000025782699542098864 -0.00005854669859061541
vn 0.9999999996122793 0.000006351619956414908 0.000027112699161481725
vn 0.9999999995549169 0.000014865800033226208 0.000025868399450101313
vn 0.9999999995961961 0.000010006099724303041 0.0000265986000051185
vn 1 0 0
vn 1 0 0
vn 1 0 0
vn 0.9999999999153399 -0.000012673400305011727 0.0000029504299161320523
vn 0.9999999999227214 -0.000011747700226807694 0.000004068020188837495
vn 0.9999999999286251 -0.00001066359982284043 0.000005388630142603791
vn 1 0 0
vn 1 0 0
vn 1 0 0
vn 1 0 0
vn 1 0 0
vn 1 0 0
vn 0.9999999995649882 0.000028029100564339085 -0.000009186570419484323
vn 0.9999999995867344 0.000028666599961956465 0.000002181159969958482
vn 0.9999999994188928 0.00002736970053093734 -0.000020325200227501716
vn 0.9999999995266626 0.000012457399855990545 -0.0000281333995966254
vn 0.9999999995366231 0.000010564899634680212 -0.00002855059936833077
vn 0.9999999993721069 0.00002669539933919636 -0.000023305399721639802
vn 0.9999999990353738 0.000008493660053310553 -0.00004309419814880451
vn 0.9999999990949378 -0.0000016642700287264606 -0.00004251299829565522
vn 0.9999999990889521 -0.000005293639783028375 -0.00004235649972321986
vn 0.9999999999530331 -0.000009579580364066081 -0.000001471490008883858
vn 0.9999999999964995 -0.000002071260041695521 0.000001646580017216968
vn 0.9999999999701659 -0.000007692719918620838 -7.003549739938774e-7
vn 0.9999999980246477 0.00006245820246872026 0.000007048250140261866
vn 0.9999999979655187 0.00006377699888374531 0.0000012069899615199037
vn 0.999999998042141 0.00006197390018004579 0.000008657570089201678
vn 0.9999999993115454 -0.000031091298275409835 -0.000020254399700814384
vn 0.9999999992891948 -0.00002997370027203433 -0.000022873300606191726
vn 0.999999999308246 -0.00003093479970309204 -0.000020653000305439038
vn 0.9999999997577356 -0.000021807800289198896 -0.0000029914099279296085
vn 0.9999999997657214 -0.000021636500600313055 6.472690186758597e-7
vn 0.9999999997637581 -0.000021487499902303722 0.0000032819800700485786
vn 0.9999999991300348 0.00002229210074681467 0.000035256100060247484
vn 0.9999999992681887 0.000003904100137204864 0.0000380575984030452
vn 0.9999999989146791 -0.000020306599231632998 0.000041931900295787
vn 0.9999999997144957 -0.000010959800416967074 0.000021234200169905543
vn 0.9999999997343778 0.000004574660123274906 0.000022590200381639466
vn 0.9999999997090192 -0.000011503700076281842 0.000021204399666399634
vn 0.999999999298598 0.00003425779866445773 0.00001513959977121371
vn 0.9999999974164204 0.00007182359676878373 -0.00000292063008755889
vn 0.9999999990512267 0.000042110699683754005 0.000011146100394737487
vn 0.9999999987858317 -0.00003306569847687347 -0.000036537599909227166
vn 0.9999999991054929 -0.000011608000012150377 -0.00004067270125233112
vn 0.99999999909104 -6.444749936744337e-7 -0.00004263220030897434
vn 0.9999999993379445 -0.000034674998437147914 0.000011034299852297151
vn 0.9999999993629825 -0.00003536049914622092 0.000004865230036186725
vn 0.9999999992050119 -0.00003355740042995196 0.00002153780040423393
vn 0.9999999980920362 -0.00006134810234589369 0.000007234510107831046
vn 0.9999999981206027 -0.00006130339886414865 -8.293429785100941e-7
vn 0.9999999980391543 -0.00006137789738902114 0.000012427600243614901
vn 0.9999999994337205 0.00003291670143835749 0.00000700354984986859
vn 0.9999999999390867 0.000003207469944559471 -0.000010561199814485613
vn 0.9999999996407722 -0.000015363100823316887 -0.000021964300677904838
vn 1 0 0
vn 1 0 0
vn 1 0 0
vn 1 0 0
vn 1 0 0
vn 1 0 0
vn 0.9999999985201948 0.00005316729940522551 0.000011525999963165733
vn 0.9999999985382033 0.00005210559894863093 0.000014442999578738008
vn 0.9999999985371801 0.00005229559966745766 0.000013813400053352507
vn 1 0 0
vn 1 0 0
vn 1 0 0
vn 1 0 0
vn 1 0 0
vn 1 0 0
vn 1 0 0
vn 1 0 0
vn 1 0 0
vn 1 0 0
vn 1 0 0
vn 1 0 0
vn 1 0 0
vn 1 0 0
vn 1 0 0
vn 0.9999999999997526 7.034469717835316e-7 0
vn 0.9999999999997526 7.034469717835316e-7 0
vn 0.9999999999997526 7.034469717835316e-7 0
vn 0.9999999999999705 -2.431739858366128e-7 0
vn 0.9999999999999705 -2.431739858366128e-7 0
vn 0.9999999999999705 -2.431739858366128e-7 0
vn 0.9999999999999842 1.775329963038502e-7 0
vn 0.9999999999999842 1.775329963038502e-7 0
vn 0.9999999999999842 1.775329963038502e-7 0
vn 0.9999999997778974 -0.000009030100043487265 -0.00001904370037241228
vn 0.999999999786112 -0.000019460900144097955 0.000007003549852336581
vn 0.9999999998641211 -0.00001648070064906076 -3.79980008295416e-7
vn 0.9999999990285584 -0.000044077598388794487 -2.197919994980454e-7
vn 0.9999999988408861 -0.00003880259823795102 -0.000028505899502916137
vn 0.9999999989794137 -0.00004500149948353439 0.000004004689795243532
vn 0.9999999999684568 0.000004827979864633158 -0.000006306920113075887
vn 0.9999999997997047 -0.000015497200362539932 0.000012665999745159393
vn 0.999999999056274 0.000030428200232951487 -0.000031009298225238654
vn 1 0 0
vn 1 0 0
vn 1 0 0
vn 0.9999999995476108 -0.00002641980062149614 0.000014379599627179672
vn 0.9999999995436264 -0.000027656800726728894 0.000012159300234906011
vn 0.9999999995341022 -0.000022932899799572982 0.00002014640084751573
vn 0.9999999999998401 2.9802299650323004e-7 4.805619937541592e-7
vn 0.9999999999922835 -0.0000018328399846581756 0.0000034747599783900286
vn 0.9999999999793086 -0.0000032894299692317545 0.0000055283298933083894
vn 0.9999999993720314 0.000029534099648670163 -0.000019587600023874595
vn 0.9999999994564974 0.000032514300965494714 0.0000054612801220504554
vn 0.9999999994819895 0.00003212689987931467 0.000001970679931107572
vn 0.9999999994956104 0.000024855100479013163 -0.00001977380087649526
vn 0.9999999994237543 0.000021383200861648076 -0.000026367599260351
vn 0.999999999504193 0.000028775999439233503 -0.000012788899760406082
vn 0.999999998964856 -0.000041663599361145734 -0.000018287499168933238
vn 0.9999999989218571 -0.00004643200004007493 5.960459923639326e-7
vn 0.9999999989476542 -0.000045836000887870526 -0.000001937150043666942
vn 0.9999999993736006 -0.00001016819987216588 -0.00003390289928270244
vn 0.9999999993209625 -0.000019725399384035726 -0.00003112850024695869
vn 0.9999999993736572 -0.000009063630380986197 -0.000034213098821454355
vn 0.9999999992151929 0.0000061988798685442435 -0.00003913039833263083
vn 0.9999999992041066 0.0000020265599671134346 -0.0000398457013626569
vn 0.9999999990557222 0.000022575299205128725 -0.000037133700935961446
vn 0.9999999990513313 -0.00004196169898589771 -0.000011685599918392723
vn 0.9999999990192587 -0.00004197660014573112 0.000014122600063975447
vn 0.9999999990323214 -0.000041976600146279446 0.000013165199548886968
vn 1 0 0
vn 1 0 0
vn 1 0 0
vn 0.9999999996906346 0.0000013709100126413284 0.000024836499498225605
vn 0.9999999995222908 0.00002378220050332718 0.00001974400037363878
vn 0.999999999698499 0.00000502914008241789 0.000024035600283270563
vn 0.99999999945246 0.000032022599026023764 0.000008344650263985658
vn 0.9999999994539368 0.00003209710119402081 0.000007867810377571135
vn 0.9999999994055986 0.00003108380040401711 0.00001491980036939744
vn 0.9999999999088975 0.000013329599822704766 -0.0000021276100594940374
vn 0.9999999999242228 0.000011771900061848274 -0.0000036023600384395276
vn 0.99999999990392 9.685760459412255e-7 -0.000013828300323929546
vn 0.9999999999873157 5.043110036176282e-7 -0.00000501144995717378
vn 0.9999999999883205 -0.0000018551900211388566 -0.000004462900051242003
vn 0.9999999999878648 1.3038500412518287e-7 -0.000004924750100994325
vn 0.9999999993689486 0.000004827979861738744 0.000035196499061911676
vn 0.9999999992123347 0.000021498699408203824 0.000033363699886745475
vn 0.9999999993443742 0.000011011999951789948 0.000034496199055077146
vn 0.9999999993591755 -0.00003449619905558774 0.000009573999698890672
vn 0.9999999993358739 -0.000027954600208965666 0.000023383599894191284
vn 0.9999999993696695 -0.000029653299843129037 0.000019528000836058717
vn 0.9999999984964472 -0.00005432960088927187 -0.000007443130005135765
vn 0.9999999986510046 -0.00005120040070692786 0.000008746979789999536
vn 0.9999999981725178 -0.00004538890053372448 0.000039935101012594613
vn 1 0 0
vn 1 0 0
vn 1 0 0
vn 1 0 0
vn 1 0 0
vn 1 0 0
vn 1 0 0
vn 1 0 0
vn 1 0 0
vn 0.9999999998076858 0.000009775159922294757 0.000017002199453058762
vn 0.9999999995328424 0.000003814699992327039 0.000030327599219547092
vn 0.9999999995965798 0.000004783270012811325 0.0000279993000618383
vn 0.99999999977468 0.00001021749994603733 -0.000018607599481938557
vn 0.9999999998012878 0.000015236400028398798 -0.000012855999554804967
vn 0.9999999997701114 0.000009865500030633798 -0.00001903809970389178
vn 0.9999999987082997 -0.00002299250078735453 -0.000045329299551323436
vn 0.9999999985644803 0.000015504700036697466 -0.00005128980039357492
vn 0.9999999985609935 -0.000030364799342311637 -0.00004422659906597299
vn 0.9999999988869257 -0.00004717710175306171 -6.854530162501e-7
vn 0.9999999988829216 -0.00004726650144397841 1.862649978840834e-7
vn 0.9999999988099435 -0.0000448077989325337 -0.000019297000085089388
vn 0.9999999989246358 -0.000031510400697464204 0.000034026801549559916
vn 0.9999999990193833 -0.000040762100939946614 0.00001731140035311442
vn 0.9999999990269337 -0.000037640300397223405 0.00002300740013687067
vn 0.9999999991967614 -0.000015303499809746795 0.00003704430125006509
vn 0.9999999991931996 -0.000014916099632289961 0.00003729759916215135
vn 0.9999999990873907 0.00000918657041509684 0.000041723200372993154
vn 0.999999999104014 0.0000339821017101009 -0.000025242599781570177
vn 0.9999999988367905 0.000046884600978988925 -0.000011324899774550322
vn 0.9999999990100914 0.00002107020007048673 -0.00003919010119474921
vn 1 0 0
vn 1 0 0
vn 1 0 0
vn 1 0 0
vn 1 0 0
vn 1 0 0
vn 0.9999999996630093 0.000008761880050545644 0.000024437900711696004
vn 0.9999999996462605 0.000025808800264678127 0.0000064331097723860714
vn 0.9999999994910227 0.00003190340065170495 -3.576280105788664e-7
vn 0.9999999997704196 -0.000017963300702345433 -0.00001168250036885277
vn 0.999999998638629 -0.00005166230032288662 -0.00000733136993315028
vn 0.9999999998970099 -0.000007331369942375936 -0.000012338199666012622
vn 1 0 0
vn 1 0 0
vn 1 0 0
vn 1 0 0
vn 1 0 0
vn 1 0 0
vn 1 0 0
vn 1 0 0
vn 1 0 0
vn 0.9999999976263318 -0.00005365909952157055 -0.000043220799750269254
vn 0.9999999976754761 -0.000055491898691044773 -0.00003961940083057844
vn 0.9999999977223775 -0.000059045800164433994 -0.00003269310029111472
vn 0.9999999981801004 0.00003996489969725208 0.00004519519999081637
vn 0.9999999985033305 -0.000007387250196046353 0.000054210398876231074
vn 0.9999999986580994 0.000008806589891725204 0.00005105140000948901
vn 0.999999998487753 0.00001708789929724606 -0.00005227329885481909
vn 0.9999999985825527 0.00004232300119296234 -0.00003230569923257606
vn 0.9999999986496886 0.000037789301080824646 -0.00003567340167777393
vn 0.999999998202538 0.000059939898966639664 0.0000014603100427065737
vn 0.9999999983787677 0.00005412099917841794 0.00001770259947847443
vn 0.9999999979677199 0.00004442040144635204 0.0000457316999907669
vn 1 0 0
vn 1 0 0
vn 1 0 0
vn 0.9999994672059076 0.000860306903132764 0.0005704909583874446
vn 0.9999999992145276 0.00002830290029629086 -0.000027746900719682144
vn 0.999999999220881 0.00001857429923264892 -0.00003483150064326908
vn 0.9999999985065862 0.000045895598236382504 -0.000029671900803148648
vn 0.9999999984829724 0.00005280230099008469 -0.00001568349941757341
vn 0.9999999985146997 0.00005098969988169162 -0.000019252300233855722
vn 1 0 0
vn 1 0 0
vn 1 0 0
vn 0.999999999605423 0.000008374449859153912 0.000026814599539981555
vn 0.9999999997006643 0.000016205000060532767 0.00001833220084696809
vn 0.9999999996863917 0.000021980600642946902 0.000012002899889795308
vn 0.000007905068731120909 -0.901609598369988 -0.43255072773562525
vn 0.00001354519878756442 -0.9016089177540757 -0.4325521462700794
vn -0.000005647539010312157 -0.9016325794177007 -0.4325028227661514
vn 0.7648834964858726 -0.6331006108641537 -0.11889850010400302
vn 0.7648833841135023 -0.6330999012674049 -0.11890300131737105
vn 0.7648834074603627 -0.6331011722893362 -0.11889608335724686
vn 0.7531678723320461 -0.6465301553772906 0.1213956929822277
vn 0.7531679706542894 -0.646530077842908 0.12139549590056001
vn 0.7531678811878576 -0.6465301629792469 0.12139559755205903
vn 0.706365749686916 -0.6982953405541155 0.11589238555510473
vn 0.7063660789360934 -0.6982953714232975 0.11589019275697138
vn 0.7063647867063972 -0.6982951525402787 0.11589938757377011
vn 0.603850254241712 -0.7960940715008511 -0.03998874558444528
vn 0.603851245023282 -0.7960928497482761 -0.039998105748910336
vn 0.6038498695732345 -0.7960945126886317 -0.03998577101216746
vn 0.7056826911678933 -0.7083514891235518 -0.01581477924241295
vn 0.7056826911678933 -0.7083514891235518 -0.01581477924241295
vn 0.7056826911678933 -0.7083514891235518 -0.01581477924241295
vn -0.006317674918569703 -0.6543336904627335 0.7561795477986978
vn -0.0063133825684346155 -0.6543309606175955 0.7561819458158194
vn -0.006336151600716483 -0.6543457485863798 0.7561689589568081
vn 0.004878579678391989 -0.8912726712852583 0.45344153413682964
vn 0.004906534739869655 -0.8912721379660903 0.4534422807835647
vn 0.004885732982875768 -0.8912724588561913 0.4534418746627388
vn 0.000017330099823937563 0.3826610201560341 0.9238888154712184
vn 0.00003086030181067004 0.3826748209114706 0.9238830989297379
vn 0.00002030749817155815 0.3826641801940063 0.923887506563464
vn 0.00004172319658141779 0.3826833647790726 0.923879559564201
vn -0.000009369109821869544 0.38264302128927513 0.923896270244033
vn 0.000012844799118286123 0.38266047800133546 0.9238890400966994
vn 1 0 0
vn 1 0 0
vn 1 0 0
vn 0.999999998753959 -0.000005185599996271356 -0.00004965069813986404
vn 0.9999999998765536 0.000015646199242725135 0.0000014454100208275244
vn 0.9999999988860337 -0.0000046789600621824515 -0.000046968500048453364
vn 0.9999999999808535 -0.000002916900029903076 0.000005457549832394861
vn 0.999999999969374 -5.848709747445403e-7 0.000007804480446554585
vn 0.9999999999823603 -0.000004514120064334246 0.000003860329797976309
vn 0.9999999981950953 0.00002779809978604525 0.000053264200591271644
vn 0.9999999982036234 0.000035956498258184175 0.00004795709892758001
vn 0.9999999982013377 0.000032864500039982446 0.000050172198735505795
vn 0.9999999994715714 -0.000031169500272781174 0.0000092368600186394
vn 0.9999999994720306 -0.000031620300416438246 0.000007489699779082153
vn 0.9999999994724567 -0.00003153999931028515 0.000007766299855116118
vn 0.9999999997118725 -0.000021019299304808643 -0.000011594999701925835
vn 0.9999999997104039 -0.000021625299262372387 -0.000010561199812070448
vn 0.9999999997114117 -0.00002128440063938463 -0.000011142299623738363
vn 0.9999999993213362 0.000018566799541209073 0.00003182140060403518
vn 0.9999999996105864 0.00002789499920987177 -8.344650265305167e-7
vn 0.9999999996500712 0.000026226000036248957 0.000003471970102204211
vn 0.9999999981174925 0.000042583298556436994 0.00004417779919873199
vn 0.9999999981954228 0.00003499539882847217 0.000048831101506140475
vn 0.9999999980776832 0.000018238999438335556 0.00005926189976411795
vn 0.9999999991754636 0.000010557499981977074 0.00003921239837332044
vn 0.9999999991932664 0.00002154709907780438 0.000033899701493219736
vn 0.9999999991928772 0.00002168120043348537 0.0000338255995029447
vn 0.0051985965025172646 -0.9999304397409702 -0.01058726942294405
vn 0.005209802671221582 -0.9999303858642858 -0.010586849457108862
vn 0.005193113013338339 -0.9999304663380844 -0.01058744851849324
vn 0.000020429498742277644 -0.8529796974914917 -0.5219440920730487
vn -0.000017866495382293334 -0.8529739724279404 -0.5219534481553767
vn -0.000023677896904515488 -0.8529730756271503 -0.5219549134690821
vn 0.7135780926106311 -0.388001882268559 0.5833188194308745
vn 0.7135779076174495 -0.38800509755937873 0.5833169070310236
vn 0.7135776163096451 -0.3880112702914902 0.5833131574280055
vn 0.7065343686812815 -0.47770189089557674 0.5221207612295581
vn 0.7065362765030272 -0.47770877555179847 0.5221118804873522
vn 0.7065352136699059 -0.47770499745229467 0.5221167754952177
vn 0.6530808444383515 -0.5234353729884171 0.5472666817303667
vn 0.6530808776930694 -0.5234352922646666 0.5472667192543806
vn 0.6530808563898074 -0.5234352751903966 0.5472667610073807
vn 0.7068685253165866 -0.5642467705243144 0.42657059189498253
vn 0.7068683561379999 -0.5642518446104277 0.4265641604078938
vn 0.7068682487071912 -0.564255668709865 0.4265592799347021
vn 0.6651691347900358 -0.6073160904099376 0.43441591643477273
vn 0.6651684842036611 -0.6073116842903239 0.43442307230009514
vn 0.6651692414857867 -0.6073171518683727 0.4344142691345567
vn -0.000027302601824574426 0.5219469696848623 0.8529779364622262
vn -0.00005179639279868568 0.5219661608010628 0.8529661917659648
vn -0.000034734599717876965 0.5219528116746726 0.8529743613839817
vn 0.00003835560455441346 0.9238781595407715 0.3826867450701741
vn 0.000001613049940515286 0.9238661740059844 0.38271568105441145
vn 0.000003606080013367494 0.923866786368982 0.3827142028083695
vn 0.9999999992721857 -0.00001891700047495929 0.00003313269914859655
vn 0.9999999992326307 -0.00002554059936160283 0.000029705499377938884
vn 0.9999999992743724 -0.000018388000158055905 0.000033363699888815284
vn 0.9999999999710605 0.00000755489008930418 -8.959319756936493e-7
vn 0.9999999999691931 0.000006966290129425064 0.0000036172600629265383
vn 0.9999999999664893 0.000007772349817708913 -0.0000025713800368114394
vn 1 0 0
vn 1 0 0
vn 1 0 0
vn 0.9999999986992063 0.000008594240159898793 0.000050276499612748604
vn 0.9999999986812955 -0.00002645419950717336 0.000044018001004748786
vn 0.9999999987079455 0.000007897609965566906 0.000050216898606468405
vn 0.9999999999574074 0.000008491219886857241 0.0000036172600628839062
vn 0.9999999999626163 0.000008506470294060229 -0.0000015515799986462518
vn 0.9999999999635205 0.000008493660061193916 9.037530048442485e-7
vn -0.000021912199556321435 -0.4111241136743616 0.9115793781538314
vn -0.000010169998766955795 -0.411127056928611 0.911578050941218
vn 0.0000027641699238217414 -0.4111300967538397 0.9115766800086199
vn 0.005195199986902957 -0.7145504964263398 0.6995645774008054
vn 0.0051935310786735914 -0.7145507974526727 0.6995642823177042
vn 0.005196988119739908 -0.7145499590895231 0.6995651129663658
vn 0.722625968547069 -0.15772840330610657 0.6730033137896995
vn 0.7226275463128957 -0.1577063110046847 0.6730067969783792
vn 0.7226259164156063 -0.15773268157058004 0.6730023670753761
vn 0.7531674294669943 0.12139538337697409 0.6465307294203716
vn 0.7531674294669943 0.12139538337697409 0.6465307294203716
vn 0.7531674294669943 0.12139538337697409 0.6465307294203716
vn 0.7063640731806458 0.11589079733845986 0.6982973000176238
vn 0.706362869755798 0.11589999927520532 0.6982969901111998
vn 0.7063638027304175 0.11589299978356303 0.698297208066444
vn 0.764292732041883 0 0.6448694594628859
vn 0.764292732041883 0 0.6448694594628859
vn 0.764292732041883 0 0.6448694594628859
vn 0.7060179455350418 -0.015700339703846267 0.7080198866667959
vn 0.7060179461957414 -0.015700280113896146 0.708019887329369
vn 0.7060179455350418 -0.015700339703846267 0.7080198866667959
vn 0.6989899444016201 -0.14100158550091382 0.7010931539472117
vn 0.698989654752024 -0.1410014977830898 0.7010934603692804
vn 0.6989920605199532 -0.14100280141528862 0.7010907996280588
vn -0.006310639938305513 0.7561605019018927 0.6543557680551513
vn -0.0063143372240127595 0.7561542356380998 0.654362973487943
vn -0.006311058052738125 0.7561597807266006 0.6543565973975921
vn 0.004878579714703497 0.453440583837486 0.89127315475621
vn 0.004906535052259429 0.4534411639329197 0.8912727061707544
vn 0.004885732097033114 0.45344068679082916 0.8912730631992292
vn 0.000023782296268491125 0.9238937839649852 -0.3826490237610225
vn 0.0000310409992135258 0.9238914731801319 -0.38265460250923683
vn -0.0013974299822503947 0.9243425242061396 -0.3815611944808681
vn 1 0 0
vn 1 0 0
vn 1 0 0
vn 0.9999999999867644 -0.000004441770215576398 0.0000025965300664776928
vn 0.9999999999875482 -0.000004540199824930679 0.0000020712600416769807
vn 0.9999999999873757 -0.000004511330189359232 0.0000022128199361480115
vn 0.9999999984165566 0.000006847079919752228 0.00005585699900871274
vn 0.9999999984127568 0.000018216700453384286 0.000053316398322706506
vn 0.9999999983699337 0.000001728530034508363 0.00005707139998568187
vn 0.9999999965264303 -0.00007365640314555024 0.000039011199852218165
vn 0.9999999996830169 0.00002501900052382572 -0.0000028312199438125796
vn 0.9999999984097205 -0.000048026398795649915 0.00002956390012360008
vn 1 0 0
vn 1 0 0
vn 1 0 0
vn 0.9999999993697923 0.000028062600886691912 -0.00002174640029346071
vn 0.9999999993715545 0.000028689399168957707 -0.00002082809986460064
vn 0.9999999993718556 0.000030481300181189023 -0.00001808809973909539
vn 0.9999999991890229 -0.00003691749949856007 0.00001609510035054731
vn 0.9999999992128783 -0.00003822520008445101 0.000010633800221327859
vn 0.9999999992026047 -0.000037461501021567346 0.000013835699963119273
vn 0.9999999999799594 0.0000053122598727740704 -0.0000034440299713643173
vn 0.9999999999787565 0.000006206329999126898 -0.0000019920998965548913
vn 0.9999999999786671 0.000006239859885548539 -0.000001931329961693972
vn 0.005193113954416051 -0.01058727065576493 0.9999304682164246
vn 0.005198596512461428 -0.01058708876661644 0.9999304416536925
vn 0.005209802684474238 -0.010586609202813763 0.9999303884079009
vn -0.000016093299309756738 -0.521954110956664 0.8529735668802665
vn -0.0000221207975740407 -0.521954956853831 0.8529730491207713
vn 0.000022023898351142484 -0.5219442318618973 0.8529796119140491
vn 0.7115128083888158 0.5998592413445538 0.36594864950180706
vn 0.7115186687780182 0.5998396475470376 0.3659693719575484
vn 0.7115182048931006 0.5998411579378348 0.36596779824118036
vn 0.7135098935669738 0.5831246778456299 0.3884188999900439
vn 0.7135107667033065 0.5831219676364955 0.38842136483231937
vn 0.7135103301363933 0.5831233227421332 0.38842013241183687
vn 0.7065790254229154 0.521983322425089 0.4777860315480858
vn 0.7065788539329694 0.5219843411146317 0.47778517223318606
vn 0.7065801725240548 0.5219779688021988 0.47779018395212713
vn 0.6533234652899752 0.5469080157360375 0.5235074708398809
vn 0.6533234652899752 0.5469080157360375 0.5235074708398809
vn 0.6533234662012162 0.5469079568942082 0.5235075311747017
vn 0.7065216688758893 0.4156080658788282 0.5727975794164006
vn 0.7065219326605099 0.4156043853122837 0.5727999245625445
vn 0.7065218663523215 0.41560557346188337 0.5727991442673875
vn 0.6910342820487999 0.4205046744061781 0.5879178852831864
vn 0.6910325964218293 0.4205237973370594 0.5879061885672959
vn 0.691032959602775 0.42051977740274643 0.5879086370821357
vn -0.0058963890249581815 0.9974377761861971 -0.07129596926334911
vn -0.005897939057213043 0.9974377501131586 -0.07129620581824452
vn -0.005896269819812975 0.9974377768872932 -0.07129596931346284
vn 0.0045760854820258105 0.9496128312217477 0.3133919753610131
vn 0.004571615642496849 0.9496130189783466 0.31339147167280706
vn 0.00457060280768569 0.949613014505561 0.31339149999901933
vn 0.9999999995121243 0.000012673400299901615 -0.000028550599367631315
vn 0.999999999553419 0.000006336720159095909 -0.000029206299573760673
vn 0.9999999995534248 2.8125899108262977e-7 -0.00002988430058878873
vn 0.9999999999160796 0.000006824730007220089 -0.000011011999958085568
vn 0.9999999998480356 -0.000009384009898378333 -0.000014692500369660664
vn 0.9999999999234541 0.0000012628700004767898 -0.000012308400072437586
vn 0.999999999713379 0.00001804530074360914 -0.000015735600750341323
vn 0.9999999998069211 0.000018343300322254302 0.000007048479800235928
vn 0.999999999830337 0.000018238999470302206 0.000002581630041748582
vn 0.999999999190335 0.000032931598953549024 0.00002312660033513736
vn 0.9999999991751183 0.000032141801030637406 0.000024832799660978224
vn 0.999999999071093 0.000028088699738247464 0.00003269310033520842
vn 0.9999999996094062 -0.000027693800791991227 -0.0000037737199803626292
vn 0.9999999996220115 -0.000026345300274488928 0.000007867810378893514
vn 0.9999999996336555 -0.000026809100735773693 0.000003736470033340947
vn 0.9999999999909235 9.648499599192028e-7 0.0000041499702092174485
vn 0.9999999999903522 0.0000017024600538042619 0.000004049390099641682
vn 0.9999999999910136 2.523879913928852e-7 0.000004231929779014704
vn 0.9999999999996574 8.278630048150154e-7 0
vn 0.9999999999996574 8.278630048150154e-7 0
vn 0.9999999999996574 8.278630048150154e-7 0
vn 0.9999999975605292 -0.000050634098319449435 0.000048115798445853694
vn 0.9999999976494798 -0.000024750799580973245 0.00006394089708442115
vn 0.9999999975594942 -0.000050753398558126837 0.000048011501231637926
vn 0.9999999997024087 -0.000024361499519753848 -0.0000013038500124579275
vn 0.9999999997856153 -0.000018060200087113914 0.000010129099789639789
vn 0.9999999997136795 -0.000012300900376546924 0.00002052630042593415
vn 0.01267402925819839 0.8313805640007595 0.5555589318732455
vn 0.012685648181966578 0.8313778053491097 0.5555627949234017
vn 0.012671880425891093 0.8313810826573739 0.5555582047327938
vn 0.7531678723320461 0.6465301553772906 -0.1213956929822277
vn 0.7531679706542894 0.646530077842908 -0.12139549590056001
vn 0.7531678811878576 0.6465301629792469 -0.12139559755205903
vn 0.7063660789360934 0.6982953714232975 -0.11589019275697138
vn 0.7063648465812431 0.6982950932027522 -0.11589938016752431
vn 0.7063658377419534 0.698295249470162 -0.11589239767349918
vn 0.7642012096667983 0.6449779152372601 0
vn 0.7642012390455045 0.6449778804279382 0
vn 0.7642012096667983 0.6449779152372601 0
vn 0.7056826911678933 0.7083514891235518 0.01581477924241295
vn 0.7056826911678933 0.7083514891235518 0.01581477924241295
vn 0.7056826911678933 0.7083514891235518 0.01581477924241295
vn 0.706803580660514 0.700004478634713 0.10209029462598315
vn 0.7068026833601758 0.7000053695048388 0.1020903984674816
vn 0.7068022681320631 0.7000057887224992 0.10209039875699837
vn -0.006310759849916972 0.6543562807520409 -0.7561600572302617
vn -0.006314455557468547 0.6543635156800754 -0.7561537654457752
vn -0.006311117676925362 0.6543570762609885 -0.7561593658355618
vn 0.004878579678391989 0.8912726712852583 -0.45344153413682964
vn 0.004906534739869655 0.8912721379660903 -0.4534422807835647
vn 0.004885732982875768 0.8912724588561913 -0.4534418746627388
vn 0.9999999999763887 0.0000025704500785043537 -0.000006373039923195892
vn 0.9999999999774334 0.0000066906200116445605 6.072219775750758e-7
vn 0.999999999985066 0.000004542990154664406 -0.0000030379699182504883
vn 0.9999999994652471 0.000008000060002174204 -0.000031709700107381415
vn 0.9999999994590292 0.00000483356006691336 -0.000032535801420315316
vn 0.9999999994639914 0.000010078800181927438 -0.00003115180150565789
vn 0.9999999997583664 0.000020280500388809648 -0.00000848342005860662
vn 0.9999999997144369 0.000013917700012489259 -0.000019427399814867552
vn 0.9999999997353588 0.000015199199875112205 -0.000017270400344363884
vn 0.9999999998009419 -0.000019937799148134473 -7.748599840219039e-7
vn 0.9999999988581536 0 0.00004778799842825123
vn 0.9999999987403942 0.0000014007099462652014 0.00005017219876255145
vn 1 0 0
vn 1 0 0
vn 1 0 0
vn 0.9999999999742091 0.0000015748699979261262 0.000007007270141731435
vn 0.9999999999737959 3.9581200893607816e-7 0.000007228520189338937
vn 0.9999999999705176 -0.0000012842899650043983 0.000007570719844583969
vn 0.9999999998121394 0.000010225900039484068 0.0000164666998867676
vn 0.9999999998195674 0.000014882800312122923 0.000011805400388455341
vn 0.9999999998100579 0.000016763800882926253 0.000009942799804706292
vn 0.005193113013338339 0.9999304663380844 0.01058744851849324
vn 0.0051985965025172646 0.9999304397409702 0.01058726942294405
vn 0.005209802671221582 0.9999303858642858 0.010586849457108862
vn -0.00002364809996779221 0.8529680067002383 0.5219631969656382
vn -0.00002132359915757209 0.8529682471621644 0.5219628041138649
vn 0.000009685749181703418 0.8529724357782963 0.5219559595489128
vn 0.7031882498372366 0.3937914721645631 -0.5919920284440577
vn 0.703187824130105 0.3937918846512182 -0.5919922597281236
vn 0.7031877691860259 0.3937918872611797 -0.5919923232563565
vn 0.6532145935202912 0.5233699240849482 -0.5471696422275601
vn 0.6532147553042952 0.5233682415101318 -0.5471710584738031
vn 0.653214657301849 0.5233663511527642 -0.5471729835866072
vn 0.7065589521606707 0.5727896766295426 -0.4155555720577443
vn 0.7065555567969662 0.5727677438232208 -0.41559157449951556
vn 0.7065553185823047 0.5727661346630939 -0.41559419722387436
vn 0.691034572626821 0.5879174617164294 -0.4205047890849491
vn 0.6910328056569993 0.5879058061112281 -0.4205239881939233
vn 0.6910331965859388 0.5879083378376979 -0.4205198063315621
vn 0.99999999922524 0.000025630000871539674 -0.000029876800885676147
vn 0.9999999992676278 0.00001847000020018368 -0.000033520198460799116
vn 0.9999999992650999 0.000019003600741275018 -0.000033296601007437225
vn 0.9999999999710605 -0.00000755489008930418 8.959319756936493e-7
vn 0.9999999999691931 -0.000006966290129425064 -0.0000036172600629265383
vn 0.9999999999664893 -0.000007772349817708913 0.0000025713800368114394
vn 0.9999999999574074 -0.000008491219886857241 -0.0000036172600628839062
vn 0.9999999999626163 -0.000008506470294060229 0.0000015515799986462518
vn 0.9999999999635205 -0.000008493660061193916 -9.037530048442485e-7
vn 1 0 0
vn 1 0 0
vn 1 0 0
vn 0.9999999986992063 -0.000008594240159898793 -0.000050276499612748604
vn 0.9999999986812955 0.00002645419950717336 -0.000044018001004748786
vn 0.9999999987079455 -0.000007897609965566906 -0.000050216898606468405
vn -0.0000031159399587608656 0.41111608933032673 -0.911582997364491
vn -0.0000018691398224578133 0.4111159679328223 -0.9115830521171207
vn -0.000019825998924031865 0.4111157721582132 -0.9115831401960469
vn 0.7667990746541821 0.11970459394473115 -0.6306266639605538
vn 0.7667992330744995 0.11970089712728242 -0.6306271730454399
vn 0.7667991004682058 0.11971028276760069 -0.6306255527021181
vn 0.7531674294669943 -0.12139538337697409 -0.6465307294203716
vn 0.7531674294669943 -0.12139538337697409 -0.6465307294203716
vn 0.7531674294669943 -0.12139538337697409 -0.6465307294203716
vn 0.7063625502348568 -0.11589309651018173 -0.6982984589750939
vn 0.7063628805604685 -0.11589088665890858 -0.6982984915891836
vn 0.7063637047566543 -0.11588520996007345 -0.6982985999663494
vn 0.6038487630616278 0.03998874551398766 -0.7960952025864492
vn 0.603849649450293 0.03999810665984784 -0.7960940599718012
vn 0.6038483407016335 0.03998576494217855 -0.7960956726637024
vn 0.7060179455350418 0.015700339703846267 -0.7080198866667959
vn 0.7060179461957414 0.015700280113896146 -0.708019887329369
vn 0.7060179455350418 0.015700339703846267 -0.7080198866667959
vn -0.006310639938305513 -0.7561605019018927 -0.6543557680551513
vn -0.0063143372240127595 -0.7561542356380998 -0.654362973487943
vn -0.006311058052738125 -0.7561597807266006 -0.6543565973975921
vn 0.004878579714703497 -0.453440583837486 -0.89127315475621
vn 0.004906535052259429 -0.4534411639329197 -0.8912727061707544
vn 0.004885732097033114 -0.45344068679082916 -0.8912730631992292
vn 0.9999999999771108 -0.0000062212398005098564 -0.0000026598600015250298
vn 0.9999999999766567 7.525089813322537e-7 -0.000006791200121211382
vn 0.9999999999851648 -0.0000028805800411219146 -0.00000462308980779616
vn 1 0 0
vn 1 0 0
vn 1 0 0
vn 0.9999999997813318 0.000020377299729353328 0.000004701319993609713
vn 0.9999999998044282 0.00001972169956912619 0.0000014826699722845446
vn 0.999999999735544 0.00002119689997365324 0.00000892207026245679
vn 0.9999999999986431 -0.0000015048200339131243 6.705520263485592e-7
vn 0.9999999999964018 -0.0000025965300665027166 6.742779987665311e-7
vn 0.9999999999734768 -0.000007251279839500543 6.821940132614195e-7
vn 0.9999999965264303 0.00007365640314555024 -0.000039011199852218165
vn 0.9999999996830169 -0.00002501900052382572 0.0000028312199438125796
vn 0.9999999984097205 0.000048026398795649915 -0.00002956390012360008
vn 0.9999999999887927 0.000002377669943571801 0.000004094089945237602
vn 0.9999999999904801 0.0000027380899609591683 0.0000033974599773177378
vn 0.9999999999902265 0.000004418190201206491 -1.6391300050439766e-7
vn 0.9999999996871307 0.000023206699544986636 0.00000933744013017339
vn 0.9999999997521396 0.00002195689921246975 0.000003689900039711946
vn 0.9999999997719808 0.00002133099951120322 0.0000010132799841321328
vn 0.005193113954416051 0.01058727065576493 -0.9999304682164246
vn 0.005198596512461428 0.01058708876661644 -0.9999304416536925
vn 0.005209802684474238 0.010586609202813763 -0.9999303884079009
vn -0.000023454398883751637 0.5219634235046052 -0.8529678680778329
vn -0.000021137300088133546 0.5219628041159294 -0.8529682471655381
vn 0.000009894369073417968 0.5219559595478468 -0.8529724357765541
vn 0.7032878449695247 -0.5916636032879947 -0.3941070763921755
vn 0.7032877818048288 -0.5916636002929869 -0.3941071936064909
vn 0.703287411013608 -0.5916637680328175 -0.39410760346253754
vn 0.7066807017887048 -0.521917690948246 -0.47770734722701813
vn 0.7066807017887048 -0.521917690948246 -0.47770734722701813
vn 0.7066807017887048 -0.521917690948246 -0.47770734722701813
vn 0.6533234652899752 -0.5469080157360375 -0.5235074708398809
vn 0.6533234652899752 -0.5469080157360375 -0.5235074708398809
vn 0.6533234662012162 -0.5469079568942082 -0.5235075311747017
vn 0.7068962874430581 -0.4264902962108367 -0.5642726876583821
vn 0.7068961723478456 -0.42647959965944054 -0.5642809163832215
vn 0.7068961223023918 -0.4264754927061575 -0.5642840830600151
vn 0.6653170994565635 -0.4342801746779022 -0.6072510906144476
vn 0.6653168447541048 -0.4342826765480264 -0.6072495804335517
vn 0.6653177182926975 -0.4342721131242604 -0.6072561778099819
vn 0.00001604859921762236 0.9238870451598198 0.38266529438701324
vn 0.000011819899433430954 0.923887004877288 0.3826653917970161
vn 0.0009172119617013085 0.9238859727342451 0.3826667846927854
vn 0.000010660300384202849 -0.05614364256404884 -0.9984227017080484
vn -0.000023469298418735674 -0.05614363512468108 -0.998422701907453
vn 0 -0.056143579436925155 -0.9984227053147426
vn -0.00005152079834964348 -0.05610870654901791 -0.9984246643563067
vn -0.00005158779686213122 -0.05610095933856619 -0.9984250996945098
vn -0.000051584097850080726 -0.05611764952235104 -0.9984241617424768
vn 0 0.38264124648595094 -0.9238970053462007
vn 0 0.38264124648595094 -0.9238970053462007
vn 0 0.38264124648595094 -0.9238970053462007
vn 0 0.7456597974140358 -0.6663268466154273
vn -0.0000024959400489994427 0.7456597974117132 -0.6663268466133517
vn 0.000012830699728817968 0.7456597973526579 -0.6663268465605796
vn 0.020511798631540686 0.9606935415106159 -0.2768522808587454
vn 0.020481581341985276 0.9606948717064999 -0.27684990211766913
vn 0.020489087305704826 0.9606945504077574 -0.276850461654331
vn 0.000001970729970724438 0.9858739458047614 0.16748899360694317
vn -0.0000018338999023105113 0.985873945805018 0.16748899360698677
vn 0.0000014584499134215202 0.9858739458056274 0.1674889936070903
vn -0.00006478239722880203 0.5320330189602522 0.8467236045719293
vn -0.00006686149427076464 0.5320291403458484 0.8467260414989007
vn -0.00005465749494307377 0.5320506624206757 0.8467125188812777
vn 0.017838468631379268 0.49986752464817114 0.8659181525057651
vn 0.0178053882082532 0.49985113770708384 0.8659282928070243
vn 0.01782380965771246 0.4998604031142226 0.8659225653646938
vn -0.02681534783056731 -0.7068226457914509 0.7068823696465338
vn -0.026788889511949507 -0.7068331613422149 0.7068728580343759
vn -0.02676475002499578 -0.7068430661028051 0.7068638681234776
vn 0.0000067055190416192424 -0.9165574506806758 0.39990303769385943
vn 0.00004926319545689824 -0.9165750184199594 0.39986276793618686
vn 0.000025421399919120185 -0.916565146631168 0.3998853977513285
vn -0.000040888797225820406 -0.9937036632511153 -0.11204029618588394
vn 0.00003305819721180705 -0.9937017026207202 -0.11205768655401381
vn -0.00004501639951506466 -0.9937036970034843 -0.11203999524781852
vn -0.000009424979590081852 0.8660085505527962 -0.5000291894285921
vn -0.00001407789859157355 0.866009603980608 -0.5000273648663273
vn -0.000012449900372371565 0.8660091899533392 -0.500028081972764
vn 7.385389218599942e-7 0.866012461658427 -0.5000224157493
vn -2.5930200082304323e-7 0.8660124616586342 -0.5000224157494196
vn -1.4889499897579278e-7 0.8660124616586535 -0.5000224157494308
vn 0 1 0
vn 0 1 0
vn 0 1 0
vn 0.000019356597211379107 0.8705681443017708 0.49204786937074885
vn 0.000013053399923845103 0.8705698250679759 0.4920448958283407
vn 0.000027343599272908003 0.8705658723228057 0.4920518887263412
vn -0.000012761000038739447 0.9858751840094832 -0.1674817046468802
vn -0.000007381659777728093 0.9858755771288414 -0.16747939087059333
vn -0.000008624049793867718 0.9858754901219725 -0.167479902980585
vn 0.020609142792986195 0.9606693636052855 0.2769289386531393
vn 0.020609142792986195 0.9606693636052855 0.2769289386531393
vn 0.020609142792986195 0.9606693636052855 0.2769289386531393
vn -0.000020749898091930885 0.9440347646329538 0.32984596819401163
vn -0.000017315100503053077 0.9440342952133514 0.32984731189024163
vn -0.000012598899661348317 0.944033779396228 0.32984878838665094
vn 0.000003345309697471951 0.38271506693546714 0.9238664284026071
vn 0.000017128899233095825 0.38270869602777485 0.92386906739609
vn 0.000004611909366533046 0.38271444845380037 0.923866684605216
vn -0.000030420697503691767 0.38265726691431123 0.9238903696609522
vn -0.000012911899575328403 0.3826492949289485 0.923893671871207
vn -0.000027373395342634325 0.3826558351786536 0.9238909627517873
vn 0.000014178500655961826 -0.05612558247294921 0.9984237170615702
vn 0.00003627689447267095 -0.05611460556365947 0.9984243335007527
vn 0.000018961699774175035 -0.05612330717945302 0.9984238448833715
vn 0 -0.4838419800609595 0.875155379535937
vn -2.1319999394312362e-7 -0.48384198006094853 0.8751553795359172
vn 0 -0.4838419800609595 0.875155379535937
vn 0 -0.8155695897339648 0.5786590052018308
vn 0.0000049807094825511016 -0.8155696378118559 0.5786589374187795
vn 2.280730196384478e-7 -0.8155696378219507 0.578658937425942
vn 0.000014327499229601542 -0.8155591487832015 0.5786737203560767
vn 0.000015772899596455228 -0.8155613781461276 0.5786705783324434
vn 0.000011581899532902 -0.8155548705852245 0.5786797498881204
vn -0.000026583700704025625 -0.9238873730724158 -0.3826645021042035
vn -0.000020526398816850905 -0.92388827327067 -0.3826623290730443
vn -0.000023186199932449375 -0.9238878644252639 -0.3826633160235318
vn 0.000015571698796548018 0.8155767865724898 0.5786488615400653
vn 0.000011953498869022446 0.8155769109165879 0.5786486863692596
vn 0.000006170940108924131 0.8155769590463721 0.5786486186232467
vn 0.000012113998910617018 0.4836571689564384 0.875257529399373
vn 0 0.48365707766857585 0.8752575799278137
vn -0.0000030621900884263648 0.4836570776663082 0.8752575799237101
vn 0.0000030547401506863223 0.05614364256697702 0.9984227017601213
vn -0.000012075899811025876 0.05614364256314534 0.9984227016919811
vn 0 0.056143579436925155 0.9984227053147426
vn 0 -0.38264124648595094 0.9238970053462007
vn 0 -0.38264124648595094 0.9238970053462007
vn 0 -0.38264124648595094 0.9238970053462007
vn 0.000011503699706000388 -0.7456245776238227 0.6663662574822955
vn 0.000011555897828613397 -0.7456246633206678 0.66636616159166
vn 0.000024005798052241957 -0.7456286575693766 0.6663616919023866
vn -0.000009469690471763228 -0.7456800187731918 0.6663042169405334
vn -0.000010400999035849509 -0.7456798801506982 0.6663043720629931
vn -0.000028386697364159704 -0.745673831121765 0.6663111411153085
vn 0 -0.9608740979387111 0.27698550126399785
vn 0 -0.9608740979387111 0.27698550126399785
vn 0 -0.9608740979387111 0.27698550126399785
vn -0.000004601440270694245 -0.9858695428700014 -0.16751490805334632
vn 0 -0.9858695428804385 -0.16751490805511973
vn -9.052460119806817e-7 -0.9858695428800346 -0.1675149080550511
vn 0.00003577020058276109 -0.3827325948026753 -0.9238591665379003
vn 0.000021770600011643662 -0.3827379024919904 -0.9238569681081983
vn 0.00002612169875608706 -0.3827361996526275 -0.9238576734503651
vn 0.000001678239834272685 -0.2767816724968229 0.9609328310381767
vn 0.000018581701055525105 -0.27678981930613056 0.9609304842615828
vn -0.000003531579697330286 -0.2767791706442675 0.9609335516491239
vn 0.027192109596603318 -0.22302679226122116 0.9744329833853924
vn 0.027192348876017434 -0.22302688872864762 0.9744329546288059
vn 0.027186870079621547 -0.22302428971694854 0.9744337023582078
vn 0.000007533029198434011 -0.6663577908125522 0.7456321442686523
vn 0 -0.6663576949399554 0.7456322299862777
vn -0.000018067699921821278 -0.6663578203377272 0.7456321177016931
vn 0.000018060199750240992 -0.9238662545419201 0.38271548621987217
vn -0.00000753778007924434 -0.9238662546663431 0.38271548627141494
vn 0 -0.9238662546925893 0.3827154862822875
vn 0 -0.998422668770815 -0.056144229307770396
vn 0.000015430197686721247 -0.9984226690696044 -0.056144221873991706
vn -0.000006493779760982169 -0.9984226620673999 -0.05614434814010488
vn 0.000023491698661789456 -0.9984227355060603 -0.05614303761585708
vn 0 -0.9984227324404457 -0.05614309704811647
vn -0.000010660299201502856 -0.9984227357248237 -0.05614303762815852
vn 0 -0.5786597737694359 -0.8155690444230368
vn 0.000004973260282353414 -0.5786597737622798 -0.815569044412951
vn 2.2807299195711213e-7 -0.5786597737694208 -0.8155690444230156
vn 0.6980924961716101 0.2740333879893826 0.6614926825415012
vn 0.69809412757684 0.27406385463012245 0.6614783387443687
vn 0.6980918948604727 0.2740180973319976 0.6614996512959523
vn 0.6980816015919925 -0.583993187289369 0.4142873817995942
vn 0.6980815562364816 -0.5839817551178977 0.4143035729170963
vn 0.6980816592327669 -0.5840166698760629 0.41425418084758175
vn 0.6441321460789966 -0.5306841207364615 -0.5508794263591941
vn 0.6441208481526826 -0.5306734842115104 -0.5509028826661597
vn 0.6441172178577461 -0.5306701509555378 -0.5509103380260925
vn 0.7048706989681157 -0.554570554217214 -0.44227683426945624
vn 0.7048697457641192 -0.554566322657475 -0.4422836592963743
vn 0.7048762282353862 -0.5545934314134008 -0.44223933418655254
vn 0.6979343213393091 -0.6281675622836029 0.34393778040702877
vn 0.6979395209471796 -0.6281899266294743 0.3438863783014339
vn 0.697942918410559 -0.6282054834406294 0.343851062548419
vn 0.6980854230482222 0.1593126793969375 0.6980660515387878
vn 0.6980756644541085 0.15927648825675822 0.6980840687091703
vn 0.6980688979624995 0.15925089585247346 0.6980966737262154
vn 0.6980737827069176 0.5062904796779513 -0.5063229642083453
vn 0.6980757087705834 0.5063043811335429 -0.5063064076914567
vn 0.698076630587583 0.5063113153973016 -0.5062982023749854
vn 0.672660270683809 0.3335571783398958 0.6605056918918351
vn 0.6726652500231446 0.33348486404652605 0.6605371351129098
vn 0.6726651325600284 0.33348450728434564 0.6605374348508318
vn 0.6981023868037257 0.6980619748561776 -0.15925619861981657
vn 0.6981040405830522 0.6980597543309279 -0.15925868235377627
vn 0.6981028688158686 0.698061264775164 -0.15925719817814288
vn 0.6148397351152658 -0.09250115640343877 0.7832085521669284
vn 0.6148396650344844 -0.09249769775797718 0.7832090156591387
vn 0.614839498170953 -0.09248757421672352 0.783210342184267
vn 0.6980739798283457 -0.5062963938155931 -0.506316778604008
vn 0.6980754084899539 -0.5063111148210864 -0.5063000879618853
vn 0.6980764334375457 -0.5063205408182492 -0.5062892483794528
vn 0.7002188930069384 0.3966108728694029 -0.593627254594925
vn 0.7002205712991113 0.3966078979400366 -0.5936272625319121
vn 0.700220982594403 0.3966071793214583 -0.5936272574985128
vn 0.7002058650995423 -0.3966227784451138 0.5936346671974942
vn 0.7002052515033241 -0.39658784018316906 0.5936587325947591
vn 0.7002055050851731 -0.39658799778307485 0.5936583282182011
vn 0.6148773277389897 0.48840503658395484 0.6191820346812273
vn 0.6148739012055545 0.4883446217278466 0.619233087008235
vn 0.614875894949338 0.48838205718443767 0.6192015827099825
vn -0.000038305300609093634 0.8474225286215701 -0.5309190677658208
vn -0.00002720949813399543 0.8474222303890082 -0.5309195444718173
vn -0.000019758898248384496 0.8474219588133609 -0.530919978274045
vn 0.0015714757640662596 0.5319699655384145 -0.8467617647419972
vn 0 0.5319750336573237 -0.8467600389515847
vn 0.0016096830650266052 0.5319697354126329 -0.8467618375466879
vn 0.7048601691009168 0.7048849646337866 -0.07943128255449787
vn 0.7048571390754272 0.7048958820960758 -0.07936125565034367
vn 0.7048569441729067 0.7048966408670034 -0.0793562470486519
vn 0.6980718531560764 -0.6615315824809676 0.2739920677893211
vn 0.6980719796874658 -0.6615150789326435 0.274031588544023
vn 0.6980720547500363 -0.6615350046532165 0.27398329145320355
vn 0.6979392404069134 -0.34390477494910954 -0.6281801672031865
vn 0.697941067067701 -0.3438662599598561 -0.6281992217136372
vn 0.6979404627323178 -0.34387936889774234 -0.6281927173467459
vn 0.6986680469829042 0.5868137346929851 0.409283032754554
vn 0.6986679433193326 0.5868038533788574 0.409297376778374
vn 0.6986681224692385 0.5868129731716893 0.4092839957324392
vn 0.7044962402292568 -0.6836144093014417 -0.190673508643131
vn 0.7044962402292568 -0.6836144093014417 -0.190673508643131
vn 0.7044962402292568 -0.6836144093014417 -0.190673508643131
vn 0.7046058616576132 -0.6835285868523234 -0.19057610205216735
vn 0.7046058049391091 -0.6835286492567719 -0.19057608793162614
vn 0.7046058616576132 -0.6835285868523234 -0.19057610205216735
vn 0.6677125300895155 -0.7440791954083665 -0.022497291434650513
vn 0.6677124969034414 -0.7440791584267822 -0.02249949941361435
vn 0.6677125649760185 -0.7440791082585528 -0.022499138345796452
vn 0.7049306899424058 -0.7091316850707334 -0.014316969164806879
vn 0.7049306899424058 -0.7091316850707334 -0.014316969164806879
vn 0.7049303910365392 -0.7091319822060764 -0.014316969146880843
vn 0.6333978776474609 -0.7565930490875148 0.16240100573626293
vn 0.6333979011985704 -0.7565931368239356 0.16240050513518545
vn 0.6333978755841432 -0.7565942983204211 0.16239519375438483
vn 0.7052939010706487 -0.6899932097854472 0.16269567776226115
vn 0.7052931611069625 -0.6899939604738599 0.16269570186500232
vn 0.7052938403993411 -0.6899932683465705 0.16269569241736712
vn 0.6039200779799687 -0.7166107606551398 0.3489262918238328
vn 0.6039237494759305 -0.7166280286556252 0.34888446993823913
vn 0.6039188857122156 -0.7166047999833596 0.3489405968369479
vn 0.7056711526444428 -0.627368886096966 0.32929698614307984
vn 0.7056720025646407 -0.627368191195335 0.32929648870387784
vn 0.70566992683908 -0.6273699290088492 0.3292976260624407
vn 0.5811413291534804 -0.6251806363974426 0.520983615311859
vn 0.5811412574135252 -0.625184144533582 0.5209794855420321
vn 0.5811412752340679 -0.6251838611642231 0.5209798057114255
vn 0.5667826022837128 -0.12399880030195048 0.8144825223859502
vn 0.5667825897165957 -0.12399897636649174 0.8144825043266499
vn 0.5667825416418595 -0.12399869576690392 0.8144825805000991
vn 0.7059643734146099 -0.5253636143854604 0.47498144821578303
vn 0.7059625568453378 -0.5253647700733336 0.4749828698997326
vn 0.7059619831106159 -0.5253651595530983 0.47498329184327565
vn 0.706669401668525 -0.4583672359458118 0.5389970628462138
vn 0.7066721745159711 -0.45836536966998603 0.5389950144965774
vn 0.7066737976578659 -0.45836418653882155 0.5389938925464871
vn 0.5667753123460694 -0.48828747040241205 0.6635820157019245
vn 0.5667770599863641 -0.4882837913741755 0.663583230163688
vn 0.5667782586709724 -0.48828117444852476 0.6635841319509305
vn 0.7326170053178535 -0.2979791996281948 0.6119482985580078
vn 0.7326168037442906 -0.29797620457961616 0.6119499982644223
vn 0.73261475939149 -0.29795175943745117 0.6119643481199508
vn 0.7062165620220033 -0.14160199228909442 0.6936908845484284
vn 0.7062165035473192 -0.14160169449244087 0.6936910048676347
vn 0.7062164914592216 -0.141595388877704 0.6936923042960753
vn 0.7059722673043007 0.03558694636928853 0.707344843089518
vn 0.7059719725418927 0.03558443568794235 0.7073452635892035
vn 0.7059731167109213 0.035592307815420866 0.7073437255718329
vn 0.5810565781592737 0.07362919834371684 0.8105257516754772
vn 0.5810547595358163 0.07361685642144743 0.8105281764821003
vn 0.5810539908803641 0.07361167160332373 0.8105291984165445
vn 0.7068073058747845 0.12050729828464735 0.6970662977236555
vn 0.706806255048869 0.12051609373064327 0.6970658426402057
vn 0.7068092223367071 0.12048979842460705 0.697067379594955
vn 0.7045200747085496 0.23152999009889005 0.6708541779086329
vn 0.7045177355853485 0.2315349027031636 0.6708549389219176
vn 0.704517724429236 0.23153479472865537 0.6708549879035041
vn 0.6157418988950534 0.4143796796194458 0.670187581997458
vn 0.6157419660597492 0.4143844828810688 0.6701845503891177
vn 0.6157425041524852 0.41438859671260714 0.6701815123491418
vn 0.7044136926147399 0.5167940712624889 0.4865441784307037
vn 0.7044136926147399 0.5167940712624889 0.4865441784307037
vn 0.7044136926147399 0.5167940712624889 0.4865441784307037
vn 0.7044316548730234 0.6182169334437218 0.3486887821773086
vn 0.7044316548730234 0.6182169334437218 0.3486887821773086
vn 0.7044316548730234 0.6182169334437218 0.3486887821773086
vn 0.7045756091887453 0.6181284881325592 0.34855470602943417
vn 0.7045756091887453 0.6181284881325592 0.34855470602943417
vn 0.7045756505250584 0.6181284125009966 0.34855475659670515
vn 0.6636214795690534 0.5395072652544209 0.5182069495792934
vn 0.6636216015970605 0.5395062542670097 0.5182078458500342
vn 0.6636214377883441 0.5395078757912836 0.5182063674511422
vn 0 -0.9632659516723154 -0.268549262424659
vn 0 -0.9632659516723154 -0.268549262424659
vn 0 -0.9632659516723154 -0.268549262424659
vn 0.032560937052328875 -0.9654057009815701 -0.25871145682121943
vn 0.032560937052328875 -0.9654057009815701 -0.25871145682121943
vn 0.032560937052328875 -0.9654057009815701 -0.25871145682121943
vn -0.00002085450123450267 -0.9997977875497249 -0.02010929078224496
vn -0.000021856300586537847 -0.9997978474662365 -0.02010631055620009
vn -0.000022625600017413194 -0.9997978928894578 -0.02010405088241264
vn 0.05989270987877599 -0.9982048203166406 0
vn 0.05989270987877599 -0.9982048203166406 0
vn 0.05989270987877599 -0.9982048203166406 0
vn -7.261989422964695e-7 -0.9733077210069145 0.22950398738975997
vn 0 -0.9733081159735997 0.22950231236290855
vn 3.539029848108786e-7 -0.9733084079412331 0.2295010741386129
vn 0.0814694078031487 -0.9627070265686865 0.25798821017147855
vn 0.0814694078031487 -0.9627070265686865 0.25798821017147855
vn 0.0814694078031487 -0.9627070265686865 0.25798821017147855
vn -0.000017962397975957214 -0.885474239393619 0.46468846666088476
vn -0.0000139847005008676 -0.8854787241246458 0.4646799209423808
vn -0.00001626459943379802 -0.885476122198334 0.4646848789793614
vn 0.09751557842235171 -0.8618918907839307 0.4976274515798494
vn 0.09751557842235171 -0.8618918907839307 0.4976274515798494
vn 0.09751557842235171 -0.8618918907839307 0.4976274515798494
vn -0.000028882198446243317 -0.7418125511787959 0.6706072905057214
vn -0.000024847701034424278 -0.7418184933693575 0.6706007174748686
vn -0.00002722439823603511 -0.7418150409764522 0.6706045363997598
vn 0.10851389649417637 -0.7029312677167132 0.7029312677167132
vn 0.10851389649417637 -0.7029312677167132 0.7029312677167132
vn 0.10851389649417637 -0.7029312677167132 0.7029312677167132
vn -0.00003842260046066587 -0.6478924747584747 0.761731802982548
vn -0.0000409148999368006 -0.6478949222282472 0.7617297211457779
vn -0.00003339349516926047 -0.647887353199286 0.7617361593421295
vn 0.11377209572058106 -0.4967636828271578 0.8603962771068607
vn 0.11377209572058106 -0.4967636828271578 0.8603962771068607
vn 0.11377209572058106 -0.4967636828271578 0.8603962771068607
vn -0.00003243239915236647 -0.4377647040396155 0.8990895744280697
vn -0.00003769990021900217 -0.43777223002924565 0.899085909796132
vn -0.000038228901123583407 -0.43777309224529887 0.8990854899532859
vn 0 -0.2588487513854369 0.9659178660249537
vn 0 -0.2588487513854369 0.9659178660249537
vn 0 -0.2588487513854369 0.9659178660249537
vn 0.20703219222409913 -0.19577898411454173 0.9585448663270603
vn 0.20703219222409913 -0.19577898411454173 0.9585448663270603
vn 0.20703219222409913 -0.19577898411454173 0.9585448663270603
vn 0 0.2588488497046467 0.9659178396771544
vn 0 0.2588488497046467 0.9659178396771544
vn 0 0.2588488497046467 0.9659178396771544
vn 0.0000043548593177240464 0.1703437849542058 0.9853846938675831
vn -0.0000019288399704793444 0.1703437994242781 0.9853846913738719
vn 0 0.170343799424595 0.9853846913757051
vn 0 0 1
vn 0 0 1
vn 0 0 1
vn 0.17374828074434837 0.04959665501945023 0.9835403940607954
vn 0.1737536743639541 0.04957782350602765 0.9835403906609174
vn 0.17375378776285952 0.049577587681348755 0.9835403825150024
vn 0.10536360085730745 0.5229989931020791 0.8457958174574957
vn 0.1053642843917918 0.5229929039033043 0.845799497541465
vn 0.10536530200333111 0.522983388665144 0.845805254366553
vn -0.00001306829997278141 0.5000085156463372 0.8660204871193095
vn -0.00001307580063154276 0.500007683325512 0.8660209676702278
vn -0.00001310179863419583 0.5000091175349228 0.8660201396100963
vn 0.05966054854473824 0.7058471685358814 0.705847287745175
vn 0.05966054854473824 0.7058471685358814 0.705847287745175
vn 0.05966054854473824 0.7058471685358814 0.705847287745175
vn 4.8242496787426e-7 0.721211057709002 0.6927153890581831
vn 9.797510354972143e-7 0.7212121097188525 0.6927142937704707
vn 0.0000011362100396323583 0.7212124016166365 0.6927139898638345
vn 0.0325842395178436 0.8655594778695896 0.4997449925763811
vn 0.0325842395178436 0.8655594778695896 0.4997449925763811
vn 0.0325842395178436 0.8655594778695896 0.4997449925763811
vn 0 0.8710080021888575 0.4912688267364165
vn 0 0.8710080021888575 0.4912688267364165
vn 0 0.8710080021888575 0.4912688267364165
vn 0 0.9632659516723154 0.268549262424659
vn 0 0.9632659516723154 0.268549262424659
vn 0 0.9632659516723154 0.268549262424659
vn 0.032560937052328875 0.9654057009815701 0.25871145682121943
vn 0.032560937052328875 0.9654057009815701 0.25871145682121943
vn 0.032560937052328875 0.9654057009815701 0.25871145682121943
vn -0.00002085450123450267 0.9997977875497249 0.02010929078224496
vn -0.000021856300586537847 0.9997978474662365 0.02010631055620009
vn -0.000022625600017413194 0.9997978928894578 0.02010405088241264
vn 0.05989270987877599 0.9982048203166406 0
vn 0.05989270987877599 0.9982048203166406 0
vn 0.05989270987877599 0.9982048203166406 0
vn -7.261989422964695e-7 0.9733077210069145 -0.22950398738975997
vn 0 0.9733081159735997 -0.22950231236290855
vn 3.539029848108786e-7 0.9733084079412331 -0.2295010741386129
vn 0.0814694078031487 0.9627070265686865 -0.25798821017147855
vn 0.0814694078031487 0.9627070265686865 -0.25798821017147855
vn 0.0814694078031487 0.9627070265686865 -0.25798821017147855
vn -0.000017962397975957214 0.885474239393619 -0.46468846666088476
vn -0.0000139847005008676 0.8854787241246458 -0.4646799209423808
vn -0.00001626459943379802 0.885476122198334 -0.4646848789793614
vn 0.09751557842235171 0.8618918907839307 -0.4976274515798494
vn 0.09751557842235171 0.8618918907839307 -0.4976274515798494
vn 0.09751557842235171 0.8618918907839307 -0.4976274515798494
vn -0.000028882198446243317 0.7418125511787959 -0.6706072905057214
vn -0.000024847701034424278 0.7418184933693575 -0.6706007174748686
vn -0.00002722439823603511 0.7418150409764522 -0.6706045363997598
vn 0.10851389649417637 0.7029312677167132 -0.7029312677167132
vn 0.10851389649417637 0.7029312677167132 -0.7029312677167132
vn 0.10851389649417637 0.7029312677167132 -0.7029312677167132
vn -0.00003842260046066587 0.6478924747584747 -0.761731802982548
vn -0.0000409148999368006 0.6478949222282472 -0.7617297211457779
vn -0.00003339349516926047 0.647887353199286 -0.7617361593421295
vn 0.11377209572058106 0.4967636828271578 -0.8603962771068607
vn 0.11377209572058106 0.4967636828271578 -0.8603962771068607
vn 0.11377209572058106 0.4967636828271578 -0.8603962771068607
vn -0.00003243239915236647 0.4377647040396155 -0.8990895744280697
vn -0.00003769990021900217 0.43777223002924565 -0.899085909796132
vn -0.000038228901123583407 0.43777309224529887 -0.8990854899532859
vn 0 0.2588487513854369 -0.9659178660249537
vn 0 0.2588487513854369 -0.9659178660249537
vn 0 0.2588487513854369 -0.9659178660249537
vn 0.20703219222409913 0.19577898411454173 -0.9585448663270603
vn 0.20703219222409913 0.19577898411454173 -0.9585448663270603
vn 0.20703219222409913 0.19577898411454173 -0.9585448663270603
vn 0 -0.2588488497046467 -0.9659178396771544
vn 0 -0.2588488497046467 -0.9659178396771544
vn 0 -0.2588488497046467 -0.9659178396771544
vn 0.13988720062641885 -0.294594381113381 -0.9453283671388097
vn 0.13988918376901707 -0.29458729087319185 -0.9453302831922986
vn 0.13988600865143228 -0.2945981960590437 -0.94532735465675
vn 0 0 -1
vn 0 0 -1
vn 0 0 -1
vn 0.17374828074434837 -0.04959665501945023 -0.9835403940607954
vn 0.1737536743639541 -0.04957782350602765 -0.9835403906609174
vn 0.17375378776285952 -0.049577587681348755 -0.9835403825150024
vn 0.10536360085730745 -0.5229989931020791 -0.8457958174574957
vn 0.1053642843917918 -0.5229929039033043 -0.845799497541465
vn 0.10536530200333111 -0.522983388665144 -0.845805254366553
vn -0.00001306829997278141 -0.5000085156463372 -0.8660204871193095
vn -0.00001307580063154276 -0.500007683325512 -0.8660209676702278
vn -0.00001310179863419583 -0.5000091175349228 -0.8660201396100963
vn 0.05966054854473824 -0.7058471685358814 -0.705847287745175
vn 0.05966054854473824 -0.7058471685358814 -0.705847287745175
vn 0.05966054854473824 -0.7058471685358814 -0.705847287745175
vn 4.8242496787426e-7 -0.721211057709002 -0.6927153890581831
vn 9.797510354972143e-7 -0.7212121097188525 -0.6927142937704707
vn 0.0000011362100396323583 -0.7212124016166365 -0.6927139898638345
vn 0.0325842395178436 -0.8655594778695896 -0.4997449925763811
vn 0.0325842395178436 -0.8655594778695896 -0.4997449925763811
vn 0.0325842395178436 -0.8655594778695896 -0.4997449925763811
vn 0 -0.8710080021888575 -0.4912688267364165
vn 0 -0.8710080021888575 -0.4912688267364165
vn 0 -0.8710080021888575 -0.4912688267364165
vn 0.7044962402292568 0.6836144093014417 0.190673508643131
vn 0.7044962402292568 0.6836144093014417 0.190673508643131
vn 0.7044962402292568 0.6836144093014417 0.190673508643131
vn 0.7046058616576132 0.6835285868523234 0.19057610205216735
vn 0.7046058049391091 0.6835286492567719 0.19057608793162614
vn 0.7046058616576132 0.6835285868523234 0.19057610205216735
vn 0.6677125300895155 0.7440791954083665 0.022497291434650513
vn 0.6677124969034414 0.7440791584267822 0.02249949941361435
vn 0.6677125649760185 0.7440791082585528 0.022499138345796452
vn 0.7049306899424058 0.7091316850707334 0.014316969164806879
vn 0.7049306899424058 0.7091316850707334 0.014316969164806879
vn 0.7049303910365392 0.7091319822060764 0.014316969146880843
vn 0.6333978776474609 0.7565930490875148 -0.16240100573626293
vn 0.6333979011985704 0.7565931368239356 -0.16240050513518545
vn 0.6333978755841432 0.7565942983204211 -0.16239519375438483
vn 0.7052939010706487 0.6899932097854472 -0.16269567776226115
vn 0.7052931611069625 0.6899939604738599 -0.16269570186500232
vn 0.7052938403993411 0.6899932683465705 -0.16269569241736712
vn 0.6039200779799687 0.7166107606551398 -0.3489262918238328
vn 0.6039237494759305 0.7166280286556252 -0.34888446993823913
vn 0.6039188857122156 0.7166047999833596 -0.3489405968369479
vn 0.7056711526444428 0.627368886096966 -0.32929698614307984
vn 0.7056720025646407 0.627368191195335 -0.32929648870387784
vn 0.70566992683908 0.6273699290088492 -0.3292976260624407
vn 0.5811413291534804 0.6251806363974426 -0.520983615311859
vn 0.5811412574135252 0.625184144533582 -0.5209794855420321
vn 0.5811412752340679 0.6251838611642231 -0.5209798057114255
vn 0.5667826022837128 0.12399880030195048 -0.8144825223859502
vn 0.5667825897165957 0.12399897636649174 -0.8144825043266499
vn 0.5667825416418595 0.12399869576690392 -0.8144825805000991
vn 0.7059643734146099 0.5253636143854604 -0.47498144821578303
vn 0.7059625568453378 0.5253647700733336 -0.4749828698997326
vn 0.7059619831106159 0.5253651595530983 -0.47498329184327565
vn 0.706669401668525 0.4583672359458118 -0.5389970628462138
vn 0.7066721745159711 0.45836536966998603 -0.5389950144965774
vn 0.7066737976578659 0.45836418653882155 -0.5389938925464871
vn 0.566814068643458 0.48826295453020174 -0.663566951272656
vn 0.5668141089447307 0.4882686897500233 -0.6635626967446155
vn 0.5668141102342455 0.4882720883255118 -0.6635601948592185
vn 0.732623480862414 0.29796088675391325 -0.6119494629900917
vn 0.7326237705198633 0.2979650854790573 -0.6119470718164415
vn 0.7326232039822301 0.29795869554193516 -0.6119508613751271
vn 0.6543483482762169 0.2645766931462679 -0.7083977784775811
vn 0.6543470415664815 0.2646105504403142 -0.7083863393578868
vn 0.6543466623744469 0.2646274935430274 -0.7083803604706702
vn 0.7062165620220033 0.14160199228909442 -0.6936908845484284
vn 0.7062165035473192 0.14160169449244087 -0.6936910048676347
vn 0.7062164914592216 0.141595388877704 -0.6936923042960753
vn 0.7059722673043007 -0.03558694636928853 -0.707344843089518
vn 0.7059719725418927 -0.03558443568794235 -0.7073452635892035
vn 0.7059731167109213 -0.035592307815420866 -0.7073437255718329
vn 0.5810565781592737 -0.07362919834371684 -0.8105257516754772
vn 0.5810547595358163 -0.07361685642144743 -0.8105281764821003
vn 0.5810539908803641 -0.07361167160332373 -0.8105291984165445
vn 0.7047654946686736 -0.22739779821110043 -0.6720088086425381
vn 0.7047678490943922 -0.22736469745925647 -0.6720175393783445
vn 0.704764306491404 -0.22741450367620308 -0.6720044016324571
vn 0.6009082655613678 -0.23780179965462797 -0.7631248655764331
vn 0.6009061795978101 -0.2378066873141252 -0.7631249850383923
vn 0.6009079644260968 -0.23780257328343182 -0.7631248616242708
vn 0.704536299618349 -0.38527565146734616 -0.5959792571109302
vn 0.7045366968457626 -0.38528750464468153 -0.5959711247722801
vn 0.7045361932884874 -0.38527020468551204 -0.5959829038891559
vn 0.6157418988950534 -0.4143796796194458 -0.670187581997458
vn 0.6157419660597492 -0.4143844828810688 -0.6701845503891177
vn 0.6157425041524852 -0.41438859671260714 -0.6701815123491418
vn 0.7044136926147399 -0.5167940712624889 -0.4865441784307037
vn 0.7044136926147399 -0.5167940712624889 -0.4865441784307037
vn 0.7044136926147399 -0.5167940712624889 -0.4865441784307037
vn 0.7044316548730234 -0.6182169334437218 -0.3486887821773086
vn 0.7044316548730234 -0.6182169334437218 -0.3486887821773086
vn 0.7044316548730234 -0.6182169334437218 -0.3486887821773086
vn 0.7045756091887453 -0.6181284881325592 -0.34855470602943417
vn 0.7045756091887453 -0.6181284881325592 -0.34855470602943417
vn 0.7045756505250584 -0.6181284125009966 -0.34855475659670515
vn 0.6636214795690534 -0.5395072652544209 -0.5182069495792934
vn 0.6636216015970605 -0.5395062542670097 -0.5182078458500342
vn 0.6636214377883441 -0.5395078757912836 -0.5182063674511422
vn -0.474482973196828 0.3156029812507872 -0.8217424574475348
vn -0.474482973196828 0.3156029812507872 -0.8217424574475348
vn -0.474482973196828 0.3156029812507872 -0.8217424574475348
vn 0.033978394345933194 0.47695876999730674 -0.8782686379692312
vn 0.03397744218249458 0.4769622780777417 -0.8782667696740133
vn 0.03397356825198757 0.4769751578967383 -0.8782599247430164
vn -0.06764577447751213 0.7237770684291729 -0.6867101312864181
vn -0.06764685904834768 0.7237972996206241 -0.6866887005934971
vn -0.06764732343432099 0.7238076374380777 -0.686677758208667
vn 0.000003101299725944564 0.7072334595011557 -0.7069800801666262
vn -0.000004548579721909794 0.707233757466984 -0.7069797820860519
vn 0.000010311599484763407 0.7072331614970878 -0.7069803782089747
vn 0.03402261785099439 0.9020848808193827 -0.43021544518025534
vn 0.03402035741666331 0.9020837103864732 -0.4302180781145955
vn 0.0340220852165583 0.9020846445769424 -0.430215982659883
vn -0.000054225296264087586 0.9135787450555553 -0.40666186647180735
vn -0.000050485100412971356 0.913580698103564 -0.4066574793408565
vn -0.00005531309619932164 0.9135781592577725 -0.4066631823359983
vn -0.06769370869449773 0.9891868591153062 -0.13010349555941816
vn -0.06768672764279465 0.9891881128901954 -0.1300975949729437
vn -0.06769846507803745 0.9891860076127934 -0.1301074946693713
vn 0.0000020655097219242844 0.9996536778840304 0.026315856221385374
vn -0.0000035706895458618925 0.9996536778797901 0.026315856221273748
vn -0.000004388389620723668 0.9996536794445395 0.026315796657822008
vn -0.050891038319319966 0.997328465878857 0.052402608394115514
vn -0.05089103803132056 0.997328341025548 0.05240498483277239
vn -0.050891041983361064 0.9973288223064062 0.052395820852092906
vn 0.000055700500202127025 0.9781212750032836 0.20803549765221543
vn 0.000045865800728820294 0.9781183836779174 0.208049093743825
vn 0.00006696579775732127 0.9781246357663688 0.20801969239110582
vn -0.0000015464597841939192 0.9426136097833768 0.3338855831699838
vn -3.3554698863579997e-7 0.942613609784451 0.33388558317036426
vn 6.637999325131315e-7 0.9426136539471437 0.3338854584913424
vn -0.000003767339548770512 0.7932911899954691 0.6088424162797625
vn -0.000004777679449421297 0.7932911678972524 0.6088424450655417
vn 0 0.7932911900010987 0.6088424162840832
vn -0.050942052724068904 0.776069888190096 0.6285860608610967
vn -0.05093770516981439 0.7760660713532886 0.6285911255230264
vn -0.05093734689165644 0.7760657634225001 0.6285915347306955
vn 0.000039510396352098114 0.5662904408757723 0.8242057601179769
vn 0.00003126259954174464 0.5662785720841191 0.8242139150857749
vn 0.000042557705325723174 0.5662947875848313 0.8242027734381221
vn -0.00005364419745811068 0.4539186867374137 0.891043109480614
vn -0.00005221370218665037 0.45391500536566587 0.891044984934889
vn -0.000048413894178197495 0.4539062644266357 0.8910494378935168
vn 0.034006766884945965 0.13041707838836783 0.99087583756527
vn 0.03401171832760715 0.1304106878295657 0.9908765087114656
vn 0.03400736745724306 0.13041629169693045 0.9908759204959262
vn -0.000004157419419905168 0.1043954937217614 0.9945358620348014
vn -0.000008873638800507321 0.10440168574522224 0.9945352120135387
vn -0.0000052079595800095675 0.10439699353211762 0.9945357045950296
vn -0.06767497824161882 -0.18187698365546712 0.9809897349801296
vn -0.06766723831370192 -0.18189680549285958 0.9809865936955966
vn -0.06767408662008219 -0.18187937442071767 0.9809893532350216
vn 0.9999981864249041 -0.0019016258400527592 0.00010471899174383771
vn 0.9999981926353109 -0.001898704875078848 0.00009821358792024437
vn 0.9999981918700838 -0.0018990629671486862 0.00009907779696939471
vn 0.999997542037244 -0.0020643467722329363 0.0008089449142012009
vn 0.9999975414349439 -0.0020644056771415512 0.0008095389228848178
vn 0.9999975511218255 -0.00206416774422265 0.0007980989135243377
vn 0.9999985246901985 -0.0015704029006572047 0.0006960259737126068
vn 0.9999985248083916 -0.0015705819476104577 0.0006954519298343764
vn 0.9999985248690507 -0.0015714159470837938 0.0006934779334424229
vn 0.9999973425645136 -0.0017521970873784472 0.0014982220389445982
vn 0.9999973482786753 -0.001767038898314337 0.0014768240077684782
vn 0.999997345635902 -0.0017594690924558694 0.0014876120672348127
vn 0.9999986281820993 -0.0012232060533048502 0.0011168710178764668
vn 0.9999986281135862 -0.0012219540064360222 0.0011183019949344412
vn 0.99999862818178 -0.001226245890185234 0.0011135329249410868
vn 0.9999966118036003 -0.0013964170486637719 0.0021969070861705513
vn 0.9999966109582863 -0.001398146047857694 0.002196192061400785
vn 0.9999966125962285 -0.0013946290268246858 0.002197681948301764
vn 0.9999989448850624 -0.0007121560173921401 0.001266121071908904
vn 0.9999989495575309 -0.0007487238785636238 0.0012410867772113929
vn 0.9999989450467098 -0.0007112919829731664 0.0012664790492346058
vn 0.9999978769687944 -0.00039315201304655854 0.0020227430382562086
vn 0.9999978788363566 -0.00038243097728401176 0.002023874831820463
vn 0.9999978799564267 -0.00037468999889601445 0.002024769136612629
vn 0.999998776799944 -0.00015138097364185668 0.0015567538073613081
vn 0.9999987838016384 -0.00020986799285092414 0.0015454289596523538
vn 0.9999987843186289 -0.00021308696384349945 0.0015446537508415673
vn 0.9999955280286236 0.00018930398770151472 0.002984641813485542
vn 0.9999954989013816 0.00013335000060637442 0.00299739799729202
vn 0.9999954959631804 0.00012424600166962023 0.0029987691281810345
vn 0.9999960973715478 0.00020790099508742328 0.0027860399943414786
vn 0.9999961196810427 0.00022286198375293776 0.002776860708426045
vn 0.9999961307282483 0.000230311984772739 0.0027722707157706345
vn 0.9999967312891773 0.0016168349111174726 0.001980721038113762
vn 0.9999967311816137 0.0016171928880615557 0.0019804830849806483
vn 0.9999967372632286 0.0016037217823071516 0.001988350910257673
vn 0.999998788599197 0.0013192887163244735 0.0008260008603106912
vn 0.9999987905681599 0.001314341999152808 0.0008314850130302528
vn 0.9999987845748619 0.0013290637561149752 0.0008151308676029189
vn 0.9999965965899023 0.0021265738051611965 0.0015114537583209573
vn 0.9999966014543579 0.0021184079791804534 0.001519680021550747
vn 0.9999966071677375 0.0021083948765763996 0.0015298117721541408
vn 0.9999986690000384 0.0015751119625622625 0.0004254649891529834
vn 0.9999986678251881 0.0015775557510965218 0.0004191249230472728
vn 0.9999986690659634 0.0015750520087765378 0.0004255319861974283
vn 0.7670019943967571 -0.6407709783691776 0.03347377886053013
vn 0.7669967603605911 -0.6407749812144093 0.03351705604660633
vn 0.7669953943950124 -0.6407759986215262 0.0335288617078617
vn -0.0509246501791643 -0.3580119827318754 0.9323272495344761
vn -0.05092464709482874 -0.3580038810063249 0.9323303607105565
vn -0.05092464659803929 -0.35802035819781614 0.9323240335230946
vn 0.033978394345933194 -0.47695876999730674 0.8782686379692312
vn 0.03397744218249458 -0.4769622780777417 0.8782667696740133
vn 0.03397356825198757 -0.4769751578967383 0.8782599247430164
vn -0.06764577447751213 -0.7237770684291729 0.6867101312864181
vn -0.06764685904834768 -0.7237972996206241 0.6866887005934971
vn -0.06764732343432099 -0.7238076374380777 0.686677758208667
vn 0.000003101299725944564 -0.7072334595011557 0.7069800801666262
vn -0.000004548579721909794 -0.707233757466984 0.7069797820860519
vn 0.000010311599484763407 -0.7072331614970878 0.7069803782089747
vn 0.03402261785099439 -0.9020848808193827 0.43021544518025534
vn 0.03402035741666331 -0.9020837103864732 0.4302180781145955
vn 0.0340220852165583 -0.9020846445769424 0.430215982659883
vn -0.000054225296264087586 -0.9135787450555553 0.40666186647180735
vn -0.000050485100412971356 -0.913580698103564 0.4066574793408565
vn -0.00005531309619932164 -0.9135781592577725 0.4066631823359983
vn -0.06769370869449773 -0.9891868591153062 0.13010349555941816
vn -0.06768672764279465 -0.9891881128901954 0.1300975949729437
vn -0.06769846507803745 -0.9891860076127934 0.1301074946693713
vn 0.0000020655097219242844 -0.9996536778840304 -0.026315856221385374
vn -0.0000035706895458618925 -0.9996536778797901 -0.026315856221273748
vn -0.000004388389620723668 -0.9996536794445395 -0.026315796657822008
vn -0.050891038319319966 -0.997328465878857 -0.052402608394115514
vn -0.05089103803132056 -0.997328341025548 -0.05240498483277239
vn -0.050891041983361064 -0.9973288223064062 -0.052395820852092906
vn 0.000055700500202127025 -0.9781212750032836 -0.20803549765221543
vn 0.000045865800728820294 -0.9781183836779174 -0.208049093743825
vn 0.00006696579775732127 -0.9781246357663688 -0.20801969239110582
vn -0.0000015464597841939192 -0.9426136097833768 -0.3338855831699838
vn -3.3554698863579997e-7 -0.942613609784451 -0.33388558317036426
vn 6.637999325131315e-7 -0.9426136539471437 -0.3338854584913424
vn -0.000003767339548770512 -0.7932911899954691 -0.6088424162797625
vn -0.000004777679449421297 -0.7932911678972524 -0.6088424450655417
vn 0 -0.7932911900010987 -0.6088424162840832
vn -0.050942052724068904 -0.776069888190096 -0.6285860608610967
vn -0.05093770516981439 -0.7760660713532886 -0.6285911255230264
vn -0.05093734689165644 -0.7760657634225001 -0.6285915347306955
vn 0.000039510396352098114 -0.5662904408757723 -0.8242057601179769
vn 0.00003126259954174464 -0.5662785720841191 -0.8242139150857749
vn 0.000042557705325723174 -0.5662947875848313 -0.8242027734381221
vn -0.00005364419745811068 -0.4539186867374137 -0.891043109480614
vn -0.00005221370218665037 -0.45391500536566587 -0.891044984934889
vn -0.000048413894178197495 -0.4539062644266357 -0.8910494378935168
vn 0.034006766884945965 -0.13041707838836783 -0.99087583756527
vn 0.03401171832760715 -0.1304106878295657 -0.9908765087114656
vn 0.03400736745724306 -0.13041629169693045 -0.9908759204959262
vn -0.000004157419419905168 -0.1043954937217614 -0.9945358620348014
vn -0.000008873638800507321 -0.10440168574522224 -0.9945352120135387
vn -0.0000052079595800095675 -0.10439699353211762 -0.9945357045950296
vn -0.06767497824161882 0.18187698365546712 -0.9809897349801296
vn -0.06766723831370192 0.18189680549285958 -0.9809865936955966
vn -0.06767408662008219 0.18187937442071767 -0.9809893532350216
vn 0.29846125708444887 0.2949164794684493 0.9077142436678551
vn 0.2984723746803846 0.294853657486748 0.9077309966170262
vn 0.2984672771115856 0.294882683593557 0.9077232438415677
vn 1 0 0
vn 1 0 0
vn 1 0 0
vn 1 0 0
vn 1 0 0
vn 1 0 0
vn 0.9999999980677576 0.000024918499500072425 0.000056952201593052215
vn 0.9999999974763034 -0.000028133399538941824 0.00006523729809394112
vn 0.9999999977975964 0.00003738699880110728 0.000054836298538439366
vn 1 0 0
vn 1 0 0
vn 1 0 0
vn 1 0 0
vn 1 0 0
vn 1 0 0
vn 1 0 0
vn 1 0 0
vn 1 0 0
vn 1 0 0
vn 1 0 0
vn 1 0 0
vn 1 0 0
vn 1 0 0
vn 1 0 0
vn 1 0 0
vn 1 0 0
vn 1 0 0
vn 1 0 0
vn 1 0 0
vn 1 0 0
vn 1 0 0
vn 1 0 0
vn 1 0 0
vn 1 0 0
vn 1 0 0
vn 1 0 0
vn 1 0 0
vn 1 0 0
vn 1 0 0
vn 1 0 0
vn 1 0 0
vn 1 0 0
vn 1 0 0
vn 1 0 0
vn 1 0 0
vn 1 0 0
vn 1 0 0
vn 1 0 0
vn 0.7070233143465648 0.6420757099700429 0.2964065040394082
vn 0.7070238803578355 0.6420759752418124 0.2964045792848426
vn 0.7070230320491203 0.6420756050419544 0.2964074047018341
vn 0.4779385138453715 0.8424723935090798 0.2486263122808203
vn 0.4779471899835345 0.8424757378245242 0.2485983000019646
vn 0.4779430824437962 0.8424742639125751 0.24861119160063488
vn 0.16899411269213482 0.8186967319082479 0.5487956368614393
vn 0.16899177462550832 0.8187199845780787 0.5487616668111868
vn 0.16899408174671027 0.818697739649403 0.5487941430332004
vn 0.7033087404326058 0.6865228212600593 0.18450807982370407
vn 0.7033089787516963 0.6865162050475775 0.1845317875443645
vn 0.7033088727269203 0.6865199134052219 0.18451839485990296
vn 0.5662255809850675 0.8230907214327906 -0.04370647239678736
vn 0.5662255994236046 0.8230909270498072 -0.04370236109947227
vn 0.5662257746259303 0.8230921734973643 -0.043676607888547374
f 1/1/1 2/2/2 3/3/3
f 4/4/4 5/5/5 6/6/6
f 7/7/7 8/8/8 9/9/9
f 10/10/10 11/11/11 12/12/12
f 13/13/13 14/14/14 15/15/15
f 16/16/16 17/17/17 18/18/18
f 19/19/19 20/20/20 21/21/21
f 22/22/22 23/23/23 24/24/24
f 25/25/25 26/26/26 27/27/27
f 28/28/28 29/29/29 30/30/30
f 31/31/31 32/32/32 33/33/33
f 34/34/34 35/35/35 36/36/36
f 37/37/37 38/38/38 39/39/39
f 40/40/40 41/41/41 42/42/42
f 43/43/43 44/44/44 45/45/45
f 46/46/46 47/47/47 48/48/48
f 49/49/49 50/50/50 51/51/51
f 52/52/52 53/53/53 54/54/54
f 55/55/55 56/56/56 57/57/57
f 58/58/58 59/59/59 60/60/60
f 61/61/61 62/62/62 63/63/63
f 64/64/64 65/65/65 66/66/66
f 67/67/67 68/68/68 69/69/69
f 70/70/70 71/71/71 72/72/72
f 73/73/73 74/74/74 75/75/75
f 76/76/76 77/77/77 78/78/78
f 79/79/79 80/80/80 81/81/81
f 82/82/82 83/83/83 84/84/84
f 85/85/85 86/86/86 87/87/87
f 88/88/88 89/89/89 90/90/90
f 91/91/91 92/92/92 93/93/93
f 94/94/94 95/95/95 96/96/96
f 97/97/97 98/98/98 99/99/99
f 100/100/100 101/101/101 102/102/102
f 103/103/103 104/104/104 105/105/105
f 106/106/106 107/107/107 108/108/108
f 109/109/109 110/110/110 111/111/111
f 112/112/112 113/113/113 114/114/114
f 115/115/115 116/116/116 117/117/117
f 118/118/118 119/119/119 120/120/120
f 121/121/121 122/122/122 123/123/123
f 124/124/124 125/125/125 126/126/126
f 127/127/127 128/128/128 129/129/129
f 130/130/130 131/131/131 132/132/132
f 133/133/133 134/134/134 135/135/135
f 136/136/136 137/137/137 138/138/138
f 139/139/139 140/140/140 141/141/141
f 142/142/142 143/143/143 144/144/144
f 145/145/145 146/146/146 147/147/147
f 148/148/148 149/149/149 150/150/150
f 151/151/151 152/152/152 153/153/153
f 154/154/154 155/155/155 156/156/156
f 157/157/157 158/158/158 159/159/159
f 160/160/160 161/161/161 162/162/162
f 163/163/163 164/164/164 165/165/165
f 166/166/166 167/167/167 168/168/168
f 169/169/169 170/170/170 171/171/171
f 172/172/172 173/173/173 174/174/174
f 175/175/175 176/176/176 177/177/177
f 178/178/178 179/179/179 180/180/180
f 181/181/181 182/182/182 183/183/183
f 184/184/184 185/185/185 186/186/186
f 187/187/187 188/188/188 189/189/189
f 190/190/190 191/191/191 192/192/192
f 193/193/193 194/194/194 195/195/195
f 196/196/196 197/197/197 198/198/198
f 199/199/199 200/200/200 201/201/201
f 202/202/202 203/203/203 204/204/204
f 205/205/205 206/206/206 207/207/207
f 208/208/208 209/209/209 210/210/210
f 211/211/211 212/212/212 213/213/213
f 214/214/214 215/215/215 216/216/216
f 217/217/217 218/218/218 219/219/219
f 220/220/220 221/221/221 222/222/222
f 223/223/223 224/224/224 225/225/225
f 226/226/226 227/227/227 228/228/228
f 229/229/229 230/230/230 231/231/231
f 232/232/232 233/233/233 234/234/234
f 235/235/235 236/236/236 237/237/237
f 238/238/238 239/239/239 240/240/240
f 241/241/241 242/242/242 243/243/243
f 244/244/244 245/245/245 246/246/246
f 247/247/247 248/248/248 249/249/249
f 250/250/250 251/251/251 252/252/252
f 253/253/253 254/254/254 255/255/255
f 256/256/256 257/257/257 258/258/258
f 259/259/259 260/260/260 261/261/261
f 262/262/262 263/263/263 264/264/264
f 265/265/265 266/266/266 267/267/267
f 268/268/268 269/269/269 270/270/270
f 271/271/271 272/272/272 273/273/273
f 274/274/274 275/275/275 276/276/276
f 277/277/277 278/278/278 279/279/279
f 280/280/280 281/281/281 282/282/282
f 283/283/283 284/284/284 285/285/285
f 286/286/286 287/287/287 288/288/288
f 289/289/289 290/290/290 291/291/291
f 292/292/292 293/293/293 294/294/294
f 295/295/295 296/296/296 297/297/297
f 298/298/298 299/299/299 300/300/300
f 301/301/301 302/302/302 303/303/303
f 304/304/304 305/305/305 306/306/306
f 307/307/307 308/308/308 309/309/309
f 310/310/310 311/311/311 312/312/312
f 313/313/313 314/314/314 315/315/315
f 316/316/316 317/317/317 318/318/318
f 319/319/319 320/320/320 321/321/321
f 322/322/322 323/323/323 324/324/324
f 325/325/325 326/326/326 327/327/327
f 328/328/328 329/329/329 330/330/330
f 331/331/331 332/332/332 333/333/333
f 334/334/334 335/335/335 336/336/336
f 337/337/337 338/338/338 339/339/339
f 340/340/340 341/341/341 342/342/342
f 343/343/343 344/344/344 345/345/345
f 346/346/346 347/347/347 348/348/348
f 349/349/349 350/350/350 351/351/351
f 352/352/352 353/353/353 354/354/354
f 355/355/355 356/356/356 357/357/357
f 358/358/358 359/359/359 360/360/360
f 361/361/361 362/362/362 363/363/363
f 364/364/364 365/365/365 366/366/366
f 367/367/367 368/368/368 369/369/369
f 370/370/370 371/371/371 372/372/372
f 373/373/373 374/374/374 375/375/375
f 376/376/376 377/377/377 378/378/378
f 379/379/379 380/380/380 381/381/381
f 382/382/382 383/383/383 384/384/384
f 385/385/385 386/386/386 387/387/387
f 388/388/388 389/389/389 390/390/390
f 391/391/391 392/392/392 393/393/393
f 394/394/394 395/395/395 396/396/396
f 397/397/397 398/398/398 399/399/399
f 400/400/400 401/401/401 402/402/402
f 403/403/403 404/404/404 405/405/405
f 406/406/406 407/407/407 408/408/408
f 409/409/409 410/410/410 411/411/411
f 412/412/412 413/413/413 414/414/414
f 415/415/415 416/416/416 417/417/417
f 418/418/418 419/419/419 420/420/420
f 421/421/421 422/422/422 423/423/423
f 424/424/424 425/425/425 426/426/426
f 427/427/427 428/428/428 429/429/429
f 430/430/430 431/431/431 432/432/432
f 433/433/433 434/434/434 435/435/435
f 436/436/436 437/437/437 438/438/438
f 439/439/439 440/440/440 441/441/441
f 442/442/442 443/443/443 444/444/444
f 445/445/445 446/446/446 447/447/447
f 448/448/448 449/449/449 450/450/450
f 451/451/451 452/452/452 453/453/453
f 454/454/454 455/455/455 456/456/456
f 457/457/457 458/458/458 459/459/459
f 460/460/460 461/461/461 462/462/462
f 463/463/463 464/464/464 465/465/465
f 466/466/466 467/467/467 468/468/468
f 469/469/469 470/470/470 471/471/471
f 472/472/472 473/473/473 474/474/474
f 475/475/475 476/476/476 477/477/477
f 478/478/478 479/479/479 480/480/480
f 481/481/481 482/482/482 483/483/483
f 484/484/484 485/485/485 486/486/486
f 487/487/487 488/488/488 489/489/489
f 490/490/490 491/491/491 492/492/492
f 493/493/493 494/494/494 495/495/495
f 496/496/496 497/497/497 498/498/498
f 499/499/499 500/500/500 501/501/501
f 502/502/502 503/503/503 504/504/504
f 505/505/505 506/506/506 507/507/507
f 508/508/508 509/509/509 510/510/510
f 511/511/511 512/512/512 513/513/513
f 514/514/514 515/515/515 516/516/516
f 517/517/517 518/518/518 519/519/519
f 520/520/520 521/521/521 522/522/522
f 523/523/523 524/524/524 525/525/525
f 526/526/526 527/527/527 528/528/528
f 529/529/529 530/530/530 531/531/531
f 532/532/532 533/533/533 534/534/534
f 535/535/535 536/536/536 537/537/537
f 538/538/538 539/539/539 540/540/540
f 541/541/541 542/542/542 543/543/543
f 544/544/544 545/545/545 546/546/546
f 547/547/547 548/548/548 549/549/549
f 550/550/550 551/551/551 552/552/552
f 553/553/553 554/554/554 555/555/555
f 556/556/556 557/557/557 558/558/558
f 559/559/559 560/560/560 561/561/561
f 562/562/562 563/563/563 564/564/564
f 565/565/565 566/566/566 567/567/567
f 568/568/568 569/569/569 570/570/570
f 571/571/571 572/572/572 573/573/573
f 574/574/574 575/575/575 576/576/576
f 577/577/577 578/578/578 579/579/579
f 580/580/580 581/581/581 582/582/582
f 583/583/583 584/584/584 585/585/585
f 586/586/586 587/587/587 588/588/588
f 589/589/589 590/590/590 591/591/591
f 592/592/592 593/593/593 594/594/594
f 595/595/595 596/596/596 597/597/597
f 598/598/598 599/599/599 600/600/600
f 601/601/601 602/602/602 603/603/603
f 604/604/604 605/605/605 606/606/606
f 607/607/607 608/608/608 609/609/609
f 610/610/610 611/611/611 612/612/612
f 613/613/613 614/614/614 615/615/615
f 616/616/616 617/617/617 618/618/618
f 619/619/619 620/620/620 621/621/621
f 622/622/622 623/623/623 624/624/624
f 625/625/625 626/626/626 627/627/627
f 628/628/628 629/629/629 630/630/630
f 631/631/631 632/632/632 633/633/633
f 634/634/634 635/635/635 636/636/636
f 637/637/637 638/638/638 639/639/639
f 640/640/640 641/641/641 642/642/642
f 643/643/643 644/644/644 645/645/645
f 646/646/646 647/647/647 648/648/648
f 649/649/649 650/650/650 651/651/651
f 652/652/652 653/653/653 654/654/654
f 655/655/655 656/656/656 657/657/657
f 658/658/658 659/659/659 660/660/660
f 661/661/661 662/662/662 663/663/663
f 664/664/664 665/665/665 666/666/666
f 667/667/667 668/668/668 669/669/669
f 670/670/670 671/671/671 672/672/672
f 673/673/673 674/674/674 675/675/675
f 676/676/676 677/677/677 678/678/678
f 679/679/679 680/680/680 681/681/681
f 682/682/682 683/683/683 684/684/684
f 685/685/685 686/686/686 687/687/687
f 688/688/688 689/689/689 690/690/690
f 691/691/691 692/692/692 693/693/693
f 694/694/694 695/695/695 696/696/696
f 697/697/697 698/698/698 699/699/699
f 700/700/700 701/701/701 702/702/702
f 703/703/703 704/704/704 705/705/705
f 706/706/706 707/707/707 708/708/708
f 709/709/709 710/710/710 711/711/711
f 712/712/712 713/713/713 714/714/714
f 715/715/715 716/716/716 717/717/717
f 718/718/718 719/719/719 720/720/720
f 721/721/721 722/722/722 723/723/723
f 724/724/724 725/725/725 726/726/726
f 727/727/727 728/728/728 729/729/729
f 730/730/730 731/731/731 732/732/732
f 733/733/733 734/734/734 735/735/735
f 736/736/736 737/737/737 738/738/738
f 739/739/739 740/740/740 741/741/741
f 742/742/742 743/743/743 744/744/744
f 745/745/745 746/746/746 747/747/747
f 748/748/748 749/749/749 750/750/750
f 751/751/751 752/752/752 753/753/753
f 754/754/754 755/755/755 756/756/756
f 757/757/757 758/758/758 759/759/759
f 760/760/760 761/761/761 762/762/762
f 763/763/763 764/764/764 765/765/765
f 766/766/766 767/767/767 768/768/768
f 769/769/769 770/770/770 771/771/771
f 772/772/772 773/773/773 774/774/774
f 775/775/775 776/776/776 777/777/777
f 778/778/778 779/779/779 780/780/780
f 781/781/781 782/782/782 783/783/783
f 784/784/784 785/785/785 786/786/786
f 787/787/787 788/788/788 789/789/789
f 790/790/790 791/791/791 792/792/792
f 793/793/793 794/794/794 795/795/795
f 796/796/796 797/797/797 798/798/798
f 799/799/799 800/800/800 801/801/801
f 802/802/802 803/803/803 804/804/804
f 805/805/805 806/806/806 807/807/807
f 808/808/808 809/809/809 810/810/810
f 811/811/811 812/812/812 813/813/813
f 814/814/814 815/815/815 816/816/816
f 817/817/817 818/818/818 819/819/819
f 820/820/820 821/821/821 822/822/822
f 823/823/823 824/824/824 825/825/825
f 826/826/826 827/827/827 828/828/828
f 829/829/829 830/830/830 831/831/831
f 832/832/832 833/833/833 834/834/834
f 835/835/835 836/836/836 837/837/837
f 838/838/838 839/839/839 840/840/840
f 841/841/841 842/842/842 843/843/843
f 844/844/844 845/845/845 846/846/846
f 847/847/847 848/848/848 849/849/849
f 850/850/850 851/851/851 852/852/852
f 853/853/853 854/854/854 855/855/855
f 856/856/856 857/857/857 858/858/858
f 859/859/859 860/860/860 861/861/861
f 862/862/862 863/863/863 864/864/864
f 865/865/865 866/866/866 867/867/867
f 868/868/868 869/869/869 870/870/870
f 871/871/871 872/872/872 873/873/873
f 874/874/874 875/875/875 876/876/876
f 877/877/877 878/878/878 879/879/879
f 880/880/880 881/881/881 882/882/882
f 883/883/883 884/884/884 885/885/885
f 886/886/886 887/887/887 888/888/888
f 889/889/889 890/890/890 891/891/891
f 892/892/892 893/893/893 894/894/894
f 895/895/895 896/896/896 897/897/897
f 898/898/898 899/899/899 900/900/900
f 901/901/901 902/902/902 903/903/903
f 904/904/904 905/905/905 906/906/906
f 907/907/907 908/908/908 909/909/909
f 910/910/910 911/911/911 912/912/912
f 913/913/913 914/914/914 915/915/915
f 916/916/916 917/917/917 918/918/918
f 919/919/919 920/920/920 921/921/921
f 922/922/922 923/923/923 924/924/924
f 925/925/925 926/926/926 927/927/927
f 928/928/928 929/929/929 930/930/930
f 931/931/931 932/932/932 933/933/933
f 934/934/934 935/935/935 936/936/936
f 937/937/937 938/938/938 939/939/939
f 940/940/940 941/941/941 942/942/942
f 943/943/943 944/944/944 945/945/945
f 946/946/946 947/947/947 948/948/948
f 949/949/949 950/950/950 951/951/951
f 952/952/952 953/953/953 954/954/954
f 955/955/955 956/956/956 957/957/957
f 958/958/958 959/959/959 960/960/960
f 961/961/961 962/962/962 963/963/963
f 964/964/964 965/965/965 966/966/966
f 967/967/967 968/968/968 969/969/969
f 970/970/970 971/971/971 972/972/972
f 973/973/973 974/974/974 975/975/975
f 976/976/976 977/977/977 978/978/978
f 979/979/979 980/980/980 981/981/981
f 982/982/982 983/983/983 984/984/984
f 985/985/985 986/986/986 987/987/987
f 988/988/988 989/989/989 990/990/990
f 991/991/991 992/992/992 993/993/993
f 994/994/994 995/995/995 996/996/996
f 997/997/997 998/998/998 999/999/999
f 1000/1000/1000 1001/1001/1001 1002/1002/1002
f 1003/1003/1003 1004/1004/1004 1005/1005/1005
f 1006/1006/1006 1007/1007/1007 1008/1008/1008
f 1009/1009/1009 1010/1010/1010 1011/1011/1011
f 1012/1012/1012 1013/1013/1013 1014/1014/1014
f 1015/1015/1015 1016/1016/1016 1017/1017/1017
f 1018/1018/1018 1019/1019/1019 1020/1020/1020
f 1021/1021/1021 1022/1022/1022 1023/1023/1023
f 1024/1024/1024 1025/1025/1025 1026/1026/1026
f 1027/1027/1027 1028/1028/1028 1029/1029/1029
f 1030/1030/1030 1031/1031/1031 1032/1032/1032
f 1033/1033/1033 1034/1034/1034 1035/1035/1035
f 1036/1036/1036 1037/1037/1037 1038/1038/1038
f 1039/1039/1039 1040/1040/1040 1041/1041/1041
f 1042/1042/1042 1043/1043/1043 1044/1044/1044
f 1045/1045/1045 1046/1046/1046 1047/1047/1047
f 1048/1048/1048 1049/1049/1049 1050/1050/1050
f 1051/1051/1051 1052/1052/1052 1053/1053/1053
f 1054/1054/1054 1055/1055/1055 1056/1056/1056
f 1057/1057/1057 1058/1058/1058 1059/1059/1059
f 1060/1060/1060 1061/1061/1061 1062/1062/1062
f 1063/1063/1063 1064/1064/1064 1065/1065/1065
f 1066/1066/1066 1067/1067/1067 1068/1068/1068
f 1069/1069/1069 1070/1070/1070 1071/1071/1071
f 1072/1072/1072 1073/1073/1073 1074/1074/1074
f 1075/1075/1075 1076/1076/1076 1077/1077/1077
f 1078/1078/1078 1079/1079/1079 1080/1080/1080
f 1081/1081/1081 1082/1082/1082 1083/1083/1083
f 1084/1084/1084 1085/1085/1085 1086/1086/1086
f 1087/1087/1087 1088/1088/1088 1089/1089/1089
f 1090/1090/1090 1091/1091/1091 1092/1092/1092
f 1093/1093/1093 1094/1094/1094 1095/1095/1095
f 1096/1096/1096 1097/1097/1097 1098/1098/1098
f 1099/1099/1099 1100/1100/1100 1101/1101/1101
f 1102/1102/1102 1103/1103/1103 1104/1104/1104
f 1105/1105/1105 1106/1106/1106 1107/1107/1107
f 1108/1108/1108 1109/1109/1109 1110/1110/1110
f 1111/1111/1111 1112/1112/1112 1113/1113/1113
f 1114/1114/1114 1115/1115/1115 1116/1116/1116
f 1117/1117/1117 1118/1118/1118 1119/1119/1119
f 1120/1120/1120 1121/1121/1121 1122/1122/1122
f 1123/1123/1123 1124/1124/1124 1125/1125/1125
f 1126/1126/1126 1127/1127/1127 1128/1128/1128
f 1129/1129/1129 1130/1130/1130 1131/1131/1131
f 1132/1132/1132 1133/1133/1133 1134/1134/1134
f 1135/1135/1135 1136/1136/1136 1137/1137/1137
f 1138/1138/1138 1139/1139/1139 1140/1140/1140
f 1141/1141/1141 1142/1142/1142 1143/1143/1143
f 1144/1144/1144 1145/1145/1145 1146/1146/1146
f 1147/1147/1147 1148/1148/1148 1149/1149/1149
f 1150/1150/1150 1151/1151/1151 1152/1152/1152
f 1153/1153/1153 1154/1154/1154 1155/1155/1155
f 1156/1156/1156 1157/1157/1157 1158/1158/1158
f 1159/1159/1159 1160/1160/1160 1161/1161/1161
f 1162/1162/1162 1163/1163/1163 1164/1164/1164
f 1165/1165/1165 1166/1166/1166 1167/1167/1167
f 1168/1168/1168 1169/1169/1169 1170/1170/1170
f 1171/1171/1171 1172/1172/1172 1173/1173/1173
f 1174/1174/1174 1175/1175/1175 1176/1176/1176
f 1177/1177/1177 1178/1178/1178 1179/1179/1179
f 1180/1180/1180 1181/1181/1181 1182/1182/1182
f 1183/1183/1183 1184/1184/1184 1185/1185/1185
f 1186/1186/1186 1187/1187/1187 1188/1188/1188
f 1189/1189/1189 1190/1190/1190 1191/1191/1191
f 1192/1192/1192 1193/1193/1193 1194/1194/1194
f 1195/1195/1195 1196/1196/1196 1197/1197/1197
f 1198/1198/1198 1199/1199/1199 1200/1200/1200
f 1201/1201/1201 1202/1202/1202 1203/1203/1203
f 1204/1204/1204 1205/1205/1205 1206/1206/1206
f 1207/1207/1207 1208/1208/1208 1209/1209/1209
f 1210/1210/1210 1211/1211/1211 1212/1212/1212
f 1213/1213/1213 1214/1214/1214 1215/1215/1215
f 1216/1216/1216 1217/1217/1217 1218/1218/1218
f 1219/1219/1219 1220/1220/1220 1221/1221/1221
f 1222/1222/1222 1223/1223/1223 1224/1224/1224
f 1225/1225/1225 1226/1226/1226 1227/1227/1227
f 1228/1228/1228 1229/1229/1229 1230/1230/1230
f 1231/1231/1231 1232/1232/1232 1233/1233/1233
f 1234/1234/1234 1235/1235/1235 1236/1236/1236
f 1237/1237/1237 1238/1238/1238 1239/1239/1239
f 1240/1240/1240 1241/1241/1241 1242/1242/1242
f 1243/1243/1243 1244/1244/1244 1245/1245/1245
f 1246/1246/1246 1247/1247/1247 1248/1248/1248
f 1249/1249/1249 1250/1250/1250 1251/1251/1251
f 1252/1252/1252 1253/1253/1253 1254/1254/1254
f 1255/1255/1255 1256/1256/1256 1257/1257/1257
f 1258/1258/1258 1259/1259/1259 1260/1260/1260
f 1261/1261/1261 1262/1262/1262 1263/1263/1263
f 1264/1264/1264 1265/1265/1265 1266/1266/1266
f 1267/1267/1267 1268/1268/1268 1269/1269/1269
f 1270/1270/1270 1271/1271/1271 1272/1272/1272
f 1273/1273/1273 1274/1274/1274 1275/1275/1275
f 1276/1276/1276 1277/1277/1277 1278/1278/1278
f 1279/1279/1279 1280/1280/1280 1281/1281/1281
f 1282/1282/1282 1283/1283/1283 1284/1284/1284
f 1285/1285/1285 1286/1286/1286 1287/1287/1287
f 1288/1288/1288 1289/1289/1289 1290/1290/1290
f 1291/1291/1291 1292/1292/1292 1293/1293/1293
f 1294/1294/1294 1295/1295/1295 1296/1296/1296
f 1297/1297/1297 1298/1298/1298 1299/1299/1299
f 1300/1300/1300 1301/1301/1301 1302/1302/1302
f 1303/1303/1303 1304/1304/1304 1305/1305/1305
f 1306/1306/1306 1307/1307/1307 1308/1308/1308
f 1309/1309/1309 1310/1310/1310 1311/1311/1311
f 1312/1312/1312 1313/1313/1313 1314/1314/1314
f 1315/1315/1315 1316/1316/1316 1317/1317/1317
f 1318/1318/1318 1319/1319/1319 1320/1320/1320
f 1321/1321/1321 1322/1322/1322 1323/1323/1323
f 1324/1324/1324 1325/1325/1325 1326/1326/1326
f 1327/1327/1327 1328/1328/1328 1329/1329/1329
f 1330/1330/1330 1331/1331/1331 1332/1332/1332
f 1333/1333/1333 1334/1334/1334 1335/1335/1335
f 1336/1336/1336 1337/1337/1337 1338/1338/1338
f 1339/1339/1339 1340/1340/1340 1341/1341/1341
f 1342/1342/1342 1343/1343/1343 1344/1344/1344
f 1345/1345/1345 1346/1346/1346 1347/1347/1347
f 1348/1348/1348 1349/1349/1349 1350/1350/1350
f 1351/1351/1351 1352/1352/1352 1353/1353/1353
f 1354/1354/1354 1355/1355/1355 1356/1356/1356
f 1357/1357/1357 1358/1358/1358 1359/1359/1359
f 1360/1360/1360 1361/1361/1361 1362/1362/1362
f 1363/1363/1363 1364/1364/1364 1365/1365/1365
f 1366/1366/1366 1367/1367/1367 1368/1368/1368
f 1369/1369/1369 1370/1370/1370 1371/1371/1371
f 1372/1372/1372 1373/1373/1373 1374/1374/1374
f 1375/1375/1375 1376/1376/1376 1377/1377/1377
f 1378/1378/1378 1379/1379/1379 1380/1380/1380
f 1381/1381/1381 1382/1382/1382 1383/1383/1383
f 1384/1384/1384 1385/1385/1385 1386/1386/1386
f 1387/1387/1387 1388/1388/1388 1389/1389/1389
f 1390/1390/1390 1391/1391/1391 1392/1392/1392
f 1393/1393/1393 1394/1394/1394 1395/1395/1395
f 1396/1396/1396 1397/1397/1397 1398/1398/1398
f 1399/1399/1399 1400/1400/1400 1401/1401/1401
f 1402/1402/1402 1403/1403/1403 1404/1404/1404
f 1405/1405/1405 1406/1406/1406 1407/1407/1407
f 1408/1408/1408 1409/1409/1409 1410/1410/1410
f 1411/1411/1411 1412/1412/1412 1413/1413/1413
f 1414/1414/1414 1415/1415/1415 1416/1416/1416
f 1417/1417/1417 1418/1418/1418 1419/1419/1419
f 1420/1420/1420 1421/1421/1421 1422/1422/1422
f 1423/1423/1423 1424/1424/1424 1425/1425/1425
f 1426/1426/1426 1427/1427/1427 1428/1428/1428
f 1429/1429/1429 1430/1430/1430 1431/1431/1431
f 1432/1432/1432 1433/1433/1433 1434/1434/1434
f 1435/1435/1435 1436/1436/1436 1437/1437/1437
f 1438/1438/1438 1439/1439/1439 1440/1440/1440
f 1441/1441/1441 1442/1442/1442 1443/1443/1443
f 1444/1444/1444 1445/1445/1445 1446/1446/1446
f 1447/1447/1447 1448/1448/1448 1449/1449/1449
f 1450/1450/1450 1451/1451/1451 1452/1452/1452
f 1453/1453/1453 1454/1454/1454 1455/1455/1455
f 1456/1456/1456 1457/1457/1457 1458/1458/1458
f 1459/1459/1459 1460/1460/1460 1461/1461/1461
f 1462/1462/1462 1463/1463/1463 1464/1464/1464
f 1465/1465/1465 1466/1466/1466 1467/1467/1467
f 1468/1468/1468 1469/1469/1469 1470/1470/1470
f 1471/1471/1471 1472/1472/1472 1473/1473/1473
f 1474/1474/1474 1475/1475/1475 1476/1476/1476
f 1477/1477/1477 1478/1478/1478 1479/1479/1479
f 1480/1480/1480 1481/1481/1481 1482/1482/1482
f 1483/1483/1483 1484/1484/1484 1485/1485/1485
f 1486/1486/1486 1487/1487/1487 1488/1488/1488
f 1489/1489/1489 1490/1490/1490 1491/1491/1491
f 1492/1492/1492 1493/1493/1493 1494/1494/1494
f 1495/1495/1495 1496/1496/1496 1497/1497/1497
f 1498/1498/1498 1499/1499/1499 1500/1500/1500
f 1501/1501/1501 1502/1502/1502 1503/1503/1503
f 1504/1504/1504 1505/1505/1505 1506/1506/1506
f 1507/1507/1507 1508/1508/1508 1509/1509/1509
f 1510/1510/1510 1511/1511/1511 1512/1512/1512
f 1513/1513/1513 1514/1514/1514 1515/1515/1515
f 1516/1516/1516 1517/1517/1517 1518/1518/1518
f 1519/1519/1519 1520/1520/1520 1521/1521/1521
f 1522/1522/1522 1523/1523/1523 1524/1524/1524
f 1525/1525/1525 1526/1526/1526 1527/1527/1527
f 1528/1528/1528 1529/1529/1529 1530/1530/1530
f 1531/1531/1531 1532/1532/1532 1533/1533/1533
f 1534/1534/1534 1535/1535/1535 1536/1536/1536
f 1537/1537/1537 1538/1538/1538 1539/1539/1539
f 1540/1540/1540 1541/1541/1541 1542/1542/1542
f 1543/1543/1543 1544/1544/1544 1545/1545/1545
f 1546/1546/1546 1547/1547/1547 1548/1548/1548
f 1549/1549/1549 1550/1550/1550 1551/1551/1551
f 1552/1552/1552 1553/1553/1553 1554/1554/1554
f 1555/1555/1555 1556/1556/1556 1557/1557/1557
f 1558/1558/1558 1559/1559/1559 1560/1560/1560
f 1561/1561/1561 1562/1562/1562 1563/1563/1563
f 1564/1564/1564 1565/1565/1565 1566/1566/1566
f 1567/1567/1567 1568/1568/1568 1569/1569/1569
f 1570/1570/1570 1571/1571/1571 1572/1572/1572
f 1573/1573/1573 1574/1574/1574 1575/1575/1575
f 1576/1576/1576 1577/1577/1577 1578/1578/1578
f 1579/1579/1579 1580/1580/1580 1581/1581/1581
f 1582/1582/1582 1583/1583/1583 1584/1584/1584
f 1585/1585/1585 1586/1586/1586 1587/1587/1587
f 1588/1588/1588 1589/1589/1589 1590/1590/1590
f 1591/1591/1591 1592/1592/1592 1593/1593/1593
f 1594/1594/1594 1595/1595/1595 1596/1596/1596
f 1597/1597/1597 1598/1598/1598 1599/1599/1599
f 1600/1600/1600 1601/1601/1601 1602/1602/1602
f 1603/1603/1603 1604/1604/1604 1605/1605/1605
f 1606/1606/1606 1607/1607/1607 1608/1608/1608
f 1609/1609/1609 1610/1610/1610 1611/1611/1611
f 1612/1612/1612 1613/1613/1613 1614/1614/1614
f 1615/1615/1615 1616/1616/1616 1617/1617/1617
f 1618/1618/1618 1619/1619/1619 1620/1620/1620
f 1621/1621/1621 1622/1622/1622 1623/1623/1623
f 1624/1624/1624 1625/1625/1625 1626/1626/1626
f 1627/1627/1627 1628/1628/1628 1629/1629/1629
f 1630/1630/1630 1631/1631/1631 1632/1632/1632
f 1633/1633/1633 1634/1634/1634 1635/1635/1635
f 1636/1636/1636 1637/1637/1637 1638/1638/1638
f 1639/1639/1639 1640/1640/1640 1641/1641/1641
f 1642/1642/1642 1643/1643/1643 1644/1644/1644
f 1645/1645/1645 1646/1646/1646 1647/1647/1647
f 1648/1648/1648 1649/1649/1649 1650/1650/1650
f 1651/1651/1651 1652/1652/1652 1653/1653/1653
f 1654/1654/1654 1655/1655/1655 1656/1656/1656
f 1657/1657/1657 1658/1658/1658 1659/1659/1659
f 1660/1660/1660 1661/1661/1661 1662/1662/1662
f 1663/1663/1663 1664/1664/1664 1665/1665/1665
f 1666/1666/1666 1667/1667/1667 1668/1668/1668
f 1669/1669/1669 1670/1670/1670 1671/1671/1671
f 1672/1672/1672 1673/1673/1673 1674/1674/1674
f 1675/1675/1675 1676/1676/1676 1677/1677/1677
f 1678/1678/1678 1679/1679/1679 1680/1680/1680
f 1681/1681/1681 1682/1682/1682 1683/1683/1683
f 1684/1684/1684 1685/1685/1685 1686/1686/1686
f 1687/1687/1687 1688/1688/1688 1689/1689/1689
f 1690/1690/1690 1691/1691/1691 1692/1692/1692
f 1693/1693/1693 1694/1694/1694 1695/1695/1695
f 1696/1696/1696 1697/1697/1697 1698/1698/1698
f 1699/1699/1699 1700/1700/1700 1701/1701/1701
f 1702/1702/1702 1703/1703/1703 1704/1704/1704
f 1705/1705/1705 1706/1706/1706 1707/1707/1707
f 1708/1708/1708 1709/1709/1709 1710/1710/1710
f 1711/1711/1711 1712/1712/1712 1713/1713/1713
f 1714/1714/1714 1715/1715/1715 1716/1716/1716
f 1717/1717/1717 1718/1718/1718 1719/1719/1719
f 1720/1720/1720 1721/1721/1721 1722/1722/1722
f 1723/1723/1723 1724/1724/1724 1725/1725/1725
f 1726/1726/1726 1727/1727/1727 1728/1728/1728
f 1729/1729/1729 1730/1730/1730 1731/1731/1731
f 1732/1732/1732 1733/1733/1733 1734/1734/1734
f 1735/1735/1735 1736/1736/1736 1737/1737/1737
f 1738/1738/1738 1739/1739/1739 1740/1740/1740
f 1741/1741/1741 1742/1742/1742 1743/1743/1743
f 1744/1744/1744 1745/1745/1745 1746/1746/1746
f 1747/1747/1747 1748/1748/1748 1749/1749/1749
f 1750/1750/1750 1751/1751/1751 1752/1752/1752
f 1753/1753/1753 1754/1754/1754 1755/1755/1755
f 1756/1756/1756 1757/1757/1757 1758/1758/1758
f 1759/1759/1759 1760/1760/1760 1761/1761/1761
f 1762/1762/1762 1763/1763/1763 1764/1764/1764
f 1765/1765/1765 1766/1766/1766 1767/1767/1767
f 1768/1768/1768 1769/1769/1769 1770/1770/1770
f 1771/1771/1771 1772/1772/1772 1773/1773/1773
f 1774/1774/1774 1775/1775/1775 1776/1776/1776
f 1777/1777/1777 1778/1778/1778 1779/1779/1779
f 1780/1780/1780 1781/1781/1781 1782/1782/1782
f 1783/1783/1783 1784/1784/1784 1785/1785/1785
f 1786/1786/1786 1787/1787/1787 1788/1788/1788
f 1789/1789/1789 1790/1790/1790 1791/1791/1791
f 1792/1792/1792 1793/1793/1793 1794/1794/1794
f 1795/1795/1795 1796/1796/1796 1797/1797/1797
f 1798/1798/1798 1799/1799/1799 1800/1800/1800
f 1801/1801/1801 1802/1802/1802 1803/1803/1803
f 1804/1804/1804 1805/1805/1805 1806/1806/1806
f 1807/1807/1807 1808/1808/1808 1809/1809/1809
f 1810/1810/1810 1811/1811/1811 1812/1812/1812
f 1813/1813/1813 1814/1814/1814 1815/1815/1815
f 1816/1816/1816 1817/1817/1817 1818/1818/1818
f 1819/1819/1819 1820/1820/1820 1821/1821/1821
f 1822/1822/1822 1823/1823/1823 1824/1824/1824
f 1825/1825/1825 1826/1826/1826 1827/1827/1827
f 1828/1828/1828 1829/1829/1829 1830/1830/1830
f 1831/1831/1831 1832/1832/1832 1833/1833/1833
f 1834/1834/1834 1835/1835/1835 1836/1836/1836
f 1837/1837/1837 1838/1838/1838 1839/1839/1839
f 1840/1840/1840 1841/1841/1841 1842/1842/1842
f 1843/1843/1843 1844/1844/1844 1845/1845/1845
f 1846/1846/1846 1847/1847/1847 1848/1848/1848
f 1849/1849/1849 1850/1850/1850 1851/1851/1851
