o toeLeft
usemtl 黑色
v 0.03117799013853073 0.021528000012040138 -0.03292398899793625
v 0.035936951637268066 0.023799000307917595 -0.03299998864531517
v 0.02957998961210251 0.029266949743032455 -0.03299998864531517
v 0.02957998961210251 0.029266949743032455 -0.03299998864531517
v 0.035936951637268066 0.023799000307917595 -0.03299998864531517
v 0.03902196139097214 0.03132098168134689 -0.03299998864531517
v 0.010354990139603615 0.027447989210486412 -0.03299998864531517
v 0.011062970384955406 0.023799000307917595 -0.03299998864531517
v 0.020002959296107292 0.02797394059598446 -0.03299998864531517
v 0.020002959296107292 0.02797394059598446 -0.03299998864531517
v 0.011062970384955406 0.023799000307917595 -0.03299998864531517
v 0.01566498912870884 0.0211789608001709 -0.03299998864531517
v 0.03902196139097214 0.03132098168134689 -0.03299998864531517
v 0.035936951637268066 0.023799000307917595 -0.03299998864531517
v 0.04178094118833542 0.023558970540761948 -0.03299998864531517
v 0.03902196139097214 0.03132098168134689 -0.03299998864531517
v 0.04178094118833542 0.023558970540761948 -0.03299998864531517
v 0.046188950538635254 0.03341894969344139 -0.03299998864531517
v 0.046188950538635254 0.03341894969344139 -0.03299998864531517
v 0.04178094118833542 0.023558970540761948 -0.03299998864531517
v 0.046188950538635254 0.020413989201188087 -0.03299998864531517
v 0.002887964015826583 0.02756994031369686 -0.03299998864531517
v 0.002887964015826583 0.021756939589977264 -0.03299998864531517
v 0.008831976912915707 0.0243829395622015 -0.03292398899793625
v 0.002887964015826583 0.02756994031369686 -0.03299998864531517
v 0.008831976912915707 0.0243829395622015 -0.03292398899793625
v 0.010354990139603615 0.027447989210486412 -0.03299998864531517
v 0.010354990139603615 0.027447989210486412 -0.03299998864531517
v 0.008831976912915707 0.0243829395622015 -0.03292398899793625
v 0.011062970384955406 0.023799000307917595 -0.03299998864531517
v 0.01566498912870884 0.0211789608001709 -0.03299998864531517
v 0.0194929800927639 0.01991897076368332 -0.03299998864531517
v 0.020002959296107292 0.02797394059598446 -0.03299998864531517
v 0.020002959296107292 0.02797394059598446 -0.03299998864531517
v 0.0194929800927639 0.01991897076368332 -0.03299998864531517
v 0.02349996007978916 0.019491970539093018 -0.03299998864531517
v 0.020002959296107292 0.02797394059598446 -0.03299998864531517
v 0.02349996007978916 0.019491970539093018 -0.03299998864531517
v 0.02957998961210251 0.029266949743032455 -0.03299998864531517
v 0.02957998961210251 0.029266949743032455 -0.03299998864531517
v 0.02349996007978916 0.019491970539093018 -0.03299998864531517
v 0.02742695063352585 0.020292989909648895 -0.03292398899793625
v 0.02957998961210251 0.029266949743032455 -0.03299998864531517
v 0.02742695063352585 0.020292989909648895 -0.03292398899793625
v 0.03117799013853073 0.021528000012040138 -0.03292398899793625
v 0.02742695063352585 -0.020292989909648895 -0.03292398899793625
v 0.02349996007978916 -0.019491970539093018 -0.03299998864531517
v 0.025664979591965675 -0.025057969614863396 -0.03299998864531517
v 0.025664979591965675 -0.025057969614863396 -0.03299998864531517
v 0.02349996007978916 -0.019491970539093018 -0.03299998864531517
v 0.019543999806046486 -0.0255849901586771 -0.03299998864531517
v 0.007481991779059172 -0.027894970029592514 -0.03299998864531517
v 0.013472969643771648 -0.026531990617513657 -0.03299998864531517
v 0.008831976912915707 -0.0243829395622015 -0.03292398899793625
v 0.046188950538635254 -0.02637897990643978 -0.03299998864531517
v 0.046188950538635254 -0.020413989201188087 -0.03299998864531517
v 0.04171698912978172 -0.023579949513077736 -0.03299998864531517
v 0.046188950538635254 -0.02637897990643978 -0.03299998864531517
v 0.04171698912978172 -0.023579949513077736 -0.03299998864531517
v 0.031807951629161835 -0.02495395950973034 -0.03299998864531517
v 0.031807951629161835 -0.02495395950973034 -0.03299998864531517
v 0.04171698912978172 -0.023579949513077736 -0.03299998864531517
v 0.03458397835493088 -0.023524990305304527 -0.03292398899793625
v 0.031807951629161835 -0.02495395950973034 -0.03299998864531517
v 0.03458397835493088 -0.023524990305304527 -0.03292398899793625
v 0.03133498877286911 -0.0211789608001709 -0.03299998864531517
v 0.031807951629161835 -0.02495395950973034 -0.03299998864531517
v 0.03133498877286911 -0.0211789608001709 -0.03299998864531517
v 0.025664979591965675 -0.025057969614863396 -0.03299998864531517
v 0.025664979591965675 -0.025057969614863396 -0.03299998864531517
v 0.03133498877286911 -0.0211789608001709 -0.03299998864531517
v 0.02742695063352585 -0.020292989909648895 -0.03292398899793625
v 0.008831976912915707 -0.0243829395622015 -0.03292398899793625
v 0.002887964015826583 -0.021756939589977264 -0.03299998864531517
v 0.007481991779059172 -0.027894970029592514 -0.03299998864531517
v 0.007481991779059172 -0.027894970029592514 -0.03299998864531517
v 0.002887964015826583 -0.021756939589977264 -0.03299998864531517
v 0.002887964015826583 -0.029240960255265236 -0.03299998864531517
v 0.02349996007978916 -0.019491970539093018 -0.03299998864531517
v 0.019572969526052475 -0.020292989909648895 -0.03292398899793625
v 0.019543999806046486 -0.0255849901586771 -0.03299998864531517
v 0.019543999806046486 -0.0255849901586771 -0.03299998864531517
v 0.019572969526052475 -0.020292989909648895 -0.03292398899793625
v 0.015821989625692368 -0.021528000012040138 -0.03292398899793625
v 0.019543999806046486 -0.0255849901586771 -0.03299998864531517
v 0.015821989625692368 -0.021528000012040138 -0.03292398899793625
v 0.013472969643771648 -0.026531990617513657 -0.03299998864531517
v 0.013472969643771648 -0.026531990617513657 -0.03299998864531517
v 0.015821989625692368 -0.021528000012040138 -0.03292398899793625
v 0.008831976912915707 -0.0243829395622015 -0.03292398899793625
v 0.04430896043777466 0.007430970203131437 -0.03299998864531517
v 0.041615959256887436 0.0129469595849514 -0.03299998864531517
v 0.04074393957853317 0.011827940121293068 -0.03299998864531517
v 0.04430896043777466 0.007430970203131437 -0.03299998864531517
v 0.046188950538635254 0.00870597269386053 -0.03299998864531517
v 0.046188950538635254 0.012293989770114422 -0.03299998864531517
v 0.04430896043777466 0.013568989932537079 -0.03299998864531517
v 0.041615959256887436 0.0129469595849514 -0.03299998864531517
v 0.04430896043777466 0.007430970203131437 -0.03299998864531517
v 0.04430896043777466 0.013568989932537079 -0.03299998864531517
v 0.04430896043777466 0.007430970203131437 -0.03299998864531517
v 0.046188950538635254 0.012293989770114422 -0.03299998864531517
v 0.04430896043777466 0.007430970203131437 -0.03299998864531517
v 0.04074393957853317 0.011827940121293068 -0.03299998864531517
v 0.04074393957853317 0.009171961806714535 -0.03299998864531517
v 0.04430896043777466 0.007430970203131437 -0.03299998864531517
v 0.04074393957853317 0.009171961806714535 -0.03299998864531517
v 0.042957961559295654 0.007722972892224789 -0.03269999846816063
v 0.041615959256887436 0.00594699289649725 -0.03299998864531517
v 0.04074393957853317 0.004827976226806641 -0.03299998864531517
v 0.04430896043777466 0.0004309999931138009 -0.03299998864531517
v 0.04430896043777466 0.0004309999931138009 -0.03299998864531517
v 0.04074393957853317 0.004827976226806641 -0.03299998864531517
v 0.04074393957853317 0.0021719930227845907 -0.03299998864531517
v 0.046188950538635254 0.001705943956039846 -0.03299998864531517
v 0.046188950538635254 0.005293964873999357 -0.03299998864531517
v 0.04430896043777466 0.0004309999931138009 -0.03299998864531517
v 0.046188950538635254 0.005293964873999357 -0.03299998864531517
v 0.04430896043777466 0.006568967830389738 -0.03299998864531517
v 0.04430896043777466 0.0004309999931138009 -0.03299998864531517
v 0.04430896043777466 0.0004309999931138009 -0.03299998864531517
v 0.04430896043777466 0.006568967830389738 -0.03299998864531517
v 0.041615959256887436 0.00594699289649725 -0.03299998864531517
v 0.04430896043777466 0.0004309999931138009 -0.03299998864531517
v 0.04074393957853317 0.0021719930227845907 -0.03299998864531517
v 0.042957961559295654 0.0007229999755509198 -0.03269999846816063
v 0.04430896043777466 -0.006568967830389738 -0.03299998864531517
v 0.04289095848798752 -0.0004309999931138009 -0.03299998864531517
v 0.04074393957853317 -0.0021719930227845907 -0.03299998864531517
v 0.04430896043777466 -0.006568967830389738 -0.03299998864531517
v 0.046188950538635254 -0.005293964873999357 -0.03299998864531517
v 0.046188950538635254 -0.001705943956039846 -0.03299998864531517
v 0.04430896043777466 -0.0004309999931138009 -0.03299998864531517
v 0.04289095848798752 -0.0004309999931138009 -0.03299998864531517
v 0.04430896043777466 -0.006568967830389738 -0.03299998864531517
v 0.04430896043777466 -0.0004309999931138009 -0.03299998864531517
v 0.04430896043777466 -0.006568967830389738 -0.03299998864531517
v 0.046188950538635254 -0.001705943956039846 -0.03299998864531517
v 0.04430896043777466 -0.006568967830389738 -0.03299998864531517
v 0.04074393957853317 -0.0021719930227845907 -0.03299998864531517
v 0.04074393957853317 -0.004827976226806641 -0.03299998864531517
v 0.04430896043777466 -0.006568967830389738 -0.03299998864531517
v 0.04074393957853317 -0.004827976226806641 -0.03299998864531517
v 0.0418049618601799 -0.005713998805731535 -0.03269999846816063
v 0.04430896043777466 -0.013568989932537079 -0.03299998864531517
v 0.04289095848798752 -0.007430970203131437 -0.03299998864531517
v 0.04074393957853317 -0.009171961806714535 -0.03299998864531517
v 0.046188950538635254 -0.012293989770114422 -0.03299998864531517
v 0.046188950538635254 -0.00870597269386053 -0.03299998864531517
v 0.04430896043777466 -0.013568989932537079 -0.03299998864531517
v 0.046188950538635254 -0.00870597269386053 -0.03299998864531517
v 0.04430896043777466 -0.007430970203131437 -0.03299998864531517
v 0.04430896043777466 -0.013568989932537079 -0.03299998864531517
v 0.04430896043777466 -0.013568989932537079 -0.03299998864531517
v 0.04430896043777466 -0.007430970203131437 -0.03299998864531517
v 0.04289095848798752 -0.007430970203131437 -0.03299998864531517
v 0.04074393957853317 -0.011827940121293068 -0.03299998864531517
v 0.0418049618601799 -0.012713960371911526 -0.03269999846816063
v 0.04430896043777466 -0.013568989932537079 -0.03299998864531517
v 0.04074393957853317 -0.011827940121293068 -0.03299998864531517
v 0.04430896043777466 -0.013568989932537079 -0.03299998864531517
v 0.04074393957853317 -0.009171961806714535 -0.03299998864531517
v 0.002887964015826583 0.021756939589977264 -0.03299998864531517
v 0.002887964015826583 0.02756994031369686 -0.03299998864531517
v -0.0009319999953731894 0.02779597043991089 -0.03336799144744873
v 0.002887964015826583 0.021756939589977264 -0.03299998864531517
v -0.0009319999953731894 0.02779597043991089 -0.03336799144744873
v 0.002887964015826583 -0.0021749730221927166 -0.03299998864531517
v 0.002887964015826583 -0.0021749730221927166 -0.03299998864531517
v -0.001237988006323576 -0.030606979504227638 -0.03342998027801514
v 0.002887964015826583 -0.021756939589977264 -0.03299998864531517
v 0.002887964015826583 -0.021756939589977264 -0.03299998864531517
v -0.001237988006323576 -0.030606979504227638 -0.03342998027801514
v 0.002887964015826583 -0.029240960255265236 -0.03299998864531517
v 0.002887964015826583 -0.0021749730221927166 -0.03299998864531517
v -0.0009319999953731894 0.02779597043991089 -0.03336799144744873
v -0.001237988006323576 -0.030606979504227638 -0.03342998027801514
v -0.001237988006323576 -0.030606979504227638 -0.03342998027801514
v -0.0009319999953731894 0.02779597043991089 -0.03336799144744873
v -0.004604994785040617 0.028115980327129364 -0.03445595130324364
v -0.001237988006323576 -0.030606979504227638 -0.03342998027801514
v -0.004604994785040617 0.028115980327129364 -0.03445595130324364
v -0.004604994785040617 -0.03173898905515671 -0.03445595130324364
v 0.002887964015826583 -0.029240960255265236 -0.03299998864531517
v -0.001237988006323576 -0.030606979504227638 -0.03342998027801514
v -0.0007740000146441162 -0.03149997815489769 -0.034039970487356186
v 0.002887964015826583 -0.029240960255265236 -0.03299998864531517
v -0.0007740000146441162 -0.03149997815489769 -0.034039970487356186
v 0.007609962951391935 -0.028377950191497803 -0.03313397988677025
v -0.001237988006323576 -0.030606979504227638 -0.03342998027801514
v -0.004604994785040617 -0.03173898905515671 -0.03445595130324364
v -0.0007740000146441162 -0.03149997815489769 -0.034039970487356186
v -0.0007740000146441162 -0.03149997815489769 -0.034039970487356186
v -0.004604994785040617 -0.03173898905515671 -0.03445595130324364
v -0.004275977145880461 -0.032449960708618164 -0.03468196839094162
v -0.0007740000146441162 -0.03149997815489769 -0.034039970487356186
v -0.004275977145880461 -0.032449960708618164 -0.03468196839094162
v -0.0039139981381595135 -0.03268694132566452 -0.03538398817181587
v -0.02465795911848545 -0.036995939910411835 -0.043265990912914276
v -0.024981969967484474 -0.036059968173503876 -0.04268895834684372
v -0.030135979875922203 -0.03641295060515404 -0.044771958142519
v -0.02465795911848545 -0.036995939910411835 -0.043265990912914276
v -0.030135979875922203 -0.03641295060515404 -0.044771958142519
v -0.029860969632864 -0.03734897822141647 -0.045360978692770004
v -0.02465795911848545 -0.036995939910411835 -0.043265990912914276
v -0.020345980301499367 -0.036558978259563446 -0.04195195063948631
v -0.019725970923900604 -0.035781968384981155 -0.04064399003982544
v -0.02465795911848545 -0.036995939910411835 -0.043265990912914276
v -0.019725970923900604 -0.035781968384981155 -0.04064399003982544
v -0.024981969967484474 -0.036059968173503876 -0.04268895834684372
v -0.024981969967484474 -0.036059968173503876 -0.04268895834684372
v -0.019725970923900604 -0.035781968384981155 -0.04064399003982544
v -0.016296980902552605 -0.03480498865246773 -0.039179980754852295
v -0.020345980301499367 -0.036558978259563446 -0.04195195063948631
v -0.01408499013632536 -0.035451941192150116 -0.039448969066143036
v -0.019725970923900604 -0.035781968384981155 -0.04064399003982544
v -0.019725970923900604 -0.035781968384981155 -0.04064399003982544
v -0.01408499013632536 -0.035451941192150116 -0.039448969066143036
v -0.014417939819395542 -0.03519098833203316 -0.038762979209423065
v -0.019725970923900604 -0.035781968384981155 -0.04064399003982544
v -0.014417939819395542 -0.03519098833203316 -0.038762979209423065
v -0.016296980902552605 -0.03480498865246773 -0.039179980754852295
v -0.01408499013632536 -0.035451941192150116 -0.039448969066143036
v -0.008959949016571045 -0.03421293944120407 -0.03740096092224121
v -0.014417939819395542 -0.03519098833203316 -0.038762979209423065
v -0.014417939819395542 -0.03519098833203316 -0.038762979209423065
v -0.008959949016571045 -0.03421293944120407 -0.03740096092224121
v -0.009308992885053158 -0.03396296128630638 -0.03670698031783104
v -0.014417939819395542 -0.03519098833203316 -0.038762979209423065
v -0.009308992885053158 -0.03396296128630638 -0.03670698031783104
v -0.016296980902552605 -0.03480498865246773 -0.039179980754852295
v -0.004604994785040617 -0.03173898905515671 -0.03445595130324364
v -0.016296980902552605 -0.03480498865246773 -0.039179980754852295
v -0.009308992885053158 -0.03396296128630638 -0.03670698031783104
v -0.004604994785040617 -0.03173898905515671 -0.03445595130324364
v -0.009308992885053158 -0.03396296128630638 -0.03670698031783104
v -0.004275977145880461 -0.032449960708618164 -0.03468196839094162
v -0.004275977145880461 -0.032449960708618164 -0.03468196839094162
v -0.009308992885053158 -0.03396296128630638 -0.03670698031783104
v -0.0039139981381595135 -0.03268694132566452 -0.03538398817181587
v -0.0039139981381595135 -0.03268694132566452 -0.03538398817181587
v -0.009308992885053158 -0.03396296128630638 -0.03670698031783104
v -0.008959949016571045 -0.03421293944120407 -0.03740096092224121
v -0.0319739505648613 -0.036471959203481674 -0.04531598091125488
v -0.029860969632864 -0.03734897822141647 -0.045360978692770004
v -0.030135979875922203 -0.03641295060515404 -0.044771958142519
v -0.0319739505648613 -0.036471959203481674 -0.04531598091125488
v -0.033881958574056625 -0.03648697957396507 -0.045499980449676514
v -0.03388499841094017 -0.03719395026564598 -0.04579298943281174
v -0.03388499841094017 -0.03719395026564598 -0.04579298943281174
v -0.03388696163892746 -0.0374869704246521 -0.046499960124492645
v -0.029860969632864 -0.03734897822141647 -0.045360978692770004
v -0.03388499841094017 -0.03719395026564598 -0.04579298943281174
v -0.029860969632864 -0.03734897822141647 -0.045360978692770004
v -0.0319739505648613 -0.036471959203481674 -0.04531598091125488
v -0.04062496870756149 -0.037152938544750214 -0.0461539588868618
v -0.03388696163892746 -0.0374869704246521 -0.046499960124492645
v -0.03388499841094017 -0.03719395026564598 -0.04579298943281174
v -0.04062496870756149 -0.037152938544750214 -0.0461539588868618
v -0.03388499841094017 -0.03719395026564598 -0.04579298943281174
v -0.04396200180053711 -0.03606396168470383 -0.04556196182966232
v -0.04396200180053711 -0.03606396168470383 -0.04556196182966232
v -0.03388499841094017 -0.03719395026564598 -0.04579298943281174
v -0.033881958574056625 -0.03648697957396507 -0.045499980449676514
v -0.05303299054503441 -0.03268396109342575 -0.04617898911237717
v -0.04796499013900757 -0.03545600175857544 -0.0461539588868618
v -0.050827980041503906 -0.033424969762563705 -0.04556196182966232
v -0.044088948518037796 -0.03664296120405197 -0.0461539588868618
v -0.04062496870756149 -0.037152938544750214 -0.0461539588868618
v -0.04396200180053711 -0.03606396168470383 -0.04556196182966232
v -0.04796499013900757 -0.03545600175857544 -0.0461539588868618
v -0.04796499013900757 -0.03545600175857544 -0.04734598845243454
v -0.044088948518037796 -0.03664296120405197 -0.0461539588868618
v -0.04796499013900757 -0.03545600175857544 -0.0461539588868618
v -0.044088948518037796 -0.03664296120405197 -0.0461539588868618
v -0.04396200180053711 -0.03606396168470383 -0.04556196182966232
v -0.04796499013900757 -0.03545600175857544 -0.0461539588868618
v -0.04396200180053711 -0.03606396168470383 -0.04556196182966232
v -0.050827980041503906 -0.033424969762563705 -0.04556196182966232
v -0.05164097994565964 0.026945939287543297 -0.045637961477041245
v -0.0500749908387661 0.028207950294017792 -0.046151988208293915
v -0.05187296122312546 0.02732097916305065 -0.04617898911237717
v -0.05164097994565964 0.026945939287543297 -0.045637961477041245
v -0.049761950969696045 0.027324970811605453 -0.045499980449676514
v -0.0500749908387661 0.028207950294017792 -0.046151988208293915
v -0.058402951806783676 -0.025917939841747284 -0.045499980449676514
v -0.05715494975447655 -0.02826797030866146 -0.045637961477041245
v -0.050827980041503906 -0.033424969762563705 -0.04556196182966232
v -0.05715494975447655 -0.02826797030866146 -0.045637961477041245
v -0.05303299054503441 -0.03268396109342575 -0.04617898911237717
v -0.050827980041503906 -0.033424969762563705 -0.04556196182966232
v -0.05987197160720825 -0.024593940004706383 -0.045637961477041245
v -0.058402951806783676 -0.025917939841747284 -0.045499980449676514
v -0.06163996085524559 -0.020457979291677475 -0.045637961477041245
v -0.05987197160720825 -0.024593940004706383 -0.045637961477041245
v -0.06163996085524559 -0.020457979291677475 -0.045637961477041245
v -0.06025195121765137 -0.024815969169139862 -0.04617898911237717
v -0.05830800160765648 0.02086097002029419 -0.045869939029216766
v -0.05767399072647095 0.020411960780620575 -0.045499980449676514
v -0.05510096997022629 0.024185949936509132 -0.045637961477041245
v -0.05303299054503441 -0.03268396109342575 -0.04617898911237717
v -0.05715494975447655 -0.02826797030866146 -0.045637961477041245
v -0.057483971118927 -0.02856099046766758 -0.04617898911237717
v -0.05303299054503441 -0.03268396109342575 -0.04617898911237717
v -0.057483971118927 -0.02856099046766758 -0.04617898911237717
v -0.054750971496105194 -0.03135298937559128 -0.046999990940093994
v -0.05715494975447655 -0.02826797030866146 -0.045637961477041245
v -0.058402951806783676 -0.025917939841747284 -0.045499980449676514
v -0.05987197160720825 -0.024593940004706383 -0.045637961477041245
v -0.05715494975447655 -0.02826797030866146 -0.045637961477041245
v -0.05987197160720825 -0.024593940004706383 -0.045637961477041245
v -0.06025195121765137 -0.024815969169139862 -0.04617898911237717
v -0.05715494975447655 -0.02826797030866146 -0.045637961477041245
v -0.06025195121765137 -0.024815969169139862 -0.04617898911237717
v -0.057483971118927 -0.02856099046766758 -0.04617898911237717
v -0.06163996085524559 -0.020457979291677475 -0.045637961477041245
v -0.06211297959089279 -0.020596979185938835 -0.046499960124492645
v -0.06025195121765137 -0.024815969169139862 -0.04617898911237717
v -0.06025195121765137 -0.024815969169139862 -0.04617898911237717
v -0.06211297959089279 -0.020596979185938835 -0.046499960124492645
v -0.06123495101928711 -0.02301095984876156 -0.046999990940093994
v -0.058402951806783676 -0.025917939841747284 -0.045499980449676514
v -0.06223595142364502 -0.014618990011513233 -0.045499980449676514
v -0.06163996085524559 -0.020457979291677475 -0.045637961477041245
v -0.06163996085524559 -0.020457979291677475 -0.045637961477041245
v -0.06223595142364502 -0.014618990011513233 -0.045499980449676514
v -0.06300698965787888 -0.014711970463395119 -0.045869939029216766
v -0.06163996085524559 -0.020457979291677475 -0.045637961477041245
v -0.06300698965787888 -0.014711970463395119 -0.045869939029216766
v -0.06211297959089279 -0.020596979185938835 -0.046499960124492645
v -0.06211297959089279 -0.020596979185938835 -0.046499960124492645
v -0.06300698965787888 -0.014711970463395119 -0.045869939029216766
v -0.06353794783353806 -0.011560969986021519 -0.046499960124492645
v -0.06223595142364502 -0.014618990011513233 -0.045499980449676514
v -0.06329994648694992 -0.006251989863812923 -0.045637961477041245
v -0.06300698965787888 -0.014711970463395119 -0.045869939029216766
v -0.06300698965787888 -0.014711970463395119 -0.045869939029216766
v -0.06329994648694992 -0.006251989863812923 -0.045637961477041245
v -0.06373994797468185 -0.006261943839490414 -0.04617898911237717
v -0.06300698965787888 -0.014711970463395119 -0.045869939029216766
v -0.06373994797468185 -0.006261943839490414 -0.04617898911237717
v -0.06353794783353806 -0.011560969986021519 -0.046499960124492645
v -0.06353598088026047 0.0037669530138373375 -0.04617898911237717
v -0.06373994797468185 -0.006261943839490414 -0.04617898911237717
v -0.06329994648694992 -0.006251989863812923 -0.045637961477041245
v -0.06353598088026047 0.0037669530138373375 -0.04617898911237717
v -0.06329994648694992 -0.006251989863812923 -0.045637961477041245
v -0.06309700012207031 0.003733992110937834 -0.045637961477041245
v -0.06309700012207031 0.003733992110937834 -0.045637961477041245
v -0.06329994648694992 -0.006251989863812923 -0.045637961477041245
v -0.06242799013853073 0.005543947219848633 -0.045499980449676514
v -0.06242799013853073 0.005543947219848633 -0.045499980449676514
v -0.06329994648694992 -0.006251989863812923 -0.045637961477041245
v -0.06223595142364502 -0.014618990011513233 -0.045499980449676514
v -0.06251996010541916 0.011165970005095005 -0.04617898911237717
v -0.06318198889493942 0.007259964011609554 -0.047320958226919174
v -0.06353598088026047 0.0037669530138373375 -0.04617898911237717
v -0.06251996010541916 0.011165970005095005 -0.04617898911237717
v -0.06353598088026047 0.0037669530138373375 -0.04617898911237717
v -0.06208895891904831 0.01107298955321312 -0.045637961477041245
v -0.06208895891904831 0.01107298955321312 -0.045637961477041245
v -0.06353598088026047 0.0037669530138373375 -0.04617898911237717
v -0.06309700012207031 0.003733992110937834 -0.045637961477041245
v -0.06208895891904831 0.01107298955321312 -0.045637961477041245
v -0.06309700012207031 0.003733992110937834 -0.045637961477041245
v -0.06242799013853073 0.005543947219848633 -0.045499980449676514
v -0.06208895891904831 0.01107298955321312 -0.045637961477041245
v -0.06242799013853073 0.005543947219848633 -0.045499980449676514
v -0.060440000146627426 0.016459999606013298 -0.045637961477041245
v -0.06208895891904831 0.01107298955321312 -0.045637961477041245
v -0.060440000146627426 0.016459999606013298 -0.045637961477041245
v -0.06251996010541916 0.011165970005095005 -0.04617898911237717
v -0.06251996010541916 0.011165970005095005 -0.04617898911237717
v -0.060440000146627426 0.016459999606013298 -0.045637961477041245
v -0.06084597110748291 0.01663094013929367 -0.04617898911237717
v -0.060440000146627426 0.016459999606013298 -0.045637961477041245
v -0.05767399072647095 0.020411960780620575 -0.045499980449676514
v -0.05830800160765648 0.02086097002029419 -0.045869939029216766
v -0.060440000146627426 0.016459999606013298 -0.045637961477041245
v -0.05830800160765648 0.02086097002029419 -0.045869939029216766
v -0.06084597110748291 0.01663094013929367 -0.04617898911237717
v -0.05510096997022629 0.024185949936509132 -0.045637961477041245
v -0.05544494837522507 0.02453899011015892 -0.046499960124492645
v -0.05830800160765648 0.02086097002029419 -0.045869939029216766
v -0.05767399072647095 0.020411960780620575 -0.045499980449676514
v -0.049761950969696045 0.027324970811605453 -0.045499980449676514
v -0.05510096997022629 0.024185949936509132 -0.045637961477041245
v -0.05510096997022629 0.024185949936509132 -0.045637961477041245
v -0.049761950969696045 0.027324970811605453 -0.045499980449676514
v -0.05164097994565964 0.026945939287543297 -0.045637961477041245
v -0.05510096997022629 0.024185949936509132 -0.045637961477041245
v -0.05164097994565964 0.026945939287543297 -0.045637961477041245
v -0.05187296122312546 0.02732097916305065 -0.04617898911237717
v -0.05510096997022629 0.024185949936509132 -0.045637961477041245
v -0.05187296122312546 0.02732097916305065 -0.04617898911237717
v -0.05544494837522507 0.02453899011015892 -0.046499960124492645
v -0.033966951072216034 0.03172897920012474 -0.046151988208293915
v -0.03915596008300781 0.03105098009109497 -0.046151988208293915
v -0.04492098093032837 0.02917896956205368 -0.04555898159742355
v -0.033966951072216034 0.03172897920012474 -0.046151988208293915
v -0.04492098093032837 0.02917896956205368 -0.04555898159742355
v -0.033881958574056625 0.03079497069120407 -0.045499980449676514
v -0.0500749908387661 0.028207950294017792 -0.046151988208293915
v -0.049761950969696045 0.027324970811605453 -0.045499980449676514
v -0.04492098093032837 0.02917896956205368 -0.04555898159742355
v -0.045075949281454086 0.029756959527730942 -0.046151988208293915
v -0.0500749908387661 0.028207950294017792 -0.046151988208293915
v -0.04492098093032837 0.02917896956205368 -0.04555898159742355
v -0.03915596008300781 0.03105098009109497 -0.046151988208293915
v -0.045075949281454086 0.029756959527730942 -0.046151988208293915
v -0.04492098093032837 0.02917896956205368 -0.04555898159742355
v -0.033881958574056625 0.03079497069120407 -0.045499980449676514
v -0.04492098093032837 0.02917896956205368 -0.04555898159742355
v -0.049761950969696045 0.027324970811605453 -0.045499980449676514
v -0.031627949327230453 0.03097200021147728 -0.04524296149611473
v -0.033966951072216034 0.03172897920012474 -0.046151988208293915
v -0.033881958574056625 0.03079497069120407 -0.045499980449676514
v -0.030135979875922203 0.031037980690598488 -0.044771958142519
v -0.029904959723353386 0.03198397159576416 -0.04540795087814331
v -0.033966951072216034 0.03172897920012474 -0.046151988208293915
v -0.030135979875922203 0.031037980690598488 -0.044771958142519
v -0.033966951072216034 0.03172897920012474 -0.046151988208293915
v -0.031627949327230453 0.03097200021147728 -0.04524296149611473
v -0.03186595067381859 0.03188598155975342 -0.04734598845243454
v -0.029904959723353386 0.03198397159576416 -0.04540795087814331
v -0.022635990753769875 0.03177797049283981 -0.04455994814634323
v -0.01497494988143444 0.030771970748901367 -0.04166895151138306
v -0.022635990753769875 0.03177797049283981 -0.04455994814634323
v -0.022489959374070168 0.03176200017333031 -0.04239397868514061
v -0.022489959374070168 0.03176200017333031 -0.04239397868514061
v -0.022635990753769875 0.03177797049283981 -0.04455994814634323
v -0.029904959723353386 0.03198397159576416 -0.04540795087814331
v -0.04999798163771629 0.02799098938703537 -0.0477069616317749
v -0.0500749908387661 0.028207950294017792 -0.046151988208293915
v -0.04443097114562988 0.029926950111985207 -0.04734598845243454
v -0.04443097114562988 0.029926950111985207 -0.04734598845243454
v -0.0500749908387661 0.028207950294017792 -0.046151988208293915
v -0.045075949281454086 0.029756959527730942 -0.046151988208293915
v -0.04443097114562988 0.029926950111985207 -0.04734598845243454
v -0.045075949281454086 0.029756959527730942 -0.046151988208293915
v -0.03915596008300781 0.03105098009109497 -0.046151988208293915
v -0.04443097114562988 0.029926950111985207 -0.04734598845243454
v -0.03915596008300781 0.03105098009109497 -0.046151988208293915
v -0.0377349816262722 0.03127896040678024 -0.04734598845243454
v -0.0377349816262722 0.03127896040678024 -0.04734598845243454
v -0.03915596008300781 0.03105098009109497 -0.046151988208293915
v -0.033966951072216034 0.03172897920012474 -0.046151988208293915
v -0.0377349816262722 0.03127896040678024 -0.04734598845243454
v -0.033966951072216034 0.03172897920012474 -0.046151988208293915
v -0.03186595067381859 0.03188598155975342 -0.04734598845243454
v -0.03186595067381859 0.03188598155975342 -0.04734598845243454
v -0.033966951072216034 0.03172897920012474 -0.046151988208293915
v -0.029904959723353386 0.03198397159576416 -0.04540795087814331
v -0.030229980126023293 0.03101198934018612 -0.04774295911192894
v -0.03181099146604538 0.030949950218200684 -0.047999970614910126
v -0.030348949134349823 0.031722959131002426 -0.04746996983885765
v -0.030348949134349823 0.031722959131002426 -0.04746996983885765
v -0.03181099146604538 0.030949950218200684 -0.047999970614910126
v -0.03186595067381859 0.03188598155975342 -0.04734598845243454
v -0.02250598929822445 0.030855949968099594 -0.04516898840665817
v -0.030229980126023293 0.03101198934018612 -0.04774295911192894
v -0.030348949134349823 0.031722959131002426 -0.04746996983885765
v -0.02250598929822445 0.030855949968099594 -0.04516898840665817
v -0.030348949134349823 0.031722959131002426 -0.04746996983885765
v -0.022635990753769875 0.03177797049283981 -0.04455994814634323
v -0.022635990753769875 0.03177797049283981 -0.04455994814634323
v -0.030348949134349823 0.031722959131002426 -0.04746996983885765
v -0.03186595067381859 0.03188598155975342 -0.04734598845243454
v -0.009867966175079346 0.028900979086756706 -0.040955960750579834
v -0.02250598929822445 0.030855949968099594 -0.04516898840665817
v -0.014812939800322056 0.030135979875922203 -0.04253697022795677
v -0.014812939800322056 0.030135979875922203 -0.04253697022795677
v -0.02250598929822445 0.030855949968099594 -0.04516898840665817
v -0.022635990753769875 0.03177797049283981 -0.04455994814634323
v -0.014812939800322056 0.030135979875922203 -0.04253697022795677
v -0.022635990753769875 0.03177797049283981 -0.04455994814634323
v -0.01497494988143444 0.030771970748901367 -0.04166895151138306
v -0.01497494988143444 0.030771970748901367 -0.04166895151138306
v -0.005050957202911377 0.0292129497975111 -0.0383339487016201
v -0.004865943919867277 0.02890997938811779 -0.038993000984191895
v -0.01497494988143444 0.030771970748901367 -0.04166895151138306
v -0.004865943919867277 0.02890997938811779 -0.038993000984191895
v -0.014812939800322056 0.030135979875922203 -0.04253697022795677
v -0.014812939800322056 0.030135979875922203 -0.04253697022795677
v -0.004865943919867277 0.02890997938811779 -0.038993000984191895
v -0.004848957061767578 0.02821999043226242 -0.03928297013044357
v -0.014812939800322056 0.030135979875922203 -0.04253697022795677
v -0.004848957061767578 0.02821999043226242 -0.03928297013044357
v -0.009867966175079346 0.028900979086756706 -0.040955960750579834
v -0.0010329480282962322 0.028821999207139015 -0.03733700141310692
v 0.0030999770388007164 0.02849799022078514 -0.03734796866774559
v -0.0009510000236332417 0.028596989810466766 -0.03795098885893822
v -0.0009510000236332417 0.028596989810466766 -0.03795098885893822
v 0.0030999770388007164 0.02849799022078514 -0.03734796866774559
v 0.0030569429509341717 0.027561960741877556 -0.03799998015165329
v -0.005050957202911377 0.0292129497975111 -0.0383339487016201
v -0.0010329480282962322 0.028821999207139015 -0.03733700141310692
v -0.004865943919867277 0.02890997938811779 -0.038993000984191895
v -0.004865943919867277 0.02890997938811779 -0.038993000984191895
v -0.0010329480282962322 0.028821999207139015 -0.03733700141310692
v -0.0009510000236332417 0.028596989810466766 -0.03795098885893822
v -0.004865943919867277 0.02890997938811779 -0.038993000984191895
v -0.0009510000236332417 0.028596989810466766 -0.03795098885893822
v -0.004848957061767578 0.02821999043226242 -0.03928297013044357
v -0.004848957061767578 0.02821999043226242 -0.03928297013044357
v -0.0009510000236332417 0.028596989810466766 -0.03795098885893822
v -0.0009529999806545675 0.027824990451335907 -0.03832399100065231
v -0.0009529999806545675 0.027824990451335907 -0.03832399100065231
v -0.0009510000236332417 0.028596989810466766 -0.03795098885893822
v 0.0030569429509341717 0.027561960741877556 -0.03799998015165329
v 0.0030569429509341717 -0.02918696030974388 -0.03799998015165329
v -0.0008740000193938613 -0.030606979504227638 -0.03831100091338158
v 0.0030569429509341717 -0.00874996092170477 -0.03799998015165329
v 0.0030569429509341717 -0.00874996092170477 -0.03799998015165329
v -0.0008740000193938613 -0.030606979504227638 -0.03831100091338158
v -0.0009529999806545675 0.027824990451335907 -0.03832399100065231
v 0.0030569429509341717 -0.00874996092170477 -0.03799998015165329
v -0.0009529999806545675 0.027824990451335907 -0.03832399100065231
v 0.0030569429509341717 0.027561960741877556 -0.03799998015165329
v -0.0009529999806545675 0.027824990451335907 -0.03832399100065231
v -0.0008740000193938613 -0.030606979504227638 -0.03831100091338158
v -0.004848957061767578 -0.03204493969678879 -0.03928297013044357
v -0.0009529999806545675 0.027824990451335907 -0.03832399100065231
v -0.004848957061767578 -0.03204493969678879 -0.03928297013044357
v -0.004848957061767578 0.02821999043226242 -0.03928297013044357
v 0.03773200139403343 -0.01849997043609619 -0.03799998015165329
v 0.03799998015165329 -0.017499979585409164 -0.03799998015165329
v 0.04406499117612839 -0.02601999044418335 -0.03799998015165329
v 0.015507989563047886 0.027632949873805046 -0.03799998015165329
v 0.023783979937434196 0.028390999883413315 -0.03799998015165329
v 0.03499995917081833 0.019231969490647316 -0.03799998015165329
v 0.03499995917081833 0.019231969490647316 -0.03799998015165329
v 0.023783979937434196 0.028390999883413315 -0.03799998015165329
v 0.035999950021505356 0.019499950110912323 -0.03799998015165329
v 0.035999950021505356 0.019499950110912323 -0.03799998015165329
v 0.023783979937434196 0.028390999883413315 -0.03799998015165329
v 0.03503197059035301 0.0303569994866848 -0.03799998015165329
v 0.035999950021505356 0.019499950110912323 -0.03799998015165329
v 0.03503197059035301 0.0303569994866848 -0.03799998015165329
v 0.03700000047683716 0.019231969490647316 -0.03799998015165329
v 0.03700000047683716 0.019231969490647316 -0.03799998015165329
v 0.03503197059035301 0.0303569994866848 -0.03799998015165329
v 0.04406499117612839 0.032746970653533936 -0.03799998015165329
v 0.03700000047683716 0.019231969490647316 -0.03799998015165329
v 0.04406499117612839 0.032746970653533936 -0.03799998015165329
v 0.03773200139403343 0.01849997043609619 -0.03799998015165329
v 0.020999960601329803 0.001731990952976048 -0.03799998015165329
v 0.019999980926513672 0.0019999740179628134 -0.03799998015165329
v 0.015507989563047886 0.027632949873805046 -0.03799998015165329
v 0.015507989563047886 0.027632949873805046 -0.03799998015165329
v 0.019999980926513672 0.0019999740179628134 -0.03799998015165329
v 0.018999990075826645 0.001731990952976048 -0.03799998015165329
v 0.015507989563047886 0.027632949873805046 -0.03799998015165329
v 0.018999990075826645 0.001731990952976048 -0.03799998015165329
v 0.018267979845404625 0.0009999870089814067 -0.03799998015165329
v 0.018999990075826645 -0.001731990952976048 -0.03799998015165329
v 0.015499940142035484 -0.00874996092170477 -0.03799998015165329
v 0.018267979845404625 -0.0009999870089814067 -0.03799998015165329
v 0.018267979845404625 -0.0009999870089814067 -0.03799998015165329
v 0.015499940142035484 -0.00874996092170477 -0.03799998015165329
v 0.017999939620494843 0 -0.03799998015165329
v 0.019999980926513672 -0.0019999740179628134 -0.03799998015165329
v 0.020999960601329803 -0.001731990952976048 -0.03799998015165329
v 0.04406499117612839 -0.00874996092170477 -0.03799998015165329
v 0.03773200139403343 0.01849997043609619 -0.03799998015165329
v 0.04406499117612839 0.032746970653533936 -0.03799998015165329
v 0.03799998015165329 0.017499979585409164 -0.03799998015165329
v 0.03799998015165329 0.017499979585409164 -0.03799998015165329
v 0.04406499117612839 0.032746970653533936 -0.03799998015165329
v 0.04406499117612839 -0.00874996092170477 -0.03799998015165329
v 0.03799998015165329 0.017499979585409164 -0.03799998015165329
v 0.04406499117612839 -0.00874996092170477 -0.03799998015165329
v 0.03773200139403343 0.016499990597367287 -0.03799998015165329
v 0.03499995917081833 0.015767989680171013 -0.03799998015165329
v 0.035999950021505356 0.015499940142035484 -0.03799998015165329
v 0.04406499117612839 -0.00874996092170477 -0.03799998015165329
v 0.04406499117612839 -0.00874996092170477 -0.03799998015165329
v 0.035999950021505356 0.015499940142035484 -0.03799998015165329
v 0.03700000047683716 0.015767989680171013 -0.03799998015165329
v 0.04406499117612839 -0.00874996092170477 -0.03799998015165329
v 0.03700000047683716 0.015767989680171013 -0.03799998015165329
v 0.03773200139403343 0.016499990597367287 -0.03799998015165329
v 0.020999960601329803 -0.001731990952976048 -0.03799998015165329
v 0.021731970831751823 -0.0009999870089814067 -0.03799998015165329
v 0.04406499117612839 -0.00874996092170477 -0.03799998015165329
v 0.04406499117612839 -0.00874996092170477 -0.03799998015165329
v 0.021731970831751823 -0.0009999870089814067 -0.03799998015165329
v 0.02199994958937168 0 -0.03799998015165329
v 0.04406499117612839 -0.00874996092170477 -0.03799998015165329
v 0.02199994958937168 0 -0.03799998015165329
v 0.03499995917081833 0.015767989680171013 -0.03799998015165329
v 0.03499995917081833 0.015767989680171013 -0.03799998015165329
v 0.02199994958937168 0 -0.03799998015165329
v 0.021731970831751823 0.0009999870089814067 -0.03799998015165329
v 0.03499995917081833 0.015767989680171013 -0.03799998015165329
v 0.021731970831751823 0.0009999870089814067 -0.03799998015165329
v 0.034267958253622055 0.016499990597367287 -0.03799998015165329
v 0.034267958253622055 0.016499990597367287 -0.03799998015165329
v 0.021731970831751823 0.0009999870089814067 -0.03799998015165329
v 0.020999960601329803 0.001731990952976048 -0.03799998015165329
v 0.034267958253622055 0.016499990597367287 -0.03799998015165329
v 0.020999960601329803 0.001731990952976048 -0.03799998015165329
v 0.0339999683201313 0.017499979585409164 -0.03799998015165329
v 0.0339999683201313 0.017499979585409164 -0.03799998015165329
v 0.020999960601329803 0.001731990952976048 -0.03799998015165329
v 0.015507989563047886 0.027632949873805046 -0.03799998015165329
v 0.0339999683201313 0.017499979585409164 -0.03799998015165329
v 0.015507989563047886 0.027632949873805046 -0.03799998015165329
v 0.034267958253622055 0.01849997043609619 -0.03799998015165329
v 0.034267958253622055 0.01849997043609619 -0.03799998015165329
v 0.015507989563047886 0.027632949873805046 -0.03799998015165329
v 0.03499995917081833 0.019231969490647316 -0.03799998015165329
v 0.01199996005743742 0.015767989680171013 -0.03799998015165329
v 0.012731960043311119 0.016499990597367287 -0.03799998015165329
v 0.015499940142035484 -0.00874996092170477 -0.03799998015165329
v 0.018267979845404625 0.0009999870089814067 -0.03799998015165329
v 0.017999939620494843 0 -0.03799998015165329
v 0.015507989563047886 0.027632949873805046 -0.03799998015165329
v 0.015507989563047886 0.027632949873805046 -0.03799998015165329
v 0.017999939620494843 0 -0.03799998015165329
v 0.015499940142035484 -0.00874996092170477 -0.03799998015165329
v 0.015507989563047886 0.027632949873805046 -0.03799998015165329
v 0.015499940142035484 -0.00874996092170477 -0.03799998015165329
v 0.012999949976801872 0.017499979585409164 -0.03799998015165329
v 0.012999949976801872 0.017499979585409164 -0.03799998015165329
v 0.015499940142035484 -0.00874996092170477 -0.03799998015165329
v 0.012731960043311119 0.016499990597367287 -0.03799998015165329
v 0.009999990463256836 0.019231969490647316 -0.03799998015165329
v 0.0030569429509341717 0.027561960741877556 -0.03799998015165329
v 0.010999970138072968 0.019499950110912323 -0.03799998015165329
v 0.010999970138072968 0.019499950110912323 -0.03799998015165329
v 0.0030569429509341717 0.027561960741877556 -0.03799998015165329
v 0.01239996962249279 0.02749495953321457 -0.03799998015165329
v 0.010999970138072968 0.019499950110912323 -0.03799998015165329
v 0.01239996962249279 0.02749495953321457 -0.03799998015165329
v 0.01199996005743742 0.019231969490647316 -0.03799998015165329
v 0.01199996005743742 0.019231969490647316 -0.03799998015165329
v 0.01239996962249279 0.02749495953321457 -0.03799998015165329
v 0.015507989563047886 0.027632949873805046 -0.03799998015165329
v 0.01199996005743742 0.019231969490647316 -0.03799998015165329
v 0.015507989563047886 0.027632949873805046 -0.03799998015165329
v 0.012731960043311119 0.01849997043609619 -0.03799998015165329
v 0.012731960043311119 0.01849997043609619 -0.03799998015165329
v 0.015507989563047886 0.027632949873805046 -0.03799998015165329
v 0.012999949976801872 0.017499979585409164 -0.03799998015165329
v 0.009999990463256836 0.019231969490647316 -0.03799998015165329
v 0.009267984889447689 0.01849997043609619 -0.03799998015165329
v 0.0030569429509341717 0.027561960741877556 -0.03799998015165329
v 0.0030569429509341717 0.027561960741877556 -0.03799998015165329
v 0.009267984889447689 0.01849997043609619 -0.03799998015165329
v 0.008999942801892757 0.017499979585409164 -0.03799998015165329
v 0.0030569429509341717 0.027561960741877556 -0.03799998015165329
v 0.008999942801892757 0.017499979585409164 -0.03799998015165329
v 0.0030569429509341717 -0.00874996092170477 -0.03799998015165329
v 0.008999942801892757 0.017499979585409164 -0.03799998015165329
v 0.009267984889447689 0.016499990597367287 -0.03799998015165329
v 0.0030569429509341717 -0.00874996092170477 -0.03799998015165329
v 0.0030569429509341717 -0.00874996092170477 -0.03799998015165329
v 0.009267984889447689 0.016499990597367287 -0.03799998015165329
v 0.009999990463256836 0.015767989680171013 -0.03799998015165329
v 0.0030569429509341717 -0.00874996092170477 -0.03799998015165329
v 0.009999990463256836 0.015767989680171013 -0.03799998015165329
v 0.015499940142035484 -0.00874996092170477 -0.03799998015165329
v 0.015499940142035484 -0.00874996092170477 -0.03799998015165329
v 0.009999990463256836 0.015767989680171013 -0.03799998015165329
v 0.010999970138072968 0.015499940142035484 -0.03799998015165329
v 0.015499940142035484 -0.00874996092170477 -0.03799998015165329
v 0.010999970138072968 0.015499940142035484 -0.03799998015165329
v 0.01199996005743742 0.015767989680171013 -0.03799998015165329
v 0.012731960043311119 -0.016499990597367287 -0.03799998015165329
v 0.015499940142035484 -0.00874996092170477 -0.03799998015165329
v 0.012999949976801872 -0.017499979585409164 -0.03799998015165329
v 0.012999949976801872 -0.017499979585409164 -0.03799998015165329
v 0.015499940142035484 -0.00874996092170477 -0.03799998015165329
v 0.019543999806046486 -0.0255849901586771 -0.03799998015165329
v 0.012999949976801872 -0.017499979585409164 -0.03799998015165329
v 0.019543999806046486 -0.0255849901586771 -0.03799998015165329
v 0.012731960043311119 -0.01849997043609619 -0.03799998015165329
v 0.012731960043311119 -0.01849997043609619 -0.03799998015165329
v 0.019543999806046486 -0.0255849901586771 -0.03799998015165329
v 0.01199996005743742 -0.019231969490647316 -0.03799998015165329
v 0.009999990463256836 -0.015767989680171013 -0.03799998015165329
v 0.0030569429509341717 -0.00874996092170477 -0.03799998015165329
v 0.010999970138072968 -0.015499940142035484 -0.03799998015165329
v 0.010999970138072968 -0.015499940142035484 -0.03799998015165329
v 0.0030569429509341717 -0.00874996092170477 -0.03799998015165329
v 0.015499940142035484 -0.00874996092170477 -0.03799998015165329
v 0.010999970138072968 -0.015499940142035484 -0.03799998015165329
v 0.015499940142035484 -0.00874996092170477 -0.03799998015165329
v 0.01199996005743742 -0.015767989680171013 -0.03799998015165329
v 0.01199996005743742 -0.015767989680171013 -0.03799998015165329
v 0.015499940142035484 -0.00874996092170477 -0.03799998015165329
v 0.012731960043311119 -0.016499990597367287 -0.03799998015165329
v 0.009999990463256836 -0.015767989680171013 -0.03799998015165329
v 0.009267984889447689 -0.016499990597367287 -0.03799998015165329
v 0.0030569429509341717 -0.00874996092170477 -0.03799998015165329
v 0.0030569429509341717 -0.00874996092170477 -0.03799998015165329
v 0.009267984889447689 -0.016499990597367287 -0.03799998015165329
v 0.008999942801892757 -0.017499979585409164 -0.03799998015165329
v 0.0030569429509341717 -0.00874996092170477 -0.03799998015165329
v 0.008999942801892757 -0.017499979585409164 -0.03799998015165329
v 0.0030569429509341717 -0.02918696030974388 -0.03799998015165329
v 0.0030569429509341717 -0.02918696030974388 -0.03799998015165329
v 0.008999942801892757 -0.017499979585409164 -0.03799998015165329
v 0.009267984889447689 -0.01849997043609619 -0.03799998015165329
v 0.0030569429509341717 -0.02918696030974388 -0.03799998015165329
v 0.009267984889447689 -0.01849997043609619 -0.03799998015165329
v 0.009999990463256836 -0.019231969490647316 -0.03799998015165329
v 0.01199996005743742 -0.019231969490647316 -0.03799998015165329
v 0.019543999806046486 -0.0255849901586771 -0.03799998015165329
v 0.010999970138072968 -0.019499950110912323 -0.03799998015165329
v 0.010999970138072968 -0.019499950110912323 -0.03799998015165329
v 0.019543999806046486 -0.0255849901586771 -0.03799998015165329
v 0.013472969643771648 -0.026531990617513657 -0.03799998015165329
v 0.010999970138072968 -0.019499950110912323 -0.03799998015165329
v 0.013472969643771648 -0.026531990617513657 -0.03799998015165329
v 0.009999990463256836 -0.019231969490647316 -0.03799998015165329
v 0.009999990463256836 -0.019231969490647316 -0.03799998015165329
v 0.013472969643771648 -0.026531990617513657 -0.03799998015165329
v 0.0030569429509341717 -0.02918696030974388 -0.03799998015165329
v 0.04406499117612839 -0.02601999044418335 -0.03799998015165329
v 0.03799998015165329 -0.017499979585409164 -0.03799998015165329
v 0.04406499117612839 -0.00874996092170477 -0.03799998015165329
v 0.04406499117612839 -0.00874996092170477 -0.03799998015165329
v 0.03799998015165329 -0.017499979585409164 -0.03799998015165329
v 0.03773200139403343 -0.016499990597367287 -0.03799998015165329
v 0.04406499117612839 -0.00874996092170477 -0.03799998015165329
v 0.03773200139403343 -0.016499990597367287 -0.03799998015165329
v 0.03700000047683716 -0.015767989680171013 -0.03799998015165329
v 0.03700000047683716 -0.015767989680171013 -0.03799998015165329
v 0.035999950021505356 -0.015499940142035484 -0.03799998015165329
v 0.04406499117612839 -0.00874996092170477 -0.03799998015165329
v 0.04406499117612839 -0.00874996092170477 -0.03799998015165329
v 0.035999950021505356 -0.015499940142035484 -0.03799998015165329
v 0.015499940142035484 -0.00874996092170477 -0.03799998015165329
v 0.04406499117612839 -0.00874996092170477 -0.03799998015165329
v 0.015499940142035484 -0.00874996092170477 -0.03799998015165329
v 0.019999980926513672 -0.0019999740179628134 -0.03799998015165329
v 0.019999980926513672 -0.0019999740179628134 -0.03799998015165329
v 0.015499940142035484 -0.00874996092170477 -0.03799998015165329
v 0.018999990075826645 -0.001731990952976048 -0.03799998015165329
v 0.035999950021505356 -0.015499940142035484 -0.03799998015165329
v 0.03499995917081833 -0.015767989680171013 -0.03799998015165329
v 0.015499940142035484 -0.00874996092170477 -0.03799998015165329
v 0.015499940142035484 -0.00874996092170477 -0.03799998015165329
v 0.03499995917081833 -0.015767989680171013 -0.03799998015165329
v 0.034267958253622055 -0.016499990597367287 -0.03799998015165329
v 0.015499940142035484 -0.00874996092170477 -0.03799998015165329
v 0.034267958253622055 -0.016499990597367287 -0.03799998015165329
v 0.019543999806046486 -0.0255849901586771 -0.03799998015165329
v 0.019543999806046486 -0.0255849901586771 -0.03799998015165329
v 0.034267958253622055 -0.016499990597367287 -0.03799998015165329
v 0.0339999683201313 -0.017499979585409164 -0.03799998015165329
v 0.019543999806046486 -0.0255849901586771 -0.03799998015165329
v 0.0339999683201313 -0.017499979585409164 -0.03799998015165329
v 0.034267958253622055 -0.01849997043609619 -0.03799998015165329
v 0.03773200139403343 -0.01849997043609619 -0.03799998015165329
v 0.04406499117612839 -0.02601999044418335 -0.03799998015165329
v 0.03700000047683716 -0.019231969490647316 -0.03799998015165329
v 0.03700000047683716 -0.019231969490647316 -0.03799998015165329
v 0.04406499117612839 -0.02601999044418335 -0.03799998015165329
v 0.035999950021505356 -0.019499950110912323 -0.03799998015165329
v 0.035999950021505356 -0.019499950110912323 -0.03799998015165329
v 0.04406499117612839 -0.02601999044418335 -0.03799998015165329
v 0.03794395178556442 -0.025273969396948814 -0.03799998015165329
v 0.035999950021505356 -0.019499950110912323 -0.03799998015165329
v 0.03794395178556442 -0.025273969396948814 -0.03799998015165329
v 0.03499995917081833 -0.019231969490647316 -0.03799998015165329
v 0.03499995917081833 -0.019231969490647316 -0.03799998015165329
v 0.03794395178556442 -0.025273969396948814 -0.03799998015165329
v 0.031807951629161835 -0.02495395950973034 -0.03799998015165329
v 0.03499995917081833 -0.019231969490647316 -0.03799998015165329
v 0.031807951629161835 -0.02495395950973034 -0.03799998015165329
v 0.034267958253622055 -0.01849997043609619 -0.03799998015165329
v 0.034267958253622055 -0.01849997043609619 -0.03799998015165329
v 0.031807951629161835 -0.02495395950973034 -0.03799998015165329
v 0.025664979591965675 -0.025057969614863396 -0.03799998015165329
v 0.034267958253622055 -0.01849997043609619 -0.03799998015165329
v 0.025664979591965675 -0.025057969614863396 -0.03799998015165329
v 0.019543999806046486 -0.0255849901586771 -0.03799998015165329
v 0.04985499009490013 0.034720949828624725 -0.038679949939250946
v 0.04985499009490013 -0.02717900089919567 -0.038679949939250946
v 0.04698896035552025 -0.026550939306616783 -0.038170989602804184
v 0.04698896035552025 -0.026550939306616783 -0.038170989602804184
v 0.04406499117612839 -0.02601999044418335 -0.03799998015165329
v 0.04406499117612839 -0.00874996092170477 -0.03799998015165329
v 0.04985499009490013 0.034720949828624725 -0.038679949939250946
v 0.04698896035552025 -0.026550939306616783 -0.038170989602804184
v 0.04775397852063179 0.033992938697338104 -0.03827399015426636
v 0.04775397852063179 0.033992938697338104 -0.03827399015426636
v 0.04698896035552025 -0.026550939306616783 -0.038170989602804184
v 0.04406499117612839 -0.00874996092170477 -0.03799998015165329
v 0.04775397852063179 0.033992938697338104 -0.03827399015426636
v 0.04406499117612839 -0.00874996092170477 -0.03799998015165329
v 0.04406499117612839 0.032746970653533936 -0.03799998015165329
v 0.06434696167707443 0.03846894949674606 -0.042129989713430405
v 0.07645100355148315 0.04023896902799606 -0.045011989772319794
v 0.05712300166487694 -0.029165979474782944 -0.04040997847914696
v 0.05712300166487694 -0.029165979474782944 -0.04040997847914696
v 0.07645100355148315 0.04023896902799606 -0.045011989772319794
v 0.06419699639081955 -0.031759969890117645 -0.04209398850798607
v 0.06419699639081955 -0.031759969890117645 -0.04209398850798607
v 0.07645100355148315 0.04023896902799606 -0.045011989772319794
v 0.08842896670103073 0.04082994908094406 -0.04786396026611328
v 0.06434696167707443 0.03846894949674606 -0.042129989713430405
v 0.05712300166487694 -0.029165979474782944 -0.04040997847914696
v 0.04985499009490013 -0.02717900089919567 -0.038679949939250946
v 0.06434696167707443 0.03846894949674606 -0.042129989713430405
v 0.04985499009490013 -0.02717900089919567 -0.038679949939250946
v 0.04985499009490013 0.034720949828624725 -0.038679949939250946
v 0.08842896670103073 0.04082994908094406 -0.04786396026611328
v 0.08842896670103073 -0.03869098052382469 -0.04786396026611328
v 0.07013099640607834 -0.03402495011687279 -0.04350696876645088
v 0.08842896670103073 0.04082994908094406 -0.04786396026611328
v 0.07013099640607834 -0.03402495011687279 -0.04350696876645088
v 0.06419699639081955 -0.031759969890117645 -0.04209398850798607
v 0.08842896670103073 -0.03869098052382469 -0.04786396026611328
v 0.08842896670103073 0.04082994908094406 -0.04786396026611328
v 0.08958697319030762 -0.03883998841047287 -0.047999970614910126
v 0.08958697319030762 -0.03883998841047287 -0.047999970614910126
v 0.08842896670103073 0.04082994908094406 -0.04786396026611328
v 0.08958697319030762 0.040827978402376175 -0.047999970614910126
v 0.08958697319030762 0.040827978402376175 -0.047999970614910126
v 0.10040190070867538 -0.00013000000035390258 -0.047999970614910126
v 0.09805697202682495 -0.0012599820038303733 -0.047999970614910126
v 0.11862900108098984 -0.03914498910307884 -0.047999970614910126
v 0.08958697319030762 -0.03883998841047287 -0.047999970614910126
v 0.10040190070867538 -0.0061299800872802734 -0.047999970614910126
v 0.10040190070867538 -0.0061299800872802734 -0.047999970614910126
v 0.08958697319030762 -0.03883998841047287 -0.047999970614910126
v 0.09805697202682495 -0.00500094797462225 -0.047999970614910126
v 0.08958697319030762 0.040827978402376175 -0.047999970614910126
v 0.1288989931344986 0.034317970275878906 -0.047999970614910126
v 0.10040190070867538 -0.00013000000035390258 -0.047999970614910126
v 0.1288989931344986 0.034317970275878906 -0.047999970614910126
v 0.14495499432086945 0.027109980583190918 -0.047999970614910126
v 0.10040190070867538 -0.00013000000035390258 -0.047999970614910126
v 0.08958697319030762 0.040827978402376175 -0.047999970614910126
v 0.09805697202682495 -0.0012599820038303733 -0.047999970614910126
v 0.0974779725074768 -0.003797947894781828 -0.047999970614910126
v 0.08958697319030762 0.040827978402376175 -0.047999970614910126
v 0.0974779725074768 -0.003797947894781828 -0.047999970614910126
v 0.08958697319030762 -0.03883998841047287 -0.047999970614910126
v 0.08958697319030762 -0.03883998841047287 -0.047999970614910126
v 0.0974779725074768 -0.003797947894781828 -0.047999970614910126
v 0.09805697202682495 -0.00500094797462225 -0.047999970614910126
v 0.14348900318145752 -0.03152995929121971 -0.047999970614910126
v 0.11862900108098984 -0.03914498910307884 -0.047999970614910126
v 0.10040190070867538 -0.0061299800872802734 -0.047999970614910126
v 0.14495499432086945 0.027109980583190918 -0.047999970614910126
v 0.15561099350452423 0.01626097969710827 -0.047999970614910126
v 0.10040190070867538 -0.00013000000035390258 -0.047999970614910126
v 0.10040190070867538 -0.00013000000035390258 -0.047999970614910126
v 0.15561099350452423 0.01626097969710827 -0.047999970614910126
v 0.15964999794960022 0.007275998126715422 -0.047999970614910126
v 0.10040190070867538 -0.00013000000035390258 -0.047999970614910126
v 0.15964999794960022 0.007275998126715422 -0.047999970614910126
v 0.152661994099617 -0.00013000000035390258 -0.047999970614910126
v 0.15247400104999542 -0.0061299800872802734 -0.047999970614910126
v 0.15249000489711761 -0.025144990533590317 -0.047999970614910126
v 0.10040190070867538 -0.0061299800872802734 -0.047999970614910126
v 0.10040190070867538 -0.0061299800872802734 -0.047999970614910126
v 0.15249000489711761 -0.025144990533590317 -0.047999970614910126
v 0.14348900318145752 -0.03152995929121971 -0.047999970614910126
v 0.15943600237369537 -0.013852950185537338 -0.047999970614910126
v 0.15249000489711761 -0.025144990533590317 -0.047999970614910126
v 0.15247400104999542 -0.0061299800872802734 -0.047999970614910126
v 0.15964999794960022 0.007275998126715422 -0.047999970614910126
v 0.1587820053100586 0.0027409789618104696 -0.0479239784181118
v 0.152661994099617 -0.00013000000035390258 -0.047999970614910126
v 0.152661994099617 -0.00013000000035390258 -0.047999970614910126
v 0.1587820053100586 0.0027409789618104696 -0.0479239784181118
v 0.15502500534057617 -0.0001250000059371814 -0.0479239784181118
v 0.1587039977312088 -0.009169994853436947 -0.0479239784181118
v 0.15943600237369537 -0.013852950185537338 -0.047999970614910126
v 0.15247400104999542 -0.0061299800872802734 -0.047999970614910126
v 0.14348900318145752 -0.03152995929121971 -0.047999970614910126
v 0.143886998295784 -0.032363951206207275 -0.04738295078277588
v 0.13570700585842133 -0.03554695099592209 -0.0477069616317749
v 0.143886998295784 -0.032363951206207275 -0.04738295078277588
v 0.13578000664710999 -0.03575098142027855 -0.04738295078277588
v 0.13570700585842133 -0.03554695099592209 -0.0477069616317749
v 0.13570700585842133 -0.03554695099592209 -0.0477069616317749
v 0.13578000664710999 -0.03575098142027855 -0.04738295078277588
v 0.12737999856472015 -0.03832399100065231 -0.04738295078277588
v 0.13570700585842133 -0.03554695099592209 -0.0477069616317749
v 0.12737999856472015 -0.03832399100065231 -0.04738295078277588
v 0.12732699513435364 -0.038113951683044434 -0.0477069616317749
v 0.12732699513435364 -0.038113951683044434 -0.0477069616317749
v 0.12737999856472015 -0.03832399100065231 -0.04738295078277588
v 0.11876700073480606 -0.04005897045135498 -0.04738295078277588
v 0.11876700073480606 -0.04005897045135498 -0.04738295078277588
v 0.11222399771213531 -0.04087400063872337 -0.046999990940093994
v 0.11001399904489517 -0.04072099179029465 -0.0477069616317749
v 0.11001399904489517 -0.04072099179029465 -0.0477069616317749
v 0.11222399771213531 -0.04087400063872337 -0.046999990940093994
v 0.10123900324106216 -0.0409509502351284 -0.04738295078277588
v 0.11001399904489517 -0.04072099179029465 -0.0477069616317749
v 0.10123900324106216 -0.0409509502351284 -0.04738295078277588
v 0.10126499831676483 -0.04041099175810814 -0.0479239784181118
v 0.14348900318145752 -0.03152995929121971 -0.047999970614910126
v 0.13570700585842133 -0.03554695099592209 -0.0477069616317749
v 0.12732699513435364 -0.038113951683044434 -0.0477069616317749
v 0.14348900318145752 -0.03152995929121971 -0.047999970614910126
v 0.12732699513435364 -0.038113951683044434 -0.0477069616317749
v 0.11862900108098984 -0.03914498910307884 -0.047999970614910126
v 0.11862900108098984 -0.03914498910307884 -0.047999970614910126
v 0.12732699513435364 -0.038113951683044434 -0.0477069616317749
v 0.11876700073480606 -0.04005897045135498 -0.04738295078277588
v 0.11862900108098984 -0.03914498910307884 -0.047999970614910126
v 0.11876700073480606 -0.04005897045135498 -0.04738295078277588
v 0.11001399904489517 -0.04072099179029465 -0.0477069616317749
v 0.11862900108098984 -0.03914498910307884 -0.047999970614910126
v 0.11001399904489517 -0.04072099179029465 -0.0477069616317749
v 0.10126499831676483 -0.04041099175810814 -0.0479239784181118
v 0.11862900108098984 -0.03914498910307884 -0.047999970614910126
v 0.10126499831676483 -0.04041099175810814 -0.0479239784181118
v 0.08958697319030762 -0.03883998841047287 -0.047999970614910126
v 0.15964899957180023 -0.01649295911192894 -0.04738295078277588
v 0.15685990452766418 -0.02146797999739647 -0.046999990940093994
v 0.15661999583244324 -0.021299950778484344 -0.0477069616317749
v 0.15964899957180023 -0.01649295911192894 -0.04738295078277588
v 0.15661999583244324 -0.021299950778484344 -0.0477069616317749
v 0.15915900468826294 -0.01626293919980526 -0.0479239784181118
v 0.15915900468826294 -0.01626293919980526 -0.0479239784181118
v 0.15661999583244324 -0.021299950778484344 -0.0477069616317749
v 0.15249000489711761 -0.025144990533590317 -0.047999970614910126
v 0.15661999583244324 -0.021299950778484344 -0.0477069616317749
v 0.15685990452766418 -0.02146797999739647 -0.046999990940093994
v 0.15314500033855438 -0.025795990601181984 -0.04738295078277588
v 0.15661999583244324 -0.021299950778484344 -0.0477069616317749
v 0.15314500033855438 -0.025795990601181984 -0.04738295078277588
v 0.15249000489711761 -0.025144990533590317 -0.047999970614910126
v 0.15314500033855438 -0.025795990601181984 -0.04738295078277588
v 0.14884300529956818 -0.029540950432419777 -0.04600000008940697
v 0.1486728936433792 -0.029301999136805534 -0.0477069616317749
v 0.15314500033855438 -0.025795990601181984 -0.04738295078277588
v 0.1486728936433792 -0.029301999136805534 -0.0477069616317749
v 0.15249000489711761 -0.025144990533590317 -0.047999970614910126
v 0.15249000489711761 -0.025144990533590317 -0.047999970614910126
v 0.1486728936433792 -0.029301999136805534 -0.0477069616317749
v 0.14348900318145752 -0.03152995929121971 -0.047999970614910126
v 0.1486728936433792 -0.029301999136805534 -0.0477069616317749
v 0.143886998295784 -0.032363951206207275 -0.04738295078277588
v 0.14348900318145752 -0.03152995929121971 -0.047999970614910126
v 0.15500600636005402 -0.005850969813764095 -0.0477069616317749
v 0.15247400104999542 -0.005206942092627287 -0.04738295078277588
v 0.15510199964046478 -0.005574941169470549 -0.046999990940093994
v 0.15500600636005402 -0.005850969813764095 -0.0477069616317749
v 0.15510199964046478 -0.005574941169470549 -0.046999990940093994
v 0.1573919951915741 -0.00691795302554965 -0.04738295078277588
v 0.16026000678539276 -0.011294960044324398 -0.046999990940093994
v 0.16035500168800354 -0.013947959989309311 -0.04738295078277588
v 0.15997500717639923 -0.011362959630787373 -0.0477069616317749
v 0.16026000678539276 -0.011294960044324398 -0.046999990940093994
v 0.15997500717639923 -0.011362959630787373 -0.0477069616317749
v 0.15916000306606293 -0.008878946304321289 -0.04738295078277588
v 0.15500600636005402 -0.005850969813764095 -0.0477069616317749
v 0.15247400104999542 -0.00574797298759222 -0.0479239784181118
v 0.15247400104999542 -0.005206942092627287 -0.04738295078277588
v 0.1573919951915741 -0.00691795302554965 -0.04738295078277588
v 0.15916000306606293 -0.008878946304321289 -0.04738295078277588
v 0.1587039977312088 -0.009169994853436947 -0.0479239784181118
v 0.1587039977312088 -0.009169994853436947 -0.0479239784181118
v 0.15916000306606293 -0.008878946304321289 -0.04738295078277588
v 0.15997500717639923 -0.011362959630787373 -0.0477069616317749
v 0.16035500168800354 -0.013947959989309311 -0.04738295078277588
v 0.15964899957180023 -0.01649295911192894 -0.04738295078277588
v 0.15915900468826294 -0.01626293919980526 -0.0479239784181118
v 0.15247400104999542 -0.0061299800872802734 -0.047999970614910126
v 0.15247400104999542 -0.00574797298759222 -0.0479239784181118
v 0.15500600636005402 -0.005850969813764095 -0.0477069616317749
v 0.15247400104999542 -0.0061299800872802734 -0.047999970614910126
v 0.15500600636005402 -0.005850969813764095 -0.0477069616317749
v 0.1587039977312088 -0.009169994853436947 -0.0479239784181118
v 0.1587039977312088 -0.009169994853436947 -0.0479239784181118
v 0.15500600636005402 -0.005850969813764095 -0.0477069616317749
v 0.1573919951915741 -0.00691795302554965 -0.04738295078277588
v 0.1587039977312088 -0.009169994853436947 -0.0479239784181118
v 0.15997500717639923 -0.011362959630787373 -0.0477069616317749
v 0.15943600237369537 -0.013852950185537338 -0.047999970614910126
v 0.15943600237369537 -0.013852950185537338 -0.047999970614910126
v 0.15997500717639923 -0.011362959630787373 -0.0477069616317749
v 0.16035500168800354 -0.013947959989309311 -0.04738295078277588
v 0.15943600237369537 -0.013852950185537338 -0.047999970614910126
v 0.16035500168800354 -0.013947959989309311 -0.04738295078277588
v 0.15915900468826294 -0.01626293919980526 -0.0479239784181118
v 0.15943600237369537 -0.013852950185537338 -0.047999970614910126
v 0.15915900468826294 -0.01626293919980526 -0.0479239784181118
v 0.15249000489711761 -0.025144990533590317 -0.047999970614910126
v 0.15247400104999542 -0.005206942092627287 -0.04738295078277588
v 0.15247400104999542 -0.00512999203056097 -0.04600000008940697
v 0.15510199964046478 -0.005574941169470549 -0.046999990940093994
v 0.15510199964046478 -0.005574941169470549 -0.046999990940093994
v 0.15247400104999542 -0.00512999203056097 -0.04600000008940697
v 0.1550769954919815 -0.005646944046020508 -0.04561698064208031
v 0.15510199964046478 -0.005574941169470549 -0.046999990940093994
v 0.1550769954919815 -0.005646944046020508 -0.04561698064208031
v 0.15743890404701233 -0.0068579912185668945 -0.04600000008940697
v 0.15510199964046478 -0.005574941169470549 -0.046999990940093994
v 0.15743890404701233 -0.0068579912185668945 -0.04600000008940697
v 0.1573919951915741 -0.00691795302554965 -0.04738295078277588
v 0.1573919951915741 -0.00691795302554965 -0.04738295078277588
v 0.15743890404701233 -0.0068579912185668945 -0.04600000008940697
v 0.15916000306606293 -0.008878946304321289 -0.04738295078277588
v 0.15916000306606293 -0.008878946304321289 -0.04738295078277588
v 0.15743890404701233 -0.0068579912185668945 -0.04600000008940697
v 0.15916000306606293 -0.008878946304321289 -0.04561698064208031
v 0.15916000306606293 -0.008878946304321289 -0.04738295078277588
v 0.15916000306606293 -0.008878946304321289 -0.04561698064208031
v 0.16026000678539276 -0.011294960044324398 -0.046999990940093994
v 0.16026000678539276 -0.011294960044324398 -0.046999990940093994
v 0.15916000306606293 -0.008878946304321289 -0.04561698064208031
v 0.16018590331077576 -0.011312959715723991 -0.04561698064208031
v 0.16026000678539276 -0.011294960044324398 -0.046999990940093994
v 0.16018590331077576 -0.011312959715723991 -0.04561698064208031
v 0.16043099761009216 -0.013955949805676937 -0.04600000008940697
v 0.16026000678539276 -0.011294960044324398 -0.046999990940093994
v 0.16043099761009216 -0.013955949805676937 -0.04600000008940697
v 0.16035500168800354 -0.013947959989309311 -0.04738295078277588
v 0.16035500168800354 -0.013947959989309311 -0.04738295078277588
v 0.16043099761009216 -0.013955949805676937 -0.04600000008940697
v 0.15964899957180023 -0.01649295911192894 -0.04738295078277588
v 0.15964899957180023 -0.01649295911192894 -0.04738295078277588
v 0.16043099761009216 -0.013955949805676937 -0.04600000008940697
v 0.15964899957180023 -0.01649295911192894 -0.04561698064208031
v 0.15916000306606293 -0.008878946304321289 -0.04561698064208031
v 0.15743890404701233 -0.0068579912185668945 -0.04600000008940697
v 0.15725800395011902 -0.007087945006787777 -0.045292969793081284
v 0.15725800395011902 -0.007087945006787777 -0.045292969793081284
v 0.15743890404701233 -0.0068579912185668945 -0.04600000008940697
v 0.1550769954919815 -0.005646944046020508 -0.04561698064208031
v 0.16018590331077576 -0.011312959715723991 -0.04561698064208031
v 0.15916000306606293 -0.008878946304321289 -0.04561698064208031
v 0.1587039977312088 -0.009169994853436947 -0.045075949281454086
v 0.1587039977312088 -0.009169994853436947 -0.045075949281454086
v 0.15916000306606293 -0.008878946304321289 -0.04561698064208031
v 0.15725800395011902 -0.007087945006787777 -0.045292969793081284
v 0.15964899957180023 -0.01649295911192894 -0.04561698064208031
v 0.16043099761009216 -0.013955949805676937 -0.04600000008940697
v 0.1601399928331375 -0.013925960287451744 -0.045292969793081284
v 0.15964899957180023 -0.01649295911192894 -0.04561698064208031
v 0.1601399928331375 -0.013925960287451744 -0.045292969793081284
v 0.1588120013475418 -0.01610100083053112 -0.044999949634075165
v 0.1550769954919815 -0.005646944046020508 -0.04561698064208031
v 0.15247400104999542 -0.00512999203056097 -0.04600000008940697
v 0.15247400104999542 -0.005422948859632015 -0.045292969793081284
v 0.15725800395011902 -0.007087945006787777 -0.045292969793081284
v 0.1550769954919815 -0.005646944046020508 -0.04561698064208031
v 0.15247400104999542 -0.0061299800872802734 -0.044999949634075165
v 0.15247400104999542 -0.0061299800872802734 -0.044999949634075165
v 0.1550769954919815 -0.005646944046020508 -0.04561698064208031
v 0.15247400104999542 -0.005422948859632015 -0.045292969793081284
v 0.1601399928331375 -0.013925960287451744 -0.045292969793081284
v 0.1592870056629181 -0.011524969711899757 -0.044999949634075165
v 0.1588120013475418 -0.01610100083053112 -0.044999949634075165
v 0.1601399928331375 -0.013925960287451744 -0.045292969793081284
v 0.16043099761009216 -0.013955949805676937 -0.04600000008940697
v 0.16018590331077576 -0.011312959715723991 -0.04561698064208031
v 0.1601399928331375 -0.013925960287451744 -0.045292969793081284
v 0.16018590331077576 -0.011312959715723991 -0.04561698064208031
v 0.1592870056629181 -0.011524969711899757 -0.044999949634075165
v 0.1592870056629181 -0.011524969711899757 -0.044999949634075165
v 0.16018590331077576 -0.011312959715723991 -0.04561698064208031
v 0.1587039977312088 -0.009169994853436947 -0.045075949281454086
v 0.1587039977312088 -0.009169994853436947 -0.045075949281454086
v 0.15725800395011902 -0.007087945006787777 -0.045292969793081284
v 0.15247400104999542 -0.0061299800872802734 -0.044999949634075165
v 0.15247400104999542 -0.00512999203056097 -0.04600000008940697
v 0.10040190070867538 -0.005206942092627287 -0.04561698064208031
v 0.15247400104999542 -0.005422948859632015 -0.045292969793081284
v 0.15247400104999542 -0.005422948859632015 -0.045292969793081284
v 0.10040190070867538 -0.005206942092627287 -0.04561698064208031
v 0.10040190070867538 -0.00574797298759222 -0.045075949281454086
v 0.15247400104999542 -0.005422948859632015 -0.045292969793081284
v 0.10040190070867538 -0.00574797298759222 -0.045075949281454086
v 0.15247400104999542 -0.0061299800872802734 -0.044999949634075165
v 0.15247400104999542 -0.0061299800872802734 -0.044999949634075165
v 0.10040190070867538 -0.00574797298759222 -0.045075949281454086
v 0.10040190070867538 -0.0061299800872802734 -0.044999949634075165
v 0.10040190070867538 -0.0061299800872802734 -0.044999949634075165
v 0.09950195997953415 -0.00500094797462225 -0.04561698064208031
v 0.09805697202682495 -0.00500094797462225 -0.044999949634075165
v 0.0974779725074768 -0.0024629828985780478 -0.044999949634075165
v 0.09805697202682495 -0.00500094797462225 -0.044999949634075165
v 0.0983780026435852 -0.0026679630391299725 -0.04561698064208031
v 0.0991009995341301 -0.00042799999937415123 -0.044999949634075165
v 0.10040190070867538 -0.0008379999781027436 -0.045292969793081284
v 0.10040190070867538 -0.00013000000035390258 -0.044999949634075165
v 0.0991009995341301 -0.00042799999937415123 -0.044999949634075165
v 0.10040190070867538 -0.0011299840407446027 -0.04600000008940697
v 0.10040190070867538 -0.0008379999781027436 -0.045292969793081284
v 0.10040190070867538 -0.0061299800872802734 -0.044999949634075165
v 0.10040190070867538 -0.00574797298759222 -0.045075949281454086
v 0.09950195997953415 -0.00500094797462225 -0.04561698064208031
v 0.09950195997953415 -0.00500094797462225 -0.04561698064208031
v 0.10040190070867538 -0.00574797298759222 -0.045075949281454086
v 0.10040190070867538 -0.005206942092627287 -0.04561698064208031
v 0.10040190070867538 -0.0011299840407446027 -0.04600000008940697
v 0.0991009995341301 -0.00042799999937415123 -0.044999949634075165
v 0.09950195997953415 -0.0012599820038303733 -0.04561698064208031
v 0.09950195997953415 -0.0012599820038303733 -0.04561698064208031
v 0.0991009995341301 -0.00042799999937415123 -0.044999949634075165
v 0.0974779725074768 -0.0024629828985780478 -0.044999949634075165
v 0.09950195997953415 -0.0012599820038303733 -0.04561698064208031
v 0.0974779725074768 -0.0024629828985780478 -0.044999949634075165
v 0.0983780026435852 -0.0026679630391299725 -0.04561698064208031
v 0.0983780026435852 -0.0026679630391299725 -0.04561698064208031
v 0.09805697202682495 -0.00500094797462225 -0.044999949634075165
v 0.09950195997953415 -0.00500094797462225 -0.04561698064208031
v 0.09175997227430344 0.040797941386699677 -0.04498796910047531
v 0.0991009995341301 -0.00042799999937415123 -0.044999949634075165
v 0.10040190070867538 -0.00013000000035390258 -0.044999949634075165
v 0.10997799783945084 -0.040014978498220444 -0.044999949634075165
v 0.10040190070867538 -0.0061299800872802734 -0.044999949634075165
v 0.09225398302078247 -0.039222948253154755 -0.044999949634075165
v 0.09225398302078247 -0.039222948253154755 -0.044999949634075165
v 0.10040190070867538 -0.0061299800872802734 -0.044999949634075165
v 0.09805697202682495 -0.00500094797462225 -0.044999949634075165
v 0.12715500593185425 0.03488599881529808 -0.044999949634075165
v 0.10040190070867538 -0.00013000000035390258 -0.044999949634075165
v 0.14367400109767914 0.027946939691901207 -0.044999949634075165
v 0.09805697202682495 -0.00500094797462225 -0.044999949634075165
v 0.0974779725074768 -0.0024629828985780478 -0.044999949634075165
v 0.09225398302078247 -0.039222948253154755 -0.044999949634075165
v 0.09225398302078247 -0.039222948253154755 -0.044999949634075165
v 0.0974779725074768 -0.0024629828985780478 -0.044999949634075165
v 0.09175997227430344 0.040797941386699677 -0.04498796910047531
v 0.09175997227430344 0.040797941386699677 -0.04498796910047531
v 0.0974779725074768 -0.0024629828985780478 -0.044999949634075165
v 0.0991009995341301 -0.00042799999937415123 -0.044999949634075165
v 0.10040190070867538 -0.00013000000035390258 -0.044999949634075165
v 0.12715500593185425 0.03488599881529808 -0.044999949634075165
v 0.09175997227430344 0.040797941386699677 -0.04498796910047531
v 0.15964999794960022 0.007275998126715422 -0.044999949634075165
v 0.1528739035129547 0.019943950697779655 -0.044999949634075165
v 0.10040190070867538 -0.00013000000035390258 -0.044999949634075165
v 0.10040190070867538 -0.0061299800872802734 -0.044999949634075165
v 0.10997799783945084 -0.040014978498220444 -0.044999949634075165
v 0.13546690344810486 -0.03488193824887276 -0.044999949634075165
v 0.10040190070867538 -0.00013000000035390258 -0.044999949634075165
v 0.1528739035129547 0.019943950697779655 -0.044999949634075165
v 0.14367400109767914 0.027946939691901207 -0.044999949634075165
v 0.152661994099617 -0.00013000000035390258 -0.044999949634075165
v 0.15713900327682495 0.000999000039882958 -0.045075949281454086
v 0.15964999794960022 0.007275998126715422 -0.044999949634075165
v 0.152661994099617 -0.00013000000035390258 -0.044999949634075165
v 0.15964999794960022 0.007275998126715422 -0.044999949634075165
v 0.10040190070867538 -0.00013000000035390258 -0.044999949634075165
v 0.10040190070867538 -0.0061299800872802734 -0.044999949634075165
v 0.13546690344810486 -0.03488193824887276 -0.044999949634075165
v 0.14826400578022003 -0.02872495912015438 -0.044999949634075165
v 0.10040190070867538 -0.0061299800872802734 -0.044999949634075165
v 0.14826400578022003 -0.02872495912015438 -0.044999949634075165
v 0.1588120013475418 -0.01610100083053112 -0.044999949634075165
v 0.1592870056629181 -0.011524969711899757 -0.044999949634075165
v 0.1587039977312088 -0.009169994853436947 -0.045075949281454086
v 0.15247400104999542 -0.0061299800872802734 -0.044999949634075165
v 0.1588120013475418 -0.01610100083053112 -0.044999949634075165
v 0.1592870056629181 -0.011524969711899757 -0.044999949634075165
v 0.10040190070867538 -0.0061299800872802734 -0.044999949634075165
v 0.10040190070867538 -0.0061299800872802734 -0.044999949634075165
v 0.1592870056629181 -0.011524969711899757 -0.044999949634075165
v 0.15247400104999542 -0.0061299800872802734 -0.044999949634075165
v 0.15964999794960022 0.007275998126715422 -0.044999949634075165
v 0.1598079949617386 0.009755969047546387 -0.045292969793081284
v 0.1570308953523636 0.015328999608755112 -0.045292969793081284
v 0.15358200669288635 0.0205379705876112 -0.04561698064208031
v 0.15153099596500397 0.02291095070540905 -0.04600000008940697
v 0.14905300736427307 0.0248409491032362 -0.045292969793081284
v 0.1598079949617386 0.009755969047546387 -0.045292969793081284
v 0.15721599757671356 0.01543997973203659 -0.04561698064208031
v 0.1570308953523636 0.015328999608755112 -0.045292969793081284
v 0.1570308953523636 0.015328999608755112 -0.045292969793081284
v 0.15721599757671356 0.01543997973203659 -0.04561698064208031
v 0.15358200669288635 0.0205379705876112 -0.04561698064208031
v 0.14416399598121643 0.028729969635605812 -0.04561698064208031
v 0.13861200213432312 0.031623948365449905 -0.04561698064208031
v 0.1385270059108734 0.03142397850751877 -0.045292969793081284
v 0.15964999794960022 0.007275998126715422 -0.044999949634075165
v 0.1570308953523636 0.015328999608755112 -0.045292969793081284
v 0.1528739035129547 0.019943950697779655 -0.044999949634075165
v 0.1528739035129547 0.019943950697779655 -0.044999949634075165
v 0.1570308953523636 0.015328999608755112 -0.045292969793081284
v 0.15358200669288635 0.0205379705876112 -0.04561698064208031
v 0.1528739035129547 0.019943950697779655 -0.044999949634075165
v 0.15358200669288635 0.0205379705876112 -0.04561698064208031
v 0.14905300736427307 0.0248409491032362 -0.045292969793081284
v 0.1528739035129547 0.019943950697779655 -0.044999949634075165
v 0.14905300736427307 0.0248409491032362 -0.045292969793081284
v 0.14367400109767914 0.027946939691901207 -0.044999949634075165
v 0.14367400109767914 0.027946939691901207 -0.044999949634075165
v 0.14905300736427307 0.0248409491032362 -0.045292969793081284
v 0.14416399598121643 0.028729969635605812 -0.04561698064208031
v 0.14367400109767914 0.027946939691901207 -0.044999949634075165
v 0.14416399598121643 0.028729969635605812 -0.04561698064208031
v 0.1385270059108734 0.03142397850751877 -0.045292969793081284
v 0.14367400109767914 0.027946939691901207 -0.044999949634075165
v 0.1385270059108734 0.03142397850751877 -0.045292969793081284
v 0.12715500593185425 0.03488599881529808 -0.044999949634075165
v 0.13861200213432312 0.031623948365449905 -0.04561698064208031
v 0.12743499875068665 0.035766951739788055 -0.04561698064208031
v 0.1385270059108734 0.03142397850751877 -0.045292969793081284
v 0.1385270059108734 0.03142397850751877 -0.045292969793081284
v 0.12743499875068665 0.035766951739788055 -0.04561698064208031
v 0.12736989557743073 0.03555994853377342 -0.045292969793081284
v 0.1385270059108734 0.03142397850751877 -0.045292969793081284
v 0.12736989557743073 0.03555994853377342 -0.045292969793081284
v 0.12715500593185425 0.03488599881529808 -0.044999949634075165
v 0.12743499875068665 0.035766951739788055 -0.04561698064208031
v 0.11591999977827072 0.0388449989259243 -0.04561698064208031
v 0.12736989557743073 0.03555994853377342 -0.045292969793081284
v 0.12736989557743073 0.03555994853377342 -0.045292969793081284
v 0.11591999977827072 0.0388449989259243 -0.04561698064208031
v 0.1158050000667572 0.03831595182418823 -0.045075949281454086
v 0.12736989557743073 0.03555994853377342 -0.045292969793081284
v 0.1158050000667572 0.03831595182418823 -0.045075949281454086
v 0.12715500593185425 0.03488599881529808 -0.044999949634075165
v 0.11591999977827072 0.0388449989259243 -0.04561698064208031
v 0.1103919968008995 0.03999799117445946 -0.04600000008940697
v 0.10414090007543564 0.04061596840620041 -0.045292969793081284
v 0.11591999977827072 0.0388449989259243 -0.04561698064208031
v 0.10414090007543564 0.04061596840620041 -0.045292969793081284
v 0.1158050000667572 0.03831595182418823 -0.045075949281454086
v 0.1158050000667572 0.03831595182418823 -0.045075949281454086
v 0.10414090007543564 0.04061596840620041 -0.045292969793081284
v 0.12715500593185425 0.03488599881529808 -0.044999949634075165
v 0.12715500593185425 0.03488599881529808 -0.044999949634075165
v 0.10414090007543564 0.04061596840620041 -0.045292969793081284
v 0.09175997227430344 0.040797941386699677 -0.04498796910047531
v 0.1103919968008995 0.03999799117445946 -0.04600000008940697
v 0.10417599976062775 0.040906958281993866 -0.04600000008940697
v 0.10414090007543564 0.04061596840620041 -0.045292969793081284
v 0.10414090007543564 0.04061596840620041 -0.045292969793081284
v 0.10417599976062775 0.040906958281993866 -0.04600000008940697
v 0.0934099480509758 0.041749000549316406 -0.04600000008940697
v 0.10414090007543564 0.04061596840620041 -0.045292969793081284
v 0.0934099480509758 0.041749000549316406 -0.04600000008940697
v 0.09227298945188522 0.04149198159575462 -0.045292969793081284
v 0.10414090007543564 0.04061596840620041 -0.045292969793081284
v 0.09227298945188522 0.04149198159575462 -0.045292969793081284
v 0.09175997227430344 0.040797941386699677 -0.04498796910047531
v 0.09175997227430344 0.040797941386699677 -0.04498796910047531
v 0.09227298945188522 0.04149198159575462 -0.045292969793081284
v 0.08949798345565796 0.040828999131917953 -0.04461300000548363
v 0.0934099480509758 0.041749000549316406 -0.04600000008940697
v 0.08692896366119385 0.04179095849394798 -0.04469596967101097
v 0.09227298945188522 0.04149198159575462 -0.045292969793081284
v 0.09227298945188522 0.04149198159575462 -0.045292969793081284
v 0.08692896366119385 0.04179095849394798 -0.04469596967101097
v 0.08949798345565796 0.040828999131917953 -0.04461300000548363
v 0.07559198141098022 0.04009896144270897 -0.04062496870756149
v 0.08949798345565796 0.040828999131917953 -0.04461300000548363
v 0.07547097653150558 0.04071497172117233 -0.040813978761434555
v 0.07559198141098022 0.04009896144270897 -0.04062496870756149
v 0.07547097653150558 0.04071497172117233 -0.040813978761434555
v 0.06947600096464157 0.03960495814681053 -0.038923971354961395
v 0.07559198141098022 0.04009896144270897 -0.04062496870756149
v 0.06947600096464157 0.03960495814681053 -0.038923971354961395
v 0.06541799753904343 0.03857797011733055 -0.03770798072218895
v 0.06541799753904343 0.03857797011733055 -0.03770798072218895
v 0.06947600096464157 0.03960495814681053 -0.038923971354961395
v 0.06334400177001953 0.038815971463918686 -0.03734397143125534
v 0.06541799753904343 0.03857797011733055 -0.03770798072218895
v 0.06334400177001953 0.038815971463918686 -0.03734397143125534
v 0.057576000690460205 0.03681600093841553 -0.03545897826552391
v 0.06334400177001953 0.038815971463918686 -0.03734397143125534
v 0.051410969346761703 0.035849981009960175 -0.03402698040008545
v 0.057576000690460205 0.03681600093841553 -0.03545897826552391
v 0.057576000690460205 0.03681600093841553 -0.03545897826552391
v 0.051410969346761703 0.035849981009960175 -0.03402698040008545
v 0.05170195922255516 0.03514498099684715 -0.0337749682366848
v 0.08692896366119385 0.04179095849394798 -0.04469596967101097
v 0.07634598016738892 0.04121093824505806 -0.04190998896956444
v 0.07547097653150558 0.04071497172117233 -0.040813978761434555
v 0.07547097653150558 0.04071497172117233 -0.040813978761434555
v 0.07634598016738892 0.04121093824505806 -0.04190998896956444
v 0.06916695088148117 0.04026800021529198 -0.03963695839047432
v 0.06916695088148117 0.04026800021529198 -0.03963695839047432
v 0.0630449578166008 0.039178960025310516 -0.03812599182128906
v 0.06334400177001953 0.038815971463918686 -0.03734397143125534
v 0.06334400177001953 0.038815971463918686 -0.03734397143125534
v 0.0630449578166008 0.039178960025310516 -0.03812599182128906
v 0.05704997852444649 0.03778398036956787 -0.036419980227947235
v 0.06334400177001953 0.038815971463918686 -0.03734397143125534
v 0.05704997852444649 0.03778398036956787 -0.036419980227947235
v 0.051410969346761703 0.035849981009960175 -0.03402698040008545
v 0.051410969346761703 0.035849981009960175 -0.03402698040008545
v 0.05704997852444649 0.03778398036956787 -0.036419980227947235
v 0.051129989326000214 0.03609997034072876 -0.034735970199108124
v 0.07547097653150558 0.04071497172117233 -0.040813978761434555
v 0.06916695088148117 0.04026800021529198 -0.03963695839047432
v 0.06947600096464157 0.03960495814681053 -0.038923971354961395
v 0.06947600096464157 0.03960495814681053 -0.038923971354961395
v 0.06916695088148117 0.04026800021529198 -0.03963695839047432
v 0.06334400177001953 0.038815971463918686 -0.03734397143125534
v 0.08949798345565796 0.040828999131917953 -0.04461300000548363
v 0.08692896366119385 0.04179095849394798 -0.04469596967101097
v 0.07547097653150558 0.04071497172117233 -0.040813978761434555
v 0.051129989326000214 0.03609997034072876 -0.034735970199108124
v 0.04587893933057785 0.034370001405477524 -0.0339999683201313
v 0.047732941806316376 0.03467195853590965 -0.0333629809319973
v 0.051410969346761703 0.035849981009960175 -0.03402698040008545
v 0.047732941806316376 0.03467195853590965 -0.0333629809319973
v 0.04799199104309082 0.033992938697338104 -0.033080991357564926
v 0.051410969346761703 0.035849981009960175 -0.03402698040008545
v 0.04799199104309082 0.033992938697338104 -0.033080991357564926
v 0.05170195922255516 0.03514498099684715 -0.0337749682366848
v 0.051129989326000214 0.03609997034072876 -0.034735970199108124
v 0.047732941806316376 0.03467195853590965 -0.0333629809319973
v 0.051410969346761703 0.035849981009960175 -0.03402698040008545
v 0.047732941806316376 0.03467195853590965 -0.0333629809319973
v 0.04587893933057785 0.034370001405477524 -0.0339999683201313
v 0.0388449989259243 0.0320049487054348 -0.03329294174909592
v 0.047732941806316376 0.03467195853590965 -0.0333629809319973
v 0.0388449989259243 0.0320049487054348 -0.03329294174909592
v 0.046188950538635254 0.03341894969344139 -0.03299998864531517
v 0.047732941806316376 0.03467195853590965 -0.0333629809319973
v 0.046188950538635254 0.03341894969344139 -0.03299998864531517
v 0.04799199104309082 0.033992938697338104 -0.033080991357564926
v 0.002934992080554366 0.02856897935271263 -0.0339999683201313
v 0.0029209849890321493 0.028275959193706512 -0.03329294174909592
v 0.010339969769120216 0.02844798006117344 -0.0339999683201313
v 0.0029209849890321493 0.028275959193706512 -0.03329294174909592
v 0.002887964015826583 0.02756994031369686 -0.03299998864531517
v 0.010354990139603615 0.027447989210486412 -0.03299998864531517
v 0.023521950468420982 0.02936594933271408 -0.0339999683201313
v 0.019914979115128517 0.02890794910490513 -0.033653970807790756
v 0.029416970908641815 0.030191000550985336 -0.033653970807790756
v 0.04587893933057785 0.034370001405477524 -0.0339999683201313
v 0.038770969957113266 0.032287951558828354 -0.0339999683201313
v 0.0388449989259243 0.0320049487054348 -0.03329294174909592
v 0.046188950538635254 0.03341894969344139 -0.03299998864531517
v 0.0388449989259243 0.0320049487054348 -0.03329294174909592
v 0.03902196139097214 0.03132098168134689 -0.03299998864531517
v 0.03902196139097214 0.03132098168134689 -0.03299998864531517
v 0.0388449989259243 0.0320049487054348 -0.03329294174909592
v 0.02957998961210251 0.029266949743032455 -0.03299998864531517
v 0.0388449989259243 0.0320049487054348 -0.03329294174909592
v 0.0294569693505764 0.029963970184326172 -0.03329294174909592
v 0.02957998961210251 0.029266949743032455 -0.03299998864531517
v 0.02957998961210251 0.029266949743032455 -0.03299998864531517
v 0.0294569693505764 0.029963970184326172 -0.03329294174909592
v 0.019936969503760338 0.028677990660071373 -0.03329294174909592
v 0.02957998961210251 0.029266949743032455 -0.03299998864531517
v 0.019936969503760338 0.028677990660071373 -0.03329294174909592
v 0.020002959296107292 0.02797394059598446 -0.03299998864531517
v 0.020002959296107292 0.02797394059598446 -0.03299998864531517
v 0.019936969503760338 0.028677990660071373 -0.03329294174909592
v 0.010343959555029869 0.02815495990216732 -0.03329294174909592
v 0.020002959296107292 0.02797394059598446 -0.03299998864531517
v 0.010343959555029869 0.02815495990216732 -0.03329294174909592
v 0.010354990139603615 0.027447989210486412 -0.03299998864531517
v 0.010354990139603615 0.027447989210486412 -0.03299998864531517
v 0.010343959555029869 0.02815495990216732 -0.03329294174909592
v 0.0029209849890321493 0.028275959193706512 -0.03329294174909592
v 0.0388449989259243 0.0320049487054348 -0.03329294174909592
v 0.038770969957113266 0.032287951558828354 -0.0339999683201313
v 0.029416970908641815 0.030191000550985336 -0.033653970807790756
v 0.0388449989259243 0.0320049487054348 -0.03329294174909592
v 0.029416970908641815 0.030191000550985336 -0.033653970807790756
v 0.0294569693505764 0.029963970184326172 -0.03329294174909592
v 0.0294569693505764 0.029963970184326172 -0.03329294174909592
v 0.029416970908641815 0.030191000550985336 -0.033653970807790756
v 0.019914979115128517 0.02890794910490513 -0.033653970807790756
v 0.0294569693505764 0.029963970184326172 -0.03329294174909592
v 0.019914979115128517 0.02890794910490513 -0.033653970807790756
v 0.019936969503760338 0.028677990660071373 -0.03329294174909592
v 0.019936969503760338 0.028677990660071373 -0.03329294174909592
v 0.019914979115128517 0.02890794910490513 -0.033653970807790756
v 0.010339969769120216 0.02844798006117344 -0.0339999683201313
v 0.019936969503760338 0.028677990660071373 -0.03329294174909592
v 0.010339969769120216 0.02844798006117344 -0.0339999683201313
v 0.010343959555029869 0.02815495990216732 -0.03329294174909592
v 0.010343959555029869 0.02815495990216732 -0.03329294174909592
v 0.010339969769120216 0.02844798006117344 -0.0339999683201313
v 0.0029209849890321493 0.028275959193706512 -0.03329294174909592
v 0.002934992080554366 0.02856897935271263 -0.0339999683201313
v -0.004123984836041927 0.02911096066236496 -0.03538398817181587
v -0.004423975013196468 0.02883397974073887 -0.034714989364147186
v -0.0009319999953731894 0.02779597043991089 -0.03336799144744873
v -0.004423975013196468 0.02883397974073887 -0.034714989364147186
v -0.004604994785040617 0.028115980327129364 -0.03445595130324364
v 0.0029209849890321493 0.028275959193706512 -0.03329294174909592
v 0.002934992080554366 0.02856897935271263 -0.0339999683201313
v -0.004423975013196468 0.02883397974073887 -0.034714989364147186
v 0.0029209849890321493 0.028275959193706512 -0.03329294174909592
v -0.004423975013196468 0.02883397974073887 -0.034714989364147186
v -0.0009319999953731894 0.02779597043991089 -0.03336799144744873
v 0.0029209849890321493 0.028275959193706512 -0.03329294174909592
v -0.0009319999953731894 0.02779597043991089 -0.03336799144744873
v 0.002887964015826583 0.02756994031369686 -0.03299998864531517
v -0.015301999635994434 0.030510960146784782 -0.039122991263866425
v -0.015545959584414959 0.02979099005460739 -0.03887695074081421
v -0.01009397953748703 0.028828969225287437 -0.03667395934462547
v -0.004123984836041927 0.02911096066236496 -0.03538398817181587
v -0.01497494988143444 0.030771970748901367 -0.04166895151138306
v -0.015301999635994434 0.030510960146784782 -0.039122991263866425
v -0.004123984836041927 0.02911096066236496 -0.03538398817181587
v -0.015301999635994434 0.030510960146784782 -0.039122991263866425
v -0.004423975013196468 0.02883397974073887 -0.034714989364147186
v -0.004423975013196468 0.02883397974073887 -0.034714989364147186
v -0.015301999635994434 0.030510960146784782 -0.039122991263866425
v -0.004604994785040617 0.028115980327129364 -0.03445595130324364
v -0.004604994785040617 0.028115980327129364 -0.03445595130324364
v -0.015301999635994434 0.030510960146784782 -0.039122991263866425
v -0.01009397953748703 0.028828969225287437 -0.03667395934462547
v -0.030135979875922203 0.031037980690598488 -0.044771958142519
v -0.015545959584414959 0.02979099005460739 -0.03887695074081421
v -0.022751979529857635 0.031192950904369354 -0.041864991188049316
v -0.022751979529857635 0.031192950904369354 -0.041864991188049316
v -0.015545959584414959 0.02979099005460739 -0.03887695074081421
v -0.015301999635994434 0.030510960146784782 -0.039122991263866425
v -0.022751979529857635 0.031192950904369354 -0.041864991188049316
v -0.015301999635994434 0.030510960146784782 -0.039122991263866425
v -0.022489959374070168 0.03176200017333031 -0.04239397868514061
v -0.022489959374070168 0.03176200017333031 -0.04239397868514061
v -0.015301999635994434 0.030510960146784782 -0.039122991263866425
v -0.01497494988143444 0.030771970748901367 -0.04166895151138306
v -0.022489959374070168 0.03176200017333031 -0.04239397868514061
v -0.029904959723353386 0.03198397159576416 -0.04540795087814331
v -0.022751979529857635 0.031192950904369354 -0.041864991188049316
v -0.022751979529857635 0.031192950904369354 -0.041864991188049316
v -0.029904959723353386 0.03198397159576416 -0.04540795087814331
v -0.030135979875922203 0.031037980690598488 -0.044771958142519
v -0.004604994785040617 -0.03173898905515671 -0.03445595130324364
v -0.004604994785040617 0.028115980327129364 -0.03445595130324364
v -0.016296980902552605 -0.03480498865246773 -0.039179980754852295
v -0.016296980902552605 -0.03480498865246773 -0.039179980754852295
v -0.004604994785040617 0.028115980327129364 -0.03445595130324364
v -0.01009397953748703 0.028828969225287437 -0.03667395934462547
v -0.016296980902552605 -0.03480498865246773 -0.039179980754852295
v -0.01009397953748703 0.028828969225287437 -0.03667395934462547
v -0.024981969967484474 -0.036059968173503876 -0.04268895834684372
v -0.01009397953748703 0.028828969225287437 -0.03667395934462547
v -0.015545959584414959 0.02979099005460739 -0.03887695074081421
v -0.024981969967484474 -0.036059968173503876 -0.04268895834684372
v -0.024981969967484474 -0.036059968173503876 -0.04268895834684372
v -0.015545959584414959 0.02979099005460739 -0.03887695074081421
v -0.030135979875922203 0.031037980690598488 -0.044771958142519
v -0.024981969967484474 -0.036059968173503876 -0.04268895834684372
v -0.030135979875922203 0.031037980690598488 -0.044771958142519
v -0.030135979875922203 -0.03641295060515404 -0.044771958142519
v -0.033881958574056625 0.03079497069120407 -0.045499980449676514
v -0.033881958574056625 -0.03648697957396507 -0.045499980449676514
v -0.0319739505648613 -0.036471959203481674 -0.04531598091125488
v -0.033881958574056625 0.03079497069120407 -0.045499980449676514
v -0.0319739505648613 -0.036471959203481674 -0.04531598091125488
v -0.031627949327230453 0.03097200021147728 -0.04524296149611473
v -0.031627949327230453 0.03097200021147728 -0.04524296149611473
v -0.0319739505648613 -0.036471959203481674 -0.04531598091125488
v -0.030135979875922203 -0.03641295060515404 -0.044771958142519
v -0.031627949327230453 0.03097200021147728 -0.04524296149611473
v -0.030135979875922203 -0.03641295060515404 -0.044771958142519
v -0.030135979875922203 0.031037980690598488 -0.044771958142519
v -0.033881958574056625 0.03079497069120407 -0.045499980449676514
v -0.06242799013853073 0.005543947219848633 -0.045499980449676514
v -0.033881958574056625 -0.03648697957396507 -0.045499980449676514
v -0.033881958574056625 -0.03648697957396507 -0.045499980449676514
v -0.06242799013853073 0.005543947219848633 -0.045499980449676514
v -0.06223595142364502 -0.014618990011513233 -0.045499980449676514
v -0.05767399072647095 0.020411960780620575 -0.045499980449676514
v -0.060440000146627426 0.016459999606013298 -0.045637961477041245
v -0.06242799013853073 0.005543947219848633 -0.045499980449676514
v -0.06242799013853073 0.005543947219848633 -0.045499980449676514
v -0.033881958574056625 0.03079497069120407 -0.045499980449676514
v -0.049761950969696045 0.027324970811605453 -0.045499980449676514
v -0.06242799013853073 0.005543947219848633 -0.045499980449676514
v -0.049761950969696045 0.027324970811605453 -0.045499980449676514
v -0.05767399072647095 0.020411960780620575 -0.045499980449676514
v -0.033881958574056625 -0.03648697957396507 -0.045499980449676514
v -0.050827980041503906 -0.033424969762563705 -0.04556196182966232
v -0.04396200180053711 -0.03606396168470383 -0.04556196182966232
v -0.06223595142364502 -0.014618990011513233 -0.045499980449676514
v -0.058402951806783676 -0.025917939841747284 -0.045499980449676514
v -0.033881958574056625 -0.03648697957396507 -0.045499980449676514
v -0.033881958574056625 -0.03648697957396507 -0.045499980449676514
v -0.058402951806783676 -0.025917939841747284 -0.045499980449676514
v -0.050827980041503906 -0.033424969762563705 -0.04556196182966232
v -0.005050957202911377 0.0292129497975111 -0.0383339487016201
v -0.01497494988143444 0.030771970748901367 -0.04166895151138306
v -0.004123984836041927 0.02911096066236496 -0.03538398817181587
v -0.005050957202911377 0.0292129497975111 -0.0383339487016201
v -0.004123984836041927 0.02911096066236496 -0.03538398817181587
v -0.0010329480282962322 0.028821999207139015 -0.03733700141310692
v -0.0010329480282962322 0.028821999207139015 -0.03733700141310692
v -0.004123984836041927 0.02911096066236496 -0.03538398817181587
v 0.002934992080554366 0.02856897935271263 -0.0339999683201313
v -0.0010329480282962322 0.028821999207139015 -0.03733700141310692
v 0.002934992080554366 0.02856897935271263 -0.0339999683201313
v 0.0030999770388007164 0.02849799022078514 -0.03734796866774559
v 0.0030999770388007164 0.02849799022078514 -0.03734796866774559
v 0.002934992080554366 0.02856897935271263 -0.0339999683201313
v 0.01236896961927414 0.02849400043487549 -0.03700000047683716
v 0.01236896961927414 0.02849400043487549 -0.03700000047683716
v 0.002934992080554366 0.02856897935271263 -0.0339999683201313
v 0.010339969769120216 0.02844798006117344 -0.0339999683201313
v 0.01236896961927414 0.02849400043487549 -0.03700000047683716
v 0.010339969769120216 0.02844798006117344 -0.0339999683201313
v 0.023657970130443573 0.02938299998641014 -0.03700000047683716
v 0.010339969769120216 0.02844798006117344 -0.0339999683201313
v 0.019914979115128517 0.02890794910490513 -0.033653970807790756
v 0.023657970130443573 0.02938299998641014 -0.03700000047683716
v 0.023657970130443573 0.02938299998641014 -0.03700000047683716
v 0.019914979115128517 0.02890794910490513 -0.033653970807790756
v 0.023521950468420982 0.02936594933271408 -0.0339999683201313
v 0.023657970130443573 0.02938299998641014 -0.03700000047683716
v 0.023521950468420982 0.02936594933271408 -0.0339999683201313
v 0.03481400012969971 0.031331948935985565 -0.03700000047683716
v 0.023521950468420982 0.02936594933271408 -0.0339999683201313
v 0.029416970908641815 0.030191000550985336 -0.033653970807790756
v 0.03481400012969971 0.031331948935985565 -0.03700000047683716
v 0.03481400012969971 0.031331948935985565 -0.03700000047683716
v 0.029416970908641815 0.030191000550985336 -0.033653970807790756
v 0.038770969957113266 0.032287951558828354 -0.0339999683201313
v 0.03481400012969971 0.031331948935985565 -0.03700000047683716
v 0.038770969957113266 0.032287951558828354 -0.0339999683201313
v 0.043771978467702866 0.03370295837521553 -0.03700000047683716
v 0.043771978467702866 0.03370295837521553 -0.03700000047683716
v 0.038770969957113266 0.032287951558828354 -0.0339999683201313
v 0.04587893933057785 0.034370001405477524 -0.0339999683201313
v 0.043771978467702866 0.03370295837521553 -0.03700000047683716
v 0.04587893933057785 0.034370001405477524 -0.0339999683201313
v 0.04755096882581711 0.0348619781434536 -0.0376349613070488
v 0.015507989563047886 0.027632949873805046 -0.03799998015165329
v 0.01239996962249279 0.02749495953321457 -0.03799998015165329
v 0.012377969920635223 0.0281980000436306 -0.037709951400756836
v 0.0030999770388007164 0.02849799022078514 -0.03734796866774559
v 0.01236896961927414 0.02849400043487549 -0.03700000047683716
v 0.012377969920635223 0.0281980000436306 -0.037709951400756836
v 0.0030999770388007164 0.02849799022078514 -0.03734796866774559
v 0.012377969920635223 0.0281980000436306 -0.037709951400756836
v 0.0030569429509341717 0.027561960741877556 -0.03799998015165329
v 0.0030569429509341717 0.027561960741877556 -0.03799998015165329
v 0.012377969920635223 0.0281980000436306 -0.037709951400756836
v 0.01239996962249279 0.02749495953321457 -0.03799998015165329
v 0.04406499117612839 0.032746970653533936 -0.03799998015165329
v 0.03503197059035301 0.0303569994866848 -0.03799998015165329
v 0.043859001249074936 0.033419959247112274 -0.037709951400756836
v 0.043859001249074936 0.033419959247112274 -0.037709951400756836
v 0.03503197059035301 0.0303569994866848 -0.03799998015165329
v 0.034877948462963104 0.03104298934340477 -0.037709951400756836
v 0.043859001249074936 0.033419959247112274 -0.037709951400756836
v 0.034877948462963104 0.03104298934340477 -0.037709951400756836
v 0.03481400012969971 0.031331948935985565 -0.03700000047683716
v 0.043859001249074936 0.033419959247112274 -0.037709951400756836
v 0.03481400012969971 0.031331948935985565 -0.03700000047683716
v 0.043771978467702866 0.03370295837521553 -0.03700000047683716
v 0.03503197059035301 0.0303569994866848 -0.03799998015165329
v 0.023783979937434196 0.028390999883413315 -0.03799998015165329
v 0.034877948462963104 0.03104298934340477 -0.037709951400756836
v 0.034877948462963104 0.03104298934340477 -0.037709951400756836
v 0.023783979937434196 0.028390999883413315 -0.03799998015165329
v 0.02369599975645542 0.029089979827404022 -0.037709951400756836
v 0.034877948462963104 0.03104298934340477 -0.037709951400756836
v 0.02369599975645542 0.029089979827404022 -0.037709951400756836
v 0.03481400012969971 0.031331948935985565 -0.03700000047683716
v 0.03481400012969971 0.031331948935985565 -0.03700000047683716
v 0.02369599975645542 0.029089979827404022 -0.037709951400756836
v 0.023657970130443573 0.02938299998641014 -0.03700000047683716
v 0.023783979937434196 0.028390999883413315 -0.03799998015165329
v 0.015507989563047886 0.027632949873805046 -0.03799998015165329
v 0.012377969920635223 0.0281980000436306 -0.037709951400756836
v 0.023783979937434196 0.028390999883413315 -0.03799998015165329
v 0.012377969920635223 0.0281980000436306 -0.037709951400756836
v 0.02369599975645542 0.029089979827404022 -0.037709951400756836
v 0.02369599975645542 0.029089979827404022 -0.037709951400756836
v 0.012377969920635223 0.0281980000436306 -0.037709951400756836
v 0.023657970130443573 0.02938299998641014 -0.03700000047683716
v 0.023657970130443573 0.02938299998641014 -0.03700000047683716
v 0.012377969920635223 0.0281980000436306 -0.037709951400756836
v 0.01236896961927414 0.02849400043487549 -0.03700000047683716
v 0.043771978467702866 0.03370295837521553 -0.03700000047683716
v 0.04755096882581711 0.0348619781434536 -0.0376349613070488
v 0.043859001249074936 0.033419959247112274 -0.037709951400756836
v 0.043859001249074936 0.033419959247112274 -0.037709951400756836
v 0.04755096882581711 0.0348619781434536 -0.0376349613070488
v 0.04406499117612839 0.032746970653533936 -0.03799998015165329
v 0.04406499117612839 0.032746970653533936 -0.03799998015165329
v 0.04755096882581711 0.0348619781434536 -0.0376349613070488
v 0.04775397852063179 0.033992938697338104 -0.03827399015426636
v 0.04775397852063179 0.033992938697338104 -0.03827399015426636
v 0.04755096882581711 0.0348619781434536 -0.0376349613070488
v 0.04985499009490013 0.034720949828624725 -0.038679949939250946
v 0.08842896670103073 0.04082994908094406 -0.04786396026611328
v 0.07645100355148315 0.04023896902799606 -0.045011989772319794
v 0.07648599147796631 0.04109698161482811 -0.044514000415802
v 0.07648599147796631 0.04109698161482811 -0.044514000415802
v 0.07645100355148315 0.04023896902799606 -0.045011989772319794
v 0.06434696167707443 0.03846894949674606 -0.042129989713430405
v 0.06428395956754684 0.03907698020339012 -0.04189395159482956
v 0.06434696167707443 0.03846894949674606 -0.042129989713430405
v 0.053023990243673325 0.036014970391988754 -0.03938496112823486
v 0.053023990243673325 0.036014970391988754 -0.03938496112823486
v 0.06434696167707443 0.03846894949674606 -0.042129989713430405
v 0.04985499009490013 0.034720949828624725 -0.038679949939250946
v 0.05301593989133835 0.03665899857878685 -0.038623981177806854
v 0.05950896814465523 0.03839296102523804 -0.04000496119260788
v 0.06435494869947433 0.03943198174238205 -0.04130398854613304
v 0.07043199986219406 0.04047399014234543 -0.04274100065231323
v 0.07634598016738892 0.04121093824505806 -0.04398297891020775
v 0.07648599147796631 0.04109698161482811 -0.044514000415802
v 0.07648599147796631 0.04109698161482811 -0.044514000415802
v 0.07634598016738892 0.04121093824505806 -0.04398297891020775
v 0.0826990008354187 0.04166799038648605 -0.04564100131392479
v 0.07648599147796631 0.04109698161482811 -0.044514000415802
v 0.0826990008354187 0.04166799038648605 -0.04564100131392479
v 0.08854495733976364 0.041698988527059555 -0.04737197980284691
v 0.08854495733976364 0.041698988527059555 -0.04737197980284691
v 0.08842896670103073 0.04082994908094406 -0.04786396026611328
v 0.07648599147796631 0.04109698161482811 -0.044514000415802
v 0.07043199986219406 0.04047399014234543 -0.04274100065231323
v 0.06428395956754684 0.03907698020339012 -0.04189395159482956
v 0.06435494869947433 0.03943198174238205 -0.04130398854613304
v 0.06435494869947433 0.03943198174238205 -0.04130398854613304
v 0.06428395956754684 0.03907698020339012 -0.04189395159482956
v 0.053023990243673325 0.036014970391988754 -0.03938496112823486
v 0.06435494869947433 0.03943198174238205 -0.04130398854613304
v 0.053023990243673325 0.036014970391988754 -0.03938496112823486
v 0.05301593989133835 0.03665899857878685 -0.038623981177806854
v 0.05301593989133835 0.03665899857878685 -0.038623981177806854
v 0.053023990243673325 0.036014970391988754 -0.03938496112823486
v 0.04755096882581711 0.0348619781434536 -0.0376349613070488
v 0.07648599147796631 0.04109698161482811 -0.044514000415802
v 0.06434696167707443 0.03846894949674606 -0.042129989713430405
v 0.07043199986219406 0.04047399014234543 -0.04274100065231323
v 0.07043199986219406 0.04047399014234543 -0.04274100065231323
v 0.06434696167707443 0.03846894949674606 -0.042129989713430405
v 0.06428395956754684 0.03907698020339012 -0.04189395159482956
v 0.053023990243673325 0.036014970391988754 -0.03938496112823486
v 0.04985499009490013 0.034720949828624725 -0.038679949939250946
v 0.04755096882581711 0.0348619781434536 -0.0376349613070488
v 0.08958697319030762 0.040827978402376175 -0.047999970614910126
v 0.08842896670103073 0.04082994908094406 -0.04786396026611328
v 0.08959095925092697 0.04153496026992798 -0.0477069616317749
v 0.08959095925092697 0.04153496026992798 -0.0477069616317749
v 0.08842896670103073 0.04082994908094406 -0.04786396026611328
v 0.08854495733976364 0.041698988527059555 -0.04737197980284691
v 0.08958697319030762 0.040827978402376175 -0.047999970614910126
v 0.08959095925092697 0.04153496026992798 -0.0477069616317749
v 0.09960997104644775 0.04075700044631958 -0.0479239784181118
v 0.08854495733976364 0.041698988527059555 -0.04737197980284691
v 0.0934099480509758 0.041749000549316406 -0.046999990940093994
v 0.08959095925092697 0.04153496026992798 -0.0477069616317749
v 0.08959095925092697 0.04153496026992798 -0.0477069616317749
v 0.0934099480509758 0.041749000549316406 -0.046999990940093994
v 0.09965597838163376 0.04129600152373314 -0.04738295078277588
v 0.09965597838163376 0.04129600152373314 -0.04738295078277588
v 0.10417599976062775 0.040906958281993866 -0.04600000008940697
v 0.10961700230836868 0.03983097895979881 -0.0477069616317749
v 0.10961700230836868 0.03983097895979881 -0.0477069616317749
v 0.10417599976062775 0.040906958281993866 -0.04600000008940697
v 0.1103919968008995 0.03999799117445946 -0.046999990940093994
v 0.10961700230836868 0.03983097895979881 -0.0477069616317749
v 0.1103919968008995 0.03999799117445946 -0.046999990940093994
v 0.11951799690723419 0.03800696134567261 -0.04738295078277588
v 0.08959095925092697 0.04153496026992798 -0.0477069616317749
v 0.09965597838163376 0.04129600152373314 -0.04738295078277588
v 0.09960997104644775 0.04075700044631958 -0.0479239784181118
v 0.09960997104644775 0.04075700044631958 -0.0479239784181118
v 0.09965597838163376 0.04129600152373314 -0.04738295078277588
v 0.10961700230836868 0.03983097895979881 -0.0477069616317749
v 0.10961700230836868 0.03983097895979881 -0.0477069616317749
v 0.11951799690723419 0.03800696134567261 -0.04738295078277588
v 0.11946599930524826 0.03779697045683861 -0.0477069616317749
v 0.11946599930524826 0.03779697045683861 -0.0477069616317749
v 0.11951799690723419 0.03800696134567261 -0.04738295078277588
v 0.12698699533939362 0.0359879694879055 -0.046999990940093994
v 0.11946599930524826 0.03779697045683861 -0.0477069616317749
v 0.12698699533939362 0.0359879694879055 -0.046999990940093994
v 0.1291230022907257 0.034987978637218475 -0.0477069616317749
v 0.12698699533939362 0.0359879694879055 -0.046999990940093994
v 0.13861200213432312 0.031623948365449905 -0.04738295078277588
v 0.1291230022907257 0.034987978637218475 -0.0477069616317749
v 0.1291230022907257 0.034987978637218475 -0.0477069616317749
v 0.13861200213432312 0.031623948365449905 -0.04738295078277588
v 0.13840000331401825 0.031124940142035484 -0.0479239784181118
v 0.09960997104644775 0.04075700044631958 -0.0479239784181118
v 0.10961700230836868 0.03983097895979881 -0.0477069616317749
v 0.10956399887800217 0.03951096162199974 -0.0479239784181118
v 0.10956399887800217 0.03951096162199974 -0.0479239784181118
v 0.10961700230836868 0.03983097895979881 -0.0477069616317749
v 0.11946599930524826 0.03779697045683861 -0.0477069616317749
v 0.11946599930524826 0.03779697045683861 -0.0477069616317749
v 0.1291230022907257 0.034987978637218475 -0.0477069616317749
v 0.1288989931344986 0.034317970275878906 -0.047999970614910126
v 0.1288989931344986 0.034317970275878906 -0.047999970614910126
v 0.1291230022907257 0.034987978637218475 -0.0477069616317749
v 0.13840000331401825 0.031124940142035484 -0.0479239784181118
v 0.08958697319030762 0.040827978402376175 -0.047999970614910126
v 0.09960997104644775 0.04075700044631958 -0.0479239784181118
v 0.10956399887800217 0.03951096162199974 -0.0479239784181118
v 0.08958697319030762 0.040827978402376175 -0.047999970614910126
v 0.10956399887800217 0.03951096162199974 -0.0479239784181118
v 0.1288989931344986 0.034317970275878906 -0.047999970614910126
v 0.1288989931344986 0.034317970275878906 -0.047999970614910126
v 0.10956399887800217 0.03951096162199974 -0.0479239784181118
v 0.11946599930524826 0.03779697045683861 -0.0477069616317749
v 0.1288989931344986 0.034317970275878906 -0.047999970614910126
v 0.13840000331401825 0.031124940142035484 -0.0479239784181118
v 0.14495499432086945 0.027109980583190918 -0.047999970614910126
v 0.14544300734996796 0.02782594971358776 -0.04749995097517967
v 0.13840000331401825 0.031124940142035484 -0.0479239784181118
v 0.13861200213432312 0.031623948365449905 -0.04738295078277588
v 0.13861200213432312 0.031623948365449905 -0.04738295078277588
v 0.14217199385166168 0.029983989894390106 -0.046999990940093994
v 0.14544300734996796 0.02782594971358776 -0.04749995097517967
v 0.14544300734996796 0.02782594971358776 -0.04749995097517967
v 0.1486479938030243 0.025570979341864586 -0.046999990940093994
v 0.14832690358161926 0.025187959894537926 -0.04786597937345505
v 0.14832690358161926 0.025187959894537926 -0.04786597937345505
v 0.1486479938030243 0.025570979341864586 -0.046999990940093994
v 0.1514350026845932 0.02281695045530796 -0.04749995097517967
v 0.1583150029182434 0.013363949954509735 -0.04749995097517967
v 0.1600089967250824 0.009836970828473568 -0.04738295078277588
v 0.1596159040927887 0.009677945636212826 -0.04786597937345505
v 0.15633490681648254 0.016735969111323357 -0.04749995097517967
v 0.1583150029182434 0.013363949954509735 -0.04749995097517967
v 0.1596159040927887 0.009677945636212826 -0.04786597937345505
v 0.13840000331401825 0.031124940142035484 -0.0479239784181118
v 0.14544300734996796 0.02782594971358776 -0.04749995097517967
v 0.14495499432086945 0.027109980583190918 -0.047999970614910126
v 0.14495499432086945 0.027109980583190918 -0.047999970614910126
v 0.14544300734996796 0.02782594971358776 -0.04749995097517967
v 0.14832690358161926 0.025187959894537926 -0.04786597937345505
v 0.14495499432086945 0.027109980583190918 -0.047999970614910126
v 0.14832690358161926 0.025187959894537926 -0.04786597937345505
v 0.15561099350452423 0.01626097969710827 -0.047999970614910126
v 0.15561099350452423 0.01626097969710827 -0.047999970614910126
v 0.14832690358161926 0.025187959894537926 -0.04786597937345505
v 0.1514350026845932 0.02281695045530796 -0.04749995097517967
v 0.15561099350452423 0.01626097969710827 -0.047999970614910126
v 0.1514350026845932 0.02281695045530796 -0.04749995097517967
v 0.15403400361537933 0.019895970821380615 -0.04749995097517967
v 0.15561099350452423 0.01626097969710827 -0.047999970614910126
v 0.15403400361537933 0.019895970821380615 -0.04749995097517967
v 0.15633490681648254 0.016735969111323357 -0.04749995097517967
v 0.15561099350452423 0.01626097969710827 -0.047999970614910126
v 0.15633490681648254 0.016735969111323357 -0.04749995097517967
v 0.1596159040927887 0.009677945636212826 -0.04786597937345505
v 0.15561099350452423 0.01626097969710827 -0.047999970614910126
v 0.1596159040927887 0.009677945636212826 -0.04786597937345505
v 0.15964999794960022 0.007275998126715422 -0.047999970614910126
v 0.1592310070991516 0.0024379489477723837 -0.04738295078277588
v 0.15751299262046814 0.0005080000264570117 -0.046999990940093994
v 0.15733590722084045 0.0007409999961964786 -0.0477069616317749
v 0.15733590722084045 0.0007409999961964786 -0.0477069616317749
v 0.15751299262046814 0.0005080000264570117 -0.046999990940093994
v 0.15519799292087555 -0.0006380000268109143 -0.04738295078277588
v 0.16057200729846954 0.007329999934881926 -0.04738295078277588
v 0.1596159040927887 0.009677945636212826 -0.04786597937345505
v 0.1600089967250824 0.009836970828473568 -0.04738295078277588
v 0.160303995013237 0.004773973952978849 -0.04738295078277588
v 0.1592310070991516 0.0024379489477723837 -0.04738295078277588
v 0.1587820053100586 0.0027409789618104696 -0.0479239784181118
v 0.1587820053100586 0.0027409789618104696 -0.0479239784181118
v 0.1592310070991516 0.0024379489477723837 -0.04738295078277588
v 0.15733590722084045 0.0007409999961964786 -0.0477069616317749
v 0.15733590722084045 0.0007409999961964786 -0.0477069616317749
v 0.15519799292087555 -0.0006380000268109143 -0.04738295078277588
v 0.15502500534057617 -0.0001250000059371814 -0.0479239784181118
v 0.152661994099617 -0.0011299840407446027 -0.046999990940093994
v 0.152661994099617 -0.0010539880022406578 -0.04738295078277588
v 0.15519799292087555 -0.0006380000268109143 -0.04738295078277588
v 0.15519799292087555 -0.0006380000268109143 -0.04738295078277588
v 0.152661994099617 -0.0010539880022406578 -0.04738295078277588
v 0.15502500534057617 -0.0001250000059371814 -0.0479239784181118
v 0.15502500534057617 -0.0001250000059371814 -0.0479239784181118
v 0.152661994099617 -0.0010539880022406578 -0.04738295078277588
v 0.152661994099617 -0.00013000000035390258 -0.047999970614910126
v 0.16057200729846954 0.007329999934881926 -0.04738295078277588
v 0.160303995013237 0.004773973952978849 -0.04738295078277588
v 0.1587820053100586 0.0027409789618104696 -0.0479239784181118
v 0.1596159040927887 0.009677945636212826 -0.04786597937345505
v 0.16057200729846954 0.007329999934881926 -0.04738295078277588
v 0.15964999794960022 0.007275998126715422 -0.047999970614910126
v 0.15964999794960022 0.007275998126715422 -0.047999970614910126
v 0.16057200729846954 0.007329999934881926 -0.04738295078277588
v 0.1587820053100586 0.0027409789618104696 -0.0479239784181118
v 0.1587820053100586 0.0027409789618104696 -0.0479239784181118
v 0.15733590722084045 0.0007409999961964786 -0.0477069616317749
v 0.15502500534057617 -0.0001250000059371814 -0.0479239784181118
v 0.152661994099617 -0.0010539880022406578 -0.04561698064208031
v 0.152661994099617 -0.0011299840407446027 -0.046999990940093994
v 0.15522189438343048 -0.0007099999929778278 -0.04600000008940697
v 0.15522189438343048 -0.0007099999929778278 -0.04600000008940697
v 0.152661994099617 -0.0011299840407446027 -0.046999990940093994
v 0.15519799292087555 -0.0006380000268109143 -0.04738295078277588
v 0.15522189438343048 -0.0007099999929778278 -0.04600000008940697
v 0.15519799292087555 -0.0006380000268109143 -0.04738295078277588
v 0.15751299262046814 0.0005080000264570117 -0.046999990940093994
v 0.15522189438343048 -0.0007099999929778278 -0.04600000008940697
v 0.15751299262046814 0.0005080000264570117 -0.046999990940093994
v 0.15746699273586273 0.00056900002527982 -0.04561698064208031
v 0.15746699273586273 0.00056900002527982 -0.04561698064208031
v 0.15751299262046814 0.0005080000264570117 -0.046999990940093994
v 0.1592310070991516 0.0024379489477723837 -0.04561698064208031
v 0.1592310070991516 0.0024379489477723837 -0.04561698064208031
v 0.15751299262046814 0.0005080000264570117 -0.046999990940093994
v 0.1592310070991516 0.0024379489477723837 -0.04738295078277588
v 0.1592310070991516 0.0024379489477723837 -0.04561698064208031
v 0.1592310070991516 0.0024379489477723837 -0.04738295078277588
v 0.16037699580192566 0.004753946792334318 -0.04600000008940697
v 0.16037699580192566 0.004753946792334318 -0.04600000008940697
v 0.1592310070991516 0.0024379489477723837 -0.04738295078277588
v 0.160303995013237 0.004773973952978849 -0.04738295078277588
v 0.16037699580192566 0.004753946792334318 -0.04600000008940697
v 0.160303995013237 0.004773973952978849 -0.04738295078277588
v 0.16057200729846954 0.007329999934881926 -0.04738295078277588
v 0.16037699580192566 0.004753946792334318 -0.04600000008940697
v 0.16057200729846954 0.007329999934881926 -0.04738295078277588
v 0.16057200729846954 0.007329999934881926 -0.04561698064208031
v 0.16057200729846954 0.007329999934881926 -0.04561698064208031
v 0.16057200729846954 0.007329999934881926 -0.04738295078277588
v 0.1598079949617386 0.009755969047546387 -0.045292969793081284
v 0.1598079949617386 0.009755969047546387 -0.045292969793081284
v 0.16057200729846954 0.007329999934881926 -0.04738295078277588
v 0.1600089967250824 0.009836970828473568 -0.04738295078277588
v 0.152661994099617 -0.0010539880022406578 -0.04561698064208031
v 0.10040190070867538 -0.0011299840407446027 -0.04600000008940697
v 0.152661994099617 -0.0011299840407446027 -0.046999990940093994
v 0.152661994099617 -0.0011299840407446027 -0.046999990940093994
v 0.10040190070867538 -0.0011299840407446027 -0.04600000008940697
v 0.10040190070867538 -0.0010539880022406578 -0.04738295078277588
v 0.10040190070867538 -0.005206942092627287 -0.04561698064208031
v 0.10040190070867538 -0.00512999203056097 -0.046999990940093994
v 0.09950195997953415 -0.00500094797462225 -0.04561698064208031
v 0.09950195997953415 -0.00500094797462225 -0.04561698064208031
v 0.10040190070867538 -0.00512999203056097 -0.046999990940093994
v 0.0983780026435852 -0.0035919540096074343 -0.04738295078277588
v 0.09950195997953415 -0.00500094797462225 -0.04561698064208031
v 0.0983780026435852 -0.0035919540096074343 -0.04738295078277588
v 0.0983780026435852 -0.0026679630391299725 -0.04561698064208031
v 0.0983780026435852 -0.0026679630391299725 -0.04561698064208031
v 0.0983780026435852 -0.0035919540096074343 -0.04738295078277588
v 0.09950195997953415 -0.0012599820038303733 -0.04738295078277588
v 0.0983780026435852 -0.0026679630391299725 -0.04561698064208031
v 0.09950195997953415 -0.0012599820038303733 -0.04738295078277588
v 0.09950195997953415 -0.0012599820038303733 -0.04561698064208031
v 0.09950195997953415 -0.0012599820038303733 -0.04561698064208031
v 0.09950195997953415 -0.0012599820038303733 -0.04738295078277588
v 0.10040190070867538 -0.0011299840407446027 -0.04600000008940697
v 0.10040190070867538 -0.0011299840407446027 -0.04600000008940697
v 0.09950195997953415 -0.0012599820038303733 -0.04738295078277588
v 0.10040190070867538 -0.0010539880022406578 -0.04738295078277588
v 0.0983780026435852 -0.0035919540096074343 -0.04738295078277588
v 0.0974779725074768 -0.003797947894781828 -0.047999970614910126
v 0.09805697202682495 -0.0012599820038303733 -0.047999970614910126
v 0.10040190070867538 -0.00013000000035390258 -0.047999970614910126
v 0.09950195997953415 -0.0012599820038303733 -0.04738295078277588
v 0.09805697202682495 -0.0012599820038303733 -0.047999970614910126
v 0.09805697202682495 -0.00500094797462225 -0.047999970614910126
v 0.10040190070867538 -0.005206942092627287 -0.04738295078277588
v 0.10040190070867538 -0.0061299800872802734 -0.047999970614910126
v 0.10040190070867538 -0.00013000000035390258 -0.047999970614910126
v 0.10040190070867538 -0.0005130000063218176 -0.0479239784181118
v 0.09950195997953415 -0.0012599820038303733 -0.04738295078277588
v 0.09950195997953415 -0.0012599820038303733 -0.04738295078277588
v 0.10040190070867538 -0.0005130000063218176 -0.0479239784181118
v 0.10040190070867538 -0.0010539880022406578 -0.04738295078277588
v 0.10040190070867538 -0.005206942092627287 -0.04738295078277588
v 0.09805697202682495 -0.00500094797462225 -0.047999970614910126
v 0.10040190070867538 -0.00512999203056097 -0.046999990940093994
v 0.10040190070867538 -0.00512999203056097 -0.046999990940093994
v 0.09805697202682495 -0.00500094797462225 -0.047999970614910126
v 0.0974779725074768 -0.003797947894781828 -0.047999970614910126
v 0.10040190070867538 -0.00512999203056097 -0.046999990940093994
v 0.0974779725074768 -0.003797947894781828 -0.047999970614910126
v 0.0983780026435852 -0.0035919540096074343 -0.04738295078277588
v 0.0983780026435852 -0.0035919540096074343 -0.04738295078277588
v 0.09805697202682495 -0.0012599820038303733 -0.047999970614910126
v 0.09950195997953415 -0.0012599820038303733 -0.04738295078277588
v 0.152661994099617 -0.0011299840407446027 -0.046999990940093994
v 0.10040190070867538 -0.0010539880022406578 -0.04738295078277588
v 0.152661994099617 -0.0010539880022406578 -0.04738295078277588
v 0.152661994099617 -0.0010539880022406578 -0.04738295078277588
v 0.10040190070867538 -0.0010539880022406578 -0.04738295078277588
v 0.10040190070867538 -0.0005130000063218176 -0.0479239784181118
v 0.152661994099617 -0.0010539880022406578 -0.04738295078277588
v 0.10040190070867538 -0.0005130000063218176 -0.0479239784181118
v 0.152661994099617 -0.00013000000035390258 -0.047999970614910126
v 0.152661994099617 -0.00013000000035390258 -0.047999970614910126
v 0.10040190070867538 -0.0005130000063218176 -0.0479239784181118
v 0.10040190070867538 -0.00013000000035390258 -0.047999970614910126
v 0.15247400104999542 -0.0061299800872802734 -0.047999970614910126
v 0.10040190070867538 -0.0061299800872802734 -0.047999970614910126
v 0.15247400104999542 -0.00574797298759222 -0.0479239784181118
v 0.15247400104999542 -0.00574797298759222 -0.0479239784181118
v 0.10040190070867538 -0.0061299800872802734 -0.047999970614910126
v 0.10040190070867538 -0.005206942092627287 -0.04738295078277588
v 0.15247400104999542 -0.00574797298759222 -0.0479239784181118
v 0.10040190070867538 -0.005206942092627287 -0.04738295078277588
v 0.15247400104999542 -0.005206942092627287 -0.04738295078277588
v 0.15247400104999542 -0.005206942092627287 -0.04738295078277588
v 0.10040190070867538 -0.005206942092627287 -0.04738295078277588
v 0.10040190070867538 -0.00512999203056097 -0.046999990940093994
v 0.10040190070867538 -0.005206942092627287 -0.04561698064208031
v 0.15247400104999542 -0.00512999203056097 -0.04600000008940697
v 0.10040190070867538 -0.00512999203056097 -0.046999990940093994
v 0.10040190070867538 -0.00512999203056097 -0.046999990940093994
v 0.15247400104999542 -0.00512999203056097 -0.04600000008940697
v 0.15247400104999542 -0.005206942092627287 -0.04738295078277588
v 0.152661994099617 -0.00013000000035390258 -0.044999949634075165
v 0.10040190070867538 -0.00013000000035390258 -0.044999949634075165
v 0.152661994099617 -0.0005130000063218176 -0.045075949281454086
v 0.152661994099617 -0.0005130000063218176 -0.045075949281454086
v 0.10040190070867538 -0.00013000000035390258 -0.044999949634075165
v 0.10040190070867538 -0.0008379999781027436 -0.045292969793081284
v 0.152661994099617 -0.0005130000063218176 -0.045075949281454086
v 0.10040190070867538 -0.0008379999781027436 -0.045292969793081284
v 0.152661994099617 -0.0010539880022406578 -0.04561698064208031
v 0.152661994099617 -0.0010539880022406578 -0.04561698064208031
v 0.10040190070867538 -0.0008379999781027436 -0.045292969793081284
v 0.10040190070867538 -0.0011299840407446027 -0.04600000008940697
v 0.15512800216674805 -0.00043200000072829425 -0.045292969793081284
v 0.152661994099617 -0.0010539880022406578 -0.04561698064208031
v 0.15522189438343048 -0.0007099999929778278 -0.04600000008940697
v 0.15512800216674805 -0.00043200000072829425 -0.045292969793081284
v 0.15522189438343048 -0.0007099999929778278 -0.04600000008940697
v 0.15746699273586273 0.00056900002527982 -0.04561698064208031
v 0.15512800216674805 -0.00043200000072829425 -0.045292969793081284
v 0.152661994099617 -0.0005130000063218176 -0.045075949281454086
v 0.152661994099617 -0.0010539880022406578 -0.04561698064208031
v 0.15512800216674805 -0.00043200000072829425 -0.045292969793081284
v 0.15746699273586273 0.00056900002527982 -0.04561698064208031
v 0.15713900327682495 0.000999000039882958 -0.045075949281454086
v 0.15713900327682495 0.000999000039882958 -0.045075949281454086
v 0.15746699273586273 0.00056900002527982 -0.04561698064208031
v 0.1592310070991516 0.0024379489477723837 -0.04561698064208031
v 0.15964999794960022 0.007275998126715422 -0.044999949634075165
v 0.15713900327682495 0.000999000039882958 -0.045075949281454086
v 0.1600939929485321 0.004830955993384123 -0.045292969793081284
v 0.1600939929485321 0.004830955993384123 -0.045292969793081284
v 0.15713900327682495 0.000999000039882958 -0.045075949281454086
v 0.1592310070991516 0.0024379489477723837 -0.04561698064208031
v 0.15713900327682495 0.000999000039882958 -0.045075949281454086
v 0.152661994099617 -0.00013000000035390258 -0.044999949634075165
v 0.15512800216674805 -0.00043200000072829425 -0.045292969793081284
v 0.15512800216674805 -0.00043200000072829425 -0.045292969793081284
v 0.152661994099617 -0.00013000000035390258 -0.044999949634075165
v 0.152661994099617 -0.0005130000063218176 -0.045075949281454086
v 0.16057200729846954 0.007329999934881926 -0.04561698064208031
v 0.15964999794960022 0.007275998126715422 -0.044999949634075165
v 0.1600939929485321 0.004830955993384123 -0.045292969793081284
v 0.16057200729846954 0.007329999934881926 -0.04561698064208031
v 0.1600939929485321 0.004830955993384123 -0.045292969793081284
v 0.16037699580192566 0.004753946792334318 -0.04600000008940697
v 0.16037699580192566 0.004753946792334318 -0.04600000008940697
v 0.1600939929485321 0.004830955993384123 -0.045292969793081284
v 0.1592310070991516 0.0024379489477723837 -0.04561698064208031
v 0.16057200729846954 0.007329999934881926 -0.04561698064208031
v 0.1598079949617386 0.009755969047546387 -0.045292969793081284
v 0.15964999794960022 0.007275998126715422 -0.044999949634075165
v 0.13861200213432312 0.031623948365449905 -0.04738295078277588
v 0.13861200213432312 0.031623948365449905 -0.04561698064208031
v 0.14217199385166168 0.029983989894390106 -0.046999990940093994
v 0.14217199385166168 0.029983989894390106 -0.046999990940093994
v 0.13861200213432312 0.031623948365449905 -0.04561698064208031
v 0.14416399598121643 0.028729969635605812 -0.04561698064208031
v 0.15721599757671356 0.01543997973203659 -0.04561698064208031
v 0.1598079949617386 0.009755969047546387 -0.045292969793081284
v 0.1600089967250824 0.009836970828473568 -0.04738295078277588
v 0.1600089967250824 0.009836970828473568 -0.04738295078277588
v 0.1583150029182434 0.013363949954509735 -0.04749995097517967
v 0.15721599757671356 0.01543997973203659 -0.04561698064208031
v 0.15721599757671356 0.01543997973203659 -0.04561698064208031
v 0.1583150029182434 0.013363949954509735 -0.04749995097517967
v 0.15633490681648254 0.016735969111323357 -0.04749995097517967
v 0.15721599757671356 0.01543997973203659 -0.04561698064208031
v 0.15633490681648254 0.016735969111323357 -0.04749995097517967
v 0.15358200669288635 0.0205379705876112 -0.04561698064208031
v 0.15358200669288635 0.0205379705876112 -0.04561698064208031
v 0.15633490681648254 0.016735969111323357 -0.04749995097517967
v 0.15403400361537933 0.019895970821380615 -0.04749995097517967
v 0.15358200669288635 0.0205379705876112 -0.04561698064208031
v 0.15403400361537933 0.019895970821380615 -0.04749995097517967
v 0.15153099596500397 0.02291095070540905 -0.04600000008940697
v 0.15153099596500397 0.02291095070540905 -0.04600000008940697
v 0.15403400361537933 0.019895970821380615 -0.04749995097517967
v 0.1514350026845932 0.02281695045530796 -0.04749995097517967
v 0.15153099596500397 0.02291095070540905 -0.04600000008940697
v 0.1514350026845932 0.02281695045530796 -0.04749995097517967
v 0.14905300736427307 0.0248409491032362 -0.045292969793081284
v 0.14905300736427307 0.0248409491032362 -0.045292969793081284
v 0.1514350026845932 0.02281695045530796 -0.04749995097517967
v 0.1486479938030243 0.025570979341864586 -0.046999990940093994
v 0.14905300736427307 0.0248409491032362 -0.045292969793081284
v 0.1486479938030243 0.025570979341864586 -0.046999990940093994
v 0.14416399598121643 0.028729969635605812 -0.04561698064208031
v 0.14416399598121643 0.028729969635605812 -0.04561698064208031
v 0.1486479938030243 0.025570979341864586 -0.046999990940093994
v 0.14544300734996796 0.02782594971358776 -0.04749995097517967
v 0.14416399598121643 0.028729969635605812 -0.04561698064208031
v 0.14544300734996796 0.02782594971358776 -0.04749995097517967
v 0.14217199385166168 0.029983989894390106 -0.046999990940093994
v 0.07634598016738892 0.04121093824505806 -0.04190998896956444
v 0.07634598016738892 0.04121093824505806 -0.04398297891020775
v 0.06916695088148117 0.04026800021529198 -0.03963695839047432
v 0.06916695088148117 0.04026800021529198 -0.03963695839047432
v 0.07634598016738892 0.04121093824505806 -0.04398297891020775
v 0.07043199986219406 0.04047399014234543 -0.04274100065231323
v 0.06916695088148117 0.04026800021529198 -0.03963695839047432
v 0.07043199986219406 0.04047399014234543 -0.04274100065231323
v 0.0630449578166008 0.039178960025310516 -0.03812599182128906
v 0.04755096882581711 0.0348619781434536 -0.0376349613070488
v 0.04587893933057785 0.034370001405477524 -0.0339999683201313
v 0.051129989326000214 0.03609997034072876 -0.034735970199108124
v 0.04755096882581711 0.0348619781434536 -0.0376349613070488
v 0.051129989326000214 0.03609997034072876 -0.034735970199108124
v 0.05301593989133835 0.03665899857878685 -0.038623981177806854
v 0.05301593989133835 0.03665899857878685 -0.038623981177806854
v 0.051129989326000214 0.03609997034072876 -0.034735970199108124
v 0.05704997852444649 0.03778398036956787 -0.036419980227947235
v 0.05301593989133835 0.03665899857878685 -0.038623981177806854
v 0.05704997852444649 0.03778398036956787 -0.036419980227947235
v 0.05950896814465523 0.03839296102523804 -0.04000496119260788
v 0.05950896814465523 0.03839296102523804 -0.04000496119260788
v 0.05704997852444649 0.03778398036956787 -0.036419980227947235
v 0.0630449578166008 0.039178960025310516 -0.03812599182128906
v 0.05950896814465523 0.03839296102523804 -0.04000496119260788
v 0.0630449578166008 0.039178960025310516 -0.03812599182128906
v 0.06435494869947433 0.03943198174238205 -0.04130398854613304
v 0.06435494869947433 0.03943198174238205 -0.04130398854613304
v 0.0630449578166008 0.039178960025310516 -0.03812599182128906
v 0.07043199986219406 0.04047399014234543 -0.04274100065231323
v 0.08692896366119385 0.04179095849394798 -0.04469596967101097
v 0.08854495733976364 0.041698988527059555 -0.04737197980284691
v 0.0826990008354187 0.04166799038648605 -0.04564100131392479
v 0.08692896366119385 0.04179095849394798 -0.04469596967101097
v 0.0826990008354187 0.04166799038648605 -0.04564100131392479
v 0.07634598016738892 0.04121093824505806 -0.04190998896956444
v 0.07634598016738892 0.04121093824505806 -0.04190998896956444
v 0.0826990008354187 0.04166799038648605 -0.04564100131392479
v 0.07634598016738892 0.04121093824505806 -0.04398297891020775
v 0.08854495733976364 0.041698988527059555 -0.04737197980284691
v 0.08692896366119385 0.04179095849394798 -0.04469596967101097
v 0.0934099480509758 0.041749000549316406 -0.046999990940093994
v 0.13861200213432312 0.031623948365449905 -0.04561698064208031
v 0.13861200213432312 0.031623948365449905 -0.04738295078277588
v 0.12743499875068665 0.035766951739788055 -0.04561698064208031
v 0.12743499875068665 0.035766951739788055 -0.04561698064208031
v 0.13861200213432312 0.031623948365449905 -0.04738295078277588
v 0.12698699533939362 0.0359879694879055 -0.046999990940093994
v 0.12743499875068665 0.035766951739788055 -0.04561698064208031
v 0.12698699533939362 0.0359879694879055 -0.046999990940093994
v 0.11951799690723419 0.03800696134567261 -0.04738295078277588
v 0.12743499875068665 0.035766951739788055 -0.04561698064208031
v 0.11951799690723419 0.03800696134567261 -0.04738295078277588
v 0.11591999977827072 0.0388449989259243 -0.04561698064208031
v 0.11591999977827072 0.0388449989259243 -0.04561698064208031
v 0.11951799690723419 0.03800696134567261 -0.04738295078277588
v 0.1103919968008995 0.03999799117445946 -0.046999990940093994
v 0.11591999977827072 0.0388449989259243 -0.04561698064208031
v 0.1103919968008995 0.03999799117445946 -0.046999990940093994
v 0.1103919968008995 0.03999799117445946 -0.04600000008940697
v 0.1103919968008995 0.03999799117445946 -0.04600000008940697
v 0.1103919968008995 0.03999799117445946 -0.046999990940093994
v 0.10417599976062775 0.040906958281993866 -0.04600000008940697
v 0.10417599976062775 0.040906958281993866 -0.04600000008940697
v 0.09965597838163376 0.04129600152373314 -0.04738295078277588
v 0.0934099480509758 0.041749000549316406 -0.04600000008940697
v 0.0934099480509758 0.041749000549316406 -0.04600000008940697
v 0.09965597838163376 0.04129600152373314 -0.04738295078277588
v 0.0934099480509758 0.041749000549316406 -0.046999990940093994
v 0.0934099480509758 0.041749000549316406 -0.04600000008940697
v 0.0934099480509758 0.041749000549316406 -0.046999990940093994
v 0.08692896366119385 0.04179095849394798 -0.04469596967101097
v 0.048524968326091766 -0.026811949908733368 -0.033135950565338135
v 0.05170195922255516 -0.027495980262756348 -0.0337749682366848
v 0.05170195922255516 0.03514498099684715 -0.0337749682366848
v 0.046188950538635254 -0.020413989201188087 -0.03299998864531517
v 0.046188950538635254 -0.02637897990643978 -0.03299998864531517
v 0.048524968326091766 -0.026811949908733368 -0.033135950565338135
v 0.04799199104309082 0.033992938697338104 -0.033080991357564926
v 0.046188950538635254 0.03341894969344139 -0.03299998864531517
v 0.046188950538635254 0.020413989201188087 -0.03299998864531517
v 0.04799199104309082 0.033992938697338104 -0.033080991357564926
v 0.046188950538635254 0.020413989201188087 -0.03299998864531517
v 0.05170195922255516 0.03514498099684715 -0.0337749682366848
v 0.05170195922255516 0.03514498099684715 -0.0337749682366848
v 0.046188950538635254 0.020413989201188087 -0.03299998864531517
v 0.046188950538635254 0.012293989770114422 -0.03299998864531517
v 0.05170195922255516 0.03514498099684715 -0.0337749682366848
v 0.046188950538635254 0.012293989770114422 -0.03299998864531517
v 0.046188950538635254 0.00870597269386053 -0.03299998864531517
v 0.046188950538635254 0.00870597269386053 -0.03299998864531517
v 0.046188950538635254 0.005293964873999357 -0.03299998864531517
v 0.05170195922255516 0.03514498099684715 -0.0337749682366848
v 0.05170195922255516 0.03514498099684715 -0.0337749682366848
v 0.046188950538635254 0.005293964873999357 -0.03299998864531517
v 0.046188950538635254 0.001705943956039846 -0.03299998864531517
v 0.05170195922255516 0.03514498099684715 -0.0337749682366848
v 0.046188950538635254 0.001705943956039846 -0.03299998864531517
v 0.046188950538635254 -0.001705943956039846 -0.03299998864531517
v 0.046188950538635254 -0.001705943956039846 -0.03299998864531517
v 0.046188950538635254 -0.005293964873999357 -0.03299998864531517
v 0.05170195922255516 0.03514498099684715 -0.0337749682366848
v 0.05170195922255516 0.03514498099684715 -0.0337749682366848
v 0.046188950538635254 -0.005293964873999357 -0.03299998864531517
v 0.046188950538635254 -0.00870597269386053 -0.03299998864531517
v 0.05170195922255516 0.03514498099684715 -0.0337749682366848
v 0.046188950538635254 -0.00870597269386053 -0.03299998864531517
v 0.048524968326091766 -0.026811949908733368 -0.033135950565338135
v 0.048524968326091766 -0.026811949908733368 -0.033135950565338135
v 0.046188950538635254 -0.00870597269386053 -0.03299998864531517
v 0.046188950538635254 -0.012293989770114422 -0.03299998864531517
v 0.048524968326091766 -0.026811949908733368 -0.033135950565338135
v 0.046188950538635254 -0.012293989770114422 -0.03299998864531517
v 0.046188950538635254 -0.020413989201188087 -0.03299998864531517
v 0.05170195922255516 0.03514498099684715 -0.0337749682366848
v 0.05170195922255516 -0.027495980262756348 -0.0337749682366848
v 0.057576000690460205 0.03681600093841553 -0.03545897826552391
v 0.057576000690460205 0.03681600093841553 -0.03545897826552391
v 0.05170195922255516 -0.027495980262756348 -0.0337749682366848
v 0.05828499048948288 -0.02937798947095871 -0.03566199168562889
v 0.057576000690460205 0.03681600093841553 -0.03545897826552391
v 0.05828499048948288 -0.02937798947095871 -0.03566199168562889
v 0.06541799753904343 0.03857797011733055 -0.03770798072218895
v 0.06541799753904343 0.03857797011733055 -0.03770798072218895
v 0.05828499048948288 -0.02937798947095871 -0.03566199168562889
v 0.07559198141098022 0.04009896144270897 -0.04062496870756149
v 0.07073699682950974 -0.034060001373291016 -0.03923296183347702
v 0.08315496891736984 -0.03757696971297264 -0.04279398173093796
v 0.08949798345565796 0.040828999131917953 -0.04461300000548363
v 0.08949798345565796 0.040828999131917953 -0.04461300000548363
v 0.08315496891736984 -0.03757696971297264 -0.04279398173093796
v 0.08997899293899536 -0.038864970207214355 -0.04473799094557762
v 0.07559198141098022 0.04009896144270897 -0.04062496870756149
v 0.05828499048948288 -0.02937798947095871 -0.03566199168562889
v 0.08949798345565796 0.040828999131917953 -0.04461300000548363
v 0.08949798345565796 0.040828999131917953 -0.04461300000548363
v 0.05828499048948288 -0.02937798947095871 -0.03566199168562889
v 0.07073699682950974 -0.034060001373291016 -0.03923296183347702
v 0.08949798345565796 0.040828999131917953 -0.04461300000548363
v 0.08997899293899536 -0.038864970207214355 -0.04473799094557762
v 0.09175997227430344 0.040797941386699677 -0.04498796910047531
v 0.09175997227430344 0.040797941386699677 -0.04498796910047531
v 0.08997899293899536 -0.038864970207214355 -0.04473799094557762
v 0.09225398302078247 -0.039222948253154755 -0.044999949634075165
v 0.09213399142026901 -0.04013894870877266 -0.04561698064208031
v 0.09225398302078247 -0.039222948253154755 -0.044999949634075165
v 0.08942394703626633 -0.03914998844265938 -0.04466598853468895
v 0.08942394703626633 -0.03914998844265938 -0.04466598853468895
v 0.09225398302078247 -0.039222948253154755 -0.044999949634075165
v 0.08997899293899536 -0.038864970207214355 -0.04473799094557762
v 0.09213399142026901 -0.04013894870877266 -0.04561698064208031
v 0.08942394703626633 -0.03914998844265938 -0.04466598853468895
v 0.0891759917140007 -0.0397149883210659 -0.04521596059203148
v 0.0704219862818718 -0.034759990870952606 -0.03948098048567772
v 0.07073699682950974 -0.034060001373291016 -0.03923296183347702
v 0.06434798240661621 -0.032449960708618164 -0.03774594888091087
v 0.0704219862818718 -0.034759990870952606 -0.03948098048567772
v 0.06434798240661621 -0.032449960708618164 -0.03774594888091087
v 0.07013297080993652 -0.03500396013259888 -0.04019397124648094
v 0.07013297080993652 -0.03500396013259888 -0.04019397124648094
v 0.06434798240661621 -0.032449960708618164 -0.03774594888091087
v 0.06416498869657516 -0.03264999017119408 -0.03809195011854172
v 0.07013297080993652 -0.03500396013259888 -0.04019397124648094
v 0.07634598016738892 -0.036962978541851044 -0.04196000099182129
v 0.0704219862818718 -0.034759990870952606 -0.03948098048567772
v 0.0704219862818718 -0.034759990870952606 -0.03948098048567772
v 0.07634598016738892 -0.036962978541851044 -0.04196000099182129
v 0.07677900046110153 -0.03636597841978073 -0.041042979806661606
v 0.0704219862818718 -0.034759990870952606 -0.03948098048567772
v 0.07677900046110153 -0.03636597841978073 -0.041042979806661606
v 0.07073699682950974 -0.034060001373291016 -0.03923296183347702
v 0.07073699682950974 -0.034060001373291016 -0.03923296183347702
v 0.07677900046110153 -0.03636597841978073 -0.041042979806661606
v 0.08315496891736984 -0.03757696971297264 -0.04279398173093796
v 0.07634598016738892 -0.036962978541851044 -0.04196000099182129
v 0.08266395330429077 -0.038552988320589066 -0.04375499114394188
v 0.07677900046110153 -0.03636597841978073 -0.041042979806661606
v 0.07677900046110153 -0.03636597841978073 -0.041042979806661606
v 0.08266395330429077 -0.038552988320589066 -0.04375499114394188
v 0.0829240009188652 -0.03828895092010498 -0.04305398091673851
v 0.07677900046110153 -0.03636597841978073 -0.041042979806661606
v 0.0829240009188652 -0.03828895092010498 -0.04305398091673851
v 0.08315496891736984 -0.03757696971297264 -0.04279398173093796
v 0.08997899293899536 -0.038864970207214355 -0.04473799094557762
v 0.08315496891736984 -0.03757696971297264 -0.04279398173093796
v 0.08942394703626633 -0.03914998844265938 -0.04466598853468895
v 0.08942394703626633 -0.03914998844265938 -0.04466598853468895
v 0.08315496891736984 -0.03757696971297264 -0.04279398173093796
v 0.0829240009188652 -0.03828895092010498 -0.04305398091673851
v 0.08942394703626633 -0.03914998844265938 -0.04466598853468895
v 0.0829240009188652 -0.03828895092010498 -0.04305398091673851
v 0.0891759917140007 -0.0397149883210659 -0.04521596059203148
v 0.0891759917140007 -0.0397149883210659 -0.04521596059203148
v 0.0829240009188652 -0.03828895092010498 -0.04305398091673851
v 0.08266395330429077 -0.038552988320589066 -0.04375499114394188
v 0.057697951793670654 -0.030327970162034035 -0.03662395104765892
v 0.06416498869657516 -0.03264999017119408 -0.03809195011854172
v 0.05798298120498657 -0.030080970376729965 -0.03591299057006836
v 0.05798298120498657 -0.030080970376729965 -0.03591299057006836
v 0.06416498869657516 -0.03264999017119408 -0.03809195011854172
v 0.06434798240661621 -0.032449960708618164 -0.03774594888091087
v 0.05798298120498657 -0.030080970376729965 -0.03591299057006836
v 0.06434798240661621 -0.032449960708618164 -0.03774594888091087
v 0.05828499048948288 -0.02937798947095871 -0.03566199168562889
v 0.05828499048948288 -0.02937798947095871 -0.03566199168562889
v 0.06434798240661621 -0.032449960708618164 -0.03774594888091087
v 0.07073699682950974 -0.034060001373291016 -0.03923296183347702
v 0.05130397900938988 -0.028419969603419304 -0.03437298163771629
v 0.057697951793670654 -0.030327970162034035 -0.03662395104765892
v 0.05145394057035446 -0.0282059907913208 -0.034033000469207764
v 0.05145394057035446 -0.0282059907913208 -0.034033000469207764
v 0.057697951793670654 -0.030327970162034035 -0.03662395104765892
v 0.05798298120498657 -0.030080970376729965 -0.03591299057006836
v 0.05145394057035446 -0.0282059907913208 -0.034033000469207764
v 0.05798298120498657 -0.030080970376729965 -0.03591299057006836
v 0.05828499048948288 -0.02937798947095871 -0.03566199168562889
v 0.05145394057035446 -0.0282059907913208 -0.034033000469207764
v 0.05828499048948288 -0.02937798947095871 -0.03566199168562889
v 0.05170195922255516 -0.027495980262756348 -0.0337749682366848
v 0.04879099130630493 -0.02760498970746994 -0.03347498178482056
v 0.048524968326091766 -0.026811949908733368 -0.033135950565338135
v 0.046188950538635254 -0.02637897990643978 -0.03299998864531517
v 0.04879099130630493 -0.02760498970746994 -0.03347498178482056
v 0.05130397900938988 -0.028419969603419304 -0.03437298163771629
v 0.05145394057035446 -0.0282059907913208 -0.034033000469207764
v 0.04879099130630493 -0.02760498970746994 -0.03347498178482056
v 0.05145394057035446 -0.0282059907913208 -0.034033000469207764
v 0.048524968326091766 -0.026811949908733368 -0.033135950565338135
v 0.048524968326091766 -0.026811949908733368 -0.033135950565338135
v 0.05145394057035446 -0.0282059907913208 -0.034033000469207764
v 0.05170195922255516 -0.027495980262756348 -0.0337749682366848
v 0.043887969106435776 -0.027003999799489975 -0.0339999683201313
v 0.05130397900938988 -0.028419969603419304 -0.03437298163771629
v 0.04879099130630493 -0.02760498970746994 -0.03347498178482056
v 0.04879099130630493 -0.02760498970746994 -0.03347498178482056
v 0.046188950538635254 -0.02637897990643978 -0.03299998864531517
v 0.03786896914243698 -0.026136990636587143 -0.03349994868040085
v 0.046188950538635254 -0.02637897990643978 -0.03299998864531517
v 0.031807951629161835 -0.02495395950973034 -0.03299998864531517
v 0.03786896914243698 -0.026136990636587143 -0.03349994868040085
v 0.019543999806046486 -0.0255849901586771 -0.03299998864531517
v 0.013472969643771648 -0.026531990617513657 -0.03299998864531517
v 0.013566969893872738 -0.02702295035123825 -0.03313397988677025
v 0.013566969893872738 -0.02702295035123825 -0.03313397988677025
v 0.013472969643771648 -0.026531990617513657 -0.03299998864531517
v 0.007481991779059172 -0.027894970029592514 -0.03299998864531517
v 0.013566969893872738 -0.02702295035123825 -0.03313397988677025
v 0.007481991779059172 -0.027894970029592514 -0.03299998864531517
v 0.007609962951391935 -0.028377950191497803 -0.03313397988677025
v 0.007481991779059172 -0.027894970029592514 -0.03299998864531517
v 0.002887964015826583 -0.029240960255265236 -0.03299998864531517
v 0.007609962951391935 -0.028377950191497803 -0.03313397988677025
v 0.03786896914243698 -0.026136990636587143 -0.03349994868040085
v 0.031807951629161835 -0.02495395950973034 -0.03299998864531517
v 0.031790971755981445 -0.02595393918454647 -0.0339999683201313
v 0.031790971755981445 -0.02595393918454647 -0.0339999683201313
v 0.031807951629161835 -0.02495395950973034 -0.03299998864531517
v 0.025664979591965675 -0.025057969614863396 -0.03299998864531517
v 0.031790971755981445 -0.02595393918454647 -0.0339999683201313
v 0.025664979591965675 -0.025057969614863396 -0.03299998864531517
v 0.025716960430145264 -0.02605699934065342 -0.0339999683201313
v 0.025716960430145264 -0.02605699934065342 -0.0339999683201313
v 0.025664979591965675 -0.025057969614863396 -0.03299998864531517
v 0.019543999806046486 -0.0255849901586771 -0.03299998864531517
v 0.025716960430145264 -0.02605699934065342 -0.0339999683201313
v 0.019543999806046486 -0.0255849901586771 -0.03299998864531517
v 0.01966398023068905 -0.026576990261673927 -0.0339999683201313
v 0.01966398023068905 -0.026576990261673927 -0.0339999683201313
v 0.019543999806046486 -0.0255849901586771 -0.03299998864531517
v 0.013566969893872738 -0.02702295035123825 -0.03313397988677025
v 0.01966398023068905 -0.026576990261673927 -0.0339999683201313
v 0.013566969893872738 -0.02702295035123825 -0.03313397988677025
v 0.013660959899425507 -0.027513980865478516 -0.0339999683201313
v 0.013660959899425507 -0.027513980865478516 -0.0339999683201313
v 0.013566969893872738 -0.02702295035123825 -0.03313397988677025
v 0.007609962951391935 -0.028377950191497803 -0.03313397988677025
v 0.013660959899425507 -0.027513980865478516 -0.0339999683201313
v 0.007609962951391935 -0.028377950191497803 -0.03313397988677025
v 0.007737994194030762 -0.028861990198493004 -0.0339999683201313
v 0.043887969106435776 -0.027003999799489975 -0.0339999683201313
v 0.04879099130630493 -0.02760498970746994 -0.03347498178482056
v 0.03786896914243698 -0.026136990636587143 -0.03349994868040085
v 0.043887969106435776 -0.027003999799489975 -0.0339999683201313
v 0.03786896914243698 -0.026136990636587143 -0.03349994868040085
v 0.037857938557863235 -0.02626997046172619 -0.0339999683201313
v 0.037857938557863235 -0.02626997046172619 -0.0339999683201313
v 0.03786896914243698 -0.026136990636587143 -0.03349994868040085
v 0.031790971755981445 -0.02595393918454647 -0.0339999683201313
v 0.007737994194030762 -0.028861990198493004 -0.0339999683201313
v 0.007609962951391935 -0.028377950191497803 -0.03313397988677025
v -0.0007740000146441162 -0.03149997815489769 -0.034039970487356186
v 0.043887969106435776 -0.027003999799489975 -0.0339999683201313
v 0.043887969106435776 -0.027003999799489975 -0.03700000047683716
v 0.049863990396261215 -0.028153950348496437 -0.037706971168518066
v 0.043887969106435776 -0.027003999799489975 -0.0339999683201313
v 0.049863990396261215 -0.028153950348496437 -0.037706971168518066
v 0.05130397900938988 -0.028419969603419304 -0.03437298163771629
v 0.05130397900938988 -0.028419969603419304 -0.03437298163771629
v 0.049863990396261215 -0.028153950348496437 -0.037706971168518066
v 0.057697951793670654 -0.030327970162034035 -0.03662395104765892
v -0.0039139981381595135 -0.03268694132566452 -0.03538398817181587
v -0.0006539999740198255 -0.031464990228414536 -0.037671979516744614
v -0.0007740000146441162 -0.03149997815489769 -0.034039970487356186
v -0.0007740000146441162 -0.03149997815489769 -0.034039970487356186
v -0.0006539999740198255 -0.031464990228414536 -0.037671979516744614
v 0.0033619990572333336 -0.030138960108160973 -0.03700000047683716
v -0.0007740000146441162 -0.03149997815489769 -0.034039970487356186
v 0.0033619990572333336 -0.030138960108160973 -0.03700000047683716
v 0.007737994194030762 -0.028861990198493004 -0.0339999683201313
v 0.007737994194030762 -0.028861990198493004 -0.0339999683201313
v 0.0033619990572333336 -0.030138960108160973 -0.03700000047683716
v 0.007737994194030762 -0.028861990198493004 -0.03700000047683716
v 0.007737994194030762 -0.028861990198493004 -0.0339999683201313
v 0.007737994194030762 -0.028861990198493004 -0.03700000047683716
v 0.013660959899425507 -0.027513980865478516 -0.0339999683201313
v 0.013660959899425507 -0.027513980865478516 -0.0339999683201313
v 0.007737994194030762 -0.028861990198493004 -0.03700000047683716
v 0.013660959899425507 -0.027513980865478516 -0.03700000047683716
v 0.013660959899425507 -0.027513980865478516 -0.0339999683201313
v 0.013660959899425507 -0.027513980865478516 -0.03700000047683716
v 0.01966398023068905 -0.026576990261673927 -0.0339999683201313
v 0.01966398023068905 -0.026576990261673927 -0.0339999683201313
v 0.013660959899425507 -0.027513980865478516 -0.03700000047683716
v 0.01966398023068905 -0.026576990261673927 -0.03700000047683716
v 0.01966398023068905 -0.026576990261673927 -0.0339999683201313
v 0.01966398023068905 -0.026576990261673927 -0.03700000047683716
v 0.025716960430145264 -0.02605699934065342 -0.0339999683201313
v 0.025716960430145264 -0.02605699934065342 -0.0339999683201313
v 0.01966398023068905 -0.026576990261673927 -0.03700000047683716
v 0.025716960430145264 -0.02605699934065342 -0.03700000047683716
v 0.025716960430145264 -0.02605699934065342 -0.0339999683201313
v 0.025716960430145264 -0.02605699934065342 -0.03700000047683716
v 0.031790971755981445 -0.02595393918454647 -0.0339999683201313
v 0.031790971755981445 -0.02595393918454647 -0.0339999683201313
v 0.025716960430145264 -0.02605699934065342 -0.03700000047683716
v 0.031790971755981445 -0.02595393918454647 -0.03700000047683716
v 0.031790971755981445 -0.02595393918454647 -0.0339999683201313
v 0.031790971755981445 -0.02595393918454647 -0.03700000047683716
v 0.037857938557863235 -0.02626997046172619 -0.0339999683201313
v 0.037857938557863235 -0.02626997046172619 -0.0339999683201313
v 0.031790971755981445 -0.02595393918454647 -0.03700000047683716
v 0.037857938557863235 -0.02626997046172619 -0.03700000047683716
v 0.037857938557863235 -0.02626997046172619 -0.0339999683201313
v 0.037857938557863235 -0.02626997046172619 -0.03700000047683716
v 0.043887969106435776 -0.027003999799489975 -0.0339999683201313
v 0.043887969106435776 -0.027003999799489975 -0.0339999683201313
v 0.037857938557863235 -0.02626997046172619 -0.03700000047683716
v 0.043887969106435776 -0.027003999799489975 -0.03700000047683716
v 0.049863990396261215 -0.028153950348496437 -0.037706971168518066
v 0.057007960975170135 -0.0301049891859293 -0.039426978677511215
v 0.057697951793670654 -0.030327970162034035 -0.03662395104765892
v 0.057697951793670654 -0.030327970162034035 -0.03662395104765892
v 0.057007960975170135 -0.0301049891859293 -0.039426978677511215
v 0.06404495239257812 -0.03268295153975487 -0.0411219485104084
v 0.057697951793670654 -0.030327970162034035 -0.03662395104765892
v 0.06404495239257812 -0.03268295153975487 -0.0411219485104084
v 0.06416498869657516 -0.03264999017119408 -0.03809195011854172
v 0.049863990396261215 -0.028153950348496437 -0.037706971168518066
v 0.043887969106435776 -0.027003999799489975 -0.03700000047683716
v 0.04396599158644676 -0.026510000228881836 -0.03786598891019821
v 0.04698896035552025 -0.026550939306616783 -0.038170989602804184
v 0.04396599158644676 -0.026510000228881836 -0.03786598891019821
v 0.04406499117612839 -0.02601999044418335 -0.03799998015165329
v 0.049773991107940674 -0.027850979939103127 -0.038378000259399414
v 0.049863990396261215 -0.028153950348496437 -0.037706971168518066
v 0.04396599158644676 -0.026510000228881836 -0.03786598891019821
v 0.049773991107940674 -0.027850979939103127 -0.038378000259399414
v 0.04396599158644676 -0.026510000228881836 -0.03786598891019821
v 0.04698896035552025 -0.026550939306616783 -0.038170989602804184
v 0.049773991107940674 -0.027850979939103127 -0.038378000259399414
v 0.04698896035552025 -0.026550939306616783 -0.038170989602804184
v 0.04985499009490013 -0.02717900089919567 -0.038679949939250946
v 0.0033619990572333336 -0.030138960108160973 -0.03700000047683716
v 0.0032739629969000816 -0.029863949865102768 -0.0377039909362793
v 0.007737994194030762 -0.028861990198493004 -0.03700000047683716
v 0.03794395178556442 -0.025273969396948814 -0.03799998015165329
v 0.04406499117612839 -0.02601999044418335 -0.03799998015165329
v 0.04396599158644676 -0.026510000228881836 -0.03786598891019821
v 0.0032739629969000816 -0.029863949865102768 -0.0377039909362793
v 0.0030569429509341717 -0.02918696030974388 -0.03799998015165329
v 0.007737994194030762 -0.028861990198493004 -0.03700000047683716
v 0.007737994194030762 -0.028861990198493004 -0.03700000047683716
v 0.0030569429509341717 -0.02918696030974388 -0.03799998015165329
v 0.013472969643771648 -0.026531990617513657 -0.03799998015165329
v 0.007737994194030762 -0.028861990198493004 -0.03700000047683716
v 0.013472969643771648 -0.026531990617513657 -0.03799998015165329
v 0.013660959899425507 -0.027513980865478516 -0.03700000047683716
v 0.013660959899425507 -0.027513980865478516 -0.03700000047683716
v 0.013472969643771648 -0.026531990617513657 -0.03799998015165329
v 0.019543999806046486 -0.0255849901586771 -0.03799998015165329
v 0.013660959899425507 -0.027513980865478516 -0.03700000047683716
v 0.019543999806046486 -0.0255849901586771 -0.03799998015165329
v 0.01966398023068905 -0.026576990261673927 -0.03700000047683716
v 0.01966398023068905 -0.026576990261673927 -0.03700000047683716
v 0.019543999806046486 -0.0255849901586771 -0.03799998015165329
v 0.025664979591965675 -0.025057969614863396 -0.03799998015165329
v 0.01966398023068905 -0.026576990261673927 -0.03700000047683716
v 0.025664979591965675 -0.025057969614863396 -0.03799998015165329
v 0.025716960430145264 -0.02605699934065342 -0.03700000047683716
v 0.025716960430145264 -0.02605699934065342 -0.03700000047683716
v 0.025664979591965675 -0.025057969614863396 -0.03799998015165329
v 0.031807951629161835 -0.02495395950973034 -0.03799998015165329
v 0.025716960430145264 -0.02605699934065342 -0.03700000047683716
v 0.031807951629161835 -0.02495395950973034 -0.03799998015165329
v 0.031790971755981445 -0.02595393918454647 -0.03700000047683716
v 0.031790971755981445 -0.02595393918454647 -0.03700000047683716
v 0.031807951629161835 -0.02495395950973034 -0.03799998015165329
v 0.03794395178556442 -0.025273969396948814 -0.03799998015165329
v 0.031790971755981445 -0.02595393918454647 -0.03700000047683716
v 0.03794395178556442 -0.025273969396948814 -0.03799998015165329
v 0.037857938557863235 -0.02626997046172619 -0.03700000047683716
v 0.037857938557863235 -0.02626997046172619 -0.03700000047683716
v 0.03794395178556442 -0.025273969396948814 -0.03799998015165329
v 0.04396599158644676 -0.026510000228881836 -0.03786598891019821
v 0.037857938557863235 -0.02626997046172619 -0.03700000047683716
v 0.04396599158644676 -0.026510000228881836 -0.03786598891019821
v 0.043887969106435776 -0.027003999799489975 -0.03700000047683716
v -0.0008740000193938613 -0.030606979504227638 -0.03831100091338158
v 0.0030569429509341717 -0.02918696030974388 -0.03799998015165329
v -0.0006539999740198255 -0.031464990228414536 -0.037671979516744614
v -0.0006539999740198255 -0.031464990228414536 -0.037671979516744614
v 0.0030569429509341717 -0.02918696030974388 -0.03799998015165329
v 0.0032739629969000816 -0.029863949865102768 -0.0377039909362793
v -0.0006539999740198255 -0.031464990228414536 -0.037671979516744614
v 0.0032739629969000816 -0.029863949865102768 -0.0377039909362793
v 0.0033619990572333336 -0.030138960108160973 -0.03700000047683716
v -0.0008740000193938613 -0.030606979504227638 -0.03831100091338158
v -0.0006539999740198255 -0.031464990228414536 -0.037671979516744614
v -0.004848957061767578 -0.03204493969678879 -0.03928297013044357
v -0.025028999894857407 -0.03675495833158493 -0.04577295854687691
v -0.030229980126023293 -0.03644096106290817 -0.04774295911192894
v -0.018168980255723 -0.035262998193502426 -0.043722979724407196
v -0.0006539999740198255 -0.031464990228414536 -0.037671979516744614
v -0.004818974994122982 -0.03297197073698044 -0.03847794979810715
v -0.009510993026196957 -0.03423500061035156 -0.04036097973585129
v -0.0006539999740198255 -0.031464990228414536 -0.037671979516744614
v -0.009510993026196957 -0.03423500061035156 -0.04036097973585129
v -0.004848957061767578 -0.03204493969678879 -0.03928297013044357
v -0.004848957061767578 -0.03204493969678879 -0.03928297013044357
v -0.009510993026196957 -0.03423500061035156 -0.04036097973585129
v -0.014650999568402767 -0.03544294089078903 -0.04206299036741257
v -0.004848957061767578 -0.03204493969678879 -0.03928297013044357
v -0.014650999568402767 -0.03544294089078903 -0.04206299036741257
v -0.018168980255723 -0.035262998193502426 -0.043722979724407196
v -0.018168980255723 -0.035262998193502426 -0.043722979724407196
v -0.014650999568402767 -0.03544294089078903 -0.04206299036741257
v -0.025028999894857407 -0.03675495833158493 -0.04577295854687691
v -0.030229980126023293 -0.03644096106290817 -0.04774295911192894
v -0.025028999894857407 -0.03675495833158493 -0.04577295854687691
v -0.0317949615418911 -0.03739595040678978 -0.04738295078277588
v -0.0317949615418911 -0.03739595040678978 -0.04738295078277588
v -0.025028999894857407 -0.03675495833158493 -0.04577295854687691
v -0.025187959894537926 -0.037105970084667206 -0.045201949775218964
v -0.025187959894537926 -0.037105970084667206 -0.045201949775218964
v -0.025028999894857407 -0.03675495833158493 -0.04577295854687691
v -0.019936969503760338 -0.036487989127635956 -0.04346894845366478
v -0.019936969503760338 -0.036487989127635956 -0.04346894845366478
v -0.025028999894857407 -0.03675495833158493 -0.04577295854687691
v -0.014650999568402767 -0.03544294089078903 -0.04206299036741257
v -0.03181099146604538 -0.03647296875715256 -0.047999970614910126
v -0.030229980126023293 -0.03644096106290817 -0.04774295911192894
v -0.0317949615418911 -0.03739595040678978 -0.04738295078277588
v -0.03388696163892746 -0.0374869704246521 -0.046499960124492645
v -0.04062496870756149 -0.037152938544750214 -0.04734598845243454
v -0.0317949615418911 -0.03739595040678978 -0.04738295078277588
v -0.0317949615418911 -0.03739595040678978 -0.04738295078277588
v -0.04062496870756149 -0.037152938544750214 -0.04734598845243454
v -0.03181099146604538 -0.03647296875715256 -0.047999970614910126
v -0.03181099146604538 -0.03647296875715256 -0.047999970614910126
v -0.04062496870756149 -0.037152938544750214 -0.04734598845243454
v -0.04057997092604637 -0.0365629717707634 -0.04793798178434372
v -0.04796499013900757 -0.03545600175857544 -0.04734598845243454
v -0.05112098902463913 -0.03393995016813278 -0.04734598845243454
v -0.047745998948812485 -0.034905970096588135 -0.04793798178434372
v -0.047745998948812485 -0.034905970096588135 -0.04793798178434372
v -0.05112098902463913 -0.03393995016813278 -0.04734598845243454
v -0.054206959903240204 -0.030734950676560402 -0.04798400029540062
v -0.04062496870756149 -0.037152938544750214 -0.04734598845243454
v -0.044088948518037796 -0.03664296120405197 -0.04734598845243454
v -0.04057997092604637 -0.0365629717707634 -0.04793798178434372
v -0.044088948518037796 -0.03664296120405197 -0.04734598845243454
v -0.04796499013900757 -0.03545600175857544 -0.04734598845243454
v -0.047745998948812485 -0.034905970096588135 -0.04793798178434372
v -0.044088948518037796 -0.03664296120405197 -0.04734598845243454
v -0.047745998948812485 -0.034905970096588135 -0.04793798178434372
v -0.04057997092604637 -0.0365629717707634 -0.04793798178434372
v -0.05977797135710716 0.018487980589270592 -0.0476299487054348
v -0.05679994076490402 0.022778980433940887 -0.0476299487054348
v -0.05634694918990135 0.02238594926893711 -0.04798400029540062
v -0.060783978551626205 -0.02281098999083042 -0.047861989587545395
v -0.06148194894194603 -0.019068950787186623 -0.047999970614910126
v -0.058139968663454056 -0.02627396024763584 -0.047999970614910126
v -0.06148194894194603 -0.019068950787186623 -0.047999970614910126
v -0.060783978551626205 -0.02281098999083042 -0.047861989587545395
v -0.06215494126081467 -0.01836800016462803 -0.047861989587545395
v -0.06148194894194603 -0.019068950787186623 -0.047999970614910126
v -0.06215494126081467 -0.01836800016462803 -0.047861989587545395
v -0.0625559613108635 -0.01128195971250534 -0.047999970614910126
v -0.0627409815788269 0.0011099569965153933 -0.047999970614910126
v -0.06274496763944626 0.007202981971204281 -0.047861989587545395
v -0.06109194830060005 0.01300995983183384 -0.047999970614910126
v -0.058139968663454056 -0.02627396024763584 -0.047999970614910126
v -0.054206959903240204 -0.030734950676560402 -0.04798400029540062
v -0.054602980613708496 -0.0311849694699049 -0.0476299487054348
v -0.05634694918990135 0.02238594926893711 -0.04798400029540062
v -0.06109194830060005 0.01300995983183384 -0.047999970614910126
v -0.05977797135710716 0.018487980589270592 -0.0476299487054348
v -0.05977797135710716 0.018487980589270592 -0.0476299487054348
v -0.06109194830060005 0.01300995983183384 -0.047999970614910126
v -0.0618399903178215 0.013218989595770836 -0.0476299487054348
v -0.0618399903178215 0.013218989595770836 -0.0476299487054348
v -0.06109194830060005 0.01300995983183384 -0.047999970614910126
v -0.06274496763944626 0.007202981971204281 -0.047861989587545395
v -0.06274496763944626 0.007202981971204281 -0.047861989587545395
v -0.0627409815788269 0.0011099569965153933 -0.047999970614910126
v -0.06329797953367233 -0.0004220000118948519 -0.047861989587545395
v -0.06329797953367233 -0.0004220000118948519 -0.047861989587545395
v -0.0627409815788269 0.0011099569965153933 -0.047999970614910126
v -0.0625559613108635 -0.01128195971250534 -0.047999970614910126
v -0.06329797953367233 -0.0004220000118948519 -0.047861989587545395
v -0.0625559613108635 -0.01128195971250534 -0.047999970614910126
v -0.06306099146604538 -0.011318979784846306 -0.047861989587545395
v -0.06306099146604538 -0.011318979784846306 -0.047861989587545395
v -0.0625559613108635 -0.01128195971250534 -0.047999970614910126
v -0.06215494126081467 -0.01836800016462803 -0.047861989587545395
v -0.04987800121307373 0.027650950476527214 -0.04793798178434372
v -0.05634694918990135 0.02238594926893711 -0.04798400029540062
v -0.052865978330373764 0.02610795944929123 -0.047861989587545395
v -0.052865978330373764 0.02610795944929123 -0.047861989587545395
v -0.05634694918990135 0.02238594926893711 -0.04798400029540062
v -0.05679994076490402 0.022778980433940887 -0.0476299487054348
v -0.052865978330373764 0.02610795944929123 -0.047861989587545395
v -0.05679994076490402 0.022778980433940887 -0.0476299487054348
v -0.05313098058104515 0.026459990069270134 -0.047320958226919174
v -0.05997496098279953 0.018592949956655502 -0.046999990940093994
v -0.05679994076490402 0.022778980433940887 -0.0476299487054348
v -0.05977797135710716 0.018487980589270592 -0.0476299487054348
v -0.06111793965101242 0.015953000634908676 -0.047320958226919174
v -0.05977797135710716 0.018487980589270592 -0.0476299487054348
v -0.0618399903178215 0.013218989595770836 -0.0476299487054348
v -0.05112098902463913 -0.03393995016813278 -0.04734598845243454
v -0.054750971496105194 -0.03135298937559128 -0.046999990940093994
v -0.054602980613708496 -0.0311849694699049 -0.0476299487054348
v -0.054602980613708496 -0.0311849694699049 -0.0476299487054348
v -0.054750971496105194 -0.03135298937559128 -0.046999990940093994
v -0.058896951377391815 -0.026843959465622902 -0.047320958226919174
v -0.054602980613708496 -0.0311849694699049 -0.0476299487054348
v -0.058896951377391815 -0.026843959465622902 -0.047320958226919174
v -0.058139968663454056 -0.02627396024763584 -0.047999970614910126
v -0.058139968663454056 -0.02627396024763584 -0.047999970614910126
v -0.058896951377391815 -0.026843959465622902 -0.047320958226919174
v -0.060783978551626205 -0.02281098999083042 -0.047861989587545395
v -0.060783978551626205 -0.02281098999083042 -0.047861989587545395
v -0.0625869631767273 -0.018456989899277687 -0.047320958226919174
v -0.06215494126081467 -0.01836800016462803 -0.047861989587545395
v -0.06215494126081467 -0.01836800016462803 -0.047861989587545395
v -0.0625869631767273 -0.018456989899277687 -0.047320958226919174
v -0.06350100040435791 -0.011350980028510094 -0.047320958226919174
v -0.06215494126081467 -0.01836800016462803 -0.047861989587545395
v -0.06350100040435791 -0.011350980028510094 -0.047320958226919174
v -0.06306099146604538 -0.011318979784846306 -0.047861989587545395
v -0.06306099146604538 -0.011318979784846306 -0.047861989587545395
v -0.06350100040435791 -0.011350980028510094 -0.047320958226919174
v -0.06329797953367233 -0.0004220000118948519 -0.047861989587545395
v -0.04987800121307373 0.027650950476527214 -0.04793798178434372
v -0.052865978330373764 0.02610795944929123 -0.047861989587545395
v -0.04999798163771629 0.02799098938703537 -0.0477069616317749
v -0.04999798163771629 0.02799098938703537 -0.0477069616317749
v -0.052865978330373764 0.02610795944929123 -0.047861989587545395
v -0.05313098058104515 0.026459990069270134 -0.047320958226919174
v -0.05544494837522507 0.02453899011015892 -0.046499960124492645
v -0.05313098058104515 0.026459990069270134 -0.047320958226919174
v -0.05679994076490402 0.022778980433940887 -0.0476299487054348
v -0.05544494837522507 0.02453899011015892 -0.046499960124492645
v -0.05679994076490402 0.022778980433940887 -0.0476299487054348
v -0.05997496098279953 0.018592949956655502 -0.046999990940093994
v -0.05997496098279953 0.018592949956655502 -0.046999990940093994
v -0.05977797135710716 0.018487980589270592 -0.0476299487054348
v -0.06111793965101242 0.015953000634908676 -0.047320958226919174
v -0.06251996010541916 0.011165970005095005 -0.04617898911237717
v -0.06111793965101242 0.015953000634908676 -0.047320958226919174
v -0.0618399903178215 0.013218989595770836 -0.0476299487054348
v -0.06251996010541916 0.011165970005095005 -0.04617898911237717
v -0.0618399903178215 0.013218989595770836 -0.0476299487054348
v -0.06318198889493942 0.007259964011609554 -0.047320958226919174
v -0.06353598088026047 0.0037669530138373375 -0.04617898911237717
v -0.06318198889493942 0.007259964011609554 -0.047320958226919174
v -0.06373798102140427 -0.00041000000783242285 -0.047320958226919174
v -0.06350100040435791 -0.011350980028510094 -0.047320958226919174
v -0.0625869631767273 -0.018456989899277687 -0.047320958226919174
v -0.06353794783353806 -0.011560969986021519 -0.046499960124492645
v -0.058896951377391815 -0.026843959465622902 -0.047320958226919174
v -0.06123495101928711 -0.02301095984876156 -0.046999990940093994
v -0.060783978551626205 -0.02281098999083042 -0.047861989587545395
v -0.060783978551626205 -0.02281098999083042 -0.047861989587545395
v -0.06123495101928711 -0.02301095984876156 -0.046999990940093994
v -0.0625869631767273 -0.018456989899277687 -0.047320958226919174
v -0.06350100040435791 -0.011350980028510094 -0.047320958226919174
v -0.06373798102140427 -0.00041000000783242285 -0.047320958226919174
v -0.06329797953367233 -0.0004220000118948519 -0.047861989587545395
v -0.06329797953367233 -0.0004220000118948519 -0.047861989587545395
v -0.06373798102140427 -0.00041000000783242285 -0.047320958226919174
v -0.06318198889493942 0.007259964011609554 -0.047320958226919174
v -0.06329797953367233 -0.0004220000118948519 -0.047861989587545395
v -0.06318198889493942 0.007259964011609554 -0.047320958226919174
v -0.06274496763944626 0.007202981971204281 -0.047861989587545395
v -0.06274496763944626 0.007202981971204281 -0.047861989587545395
v -0.06318198889493942 0.007259964011609554 -0.047320958226919174
v -0.0618399903178215 0.013218989595770836 -0.0476299487054348
v -0.05112098902463913 -0.03393995016813278 -0.04734598845243454
v -0.054602980613708496 -0.0311849694699049 -0.0476299487054348
v -0.054206959903240204 -0.030734950676560402 -0.04798400029540062
v -0.0377349816262722 0.03127896040678024 -0.04734598845243454
v -0.03186595067381859 0.03188598155975342 -0.04734598845243454
v -0.03764795884490013 0.030692990869283676 -0.04793798178434372
v -0.03764795884490013 0.030692990869283676 -0.04793798178434372
v -0.03186595067381859 0.03188598155975342 -0.04734598845243454
v -0.03181099146604538 0.030949950218200684 -0.047999970614910126
v -0.04999798163771629 0.02799098938703537 -0.0477069616317749
v -0.04443097114562988 0.029926950111985207 -0.04734598845243454
v -0.04437296837568283 0.029702959582209587 -0.0477069616317749
v -0.04999798163771629 0.02799098938703537 -0.0477069616317749
v -0.04437296837568283 0.029702959582209587 -0.0477069616317749
v -0.04987800121307373 0.027650950476527214 -0.04793798178434372
v -0.04987800121307373 0.027650950476527214 -0.04793798178434372
v -0.04437296837568283 0.029702959582209587 -0.0477069616317749
v -0.044197969138622284 0.0290179792791605 -0.047999970614910126
v -0.04443097114562988 0.029926950111985207 -0.04734598845243454
v -0.0377349816262722 0.03127896040678024 -0.04734598845243454
v -0.04437296837568283 0.029702959582209587 -0.0477069616317749
v -0.04437296837568283 0.029702959582209587 -0.0477069616317749
v -0.0377349816262722 0.03127896040678024 -0.04734598845243454
v -0.03764795884490013 0.030692990869283676 -0.04793798178434372
v -0.04437296837568283 0.029702959582209587 -0.0477069616317749
v -0.03764795884490013 0.030692990869283676 -0.04793798178434372
v -0.044197969138622284 0.0290179792791605 -0.047999970614910126
v -0.044197969138622284 0.0290179792791605 -0.047999970614910126
v -0.03764795884490013 0.030692990869283676 -0.04793798178434372
v -0.03181099146604538 0.030949950218200684 -0.047999970614910126
v -0.03181099146604538 -0.03647296875715256 -0.047999970614910126
v -0.06148194894194603 -0.019068950787186623 -0.047999970614910126
v -0.0625559613108635 -0.01128195971250534 -0.047999970614910126
v -0.0625559613108635 -0.01128195971250534 -0.047999970614910126
v -0.0627409815788269 0.0011099569965153933 -0.047999970614910126
v -0.03181099146604538 -0.03647296875715256 -0.047999970614910126
v -0.03181099146604538 -0.03647296875715256 -0.047999970614910126
v -0.0627409815788269 0.0011099569965153933 -0.047999970614910126
v -0.03181099146604538 0.030949950218200684 -0.047999970614910126
v -0.03181099146604538 0.030949950218200684 -0.047999970614910126
v -0.0627409815788269 0.0011099569965153933 -0.047999970614910126
v -0.06109194830060005 0.01300995983183384 -0.047999970614910126
v -0.06109194830060005 0.01300995983183384 -0.047999970614910126
v -0.044197969138622284 0.0290179792791605 -0.047999970614910126
v -0.03181099146604538 0.030949950218200684 -0.047999970614910126
v -0.054206959903240204 -0.030734950676560402 -0.04798400029540062
v -0.03181099146604538 -0.03647296875715256 -0.047999970614910126
v -0.04057997092604637 -0.0365629717707634 -0.04793798178434372
v -0.044197969138622284 0.0290179792791605 -0.047999970614910126
v -0.06109194830060005 0.01300995983183384 -0.047999970614910126
v -0.05634694918990135 0.02238594926893711 -0.04798400029540062
v -0.044197969138622284 0.0290179792791605 -0.047999970614910126
v -0.05634694918990135 0.02238594926893711 -0.04798400029540062
v -0.04987800121307373 0.027650950476527214 -0.04793798178434372
v -0.054206959903240204 -0.030734950676560402 -0.04798400029540062
v -0.04057997092604637 -0.0365629717707634 -0.04793798178434372
v -0.047745998948812485 -0.034905970096588135 -0.04793798178434372
v -0.054206959903240204 -0.030734950676560402 -0.04798400029540062
v -0.058139968663454056 -0.02627396024763584 -0.047999970614910126
v -0.03181099146604538 -0.03647296875715256 -0.047999970614910126
v -0.058139968663454056 -0.02627396024763584 -0.047999970614910126
v -0.06148194894194603 -0.019068950787186623 -0.047999970614910126
v -0.03181099146604538 -0.03647296875715256 -0.047999970614910126
v -0.03181099146604538 -0.03647296875715256 -0.047999970614910126
v -0.03181099146604538 0.030949950218200684 -0.047999970614910126
v -0.030229980126023293 -0.03644096106290817 -0.04774295911192894
v -0.030229980126023293 -0.03644096106290817 -0.04774295911192894
v -0.03181099146604538 0.030949950218200684 -0.047999970614910126
v -0.030229980126023293 0.03101198934018612 -0.04774295911192894
v -0.004848957061767578 0.02821999043226242 -0.03928297013044357
v -0.004848957061767578 -0.03204493969678879 -0.03928297013044357
v -0.009867966175079346 0.028900979086756706 -0.040955960750579834
v -0.009867966175079346 0.028900979086756706 -0.040955960750579834
v -0.004848957061767578 -0.03204493969678879 -0.03928297013044357
v -0.018168980255723 -0.035262998193502426 -0.043722979724407196
v -0.009867966175079346 0.028900979086756706 -0.040955960750579834
v -0.018168980255723 -0.035262998193502426 -0.043722979724407196
v -0.030229980126023293 -0.03644096106290817 -0.04774295911192894
v -0.009867966175079346 0.028900979086756706 -0.040955960750579834
v -0.030229980126023293 -0.03644096106290817 -0.04774295911192894
v -0.02250598929822445 0.030855949968099594 -0.04516898840665817
v -0.02250598929822445 0.030855949968099594 -0.04516898840665817
v -0.030229980126023293 -0.03644096106290817 -0.04774295911192894
v -0.030229980126023293 0.03101198934018612 -0.04774295911192894
v -0.05112098902463913 -0.03393995016813278 -0.04734598845243454
v -0.05303299054503441 -0.03268396109342575 -0.04617898911237717
v -0.054750971496105194 -0.03135298937559128 -0.046999990940093994
v -0.054750971496105194 -0.03135298937559128 -0.046999990940093994
v -0.057483971118927 -0.02856099046766758 -0.04617898911237717
v -0.058896951377391815 -0.026843959465622902 -0.047320958226919174
v -0.058896951377391815 -0.026843959465622902 -0.047320958226919174
v -0.057483971118927 -0.02856099046766758 -0.04617898911237717
v -0.06025195121765137 -0.024815969169139862 -0.04617898911237717
v -0.058896951377391815 -0.026843959465622902 -0.047320958226919174
v -0.06025195121765137 -0.024815969169139862 -0.04617898911237717
v -0.06123495101928711 -0.02301095984876156 -0.046999990940093994
v -0.06123495101928711 -0.02301095984876156 -0.046999990940093994
v -0.06211297959089279 -0.020596979185938835 -0.046499960124492645
v -0.0625869631767273 -0.018456989899277687 -0.047320958226919174
v -0.0625869631767273 -0.018456989899277687 -0.047320958226919174
v -0.06211297959089279 -0.020596979185938835 -0.046499960124492645
v -0.06353794783353806 -0.011560969986021519 -0.046499960124492645
v -0.06350100040435791 -0.011350980028510094 -0.047320958226919174
v -0.06353794783353806 -0.011560969986021519 -0.046499960124492645
v -0.06373994797468185 -0.006261943839490414 -0.04617898911237717
v -0.06350100040435791 -0.011350980028510094 -0.047320958226919174
v -0.06373994797468185 -0.006261943839490414 -0.04617898911237717
v -0.06373798102140427 -0.00041000000783242285 -0.047320958226919174
v -0.06373798102140427 -0.00041000000783242285 -0.047320958226919174
v -0.06373994797468185 -0.006261943839490414 -0.04617898911237717
v -0.06353598088026047 0.0037669530138373375 -0.04617898911237717
v -0.06251996010541916 0.011165970005095005 -0.04617898911237717
v -0.06084597110748291 0.01663094013929367 -0.04617898911237717
v -0.06111793965101242 0.015953000634908676 -0.047320958226919174
v -0.06111793965101242 0.015953000634908676 -0.047320958226919174
v -0.06084597110748291 0.01663094013929367 -0.04617898911237717
v -0.05997496098279953 0.018592949956655502 -0.046999990940093994
v -0.05997496098279953 0.018592949956655502 -0.046999990940093994
v -0.06084597110748291 0.01663094013929367 -0.04617898911237717
v -0.05830800160765648 0.02086097002029419 -0.045869939029216766
v -0.05997496098279953 0.018592949956655502 -0.046999990940093994
v -0.05830800160765648 0.02086097002029419 -0.045869939029216766
v -0.05544494837522507 0.02453899011015892 -0.046499960124492645
v -0.05313098058104515 0.026459990069270134 -0.047320958226919174
v -0.05544494837522507 0.02453899011015892 -0.046499960124492645
v -0.05187296122312546 0.02732097916305065 -0.04617898911237717
v -0.05313098058104515 0.026459990069270134 -0.047320958226919174
v -0.05187296122312546 0.02732097916305065 -0.04617898911237717
v -0.04999798163771629 0.02799098938703537 -0.0477069616317749
v -0.04999798163771629 0.02799098938703537 -0.0477069616317749
v -0.05187296122312546 0.02732097916305065 -0.04617898911237717
v -0.0500749908387661 0.028207950294017792 -0.046151988208293915
v -0.05303299054503441 -0.03268396109342575 -0.04617898911237717
v -0.05112098902463913 -0.03393995016813278 -0.04734598845243454
v -0.04796499013900757 -0.03545600175857544 -0.0461539588868618
v -0.04796499013900757 -0.03545600175857544 -0.0461539588868618
v -0.05112098902463913 -0.03393995016813278 -0.04734598845243454
v -0.04796499013900757 -0.03545600175857544 -0.04734598845243454
v -0.044088948518037796 -0.03664296120405197 -0.0461539588868618
v -0.04796499013900757 -0.03545600175857544 -0.04734598845243454
v -0.044088948518037796 -0.03664296120405197 -0.04734598845243454
v -0.044088948518037796 -0.03664296120405197 -0.0461539588868618
v -0.044088948518037796 -0.03664296120405197 -0.04734598845243454
v -0.04062496870756149 -0.037152938544750214 -0.0461539588868618
v -0.04062496870756149 -0.037152938544750214 -0.0461539588868618
v -0.044088948518037796 -0.03664296120405197 -0.04734598845243454
v -0.04062496870756149 -0.037152938544750214 -0.04734598845243454
v -0.0039139981381595135 -0.03268694132566452 -0.03538398817181587
v -0.004818974994122982 -0.03297197073698044 -0.03847794979810715
v -0.0006539999740198255 -0.031464990228414536 -0.037671979516744614
v -0.004818974994122982 -0.03297197073698044 -0.03847794979810715
v -0.0039139981381595135 -0.03268694132566452 -0.03538398817181587
v -0.009510993026196957 -0.03423500061035156 -0.04036097973585129
v -0.009510993026196957 -0.03423500061035156 -0.04036097973585129
v -0.0039139981381595135 -0.03268694132566452 -0.03538398817181587
v -0.008959949016571045 -0.03421293944120407 -0.03740096092224121
v -0.009510993026196957 -0.03423500061035156 -0.04036097973585129
v -0.008959949016571045 -0.03421293944120407 -0.03740096092224121
v -0.014650999568402767 -0.03544294089078903 -0.04206299036741257
v -0.014650999568402767 -0.03544294089078903 -0.04206299036741257
v -0.008959949016571045 -0.03421293944120407 -0.03740096092224121
v -0.01408499013632536 -0.035451941192150116 -0.039448969066143036
v -0.014650999568402767 -0.03544294089078903 -0.04206299036741257
v -0.01408499013632536 -0.035451941192150116 -0.039448969066143036
v -0.019936969503760338 -0.036487989127635956 -0.04346894845366478
v -0.04062496870756149 -0.037152938544750214 -0.0461539588868618
v -0.04062496870756149 -0.037152938544750214 -0.04734598845243454
v -0.03388696163892746 -0.0374869704246521 -0.046499960124492645
v -0.03388696163892746 -0.0374869704246521 -0.046499960124492645
v -0.0317949615418911 -0.03739595040678978 -0.04738295078277588
v -0.029860969632864 -0.03734897822141647 -0.045360978692770004
v -0.029860969632864 -0.03734897822141647 -0.045360978692770004
v -0.0317949615418911 -0.03739595040678978 -0.04738295078277588
v -0.02465795911848545 -0.036995939910411835 -0.043265990912914276
v -0.02465795911848545 -0.036995939910411835 -0.043265990912914276
v -0.0317949615418911 -0.03739595040678978 -0.04738295078277588
v -0.025187959894537926 -0.037105970084667206 -0.045201949775218964
v -0.02465795911848545 -0.036995939910411835 -0.043265990912914276
v -0.025187959894537926 -0.037105970084667206 -0.045201949775218964
v -0.020345980301499367 -0.036558978259563446 -0.04195195063948631
v -0.020345980301499367 -0.036558978259563446 -0.04195195063948631
v -0.025187959894537926 -0.037105970084667206 -0.045201949775218964
v -0.019936969503760338 -0.036487989127635956 -0.04346894845366478
v -0.020345980301499367 -0.036558978259563446 -0.04195195063948631
v -0.019936969503760338 -0.036487989127635956 -0.04346894845366478
v -0.01408499013632536 -0.035451941192150116 -0.039448969066143036
v 0.04985499009490013 -0.02717900089919567 -0.038679949939250946
v 0.05712300166487694 -0.029165979474782944 -0.04040997847914696
v 0.049773991107940674 -0.027850979939103127 -0.038378000259399414
v 0.049773991107940674 -0.027850979939103127 -0.038378000259399414
v 0.05712300166487694 -0.029165979474782944 -0.04040997847914696
v 0.05694596841931343 -0.029802970588207245 -0.04009199142456055
v 0.049773991107940674 -0.027850979939103127 -0.038378000259399414
v 0.05694596841931343 -0.029802970588207245 -0.04009199142456055
v 0.049863990396261215 -0.028153950348496437 -0.037706971168518066
v 0.049863990396261215 -0.028153950348496437 -0.037706971168518066
v 0.05694596841931343 -0.029802970588207245 -0.04009199142456055
v 0.057007960975170135 -0.0301049891859293 -0.039426978677511215
v 0.06404495239257812 -0.03268295153975487 -0.0411219485104084
v 0.057007960975170135 -0.0301049891859293 -0.039426978677511215
v 0.05694596841931343 -0.029802970588207245 -0.04009199142456055
v 0.06404495239257812 -0.03268295153975487 -0.0411219485104084
v 0.05694596841931343 -0.029802970588207245 -0.04009199142456055
v 0.0699799582362175 -0.03466897830367088 -0.04319797828793526
v 0.0699799582362175 -0.03466897830367088 -0.04319797828793526
v 0.05694596841931343 -0.029802970588207245 -0.04009199142456055
v 0.06419699639081955 -0.031759969890117645 -0.04209398850798607
v 0.06419699639081955 -0.031759969890117645 -0.04209398850798607
v 0.05694596841931343 -0.029802970588207245 -0.04009199142456055
v 0.05712300166487694 -0.029165979474782944 -0.04040997847914696
v 0.08842796087265015 -0.0395999513566494 -0.04723798856139183
v 0.08229099959135056 -0.03840398043394089 -0.04578595981001854
v 0.08842896670103073 -0.03869098052382469 -0.04786396026611328
v 0.08229099959135056 -0.03840398043394089 -0.04578595981001854
v 0.07614398002624512 -0.036904990673065186 -0.043975941836833954
v 0.07607095688581467 -0.03660297021269798 -0.04464298114180565
v 0.08229099959135056 -0.03840398043394089 -0.04578595981001854
v 0.07607095688581467 -0.03660297021269798 -0.04464298114180565
v 0.08842896670103073 -0.03869098052382469 -0.04786396026611328
v 0.07614398002624512 -0.036904990673065186 -0.043975941836833954
v 0.07003294676542282 -0.034969981759786606 -0.04253493994474411
v 0.07607095688581467 -0.03660297021269798 -0.04464298114180565
v 0.07607095688581467 -0.03660297021269798 -0.04464298114180565
v 0.07003294676542282 -0.034969981759786606 -0.04253493994474411
v 0.0699799582362175 -0.03466897830367088 -0.04319797828793526
v 0.07607095688581467 -0.03660297021269798 -0.04464298114180565
v 0.0699799582362175 -0.03466897830367088 -0.04319797828793526
v 0.07013099640607834 -0.03402495011687279 -0.04350696876645088
v 0.07607095688581467 -0.03660297021269798 -0.04464298114180565
v 0.07013099640607834 -0.03402495011687279 -0.04350696876645088
v 0.08842896670103073 -0.03869098052382469 -0.04786396026611328
v 0.06419699639081955 -0.031759969890117645 -0.04209398850798607
v 0.07013099640607834 -0.03402495011687279 -0.04350696876645088
v 0.0699799582362175 -0.03466897830367088 -0.04319797828793526
v 0.06404495239257812 -0.03268295153975487 -0.0411219485104084
v 0.0699799582362175 -0.03466897830367088 -0.04319797828793526
v 0.07003294676542282 -0.034969981759786606 -0.04253493994474411
v 0.10123900324106216 -0.0409509502351284 -0.04738295078277588
v 0.10123900324106216 -0.0409509502351284 -0.04561698064208031
v 0.0953259989619255 -0.040509991347789764 -0.04738295078277588
v 0.0953259989619255 -0.040509991347789764 -0.04738295078277588
v 0.10123900324106216 -0.0409509502351284 -0.04561698064208031
v 0.09213399142026901 -0.04013894870877266 -0.04561698064208031
v 0.0953259989619255 -0.040509991347789764 -0.04738295078277588
v 0.09213399142026901 -0.04013894870877266 -0.04561698064208031
v 0.08842796087265015 -0.0395999513566494 -0.04723798856139183
v 0.08842796087265015 -0.0395999513566494 -0.04723798856139183
v 0.09213399142026901 -0.04013894870877266 -0.04561698064208031
v 0.0891759917140007 -0.0397149883210659 -0.04521596059203148
v 0.08842796087265015 -0.0395999513566494 -0.04723798856139183
v 0.0891759917140007 -0.0397149883210659 -0.04521596059203148
v 0.08266395330429077 -0.038552988320589066 -0.04375499114394188
v 0.06416498869657516 -0.03264999017119408 -0.03809195011854172
v 0.06404495239257812 -0.03268295153975487 -0.0411219485104084
v 0.07013297080993652 -0.03500396013259888 -0.04019397124648094
v 0.07013297080993652 -0.03500396013259888 -0.04019397124648094
v 0.06404495239257812 -0.03268295153975487 -0.0411219485104084
v 0.07003294676542282 -0.034969981759786606 -0.04253493994474411
v 0.07013297080993652 -0.03500396013259888 -0.04019397124648094
v 0.07003294676542282 -0.034969981759786606 -0.04253493994474411
v 0.07634598016738892 -0.036962978541851044 -0.04196000099182129
v 0.07634598016738892 -0.036962978541851044 -0.04196000099182129
v 0.07003294676542282 -0.034969981759786606 -0.04253493994474411
v 0.07614398002624512 -0.036904990673065186 -0.043975941836833954
v 0.07634598016738892 -0.036962978541851044 -0.04196000099182129
v 0.07614398002624512 -0.036904990673065186 -0.043975941836833954
v 0.08266395330429077 -0.038552988320589066 -0.04375499114394188
v 0.08266395330429077 -0.038552988320589066 -0.04375499114394188
v 0.07614398002624512 -0.036904990673065186 -0.043975941836833954
v 0.08229099959135056 -0.03840398043394089 -0.04578595981001854
v 0.08266395330429077 -0.038552988320589066 -0.04375499114394188
v 0.08229099959135056 -0.03840398043394089 -0.04578595981001854
v 0.08842796087265015 -0.0395999513566494 -0.04723798856139183
v 0.08842896670103073 -0.03869098052382469 -0.04786396026611328
v 0.08958697319030762 -0.03883998841047287 -0.047999970614910126
v 0.08842796087265015 -0.0395999513566494 -0.04723798856139183
v 0.10123900324106216 -0.0409509502351284 -0.04738295078277588
v 0.0953259989619255 -0.040509991347789764 -0.04738295078277588
v 0.10126499831676483 -0.04041099175810814 -0.0479239784181118
v 0.10126499831676483 -0.04041099175810814 -0.0479239784181118
v 0.0953259989619255 -0.040509991347789764 -0.04738295078277588
v 0.08958697319030762 -0.03883998841047287 -0.047999970614910126
v 0.08958697319030762 -0.03883998841047287 -0.047999970614910126
v 0.0953259989619255 -0.040509991347789764 -0.04738295078277588
v 0.08842796087265015 -0.0395999513566494 -0.04723798856139183
v 0.09213399142026901 -0.04013894870877266 -0.04561698064208031
v 0.10123900324106216 -0.0409509502351284 -0.04561698064208031
v 0.10126499831676483 -0.04041099175810814 -0.045075949281454086
v 0.09213399142026901 -0.04013894870877266 -0.04561698064208031
v 0.10126499831676483 -0.04041099175810814 -0.045075949281454086
v 0.09225398302078247 -0.039222948253154755 -0.044999949634075165
v 0.09225398302078247 -0.039222948253154755 -0.044999949634075165
v 0.10126499831676483 -0.04041099175810814 -0.045075949281454086
v 0.10997799783945084 -0.040014978498220444 -0.044999949634075165
v 0.10997799783945084 -0.040014978498220444 -0.044999949634075165
v 0.10126499831676483 -0.04041099175810814 -0.045075949281454086
v 0.11002500355243683 -0.04093693941831589 -0.04561698064208031
v 0.10126499831676483 -0.04041099175810814 -0.045075949281454086
v 0.10123900324106216 -0.0409509502351284 -0.04561698064208031
v 0.11002500355243683 -0.04093693941831589 -0.04561698064208031
v 0.11002500355243683 -0.04093693941831589 -0.04561698064208031
v 0.11876700073480606 -0.04005897045135498 -0.04561698064208031
v 0.11873500049114227 -0.03984396904706955 -0.045292969793081284
v 0.11873500049114227 -0.03984396904706955 -0.045292969793081284
v 0.11876700073480606 -0.04005897045135498 -0.04561698064208031
v 0.12737999856472015 -0.03832399100065231 -0.04561698064208031
v 0.11873500049114227 -0.03984396904706955 -0.045292969793081284
v 0.12737999856472015 -0.03832399100065231 -0.04561698064208031
v 0.12732699513435364 -0.038113951683044434 -0.045292969793081284
v 0.12732699513435364 -0.038113951683044434 -0.045292969793081284
v 0.12737999856472015 -0.03832399100065231 -0.04561698064208031
v 0.1337289959192276 -0.036543961614370346 -0.04600000008940697
v 0.12732699513435364 -0.038113951683044434 -0.045292969793081284
v 0.1337289959192276 -0.036543961614370346 -0.04600000008940697
v 0.13570700585842133 -0.03554695099592209 -0.045292969793081284
v 0.13570700585842133 -0.03554695099592209 -0.045292969793081284
v 0.1337289959192276 -0.036543961614370346 -0.04600000008940697
v 0.143886998295784 -0.032363951206207275 -0.04561698064208031
v 0.13570700585842133 -0.03554695099592209 -0.045292969793081284
v 0.143886998295784 -0.032363951206207275 -0.04561698064208031
v 0.143654003739357 -0.03187495097517967 -0.045075949281454086
v 0.10997799783945084 -0.040014978498220444 -0.044999949634075165
v 0.11002500355243683 -0.04093693941831589 -0.04561698064208031
v 0.11873500049114227 -0.03984396904706955 -0.045292969793081284
v 0.10997799783945084 -0.040014978498220444 -0.044999949634075165
v 0.11873500049114227 -0.03984396904706955 -0.045292969793081284
v 0.12732699513435364 -0.038113951683044434 -0.045292969793081284
v 0.10997799783945084 -0.040014978498220444 -0.044999949634075165
v 0.12732699513435364 -0.038113951683044434 -0.045292969793081284
v 0.13546690344810486 -0.03488193824887276 -0.044999949634075165
v 0.13546690344810486 -0.03488193824887276 -0.044999949634075165
v 0.12732699513435364 -0.038113951683044434 -0.045292969793081284
v 0.13570700585842133 -0.03554695099592209 -0.045292969793081284
v 0.13546690344810486 -0.03488193824887276 -0.044999949634075165
v 0.13570700585842133 -0.03554695099592209 -0.045292969793081284
v 0.143654003739357 -0.03187495097517967 -0.045075949281454086
v 0.13546690344810486 -0.03488193824887276 -0.044999949634075165
v 0.143654003739357 -0.03187495097517967 -0.045075949281454086
v 0.14826400578022003 -0.02872495912015438 -0.044999949634075165
v 0.143886998295784 -0.032363951206207275 -0.04561698064208031
v 0.14884300529956818 -0.029540950432419777 -0.04600000008940697
v 0.1486728936433792 -0.029301999136805534 -0.045292969793081284
v 0.143886998295784 -0.032363951206207275 -0.04561698064208031
v 0.1486728936433792 -0.029301999136805534 -0.045292969793081284
v 0.143654003739357 -0.03187495097517967 -0.045075949281454086
v 0.143654003739357 -0.03187495097517967 -0.045075949281454086
v 0.1486728936433792 -0.029301999136805534 -0.045292969793081284
v 0.14826400578022003 -0.02872495912015438 -0.044999949634075165
v 0.1486728936433792 -0.029301999136805534 -0.045292969793081284
v 0.14884300529956818 -0.029540950432419777 -0.04600000008940697
v 0.1529909074306488 -0.025642989203333855 -0.045292969793081284
v 0.1486728936433792 -0.029301999136805534 -0.045292969793081284
v 0.1529909074306488 -0.025642989203333855 -0.045292969793081284
v 0.14826400578022003 -0.02872495912015438 -0.044999949634075165
v 0.1529909074306488 -0.025642989203333855 -0.045292969793081284
v 0.15685990452766418 -0.02146797999739647 -0.046999990940093994
v 0.15661999583244324 -0.021299950778484344 -0.045292969793081284
v 0.1529909074306488 -0.025642989203333855 -0.045292969793081284
v 0.15661999583244324 -0.021299950778484344 -0.045292969793081284
v 0.14826400578022003 -0.02872495912015438 -0.044999949634075165
v 0.14826400578022003 -0.02872495912015438 -0.044999949634075165
v 0.15661999583244324 -0.021299950778484344 -0.045292969793081284
v 0.1588120013475418 -0.01610100083053112 -0.044999949634075165
v 0.15661999583244324 -0.021299950778484344 -0.045292969793081284
v 0.15964899957180023 -0.01649295911192894 -0.04561698064208031
v 0.1588120013475418 -0.01610100083053112 -0.044999949634075165
v 0.143886998295784 -0.032363951206207275 -0.04561698064208031
v 0.143886998295784 -0.032363951206207275 -0.04738295078277588
v 0.14884300529956818 -0.029540950432419777 -0.04600000008940697
v 0.14884300529956818 -0.029540950432419777 -0.04600000008940697
v 0.143886998295784 -0.032363951206207275 -0.04738295078277588
v 0.1486728936433792 -0.029301999136805534 -0.0477069616317749
v 0.1529909074306488 -0.025642989203333855 -0.045292969793081284
v 0.14884300529956818 -0.029540950432419777 -0.04600000008940697
v 0.15314500033855438 -0.025795990601181984 -0.04738295078277588
v 0.1529909074306488 -0.025642989203333855 -0.045292969793081284
v 0.15314500033855438 -0.025795990601181984 -0.04738295078277588
v 0.15685990452766418 -0.02146797999739647 -0.046999990940093994
v 0.15661999583244324 -0.021299950778484344 -0.045292969793081284
v 0.15685990452766418 -0.02146797999739647 -0.046999990940093994
v 0.15964899957180023 -0.01649295911192894 -0.04561698064208031
v 0.15964899957180023 -0.01649295911192894 -0.04561698064208031
v 0.15685990452766418 -0.02146797999739647 -0.046999990940093994
v 0.15964899957180023 -0.01649295911192894 -0.04738295078277588
v 0.143886998295784 -0.032363951206207275 -0.04738295078277588
v 0.143886998295784 -0.032363951206207275 -0.04561698064208031
v 0.13578000664710999 -0.03575098142027855 -0.04738295078277588
v 0.13578000664710999 -0.03575098142027855 -0.04738295078277588
v 0.143886998295784 -0.032363951206207275 -0.04561698064208031
v 0.1337289959192276 -0.036543961614370346 -0.04600000008940697
v 0.13578000664710999 -0.03575098142027855 -0.04738295078277588
v 0.1337289959192276 -0.036543961614370346 -0.04600000008940697
v 0.12737999856472015 -0.03832399100065231 -0.04738295078277588
v 0.12737999856472015 -0.03832399100065231 -0.04738295078277588
v 0.1337289959192276 -0.036543961614370346 -0.04600000008940697
v 0.12737999856472015 -0.03832399100065231 -0.04561698064208031
v 0.12737999856472015 -0.03832399100065231 -0.04738295078277588
v 0.12737999856472015 -0.03832399100065231 -0.04561698064208031
v 0.11876700073480606 -0.04005897045135498 -0.04561698064208031
v 0.12737999856472015 -0.03832399100065231 -0.04738295078277588
v 0.11876700073480606 -0.04005897045135498 -0.04561698064208031
v 0.11876700073480606 -0.04005897045135498 -0.04738295078277588
v 0.11876700073480606 -0.04005897045135498 -0.04738295078277588
v 0.11876700073480606 -0.04005897045135498 -0.04561698064208031
v 0.11222399771213531 -0.04087400063872337 -0.046999990940093994
v 0.11222399771213531 -0.04087400063872337 -0.046999990940093994
v 0.11876700073480606 -0.04005897045135498 -0.04561698064208031
v 0.11002500355243683 -0.04093693941831589 -0.04561698064208031
v 0.11222399771213531 -0.04087400063872337 -0.046999990940093994
v 0.11002500355243683 -0.04093693941831589 -0.04561698064208031
v 0.10123900324106216 -0.0409509502351284 -0.04738295078277588
v 0.10123900324106216 -0.0409509502351284 -0.04738295078277588
v 0.11002500355243683 -0.04093693941831589 -0.04561698064208031
v 0.10123900324106216 -0.0409509502351284 -0.04561698064208031
v 0.04074393957853317 0.009171961806714535 -0.03299998864531517
v 0.0418049618601799 0.008285999298095703 -0.03269999846816063
v 0.042957961559295654 0.007722972892224789 -0.03269999846816063
v 0.04074393957853317 0.0021719930227845907 -0.03299998864531517
v 0.0418049618601799 0.001285969978198409 -0.03269999846816063
v 0.042957961559295654 0.0007229999755509198 -0.03269999846816063
v 0.0418049618601799 -0.005713998805731535 -0.03269999846816063
v 0.042957961559295654 -0.006276965141296387 -0.03269999846816063
v 0.04430896043777466 -0.006568967830389738 -0.03299998864531517
v 0.0418049618601799 -0.012713960371911526 -0.03269999846816063
v 0.042957961559295654 -0.013276989571750164 -0.03269999846816063
v 0.04430896043777466 -0.013568989932537079 -0.03299998864531517
vt 0.663910984992981 0.7473049759864807
vt 0.6600520014762878 0.7561699748039246
vt 0.6494070291519165 0.7449870109558105
vt 0.6494070291519165 0.7449870109558105
vt 0.6600520014762878 0.7561699748039246
vt 0.6463090181350708 0.7623850107192993
vt 0.651324987411499 0.7097470164299011
vt 0.6581590175628662 0.7107570171356201
vt 0.6510819792747498 0.7274029850959778
vt 0.6510819792747498 0.7274029850959778
vt 0.6581590175628662 0.7107570171356201
vt 0.6633790135383606 0.7189570069313049
vt 0.6463090181350708 0.7623850107192993
vt 0.6600520014762878 0.7561699748039246
vt 0.660942018032074 0.766821026802063
vt 0.6463090181350708 0.7623850107192993
vt 0.660942018032074 0.766821026802063
vt 0.6429539918899536 0.7756320238113403
vt 0.6429539918899536 0.7756320238113403
vt 0.660942018032074 0.766821026802063
vt 0.667123019695282 0.7746250033378601
vt 0.6505299806594849 0.6961240172386169
vt 0.6613330245018005 0.6956740021705627
vt 0.656906008720398 0.7067310214042664
vt 0.6505299806594849 0.6961240172386169
vt 0.656906008720398 0.7067310214042664
vt 0.651324987411499 0.7097470164299011
vt 0.651324987411499 0.7097470164299011
vt 0.656906008720398 0.7067310214042664
vt 0.6581590175628662 0.7107570171356201
vt 0.6633790135383606 0.7189570069313049
vt 0.6660130023956299 0.7258470058441162
vt 0.6510819792747498 0.7274029850959778
vt 0.6510819792747498 0.7274029850959778
vt 0.6660130023956299 0.7258470058441162
vt 0.667110025882721 0.7331299781799316
vt 0.6510819792747498 0.7274029850959778
vt 0.667110025882721 0.7331299781799316
vt 0.6494070291519165 0.7449870109558105
vt 0.6494070291519165 0.7449870109558105
vt 0.667110025882721 0.7331299781799316
vt 0.6659209728240967 0.7403609752655029
vt 0.6494070291519165 0.7449870109558105
vt 0.6659209728240967 0.7403609752655029
vt 0.663910984992981 0.7473049759864807
vt 0.741346001625061 0.7372180223464966
vt 0.7395600080490112 0.7301110029220581
vt 0.7500680088996887 0.7336329817771912
vt 0.7500680088996887 0.7336329817771912
vt 0.7395600080490112 0.7301110029220581
vt 0.7505810260772705 0.7224159836769104
vt 0.7539569735527039 0.7002159953117371
vt 0.7518789768218994 0.7112600207328796
vt 0.7475320100784302 0.7029539942741394
vt 0.7540860176086426 0.7710000276565552
vt 0.7429999709129333 0.7714620232582092
vt 0.7485430240631104 0.7630509734153748
vt 0.7540860176086426 0.7710000276565552
vt 0.7485430240631104 0.7630509734153748
vt 0.7503430247306824 0.7448559999465942
vt 0.7503430247306824 0.7448559999465942
vt 0.7485430240631104 0.7630509734153748
vt 0.7478979825973511 0.7500349879264832
vt 0.7503430247306824 0.7448559999465942
vt 0.7478979825973511 0.7500349879264832
vt 0.7432910203933716 0.7442839741706848
vt 0.7503430247306824 0.7448559999465942
vt 0.7432910203933716 0.7442839741706848
vt 0.7500680088996887 0.7336329817771912
vt 0.7500680088996887 0.7336329817771912
vt 0.7432910203933716 0.7442839741706848
vt 0.741346001625061 0.7372180223464966
vt 0.7475320100784302 0.7029539942741394
vt 0.7422009706497192 0.6923040151596069
vt 0.7539569735527039 0.7002159953117371
vt 0.7539569735527039 0.7002159953117371
vt 0.7422009706497192 0.6923040151596069
vt 0.7561089992523193 0.6917240023612976
vt 0.7395600080490112 0.7301110029220581
vt 0.7407490015029907 0.7228800058364868
vt 0.7505810260772705 0.7224159836769104
vt 0.7505810260772705 0.7224159836769104
vt 0.7407490015029907 0.7228800058364868
vt 0.7427589893341064 0.715936005115509
vt 0.7505810260772705 0.7224159836769104
vt 0.7427589893341064 0.715936005115509
vt 0.7518789768218994 0.7112600207328796
vt 0.7518789768218994 0.7112600207328796
vt 0.7427589893341064 0.715936005115509
vt 0.7475320100784302 0.7029539942741394
vt 0.6911090016365051 0.7701870203018188
vt 0.6806529760360718 0.7656980156898499
vt 0.6826649904251099 0.7640179991722107
vt 0.6911090016365051 0.7701870203018188
vt 0.6888819932937622 0.773717999458313
vt 0.6822140216827393 0.7739959955215454
vt 0.6797009706497192 0.7706620097160339
vt 0.6806529760360718 0.7656980156898499
vt 0.6911090016365051 0.7701870203018188
vt 0.6797009706497192 0.7706620097160339
vt 0.6911090016365051 0.7701870203018188
vt 0.6822140216827393 0.7739959955215454
vt 0.6911090016365051 0.7701870203018188
vt 0.6826649904251099 0.7640179991722107
vt 0.6876019835472107 0.7638120055198669
vt 0.6911090016365051 0.7701870203018188
vt 0.6876019835472107 0.7638120055198669
vt 0.6904630064964294 0.7677429914474487
vt 0.6936619877815247 0.765155017375946
vt 0.6956740021705627 0.7634760141372681
vt 0.704118013381958 0.7696449756622314
vt 0.704118013381958 0.7696449756622314
vt 0.6956740021705627 0.7634760141372681
vt 0.7006109952926636 0.7632700204849243
vt 0.7018910050392151 0.7731760144233704
vt 0.6952229738235474 0.7734540104866028
vt 0.704118013381958 0.7696449756622314
vt 0.6952229738235474 0.7734540104866028
vt 0.6927099823951721 0.7701200246810913
vt 0.704118013381958 0.7696449756622314
vt 0.704118013381958 0.7696449756622314
vt 0.6927099823951721 0.7701200246810913
vt 0.6936619877815247 0.765155017375946
vt 0.704118013381958 0.7696449756622314
vt 0.7006109952926636 0.7632700204849243
vt 0.7034720182418823 0.7672010064125061
vt 0.7171270251274109 0.7691019773483276
vt 0.705610990524292 0.7669879794120789
vt 0.7086830139160156 0.7629340291023254
vt 0.7171270251274109 0.7691019773483276
vt 0.714900016784668 0.7726330161094666
vt 0.7082319855690002 0.772911012172699
vt 0.705718994140625 0.7695779800415039
vt 0.705610990524292 0.7669879794120789
vt 0.7171270251274109 0.7691019773483276
vt 0.705718994140625 0.7695779800415039
vt 0.7171270251274109 0.7691019773483276
vt 0.7082319855690002 0.772911012172699
vt 0.7171270251274109 0.7691019773483276
vt 0.7086830139160156 0.7629340291023254
vt 0.7136200070381165 0.7627279758453369
vt 0.7171270251274109 0.7691019773483276
vt 0.7136200070381165 0.7627279758453369
vt 0.7153459787368774 0.7645969986915588
vt 0.730135977268219 0.768559992313385
vt 0.7186200022697449 0.7664459943771362
vt 0.7216920256614685 0.762391984462738
vt 0.7279090285301208 0.7720909714698792
vt 0.7212409973144531 0.7723690271377563
vt 0.730135977268219 0.768559992313385
vt 0.7212409973144531 0.7723690271377563
vt 0.7187280058860779 0.7690359950065613
vt 0.730135977268219 0.768559992313385
vt 0.730135977268219 0.768559992313385
vt 0.7187280058860779 0.7690359950065613
vt 0.7186200022697449 0.7664459943771362
vt 0.7266290187835693 0.7621859908103943
vt 0.7283549904823303 0.7640550136566162
vt 0.730135977268219 0.768559992313385
vt 0.7266290187835693 0.7621859908103943
vt 0.730135977268219 0.768559992313385
vt 0.7216920256614685 0.762391984462738
vt 0.6613330245018005 0.6956740021705627
vt 0.6505299806594849 0.6961240172386169
vt 0.6498200297355652 0.6891679763793945
vt 0.6613330245018005 0.6956740021705627
vt 0.6498200297355652 0.6891679763793945
vt 0.7058089971542358 0.6938199996948242
vt 0.7058089971542358 0.6938199996948242
vt 0.7583330273628235 0.6840869784355164
vt 0.7422009706497192 0.6923040151596069
vt 0.7422009706497192 0.6923040151596069
vt 0.7583330273628235 0.6840869784355164
vt 0.7561089992523193 0.6917240023612976
vt 0.7058089971542358 0.6938199996948242
vt 0.6498200297355652 0.6891679763793945
vt 0.7583330273628235 0.6840869784355164
vt 0.7583330273628235 0.6840869784355164
vt 0.6498200297355652 0.6891679763793945
vt 0.6489440202713013 0.6824880242347717
vt 0.7583330273628235 0.6840869784355164
vt 0.6489440202713013 0.6824880242347717
vt 0.7601799964904785 0.6778519749641418
vt 0.7561089992523193 0.6917240023612976
vt 0.7583330273628235 0.6840869784355164
vt 0.7600280046463013 0.6848639845848083
vt 0.7561089992523193 0.6917240023612976
vt 0.7600280046463013 0.6848639845848083
vt 0.7548649907112122 0.7004119753837585
vt 0.7583330273628235 0.6840869784355164
vt 0.7601799964904785 0.6778519749641418
vt 0.7600280046463013 0.6848639845848083
vt 0.7600280046463013 0.6848639845848083
vt 0.7601799964904785 0.6778519749641418
vt 0.7615270018577576 0.6783959865570068
vt 0.7600280046463013 0.6848639845848083
vt 0.7615270018577576 0.6783959865570068
vt 0.7619959712028503 0.6790400147438049
vt 0.7684239745140076 0.6408330202102661
vt 0.7666609883308411 0.6403149962425232
vt 0.7669240236282349 0.6308779716491699
vt 0.7684239745140076 0.6408330202102661
vt 0.7669240236282349 0.6308779716491699
vt 0.7686840295791626 0.6313080191612244
vt 0.7684239745140076 0.6408330202102661
vt 0.7679420113563538 0.6487399935722351
vt 0.766543984413147 0.6499320268630981
vt 0.7684239745140076 0.6408330202102661
vt 0.766543984413147 0.6499320268630981
vt 0.7666609883308411 0.6403149962425232
vt 0.7666609883308411 0.6403149962425232
vt 0.766543984413147 0.6499320268630981
vt 0.7649880051612854 0.6562690138816833
vt 0.7679420113563538 0.6487399935722351
vt 0.7663599848747253 0.660256028175354
vt 0.766543984413147 0.6499320268630981
vt 0.766543984413147 0.6499320268630981
vt 0.7663599848747253 0.660256028175354
vt 0.7658489942550659 0.6596689820289612
vt 0.766543984413147 0.6499320268630981
vt 0.7658489942550659 0.6596689820289612
vt 0.7649880051612854 0.6562690138816833
vt 0.7663599848747253 0.660256028175354
vt 0.7644479870796204 0.6697080135345459
vt 0.7658489942550659 0.6596689820289612
vt 0.7658489942550659 0.6596689820289612
vt 0.7644479870796204 0.6697080135345459
vt 0.7639570236206055 0.6690919995307922
vt 0.7658489942550659 0.6596689820289612
vt 0.7639570236206055 0.6690919995307922
vt 0.7649880051612854 0.6562690138816833
vt 0.7601799964904785 0.6778519749641418
vt 0.7649880051612854 0.6562690138816833
vt 0.7639570236206055 0.6690919995307922
vt 0.7601799964904785 0.6778519749641418
vt 0.7639570236206055 0.6690919995307922
vt 0.7615270018577576 0.6783959865570068
vt 0.7615270018577576 0.6783959865570068
vt 0.7639570236206055 0.6690919995307922
vt 0.7619959712028503 0.6790400147438049
vt 0.7619959712028503 0.6790400147438049
vt 0.7639570236206055 0.6690919995307922
vt 0.7644479870796204 0.6697080135345459
vt 0.7668949961662292 0.6275179982185364
vt 0.7686840295791626 0.6313080191612244
vt 0.7669240236282349 0.6308779716491699
vt 0.7668949961662292 0.6275179982185364
vt 0.766776978969574 0.6240329742431641
vt 0.7680910229682922 0.6239719986915588
vt 0.7680910229682922 0.6239719986915588
vt 0.7686349749565125 0.623947024345398
vt 0.7686840295791626 0.6313080191612244
vt 0.7680910229682922 0.6239719986915588
vt 0.7686840295791626 0.6313080191612244
vt 0.7668949961662292 0.6275179982185364
vt 0.7675020098686218 0.6116719841957092
vt 0.7686349749565125 0.623947024345398
vt 0.7680910229682922 0.6239719986915588
vt 0.7675020098686218 0.6116719841957092
vt 0.7680910229682922 0.6239719986915588
vt 0.7652239799499512 0.605663001537323
vt 0.7652239799499512 0.605663001537323
vt 0.7680910229682922 0.6239719986915588
vt 0.766776978969574 0.6240329742431641
vt 0.7582520246505737 0.5893639922142029
vt 0.7637900114059448 0.5984029769897461
vt 0.759797990322113 0.5933330059051514
vt 0.766290009021759 0.6053869724273682
vt 0.7675020098686218 0.6116719841957092
vt 0.7652239799499512 0.605663001537323
vt 0.7637900114059448 0.5984029769897461
vt 0.7637900114059448 0.5984029769897461
vt 0.766290009021759 0.6053869724273682
vt 0.7637900114059448 0.5984029769897461
vt 0.766290009021759 0.6053869724273682
vt 0.7652239799499512 0.605663001537323
vt 0.7637900114059448 0.5984029769897461
vt 0.7652239799499512 0.605663001537323
vt 0.759797990322113 0.5933330059051514
vt 0.6475399732589722 0.5965240001678467
vt 0.6453139781951904 0.599481999874115
vt 0.646826982498169 0.5961300134658813
vt 0.6475399732589722 0.5965240001678467
vt 0.6469799876213074 0.5999839901924133
vt 0.6453139781951904 0.599481999874115
vt 0.7452690005302429 0.5800840258598328
vt 0.7497320175170898 0.5821809768676758
vt 0.759797990322113 0.5933330059051514
vt 0.7497320175170898 0.5821809768676758
vt 0.7582520246505737 0.5893639922142029
vt 0.759797990322113 0.5933330059051514
vt 0.7426980137825012 0.5775060057640076
vt 0.7452690005302429 0.5800840258598328
vt 0.7348769903182983 0.5745980143547058
vt 0.7426980137825012 0.5775060057640076
vt 0.7348769903182983 0.5745980143547058
vt 0.7430809736251831 0.5767940282821655
vt 0.6583430171012878 0.5838810205459595
vt 0.6592249870300293 0.5850030183792114
vt 0.6524069905281067 0.5899930000305176
vt 0.7582520246505737 0.5893639922142029
vt 0.7497320175170898 0.5821809768676758
vt 0.7502520084381104 0.5815579891204834
vt 0.7582520246505737 0.5893639922142029
vt 0.7502520084381104 0.5815579891204834
vt 0.7556480169296265 0.5863310098648071
vt 0.7497320175170898 0.5821809768676758
vt 0.7452690005302429 0.5800840258598328
vt 0.7426980137825012 0.5775060057640076
vt 0.7497320175170898 0.5821809768676758
vt 0.7426980137825012 0.5775060057640076
vt 0.7430809736251831 0.5767940282821655
vt 0.7497320175170898 0.5821809768676758
vt 0.7430809736251831 0.5767940282821655
vt 0.7502520084381104 0.5815579891204834
vt 0.7348769903182983 0.5745980143547058
vt 0.7350990176200867 0.5737230181694031
vt 0.7430809736251831 0.5767940282821655
vt 0.7430809736251831 0.5767940282821655
vt 0.7350990176200867 0.5737230181694031
vt 0.7396510243415833 0.5751399993896484
vt 0.7452690005302429 0.5800840258598328
vt 0.7239789962768555 0.5739619731903076
vt 0.7348769903182983 0.5745980143547058
vt 0.7348769903182983 0.5745980143547058
vt 0.7239789962768555 0.5739619731903076
vt 0.7240939736366272 0.5725470185279846
vt 0.7348769903182983 0.5745980143547058
vt 0.7240939736366272 0.5725470185279846
vt 0.7350990176200867 0.5737230181694031
vt 0.7350990176200867 0.5737230181694031
vt 0.7240939736366272 0.5725470185279846
vt 0.7181980013847351 0.5718219876289368
vt 0.7239789962768555 0.5739619731903076
vt 0.7083489894866943 0.5726670026779175
vt 0.7240939736366272 0.5725470185279846
vt 0.7240939736366272 0.5725470185279846
vt 0.7083489894866943 0.5726670026779175
vt 0.7083349823951721 0.5718629956245422
vt 0.7240939736366272 0.5725470185279846
vt 0.7083349823951721 0.5718629956245422
vt 0.7181980013847351 0.5718219876289368
vt 0.6897119879722595 0.5730130076408386
vt 0.7083349823951721 0.5718629956245422
vt 0.7083489894866943 0.5726670026779175
vt 0.6897119879722595 0.5730130076408386
vt 0.7083489894866943 0.5726670026779175
vt 0.6898059844970703 0.5738120079040527
vt 0.6898059844970703 0.5738120079040527
vt 0.7083489894866943 0.5726670026779175
vt 0.6864929795265198 0.575173020362854
vt 0.6864929795265198 0.575173020362854
vt 0.7083489894866943 0.5726670026779175
vt 0.7239789962768555 0.5739619731903076
vt 0.6760389804840088 0.5754410028457642
vt 0.6832470297813416 0.573930025100708
vt 0.6897119879722595 0.5730130076408386
vt 0.6760389804840088 0.5754410028457642
vt 0.6897119879722595 0.5730130076408386
vt 0.6762440204620361 0.5762199759483337
vt 0.6762440204620361 0.5762199759483337
vt 0.6897119879722595 0.5730130076408386
vt 0.6898059844970703 0.5738120079040527
vt 0.6762440204620361 0.5762199759483337
vt 0.6898059844970703 0.5738120079040527
vt 0.6864929795265198 0.575173020362854
vt 0.6762440204620361 0.5762199759483337
vt 0.6864929795265198 0.575173020362854
vt 0.6663579940795898 0.5796489715576172
vt 0.6762440204620361 0.5762199759483337
vt 0.6663579940795898 0.5796489715576172
vt 0.6760389804840088 0.5754410028457642
vt 0.6760389804840088 0.5754410028457642
vt 0.6663579940795898 0.5796489715576172
vt 0.6660100221633911 0.5789210200309753
vt 0.6663579940795898 0.5796489715576172
vt 0.6592249870300293 0.5850030183792114
vt 0.6583430171012878 0.5838810205459595
vt 0.6663579940795898 0.5796489715576172
vt 0.6583430171012878 0.5838810205459595
vt 0.6660100221633911 0.5789210200309753
vt 0.6524069905281067 0.5899930000305176
vt 0.6517239809036255 0.5893920063972473
vt 0.6583430171012878 0.5838810205459595
vt 0.6592249870300293 0.5850030183792114
vt 0.6469799876213074 0.5999839901924133
vt 0.6524069905281067 0.5899930000305176
vt 0.6524069905281067 0.5899930000305176
vt 0.6469799876213074 0.5999839901924133
vt 0.6475399732589722 0.5965240001678467
vt 0.6524069905281067 0.5899930000305176
vt 0.6475399732589722 0.5965240001678467
vt 0.646826982498169 0.5961300134658813
vt 0.6524069905281067 0.5899930000305176
vt 0.646826982498169 0.5961300134658813
vt 0.6517239809036255 0.5893920063972473
vt 0.6399970054626465 0.6291620135307312
vt 0.640861988067627 0.6196349859237671
vt 0.643900990486145 0.6089649796485901
vt 0.6399970054626465 0.6291620135307312
vt 0.643900990486145 0.6089649796485901
vt 0.6417379975318909 0.6292440295219421
vt 0.6453139781951904 0.599481999874115
vt 0.6469799876213074 0.5999839901924133
vt 0.643900990486145 0.6089649796485901
vt 0.6428160071372986 0.6087279915809631
vt 0.6453139781951904 0.599481999874115
vt 0.643900990486145 0.6089649796485901
vt 0.640861988067627 0.6196349859237671
vt 0.6428160071372986 0.6087279915809631
vt 0.643900990486145 0.6089649796485901
vt 0.6417379975318909 0.6292440295219421
vt 0.643900990486145 0.6089649796485901
vt 0.6469799876213074 0.5999839901924133
vt 0.6415809988975525 0.6333739757537842
vt 0.6399970054626465 0.6291620135307312
vt 0.6417379975318909 0.6292440295219421
vt 0.6415730118751526 0.636102020740509
vt 0.6398320198059082 0.6365979909896851
vt 0.6399970054626465 0.6291620135307312
vt 0.6415730118751526 0.636102020740509
vt 0.6399970054626465 0.6291620135307312
vt 0.6415809988975525 0.6333739757537842
vt 0.6398640275001526 0.6330090165138245
vt 0.6398320198059082 0.6365979909896851
vt 0.6407679915428162 0.649852991104126
vt 0.6432210206985474 0.6637619733810425
vt 0.6407679915428162 0.649852991104126
vt 0.6408089995384216 0.6501179933547974
vt 0.6408089995384216 0.6501179933547974
vt 0.6407679915428162 0.649852991104126
vt 0.6398320198059082 0.6365979909896851
vt 0.6457229852676392 0.5996050238609314
vt 0.6453139781951904 0.599481999874115
vt 0.642549991607666 0.609919011592865
vt 0.642549991607666 0.609919011592865
vt 0.6453139781951904 0.599481999874115
vt 0.6428160071372986 0.6087279915809631
vt 0.642549991607666 0.609919011592865
vt 0.6428160071372986 0.6087279915809631
vt 0.640861988067627 0.6196349859237671
vt 0.642549991607666 0.609919011592865
vt 0.640861988067627 0.6196349859237671
vt 0.6405460238456726 0.6222479939460754
vt 0.6405460238456726 0.6222479939460754
vt 0.640861988067627 0.6196349859237671
vt 0.6399970054626465 0.6291620135307312
vt 0.6405460238456726 0.6222479939460754
vt 0.6399970054626465 0.6291620135307312
vt 0.6398640275001526 0.6330090165138245
vt 0.6398640275001526 0.6330090165138245
vt 0.6399970054626465 0.6291620135307312
vt 0.6398320198059082 0.6365979909896851
vt 0.6416140198707581 0.6359279751777649
vt 0.6416090130805969 0.6330369710922241
vt 0.64028400182724 0.6357660293579102
vt 0.64028400182724 0.6357660293579102
vt 0.6416090130805969 0.6330369710922241
vt 0.6398640275001526 0.6330090165138245
vt 0.642490029335022 0.6500179767608643
vt 0.6416140198707581 0.6359279751777649
vt 0.64028400182724 0.6357660293579102
vt 0.642490029335022 0.6500179767608643
vt 0.64028400182724 0.6357660293579102
vt 0.6407679915428162 0.649852991104126
vt 0.6407679915428162 0.649852991104126
vt 0.64028400182724 0.6357660293579102
vt 0.6398640275001526 0.6330090165138245
vt 0.6470860242843628 0.6729400157928467
vt 0.642490029335022 0.6500179767608643
vt 0.644415020942688 0.6640080213546753
vt 0.644415020942688 0.6640080213546753
vt 0.642490029335022 0.6500179767608643
vt 0.6407679915428162 0.649852991104126
vt 0.644415020942688 0.6640080213546753
vt 0.6407679915428162 0.649852991104126
vt 0.6432210206985474 0.6637619733810425
vt 0.6432210206985474 0.6637619733810425
vt 0.6468719840049744 0.6817579865455627
vt 0.6474499702453613 0.6820719838142395
vt 0.6432210206985474 0.6637619733810425
vt 0.6474499702453613 0.6820719838142395
vt 0.644415020942688 0.6640080213546753
vt 0.644415020942688 0.6640080213546753
vt 0.6474499702453613 0.6820719838142395
vt 0.6487330198287964 0.6820499897003174
vt 0.644415020942688 0.6640080213546753
vt 0.6487330198287964 0.6820499897003174
vt 0.6470860242843628 0.6729400157928467
vt 0.6479049921035767 0.6890640258789062
vt 0.6488209962844849 0.6965839862823486
vt 0.6483290195465088 0.689195990562439
vt 0.6483290195465088 0.689195990562439
vt 0.6488209962844849 0.6965839862823486
vt 0.6505579948425293 0.6964330077171326
vt 0.6468719840049744 0.6817579865455627
vt 0.6479049921035767 0.6890640258789062
vt 0.6474499702453613 0.6820719838142395
vt 0.6474499702453613 0.6820719838142395
vt 0.6479049921035767 0.6890640258789062
vt 0.6483290195465088 0.689195990562439
vt 0.6474499702453613 0.6820719838142395
vt 0.6483290195465088 0.689195990562439
vt 0.6487330198287964 0.6820499897003174
vt 0.6487330198287964 0.6820499897003174
vt 0.6483290195465088 0.689195990562439
vt 0.6497640013694763 0.6891329884529114
vt 0.6497640013694763 0.6891329884529114
vt 0.6483290195465088 0.689195990562439
vt 0.6505579948425293 0.6964330077171326
vt 0.7560210227966309 0.6920369863510132
vt 0.7583600282669067 0.6847509741783142
vt 0.7180410027503967 0.6936200261116028
vt 0.7180410027503967 0.6936200261116028
vt 0.7583600282669067 0.6847509741783142
vt 0.6497640013694763 0.6891329884529114
vt 0.7180410027503967 0.6936200261116028
vt 0.6497640013694763 0.6891329884529114
vt 0.6505579948425293 0.6964330077171326
vt 0.6497640013694763 0.6891329884529114
vt 0.7583600282669067 0.6847509741783142
vt 0.7607309818267822 0.6773830056190491
vt 0.6497640013694763 0.6891329884529114
vt 0.7607309818267822 0.6773830056190491
vt 0.6487330198287964 0.6820499897003174
vt 0.738798975944519 0.7561709880828857
vt 0.7369610071182251 0.7567369937896729
vt 0.7532550096511841 0.7671499848365784
vt 0.6513739824295044 0.7191709876060486
vt 0.6505929827690125 0.7343379855155945
vt 0.6684690117835999 0.7541049718856812
vt 0.6684690117835999 0.7541049718856812
vt 0.6505929827690125 0.7343379855155945
vt 0.6680470108985901 0.755952000617981
vt 0.6680470108985901 0.755952000617981
vt 0.6505929827690125 0.7343379855155945
vt 0.6477969884872437 0.7550259828567505
vt 0.6680470108985901 0.755952000617981
vt 0.6477969884872437 0.7550259828567505
vt 0.6686210036277771 0.7577570080757141
vt 0.6686210036277771 0.7577570080757141
vt 0.6477969884872437 0.7550259828567505
vt 0.6440420150756836 0.771701991558075
vt 0.6686210036277771 0.7577570080757141
vt 0.6440420150756836 0.771701991558075
vt 0.6700369715690613 0.7590370178222656
vt 0.6999260187149048 0.7271900177001953
vt 0.6993520259857178 0.7253850102424622
vt 0.6513739824295044 0.7191709876060486
vt 0.6513739824295044 0.7191709876060486
vt 0.6993520259857178 0.7253850102424622
vt 0.6997740268707275 0.7235389947891235
vt 0.6513739824295044 0.7191709876060486
vt 0.6997740268707275 0.7235389947891235
vt 0.7010779976844788 0.7221459746360779
vt 0.7062109708786011 0.7232710123062134
vt 0.718986988067627 0.7163370251655579
vt 0.7047950029373169 0.7219910025596619
vt 0.7047950029373169 0.7219910025596619
vt 0.718986988067627 0.7163370251655579
vt 0.7029169797897339 0.7215790152549744
vt 0.7067859768867493 0.7250760197639465
vt 0.7063639760017395 0.7269219756126404
vt 0.7211610078811646 0.7684869766235352
vt 0.6700369715690613 0.7590370178222656
vt 0.6440420150756836 0.771701991558075
vt 0.6719160079956055 0.7594479918479919
vt 0.6719160079956055 0.7594479918479919
vt 0.6440420150756836 0.771701991558075
vt 0.7211610078811646 0.7684869766235352
vt 0.6719160079956055 0.7594479918479919
vt 0.7211610078811646 0.7684869766235352
vt 0.6737539768218994 0.7588819861412048
vt 0.6749060153961182 0.753836989402771
vt 0.6754810214042664 0.7556419968605042
vt 0.7211610078811646 0.7684869766235352
vt 0.7211610078811646 0.7684869766235352
vt 0.6754810214042664 0.7556419968605042
vt 0.6750590205192566 0.7574880123138428
vt 0.7211610078811646 0.7684869766235352
vt 0.6750590205192566 0.7574880123138428
vt 0.6737539768218994 0.7588819861412048
vt 0.7063639760017395 0.7269219756126404
vt 0.7050589919090271 0.728314995765686
vt 0.7211610078811646 0.7684869766235352
vt 0.7211610078811646 0.7684869766235352
vt 0.7050589919090271 0.728314995765686
vt 0.7032210230827332 0.7288820147514343
vt 0.7211610078811646 0.7684869766235352
vt 0.7032210230827332 0.7288820147514343
vt 0.6749060153961182 0.753836989402771
vt 0.6749060153961182 0.753836989402771
vt 0.7032210230827332 0.7288820147514343
vt 0.701341986656189 0.7284700274467468
vt 0.6749060153961182 0.753836989402771
vt 0.701341986656189 0.7284700274467468
vt 0.6734899878501892 0.7525569796562195
vt 0.6734899878501892 0.7525569796562195
vt 0.701341986656189 0.7284700274467468
vt 0.6999260187149048 0.7271900177001953
vt 0.6734899878501892 0.7525569796562195
vt 0.6999260187149048 0.7271900177001953
vt 0.671612024307251 0.752144992351532
vt 0.671612024307251 0.752144992351532
vt 0.6999260187149048 0.7271900177001953
vt 0.6513739824295044 0.7191709876060486
vt 0.671612024307251 0.752144992351532
vt 0.6513739824295044 0.7191709876060486
vt 0.6697729825973511 0.7527120113372803
vt 0.6697729825973511 0.7527120113372803
vt 0.6513739824295044 0.7191709876060486
vt 0.6684690117835999 0.7541049718856812
vt 0.6731560230255127 0.7118459939956665
vt 0.6718519926071167 0.7132400274276733
vt 0.718986988067627 0.7163370251655579
vt 0.7010779976844788 0.7221459746360779
vt 0.7029169797897339 0.7215790152549744
vt 0.6513739824295044 0.7191709876060486
vt 0.6513739824295044 0.7191709876060486
vt 0.7029169797897339 0.7215790152549744
vt 0.718986988067627 0.7163370251655579
vt 0.6513739824295044 0.7191709876060486
vt 0.718986988067627 0.7163370251655579
vt 0.6700140237808228 0.7138059735298157
vt 0.6700140237808228 0.7138059735298157
vt 0.718986988067627 0.7163370251655579
vt 0.6718519926071167 0.7132400274276733
vt 0.666566014289856 0.7084630131721497
vt 0.6505579948425293 0.6964330077171326
vt 0.6661450266838074 0.7103099822998047
vt 0.6661450266838074 0.7103099822998047
vt 0.6505579948425293 0.6964330077171326
vt 0.6513929963111877 0.7134860157966614
vt 0.6661450266838074 0.7103099822998047
vt 0.6513929963111877 0.7134860157966614
vt 0.6667190194129944 0.7121149897575378
vt 0.6667190194129944 0.7121149897575378
vt 0.6513929963111877 0.7134860157966614
vt 0.6513739824295044 0.7191709876060486
vt 0.6667190194129944 0.7121149897575378
vt 0.6513739824295044 0.7191709876060486
vt 0.6681349873542786 0.7133949995040894
vt 0.6681349873542786 0.7133949995040894
vt 0.6513739824295044 0.7191709876060486
vt 0.6700140237808228 0.7138059735298157
vt 0.666566014289856 0.7084630131721497
vt 0.6678709983825684 0.707069993019104
vt 0.6505579948425293 0.6964330077171326
vt 0.6505579948425293 0.6964330077171326
vt 0.6678709983825684 0.707069993019104
vt 0.6697090268135071 0.7065039873123169
vt 0.6505579948425293 0.6964330077171326
vt 0.6697090268135071 0.7065039873123169
vt 0.7180410027503967 0.6936200261116028
vt 0.6697090268135071 0.7065039873123169
vt 0.6715880036354065 0.706915020942688
vt 0.7180410027503967 0.6936200261116028
vt 0.7180410027503967 0.6936200261116028
vt 0.6715880036354065 0.706915020942688
vt 0.6730039715766907 0.7081949710845947
vt 0.7180410027503967 0.6936200261116028
vt 0.6730039715766907 0.7081949710845947
vt 0.718986988067627 0.7163370251655579
vt 0.718986988067627 0.7163370251655579
vt 0.6730039715766907 0.7081949710845947
vt 0.6735780239105225 0.7099999785423279
vt 0.718986988067627 0.7163370251655579
vt 0.6735780239105225 0.7099999785423279
vt 0.6731560230255127 0.7118459939956665
vt 0.7331799864768982 0.7106840014457703
vt 0.718986988067627 0.7163370251655579
vt 0.7350580096244812 0.7110949754714966
vt 0.7350580096244812 0.7110949754714966
vt 0.718986988067627 0.7163370251655579
vt 0.7505810260772705 0.7224159836769104
vt 0.7350580096244812 0.7110949754714966
vt 0.7505810260772705 0.7224159836769104
vt 0.7368959784507751 0.7105290293693542
vt 0.7368959784507751 0.7105290293693542
vt 0.7505810260772705 0.7224159836769104
vt 0.7382010221481323 0.7091360092163086
vt 0.7316110134124756 0.7057530283927917
vt 0.7180410027503967 0.6936200261116028
vt 0.7311890125274658 0.7075989842414856
vt 0.7311890125274658 0.7075989842414856
vt 0.7180410027503967 0.6936200261116028
vt 0.718986988067627 0.7163370251655579
vt 0.7311890125274658 0.7075989842414856
vt 0.718986988067627 0.7163370251655579
vt 0.7317630052566528 0.7094039916992188
vt 0.7317630052566528 0.7094039916992188
vt 0.718986988067627 0.7163370251655579
vt 0.7331799864768982 0.7106840014457703
vt 0.7316110134124756 0.7057530283927917
vt 0.732915997505188 0.7043589949607849
vt 0.7180410027503967 0.6936200261116028
vt 0.7180410027503967 0.6936200261116028
vt 0.732915997505188 0.7043589949607849
vt 0.7347540259361267 0.7037929892539978
vt 0.7180410027503967 0.6936200261116028
vt 0.7347540259361267 0.7037929892539978
vt 0.7560210227966309 0.6920369863510132
vt 0.7560210227966309 0.6920369863510132
vt 0.7347540259361267 0.7037929892539978
vt 0.7366330027580261 0.7042040228843689
vt 0.7560210227966309 0.6920369863510132
vt 0.7366330027580261 0.7042040228843689
vt 0.7380489706993103 0.7054839730262756
vt 0.7382010221481323 0.7091360092163086
vt 0.7505810260772705 0.7224159836769104
vt 0.7386230230331421 0.7072889804840088
vt 0.7386230230331421 0.7072889804840088
vt 0.7505810260772705 0.7224159836769104
vt 0.7518789768218994 0.7112600207328796
vt 0.7386230230331421 0.7072889804840088
vt 0.7518789768218994 0.7112600207328796
vt 0.7380489706993103 0.7054839730262756
vt 0.7380489706993103 0.7054839730262756
vt 0.7518789768218994 0.7112600207328796
vt 0.7560210227966309 0.6920369863510132
vt 0.7532550096511841 0.7671499848365784
vt 0.7369610071182251 0.7567369937896729
vt 0.7211610078811646 0.7684869766235352
vt 0.7211610078811646 0.7684869766235352
vt 0.7369610071182251 0.7567369937896729
vt 0.7350819706916809 0.7563260197639465
vt 0.7211610078811646 0.7684869766235352
vt 0.7350819706916809 0.7563260197639465
vt 0.7336660027503967 0.755046010017395
vt 0.7336660027503967 0.755046010017395
vt 0.7330920100212097 0.7532410025596619
vt 0.7211610078811646 0.7684869766235352
vt 0.7211610078811646 0.7684869766235352
vt 0.7330920100212097 0.7532410025596619
vt 0.718986988067627 0.7163370251655579
vt 0.7211610078811646 0.7684869766235352
vt 0.718986988067627 0.7163370251655579
vt 0.7067859768867493 0.7250760197639465
vt 0.7067859768867493 0.7250760197639465
vt 0.718986988067627 0.7163370251655579
vt 0.7062109708786011 0.7232710123062134
vt 0.7330920100212097 0.7532410025596619
vt 0.7335129976272583 0.7513939738273621
vt 0.718986988067627 0.7163370251655579
vt 0.718986988067627 0.7163370251655579
vt 0.7335129976272583 0.7513939738273621
vt 0.7348179817199707 0.7500010132789612
vt 0.718986988067627 0.7163370251655579
vt 0.7348179817199707 0.7500010132789612
vt 0.7505810260772705 0.7224159836769104
vt 0.7505810260772705 0.7224159836769104
vt 0.7348179817199707 0.7500010132789612
vt 0.7366560101509094 0.7494350075721741
vt 0.7505810260772705 0.7224159836769104
vt 0.7366560101509094 0.7494350075721741
vt 0.7385349869728088 0.7498459815979004
vt 0.738798975944519 0.7561709880828857
vt 0.7532550096511841 0.7671499848365784
vt 0.740103006362915 0.7547780275344849
vt 0.740103006362915 0.7547780275344849
vt 0.7532550096511841 0.7671499848365784
vt 0.7405250072479248 0.7529309988021851
vt 0.7405250072479248 0.7529309988021851
vt 0.7532550096511841 0.7671499848365784
vt 0.7514039874076843 0.7560330033302307
vt 0.7405250072479248 0.7529309988021851
vt 0.7514039874076843 0.7560330033302307
vt 0.7399510145187378 0.7511259913444519
vt 0.7399510145187378 0.7511259913444519
vt 0.7514039874076843 0.7560330033302307
vt 0.7503430247306824 0.7448559999465942
vt 0.7399510145187378 0.7511259913444519
vt 0.7503430247306824 0.7448559999465942
vt 0.7385349869728088 0.7498459815979004
vt 0.7385349869728088 0.7498459815979004
vt 0.7503430247306824 0.7448559999465942
vt 0.7500680088996887 0.7336329817771912
vt 0.7385349869728088 0.7498459815979004
vt 0.7500680088996887 0.7336329817771912
vt 0.7505810260772705 0.7224159836769104
vt 0.6408140063285828 0.7824259996414185
vt 0.7558500170707703 0.7776319980621338
vt 0.7544659972190857 0.7724469900131226
vt 0.7544659972190857 0.7724469900131226
vt 0.7532550096511841 0.7671499848365784
vt 0.7211610078811646 0.7684869766235352
vt 0.6408140063285828 0.7824259996414185
vt 0.7544659972190857 0.7724469900131226
vt 0.6420069932937622 0.7785329818725586
vt 0.6420069932937622 0.7785329818725586
vt 0.7544659972190857 0.7724469900131226
vt 0.7211610078811646 0.7684869766235352
vt 0.6420069932937622 0.7785329818725586
vt 0.7211610078811646 0.7684869766235352
vt 0.6440420150756836 0.771701991558075
vt 0.6349520087242126 0.8091740012168884
vt 0.6325830221176147 0.8314080238342285
vt 0.76009601354599 0.7907459735870361
vt 0.76009601354599 0.7907459735870361
vt 0.6325830221176147 0.8314080238342285
vt 0.7654550075531006 0.8034600019454956
vt 0.7654550075531006 0.8034600019454956
vt 0.6325830221176147 0.8314080238342285
vt 0.6323969960212708 0.8533220291137695
vt 0.6349520087242126 0.8091740012168884
vt 0.76009601354599 0.7907459735870361
vt 0.7558500170707703 0.7776319980621338
vt 0.6349520087242126 0.8091740012168884
vt 0.7558500170707703 0.7776319980621338
vt 0.6408140063285828 0.7824259996414185
vt 0.6323969960212708 0.8533220291137695
vt 0.7801799774169922 0.8471630215644836
vt 0.7701169848442078 0.8141189813613892
vt 0.6323969960212708 0.8533220291137695
vt 0.7701169848442078 0.8141189813613892
vt 0.7654550075531006 0.8034600019454956
vt 0.7801799774169922 0.8471630215644836
vt 0.6323969960212708 0.8533220291137695
vt 0.7805439829826355 0.849265992641449
vt 0.7805439829826355 0.849265992641449
vt 0.6323969960212708 0.8533220291137695
vt 0.6324880123138428 0.8554360270500183
vt 0.6324880123138428 0.8554360270500183
vt 0.7094290256500244 0.8720080256462097
vt 0.7113500237464905 0.8676400184631348
vt 0.7833219766616821 0.9022629857063293
vt 0.7805439829826355 0.849265992641449
vt 0.7205790281295776 0.8715440034866333
vt 0.7205790281295776 0.8715440034866333
vt 0.7805439829826355 0.849265992641449
vt 0.7183020114898682 0.8673499822616577
vt 0.6324880123138428 0.8554360270500183
vt 0.6475780010223389 0.9267029762268066
vt 0.7094290256500244 0.8720080256462097
vt 0.6475780010223389 0.9267029762268066
vt 0.662194013595581 0.9554579854011536
vt 0.7094290256500244 0.8720080256462097
vt 0.6324880123138428 0.8554360270500183
vt 0.7113500237464905 0.8676400184631348
vt 0.7160220146179199 0.8663859963417053
vt 0.6324880123138428 0.8554360270500183
vt 0.7160220146179199 0.8663859963417053
vt 0.7805439829826355 0.849265992641449
vt 0.7805439829826355 0.849265992641449
vt 0.7160220146179199 0.8663859963417053
vt 0.7183020114898682 0.8673499822616577
vt 0.7710599899291992 0.9482390284538269
vt 0.7833219766616821 0.9022629857063293
vt 0.7205790281295776 0.8715440034866333
vt 0.662194013595581 0.9554579854011536
vt 0.6831679940223694 0.9740719795227051
vt 0.7094290256500244 0.8720080256462097
vt 0.7094290256500244 0.8720080256462097
vt 0.6831679940223694 0.9740719795227051
vt 0.700173020362854 0.9807500243186951
vt 0.7094290256500244 0.8720080256462097
vt 0.700173020362854 0.9807500243186951
vt 0.7134050130844116 0.9674180150032043
vt 0.7245420217514038 0.9666100144386292
vt 0.759880006313324 0.9651669859886169
vt 0.7205790281295776 0.8715440034866333
vt 0.7205790281295776 0.8715440034866333
vt 0.759880006313324 0.9651669859886169
vt 0.7710599899291992 0.9482390284538269
vt 0.7394229769706726 0.9787229895591736
vt 0.759880006313324 0.9651669859886169
vt 0.7245420217514038 0.9666100144386292
vt 0.700173020362854 0.9807500243186951
vt 0.7085350155830383 0.9788140058517456
vt 0.7134050130844116 0.9674180150032043
vt 0.7134050130844116 0.9674180150032043
vt 0.7085350155830383 0.9788140058517456
vt 0.713575005531311 0.9717329740524292
vt 0.7306640148162842 0.9777489900588989
vt 0.7394229769706726 0.9787229895591736
vt 0.7245420217514038 0.9666100144386292
vt 0.7710599899291992 0.9482390284538269
vt 0.7726399898529053 0.9489009976387024
vt 0.7779340147972107 0.9337210059165955
vt 0.7726399898529053 0.9489009976387024
vt 0.7783190011978149 0.9338380098342896
vt 0.7779340147972107 0.9337210059165955
vt 0.7779340147972107 0.9337210059165955
vt 0.7783190011978149 0.9338380098342896
vt 0.7824620008468628 0.9183030128479004
vt 0.7779340147972107 0.9337210059165955
vt 0.7824620008468628 0.9183030128479004
vt 0.7820680141448975 0.9182230234146118
vt 0.7820680141448975 0.9182230234146118
vt 0.7824620008468628 0.9183030128479004
vt 0.7850300073623657 0.9024440050125122
vt 0.7850300073623657 0.9024440050125122
vt 0.7860479950904846 0.8904359936714172
vt 0.7855939865112305 0.8864129781723022
vt 0.7855939865112305 0.8864129781723022
vt 0.7860479950904846 0.8904359936714172
vt 0.7853549718856812 0.8703749775886536
vt 0.7855939865112305 0.8864129781723022
vt 0.7853549718856812 0.8703749775886536
vt 0.7843520045280457 0.870464026927948
vt 0.7710599899291992 0.9482390284538269
vt 0.7779340147972107 0.9337210059165955
vt 0.7820680141448975 0.9182230234146118
vt 0.7710599899291992 0.9482390284538269
vt 0.7820680141448975 0.9182230234146118
vt 0.7833219766616821 0.9022629857063293
vt 0.7833219766616821 0.9022629857063293
vt 0.7820680141448975 0.9182230234146118
vt 0.7850300073623657 0.9024440050125122
vt 0.7833219766616821 0.9022629857063293
vt 0.7850300073623657 0.9024440050125122
vt 0.7855939865112305 0.8864129781723022
vt 0.7833219766616821 0.9022629857063293
vt 0.7855939865112305 0.8864129781723022
vt 0.7843520045280457 0.870464026927948
vt 0.7833219766616821 0.9022629857063293
vt 0.7843520045280457 0.870464026927948
vt 0.7805439829826355 0.849265992641449
vt 0.7443450093269348 0.9789069890975952
vt 0.7533789873123169 0.9734299778938293
vt 0.7530490159988403 0.9730049967765808
vt 0.7443450093269348 0.9789069890975952
vt 0.7530490159988403 0.9730049967765808
vt 0.7438809871673584 0.9780300259590149
vt 0.7438809871673584 0.9780300259590149
vt 0.7530490159988403 0.9730049967765808
vt 0.759880006313324 0.9651669859886169
vt 0.7530490159988403 0.9730049967765808
vt 0.7533789873123169 0.9734299778938293
vt 0.761139988899231 0.9663119912147522
vt 0.7530490159988403 0.9730049967765808
vt 0.761139988899231 0.9663119912147522
vt 0.759880006313324 0.9651669859886169
vt 0.761139988899231 0.9663119912147522
vt 0.7677710056304932 0.9581680297851562
vt 0.7673140168190002 0.9578760266304016
vt 0.761139988899231 0.9663119912147522
vt 0.7673140168190002 0.9578760266304016
vt 0.759880006313324 0.9651669859886169
vt 0.759880006313324 0.9651669859886169
vt 0.7673140168190002 0.9578760266304016
vt 0.7710599899291992 0.9482390284538269
vt 0.7673140168190002 0.9578760266304016
vt 0.7726399898529053 0.9489009976387024
vt 0.7710599899291992 0.9482390284538269
vt 0.7242159843444824 0.9712550044059753
vt 0.7228249907493591 0.9666820168495178
vt 0.723708987236023 0.9714509844779968
vt 0.7242159843444824 0.9712550044059753
vt 0.723708987236023 0.9714509844779968
vt 0.7263789772987366 0.9755280017852783
vt 0.734732985496521 0.9804250001907349
vt 0.7396699786186218 0.9803929924964905
vt 0.7348359823226929 0.9799000024795532
vt 0.734732985496521 0.9804250001907349
vt 0.7348359823226929 0.9799000024795532
vt 0.7301589846611023 0.9786040186882019
vt 0.7242159843444824 0.9712550044059753
vt 0.723829984664917 0.9666399955749512
vt 0.7228249907493591 0.9666820168495178
vt 0.7263789772987366 0.9755280017852783
vt 0.7301589846611023 0.9786040186882019
vt 0.7306640148162842 0.9777489900588989
vt 0.7306640148162842 0.9777489900588989
vt 0.7301589846611023 0.9786040186882019
vt 0.7348359823226929 0.9799000024795532
vt 0.7396699786186218 0.9803929924964905
vt 0.7443450093269348 0.9789069890975952
vt 0.7438809871673584 0.9780300259590149
vt 0.7245420217514038 0.9666100144386292
vt 0.723829984664917 0.9666399955749512
vt 0.7242159843444824 0.9712550044059753
vt 0.7245420217514038 0.9666100144386292
vt 0.7242159843444824 0.9712550044059753
vt 0.7306640148162842 0.9777489900588989
vt 0.7306640148162842 0.9777489900588989
vt 0.7242159843444824 0.9712550044059753
vt 0.7263789772987366 0.9755280017852783
vt 0.7306640148162842 0.9777489900588989
vt 0.7348359823226929 0.9799000024795532
vt 0.7394229769706726 0.9787229895591736
vt 0.7394229769706726 0.9787229895591736
vt 0.7348359823226929 0.9799000024795532
vt 0.7396699786186218 0.9803929924964905
vt 0.7394229769706726 0.9787229895591736
vt 0.7396699786186218 0.9803929924964905
vt 0.7438809871673584 0.9780300259590149
vt 0.7394229769706726 0.9787229895591736
vt 0.7438809871673584 0.9780300259590149
vt 0.759880006313324 0.9651669859886169
vt 0.7228249907493591 0.9666820168495178
vt 0.7226830124855042 0.9666879773139954
vt 0.723708987236023 0.9714509844779968
vt 0.723708987236023 0.9714509844779968
vt 0.7226830124855042 0.9666879773139954
vt 0.7238399982452393 0.9714000225067139
vt 0.723708987236023 0.9714509844779968
vt 0.7238399982452393 0.9714000225067139
vt 0.7262719869613647 0.9756180047988892
vt 0.723708987236023 0.9714509844779968
vt 0.7262719869613647 0.9756180047988892
vt 0.7263789772987366 0.9755280017852783
vt 0.7263789772987366 0.9755280017852783
vt 0.7262719869613647 0.9756180047988892
vt 0.7301589846611023 0.9786040186882019
vt 0.7301589846611023 0.9786040186882019
vt 0.7262719869613647 0.9756180047988892
vt 0.7301589846611023 0.9786040186882019
vt 0.7301589846611023 0.9786040186882019
vt 0.7301589846611023 0.9786040186882019
vt 0.734732985496521 0.9804250001907349
vt 0.734732985496521 0.9804250001907349
vt 0.7301589846611023 0.9786040186882019
vt 0.7347589731216431 0.9802889823913574
vt 0.734732985496521 0.9804250001907349
vt 0.7347589731216431 0.9802889823913574
vt 0.7396900057792664 0.9805309772491455
vt 0.734732985496521 0.9804250001907349
vt 0.7396900057792664 0.9805309772491455
vt 0.7396699786186218 0.9803929924964905
vt 0.7396699786186218 0.9803929924964905
vt 0.7396900057792664 0.9805309772491455
vt 0.7443450093269348 0.9789069890975952
vt 0.7443450093269348 0.9789069890975952
vt 0.7396900057792664 0.9805309772491455
vt 0.7443450093269348 0.9789069890975952
vt 0.7301589846611023 0.9786040186882019
vt 0.7262719869613647 0.9756180047988892
vt 0.7266849875450134 0.9752699732780457
vt 0.7266849875450134 0.9752699732780457
vt 0.7262719869613647 0.9756180047988892
vt 0.7238399982452393 0.9714000225067139
vt 0.7347589731216431 0.9802889823913574
vt 0.7301589846611023 0.9786040186882019
vt 0.7306640148162842 0.9777489900588989
vt 0.7306640148162842 0.9777489900588989
vt 0.7301589846611023 0.9786040186882019
vt 0.7266849875450134 0.9752699732780457
vt 0.7443450093269348 0.9789069890975952
vt 0.7396900057792664 0.9805309772491455
vt 0.7396119832992554 0.9800019860267639
vt 0.7443450093269348 0.9789069890975952
vt 0.7396119832992554 0.9800019860267639
vt 0.7435529828071594 0.9774090051651001
vt 0.7238399982452393 0.9714000225067139
vt 0.7226830124855042 0.9666879773139954
vt 0.7232270240783691 0.9666650295257568
vt 0.7266849875450134 0.9752699732780457
vt 0.7238399982452393 0.9714000225067139
vt 0.7245420217514038 0.9666100144386292
vt 0.7245420217514038 0.9666100144386292
vt 0.7238399982452393 0.9714000225067139
vt 0.7232270240783691 0.9666650295257568
vt 0.7396119832992554 0.9800019860267639
vt 0.7350850105285645 0.9786310195922852
vt 0.7435529828071594 0.9774090051651001
vt 0.7396119832992554 0.9800019860267639
vt 0.7396900057792664 0.9805309772491455
vt 0.7347589731216431 0.9802889823913574
vt 0.7396119832992554 0.9800019860267639
vt 0.7347589731216431 0.9802889823913574
vt 0.7350850105285645 0.9786310195922852
vt 0.7350850105285645 0.9786310195922852
vt 0.7347589731216431 0.9802889823913574
vt 0.7306640148162842 0.9777489900588989
vt 0.7306640148162842 0.9777489900588989
vt 0.7266849875450134 0.9752699732780457
vt 0.7245420217514038 0.9666100144386292
vt 0.7226830124855042 0.9666879773139954
vt 0.718861997127533 0.8716149926185608
vt 0.7232270240783691 0.9666650295257568
vt 0.7232270240783691 0.9666650295257568
vt 0.718861997127533 0.8716149926185608
vt 0.719868004322052 0.8715729713439941
vt 0.7232270240783691 0.9666650295257568
vt 0.719868004322052 0.8715729713439941
vt 0.7245420217514038 0.9666100144386292
vt 0.7245420217514038 0.9666100144386292
vt 0.719868004322052 0.8715729713439941
vt 0.7205790281295776 0.8715440034866333
vt 0.7205790281295776 0.8715440034866333
vt 0.7184119820594788 0.8699870109558105
vt 0.7183020114898682 0.8673499822616577
vt 0.7135409712791443 0.8664889931678772
vt 0.7183020114898682 0.8673499822616577
vt 0.7139919996261597 0.8681169748306274
vt 0.7098820209503174 0.8696100115776062
vt 0.7107430100440979 0.8719540238380432
vt 0.7094290256500244 0.8720080256462097
vt 0.7098820209503174 0.8696100115776062
vt 0.7112870216369629 0.8719310164451599
vt 0.7107430100440979 0.8719540238380432
vt 0.7205790281295776 0.8715440034866333
vt 0.719868004322052 0.8715729713439941
vt 0.7184119820594788 0.8699870109558105
vt 0.7184119820594788 0.8699870109558105
vt 0.719868004322052 0.8715729713439941
vt 0.718861997127533 0.8716149926185608
vt 0.7112870216369629 0.8719310164451599
vt 0.7098820209503174 0.8696100115776062
vt 0.7114589810371399 0.8702769875526428
vt 0.7114589810371399 0.8702769875526428
vt 0.7098820209503174 0.8696100115776062
vt 0.7135409712791443 0.8664889931678772
vt 0.7114589810371399 0.8702769875526428
vt 0.7135409712791443 0.8664889931678772
vt 0.7139919996261597 0.8681169748306274
vt 0.7139919996261597 0.8681169748306274
vt 0.7183020114898682 0.8673499822616577
vt 0.7184119820594788 0.8699870109558105
vt 0.6327090263366699 0.8593999743461609
vt 0.7098820209503174 0.8696100115776062
vt 0.7094290256500244 0.8720080256462097
vt 0.7842789888381958 0.8864020109176636
vt 0.7205790281295776 0.8715440034866333
vt 0.7814589738845825 0.8541060090065002
vt 0.7814589738845825 0.8541060090065002
vt 0.7205790281295776 0.8715440034866333
vt 0.7183020114898682 0.8673499822616577
vt 0.6463890075683594 0.9235630035400391
vt 0.7094290256500244 0.8720080256462097
vt 0.6605420112609863 0.9531840085983276
vt 0.7183020114898682 0.8673499822616577
vt 0.7135409712791443 0.8664889931678772
vt 0.7814589738845825 0.8541060090065002
vt 0.7814589738845825 0.8541060090065002
vt 0.7135409712791443 0.8664889931678772
vt 0.6327090263366699 0.8593999743461609
vt 0.6327090263366699 0.8593999743461609
vt 0.7135409712791443 0.8664889931678772
vt 0.7098820209503174 0.8696100115776062
vt 0.7094290256500244 0.8720080256462097
vt 0.6463890075683594 0.9235630035400391
vt 0.6327090263366699 0.8593999743461609
vt 0.700173020362854 0.9807500243186951
vt 0.676114022731781 0.9693599939346313
vt 0.7094290256500244 0.8720080256462097
vt 0.7205790281295776 0.8715440034866333
vt 0.7842789888381958 0.8864020109176636
vt 0.7766799926757812 0.9333339929580688
vt 0.7094290256500244 0.8720080256462097
vt 0.676114022731781 0.9693599939346313
vt 0.6605420112609863 0.9531840085983276
vt 0.7134050130844116 0.9674180150032043
vt 0.7116460204124451 0.9756789803504944
vt 0.700173020362854 0.9807500243186951
vt 0.7134050130844116 0.9674180150032043
vt 0.700173020362854 0.9807500243186951
vt 0.7094290256500244 0.8720080256462097
vt 0.7205790281295776 0.8715440034866333
vt 0.7766799926757812 0.9333339929580688
vt 0.7662109732627869 0.9571740031242371
vt 0.7205790281295776 0.8715440034866333
vt 0.7662109732627869 0.9571740031242371
vt 0.7435529828071594 0.9774090051651001
vt 0.7350850105285645 0.9786310195922852
vt 0.7306640148162842 0.9777489900588989
vt 0.7245420217514038 0.9666100144386292
vt 0.7435529828071594 0.9774090051651001
vt 0.7350850105285645 0.9786310195922852
vt 0.7205790281295776 0.8715440034866333
vt 0.7205790281295776 0.8715440034866333
vt 0.7350850105285645 0.9786310195922852
vt 0.7245420217514038 0.9666100144386292
vt 0.700173020362854 0.9807500243186951
vt 0.695576012134552 0.9812300205230713
vt 0.6850079894065857 0.9765920042991638
vt 0.6750649809837341 0.9706990122795105
vt 0.6704990267753601 0.9671379923820496
vt 0.6667230129241943 0.9627640247344971
vt 0.695576012134552 0.9812300205230713
vt 0.684814989566803 0.9769390225410461
vt 0.6850079894065857 0.9765920042991638
vt 0.6850079894065857 0.9765920042991638
vt 0.684814989566803 0.9769390225410461
vt 0.6750649809837341 0.9706990122795105
vt 0.6591230034828186 0.954138994216919
vt 0.6533240079879761 0.9442269802093506
vt 0.6536880135536194 0.9440569877624512
vt 0.700173020362854 0.9807500243186951
vt 0.6850079894065857 0.9765920042991638
vt 0.676114022731781 0.9693599939346313
vt 0.676114022731781 0.9693599939346313
vt 0.6850079894065857 0.9765920042991638
vt 0.6750649809837341 0.9706990122795105
vt 0.676114022731781 0.9693599939346313
vt 0.6750649809837341 0.9706990122795105
vt 0.6667230129241943 0.9627640247344971
vt 0.676114022731781 0.9693599939346313
vt 0.6667230129241943 0.9627640247344971
vt 0.6605420112609863 0.9531840085983276
vt 0.6605420112609863 0.9531840085983276
vt 0.6667230129241943 0.9627640247344971
vt 0.6591230034828186 0.954138994216919
vt 0.6605420112609863 0.9531840085983276
vt 0.6591230034828186 0.954138994216919
vt 0.6536880135536194 0.9440569877624512
vt 0.6605420112609863 0.9531840085983276
vt 0.6536880135536194 0.9440569877624512
vt 0.6463890075683594 0.9235630035400391
vt 0.6533240079879761 0.9442269802093506
vt 0.6447740197181702 0.9241420030593872
vt 0.6536880135536194 0.9440569877624512
vt 0.6536880135536194 0.9440569877624512
vt 0.6447740197181702 0.9241420030593872
vt 0.6451529860496521 0.9240080118179321
vt 0.6536880135536194 0.9440569877624512
vt 0.6451529860496521 0.9240080118179321
vt 0.6463890075683594 0.9235630035400391
vt 0.6447740197181702 0.9241420030593872
vt 0.6381769776344299 0.903357982635498
vt 0.6451529860496521 0.9240080118179321
vt 0.6451529860496521 0.9240080118179321
vt 0.6381769776344299 0.903357982635498
vt 0.6391509771347046 0.9031069874763489
vt 0.6451529860496521 0.9240080118179321
vt 0.6391509771347046 0.9031069874763489
vt 0.6463890075683594 0.9235630035400391
vt 0.6381769776344299 0.903357982635498
vt 0.6356139779090881 0.8933550119400024
vt 0.6339889764785767 0.8819910287857056
vt 0.6381769776344299 0.903357982635498
vt 0.6339889764785767 0.8819910287857056
vt 0.6391509771347046 0.9031069874763489
vt 0.6391509771347046 0.9031069874763489
vt 0.6339889764785767 0.8819910287857056
vt 0.6463890075683594 0.9235630035400391
vt 0.6463890075683594 0.9235630035400391
vt 0.6339889764785767 0.8819910287857056
vt 0.6327090263366699 0.8593999743461609
vt 0.6356139779090881 0.8933550119400024
vt 0.633450984954834 0.8820769786834717
vt 0.6339889764785767 0.8819910287857056
vt 0.6339889764785767 0.8819910287857056
vt 0.633450984954834 0.8820769786834717
vt 0.6310669779777527 0.8624870181083679
vt 0.6339889764785767 0.8819910287857056
vt 0.6310669779777527 0.8624870181083679
vt 0.6314589977264404 0.8603919744491577
vt 0.6339889764785767 0.8819910287857056
vt 0.6314589977264404 0.8603919744491577
vt 0.6327090263366699 0.8593999743461609
vt 0.6327090263366699 0.8593999743461609
vt 0.6314589977264404 0.8603919744491577
vt 0.6324779987335205 0.8552740216255188
vt 0.6310669779777527 0.8624870181083679
vt 0.6304960250854492 0.8506579995155334
vt 0.6314589977264404 0.8603919744491577
vt 0.6314589977264404 0.8603919744491577
vt 0.6304960250854492 0.8506579995155334
vt 0.6324779987335205 0.8552740216255188
vt 0.632777988910675 0.8298289775848389
vt 0.6324779987335205 0.8552740216255188
vt 0.6316239833831787 0.8296560049057007
vt 0.632777988910675 0.8298289775848389
vt 0.6316239833831787 0.8296560049057007
vt 0.6332299709320068 0.8186249732971191
vt 0.632777988910675 0.8298289775848389
vt 0.6332299709320068 0.8186249732971191
vt 0.6348310112953186 0.8111379742622375
vt 0.6348310112953186 0.8111379742622375
vt 0.6332299709320068 0.8186249732971191
vt 0.6342309713363647 0.8073700070381165
vt 0.6348310112953186 0.8111379742622375
vt 0.6342309713363647 0.8073700070381165
vt 0.6375089883804321 0.7966830134391785
vt 0.6342309713363647 0.8073700070381165
vt 0.6388350129127502 0.7853530049324036
vt 0.6375089883804321 0.7966830134391785
vt 0.6375089883804321 0.7966830134391785
vt 0.6388350129127502 0.7853530049324036
vt 0.6401659846305847 0.785830020904541
vt 0.6304960250854492 0.8506579995155334
vt 0.6307690143585205 0.831292986869812
vt 0.6316239833831787 0.8296560049057007
vt 0.6316239833831787 0.8296560049057007
vt 0.6307690143585205 0.831292986869812
vt 0.6319739818572998 0.8181120157241821
vt 0.6319739818572998 0.8181120157241821
vt 0.6335330009460449 0.8068510293960571
vt 0.6342309713363647 0.8073700070381165
vt 0.6342309713363647 0.8073700070381165
vt 0.6335330009460449 0.8068510293960571
vt 0.635670006275177 0.7957980036735535
vt 0.6342309713363647 0.8073700070381165
vt 0.635670006275177 0.7957980036735535
vt 0.6388350129127502 0.7853530049324036
vt 0.6388350129127502 0.7853530049324036
vt 0.635670006275177 0.7957980036735535
vt 0.6383479833602905 0.7848590016365051
vt 0.6316239833831787 0.8296560049057007
vt 0.6319739818572998 0.8181120157241821
vt 0.6332299709320068 0.8186249732971191
vt 0.6332299709320068 0.8186249732971191
vt 0.6319739818572998 0.8181120157241821
vt 0.6342309713363647 0.8073700070381165
vt 0.6324779987335205 0.8552740216255188
vt 0.6304960250854492 0.8506579995155334
vt 0.6316239833831787 0.8296560049057007
vt 0.6383479833602905 0.7848590016365051
vt 0.6411640048027039 0.7751389741897583
vt 0.6407439708709717 0.778548002243042
vt 0.6388350129127502 0.7853530049324036
vt 0.6407439708709717 0.778548002243042
vt 0.6420249938964844 0.778967022895813
vt 0.6388350129127502 0.7853530049324036
vt 0.6420249938964844 0.778967022895813
vt 0.6401659846305847 0.785830020904541
vt 0.6383479833602905 0.7848590016365051
vt 0.6407439708709717 0.778548002243042
vt 0.6388350129127502 0.7853530049324036
vt 0.6407439708709717 0.778548002243042
vt 0.6411640048027039 0.7751389741897583
vt 0.6450240015983582 0.7621139883995056
vt 0.6407439708709717 0.778548002243042
vt 0.6450240015983582 0.7621139883995056
vt 0.6429539918899536 0.7756320238113403
vt 0.6407439708709717 0.778548002243042
vt 0.6429539918899536 0.7756320238113403
vt 0.6420249938964844 0.778967022895813
vt 0.6486780047416687 0.696287989616394
vt 0.6492199897766113 0.6962400078773499
vt 0.6494659781455994 0.7097979784011841
vt 0.6492199897766113 0.6962400078773499
vt 0.6505299806594849 0.6961240172386169
vt 0.651324987411499 0.7097470164299011
vt 0.6487619876861572 0.7339349985122681
vt 0.6493399739265442 0.7273139953613281
vt 0.6476770043373108 0.7447620034217834
vt 0.6411640048027039 0.7751389741897583
vt 0.6444910168647766 0.7620009779930115
vt 0.6450240015983582 0.7621139883995056
vt 0.6429539918899536 0.7756320238113403
vt 0.6450240015983582 0.7621139883995056
vt 0.6463090181350708 0.7623850107192993
vt 0.6463090181350708 0.7623850107192993
vt 0.6450240015983582 0.7621139883995056
vt 0.6494070291519165 0.7449870109558105
vt 0.6450240015983582 0.7621139883995056
vt 0.6481029987335205 0.7448170185089111
vt 0.6494070291519165 0.7449870109558105
vt 0.6494070291519165 0.7449870109558105
vt 0.6481029987335205 0.7448170185089111
vt 0.6497690081596375 0.7273359894752502
vt 0.6494070291519165 0.7449870109558105
vt 0.6497690081596375 0.7273359894752502
vt 0.6510819792747498 0.7274029850959778
vt 0.6510819792747498 0.7274029850959778
vt 0.6497690081596375 0.7273359894752502
vt 0.6500099897384644 0.7097830176353455
vt 0.6510819792747498 0.7274029850959778
vt 0.6500099897384644 0.7097830176353455
vt 0.651324987411499 0.7097470164299011
vt 0.651324987411499 0.7097470164299011
vt 0.6500099897384644 0.7097830176353455
vt 0.6492199897766113 0.6962400078773499
vt 0.6450240015983582 0.7621139883995056
vt 0.6444910168647766 0.7620009779930115
vt 0.6476770043373108 0.7447620034217834
vt 0.6450240015983582 0.7621139883995056
vt 0.6476770043373108 0.7447620034217834
vt 0.6481029987335205 0.7448170185089111
vt 0.6481029987335205 0.7448170185089111
vt 0.6476770043373108 0.7447620034217834
vt 0.6493399739265442 0.7273139953613281
vt 0.6481029987335205 0.7448170185089111
vt 0.6493399739265442 0.7273139953613281
vt 0.6497690081596375 0.7273359894752502
vt 0.6497690081596375 0.7273359894752502
vt 0.6493399739265442 0.7273139953613281
vt 0.6494659781455994 0.7097979784011841
vt 0.6497690081596375 0.7273359894752502
vt 0.6494659781455994 0.7097979784011841
vt 0.6500099897384644 0.7097830176353455
vt 0.6500099897384644 0.7097830176353455
vt 0.6494659781455994 0.7097979784011841
vt 0.6492199897766113 0.6962400078773499
vt 0.6486780047416687 0.696287989616394
vt 0.6471329927444458 0.683443009853363
vt 0.6476250290870667 0.6828740239143372
vt 0.6498200297355652 0.6891679763793945
vt 0.6476250290870667 0.6828740239143372
vt 0.6489440202713013 0.6824880242347717
vt 0.6492199897766113 0.6962400078773499
vt 0.6486780047416687 0.696287989616394
vt 0.6476250290870667 0.6828740239143372
vt 0.6492199897766113 0.6962400078773499
vt 0.6476250290870667 0.6828740239143372
vt 0.6498200297355652 0.6891679763793945
vt 0.6492199897766113 0.6962400078773499
vt 0.6498200297355652 0.6891679763793945
vt 0.6505299806594849 0.6961240172386169
vt 0.6436799764633179 0.6631439924240112
vt 0.6449999809265137 0.6626430153846741
vt 0.6472030282020569 0.6725209951400757
vt 0.6471329927444458 0.683443009853363
vt 0.6432210206985474 0.6637619733810425
vt 0.6436799764633179 0.6631439924240112
vt 0.6471329927444458 0.683443009853363
vt 0.6436799764633179 0.6631439924240112
vt 0.6476250290870667 0.6828740239143372
vt 0.6476250290870667 0.6828740239143372
vt 0.6436799764633179 0.6631439924240112
vt 0.6489440202713013 0.6824880242347717
vt 0.6489440202713013 0.6824880242347717
vt 0.6436799764633179 0.6631439924240112
vt 0.6472030282020569 0.6725209951400757
vt 0.6415730118751526 0.636102020740509
vt 0.6449999809265137 0.6626430153846741
vt 0.6418460011482239 0.6495950222015381
vt 0.6418460011482239 0.6495950222015381
vt 0.6449999809265137 0.6626430153846741
vt 0.6436799764633179 0.6631439924240112
vt 0.6418460011482239 0.6495950222015381
vt 0.6436799764633179 0.6631439924240112
vt 0.6408089995384216 0.6501179933547974
vt 0.6408089995384216 0.6501179933547974
vt 0.6436799764633179 0.6631439924240112
vt 0.6432210206985474 0.6637619733810425
vt 0.6408089995384216 0.6501179933547974
vt 0.6398320198059082 0.6365979909896851
vt 0.6418460011482239 0.6495950222015381
vt 0.6418460011482239 0.6495950222015381
vt 0.6398320198059082 0.6365979909896851
vt 0.6415730118751526 0.636102020740509
vt 0.7601799964904785 0.6778519749641418
vt 0.6489440202713013 0.6824880242347717
vt 0.7649880051612854 0.6562690138816833
vt 0.7649880051612854 0.6562690138816833
vt 0.6489440202713013 0.6824880242347717
vt 0.6472030282020569 0.6725209951400757
vt 0.7649880051612854 0.6562690138816833
vt 0.6472030282020569 0.6725209951400757
vt 0.7666609883308411 0.6403149962425232
vt 0.6472030282020569 0.6725209951400757
vt 0.6449999809265137 0.6626430153846741
vt 0.7666609883308411 0.6403149962425232
vt 0.7666609883308411 0.6403149962425232
vt 0.6449999809265137 0.6626430153846741
vt 0.6415730118751526 0.636102020740509
vt 0.7666609883308411 0.6403149962425232
vt 0.6415730118751526 0.636102020740509
vt 0.7669240236282349 0.6308779716491699
vt 0.6417379975318909 0.6292440295219421
vt 0.766776978969574 0.6240329742431641
vt 0.7668949961662292 0.6275179982185364
vt 0.6417379975318909 0.6292440295219421
vt 0.7668949961662292 0.6275179982185364
vt 0.6415809988975525 0.6333739757537842
vt 0.6415809988975525 0.6333739757537842
vt 0.7668949961662292 0.6275179982185364
vt 0.7669240236282349 0.6308779716491699
vt 0.6415809988975525 0.6333739757537842
vt 0.7669240236282349 0.6308779716491699
vt 0.6415730118751526 0.636102020740509
vt 0.6417379975318909 0.6292440295219421
vt 0.6864929795265198 0.575173020362854
vt 0.766776978969574 0.6240329742431641
vt 0.766776978969574 0.6240329742431641
vt 0.6864929795265198 0.575173020362854
vt 0.7239789962768555 0.5739619731903076
vt 0.6592249870300293 0.5850030183792114
vt 0.6663579940795898 0.5796489715576172
vt 0.6864929795265198 0.575173020362854
vt 0.6864929795265198 0.575173020362854
vt 0.6417379975318909 0.6292440295219421
vt 0.6469799876213074 0.5999839901924133
vt 0.6864929795265198 0.575173020362854
vt 0.6469799876213074 0.5999839901924133
vt 0.6592249870300293 0.5850030183792114
vt 0.766776978969574 0.6240329742431641
vt 0.759797990322113 0.5933330059051514
vt 0.7652239799499512 0.605663001537323
vt 0.7239789962768555 0.5739619731903076
vt 0.7452690005302429 0.5800840258598328
vt 0.766776978969574 0.6240329742431641
vt 0.766776978969574 0.6240329742431641
vt 0.7452690005302429 0.5800840258598328
vt 0.759797990322113 0.5933330059051514
vt 0.6468719840049744 0.6817579865455627
vt 0.6432210206985474 0.6637619733810425
vt 0.6471329927444458 0.683443009853363
vt 0.6468719840049744 0.6817579865455627
vt 0.6471329927444458 0.683443009853363
vt 0.6479049921035767 0.6890640258789062
vt 0.6479049921035767 0.6890640258789062
vt 0.6471329927444458 0.683443009853363
vt 0.6486780047416687 0.696287989616394
vt 0.6479049921035767 0.6890640258789062
vt 0.6486780047416687 0.696287989616394
vt 0.6488209962844849 0.6965839862823486
vt 0.6488209962844849 0.6965839862823486
vt 0.6486780047416687 0.696287989616394
vt 0.6495339870452881 0.7135059833526611
vt 0.6495339870452881 0.7135059833526611
vt 0.6486780047416687 0.696287989616394
vt 0.6494659781455994 0.7097979784011841
vt 0.6495339870452881 0.7135059833526611
vt 0.6494659781455994 0.7097979784011841
vt 0.6487399935722351 0.734184980392456
vt 0.6494659781455994 0.7097979784011841
vt 0.6493399739265442 0.7273139953613281
vt 0.6487399935722351 0.734184980392456
vt 0.6487399935722351 0.734184980392456
vt 0.6493399739265442 0.7273139953613281
vt 0.6487619876861572 0.7339349985122681
vt 0.6487399935722351 0.734184980392456
vt 0.6487619876861572 0.7339349985122681
vt 0.6459670066833496 0.7547029852867126
vt 0.6487619876861572 0.7339349985122681
vt 0.6476770043373108 0.7447620034217834
vt 0.6459670066833496 0.7547029852867126
vt 0.6459670066833496 0.7547029852867126
vt 0.6476770043373108 0.7447620034217834
vt 0.6444910168647766 0.7620009779930115
vt 0.6459670066833496 0.7547029852867126
vt 0.6444910168647766 0.7620009779930115
vt 0.6422430276870728 0.7712410092353821
vt 0.6422430276870728 0.7712410092353821
vt 0.6444910168647766 0.7620009779930115
vt 0.6411640048027039 0.7751389741897583
vt 0.6422430276870728 0.7712410092353821
vt 0.6411640048027039 0.7751389741897583
vt 0.6403779983520508 0.7782300114631653
vt 0.6513739824295044 0.7191709876060486
vt 0.6513929963111877 0.7134860157966614
vt 0.6500840187072754 0.7135000228881836
vt 0.6488209962844849 0.6965839862823486
vt 0.6495339870452881 0.7135059833526611
vt 0.6500840187072754 0.7135000228881836
vt 0.6488209962844849 0.6965839862823486
vt 0.6500840187072754 0.7135000228881836
vt 0.6505579948425293 0.6964330077171326
vt 0.6505579948425293 0.6964330077171326
vt 0.6500840187072754 0.7135000228881836
vt 0.6513929963111877 0.7134860157966614
vt 0.6440420150756836 0.771701991558075
vt 0.6477969884872437 0.7550259828567505
vt 0.6427760124206543 0.7713770270347595
vt 0.6427760124206543 0.7713770270347595
vt 0.6477969884872437 0.7550259828567505
vt 0.6465089917182922 0.7547979950904846
vt 0.6427760124206543 0.7713770270347595
vt 0.6465089917182922 0.7547979950904846
vt 0.6459670066833496 0.7547029852867126
vt 0.6427760124206543 0.7713770270347595
vt 0.6459670066833496 0.7547029852867126
vt 0.6422430276870728 0.7712410092353821
vt 0.6477969884872437 0.7550259828567505
vt 0.6505929827690125 0.7343379855155945
vt 0.6465089917182922 0.7547979950904846
vt 0.6465089917182922 0.7547979950904846
vt 0.6505929827690125 0.7343379855155945
vt 0.6492890119552612 0.7342299818992615
vt 0.6465089917182922 0.7547979950904846
vt 0.6492890119552612 0.7342299818992615
vt 0.6459670066833496 0.7547029852867126
vt 0.6459670066833496 0.7547029852867126
vt 0.6492890119552612 0.7342299818992615
vt 0.6487399935722351 0.734184980392456
vt 0.6505929827690125 0.7343379855155945
vt 0.6513739824295044 0.7191709876060486
vt 0.6500840187072754 0.7135000228881836
vt 0.6505929827690125 0.7343379855155945
vt 0.6500840187072754 0.7135000228881836
vt 0.6492890119552612 0.7342299818992615
vt 0.6492890119552612 0.7342299818992615
vt 0.6500840187072754 0.7135000228881836
vt 0.6487399935722351 0.734184980392456
vt 0.6487399935722351 0.734184980392456
vt 0.6500840187072754 0.7135000228881836
vt 0.6495339870452881 0.7135059833526611
vt 0.6422430276870728 0.7712410092353821
vt 0.6403779983520508 0.7782300114631653
vt 0.6427760124206543 0.7713770270347595
vt 0.6427760124206543 0.7713770270347595
vt 0.6403779983520508 0.7782300114631653
vt 0.6440420150756836 0.771701991558075
vt 0.6440420150756836 0.771701991558075
vt 0.6403779983520508 0.7782300114631653
vt 0.6420069932937622 0.7785329818725586
vt 0.6420069932937622 0.7785329818725586
vt 0.6403779983520508 0.7782300114631653
vt 0.6408140063285828 0.7824259996414185
vt 0.6323969960212708 0.8533220291137695
vt 0.6325830221176147 0.8314080238342285
vt 0.6309919953346252 0.8315389752388
vt 0.6309919953346252 0.8315389752388
vt 0.6325830221176147 0.8314080238342285
vt 0.6349520087242126 0.8091740012168884
vt 0.6338170170783997 0.8091059923171997
vt 0.6349520087242126 0.8091740012168884
vt 0.6386510133743286 0.7883110046386719
vt 0.6386510133743286 0.7883110046386719
vt 0.6349520087242126 0.8091740012168884
vt 0.6408140063285828 0.7824259996414185
vt 0.6374539732933044 0.7883470058441162
vt 0.6347240209579468 0.8003349900245667
vt 0.6331620216369629 0.8092629909515381
vt 0.6316890120506287 0.820438027381897
vt 0.6307690143585205 0.8312919735908508
vt 0.6309919953346252 0.8315389752388
vt 0.6309919953346252 0.8315389752388
vt 0.6307690143585205 0.8312919735908508
vt 0.6304029822349548 0.842926025390625
vt 0.6309919953346252 0.8315389752388
vt 0.6304029822349548 0.842926025390625
vt 0.6307899951934814 0.8536009788513184
vt 0.6307899951934814 0.8536009788513184
vt 0.6323969960212708 0.8533220291137695
vt 0.6309919953346252 0.8315389752388
vt 0.6316890120506287 0.820438027381897
vt 0.6338170170783997 0.8091059923171997
vt 0.6331620216369629 0.8092629909515381
vt 0.6331620216369629 0.8092629909515381
vt 0.6338170170783997 0.8091059923171997
vt 0.6386510133743286 0.7883110046386719
vt 0.6331620216369629 0.8092629909515381
vt 0.6386510133743286 0.7883110046386719
vt 0.6374539732933044 0.7883470058441162
vt 0.6374539732933044 0.7883470058441162
vt 0.6386510133743286 0.7883110046386719
vt 0.6403779983520508 0.7782300114631653
vt 0.6309919953346252 0.8315389752388
vt 0.6349520087242126 0.8091740012168884
vt 0.6316890120506287 0.820438027381897
vt 0.6316890120506287 0.820438027381897
vt 0.6349520087242126 0.8091740012168884
vt 0.6338170170783997 0.8091059923171997
vt 0.6386510133743286 0.7883110046386719
vt 0.6408140063285828 0.7824259996414185
vt 0.6403779983520508 0.7782300114631653
vt 0.6324880123138428 0.8554360270500183
vt 0.6323969960212708 0.8533220291137695
vt 0.6311740279197693 0.8554980158805847
vt 0.6311740279197693 0.8554980158805847
vt 0.6323969960212708 0.8533220291137695
vt 0.6307899951934814 0.8536009788513184
vt 0.6324880123138428 0.8554360270500183
vt 0.6311740279197693 0.8554980158805847
vt 0.6333820223808289 0.8737300038337708
vt 0.6307899951934814 0.8536009788513184
vt 0.6310669779777527 0.8624870181083679
vt 0.6311740279197693 0.8554980158805847
vt 0.6311740279197693 0.8554980158805847
vt 0.6310669779777527 0.8624870181083679
vt 0.6323840022087097 0.8738549947738647
vt 0.6323840022087097 0.8738549947738647
vt 0.633450984954834 0.8820769786834717
vt 0.6358640193939209 0.8919270038604736
vt 0.6358640193939209 0.8919270038604736
vt 0.633450984954834 0.8820769786834717
vt 0.6356139779090881 0.8933550119400024
vt 0.6358640193939209 0.8919270038604736
vt 0.6356139779090881 0.8933550119400024
vt 0.6400079727172852 0.9098619818687439
vt 0.6311740279197693 0.8554980158805847
vt 0.6323840022087097 0.8738549947738647
vt 0.6333820223808289 0.8737300038337708
vt 0.6333820223808289 0.8737300038337708
vt 0.6323840022087097 0.8738549947738647
vt 0.6358640193939209 0.8919270038604736
vt 0.6358640193939209 0.8919270038604736
vt 0.6400079727172852 0.9098619818687439
vt 0.6403949856758118 0.9097509980201721
vt 0.6403949856758118 0.9097509980201721
vt 0.6400079727172852 0.9098619818687439
vt 0.6443279981613159 0.9233419895172119
vt 0.6403949856758118 0.9097509980201721
vt 0.6443279981613159 0.9233419895172119
vt 0.6463490128517151 0.9271640181541443
vt 0.6443279981613159 0.9233419895172119
vt 0.6533240079879761 0.9442269802093506
vt 0.6463490128517151 0.9271640181541443
vt 0.6463490128517151 0.9271640181541443
vt 0.6533240079879761 0.9442269802093506
vt 0.654233992099762 0.9438009858131409
vt 0.6333820223808289 0.8737300038337708
vt 0.6358640193939209 0.8919270038604736
vt 0.6364549994468689 0.8918060064315796
vt 0.6364549994468689 0.8918060064315796
vt 0.6358640193939209 0.8919270038604736
vt 0.6403949856758118 0.9097509980201721
vt 0.6403949856758118 0.9097509980201721
vt 0.6463490128517151 0.9271640181541443
vt 0.6475780010223389 0.9267029762268066
vt 0.6475780010223389 0.9267029762268066
vt 0.6463490128517151 0.9271640181541443
vt 0.654233992099762 0.9438009858131409
vt 0.6324880123138428 0.8554360270500183
vt 0.6333820223808289 0.8737300038337708
vt 0.6364549994468689 0.8918060064315796
vt 0.6324880123138428 0.8554360270500183
vt 0.6364549994468689 0.8918060064315796
vt 0.6475780010223389 0.9267029762268066
vt 0.6475780010223389 0.9267029762268066
vt 0.6364549994468689 0.8918060064315796
vt 0.6403949856758118 0.9097509980201721
vt 0.6475780010223389 0.9267029762268066
vt 0.654233992099762 0.9438009858131409
vt 0.662194013595581 0.9554579854011536
vt 0.6609010100364685 0.9564039707183838
vt 0.654233992099762 0.9438009858131409
vt 0.6533240079879761 0.9442269802093506
vt 0.6533240079879761 0.9442269802093506
vt 0.6566420197486877 0.9506000280380249
vt 0.6609010100364685 0.9564039707183838
vt 0.6609010100364685 0.9564039707183838
vt 0.6653349995613098 0.9620810151100159
vt 0.6660240292549133 0.9614650011062622
vt 0.6660240292549133 0.9614650011062622
vt 0.6653349995613098 0.9620810151100159
vt 0.670665979385376 0.9669560194015503
vt 0.6887570023536682 0.9787840247154236
vt 0.6954410076141357 0.9816039800643921
vt 0.6957060098648071 0.9808740019798279
vt 0.6823409795761108 0.9754300117492676
vt 0.6887570023536682 0.9787840247154236
vt 0.6957060098648071 0.9808740019798279
vt 0.654233992099762 0.9438009858131409
vt 0.6609010100364685 0.9564039707183838
vt 0.662194013595581 0.9554579854011536
vt 0.662194013595581 0.9554579854011536
vt 0.6609010100364685 0.9564039707183838
vt 0.6660240292549133 0.9614650011062622
vt 0.662194013595581 0.9554579854011536
vt 0.6660240292549133 0.9614650011062622
vt 0.6831679940223694 0.9740719795227051
vt 0.6831679940223694 0.9740719795227051
vt 0.6660240292549133 0.9614650011062622
vt 0.670665979385376 0.9669560194015503
vt 0.6831679940223694 0.9740719795227051
vt 0.670665979385376 0.9669560194015503
vt 0.6762909889221191 0.9714739918708801
vt 0.6831679940223694 0.9740719795227051
vt 0.6762909889221191 0.9714739918708801
vt 0.6823409795761108 0.9754300117492676
vt 0.6831679940223694 0.9740719795227051
vt 0.6823409795761108 0.9754300117492676
vt 0.6957060098648071 0.9808740019798279
vt 0.6831679940223694 0.9740719795227051
vt 0.6957060098648071 0.9808740019798279
vt 0.700173020362854 0.9807500243186951
vt 0.7091310024261475 0.979610025882721
vt 0.7125869989395142 0.9763240218162537
vt 0.7121409773826599 0.976019024848938
vt 0.7121409773826599 0.976019024848938
vt 0.7125869989395142 0.9763240218162537
vt 0.7145410180091858 0.972009003162384
vt 0.7001429796218872 0.982437014579773
vt 0.6957060098648071 0.9808740019798279
vt 0.6954410076141357 0.9816039800643921
vt 0.7048730254173279 0.9817500114440918
vt 0.7091310024261475 0.979610025882721
vt 0.7085350155830383 0.9788140058517456
vt 0.7085350155830383 0.9788140058517456
vt 0.7091310024261475 0.979610025882721
vt 0.7121409773826599 0.976019024848938
vt 0.7121409773826599 0.976019024848938
vt 0.7145410180091858 0.972009003162384
vt 0.713575005531311 0.9717329740524292
vt 0.7152640223503113 0.9673410058021545
vt 0.7151219844818115 0.9673470258712769
vt 0.7145410180091858 0.972009003162384
vt 0.7145410180091858 0.972009003162384
vt 0.7151219844818115 0.9673470258712769
vt 0.713575005531311 0.9717329740524292
vt 0.713575005531311 0.9717329740524292
vt 0.7151219844818115 0.9673470258712769
vt 0.7134050130844116 0.9674180150032043
vt 0.7001429796218872 0.982437014579773
vt 0.7048730254173279 0.9817500114440918
vt 0.7085350155830383 0.9788140058517456
vt 0.6957060098648071 0.9808740019798279
vt 0.7001429796218872 0.982437014579773
vt 0.700173020362854 0.9807500243186951
vt 0.700173020362854 0.9807500243186951
vt 0.7001429796218872 0.982437014579773
vt 0.7085350155830383 0.9788140058517456
vt 0.7085350155830383 0.9788140058517456
vt 0.7121409773826599 0.976019024848938
vt 0.713575005531311 0.9717329740524292
vt 0.7151219844818115 0.9673470258712769
vt 0.7152640223503113 0.9673410058021545
vt 0.7146769762039185 0.972046971321106
vt 0.7146769762039185 0.972046971321106
vt 0.7152640223503113 0.9673410058021545
vt 0.7145410180091858 0.972009003162384
vt 0.7146769762039185 0.972046971321106
vt 0.7145410180091858 0.972009003162384
vt 0.7125869989395142 0.9763240218162537
vt 0.7146769762039185 0.972046971321106
vt 0.7125869989395142 0.9763240218162537
vt 0.7124710083007812 0.9762449860572815
vt 0.7124710083007812 0.9762449860572815
vt 0.7125869989395142 0.9763240218162537
vt 0.7091310024261475 0.979610025882721
vt 0.7091310024261475 0.979610025882721
vt 0.7125869989395142 0.9763240218162537
vt 0.7091310024261475 0.979610025882721
vt 0.7091310024261475 0.979610025882721
vt 0.7091310024261475 0.979610025882721
vt 0.7049160003662109 0.9818819761276245
vt 0.7049160003662109 0.9818819761276245
vt 0.7091310024261475 0.979610025882721
vt 0.7048730254173279 0.9817500114440918
vt 0.7049160003662109 0.9818819761276245
vt 0.7048730254173279 0.9817500114440918
vt 0.7001429796218872 0.982437014579773
vt 0.7049160003662109 0.9818819761276245
vt 0.7001429796218872 0.982437014579773
vt 0.7001429796218872 0.982437014579773
vt 0.7001429796218872 0.982437014579773
vt 0.7001429796218872 0.982437014579773
vt 0.695576012134552 0.9812300205230713
vt 0.695576012134552 0.9812300205230713
vt 0.7001429796218872 0.982437014579773
vt 0.6954410076141357 0.9816039800643921
vt 0.7151219844818115 0.9673470258712769
vt 0.7112870216369629 0.8719310164451599
vt 0.7152640223503113 0.9673410058021545
vt 0.7152640223503113 0.9673410058021545
vt 0.7112870216369629 0.8719310164451599
vt 0.7111459970474243 0.8719369769096375
vt 0.718861997127533 0.8716149926185608
vt 0.7187209725379944 0.8716210126876831
vt 0.7184119820594788 0.8699870109558105
vt 0.7184119820594788 0.8699870109558105
vt 0.7187209725379944 0.8716210126876831
vt 0.7157089710235596 0.8680459856987
vt 0.7184119820594788 0.8699870109558105
vt 0.7157089710235596 0.8680459856987
vt 0.7139919996261597 0.8681169748306274
vt 0.7139919996261597 0.8681169748306274
vt 0.7157089710235596 0.8680459856987
vt 0.7114589810371399 0.8702769875526428
vt 0.7139919996261597 0.8681169748306274
vt 0.7114589810371399 0.8702769875526428
vt 0.7114589810371399 0.8702769875526428
vt 0.7114589810371399 0.8702769875526428
vt 0.7114589810371399 0.8702769875526428
vt 0.7112870216369629 0.8719310164451599
vt 0.7112870216369629 0.8719310164451599
vt 0.7114589810371399 0.8702769875526428
vt 0.7111459970474243 0.8719369769096375
vt 0.7157089710235596 0.8680459856987
vt 0.7160220146179199 0.8663859963417053
vt 0.7113500237464905 0.8676400184631348
vt 0.7094290256500244 0.8720080256462097
vt 0.7114589810371399 0.8702769875526428
vt 0.7113500237464905 0.8676400184631348
vt 0.7183020114898682 0.8673499822616577
vt 0.718861997127533 0.8716149926185608
vt 0.7205790281295776 0.8715440034866333
vt 0.7094290256500244 0.8720080256462097
vt 0.7101399898529053 0.8719789981842041
vt 0.7114589810371399 0.8702769875526428
vt 0.7114589810371399 0.8702769875526428
vt 0.7101399898529053 0.8719789981842041
vt 0.7111459970474243 0.8719369769096375
vt 0.718861997127533 0.8716149926185608
vt 0.7183020114898682 0.8673499822616577
vt 0.7187209725379944 0.8716210126876831
vt 0.7187209725379944 0.8716210126876831
vt 0.7183020114898682 0.8673499822616577
vt 0.7160220146179199 0.8663859963417053
vt 0.7187209725379944 0.8716210126876831
vt 0.7160220146179199 0.8663859963417053
vt 0.7157089710235596 0.8680459856987
vt 0.7157089710235596 0.8680459856987
vt 0.7113500237464905 0.8676400184631348
vt 0.7114589810371399 0.8702769875526428
vt 0.7152640223503113 0.9673410058021545
vt 0.7111459970474243 0.8719369769096375
vt 0.7151219844818115 0.9673470258712769
vt 0.7151219844818115 0.9673470258712769
vt 0.7111459970474243 0.8719369769096375
vt 0.7101399898529053 0.8719789981842041
vt 0.7151219844818115 0.9673470258712769
vt 0.7101399898529053 0.8719789981842041
vt 0.7134050130844116 0.9674180150032043
vt 0.7134050130844116 0.9674180150032043
vt 0.7101399898529053 0.8719789981842041
vt 0.7094290256500244 0.8720080256462097
vt 0.7245420217514038 0.9666100144386292
vt 0.7205790281295776 0.8715440034866333
vt 0.723829984664917 0.9666399955749512
vt 0.723829984664917 0.9666399955749512
vt 0.7205790281295776 0.8715440034866333
vt 0.718861997127533 0.8716149926185608
vt 0.723829984664917 0.9666399955749512
vt 0.718861997127533 0.8716149926185608
vt 0.7228249907493591 0.9666820168495178
vt 0.7228249907493591 0.9666820168495178
vt 0.718861997127533 0.8716149926185608
vt 0.7187209725379944 0.8716210126876831
vt 0.718861997127533 0.8716149926185608
vt 0.7226830124855042 0.9666879773139954
vt 0.7187209725379944 0.8716210126876831
vt 0.7187209725379944 0.8716210126876831
vt 0.7226830124855042 0.9666879773139954
vt 0.7228249907493591 0.9666820168495178
vt 0.7134050130844116 0.9674180150032043
vt 0.7094290256500244 0.8720080256462097
vt 0.7141169905662537 0.9673889875411987
vt 0.7141169905662537 0.9673889875411987
vt 0.7094290256500244 0.8720080256462097
vt 0.7107430100440979 0.8719540238380432
vt 0.7141169905662537 0.9673889875411987
vt 0.7107430100440979 0.8719540238380432
vt 0.7151219844818115 0.9673470258712769
vt 0.7151219844818115 0.9673470258712769
vt 0.7107430100440979 0.8719540238380432
vt 0.7112870216369629 0.8719310164451599
vt 0.7141540050506592 0.9718970060348511
vt 0.7151219844818115 0.9673470258712769
vt 0.7146769762039185 0.972046971321106
vt 0.7141540050506592 0.9718970060348511
vt 0.7146769762039185 0.972046971321106
vt 0.7124710083007812 0.9762449860572815
vt 0.7141540050506592 0.9718970060348511
vt 0.7141169905662537 0.9673889875411987
vt 0.7151219844818115 0.9673470258712769
vt 0.7141540050506592 0.9718970060348511
vt 0.7124710083007812 0.9762449860572815
vt 0.7116460204124451 0.9756789803504944
vt 0.7116460204124451 0.9756789803504944
vt 0.7124710083007812 0.9762449860572815
vt 0.7091310024261475 0.979610025882721
vt 0.700173020362854 0.9807500243186951
vt 0.7116460204124451 0.9756789803504944
vt 0.7047500014305115 0.9813709855079651
vt 0.7047500014305115 0.9813709855079651
vt 0.7116460204124451 0.9756789803504944
vt 0.7091310024261475 0.979610025882721
vt 0.7116460204124451 0.9756789803504944
vt 0.7134050130844116 0.9674180150032043
vt 0.7141540050506592 0.9718970060348511
vt 0.7141540050506592 0.9718970060348511
vt 0.7134050130844116 0.9674180150032043
vt 0.7141169905662537 0.9673889875411987
vt 0.7001429796218872 0.982437014579773
vt 0.700173020362854 0.9807500243186951
vt 0.7047500014305115 0.9813709855079651
vt 0.7001429796218872 0.982437014579773
vt 0.7047500014305115 0.9813709855079651
vt 0.7049160003662109 0.9818819761276245
vt 0.7049160003662109 0.9818819761276245
vt 0.7047500014305115 0.9813709855079651
vt 0.7091310024261475 0.979610025882721
vt 0.7001429796218872 0.982437014579773
vt 0.695576012134552 0.9812300205230713
vt 0.700173020362854 0.9807500243186951
vt 0.6533240079879761 0.9442269802093506
vt 0.6533240079879761 0.9442269802093506
vt 0.6566420197486877 0.9506000280380249
vt 0.6566420197486877 0.9506000280380249
vt 0.6533240079879761 0.9442269802093506
vt 0.6591230034828186 0.954138994216919
vt 0.684814989566803 0.9769390225410461
vt 0.695576012134552 0.9812300205230713
vt 0.6954410076141357 0.9816039800643921
vt 0.6954410076141357 0.9816039800643921
vt 0.6887570023536682 0.9787840247154236
vt 0.684814989566803 0.9769390225410461
vt 0.684814989566803 0.9769390225410461
vt 0.6887570023536682 0.9787840247154236
vt 0.6823409795761108 0.9754300117492676
vt 0.684814989566803 0.9769390225410461
vt 0.6823409795761108 0.9754300117492676
vt 0.6750649809837341 0.9706990122795105
vt 0.6750649809837341 0.9706990122795105
vt 0.6823409795761108 0.9754300117492676
vt 0.6762909889221191 0.9714739918708801
vt 0.6750649809837341 0.9706990122795105
vt 0.6762909889221191 0.9714739918708801
vt 0.6704990267753601 0.9671379923820496
vt 0.6704990267753601 0.9671379923820496
vt 0.6762909889221191 0.9714739918708801
vt 0.670665979385376 0.9669560194015503
vt 0.6704990267753601 0.9671379923820496
vt 0.670665979385376 0.9669560194015503
vt 0.6667230129241943 0.9627640247344971
vt 0.6667230129241943 0.9627640247344971
vt 0.670665979385376 0.9669560194015503
vt 0.6653349995613098 0.9620810151100159
vt 0.6667230129241943 0.9627640247344971
vt 0.6653349995613098 0.9620810151100159
vt 0.6591230034828186 0.954138994216919
vt 0.6591230034828186 0.954138994216919
vt 0.6653349995613098 0.9620810151100159
vt 0.6609010100364685 0.9564039707183838
vt 0.6591230034828186 0.954138994216919
vt 0.6609010100364685 0.9564039707183838
vt 0.6566420197486877 0.9506000280380249
vt 0.6307690143585205 0.831292986869812
vt 0.6307690143585205 0.8312919735908508
vt 0.6319739818572998 0.8181120157241821
vt 0.6319739818572998 0.8181120157241821
vt 0.6307690143585205 0.8312919735908508
vt 0.6316890120506287 0.820438027381897
vt 0.6319739818572998 0.8181120157241821
vt 0.6316890120506287 0.820438027381897
vt 0.6335330009460449 0.8068510293960571
vt 0.6403779983520508 0.7782300114631653
vt 0.6411640048027039 0.7751389741897583
vt 0.6383479833602905 0.7848590016365051
vt 0.6403779983520508 0.7782300114631653
vt 0.6383479833602905 0.7848590016365051
vt 0.6374539732933044 0.7883470058441162
vt 0.6374539732933044 0.7883470058441162
vt 0.6383479833602905 0.7848590016365051
vt 0.635670006275177 0.7957980036735535
vt 0.6374539732933044 0.7883470058441162
vt 0.635670006275177 0.7957980036735535
vt 0.6347240209579468 0.8003349900245667
vt 0.6347240209579468 0.8003349900245667
vt 0.635670006275177 0.7957980036735535
vt 0.6335330009460449 0.8068510293960571
vt 0.6347240209579468 0.8003349900245667
vt 0.6335330009460449 0.8068510293960571
vt 0.6331620216369629 0.8092629909515381
vt 0.6331620216369629 0.8092629909515381
vt 0.6335330009460449 0.8068510293960571
vt 0.6316890120506287 0.820438027381897
vt 0.6304960250854492 0.8506579995155334
vt 0.6307899951934814 0.8536009788513184
vt 0.6304029822349548 0.842926025390625
vt 0.6304960250854492 0.8506579995155334
vt 0.6304029822349548 0.842926025390625
vt 0.6307690143585205 0.831292986869812
vt 0.6307690143585205 0.831292986869812
vt 0.6304029822349548 0.842926025390625
vt 0.6307690143585205 0.8312919735908508
vt 0.6307899951934814 0.8536009788513184
vt 0.6304960250854492 0.8506579995155334
vt 0.6310669779777527 0.8624870181083679
vt 0.6533240079879761 0.9442269802093506
vt 0.6533240079879761 0.9442269802093506
vt 0.6447740197181702 0.9241420030593872
vt 0.6447740197181702 0.9241420030593872
vt 0.6533240079879761 0.9442269802093506
vt 0.6443279981613159 0.9233419895172119
vt 0.6447740197181702 0.9241420030593872
vt 0.6443279981613159 0.9233419895172119
vt 0.6400079727172852 0.9098619818687439
vt 0.6447740197181702 0.9241420030593872
vt 0.6400079727172852 0.9098619818687439
vt 0.6381769776344299 0.903357982635498
vt 0.6381769776344299 0.903357982635498
vt 0.6400079727172852 0.9098619818687439
vt 0.6356139779090881 0.8933550119400024
vt 0.6381769776344299 0.903357982635498
vt 0.6356139779090881 0.8933550119400024
vt 0.6356139779090881 0.8933550119400024
vt 0.6356139779090881 0.8933550119400024
vt 0.6356139779090881 0.8933550119400024
vt 0.633450984954834 0.8820769786834717
vt 0.633450984954834 0.8820769786834717
vt 0.6323840022087097 0.8738549947738647
vt 0.6310669779777527 0.8624870181083679
vt 0.6310669779777527 0.8624870181083679
vt 0.6323840022087097 0.8738549947738647
vt 0.6310669779777527 0.8624870181083679
vt 0.6310669779777527 0.8624870181083679
vt 0.6310669779777527 0.8624870181083679
vt 0.6304960250854492 0.8506579995155334
vt 0.7550680041313171 0.7752310037612915
vt 0.7565799951553345 0.7809780240058899
vt 0.6401659846305847 0.785830020904541
vt 0.7429999709129333 0.7714620232582092
vt 0.7540860176086426 0.7710000276565552
vt 0.7550680041313171 0.7752310037612915
vt 0.6420249938964844 0.778967022895813
vt 0.6429539918899536 0.7756320238113403
vt 0.667123019695282 0.7746250033378601
vt 0.6420249938964844 0.778967022895813
vt 0.667123019695282 0.7746250033378601
vt 0.6401659846305847 0.785830020904541
vt 0.6401659846305847 0.785830020904541
vt 0.667123019695282 0.7746250033378601
vt 0.6822140216827393 0.7739959955215454
vt 0.6401659846305847 0.785830020904541
vt 0.6822140216827393 0.7739959955215454
vt 0.6888819932937622 0.773717999458313
vt 0.6888819932937622 0.773717999458313
vt 0.6952229738235474 0.7734540104866028
vt 0.6401659846305847 0.785830020904541
vt 0.6401659846305847 0.785830020904541
vt 0.6952229738235474 0.7734540104866028
vt 0.7018910050392151 0.7731760144233704
vt 0.6401659846305847 0.785830020904541
vt 0.7018910050392151 0.7731760144233704
vt 0.7082319855690002 0.772911012172699
vt 0.7082319855690002 0.772911012172699
vt 0.714900016784668 0.7726330161094666
vt 0.6401659846305847 0.785830020904541
vt 0.6401659846305847 0.785830020904541
vt 0.714900016784668 0.7726330161094666
vt 0.7212409973144531 0.7723690271377563
vt 0.6401659846305847 0.785830020904541
vt 0.7212409973144531 0.7723690271377563
vt 0.7550680041313171 0.7752310037612915
vt 0.7550680041313171 0.7752310037612915
vt 0.7212409973144531 0.7723690271377563
vt 0.7279090285301208 0.7720909714698792
vt 0.7550680041313171 0.7752310037612915
vt 0.7279090285301208 0.7720909714698792
vt 0.7429999709129333 0.7714620232582092
vt 0.6401659846305847 0.785830020904541
vt 0.7565799951553345 0.7809780240058899
vt 0.6375089883804321 0.7966830134391785
vt 0.6375089883804321 0.7966830134391785
vt 0.7565799951553345 0.7809780240058899
vt 0.7605779767036438 0.7928509712219238
vt 0.6375089883804321 0.7966830134391785
vt 0.7605779767036438 0.7928509712219238
vt 0.6348310112953186 0.8111379742622375
vt 0.6348310112953186 0.8111379742622375
vt 0.7605779767036438 0.7928509712219238
vt 0.632777988910675 0.8298289775848389
vt 0.770226001739502 0.8152220249176025
vt 0.7777079939842224 0.8376209735870361
vt 0.6324779987335205 0.8552740216255188
vt 0.6324779987335205 0.8552740216255188
vt 0.7777079939842224 0.8376209735870361
vt 0.7806209921836853 0.8499799966812134
vt 0.632777988910675 0.8298289775848389
vt 0.7605779767036438 0.7928509712219238
vt 0.6324779987335205 0.8552740216255188
vt 0.6324779987335205 0.8552740216255188
vt 0.7605779767036438 0.7928509712219238
vt 0.770226001739502 0.8152220249176025
vt 0.6324779987335205 0.8552740216255188
vt 0.7806209921836853 0.8499799966812134
vt 0.6327090263366699 0.8593999743461609
vt 0.6327090263366699 0.8593999743461609
vt 0.7806209921836853 0.8499799966812134
vt 0.7814589738845825 0.8541060090065002
vt 0.7831519842147827 0.8538150191307068
vt 0.7814589738845825 0.8541060090065002
vt 0.7811089754104614 0.8489440083503723
vt 0.7811089754104614 0.8489440083503723
vt 0.7814589738845825 0.8541060090065002
vt 0.7806209921836853 0.8499799966812134
vt 0.7831519842147827 0.8538150191307068
vt 0.7811089754104614 0.8489440083503723
vt 0.782139003276825 0.8484479784965515
vt 0.7715039849281311 0.8145930171012878
vt 0.770226001739502 0.8152220249176025
vt 0.7667490243911743 0.8036820292472839
vt 0.7715039849281311 0.8145930171012878
vt 0.7667490243911743 0.8036820292472839
vt 0.7719359993934631 0.8140460252761841
vt 0.7719359993934631 0.8140460252761841
vt 0.7667490243911743 0.8036820292472839
vt 0.7671070098876953 0.8033329844474792
vt 0.7719359993934631 0.8140460252761841
vt 0.776049017906189 0.8252379894256592
vt 0.7715039849281311 0.8145930171012878
vt 0.7715039849281311 0.8145930171012878
vt 0.776049017906189 0.8252379894256592
vt 0.7749720215797424 0.8260729908943176
vt 0.7715039849281311 0.8145930171012878
vt 0.7749720215797424 0.8260729908943176
vt 0.770226001739502 0.8152220249176025
vt 0.770226001739502 0.8152220249176025
vt 0.7749720215797424 0.8260729908943176
vt 0.7777079939842224 0.8376209735870361
vt 0.776049017906189 0.8252379894256592
vt 0.7794849872589111 0.8366490006446838
vt 0.7749720215797424 0.8260729908943176
vt 0.7749720215797424 0.8260729908943176
vt 0.7794849872589111 0.8366490006446838
vt 0.7790129780769348 0.8371430039405823
vt 0.7749720215797424 0.8260729908943176
vt 0.7790129780769348 0.8371430039405823
vt 0.7777079939842224 0.8376209735870361
vt 0.7806209921836853 0.8499799966812134
vt 0.7777079939842224 0.8376209735870361
vt 0.7811089754104614 0.8489440083503723
vt 0.7811089754104614 0.8489440083503723
vt 0.7777079939842224 0.8376209735870361
vt 0.7790129780769348 0.8371430039405823
vt 0.7811089754104614 0.8489440083503723
vt 0.7790129780769348 0.8371430039405823
vt 0.782139003276825 0.8484479784965515
vt 0.782139003276825 0.8484479784965515
vt 0.7790129780769348 0.8371430039405823
vt 0.7794849872589111 0.8366490006446838
vt 0.7623000144958496 0.7917050123214722
vt 0.7671070098876953 0.8033329844474792
vt 0.7618610262870789 0.7922449707984924
vt 0.7618610262870789 0.7922449707984924
vt 0.7671070098876953 0.8033329844474792
vt 0.7667490243911743 0.8036820292472839
vt 0.7618610262870789 0.7922449707984924
vt 0.7667490243911743 0.8036820292472839
vt 0.7605779767036438 0.7928509712219238
vt 0.7605779767036438 0.7928509712219238
vt 0.7667490243911743 0.8036820292472839
vt 0.770226001739502 0.8152220249176025
vt 0.7582659721374512 0.7801809906959534
vt 0.7623000144958496 0.7917050123214722
vt 0.7578809857368469 0.7804710268974304
vt 0.7578809857368469 0.7804710268974304
vt 0.7623000144958496 0.7917050123214722
vt 0.7618610262870789 0.7922449707984924
vt 0.7578809857368469 0.7804710268974304
vt 0.7618610262870789 0.7922449707984924
vt 0.7605779767036438 0.7928509712219238
vt 0.7578809857368469 0.7804710268974304
vt 0.7605779767036438 0.7928509712219238
vt 0.7565799951553345 0.7809780240058899
vt 0.7565619945526123 0.7756549715995789
vt 0.7550680041313171 0.7752310037612915
vt 0.7540860176086426 0.7710000276565552
vt 0.7565619945526123 0.7756549715995789
vt 0.7582659721374512 0.7801809906959534
vt 0.7578809857368469 0.7804710268974304
vt 0.7565619945526123 0.7756549715995789
vt 0.7578809857368469 0.7804710268974304
vt 0.7550680041313171 0.7752310037612915
vt 0.7550680041313171 0.7752310037612915
vt 0.7578809857368469 0.7804710268974304
vt 0.7565799951553345 0.7809780240058899
vt 0.7550709843635559 0.7667509913444519
vt 0.7582659721374512 0.7801809906959534
vt 0.7565619945526123 0.7756549715995789
vt 0.7565619945526123 0.7756549715995789
vt 0.7540860176086426 0.7710000276565552
vt 0.7530019879341125 0.7558289766311646
vt 0.7540860176086426 0.7710000276565552
vt 0.7503430247306824 0.7448559999465942
vt 0.7530019879341125 0.7558289766311646
vt 0.7505810260772705 0.7224159836769104
vt 0.7518789768218994 0.7112600207328796
vt 0.7527989745140076 0.7113929986953735
vt 0.7527989745140076 0.7113929986953735
vt 0.7518789768218994 0.7112600207328796
vt 0.7539569735527039 0.7002159953117371
vt 0.7527989745140076 0.7113929986953735
vt 0.7539569735527039 0.7002159953117371
vt 0.7548649907112122 0.7004119753837585
vt 0.7539569735527039 0.7002159953117371
vt 0.7561089992523193 0.6917240023612976
vt 0.7548649907112122 0.7004119753837585
vt 0.7530019879341125 0.7558289766311646
vt 0.7503430247306824 0.7448559999465942
vt 0.7522000074386597 0.7447460293769836
vt 0.7522000074386597 0.7447460293769836
vt 0.7503430247306824 0.7448559999465942
vt 0.7500680088996887 0.7336329817771912
vt 0.7522000074386597 0.7447460293769836
vt 0.7500680088996887 0.7336329817771912
vt 0.7519279718399048 0.7336490154266357
vt 0.7519279718399048 0.7336490154266357
vt 0.7500680088996887 0.7336329817771912
vt 0.7505810260772705 0.7224159836769104
vt 0.7519279718399048 0.7336490154266357
vt 0.7505810260772705 0.7224159836769104
vt 0.752435028553009 0.7225580215454102
vt 0.752435028553009 0.7225580215454102
vt 0.7505810260772705 0.7224159836769104
vt 0.7527989745140076 0.7113929986953735
vt 0.752435028553009 0.7225580215454102
vt 0.7527989745140076 0.7113929986953735
vt 0.7537189722061157 0.7115269899368286
vt 0.7537189722061157 0.7115269899368286
vt 0.7527989745140076 0.7113929986953735
vt 0.7548649907112122 0.7004119753837585
vt 0.7537189722061157 0.7115269899368286
vt 0.7548649907112122 0.7004119753837585
vt 0.7557730078697205 0.7006080150604248
vt 0.7550709843635559 0.7667509913444519
vt 0.7565619945526123 0.7756549715995789
vt 0.7530019879341125 0.7558289766311646
vt 0.7550709843635559 0.7667509913444519
vt 0.7530019879341125 0.7558289766311646
vt 0.7532489895820618 0.7557979822158813
vt 0.7532489895820618 0.7557979822158813
vt 0.7530019879341125 0.7558289766311646
vt 0.7522000074386597 0.7447460293769836
vt 0.7557730078697205 0.7006080150604248
vt 0.7548649907112122 0.7004119753837585
vt 0.7600280046463013 0.6848639845848083
vt 0.7550709843635559 0.7667509913444519
vt 0.7550709843635559 0.7667509913444519
vt 0.7576619982719421 0.7775729894638062
vt 0.7550709843635559 0.7667509913444519
vt 0.7576619982719421 0.7775729894638062
vt 0.7582659721374512 0.7801809906959534
vt 0.7582659721374512 0.7801809906959534
vt 0.7576619982719421 0.7775729894638062
vt 0.7623000144958496 0.7917050123214722
vt 0.7619959712028503 0.6790400147438049
vt 0.7599719762802124 0.6850860118865967
vt 0.7600280046463013 0.6848639845848083
vt 0.7600280046463013 0.6848639845848083
vt 0.7599719762802124 0.6850860118865967
vt 0.7578139901161194 0.692520022392273
vt 0.7600280046463013 0.6848639845848083
vt 0.7578139901161194 0.692520022392273
vt 0.7557730078697205 0.7006080150604248
vt 0.7557730078697205 0.7006080150604248
vt 0.7578139901161194 0.692520022392273
vt 0.7557730078697205 0.7006080150604248
vt 0.7557730078697205 0.7006080150604248
vt 0.7557730078697205 0.7006080150604248
vt 0.7537189722061157 0.7115269899368286
vt 0.7537189722061157 0.7115269899368286
vt 0.7557730078697205 0.7006080150604248
vt 0.7537189722061157 0.7115269899368286
vt 0.7537189722061157 0.7115269899368286
vt 0.7537189722061157 0.7115269899368286
vt 0.752435028553009 0.7225580215454102
vt 0.752435028553009 0.7225580215454102
vt 0.7537189722061157 0.7115269899368286
vt 0.752435028553009 0.7225580215454102
vt 0.752435028553009 0.7225580215454102
vt 0.752435028553009 0.7225580215454102
vt 0.7519279718399048 0.7336490154266357
vt 0.7519279718399048 0.7336490154266357
vt 0.752435028553009 0.7225580215454102
vt 0.7519279718399048 0.7336490154266357
vt 0.7519279718399048 0.7336490154266357
vt 0.7519279718399048 0.7336490154266357
vt 0.7522000074386597 0.7447460293769836
vt 0.7522000074386597 0.7447460293769836
vt 0.7519279718399048 0.7336490154266357
vt 0.7522000074386597 0.7447460293769836
vt 0.7522000074386597 0.7447460293769836
vt 0.7522000074386597 0.7447460293769836
vt 0.7532489895820618 0.7557979822158813
vt 0.7532489895820618 0.7557979822158813
vt 0.7522000074386597 0.7447460293769836
vt 0.7532489895820618 0.7557979822158813
vt 0.7532489895820618 0.7557979822158813
vt 0.7532489895820618 0.7557979822158813
vt 0.7550709843635559 0.7667509913444519
vt 0.7550709843635559 0.7667509913444519
vt 0.7532489895820618 0.7557979822158813
vt 0.7550709843635559 0.7667509913444519
vt 0.7576619982719421 0.7775729894638062
vt 0.7618330121040344 0.7904629707336426
vt 0.7623000144958496 0.7917050123214722
vt 0.7623000144958496 0.7917050123214722
vt 0.7618330121040344 0.7904629707336426
vt 0.7671589851379395 0.8031110167503357
vt 0.7623000144958496 0.7917050123214722
vt 0.7671589851379395 0.8031110167503357
vt 0.7671070098876953 0.8033329844474792
vt 0.7576619982719421 0.7775729894638062
vt 0.7550709843635559 0.7667509913444519
vt 0.7541589736938477 0.7669309973716736
vt 0.7544659972190857 0.7724469900131226
vt 0.7541589736938477 0.7669309973716736
vt 0.7532550096511841 0.7671499848365784
vt 0.7570930123329163 0.7774310111999512
vt 0.7576619982719421 0.7775729894638062
vt 0.7541589736938477 0.7669309973716736
vt 0.7570930123329163 0.7774310111999512
vt 0.7541589736938477 0.7669309973716736
vt 0.7544659972190857 0.7724469900131226
vt 0.7570930123329163 0.7774310111999512
vt 0.7544659972190857 0.7724469900131226
vt 0.7558500170707703 0.7776319980621338
vt 0.7578139901161194 0.692520022392273
vt 0.7572950124740601 0.6923810243606567
vt 0.7557730078697205 0.7006080150604248
vt 0.7514039874076843 0.7560330033302307
vt 0.7532550096511841 0.7671499848365784
vt 0.7541589736938477 0.7669309973716736
vt 0.7572950124740601 0.6923810243606567
vt 0.7560210227966309 0.6920369863510132
vt 0.7557730078697205 0.7006080150604248
vt 0.7557730078697205 0.7006080150604248
vt 0.7560210227966309 0.6920369863510132
vt 0.7518789768218994 0.7112600207328796
vt 0.7557730078697205 0.7006080150604248
vt 0.7518789768218994 0.7112600207328796
vt 0.7537189722061157 0.7115269899368286
vt 0.7537189722061157 0.7115269899368286
vt 0.7518789768218994 0.7112600207328796
vt 0.7505810260772705 0.7224159836769104
vt 0.7537189722061157 0.7115269899368286
vt 0.7505810260772705 0.7224159836769104
vt 0.752435028553009 0.7225580215454102
vt 0.752435028553009 0.7225580215454102
vt 0.7505810260772705 0.7224159836769104
vt 0.7500680088996887 0.7336329817771912
vt 0.752435028553009 0.7225580215454102
vt 0.7500680088996887 0.7336329817771912
vt 0.7519279718399048 0.7336490154266357
vt 0.7519279718399048 0.7336490154266357
vt 0.7500680088996887 0.7336329817771912
vt 0.7503430247306824 0.7448559999465942
vt 0.7519279718399048 0.7336490154266357
vt 0.7503430247306824 0.7448559999465942
vt 0.7522000074386597 0.7447460293769836
vt 0.7522000074386597 0.7447460293769836
vt 0.7503430247306824 0.7448559999465942
vt 0.7514039874076843 0.7560330033302307
vt 0.7522000074386597 0.7447460293769836
vt 0.7514039874076843 0.7560330033302307
vt 0.7532489895820618 0.7557979822158813
vt 0.7532489895820618 0.7557979822158813
vt 0.7514039874076843 0.7560330033302307
vt 0.7541589736938477 0.7669309973716736
vt 0.7532489895820618 0.7557979822158813
vt 0.7541589736938477 0.7669309973716736
vt 0.7550709843635559 0.7667509913444519
vt 0.7583600282669067 0.6847509741783142
vt 0.7560210227966309 0.6920369863510132
vt 0.7599719762802124 0.6850860118865967
vt 0.7599719762802124 0.6850860118865967
vt 0.7560210227966309 0.6920369863510132
vt 0.7572950124740601 0.6923810243606567
vt 0.7599719762802124 0.6850860118865967
vt 0.7572950124740601 0.6923810243606567
vt 0.7578139901161194 0.692520022392273
vt 0.7583600282669067 0.6847509741783142
vt 0.7599719762802124 0.6850860118865967
vt 0.7607309818267822 0.6773830056190491
vt 0.7679499983787537 0.640175998210907
vt 0.7669690251350403 0.6307039856910706
vt 0.7656980156898499 0.6528139710426331
vt 0.7599719762802124 0.6850860118865967
vt 0.7624559998512268 0.6773650050163269
vt 0.7644450068473816 0.6687009930610657
vt 0.7599719762802124 0.6850860118865967
vt 0.7644450068473816 0.6687009930610657
vt 0.7607309818267822 0.6773830056190491
vt 0.7607309818267822 0.6773830056190491
vt 0.7644450068473816 0.6687009930610657
vt 0.7663000226020813 0.6592249870300293
vt 0.7607309818267822 0.6773830056190491
vt 0.7663000226020813 0.6592249870300293
vt 0.7656980156898499 0.6528139710426331
vt 0.7656980156898499 0.6528139710426331
vt 0.7663000226020813 0.6592249870300293
vt 0.7679499983787537 0.640175998210907
vt 0.7669690251350403 0.6307039856910706
vt 0.7679499983787537 0.640175998210907
vt 0.7686259746551514 0.6277740001678467
vt 0.7686259746551514 0.6277740001678467
vt 0.7679499983787537 0.640175998210907
vt 0.7685890197753906 0.6398580074310303
vt 0.7685890197753906 0.6398580074310303
vt 0.7679499983787537 0.640175998210907
vt 0.7678400278091431 0.6494920253753662
vt 0.7678400278091431 0.6494920253753662
vt 0.7679499983787537 0.640175998210907
vt 0.7663000226020813 0.6592249870300293
vt 0.7669079899787903 0.6278150081634521
vt 0.7669690251350403 0.6307039856910706
vt 0.7686259746551514 0.6277740001678467
vt 0.7686349749565125 0.623947024345398
vt 0.7675020098686218 0.6116719841957092
vt 0.7686259746551514 0.6277740001678467
vt 0.7686259746551514 0.6277740001678467
vt 0.7675020098686218 0.6116719841957092
vt 0.7669079899787903 0.6278150081634521
vt 0.7669079899787903 0.6278150081634521
vt 0.7675020098686218 0.6116719841957092
vt 0.7664080262184143 0.6118000149726868
vt 0.7637900114059448 0.5984029769897461
vt 0.7607319951057434 0.5927579998970032
vt 0.7627840042114258 0.5988439917564392
vt 0.7627840042114258 0.5988439917564392
vt 0.7607319951057434 0.5927579998970032
vt 0.7545409798622131 0.5873720049858093
vt 0.7675020098686218 0.6116719841957092
vt 0.766290009021759 0.6053869724273682
vt 0.7664080262184143 0.6118000149726868
vt 0.766290009021759 0.6053869724273682
vt 0.7637900114059448 0.5984029769897461
vt 0.7627840042114258 0.5988439917564392
vt 0.766290009021759 0.6053869724273682
vt 0.7627840042114258 0.5988439917564392
vt 0.7664080262184143 0.6118000149726868
vt 0.6626409888267517 0.5810139775276184
vt 0.6548920273780823 0.5867829918861389
vt 0.6556569933891296 0.5875800251960754
vt 0.7393149733543396 0.5759789943695068
vt 0.7323070168495178 0.5749930143356323
vt 0.7459509968757629 0.5805370211601257
vt 0.7323070168495178 0.5749930143356323
vt 0.7393149733543396 0.5759789943695068
vt 0.7309529781341553 0.5738189816474915
vt 0.7323070168495178 0.5749930143356323
vt 0.7309529781341553 0.5738189816474915
vt 0.717752993106842 0.573635995388031
vt 0.6947100162506104 0.5742589831352234
vt 0.6833860278129578 0.5747219920158386
vt 0.6727200150489807 0.57819002866745
vt 0.7459509968757629 0.5805370211601257
vt 0.7545409798622131 0.5873720049858093
vt 0.7553480267524719 0.5866140127182007
vt 0.6556569933891296 0.5875800251960754
vt 0.6727200150489807 0.57819002866745
vt 0.6626409888267517 0.5810139775276184
vt 0.6626409888267517 0.5810139775276184
vt 0.6727200150489807 0.57819002866745
vt 0.6722750067710876 0.5768409967422485
vt 0.6722750067710876 0.5768409967422485
vt 0.6727200150489807 0.57819002866745
vt 0.6833860278129578 0.5747219920158386
vt 0.6833860278129578 0.5747219920158386
vt 0.6947100162506104 0.5742589831352234
vt 0.697513997554779 0.5731229782104492
vt 0.697513997554779 0.5731229782104492
vt 0.6947100162506104 0.5742589831352234
vt 0.717752993106842 0.573635995388031
vt 0.697513997554779 0.5731229782104492
vt 0.717752993106842 0.573635995388031
vt 0.7177839875221252 0.5727099776268005
vt 0.7177839875221252 0.5727099776268005
vt 0.717752993106842 0.573635995388031
vt 0.7309529781341553 0.5738189816474915
vt 0.6463649868965149 0.5997980237007141
vt 0.6556569933891296 0.5875800251960754
vt 0.6490049958229065 0.5942220091819763
vt 0.6490049958229065 0.5942220091819763
vt 0.6556569933891296 0.5875800251960754
vt 0.6548920273780823 0.5867829918861389
vt 0.6490049958229065 0.5942220091819763
vt 0.6548920273780823 0.5867829918861389
vt 0.6483299732208252 0.593766987323761
vt 0.6624299883842468 0.5806630253791809
vt 0.6548920273780823 0.5867829918861389
vt 0.6626409888267517 0.5810139775276184
vt 0.667248010635376 0.578370988368988
vt 0.6626409888267517 0.5810139775276184
vt 0.6722750067710876 0.5768409967422485
vt 0.7607319951057434 0.5927579998970032
vt 0.7556480169296265 0.5863310098648071
vt 0.7553480267524719 0.5866140127182007
vt 0.7553480267524719 0.5866140127182007
vt 0.7556480169296265 0.5863310098648071
vt 0.7469519972801208 0.5791119933128357
vt 0.7553480267524719 0.5866140127182007
vt 0.7469519972801208 0.5791119933128357
vt 0.7459509968757629 0.5805370211601257
vt 0.7459509968757629 0.5805370211601257
vt 0.7469519972801208 0.5791119933128357
vt 0.7393149733543396 0.5759789943695068
vt 0.7393149733543396 0.5759789943695068
vt 0.7310850024223328 0.5730239748954773
vt 0.7309529781341553 0.5738189816474915
vt 0.7309529781341553 0.5738189816474915
vt 0.7310850024223328 0.5730239748954773
vt 0.7178109884262085 0.5719059705734253
vt 0.7309529781341553 0.5738189816474915
vt 0.7178109884262085 0.5719059705734253
vt 0.7177839875221252 0.5727099776268005
vt 0.7177839875221252 0.5727099776268005
vt 0.7178109884262085 0.5719059705734253
vt 0.697513997554779 0.5731229782104492
vt 0.6463649868965149 0.5997980237007141
vt 0.6490049958229065 0.5942220091819763
vt 0.6457229852676392 0.5996050238609314
vt 0.6457229852676392 0.5996050238609314
vt 0.6490049958229065 0.5942220091819763
vt 0.6483299732208252 0.593766987323761
vt 0.6517239809036255 0.5893920063972473
vt 0.6483299732208252 0.593766987323761
vt 0.6548920273780823 0.5867829918861389
vt 0.6517239809036255 0.5893920063972473
vt 0.6548920273780823 0.5867829918861389
vt 0.6624299883842468 0.5806630253791809
vt 0.6624299883842468 0.5806630253791809
vt 0.6626409888267517 0.5810139775276184
vt 0.667248010635376 0.578370988368988
vt 0.6760389804840088 0.5754410028457642
vt 0.667248010635376 0.578370988368988
vt 0.6722750067710876 0.5768409967422485
vt 0.6760389804840088 0.5754410028457642
vt 0.6722750067710876 0.5768409967422485
vt 0.6832470297813416 0.573930025100708
vt 0.6897119879722595 0.5730130076408386
vt 0.6832470297813416 0.573930025100708
vt 0.6974599957466125 0.5723199844360352
vt 0.7178109884262085 0.5719059705734253
vt 0.7310850024223328 0.5730239748954773
vt 0.7181980013847351 0.5718219876289368
vt 0.7469519972801208 0.5791119933128357
vt 0.7396510243415833 0.5751399993896484
vt 0.7393149733543396 0.5759789943695068
vt 0.7393149733543396 0.5759789943695068
vt 0.7396510243415833 0.5751399993896484
vt 0.7310850024223328 0.5730239748954773
vt 0.7178109884262085 0.5719059705734253
vt 0.6974599957466125 0.5723199844360352
vt 0.697513997554779 0.5731229782104492
vt 0.697513997554779 0.5731229782104492
vt 0.6974599957466125 0.5723199844360352
vt 0.6832470297813416 0.573930025100708
vt 0.697513997554779 0.5731229782104492
vt 0.6832470297813416 0.573930025100708
vt 0.6833860278129578 0.5747219920158386
vt 0.6833860278129578 0.5747219920158386
vt 0.6832470297813416 0.573930025100708
vt 0.6722750067710876 0.5768409967422485
vt 0.7607319951057434 0.5927579998970032
vt 0.7553480267524719 0.5866140127182007
vt 0.7545409798622131 0.5873720049858093
vt 0.6405460238456726 0.6222479939460754
vt 0.6398640275001526 0.6330090165138245
vt 0.6416410207748413 0.6223610043525696
vt 0.6416410207748413 0.6223610043525696
vt 0.6398640275001526 0.6330090165138245
vt 0.6416090130805969 0.6330369710922241
vt 0.6457229852676392 0.5996050238609314
vt 0.642549991607666 0.609919011592865
vt 0.6429700255393982 0.6100059747695923
vt 0.6457229852676392 0.5996050238609314
vt 0.6429700255393982 0.6100059747695923
vt 0.6463649868965149 0.5997980237007141
vt 0.6463649868965149 0.5997980237007141
vt 0.6429700255393982 0.6100059747695923
vt 0.6442559957504272 0.6102740168571472
vt 0.642549991607666 0.609919011592865
vt 0.6405460238456726 0.6222479939460754
vt 0.6429700255393982 0.6100059747695923
vt 0.6429700255393982 0.6100059747695923
vt 0.6405460238456726 0.6222479939460754
vt 0.6416410207748413 0.6223610043525696
vt 0.6429700255393982 0.6100059747695923
vt 0.6416410207748413 0.6223610043525696
vt 0.6442559957504272 0.6102740168571472
vt 0.6442559957504272 0.6102740168571472
vt 0.6416410207748413 0.6223610043525696
vt 0.6416090130805969 0.6330369710922241
vt 0.7669079899787903 0.6278150081634521
vt 0.7323070168495178 0.5749930143356323
vt 0.717752993106842 0.573635995388031
vt 0.717752993106842 0.573635995388031
vt 0.6947100162506104 0.5742589831352234
vt 0.7669079899787903 0.6278150081634521
vt 0.7669079899787903 0.6278150081634521
vt 0.6947100162506104 0.5742589831352234
vt 0.6416090130805969 0.6330369710922241
vt 0.6416090130805969 0.6330369710922241
vt 0.6947100162506104 0.5742589831352234
vt 0.6727200150489807 0.57819002866745
vt 0.6727200150489807 0.57819002866745
vt 0.6442559957504272 0.6102740168571472
vt 0.6416090130805969 0.6330369710922241
vt 0.7545409798622131 0.5873720049858093
vt 0.7669079899787903 0.6278150081634521
vt 0.7664080262184143 0.6118000149726868
vt 0.6442559957504272 0.6102740168571472
vt 0.6727200150489807 0.57819002866745
vt 0.6556569933891296 0.5875800251960754
vt 0.6442559957504272 0.6102740168571472
vt 0.6556569933891296 0.5875800251960754
vt 0.6463649868965149 0.5997980237007141
vt 0.7545409798622131 0.5873720049858093
vt 0.7664080262184143 0.6118000149726868
vt 0.7627840042114258 0.5988439917564392
vt 0.7545409798622131 0.5873720049858093
vt 0.7459509968757629 0.5805370211601257
vt 0.7669079899787903 0.6278150081634521
vt 0.7459509968757629 0.5805370211601257
vt 0.7323070168495178 0.5749930143356323
vt 0.7669079899787903 0.6278150081634521
vt 0.7669079899787903 0.6278150081634521
vt 0.6416090130805969 0.6330369710922241
vt 0.7669690251350403 0.6307039856910706
vt 0.7669690251350403 0.6307039856910706
vt 0.6416090130805969 0.6330369710922241
vt 0.6416140198707581 0.6359279751777649
vt 0.6487330198287964 0.6820499897003174
vt 0.7607309818267822 0.6773830056190491
vt 0.6470860242843628 0.6729400157928467
vt 0.6470860242843628 0.6729400157928467
vt 0.7607309818267822 0.6773830056190491
vt 0.7656980156898499 0.6528139710426331
vt 0.6470860242843628 0.6729400157928467
vt 0.7656980156898499 0.6528139710426331
vt 0.7669690251350403 0.6307039856910706
vt 0.6470860242843628 0.6729400157928467
vt 0.7669690251350403 0.6307039856910706
vt 0.642490029335022 0.6500179767608643
vt 0.642490029335022 0.6500179767608643
vt 0.7669690251350403 0.6307039856910706
vt 0.6416140198707581 0.6359279751777649
vt 0.7607319951057434 0.5927579998970032
vt 0.7582520246505737 0.5893639922142029
vt 0.7556480169296265 0.5863310098648071
vt 0.7556480169296265 0.5863310098648071
vt 0.7502520084381104 0.5815579891204834
vt 0.7469519972801208 0.5791119933128357
vt 0.7469519972801208 0.5791119933128357
vt 0.7502520084381104 0.5815579891204834
vt 0.7430809736251831 0.5767940282821655
vt 0.7469519972801208 0.5791119933128357
vt 0.7430809736251831 0.5767940282821655
vt 0.7396510243415833 0.5751399993896484
vt 0.7396510243415833 0.5751399993896484
vt 0.7350990176200867 0.5737230181694031
vt 0.7310850024223328 0.5730239748954773
vt 0.7310850024223328 0.5730239748954773
vt 0.7350990176200867 0.5737230181694031
vt 0.7181980013847351 0.5718219876289368
vt 0.7178109884262085 0.5719059705734253
vt 0.7181980013847351 0.5718219876289368
vt 0.7083349823951721 0.5718629956245422
vt 0.7178109884262085 0.5719059705734253
vt 0.7083349823951721 0.5718629956245422
vt 0.6974599957466125 0.5723199844360352
vt 0.6974599957466125 0.5723199844360352
vt 0.7083349823951721 0.5718629956245422
vt 0.6897119879722595 0.5730130076408386
vt 0.6760389804840088 0.5754410028457642
vt 0.6660100221633911 0.5789210200309753
vt 0.667248010635376 0.578370988368988
vt 0.667248010635376 0.578370988368988
vt 0.6660100221633911 0.5789210200309753
vt 0.6624299883842468 0.5806630253791809
vt 0.6624299883842468 0.5806630253791809
vt 0.6660100221633911 0.5789210200309753
vt 0.6583430171012878 0.5838810205459595
vt 0.6624299883842468 0.5806630253791809
vt 0.6583430171012878 0.5838810205459595
vt 0.6517239809036255 0.5893920063972473
vt 0.6483299732208252 0.593766987323761
vt 0.6517239809036255 0.5893920063972473
vt 0.646826982498169 0.5961300134658813
vt 0.6483299732208252 0.593766987323761
vt 0.646826982498169 0.5961300134658813
vt 0.6457229852676392 0.5996050238609314
vt 0.6457229852676392 0.5996050238609314
vt 0.646826982498169 0.5961300134658813
vt 0.6453139781951904 0.599481999874115
vt 0.7582520246505737 0.5893639922142029
vt 0.7607319951057434 0.5927579998970032
vt 0.7637900114059448 0.5984029769897461
vt 0.7637900114059448 0.5984029769897461
vt 0.7607319951057434 0.5927579998970032
vt 0.7637900114059448 0.5984029769897461
vt 0.766290009021759 0.6053869724273682
vt 0.7637900114059448 0.5984029769897461
vt 0.766290009021759 0.6053869724273682
vt 0.766290009021759 0.6053869724273682
vt 0.766290009021759 0.6053869724273682
vt 0.7675020098686218 0.6116719841957092
vt 0.7675020098686218 0.6116719841957092
vt 0.766290009021759 0.6053869724273682
vt 0.7675020098686218 0.6116719841957092
vt 0.7619959712028503 0.6790400147438049
vt 0.7624559998512268 0.6773650050163269
vt 0.7599719762802124 0.6850860118865967
vt 0.7624559998512268 0.6773650050163269
vt 0.7619959712028503 0.6790400147438049
vt 0.7644450068473816 0.6687009930610657
vt 0.7644450068473816 0.6687009930610657
vt 0.7619959712028503 0.6790400147438049
vt 0.7644479870796204 0.6697080135345459
vt 0.7644450068473816 0.6687009930610657
vt 0.7644479870796204 0.6697080135345459
vt 0.7663000226020813 0.6592249870300293
vt 0.7663000226020813 0.6592249870300293
vt 0.7644479870796204 0.6697080135345459
vt 0.7663599848747253 0.660256028175354
vt 0.7663000226020813 0.6592249870300293
vt 0.7663599848747253 0.660256028175354
vt 0.7678400278091431 0.6494920253753662
vt 0.7675020098686218 0.6116719841957092
vt 0.7675020098686218 0.6116719841957092
vt 0.7686349749565125 0.623947024345398
vt 0.7686349749565125 0.623947024345398
vt 0.7686259746551514 0.6277740001678467
vt 0.7686840295791626 0.6313080191612244
vt 0.7686840295791626 0.6313080191612244
vt 0.7686259746551514 0.6277740001678467
vt 0.7684239745140076 0.6408330202102661
vt 0.7684239745140076 0.6408330202102661
vt 0.7686259746551514 0.6277740001678467
vt 0.7685890197753906 0.6398580074310303
vt 0.7684239745140076 0.6408330202102661
vt 0.7685890197753906 0.6398580074310303
vt 0.7679420113563538 0.6487399935722351
vt 0.7679420113563538 0.6487399935722351
vt 0.7685890197753906 0.6398580074310303
vt 0.7678400278091431 0.6494920253753662
vt 0.7679420113563538 0.6487399935722351
vt 0.7678400278091431 0.6494920253753662
vt 0.7663599848747253 0.660256028175354
vt 0.7558500170707703 0.7776319980621338
vt 0.76009601354599 0.7907459735870361
vt 0.7570930123329163 0.7774310111999512
vt 0.7570930123329163 0.7774310111999512
vt 0.76009601354599 0.7907459735870361
vt 0.7612670063972473 0.7903730273246765
vt 0.7570930123329163 0.7774310111999512
vt 0.7612670063972473 0.7903730273246765
vt 0.7576619982719421 0.7775729894638062
vt 0.7576619982719421 0.7775729894638062
vt 0.7612670063972473 0.7903730273246765
vt 0.7618330121040344 0.7904629707336426
vt 0.7671589851379395 0.8031110167503357
vt 0.7618330121040344 0.7904629707336426
vt 0.7612670063972473 0.7903730273246765
vt 0.7671589851379395 0.8031110167503357
vt 0.7612670063972473 0.7903730273246765
vt 0.7713009715080261 0.8137930035591125
vt 0.7713009715080261 0.8137930035591125
vt 0.7612670063972473 0.7903730273246765
vt 0.7654550075531006 0.8034600019454956
vt 0.7654550075531006 0.8034600019454956
vt 0.7612670063972473 0.7903730273246765
vt 0.76009601354599 0.7907459735870361
vt 0.7818679809570312 0.847091019153595
vt 0.7791799902915955 0.8359799981117249
vt 0.7801799774169922 0.8471630215644836
vt 0.7791799902915955 0.8359799981117249
vt 0.7759259939193726 0.8248720169067383
vt 0.7753589749336243 0.8247619867324829
vt 0.7791799902915955 0.8359799981117249
vt 0.7753589749336243 0.8247619867324829
vt 0.7801799774169922 0.8471630215644836
vt 0.7759259939193726 0.8248720169067383
vt 0.7718639969825745 0.8138669729232788
vt 0.7753589749336243 0.8247619867324829
vt 0.7753589749336243 0.8247619867324829
vt 0.7718639969825745 0.8138669729232788
vt 0.7713009715080261 0.8137930035591125
vt 0.7753589749336243 0.8247619867324829
vt 0.7713009715080261 0.8137930035591125
vt 0.7701169848442078 0.8141189813613892
vt 0.7753589749336243 0.8247619867324829
vt 0.7701169848442078 0.8141189813613892
vt 0.7801799774169922 0.8471630215644836
vt 0.7654550075531006 0.8034600019454956
vt 0.7701169848442078 0.8141189813613892
vt 0.7713009715080261 0.8137930035591125
vt 0.7671589851379395 0.8031110167503357
vt 0.7713009715080261 0.8137930035591125
vt 0.7718639969825745 0.8138669729232788
vt 0.7853549718856812 0.8703749775886536
vt 0.7853549718856812 0.8703749775886536
vt 0.7840849757194519 0.8596130013465881
vt 0.7840849757194519 0.8596130013465881
vt 0.7853549718856812 0.8703749775886536
vt 0.7831519842147827 0.8538150191307068
vt 0.7840849757194519 0.8596130013465881
vt 0.7831519842147827 0.8538150191307068
vt 0.7818679809570312 0.847091019153595
vt 0.7818679809570312 0.847091019153595
vt 0.7831519842147827 0.8538150191307068
vt 0.782139003276825 0.8484479784965515
vt 0.7818679809570312 0.847091019153595
vt 0.782139003276825 0.8484479784965515
vt 0.7794849872589111 0.8366490006446838
vt 0.7671070098876953 0.8033329844474792
vt 0.7671589851379395 0.8031110167503357
vt 0.7719359993934631 0.8140460252761841
vt 0.7719359993934631 0.8140460252761841
vt 0.7671589851379395 0.8031110167503357
vt 0.7718639969825745 0.8138669729232788
vt 0.7719359993934631 0.8140460252761841
vt 0.7718639969825745 0.8138669729232788
vt 0.776049017906189 0.8252379894256592
vt 0.776049017906189 0.8252379894256592
vt 0.7718639969825745 0.8138669729232788
vt 0.7759259939193726 0.8248720169067383
vt 0.776049017906189 0.8252379894256592
vt 0.7759259939193726 0.8248720169067383
vt 0.7794849872589111 0.8366490006446838
vt 0.7794849872589111 0.8366490006446838
vt 0.7759259939193726 0.8248720169067383
vt 0.7791799902915955 0.8359799981117249
vt 0.7794849872589111 0.8366490006446838
vt 0.7791799902915955 0.8359799981117249
vt 0.7818679809570312 0.847091019153595
vt 0.7801799774169922 0.8471630215644836
vt 0.7805439829826355 0.849265992641449
vt 0.7818679809570312 0.847091019153595
vt 0.7853549718856812 0.8703749775886536
vt 0.7840849757194519 0.8596130013465881
vt 0.7843520045280457 0.870464026927948
vt 0.7843520045280457 0.870464026927948
vt 0.7840849757194519 0.8596130013465881
vt 0.7805439829826355 0.849265992641449
vt 0.7805439829826355 0.849265992641449
vt 0.7840849757194519 0.8596130013465881
vt 0.7818679809570312 0.847091019153595
vt 0.7831519842147827 0.8538150191307068
vt 0.7853549718856812 0.8703749775886536
vt 0.7843520045280457 0.870464026927948
vt 0.7831519842147827 0.8538150191307068
vt 0.7843520045280457 0.870464026927948
vt 0.7814589738845825 0.8541060090065002
vt 0.7814589738845825 0.8541060090065002
vt 0.7843520045280457 0.870464026927948
vt 0.7842789888381958 0.8864020109176636
vt 0.7842789888381958 0.8864020109176636
vt 0.7843520045280457 0.870464026927948
vt 0.7859969735145569 0.8864160180091858
vt 0.7843520045280457 0.870464026927948
vt 0.7853549718856812 0.8703749775886536
vt 0.7859969735145569 0.8864160180091858
vt 0.7859969735145569 0.8864160180091858
vt 0.7850300073623657 0.9024440050125122
vt 0.7846289873123169 0.9024029970169067
vt 0.7846289873123169 0.9024029970169067
vt 0.7850300073623657 0.9024440050125122
vt 0.7824620008468628 0.9183030128479004
vt 0.7846289873123169 0.9024029970169067
vt 0.7824620008468628 0.9183030128479004
vt 0.7820680141448975 0.9182230234146118
vt 0.7820680141448975 0.9182230234146118
vt 0.7824620008468628 0.9183030128479004
vt 0.7796369791030884 0.9300320148468018
vt 0.7820680141448975 0.9182230234146118
vt 0.7796369791030884 0.9300320148468018
vt 0.7779340147972107 0.9337210059165955
vt 0.7779340147972107 0.9337210059165955
vt 0.7796369791030884 0.9300320148468018
vt 0.7726399898529053 0.9489009976387024
vt 0.7779340147972107 0.9337210059165955
vt 0.7726399898529053 0.9489009976387024
vt 0.771714985370636 0.9485139846801758
vt 0.7842789888381958 0.8864020109176636
vt 0.7859969735145569 0.8864160180091858
vt 0.7846289873123169 0.9024029970169067
vt 0.7842789888381958 0.8864020109176636
vt 0.7846289873123169 0.9024029970169067
vt 0.7820680141448975 0.9182230234146118
vt 0.7842789888381958 0.8864020109176636
vt 0.7820680141448975 0.9182230234146118
vt 0.7766799926757812 0.9333339929580688
vt 0.7766799926757812 0.9333339929580688
vt 0.7820680141448975 0.9182230234146118
vt 0.7779340147972107 0.9337210059165955
vt 0.7766799926757812 0.9333339929580688
vt 0.7779340147972107 0.9337210059165955
vt 0.771714985370636 0.9485139846801758
vt 0.7766799926757812 0.9333339929580688
vt 0.771714985370636 0.9485139846801758
vt 0.7662109732627869 0.9571740031242371
vt 0.7726399898529053 0.9489009976387024
vt 0.7677710056304932 0.9581680297851562
vt 0.7673140168190002 0.9578760266304016
vt 0.7726399898529053 0.9489009976387024
vt 0.7673140168190002 0.9578760266304016
vt 0.771714985370636 0.9485139846801758
vt 0.771714985370636 0.9485139846801758
vt 0.7673140168190002 0.9578760266304016
vt 0.7662109732627869 0.9571740031242371
vt 0.7673140168190002 0.9578760266304016
vt 0.7677710056304932 0.9581680297851562
vt 0.7608439922332764 0.9660429954528809
vt 0.7673140168190002 0.9578760266304016
vt 0.7608439922332764 0.9660429954528809
vt 0.7662109732627869 0.9571740031242371
vt 0.7608439922332764 0.9660429954528809
vt 0.7533789873123169 0.9734299778938293
vt 0.7530490159988403 0.9730049967765808
vt 0.7608439922332764 0.9660429954528809
vt 0.7530490159988403 0.9730049967765808
vt 0.7662109732627869 0.9571740031242371
vt 0.7662109732627869 0.9571740031242371
vt 0.7530490159988403 0.9730049967765808
vt 0.7435529828071594 0.9774090051651001
vt 0.7530490159988403 0.9730049967765808
vt 0.7443450093269348 0.9789069890975952
vt 0.7435529828071594 0.9774090051651001
vt 0.7726399898529053 0.9489009976387024
vt 0.7726399898529053 0.9489009976387024
vt 0.7677710056304932 0.9581680297851562
vt 0.7677710056304932 0.9581680297851562
vt 0.7726399898529053 0.9489009976387024
vt 0.7673140168190002 0.9578760266304016
vt 0.7608439922332764 0.9660429954528809
vt 0.7677710056304932 0.9581680297851562
vt 0.761139988899231 0.9663119912147522
vt 0.7608439922332764 0.9660429954528809
vt 0.761139988899231 0.9663119912147522
vt 0.7533789873123169 0.9734299778938293
vt 0.7530490159988403 0.9730049967765808
vt 0.7533789873123169 0.9734299778938293
vt 0.7443450093269348 0.9789069890975952
vt 0.7443450093269348 0.9789069890975952
vt 0.7533789873123169 0.9734299778938293
vt 0.7443450093269348 0.9789069890975952
vt 0.7726399898529053 0.9489009976387024
vt 0.7726399898529053 0.9489009976387024
vt 0.7783190011978149 0.9338380098342896
vt 0.7783190011978149 0.9338380098342896
vt 0.7726399898529053 0.9489009976387024
vt 0.7796369791030884 0.9300320148468018
vt 0.7783190011978149 0.9338380098342896
vt 0.7796369791030884 0.9300320148468018
vt 0.7824620008468628 0.9183030128479004
vt 0.7824620008468628 0.9183030128479004
vt 0.7796369791030884 0.9300320148468018
vt 0.7824620008468628 0.9183030128479004
vt 0.7824620008468628 0.9183030128479004
vt 0.7824620008468628 0.9183030128479004
vt 0.7850300073623657 0.9024440050125122
vt 0.7824620008468628 0.9183030128479004
vt 0.7850300073623657 0.9024440050125122
vt 0.7850300073623657 0.9024440050125122
vt 0.7850300073623657 0.9024440050125122
vt 0.7850300073623657 0.9024440050125122
vt 0.7860479950904846 0.8904359936714172
vt 0.7860479950904846 0.8904359936714172
vt 0.7850300073623657 0.9024440050125122
vt 0.7859969735145569 0.8864160180091858
vt 0.7860479950904846 0.8904359936714172
vt 0.7859969735145569 0.8864160180091858
vt 0.7853549718856812 0.8703749775886536
vt 0.7853549718856812 0.8703749775886536
vt 0.7859969735145569 0.8864160180091858
vt 0.7853549718856812 0.8703749775886536
vt 0.6876019835472107 0.7638120055198669
vt 0.6893280148506165 0.7656810283660889
vt 0.6904630064964294 0.7677429914474487
vt 0.7006109952926636 0.7632700204849243
vt 0.7023370265960693 0.7651389837265015
vt 0.7034720182418823 0.7672010064125061
vt 0.7153459787368774 0.7645969986915588
vt 0.716480016708374 0.7666590213775635
vt 0.7171270251274109 0.7691019773483276
vt 0.7283549904823303 0.7640550136566162
vt 0.7294890284538269 0.7661169767379761
vt 0.730135977268219 0.768559992313385
vn 0.010270169140193519 0.011939698987652562 0.9998759759159713
vn 0.010270169140193519 0.011939698987652562 0.9998759759159713
vn 0.010270169140193519 0.011939698987652562 0.9998759759159713
vn 0 0 1
vn 0 0 1
vn 0 0 1
vn 0 0 1
vn 0 0 1
vn 0 0 1
vn -6.826080038989177e-7 0 0.9999999999997671
vn -6.826080038989177e-7 0 0.9999999999997671
vn -6.826080038989177e-7 0 0.9999999999997671
vn -1.2208299438043378e-7 0 0.9999999999999927
vn -1.2208299438043378e-7 0 0.9999999999999927
vn -1.2208299438043378e-7 0 0.9999999999999927
vn 0 0 1
vn 0 0 1
vn 0 0 1
vn 5.076900038147215e-7 0 0.9999999999998712
vn 5.076900038147215e-7 0 0.9999999999998712
vn 5.076900038147215e-7 0 0.9999999999998712
vn -0.012783878493802563 0 0.9999182828864847
vn -0.012783878493802563 0 0.9999182828864847
vn -0.012783878493802563 0 0.9999182828864847
vn 0.0004016429603752453 0.02458881779440836 0.9996975686288357
vn 0.0004016429603752453 0.02458881779440836 0.9996975686288357
vn 0.0004016429603752453 0.02458881779440836 0.9996975686288357
vn 0.0358621951912332 0.006958543120093732 0.9993325180507796
vn 0.0358621951912332 0.006958543120093732 0.9993325180507796
vn 0.0358621951912332 0.006958543120093732 0.9993325180507796
vn 0 0 1
vn 0 0 1
vn 0 0 1
vn 0.000001231539954459525 0 0.9999999999992417
vn 0.000001231539954459525 0 0.9999999999992417
vn 0.000001231539954459525 0 0.9999999999992417
vn 0 0 1
vn 0 0 1
vn 0 0 1
vn -0.02215623075292227 0.01378190029843485 0.999659522368985
vn -0.02215623075292227 0.01378190029843485 0.999659522368985
vn -0.02215623075292227 0.01378190029843485 0.999659522368985
vn -0.0030282726234291176 0.009194790301536918 0.9999531416002596
vn -0.0030282726234291176 0.009194790301536918 0.9999531416002596
vn -0.0030282726234291176 0.009194790301536918 0.9999531416002596
vn -0.021014566128140774 -0.008174358140468718 0.999745751618599
vn -0.021014566128140774 -0.008174358140468718 0.999745751618599
vn -0.021014566128140774 -0.008174358140468718 0.999745751618599
vn 0 0 1
vn 0 0 1
vn 0 0 1
vn 0.005393086390047253 -0.02370684746380823 0.9997044063134448
vn 0.005393086390047253 -0.02370684746380823 0.9997044063134448
vn 0.005393086390047253 -0.02370684746380823 0.9997044063134448
vn 0 0 1
vn 0 0 1
vn 0 0 1
vn -2.1475699440997647e-7 0 0.9999999999999769
vn -2.1475699440997647e-7 0 0.9999999999999769
vn -2.1475699440997647e-7 0 0.9999999999999769
vn 0.010065370406987476 -0.07259576888613867 0.997310655041046
vn 0.010065370406987476 -0.07259576888613867 0.997310655041046
vn 0.010065370406987476 -0.07259576888613867 0.997310655041046
vn -0.02570790053073828 -0.0032213919338657192 0.9996643068972255
vn -0.02570790053073828 -0.0032213919338657192 0.9996643068972255
vn -0.02570790053073828 -0.0032213919338657192 0.9996643068972255
vn 0 0 1
vn 0 0 1
vn 0 0 1
vn 0.014601458926943136 -0.021343637450142974 0.9996655673462008
vn 0.014601458926943136 -0.021343637450142974 0.9996655673462008
vn 0.014601458926943136 -0.021343637450142974 0.9996655673462008
vn -0.019095238155743734 -0.014293067981977155 0.9997154995734728
vn -0.019095238155743734 -0.014293067981977155 0.9997154995734728
vn -0.019095238155743734 -0.014293067981977155 0.9997154995734728
vn 0 0 1
vn 0 0 1
vn 0 0 1
vn 0.022296838634265116 -0.014478319436183282 0.9996465521639244
vn 0.022296838634265116 -0.014478319436183282 0.9996465521639244
vn 0.022296838634265116 -0.014478319436183282 0.9996465521639244
vn 0.004737853431926797 -0.014385518295114764 0.9998852982258708
vn 0.004737853431926797 -0.014385518295114764 0.9998852982258708
vn 0.004737853431926797 -0.014385518295114764 0.9998852982258708
vn 0.0025549528461950707 -0.01638548808851675 0.9998624845427769
vn 0.0025549528461950707 -0.01638548808851675 0.9998624845427769
vn 0.0025549528461950707 -0.01638548808851675 0.9998624845427769
vn 0.007673381395262219 -0.018786598078115193 0.9997940702717807
vn 0.007673381395262219 -0.018786598078115193 0.9997940702717807
vn 0.007673381395262219 -0.018786598078115193 0.9997940702717807
vn 0 0 1
vn 0 0 1
vn 0 0 1
vn -0.0000021573000594748746 0 0.9999999999976732
vn -0.0000021573000594748746 0 0.9999999999976732
vn -0.0000021573000594748746 0 0.9999999999976732
vn 0 0 1
vn 0 0 1
vn 0 0 1
vn 0 0 1
vn 0 0 1
vn 0 0 1
vn 0 0 1
vn 0 0 1
vn 0 0 1
vn 0.29503420025344695 0.6042106753778592 0.7401920564557825
vn 0.29503420025344695 0.6042106753778592 0.7401920564557825
vn 0.29503420025344695 0.6042106753778592 0.7401920564557825
vn 0 0 1
vn 0 0 1
vn 0 0 1
vn 0.0000015368500498862019 0 0.9999999999988192
vn 0.0000015368500498862019 0 0.9999999999988192
vn 0.0000015368500498862019 0 0.9999999999988192
vn -0.000004314600118919629 0 0.9999999999906921
vn -0.000004314600118919629 0 0.9999999999906921
vn -0.000004314600118919629 0 0.9999999999906921
vn 0 0 1
vn 0 0 1
vn 0 0 1
vn -2.2008799760441811e-7 0 0.9999999999999758
vn -2.2008799760441811e-7 0 0.9999999999999758
vn -2.2008799760441811e-7 0 0.9999999999999758
vn 0.2950651073628234 0.6043129016467996 0.7400962770614312
vn 0.2950651073628234 0.6043129016467996 0.7400962770614312
vn 0.2950651025867067 0.6043127726557075 0.7400963842910377
vn 0 0 1
vn 0 0 1
vn 0 0 1
vn -0.0000021573000594748746 0 0.9999999999976732
vn -0.0000021573000594748746 0 0.9999999999976732
vn -0.0000021573000594748746 0 0.9999999999976732
vn 0 0 1
vn 0 0 1
vn 0 0 1
vn 0 0 1
vn 0 0 1
vn 0 0 1
vn 0.0000015368500498862019 0 0.9999999999988192
vn 0.0000015368500498862019 0 0.9999999999988192
vn 0.0000015368500498862019 0 0.9999999999988192
vn 0.29510828755860163 0.6044434885226885 0.7399724101591573
vn 0.2950853163426149 0.6043760887255357 0.7400366203478059
vn 0.29510826273565927 0.6044435583261465 0.739972363040112
vn 0 0 1
vn 0 0 1
vn 0 0 1
vn 0 0 1
vn 0 0 1
vn 0 0 1
vn 0 0 1
vn 0 0 1
vn 0 0 1
vn 0 0 1
vn 0 0 1
vn 0 0 1
vn 0.2951306114930355 0.6045113822992713 0.7399080421446784
vn 0.2951307061283076 0.6045113930083221 0.7399079956476645
vn 0.2951307061283076 0.6045113930083221 0.7399079956476645
vn 0 0 1
vn 0 0 1
vn 0 0 1
vn -0.0958910426460743 0 0.9953918363841694
vn -0.0958910426460743 0 0.9953918363841694
vn -0.0958910426460743 0 0.9953918363841694
vn -0.09588943673996694 0 0.9953919910877783
vn -0.09588943673996694 0 0.9953919910877783
vn -0.09588943673996694 0 0.9953919910877783
vn -0.10365719066391285 0 0.994613083979728
vn -0.10365719066391285 0 0.994613083979728
vn -0.10365719066391285 0 0.994613083979728
vn -0.10365759481744466 0 0.9946130418593265
vn -0.10365759481744466 0 0.9946130418593265
vn -0.10365759481744466 0 0.9946130418593265
vn -0.10002759974355317 -0.0005321779823331482 0.9949845205208665
vn -0.10002759974355317 -0.0005321779823331482 0.9949845205208665
vn -0.10002759974355317 -0.0005321779823331482 0.9949845205208665
vn -0.2839787821716325 0.0004700180012808057 0.958830449224155
vn -0.2839787821716325 0.0004700180012808057 0.958830449224155
vn -0.2839787821716325 0.0004700180012808057 0.958830449224155
vn -0.2914881687466564 0 0.956574433842302
vn -0.2914881687466564 0 0.956574433842302
vn -0.2914881687466564 0 0.956574433842302
vn 0.0877223541420231 -0.5303992063526967 0.8431971717719474
vn 0.0877223541420231 -0.5303992063526967 0.8431971717719474
vn 0.0877223541420231 -0.5303992063526967 0.8431971717719474
vn 0.1287029992488423 -0.5792167831726698 0.8049493500062329
vn 0.1287029992488423 -0.5792167831726698 0.8049493500062329
vn 0.1287029992488423 -0.5792167831726698 0.8049493500062329
vn -0.05187803260216835 -0.5815348170260229 0.811865707072197
vn -0.05187803260216835 -0.5815348170260229 0.811865707072197
vn -0.05187803260216835 -0.5815348170260229 0.811865707072197
vn -0.0811198296393625 -0.33533150665857486 0.9386012752395828
vn -0.08111982061644214 -0.3353315597635136 0.9386012570467427
vn -0.08111976140402075 -0.3353315613848807 0.9386012615849889
vn 0.1724399046074345 -0.9025167309829653 0.39462390905113764
vn 0.1724399046074345 -0.9025167309829653 0.39462390905113764
vn 0.1724399046074345 -0.9025167309829653 0.39462390905113764
vn -0.27351310877147994 -0.5715782052160668 0.773620665864182
vn -0.27351310877147994 -0.5715782052160668 0.773620665864182
vn -0.27351310877147994 -0.5715782052160668 0.773620665864182
vn -0.2737758780375703 -0.5685854605456966 0.7757301996575842
vn -0.2737202871392213 -0.5688614101716425 0.7755474843141151
vn -0.2737202722228292 -0.5688614411084497 0.7755474668866363
vn -0.07846688433732599 -0.8402240823712535 0.5365318624888719
vn -0.07846688433732599 -0.8402240823712535 0.5365318624888719
vn -0.07846688433732599 -0.8402240823712535 0.5365318624888719
vn -0.2711579863666016 -0.5713673368872065 0.7746048752544947
vn -0.2711579863666016 -0.5713673368872065 0.7746048752544947
vn -0.2711579863666016 -0.5713673368872065 0.7746048752544947
vn -0.3517926659615519 -0.1491977881600326 0.9241114327741097
vn -0.3517927897949374 -0.14919779012114376 0.9241113853163276
vn -0.3517925935741427 -0.14919779763993074 0.9241114588001668
vn -0.06322549917688429 -0.8445804567048414 0.5316826011880356
vn -0.06322549917688429 -0.8445804567048414 0.5316826011880356
vn -0.06322549917688429 -0.8445804567048414 0.5316826011880356
vn -0.018960708278916043 -0.9372722272530952 0.3480822655085778
vn -0.01896077058667189 -0.9372722091945899 0.3480823107402225
vn -0.01896077058667189 -0.9372722091945899 0.3480823107402225
vn -0.27324476979054424 -0.37045678687446315 0.8877494380965617
vn -0.27324474523009445 -0.3704567641789093 0.8877494551269703
vn -0.27324474523009445 -0.3704567641789093 0.8877494551269703
vn 0.06898420276077202 -0.9206199608652028 0.3843176647332428
vn 0.06898420134572983 -0.9206200015855793 0.38431756744294093
vn 0.06898427186723889 -0.9206199882397641 0.3843175867539285
vn 0.07345960991390829 -0.925924236134574 0.3704969563301462
vn 0.07345960991390829 -0.925924236134574 0.3704969563301462
vn 0.07345960991390829 -0.925924236134574 0.3704969563301462
vn -0.2721278689760357 -0.3611427873179004 0.8919205738712496
vn -0.2721278689760357 -0.3611427873179004 0.8919205738712496
vn -0.2721278689760357 -0.3611427873179004 0.8919205738712496
vn -0.28156921604581303 -0.320031974570528 0.9045984257270379
vn -0.28156921604581303 -0.320031974570528 0.9045984257270379
vn -0.28156921604581303 -0.320031974570528 0.9045984257270379
vn -0.23932961455542967 -0.3924784253420314 0.8880777112605568
vn -0.23932951622193066 -0.3924784351398703 0.8880777334305456
vn -0.23932951622193066 -0.3924784351398703 0.8880777334305456
vn 0.12507990147846837 -0.918327759437042 0.37553847272081037
vn 0.12508007749485808 -0.9183277388976823 0.37553846432150007
vn 0.12507988821031926 -0.9183277714265037 0.3755384478214253
vn 0.12044919255192794 -0.9131145456822554 0.3895045808165508
vn 0.12044919255192794 -0.9131145456822554 0.3895045808165508
vn 0.12044919255192794 -0.9131145456822554 0.3895045808165508
vn -0.2174774751391733 -0.5648240563989488 0.7960385248969596
vn -0.2174774751391733 -0.5648240563989488 0.7960385248969596
vn -0.2174774751391733 -0.5648240563989488 0.7960385248969596
vn -0.08577542100720346 -0.3811297756366991 0.9205339055538132
vn -0.08577542100720346 -0.3811297756366991 0.9205339055538132
vn -0.08577542100720346 -0.3811297756366991 0.9205339055538132
vn -0.07647882445939105 -0.9210269504125186 0.3819166741883966
vn -0.07647882445939105 -0.9210269504125186 0.3819166741883966
vn -0.07647882445939105 -0.9210269504125186 0.3819166741883966
vn -0.11308249554579763 -0.3208552818489566 0.9403532513426861
vn -0.11308269738299424 -0.3208551943473443 0.9403532569268392
vn -0.1130826017640316 -0.32085519786164174 0.9403532672264421
vn -0.026093057711132635 -0.9236519132464279 0.382343164572739
vn -0.026120055595096274 -0.9234680578736009 0.3827851731492077
vn -0.026093120275776673 -0.923651892486294 0.3823432104546407
vn -0.04693978281608808 -0.5845700504612102 0.8099842670650811
vn -0.04693983794164962 -0.5845699814691292 0.8099843136624276
vn -0.04693978281608808 -0.5845700504612102 0.8099842670650811
vn -0.021642439198355106 -0.3822521292457341 0.9238045867566625
vn -0.021642439198355106 -0.3822521292457341 0.9238045867566625
vn -0.021642439198355106 -0.3822521292457341 0.9238045867566625
vn -0.4005285711122176 -0.7272448379259104 0.5573973532704666
vn -0.4005285711122176 -0.7272448379259104 0.5573973532704666
vn -0.4005286001883864 -0.727244777002782 0.557397411864556
vn -0.10319600802548166 -0.7003535494752975 0.7062970265157263
vn -0.10319600802548166 -0.7003535494752975 0.7062970265157263
vn -0.10317218946010612 -0.7002893616567206 0.7063641477824527
vn -0.2928200073670523 -0.9561675811726517 0
vn -0.2928200073670523 -0.9561675811726517 0
vn -0.2928200073670523 -0.9561675811726517 0
vn -0.20730469593889167 -0.6771327085013191 0.706056696108288
vn -0.20730469593889167 -0.6771327085013191 0.706056696108288
vn -0.20730469593889167 -0.6771327085013191 0.706056696108288
vn -0.20205059809804293 -0.5256822747480507 0.8263375229432207
vn -0.20205059809804293 -0.5256822747480507 0.8263375229432207
vn -0.20205059809804293 -0.5256822747480507 0.8263375229432207
vn -0.3512553575490686 0.6924294238912674 0.6302072410903286
vn -0.3512553039957499 0.6924294954248899 0.6302071923427134
vn -0.3512553549436403 0.6924295379644773 0.6302071172064925
vn -0.17030999110590317 0.5455487981318906 0.8205918691934236
vn -0.1701513839766277 0.5451878350644729 0.8208646240571895
vn -0.17030999110590317 0.5455487981318906 0.8205918691934236
vn -0.10466679462436211 -0.11373479220056679 0.9879824184397998
vn -0.104666697586188 -0.11373489631242509 0.9879824167348342
vn -0.104666697586188 -0.11373489631242509 0.9879824167348342
vn -0.3779522846786929 -0.4517860794514556 0.8081097752904859
vn -0.3779522846786929 -0.4517860794514556 0.8081097752904859
vn -0.3779522846786929 -0.4517860794514556 0.8081097752904859
vn -0.1507538822445377 -0.06444000313277429 0.9864688302143398
vn -0.1507538822445377 -0.06444000313277429 0.9864688302143398
vn -0.1507538822445377 -0.06444000313277429 0.9864688302143398
vn -0.7150603906835609 -0.3056985939007438 0.6286787791571953
vn -0.7150603753211581 -0.3056986724195855 0.6286787584501861
vn -0.7151171622236833 -0.30571908003166676 0.6286042382912618
vn -0.339722630315327 0.2646616077531216 0.9025202312597588
vn -0.339722630315327 0.2646616077531216 0.9025202312597588
vn -0.3397225775897405 0.2646616131122665 0.9025202495349319
vn -0.5279098281736131 -0.5699092288589191 0.6296941195367307
vn -0.5279098281736131 -0.5699092288589191 0.6296941195367307
vn -0.5279098281736131 -0.5699092288589191 0.6296941195367307
vn -0.6619370812257374 -0.7146245492212046 0.2261659880458201
vn -0.6619191823623684 -0.7145968142008391 0.22630596358634714
vn -0.6619370812257374 -0.7146245492212046 0.2261659880458201
vn -0.26622757372427036 -0.19687537890946658 0.9435904642206503
vn -0.26622757372427036 -0.19687537890946658 0.9435904642206503
vn -0.26622757372427036 -0.19687537890946658 0.9435904642206503
vn -0.6249965449769803 -0.46219438465770557 0.6290911456678772
vn -0.6249965449769803 -0.46219438465770557 0.6290911456678772
vn -0.6249965449769803 -0.46219438465770557 0.6290911456678772
vn -0.6246016675558541 -0.4616569618537211 0.6298774535244438
vn -0.6246016675558541 -0.4616569618537211 0.6298774535244438
vn -0.6246016675558541 -0.4616569618537211 0.6298774535244438
vn -0.8081447365358392 -0.3188103689389182 0.4952393698671884
vn -0.8081447047512447 -0.3188104693208035 0.4952393571132779
vn -0.8081447047512447 -0.3188104693208035 0.4952393571132779
vn -0.8940719128637221 -0.37587096288987154 0.24363175877632512
vn -0.8940718843980077 -0.3758710057831097 0.24363179706390756
vn -0.8940719128637221 -0.37587096288987154 0.24363175877632512
vn -0.0991111229501733 -0.033620405289886975 0.9945082471531844
vn -0.0991111229501733 -0.033620405289886975 0.9945082471531844
vn -0.0991111229501733 -0.033620405289886975 0.9945082471531844
vn -0.42538839289259883 -0.0647544185882698 0.9026912985431659
vn -0.42538839289259883 -0.0647544185882698 0.9026912985431659
vn -0.42538839289259883 -0.0647544185882698 0.9026912985431659
vn -0.8492013622617715 -0.18200519274943458 0.4957127758541156
vn -0.8492013919591586 -0.1820051693120082 0.4957127335850218
vn -0.8492013622617715 -0.18200519274943458 0.4957127758541156
vn -0.9863850163910598 -0.15555479082845847 0.05336015825991449
vn -0.9863850163910598 -0.15555479082845847 0.05336015825991449
vn -0.9863850163910598 -0.15555479082845847 0.05336015825991449
vn -0.4287412662884498 -0.039617407145189645 0.9025582461162653
vn -0.4287412662884498 -0.039617407145189645 0.9025582461162653
vn -0.4287412662884498 -0.039617407145189645 0.9025582461162653
vn -0.7742229135645472 -0.044150702835536515 0.6313712026619142
vn -0.7742229119091305 -0.04415075116990898 0.631371201311938
vn -0.7742228624622112 -0.04415064744103245 0.6313712692001101
vn -0.8925658686163654 -0.06108908879523062 0.4467597714782315
vn -0.8925658686163654 -0.06108908879523062 0.4467597714782315
vn -0.8925658686163654 -0.06108908879523062 0.4467597714782315
vn -0.7758493237047847 0.01578133701613069 0.6307208386511514
vn -0.7758493237047847 0.01578133701613069 0.6307208386511514
vn -0.7758493237047847 0.01578133701613069 0.6307208386511514
vn -0.7759426827997147 0.015773590645592903 0.630606174127503
vn -0.7759426827997147 0.015773590645592903 0.630606174127503
vn -0.7759426827997147 0.015773590645592903 0.630606174127503
vn -0.21373620767476484 0.0043587680256499395 0.9768816891876458
vn -0.21373620767476484 0.0043587680256499395 0.9768816891876458
vn -0.21373620773072755 0.004358707956484732 0.9768816894434235
vn -0.13883998958252822 -0.0013220309016742755 0.9903139449321202
vn -0.13883998958252822 -0.0013220309016742755 0.9903139449321202
vn -0.13883998958252822 -0.0013220309016742755 0.9903139449321202
vn -0.9848708144606423 0.13523738402396535 0.10835279777645494
vn -0.9848708144606423 0.13523738402396535 0.10835279777645494
vn -0.9848708144606423 0.13523738402396535 0.10835279777645494
vn -0.7690554788987839 0.10559660102570154 0.6303991023372265
vn -0.7690554788987839 0.10559660102570154 0.6303991023372265
vn -0.7690555327525759 0.10559659278548958 0.6303990380185771
vn -0.7687158804199409 0.10549559745566053 0.630830067536154
vn -0.7687158072922528 0.10549548384110022 0.6308301756480522
vn -0.7687158072922528 0.10549548384110022 0.6308301756480522
vn -0.3120632845916276 0.04283039751742804 0.9490953921805668
vn -0.3120632845916276 0.04283039751742804 0.9490953921805668
vn -0.3120632845916276 0.04283039751742804 0.9490953921805668
vn -0.10137299964211664 0.03103475947576478 0.9943642987596856
vn -0.10137299964211664 0.03103475947576478 0.9943642987596856
vn -0.10137299964211664 0.03103475947576478 0.9943642987596856
vn -0.7425174704876347 0.22740440045336777 0.6300436847355023
vn -0.7425174958556996 0.22740442312378714 0.6300436466562603
vn -0.7425174958556996 0.22740442312378714 0.6300436466562603
vn -0.7429405493389091 0.2275742901489917 0.6294833457774578
vn -0.7429405493389091 0.2275742901489917 0.6294833457774578
vn -0.7429405493389091 0.2275742901489917 0.6294833457774578
vn -0.36706020785956445 0.22538999818838729 0.9024777850577442
vn -0.36706020785956445 0.22538999818838729 0.9024777850577442
vn -0.36706020785956445 0.22538999818838729 0.9024777850577442
vn -0.6854624552001554 0.36526339200555247 0.629860204308522
vn -0.6854624552001554 0.36526339200555247 0.629860204308522
vn -0.6854624552001554 0.36526339200555247 0.629860204308522
vn -0.6420410350602787 0.5846038529152644 0.49600568994251876
vn -0.6420410829761498 0.5846037826675279 0.4960057107147359
vn -0.6420410350602787 0.5846038529152644 0.49600568994251876
vn -0.07867155785375148 0.09004699228470868 0.992825425321764
vn -0.07867149861801356 0.09004699270695599 0.9928254299773094
vn -0.07867155785375148 0.09004699228470868 0.992825425321764
vn -0.09709804779950024 0.12172729866544223 0.9878028314765757
vn -0.09709804779950024 0.12172729866544223 0.9878028314765757
vn -0.09709804779950024 0.12172729866544223 0.9878028314765757
vn -0.4847362890462588 0.6076801958790311 0.6290910185482577
vn -0.4847362890462588 0.6076801958790311 0.6290910185482577
vn -0.4847362890462588 0.6076801958790311 0.6290910185482577
vn -0.5608133601137216 0.6630276355823905 0.49586563661135247
vn -0.5608134148474174 0.6630275702190167 0.49586566210683036
vn -0.5608133601137216 0.6630276355823905 0.49586563661135247
vn -0.06107883696258381 0.4674588868742037 0.8819022421774585
vn -0.06107883696258381 0.4674588868742037 0.8819022421774585
vn -0.06107883696258381 0.4674588868742037 0.8819022421774585
vn -0.08707969453875455 0.564888107900945 0.8205599017446122
vn -0.08707969453875455 0.564888107900945 0.8205599017446122
vn -0.08707969453875455 0.564888107900945 0.8205599017446122
vn -0.19555299170962656 0.536733692054146 0.8207776624929188
vn -0.19555299170962656 0.536733692054146 0.8207776624929188
vn -0.19555299170962656 0.536733692054146 0.8207776624929188
vn -0.2084102804289798 0.6725926478824535 0.7100593531712572
vn -0.2084102804289798 0.6725926478824535 0.7100593531712572
vn -0.2084102804289798 0.6725926478824535 0.7100593531712572
vn -0.1503886911594414 0.6880259069258658 0.7099321044791465
vn -0.1503886911594414 0.6880259069258658 0.7099321044791465
vn -0.1503886911594414 0.6880259069258658 0.7099321044791465
vn -0.016146540713951968 0.07389365914708367 0.997135405228812
vn -0.016146540713951968 0.07389365914708367 0.997135405228812
vn -0.016146540713951968 0.07389365914708367 0.997135405228812
vn -0.13713399810699642 0.5585715666774166 0.8180416074153726
vn -0.13713399810699642 0.5585715666774166 0.8180416074153726
vn -0.13713399810699642 0.5585715666774166 0.8180416074153726
vn -0.1819318868056961 0.5788349627244874 0.7948904795574424
vn -0.1819318868056961 0.5788349627244874 0.7948904795574424
vn -0.1819318868056961 0.5788349627244874 0.7948904795574424
vn -0.30309617833387065 0.18622759177497988 0.934586534645719
vn -0.30309617833387065 0.18622759177497988 0.934586534645719
vn -0.3030962045572401 0.18622760447716982 0.934586523610142
vn 0.03856258438867155 0.9952761458680539 -0.08909725333195626
vn 0.0385626476244297 0.9952761434374224 -0.0890972531143658
vn 0.03856258438867155 0.9952761458680539 -0.08909725333195626
vn 0.130748879084376 0.9914143989027121 -0.0014900558892961535
vn 0.130748879084376 0.9914143989027121 -0.0014900558892961535
vn 0.130748879084376 0.9914143989027121 -0.0014900558892961535
vn 0.02768449688694231 0.9996014895293301 0.005516408511107258
vn 0.02768449688694231 0.9996014895293301 0.005516408511107258
vn 0.02768449688694231 0.9996014895293301 0.005516408511107258
vn -0.31644237058058805 0.9372371440077664 -0.14646078653859335
vn -0.31644237058058805 0.9372371440077664 -0.14646078653859335
vn -0.31644237058058805 0.9372371440077664 -0.14646078653859335
vn -0.2958649920853712 0.9549226528192213 -0.02422052004033285
vn -0.29586506289867043 0.9549226293912021 -0.024220578699911975
vn -0.29586499165824354 0.9549226514406403 -0.024220579610009955
vn -0.21348037869200168 0.976658919884828 0.023737778390589607
vn -0.21348037869200168 0.976658919884828 0.023737778390589607
vn -0.21348037869200168 0.976658919884828 0.023737778390589607
vn -0.19768609045479588 0.9790740578927459 -0.04831354677655273
vn -0.19768609045479588 0.9790740578927459 -0.04831354677655273
vn -0.19768609045479588 0.9790740578927459 -0.04831354677655273
vn -0.12948040640213593 0.990959284854299 0.035135738486538094
vn -0.12948040640213593 0.990959284854299 0.035135738486538094
vn -0.12948040640213593 0.990959284854299 0.035135738486538094
vn -0.10274609906674062 0.993441520507819 -0.05017155028181043
vn -0.10274609906674062 0.993441520507819 -0.05017155028181043
vn -0.10274609906674062 0.993441520507819 -0.05017155028181043
vn -0.06553953200170842 0.9977237672323409 0.015869910040787274
vn -0.06553953200170842 0.9977237672323409 0.015869910040787274
vn -0.06553953200170842 0.9977237672323409 0.015869910040787274
vn 0.13418248490992238 0.37531868169341553 -0.9171319141297586
vn 0.13418248490992238 0.37531868169341553 -0.9171319141297586
vn 0.13418248490992238 0.37531868169341553 -0.9171319141297586
vn -0.0052385331253757715 0.5723525996877584 -0.8199908898282706
vn -0.0052385331253757715 0.5723525996877584 -0.8199908898282706
vn -0.005238532582404437 0.5723525316363586 -0.8199909373315257
vn 0.2986940187509798 0.3859578127317379 -0.872822118162528
vn 0.29869407990923014 0.3859577551345837 -0.8728221227023588
vn 0.29869407990923014 0.3859577551345837 -0.8728221227023588
vn 0.28999940653133766 0.5553209990800877 -0.7794350083183106
vn 0.28999940653133766 0.5553209990800877 -0.7794350083183106
vn 0.2899993873335438 0.5553210815274432 -0.7794349567201615
vn 0.08454683982375824 0.9664448883426504 -0.24256155852108532
vn 0.08454678064517833 0.9664448932129358 -0.2425615597434458
vn 0.08454666968533861 0.966444902344712 -0.2425615620353694
vn 0.3319151145076078 0.1333576010482237 -0.9338351605096398
vn 0.3319151682053246 0.1333575837737639 -0.9338351438906413
vn 0.3319151145076078 0.1333576010482237 -0.9338351605096398
vn 0.31549855281084194 0.553567634149631 -0.7707292245634939
vn 0.31549855281084194 0.553567634149631 -0.7707292245634939
vn 0.31549855281084194 0.553567634149631 -0.7707292245634939
vn 0.302819970663589 0.794833251800884 -0.5258708655163695
vn 0.302819970663589 0.794833251800884 -0.5258708655163695
vn 0.302819970663589 0.794833251800884 -0.5258708655163695
vn 0.2572292128578386 0.9033712286039444 -0.34315237924737896
vn 0.2572292128578386 0.9033712286039444 -0.34315237924737896
vn 0.2572292128578386 0.9033712286039444 -0.34315237924737896
vn 0.2873457990524991 0.797401732431481 -0.530643824878942
vn 0.2873457990524991 0.797401732431481 -0.530643824878942
vn 0.2873457990524991 0.797401732431481 -0.530643824878942
vn 0.3519501408074651 0.36971813650437446 -0.8599067379229786
vn 0.3519501005356662 0.3697180957040302 -0.8599067719479361
vn 0.3519501005356662 0.3697180957040302 -0.8599067719479361
vn 0.32785168179002805 0.11165848336516673 -0.9381074873595461
vn 0.32785170784350276 0.11165849698955953 -0.9381074766326782
vn 0.32785170784350276 0.11165849698955953 -0.9381074766326782
vn 0.07261829109978342 0.9396649640199066 -0.33429977444086745
vn 0.07261829109978342 0.9396649640199066 -0.33429977444086745
vn 0.07261829109978342 0.9396649640199066 -0.33429977444086745
vn 0.13513730305776497 0.5617517166139588 -0.8161941669747121
vn 0.13513730305776497 0.5617517166139588 -0.8161941669747121
vn 0.13513730510725036 0.5617517847381015 -0.8161941197484259
vn 0.1803938042744867 0.9117761463311612 -0.36894760381506064
vn 0.18039370598977825 0.9117761610644468 -0.368947615460316
vn 0.18039370598977825 0.9117761610644468 -0.368947615460316
vn 0.159932183515628 0.9337217344630749 -0.3202895865731363
vn 0.159932183515628 0.9337217344630749 -0.3202895865731363
vn 0.15993210938893995 0.9337217366764619 -0.32028961713470544
vn 0.26618960077671844 0.3790450930095603 -0.8862662770881589
vn 0.26618960077671844 0.3790450930095603 -0.8862662770881589
vn 0.26618960077671844 0.3790450930095603 -0.8862662770881589
vn 0.2568666660493383 0.41960347083453936 -0.8706046422666867
vn 0.2568666660493383 0.41960347083453936 -0.8706046422666867
vn 0.2568666660493383 0.41960347083453936 -0.8706046422666867
vn 0.10068640585262306 0.43219490668965577 -0.8961416240237928
vn 0.10068629044561046 0.4321948634062334 -0.8961416578653006
vn 0.10068640585262306 0.43219490668965577 -0.8961416240237928
vn 0.07886992187499196 0 -0.9968849158370452
vn 0.07886992187499196 0 -0.9968849158370452
vn 0.07886992187499196 0 -0.9968849158370452
vn 0.07949978134714161 -0.00011425100123265699 -0.9968348768539681
vn 0.07949978134714161 -0.00011425100123265699 -0.9968348768539681
vn 0.07949978134714161 -0.00011425100123265699 -0.9968348768539681
vn 0.08053801878254442 0 -0.9967515375110202
vn 0.08053801878254442 0 -0.9967515375110202
vn 0.08053801878254442 0 -0.9967515375110202
vn 0.23749247657515746 0.00010501599377384082 -0.9713893722611131
vn 0.23749247657515746 0.00010501599377384082 -0.9713893722611131
vn 0.23749247657515746 0.00010501599377384082 -0.9713893722611131
vn 0.23901549056178298 0 -0.9710157543889338
vn 0.23901549056178298 0 -0.9710157543889338
vn 0.23901549056178298 0 -0.9710157543889338
vn 0 0 -1
vn 0 0 -1
vn 0 0 -1
vn 0 0 -1
vn 0 0 -1
vn 0 0 -1
vn 0 0 -1
vn 0 0 -1
vn 0 0 -1
vn 0 0 -1
vn 0 0 -1
vn 0 0 -1
vn 0 0 -1
vn 0 0 -1
vn 0 0 -1
vn -2.766639966011902e-7 0 -0.9999999999999618
vn -2.766639966011902e-7 0 -0.9999999999999618
vn -2.766639966011902e-7 0 -0.9999999999999618
vn 0 0 -1
vn 0 0 -1
vn 0 0 -1
vn 0 0 -1
vn 0 0 -1
vn 0 0 -1
vn 7.455740274051753e-7 0 -0.9999999999997222
vn 7.455740274051753e-7 0 -0.9999999999997222
vn 7.455740274051753e-7 0 -0.9999999999997222
vn -0.000006594319984144346 0 -0.9999999999782576
vn -0.000006594319984144346 0 -0.9999999999782576
vn -0.000006594319984144346 0 -0.9999999999782576
vn 0 0 -1
vn 0 0 -1
vn 0 0 -1
vn 0.000012013900231110453 0 -0.9999999999278331
vn 0.000012013900231110453 0 -0.9999999999278331
vn 0.000012013900231110453 0 -0.9999999999278331
vn 0 0 -1
vn 0 0 -1
vn 0 0 -1
vn 0 0 -1
vn 0 0 -1
vn 0 0 -1
vn 9.251079973178682e-7 0 -0.9999999999995721
vn 9.251079973178682e-7 0 -0.9999999999995721
vn 9.251079973178682e-7 0 -0.9999999999995721
vn -0.00001777340002892142 0 -0.9999999998420532
vn -0.00001777340002892142 0 -0.9999999998420532
vn -0.00001777340002892142 0 -0.9999999998420532
vn 0.0000052703999244108835 0 -0.9999999999861116
vn 0.0000052703999244108835 0 -0.9999999999861116
vn 0.0000052703999244108835 0 -0.9999999999861116
vn -0.000002203880057999518 0 -0.9999999999975715
vn -0.000002203880057999518 0 -0.9999999999975715
vn -0.000002203880057999518 0 -0.9999999999975715
vn 0.000008025380338691174 0 -0.9999999999677966
vn 0.000008025380338691174 0 -0.9999999999677966
vn 0.000008025380338691174 0 -0.9999999999677966
vn 0 0 -1
vn 0 0 -1
vn 0 0 -1
vn -0.0000020865099941102073 0 -0.9999999999978233
vn -0.0000020865099941102073 0 -0.9999999999978233
vn -0.0000020865099941102073 0 -0.9999999999978233
vn -2.521609872019246e-7 0 -0.9999999999999682
vn -2.521609872019246e-7 0 -0.9999999999999682
vn -2.521609872019246e-7 0 -0.9999999999999682
vn 4.2238698938486657e-7 0 -0.999999999999911
vn 4.2238698938486657e-7 0 -0.999999999999911
vn 4.2238698938486657e-7 0 -0.999999999999911
vn -0.000005672609859084015 0 -0.9999999999839109
vn -0.000005672609859084015 0 -0.9999999999839109
vn -0.000005672609859084015 0 -0.9999999999839109
vn 0.0000012408800102993607 0 -0.9999999999992302
vn 0.0000012408800102993607 0 -0.9999999999992302
vn 0.0000012408800102993607 0 -0.9999999999992302
vn 0.0000067582100198981674 0 -0.9999999999771634
vn 0.0000067582100198981674 0 -0.9999999999771634
vn 0.0000067582100198981674 0 -0.9999999999771634
vn 0 0 -1
vn 0 0 -1
vn 0 0 -1
vn 0 0 -1
vn 0 0 -1
vn 0 0 -1
vn 0 0 -1
vn 0 0 -1
vn 0 0 -1
vn 0.000011352500222706705 0 -0.9999999999355604
vn 0.000011352500222706705 0 -0.9999999999355604
vn 0.000011352500222706705 0 -0.9999999999355604
vn 0 0 -1
vn 0 0 -1
vn 0 0 -1
vn -6.404370083144892e-7 0 -0.999999999999795
vn -6.404370083144892e-7 0 -0.999999999999795
vn -6.404370083144892e-7 0 -0.999999999999795
vn 0 0 -1
vn 0 0 -1
vn 0 0 -1
vn -0.000024418499371673206 0 -0.9999999997018685
vn -0.000024418499371673206 0 -0.9999999997018685
vn -0.000024418499371673206 0 -0.9999999997018685
vn 0 0 -1
vn 0 0 -1
vn 0 0 -1
vn 0 0 -1
vn 0 0 -1
vn 0 0 -1
vn 0 0 -1
vn 0 0 -1
vn 0 0 -1
vn 0 0 -1
vn 0 0 -1
vn 0 0 -1
vn 0 0 -1
vn 0 0 -1
vn 0 0 -1
vn 0 0 -1
vn 0 0 -1
vn 0 0 -1
vn 0 0 -1
vn 0 0 -1
vn 0 0 -1
vn -0.0000016843199546177613 0 -0.9999999999985816
vn -0.0000016843199546177613 0 -0.9999999999985816
vn -0.0000016843199546177613 0 -0.9999999999985816
vn -0.0000010789100315371885 0 -0.999999999999418
vn -0.0000010789100315371885 0 -0.999999999999418
vn -0.0000010789100315371885 0 -0.999999999999418
vn 0.000017940399626991683 0 -0.9999999998390712
vn 0.000017940399626991683 0 -0.9999999998390712
vn 0.000017940399626991683 0 -0.9999999998390712
vn -0.000008056509613845737 0 -0.9999999999675464
vn -0.000008056509613845737 0 -0.9999999999675464
vn -0.000008056509613845737 0 -0.9999999999675464
vn 0 0 -1
vn 0 0 -1
vn 0 0 -1
vn 0.0000025259400899732462 0 -0.9999999999968099
vn 0.0000025259400899732462 0 -0.9999999999968099
vn 0.0000025259400899732462 0 -0.9999999999968099
vn -0.000002286599965367193 0 -0.9999999999973859
vn -0.000002286599965367193 0 -0.9999999999973859
vn -0.000002286599965367193 0 -0.9999999999973859
vn -0.000012014000275527628 0 -0.999999999927832
vn -0.000012014000275527628 0 -0.999999999927832
vn -0.000012014000275527628 0 -0.999999999927832
vn -0.0000015026699884384787 0 -0.9999999999988711
vn -0.0000015026699884384787 0 -0.9999999999988711
vn -0.0000015026699884384787 0 -0.9999999999988711
vn 0 0 -1
vn 0 0 -1
vn 0 0 -1
vn 0 0 -1
vn 0 0 -1
vn 0 0 -1
vn 0 0 -1
vn 0 0 -1
vn 0 0 -1
vn 0 0 -1
vn 0 0 -1
vn 0 0 -1
vn 0 0 -1
vn 0 0 -1
vn 0 0 -1
vn 0 0 -1
vn 0 0 -1
vn 0 0 -1
vn 0 0 -1
vn 0 0 -1
vn 0 0 -1
vn 0.0000052673399294868956 0 -0.9999999999861275
vn 0.0000052673399294868956 0 -0.9999999999861275
vn 0.0000052673399294868956 0 -0.9999999999861275
vn -9.584889539833204e-7 0 -0.9999999999995408
vn -9.584889539833204e-7 0 -0.9999999999995408
vn -9.584889539833204e-7 0 -0.9999999999995408
vn 0.000004810479822425625 0 -0.9999999999884297
vn 0.000004810479822425625 0 -0.9999999999884297
vn 0.000004810479822425625 0 -0.9999999999884297
vn -8.823399753051693e-7 0 -0.9999999999996108
vn -8.823399753051693e-7 0 -0.9999999999996108
vn -8.823399753051693e-7 0 -0.9999999999996108
vn 0 0 -1
vn 0 0 -1
vn 0 0 -1
vn -1.6156900528585327e-7 0 -0.9999999999999869
vn -1.6156900528585327e-7 0 -0.9999999999999869
vn -1.6156900528585327e-7 0 -0.9999999999999869
vn 0 0 -1
vn 0 0 -1
vn 0 0 -1
vn -1.706820000890705e-7 0 -0.9999999999999856
vn -1.706820000890705e-7 0 -0.9999999999999856
vn -1.706820000890705e-7 0 -0.9999999999999856
vn 5.557209874495181e-7 0 -0.9999999999998457
vn 5.557209874495181e-7 0 -0.9999999999998457
vn 5.557209874495181e-7 0 -0.9999999999998457
vn -0.00000519094010080435 0 -0.9999999999865272
vn -0.00000519094010080435 0 -0.9999999999865272
vn -0.00000519094010080435 0 -0.9999999999865272
vn 0.0000010587100405240086 0 -0.9999999999994396
vn 0.0000010587100405240086 0 -0.9999999999994396
vn 0.0000010587100405240086 0 -0.9999999999994396
vn 0 0 -1
vn 0 0 -1
vn 0 0 -1
vn 0 0 -1
vn 0 0 -1
vn 0 0 -1
vn 0 0 -1
vn 0 0 -1
vn 0 0 -1
vn 0 0 -1
vn 0 0 -1
vn 0 0 -1
vn 0 0 -1
vn 0 0 -1
vn 0 0 -1
vn -5.622520120595275e-7 0 -0.9999999999998419
vn -5.622520120595275e-7 0 -0.9999999999998419
vn -5.622520120595275e-7 0 -0.9999999999998419
vn 4.090229879238563e-7 0 -0.9999999999999165
vn 4.090229879238563e-7 0 -0.9999999999999165
vn 4.090229879238563e-7 0 -0.9999999999999165
vn 0.0000035523401038293348 0 -0.9999999999936906
vn 0.0000035523401038293348 0 -0.9999999999936906
vn 0.0000035523401038293348 0 -0.9999999999936906
vn -8.754229838811e-7 0 -0.999999999999617
vn -8.754229838811e-7 0 -0.999999999999617
vn -8.754229838811e-7 0 -0.999999999999617
vn 0 0 -1
vn 0 0 -1
vn 0 0 -1
vn 0 0 -1
vn 0 0 -1
vn 0 0 -1
vn -7.513730224670933e-7 0 -0.9999999999997178
vn -7.513730224670933e-7 0 -0.9999999999997178
vn -7.513730224670933e-7 0 -0.9999999999997178
vn 0 0 -1
vn 0 0 -1
vn 0 0 -1
vn 3.524039868807231e-7 0 -0.999999999999938
vn 3.524039868807231e-7 0 -0.999999999999938
vn 3.524039868807231e-7 0 -0.999999999999938
vn 0 0 -1
vn 0 0 -1
vn 0 0 -1
vn -4.155999988597255e-7 0 -0.9999999999999136
vn -4.155999988597255e-7 0 -0.9999999999999136
vn -4.155999988597255e-7 0 -0.9999999999999136
vn -3.065050009354165e-7 0 -0.9999999999999531
vn -3.065050009354165e-7 0 -0.9999999999999531
vn -3.065050009354165e-7 0 -0.9999999999999531
vn -0.17486369171218372 0 -0.9845926514659685
vn -0.17486369171218372 0 -0.9845926514659685
vn -0.17486369171218372 0 -0.9845926514659685
vn -0.05838272974980752 0 -0.9982942736823451
vn -0.05838272974980752 0 -0.9982942736823451
vn -0.05838272974980752 0 -0.9982942736823451
vn -0.18997518441617853 0.0007301119515530758 -0.9817886209579826
vn -0.18997518441617853 0.0007301119515530758 -0.9817886209579826
vn -0.18997518441617853 0.0007301119515530758 -0.9817886209579826
vn -0.06379031223305758 -0.0008917479193639622 -0.9979629255893514
vn -0.06379031223305758 -0.0008917479193639622 -0.9979629255893514
vn -0.06379031223305758 -0.0008917479193639622 -0.9979629255893514
vn -0.07407145170308424 0 -0.9972529368433055
vn -0.07407145170308424 0 -0.9972529368433055
vn -0.07407145170308424 0 -0.9972529368433055
vn -0.23162748214531162 8.431859549148517e-7 -0.9728045587446188
vn -0.23162748214531162 8.431859549148517e-7 -0.9728045587446188
vn -0.23162748214531162 8.431859549148517e-7 -0.9728045587446188
vn -0.2315885813483179 -0.000011144898682897151 -0.9728138202476693
vn -0.2315885813483179 -0.000011144898682897151 -0.9728138202476693
vn -0.2315885813483179 -0.000011144898682897151 -0.9728138202476693
vn -0.23162698992656225 -0.000003774269811619891 -0.9728046759361898
vn -0.23162698992656225 -0.000003774269811619891 -0.9728046759361898
vn -0.23162698992656225 -0.000003774269811619891 -0.9728046759361898
vn -0.23156267482765264 -0.0000066035591085188315 -0.9728199872448426
vn -0.23156267482765264 -0.0000066035591085188315 -0.9728199872448426
vn -0.23156267482765264 -0.0000066035591085188315 -0.9728199872448426
vn -0.2315902970874646 0 -0.9728134118601265
vn -0.2315902970874646 0 -0.9728134118601265
vn -0.2315902970874646 0 -0.9728134118601265
vn -0.23163748159489983 0 -0.9728021777938064
vn -0.23163748159489983 0 -0.9728021777938064
vn -0.23163748159489983 0 -0.9728021777938064
vn -0.23164258707224886 0.0000012534398944727355 -0.9728009620949728
vn -0.23164258707224886 0.0000012534398944727355 -0.9728009620949728
vn -0.23164258707224886 0.0000012534398944727355 -0.9728009620949728
vn -0.11663299715316995 0 -0.9931750822362936
vn -0.11663299715316995 0 -0.9931750822362936
vn -0.11663299715316995 0 -0.9931750822362936
vn -0.11664729363404622 0 -0.9931734032322115
vn -0.11664729363404622 0 -0.9931734032322115
vn -0.11664729363404622 0 -0.9931734032322115
vn -0.0000044354401324672185 0 -0.9999999999901634
vn -0.0000044354401324672185 0 -0.9999999999901634
vn -0.0000044354401324672185 0 -0.9999999999901634
vn 0 0 -1
vn 0 0 -1
vn 0 0 -1
vn -0.0000026185800834265405 0 -0.9999999999965716
vn -0.0000026185800834265405 0 -0.9999999999965716
vn -0.0000026185800834265405 0 -0.9999999999965716
vn 1.512150049620669e-7 0 -0.9999999999999887
vn 1.512150049620669e-7 0 -0.9999999999999887
vn 1.512150049620669e-7 0 -0.9999999999999887
vn 3.069609988415178e-7 0 -0.9999999999999529
vn 3.069609988415178e-7 0 -0.9999999999999529
vn 3.069609988415178e-7 0 -0.9999999999999529
vn -9.518150250183007e-7 0 -0.999999999999547
vn -9.518150250183007e-7 0 -0.999999999999547
vn -9.518150250183007e-7 0 -0.999999999999547
vn 3.703599986692753e-7 0 -0.9999999999999314
vn 3.703599986692753e-7 0 -0.9999999999999314
vn 3.703599986692753e-7 0 -0.9999999999999314
vn -0.0000017101400544536325 0 -0.9999999999985378
vn -0.0000017101400544536325 0 -0.9999999999985378
vn -0.0000017101400544536325 0 -0.9999999999985378
vn 2.426450009806942e-7 0 -0.9999999999999707
vn 2.426450009806942e-7 0 -0.9999999999999707
vn 2.426450009806942e-7 0 -0.9999999999999707
vn 0 0 -1
vn 0 0 -1
vn 0 0 -1
vn 0 0 -1
vn 0 0 -1
vn 0 0 -1
vn 0 0 -1
vn 0 0 -1
vn 0 0 -1
vn 0 0 -1
vn 0 0 -1
vn 0 0 -1
vn 0 0 -1
vn 0 0 -1
vn 0 0 -1
vn 0 0 -1
vn 0 0 -1
vn 0 0 -1
vn 0.022269358932929726 -0.021013077418733553 -0.9995311532063974
vn 0.022269358932929726 -0.021013077418733553 -0.9995311532063974
vn 0.022269358932929726 -0.021013077418733553 -0.9995311532063974
vn 0.032205863986374525 -0.04221855371531555 -0.9985891928351107
vn 0.032205863986374525 -0.04221855371531555 -0.9985891928351107
vn 0.032205863986374525 -0.04221855371531555 -0.9985891928351107
vn 0.021770588925798594 0.019624708105130582 -0.9995703638511959
vn 0.021770588925798594 0.019624708105130582 -0.9995703638511959
vn 0.021770588925798594 0.019624708105130582 -0.9995703638511959
vn 0.22984996059912324 -0.5058579361669221 -0.8314305407125263
vn 0.22985007078725037 -0.5058579491077272 -0.8314305023774506
vn 0.22984999328734343 -0.5058580021229028 -0.8314304915469684
vn 0.3205876165948216 -0.7673322234185072 -0.5553600984853541
vn 0.3205876165948216 -0.7673322234185072 -0.5553600984853541
vn 0.3205876165948216 -0.7673322234185072 -0.5553600984853541
vn 0.24369058170837737 -0.7954161218675957 -0.5549126899429736
vn 0.24369058170837737 -0.7954161218675957 -0.5549126899429736
vn 0.24369058170837737 -0.7954161218675957 -0.5549126899429736
vn 0.24358570408972055 -0.7952045147821005 -0.5552619061607585
vn 0.24358570408972055 -0.7952045147821005 -0.5552619061607585
vn 0.24358570408972055 -0.7952045147821005 -0.5552619061607585
vn 0.1642295985229051 -0.8152772034358226 -0.5552942648063907
vn 0.1642295985229051 -0.8152772034358226 -0.5552942648063907
vn 0.1642295985229051 -0.8152772034358226 -0.5552942648063907
vn 0.08391826624385203 -0.8865535285181433 -0.4549511684375102
vn 0.08391826624385203 -0.8865535285181433 -0.4549511684375102
vn 0.08391827250414914 -0.8865535159434085 -0.454951191786877
vn 0.015789859082591902 -0.9657225065208691 -0.25909596822259073
vn 0.0157899786279351 -0.965722527074029 -0.25909588432987685
vn 0.0157898594483637 -0.9657225288918134 -0.2590958848175744
vn -0.0075504768014505235 -0.7072152698512654 -0.7069579565923794
vn -0.0075504768014505235 -0.7072152698512654 -0.7069579565923794
vn -0.0075504181313557185 -0.7072153297583661 -0.7069578972900771
vn 0.05401533011835081 -0.17632849236376913 -0.982848211522474
vn 0.05401533011835081 -0.17632849236376913 -0.982848211522474
vn 0.05401533011835081 -0.17632849236376913 -0.982848211522474
vn 0.05400710977712902 -0.1763125973117125 -0.9828515147888407
vn 0.05400710977712902 -0.1763125973117125 -0.9828515147888407
vn 0.05400710977712902 -0.1763125973117125 -0.9828515147888407
vn 0.09293472155564064 -0.5478144962947571 -0.8314219236817713
vn 0.09293471695011116 -0.5478144691469293 -0.8314219420839642
vn 0.09293471695011116 -0.5478144691469293 -0.8314219420839642
vn 0.07242034364543037 -0.550499855626389 -0.8316881643871114
vn 0.07242034364543037 -0.550499855626389 -0.8316881643871114
vn 0.07242034364543037 -0.550499855626389 -0.8316881643871114
vn 0.014669588873077967 -0.2597193140692183 -0.9655727217883227
vn 0.014669588873077967 -0.2597193140692183 -0.9655727217883227
vn 0.01466958980420013 -0.25971931406566995 -0.9655727217751309
vn -0.0005503479525439918 -0.05240093077594262 -0.9986259758142415
vn -0.0005503479525439918 -0.05240093077594262 -0.9986259758142415
vn -0.0005503479525439918 -0.05240093077594262 -0.9986259758142415
vn 0.7932926465467237 -0.47412708694957434 -0.38195586440792545
vn 0.7932926465467237 -0.47412708694957434 -0.38195586440792545
vn 0.7932926465467237 -0.47412708694957434 -0.38195586440792545
vn 0.6192512036326261 -0.34258706042368825 -0.7065140146025415
vn 0.6192512036326261 -0.34258706042368825 -0.7065140146025415
vn 0.6192512036326261 -0.34258706042368825 -0.7065140146025415
vn 0.2026897990587737 -0.14389810134528386 -0.9686125034226724
vn 0.2026897990587737 -0.14389810134528386 -0.9686125034226724
vn 0.2026897990587737 -0.14389810134528386 -0.9686125034226724
vn 0.7176941691276777 -0.582240645826679 -0.38198286603912474
vn 0.7176941691276777 -0.582240645826679 -0.38198286603912474
vn 0.7176941691276777 -0.582240645826679 -0.38198286603912474
vn 0.40919080601248825 -0.376175107636746 -0.8312972829676112
vn 0.40919080601248825 -0.376175107636746 -0.8312972829676112
vn 0.40919080601248825 -0.376175107636746 -0.8312972829676112
vn 0.6156576293328601 -0.7696613691276861 -0.16907708394912208
vn 0.6156576293328601 -0.7696613691276861 -0.16907708394912208
vn 0.6156576293328601 -0.7696613691276861 -0.16907708394912208
vn 0.37898048178138183 -0.40657799813388623 -0.8313050738821419
vn 0.37898048178138183 -0.40657799813388623 -0.8313050738821419
vn 0.37898048178138183 -0.40657799813388623 -0.8313050738821419
vn 0.13900038703840248 -0.19596088079024432 -0.9707101656020122
vn 0.13900038703840248 -0.19596088079024432 -0.9707101656020122
vn 0.13900038703840248 -0.19596088079024432 -0.9707101656020122
vn 0.2584621665812081 -0.4922251512941275 -0.8312109893881462
vn 0.25846227782699355 -0.4922251361281304 -0.8312109637776234
vn 0.2584622763962282 -0.49222504399636197 -0.8312110187809466
vn 0.1822812667110014 0.9070336624023266 -0.37955694576078447
vn 0.18228128890989137 0.907033639111261 -0.3795569907588737
vn 0.1822812667110014 0.9070336624023266 -0.37955694576078447
vn 0.4200839867563137 0.8242569909147387 -0.37964438228308
vn 0.42008391312704185 0.824257021872539 -0.3796443965419278
vn 0.42008391312704185 0.824257021872539 -0.3796443965419278
vn 0.9209411733702588 0.08779317134287025 -0.37968370291200576
vn 0.9209411733702588 0.08779317134287025 -0.37968370291200576
vn 0.9209411733702588 0.08779317134287025 -0.37968370291200576
vn 0.863098583818418 0.3327386762289482 -0.37992868798242685
vn 0.863098583818418 0.3327386762289482 -0.37992868798242685
vn 0.863098583818418 0.3327386762289482 -0.37992868798242685
vn 0.08900915129377955 0.7042996321456261 -0.7043006454245921
vn 0.08900915129377955 0.7042996321456261 -0.7043006454245921
vn 0.08900915129377955 0.7042996321456261 -0.7043006454245921
vn 0.5288129334883043 0.4767613308163954 -0.7021791187536651
vn 0.5288129334883043 0.4767613308163954 -0.7021791187536651
vn 0.5288129334883043 0.4767613308163954 -0.7021791187536651
vn 0.6423255623423495 0.3025968885118079 -0.7041683002127809
vn 0.6423255623423495 0.3025968885118079 -0.7041683002127809
vn 0.6423255623423495 0.3025968885118079 -0.7041683002127809
vn 0.6860225609466332 -0.19030610697627656 -0.7022511171367098
vn 0.6860225609466332 -0.19030610697627656 -0.7022511171367098
vn 0.6860225609466332 -0.19030610697627656 -0.7022511171367098
vn 0.09160922583978744 0.19431048878286383 -0.9766530518510652
vn 0.09160922583978744 0.19431048878286383 -0.9766530518510652
vn 0.09160922583978744 0.19431048878286383 -0.9766530518510652
vn 0.09464381641116623 0.16947668801431628 -0.9809792047922462
vn 0.09480546473281758 0.16976349160394102 -0.9809140027419494
vn 0.09464381497708522 0.1694767748533035 -0.9809791899280565
vn 0.28906976923637173 0.3795398440517672 -0.8788561744055685
vn 0.28906976923637173 0.3795398440517672 -0.8788561744055685
vn 0.28906976923637173 0.3795398440517672 -0.8788561744055685
vn 0.2621573271640491 0.05661076440917136 -0.9633632529670265
vn 0.2621573271640491 0.05661076440917136 -0.9633632529670265
vn 0.2621573271640491 0.05661076440917136 -0.9633632529670265
vn 0.555661366173025 -0.022484771336047975 -0.8311046150760403
vn 0.555661366173025 -0.022484771336047975 -0.8311046150760403
vn 0.555661366173025 -0.022484771336047975 -0.8311046150760403
vn 0.5491143476732244 -0.0895768927454608 -0.8309328573750574
vn 0.5491143476732244 -0.0895768927454608 -0.8309328573750574
vn 0.5491143476732244 -0.0895768927454608 -0.8309328573750574
vn 0.06286776156250126 -0.03867542054252279 -0.9972722077757804
vn 0.06286776156250126 -0.03867542054252279 -0.9972722077757804
vn 0.06286776156250126 -0.03867542054252279 -0.9972722077757804
vn 0.1462370869239847 0.9877566471909717 -0.054327896499290707
vn 0.1462370869239847 0.9877566471909717 -0.054327896499290707
vn 0.1462370869239847 0.9877566471909717 -0.054327896499290707
vn 0.18680978919397417 0.9808863195548526 0.054443831344222884
vn 0.18680978919397417 0.9808863195548526 0.054443831344222884
vn 0.18680978919397417 0.9808863195548526 0.054443831344222884
vn 0.46252806022189197 0.8849321204335376 0.05443285526570188
vn 0.46252806022189197 0.8849321204335376 0.05443285526570188
vn 0.46252806022189197 0.8849321204335376 0.05443285526570188
vn 0.4983448778510114 0.8652658626246115 -0.05447356878475451
vn 0.4983448778510114 0.8652658626246115 -0.05447356878475451
vn 0.4983448778510114 0.8652658626246115 -0.05447356878475451
vn 0.7416128876743953 0.6686341550217474 -0.054209699995467
vn 0.7416128876743953 0.6686341550217474 -0.054209699995467
vn 0.7416128876743953 0.6686341550217474 -0.054209699995467
vn 0.7613534870307451 0.6483370017098554 0
vn 0.7613534870307451 0.6483370017098554 0
vn 0.7613534870307451 0.6483370017098554 0
vn 0.9101091627681831 0.4143685700501388 0
vn 0.9101091627681831 0.4143685700501388 0
vn 0.9101091627681831 0.4143685700501388 0
vn 0.9201167849836315 0.3878630411486842 0.05428962425988912
vn 0.9201167849836315 0.3878630411486842 0.05428962425988912
vn 0.9201167849836315 0.3878630411486842 0.05428962425988912
vn 0.9949535471487863 0.08434492132595399 0.05434494698282721
vn 0.9949535471487863 0.08434492132595399 0.05434494698282721
vn 0.9949535471487863 0.08434492132595399 0.05434494698282721
vn 0.9975582073194784 0.043594403796338096 -0.054563274894293586
vn 0.9975582073194784 0.043594403796338096 -0.054563274894293586
vn 0.9975582073194784 0.043594403796338096 -0.054563274894293586
vn 0.9621340883054323 -0.2671399782146898 -0.05416851631833583
vn 0.9621341109660714 -0.2671399083524104 -0.05416845835902046
vn 0.9621341188201478 -0.2671398807308 -0.05416845507591719
vn 0.9556342239057383 -0.29455598805673133 0
vn 0.9556342239057383 -0.29455598805673133 0
vn 0.9556342239057383 -0.29455598805673133 0
vn 0.6677380894870071 0.6405100317166766 0.379305606495005
vn 0.6677380894870071 0.6405100317166766 0.379305606495005
vn 0.6677380894870071 0.6405100317166766 0.379305606495005
vn 0.4700870422668951 0.7968360030951929 0.379566274666283
vn 0.4700870422668951 0.7968360030951929 0.379566274666283
vn 0.4700870422668951 0.7968360030951929 0.379566274666283
vn 0.6562825672219965 0.2766336895978908 0.7019736417700907
vn 0.6562825672219965 0.2766336895978908 0.7019736417700907
vn 0.6562825672219965 0.2766336895978908 0.7019736417700907
vn 0.546541762377928 0.4529929856138051 0.7043361817779344
vn 0.546541762377928 0.4529929856138051 0.7043361817779344
vn 0.546541762377928 0.4529929856138051 0.7043361817779344
vn 0.8988007134936457 -0.21979181047595692 0.37927409280230884
vn 0.8988007134936457 -0.21979181047595692 0.37927409280230884
vn 0.8988007134936457 -0.21979181047595692 0.37927409280230884
vn 0.5176199778241124 -0.20400038769986847 0.8309352564283627
vn 0.5176199069794059 -0.2040003981711833 0.8309352979893382
vn 0.5176199778241124 -0.20400038769986847 0.8309352564283627
vn 0.1258665036461371 0.916538365910098 0.37962487678594514
vn 0.12586659306070191 0.9165383659654167 0.3796248470065352
vn 0.12586659306070191 0.9165383659654167 0.3796248470065352
vn 0.13744518303287412 0.41069212981584063 0.9013549778907243
vn 0.13744518303287412 0.41069212981584063 0.9013549778907243
vn 0.13744518303287412 0.41069212981584063 0.9013549778907243
vn 0.14632148606429604 0.3784223682624677 0.9139948216016112
vn 0.14632158152841368 0.3784223839277052 0.9139947998328527
vn 0.14632158152841368 0.3784223839277052 0.9139947998328527
vn 0.2568221136012545 -0.026659127779360327 0.9660909340592262
vn 0.2568221136012545 -0.026659127779360327 0.9660909340592262
vn 0.2568221136012545 -0.026659127779360327 0.9660909340592262
vn 0.9247504328615056 0.03075998787327814 0.37932896022910484
vn 0.9247504328615056 0.03075998787327814 0.37932896022910484
vn 0.9247504328615056 0.03075998787327814 0.37932896022910484
vn 0.5483325823237396 0.09339249310182371 0.8310290135695657
vn 0.5483325823237396 0.09339249310182371 0.8310290135695657
vn 0.5483325823237396 0.09339249310182371 0.8310290135695657
vn 0.5329731182332013 0.15876119063905403 0.8311044095585391
vn 0.5329731182332013 0.15876119063905403 0.8311044095585391
vn 0.5329731182332013 0.15876119063905403 0.8311044095585391
vn 0.09361449499956051 0.16730837293186926 0.9814500673355053
vn 0.09361449499956051 0.16730837293186926 0.9814500673355053
vn 0.09361449499956051 0.16730837293186926 0.9814500673355053
vn 0.0014498229902654676 0.923808847208951 0.38285129205967955
vn 0.0014498229902654676 0.923808847208951 0.38285129205967955
vn 0.0014498229902654676 0.923808847208951 0.38285129205967955
vn -0.0014665119202896843 0.707104769115294 0.7071072725104687
vn -0.0014665119202896843 0.707104769115294 0.7071072725104687
vn -0.0014665119202896843 0.707104769115294 0.7071072725104687
vn 0.001460312821963722 0.38284866855977134 0.9238099179314283
vn 0.001460312821963722 0.38284866855977134 0.9238099179314283
vn 0.001460312821963722 0.38284866855977134 0.9238099179314283
vn 0 0.19512779050401916 0.9807778267135833
vn 0 0.19512779050401916 0.9807778267135833
vn 0 0.19512779050401916 0.9807778267135833
vn 0.3043053964938448 0.6320555045386902 0.712673883937854
vn 0.3043053964938448 0.6320555045386902 0.712673883937854
vn 0.3043053964938448 0.6320555045386902 0.712673883937854
vn 0.5808046443276502 0.1325012888634865 0.8031870103387796
vn 0.5808046443276502 0.1325012888634865 0.8031870103387796
vn 0.5808046443276502 0.1325012888634865 0.8031870103387796
vn 0.08725196144842419 -0.3809275934641719 0.9204788230920891
vn 0.08725196144842419 -0.3809275934641719 0.9204788230920891
vn 0.08725196144842419 -0.3809275934641719 0.9204788230920891
vn -0.2007239928616447 -0.9050667378969317 0.37491876272371993
vn -0.2007239928616447 -0.9050667378969317 0.37491876272371993
vn -0.20072409072440323 -0.9050667088346971 0.3749187804871758
vn -0.3931694543789133 0.17941778519392534 0.9017910170873815
vn -0.3931694543789133 0.17941778519392534 0.9017910170873815
vn -0.3931694543789133 0.17941778519392534 0.9017910170873815
vn 0.15929620600761935 0.6980810442726859 0.6980741897382644
vn 0.15929618485650868 0.6980810168836389 0.6980742219541312
vn 0.15929620600761935 0.6980810442726859 0.6980741897382644
vn 0.4059796014409551 -0.4101431944733588 0.8166781025845078
vn 0.4059796014409551 -0.4101431944733588 0.8166781025845078
vn 0.4059796610590349 -0.4101432540915763 0.8166780430068901
vn 0.4655967251140293 -0.37133505113906495 0.8033243238933071
vn 0.4655967251140293 -0.37133505113906495 0.8033243238933071
vn 0.4655967251140293 -0.37133505113906495 0.8033243238933071
vn 0.46571513302258555 -0.3713349643508515 0.803255724613468
vn 0.465715196843041 -0.3713349975146235 0.8032556722801664
vn 0.465715196843041 -0.3713349975146235 0.8032556722801664
vn 0.38614785841654514 0.18594138406323063 0.9035018722354515
vn 0.38614785841654514 0.18594138406323063 0.9035018722354515
vn 0.38614785841654514 0.18594138406323063 0.9035018722354515
vn 0.00007100320490449815 -0.0002797399988804225 0.999999958352038
vn 0.00007100320490449815 -0.0002797399988804225 0.999999958352038
vn 0.00007100320490449815 -0.0002797399988804225 0.999999958352038
vn 0 0 1
vn 0 0 1
vn 0 0 1
vn 0.000001676449983276516 0 0.9999999999985949
vn 0.000001676449983276516 0 0.9999999999985949
vn 0.000001676449983276516 0 0.9999999999985949
vn 0 0 1
vn 0 0 1
vn 0 0 1
vn 0 0 1
vn 0 0 1
vn 0 0 1
vn 0.0010114900216516677 -0.00014375199889423546 0.9999994781115131
vn 0.0010114900216516677 -0.00014375199889423546 0.9999994781115131
vn 0.0010114900216516677 -0.00014375199889423546 0.9999994781115131
vn 0.0002993989578889712 -0.0002380089831211392 0.9999999268559913
vn 0.0002993989578889712 -0.0002380089831211392 0.9999999268559913
vn 0.0002993989578889712 -0.0002380089831211392 0.9999999268559913
vn 0.0003005849685402793 -0.00022976798661745592 0.9999999284276718
vn 0.0003005849685402793 -0.00022976798661745592 0.9999999284276718
vn 0.0003005849685402793 -0.00022976798661745592 0.9999999284276718
vn 1.453850018151555e-7 0 0.9999999999999896
vn 1.453850018151555e-7 0 0.9999999999999896
vn 1.453850018151555e-7 0 0.9999999999999896
vn 0 0 1
vn 0 0 1
vn 0 0 1
vn 0 0 1
vn 0 0 1
vn 0 0 1
vn 0.0222638150994318 -0.02100889521274921 0.9995313646200193
vn 0.0222638150994318 -0.02100889521274921 0.9995313646200193
vn 0.0222638150994318 -0.02100889521274921 0.9995313646200193
vn 0 0 1
vn 0 0 1
vn 0 0 1
vn 0 0 1
vn 0 0 1
vn 0 0 1
vn 0 0 1
vn 0 0 1
vn 0 0 1
vn 0.03174196487751654 0.04008822429147385 0.9986918353220232
vn 0.03174196487751654 0.04008822429147385 0.9986918353220232
vn 0.03174196487751654 0.04008822429147385 0.9986918353220232
vn 0 0 1
vn 0 0 1
vn 0 0 1
vn 0 0 1
vn 0 0 1
vn 0 0 1
vn 0.20464671685444155 0.10197680212917241 0.9735093492659461
vn 0.20464671685444155 0.10197680212917241 0.9735093492659461
vn 0.20464671685444155 0.10197680212917241 0.9735093492659461
vn 0.6182473692054384 0.6137034092623027 0.4910583630591996
vn 0.6182473692054384 0.6137034092623027 0.4910583630591996
vn 0.618247286513635 0.6137034455113978 0.49105842186644755
vn 0.7448526982597031 0.37123139524898513 0.554420155727343
vn 0.7448526982597031 0.37123139524898513 0.554420155727343
vn 0.7448526982597031 0.37123139524898513 0.554420155727343
vn 0.6776710124058856 0.4831501523154714 0.5543716526503847
vn 0.6776710572723944 0.48315017161014007 0.5543715809891481
vn 0.6776710865457437 0.48315010307380407 0.5543716049363312
vn 0.38460147507929904 0.7380162501882853 0.5544490236485672
vn 0.38460147507929904 0.7380162501882853 0.5544490236485672
vn 0.38460159357366036 0.738016189211756 0.5544490226179125
vn 0.17026300295914437 0.09107141710497249 0.981181179400536
vn 0.17026300295914437 0.09107141710497249 0.981181179400536
vn 0.17026300295914437 0.09107141710497249 0.981181179400536
vn 0.4379580100765495 0.3417010071597429 0.8315246256821299
vn 0.4379580100765495 0.3417010071597429 0.8315246256821299
vn 0.4379580100765495 0.3417010071597429 0.8315246256821299
vn 0.41293974589168647 0.37195726218742053 0.831341422863644
vn 0.41293973247811233 0.37195733655430224 0.8313413962532689
vn 0.41293974589168647 0.37195726218742053 0.831341422863644
vn 0.15729689757510432 0.18082110767051893 0.9708560207538777
vn 0.15729689757510432 0.18082110767051893 0.9708560207538777
vn 0.15729689757510432 0.18082110767051893 0.9708560207538777
vn 0.3111408134131725 0.46041501741888446 0.831390044421845
vn 0.3111408134131725 0.46041501741888446 0.831390044421845
vn 0.3111408134131725 0.46041501741888446 0.831390044421845
vn 0.2777959751113174 0.4812804839480678 0.8313834807010938
vn 0.2777959751113174 0.4812804839480678 0.8313834807010938
vn 0.2777959751113174 0.4812804839480678 0.8313834807010938
vn 0.09097992608478137 0.21658429455032743 0.9720153786868523
vn 0.09097992608478137 0.21658429455032743 0.9720153786868523
vn 0.09097992608478137 0.21658429455032743 0.9720153786868523
vn 0.28909179405703855 0.7798554257402394 0.5552039711244803
vn 0.289091680939532 0.7798555017781134 0.5552039232191744
vn 0.2891132146211289 0.7798472401980341 0.5552043147229198
vn 0.2890972825125397 0.7798475709514046 0.5552121462333646
vn 0.2890970956382418 0.7798476088129963 0.5552121903580517
vn 0.2890972825125397 0.7798475709514046 0.5552121462333646
vn 0.1331225063410478 0.3591079185561375 0.923753160284584
vn 0.1331225063410478 0.3591079185561375 0.923753160284584
vn 0.1331225063410478 0.3591079185561375 0.923753160284584
vn 0.21480407138881172 0.8035478114871294 0.5551307283595776
vn 0.21480409270851403 0.8035477797550018 0.5551307660420914
vn 0.21481799427875814 0.8035439009165868 0.5551310013265391
vn 0.17645148956911072 0.6847614059216439 0.7070832262110704
vn 0.17645148956911072 0.6847614059216439 0.7070832262110704
vn 0.17645148956911072 0.6847614059216439 0.7070832262110704
vn 0.10505299401164007 0.3680932865747986 0.9238350506598858
vn 0.10505299401164007 0.3680932865747986 0.9238350506598858
vn 0.10505299401164007 0.3680932865747986 0.9238350506598858
vn 0.14157639124022123 0.8482813643498607 0.5102693919295326
vn 0.14157639124022123 0.8482813643498607 0.5102693919295326
vn 0.14157639124022123 0.8482813643498607 0.5102693919295326
vn 0.1241175786560574 0.6961496226673144 0.7070859421093826
vn 0.1241175786560574 0.6961496226673144 0.7070859421093826
vn 0.1241175786560574 0.6961496226673144 0.7070859421093826
vn -0.040669074939300554 -0.11257838869208661 0.9928102199026132
vn -0.040669074939300554 -0.11257838869208661 0.9928102199026132
vn -0.040669074939300554 -0.11257838869208661 0.9928102199026132
vn 0.0266334389713118 0.15744658941495204 0.9871682893054057
vn 0.0266334389713118 0.15744658941495204 0.9871682893054057
vn 0.0266334389713118 0.15744658941495204 0.9871682893054057
vn 0.13367298164902094 0.9140870516069618 0.38285296924740186
vn 0.13367298164902094 0.9140870516069618 0.38285296924740186
vn 0.13367298164902094 0.9140870516069618 0.38285296924740186
vn 0.07203643867501149 0.921070230677469 0.38267529533897987
vn 0.07203643867501149 0.921070230677469 0.38267529533897987
vn 0.07203643867501149 0.921070230677469 0.38267529533897987
vn 0.06628888256017192 0.8985549422462754 0.4338257712650507
vn 0.06628888256017192 0.8985549422462754 0.4338257712650507
vn 0.06628888256017192 0.8985549422462754 0.4338257712650507
vn 0.028382179514373312 0.3845205802221468 0.9226799961371427
vn 0.028382179514373312 0.3845205802221468 0.9226799961371427
vn 0.028382179514373312 0.3845205802221468 0.9226799961371427
vn 0.1601828054571515 0.295496109077041 0.941819259919973
vn 0.1601828054571515 0.295496109077041 0.941819259919973
vn 0.1601828054571515 0.295496109077041 0.941819259919973
vn 0.10265070194515322 0.8701438899187827 0.48198801253472756
vn 0.10265079778209538 0.8701438812673772 0.4819880077425618
vn 0.10265079778209538 0.8701438812673772 0.4819880077425618
vn 0.12388370320832899 0.40883461085577305 0.9041609862440424
vn 0.12388370320832899 0.40883461085577305 0.9041609862440424
vn 0.12388370320832899 0.40883461085577305 0.9041609862440424
vn 0.2443788777741348 0.32830688103149497 0.9124108482285963
vn 0.2443788777741348 0.32830688103149497 0.9124108482285963
vn 0.2443788777741348 0.32830688103149497 0.9124108482285963
vn 0.2287262970405694 0.32633149541635464 0.9171652174725309
vn 0.2287262970405694 0.32633149541635464 0.9171652174725309
vn 0.2287262970405694 0.32633149541635464 0.9171652174725309
vn 0.2571738005994891 0.1191806021139878 0.9589878103317903
vn 0.2571738005994891 0.1191806021139878 0.9589878103317903
vn 0.2571738005994891 0.1191806021139878 0.9589878103317903
vn 0.1987490691834486 0.313673859846709 0.9284974513414563
vn 0.1987490691834486 0.313673859846709 0.9284974513414563
vn 0.1987490691834486 0.313673859846709 0.9284974513414563
vn 0.19848829987325214 0.30532781027244615 0.9313309417643436
vn 0.19848829987325214 0.30532781027244615 0.9313309417643436
vn 0.19848829987325214 0.30532781027244615 0.9313309417643436
vn 0.13702638619715204 0.4408484752817166 0.8870605341956854
vn 0.13702638079626697 0.44084854731267065 0.8870604992322588
vn 0.13702638619715204 0.4408484752817166 0.8870605341956854
vn 0.1505911080552202 0.3872779978640456 0.9095812611004679
vn 0.1505911080552202 0.3872779978640456 0.9095812611004679
vn 0.1505911080552202 0.3872779978640456 0.9095812611004679
vn 0.07214669723222197 0.8857806128483308 0.4584621685379478
vn 0.07214669723222197 0.8857806128483308 0.4584621685379478
vn 0.07214669723222197 0.8857806128483308 0.4584621685379478
vn 0.014476059561396915 0.9065584901827762 0.42183189492628487
vn 0.014476059561396915 0.9065584901827762 0.42183189492628487
vn 0.014476059561396915 0.9065584901827762 0.42183189492628487
vn -0.05183106201716059 0.8978419153885269 0.43725671633679325
vn -0.05183106201716059 0.8978419153885269 0.43725671633679325
vn -0.05183105904937253 0.8978418689056905 0.43725681213419343
vn -0.08080606268617985 0.8916494367339735 0.44545668948299016
vn -0.08080606268617985 0.8916494367339735 0.44545668948299016
vn -0.08076815398317246 0.8915681939635881 0.4456261446713562
vn -0.058130139027195556 0.8389703834156199 0.541063381396419
vn -0.058130139027195556 0.8389703834156199 0.541063381396419
vn -0.0582406457196441 0.8392176784581654 0.5406678419782766
vn -0.1509347813449268 0.9120052199477592 0.3813989650856417
vn -0.1509347813449268 0.9120052199477592 0.3813989650856417
vn -0.1509347813449268 0.9120052199477592 0.3813989650856417
vn 0.0708469653843178 0.7456062820108804 0.6626099755676372
vn 0.0708469653843178 0.7456062820108804 0.6626099755676372
vn 0.0708469653843178 0.7456062820108804 0.6626099755676372
vn 0.0744560795715487 0.7461693164353015 0.661579657656816
vn 0.0744560795715487 0.7461693164353015 0.661579657656816
vn 0.0744560795715487 0.7461693164353015 0.661579657656816
vn 0.20291798126258917 0.6081031653650224 0.7674860475300874
vn 0.20291798126258917 0.6081031653650224 0.7674860475300874
vn 0.20291798126258917 0.6081031653650224 0.7674860475300874
vn -0.2569102716815027 0.9136696117500938 0.31496817754968487
vn -0.25691050594326525 0.9136695373622343 0.31496820225580885
vn -0.2569102716815027 0.9136696117500938 0.31496817754968487
vn 0.03919493674812693 0.39503835576247553 0.9178281181189593
vn 0.039194874899814214 0.39503828128850604 0.9178281528141372
vn 0.0391948716416903 0.395038256194672 0.9178281637537955
vn 0.062313970852498624 0.35883930713712214 0.9313169818541612
vn 0.062313970852498624 0.35883930713712214 0.9313169818541612
vn 0.062313970852498624 0.35883930713712214 0.9313169818541612
vn -0.21355616981919856 0.8917050930774313 0.39906865237941597
vn -0.21355616981919856 0.8917050930774313 0.39906865237941597
vn -0.21355616981919856 0.8917050930774313 0.39906865237941597
vn -0.266651306975826 0.8978293686235898 0.35042760354322855
vn -0.266651306975826 0.8978293686235898 0.35042760354322855
vn -0.266651306975826 0.8978293686235898 0.35042760354322855
vn -0.11388670225978977 0.40336651736029794 0.9079236045620879
vn -0.11388670225978977 0.40336651736029794 0.9079236045620879
vn -0.11388670225978977 0.40336651736029794 0.9079236045620879
vn -0.07200335835102477 0.35827550908328226 0.9308352034475753
vn -0.07200329010582239 0.35827556276681993 0.9308351880639534
vn -0.07200335835102477 0.35827550908328226 0.9308352034475753
vn 0.015087000299200053 0.9237812882919789 0.3826232008433145
vn 0.015086938157751103 0.9237812470129143 0.382623302955125
vn 0.015087000299200053 0.9237812882919789 0.3826232008433145
vn 0.006259024079655689 0.3830584844788507 0.9237028862606939
vn 0.006259024079655689 0.3830584844788507 0.9237028862606939
vn 0.006259024079655689 0.3830584844788507 0.9237028862606939
vn -0.1334266934264427 0.9876983566682337 -0.08154307889794707
vn -0.13342690626484993 0.9876983283182686 -0.08154307402771173
vn -0.13342680373262605 0.9876983414644963 -0.08154308256362777
vn -0.25965058441222627 0.8866726632362993 0.3826135939611101
vn -0.25965058441222627 0.8866726632362993 0.3826135939611101
vn -0.2596507122678341 0.8866726331576875 0.38261357689974834
vn -0.1076664860572831 0.36779886841368975 0.9236514061991602
vn -0.1076664860572831 0.36779886841368975 0.9236514061991602
vn -0.1076664860572831 0.36779886841368975 0.9236514061991602
vn -0.08148036949025057 0.374557080267826 0.9236167728062185
vn -0.08148036949025057 0.374557080267826 0.9236167728062185
vn -0.08148036949025057 0.374557080267826 0.9236167728062185
vn -0.08131276902438044 0.3740159908893462 0.9238507845711061
vn -0.08131276902438044 0.3740159908893462 0.9238507845711061
vn -0.08131276902438044 0.3740159908893462 0.9238507845711061
vn -0.051287532061308407 0.37962439810650755 0.9237179793732133
vn -0.051287532061308407 0.37962439810650755 0.9237179793732133
vn -0.05128746889795652 0.3796243993395405 0.9237179823734807
vn -0.05125581465427835 0.37964087667769914 0.9237129674414636
vn -0.05125581465427835 0.37964087667769914 0.9237129674414636
vn -0.05125581465427835 0.37964087667769914 0.9237129674414636
vn -0.020852500981345563 0.382493414028056 0.9237228812950262
vn -0.020852500981345563 0.382493414028056 0.9237228812950262
vn -0.020852500981345563 0.382493414028056 0.9237228812950262
vn -0.020792480990521302 0.38205490310713286 0.9239056898547915
vn -0.020792480990521302 0.38205490310713286 0.9239056898547915
vn -0.020792480990521302 0.38205490310713286 0.9239056898547915
vn 0.006241499529954576 0.3829294792457695 0.9237564925932491
vn 0.006241499529954576 0.3829294792457695 0.9237564925932491
vn 0.006241499529954576 0.3829294792457695 0.9237564925932491
vn -0.18867410331856058 0.9046123438039618 0.38220228959863606
vn -0.18867399050196604 0.904612374454232 0.3822022727461735
vn -0.18867409109694505 0.904612356651247 0.3822022652243426
vn -0.1790034899710519 0.8231792356751306 0.5388262210875518
vn -0.17898868219516748 0.8231821745986103 0.5388266502959377
vn -0.1790034899710519 0.8231792356751306 0.5388262210875518
vn -0.11277769607207835 0.8348143771718611 0.5388563323705415
vn -0.11277769607207835 0.8348143771718611 0.5388563323705415
vn -0.11277779169771279 0.83481436805287 0.5388563264844114
vn -0.1127749894864767 0.8348621055032072 0.5387829493785757
vn -0.1127749894864767 0.8348621055032072 0.5387829493785757
vn -0.1127749894864767 0.8348621055032072 0.5387829493785757
vn -0.05984073003674978 0.8402057705558063 0.5389557961033472
vn -0.05984073003674978 0.8402057705558063 0.5389557961033472
vn -0.05984073003674978 0.8402057705558063 0.5389557961033472
vn -0.050295996663309875 0.9225399357025899 0.3826099577291546
vn -0.050295996663309875 0.9225399357025899 0.3826099577291546
vn -0.050295996663309875 0.9225399357025899 0.3826099577291546
vn 0.015057500231289699 0.9237347109937619 0.3827367964960459
vn 0.015057500231289699 0.9237347109937619 0.3827367964960459
vn 0.015057500231289699 0.9237347109937619 0.3827367964960459
vn -0.0037370316703110042 0.9245146998497243 0.3811280681819027
vn -0.0037370316703110042 0.9245146998497243 0.3811280681819027
vn -0.0037370316703110042 0.9245146998497243 0.3811280681819027
vn -0.2320336725660115 0.38047647905389137 0.8952083688629607
vn -0.232033597583728 0.38047638886562196 0.8952084266293122
vn -0.232033597583728 0.38047638886562196 0.8952084266293122
vn -0.003778814765705083 0.9240841176312674 0.3821704647151692
vn -0.003851233969086101 0.9239585965772324 0.3824731099148621
vn -0.003851233969086101 0.9239585965772324 0.3824731099148621
vn -0.09593074925832264 0.6526107298880005 0.7515959862730696
vn -0.09593074925832264 0.6526107298880005 0.7515959862730696
vn -0.09593074925832264 0.6526107298880005 0.7515959862730696
vn -0.06589472362747538 0.38511151478002187 0.9205145336070992
vn -0.06589472362747538 0.38511151478002187 0.9205145336070992
vn -0.06589472362747538 0.38511151478002187 0.9205145336070992
vn -0.28350808626049945 0.3946886874491726 0.8739816960466383
vn -0.28350808626049945 0.3946886874491726 0.8739816960466383
vn -0.28350808626049945 0.3946886874491726 0.8739816960466383
vn 0.08647471103816866 0.9899085969075694 0.11226350306022267
vn 0.08647471103816866 0.9899085969075694 0.11226350306022267
vn 0.08647471103816866 0.9899085969075694 0.11226350306022267
vn -0.010665590180206616 0.9255608525625965 0.37844861393550844
vn -0.010665590180206616 0.9255608525625965 0.37844861393550844
vn -0.010665590180206616 0.9255608525625965 0.37844861393550844
vn -0.2940721744262717 0.3882409545597558 0.8733787937835071
vn -0.29407227141010467 0.3882409645629107 0.8733787566817517
vn -0.29407227141010467 0.3882409645629107 0.8733787566817517
vn -0.3221788673424564 0.3062545627717955 0.8957728061396976
vn -0.32217869576853175 0.3062545100493106 0.8957728858741733
vn -0.3221787872158603 0.30625457159346814 0.8957728319424624
vn -0.36646879452864456 0.09007149370000345 0.9260603374831321
vn -0.36646879452864456 0.09007149370000345 0.9260603374831321
vn -0.36646879452864456 0.09007149370000345 0.9260603374831321
vn -0.28538807596992655 0.3945976706714093 0.8734107420880975
vn -0.28538807596992655 0.3945976706714093 0.8734107420880975
vn -0.28538807596992655 0.3945976706714093 0.8734107420880975
vn -0.18350890051228194 0.7136775762739288 0.6760094678009648
vn -0.18350890051228194 0.7136775762739288 0.6760094678009648
vn -0.18350888570091145 0.7136776362277739 0.6760094085270908
vn 0.11868168807993533 0.9860940284209544 0.11633238597669622
vn 0.11868168807993533 0.9860940284209544 0.11633238597669622
vn 0.11868168807993533 0.9860940284209544 0.11633238597669622
vn -0.24332050079250103 0.7185689981243303 0.651501134940441
vn -0.24332050079250103 0.7185689981243303 0.651501134940441
vn -0.24332050079250103 0.7185689981243303 0.651501134940441
vn -0.3085243904992256 0.5817230760807025 0.752602792462456
vn -0.3085243904992256 0.5817230760807025 0.752602792462456
vn -0.3085243904992256 0.5817230760807025 0.752602792462456
vn -0.37461527985763693 0 0.927180344969189
vn -0.37461527985763693 0 0.927180344969189
vn -0.37461527985763693 0 0.927180344969189
vn -0.3746497919710522 0.000007428619919244693 0.9271664000172046
vn -0.3746497919710522 0.000007428619919244693 0.9271664000172046
vn -0.3746497919710522 0.000007428619919244693 0.9271664000172046
vn -0.3746095790251547 0.0000029219299081055598 0.9271826482921576
vn -0.3746095790251547 0.0000029219299081055598 0.9271826482921576
vn -0.3746095790251547 0.0000029219299081055598 0.9271826482921576
vn -0.37464118713693373 0.000011289299650515086 0.9271698769768035
vn -0.37464118713693373 0.000011289299650515086 0.9271698769768035
vn -0.37464118713693373 0.000011289299650515086 0.9271698769768035
vn -0.37461966706223715 0.000007741289753277376 0.9271785723312694
vn -0.37461966706223715 0.000007741289753277376 0.9271785723312694
vn -0.37461966706223715 0.000007741289753277376 0.9271785723312694
vn -0.3747085989679589 0 0.9271426351211929
vn -0.3747085989679589 0 0.9271426351211929
vn -0.3747085989679589 0 0.9271426351211929
vn -0.09599208346174148 0 0.9953820974443303
vn -0.09599208346174148 0 0.9953820974443303
vn -0.09599208346174148 0 0.9953820974443303
vn -0.11324778440511821 -0.0004944639618632757 0.9935666534423963
vn -0.11324778440511821 -0.0004944639618632757 0.9935666534423963
vn -0.11324778440511821 -0.0004944639618632757 0.9935666534423963
vn -0.28381521332844034 0.0004181560191993665 0.958878902588265
vn -0.28381521332844034 0.0004181560191993665 0.958878902588265
vn -0.28381521332844034 0.0004181560191993665 0.958878902588265
vn -0.3010382029396197 0 0.9536120806548564
vn -0.3010382029396197 0 0.9536120806548564
vn -0.3010382029396197 0 0.9536120806548564
vn 0 0 1
vn 0 0 1
vn 0 0 1
vn 2.051360041832552e-7 0 0.9999999999999789
vn 2.051360041832552e-7 0 0.9999999999999789
vn 2.051360041832552e-7 0 0.9999999999999789
vn -0.09142767676258995 0.02923481923664691 0.9953824919426683
vn -0.09142767676258995 0.02923481923664691 0.9953824919426683
vn -0.09142767676258995 0.02923481923664691 0.9953824919426683
vn 1.9278400031907595e-7 0 0.9999999999999816
vn 1.9278400031907595e-7 0 0.9999999999999816
vn 1.9278400031907595e-7 0 0.9999999999999816
vn -0.000002059930011451065 0 0.9999999999978784
vn -0.000002059930011451065 0 0.9999999999978784
vn -0.000002059930011451065 0 0.9999999999978784
vn -0.006904124655834203 -0.017960777266566468 0.9998148546319551
vn -0.006904124655834203 -0.017960777266566468 0.9998148546319551
vn -0.006904124655834203 -0.017960777266566468 0.9998148546319551
vn -2.4606700321782396e-7 0 0.9999999999999698
vn -2.4606700321782396e-7 0 0.9999999999999698
vn -2.4606700321782396e-7 0 0.9999999999999698
vn -0.006298421734030017 -0.014613739802621172 0.9998733762295312
vn -0.006298421734030017 -0.014613739802621172 0.9998733762295312
vn -0.006298421734030017 -0.014613739802621172 0.9998733762295312
vn 0.1605191641027354 0.9868978631856018 -0.016315808145860134
vn 0.1605191641027354 0.9868978631856018 -0.016315808145860134
vn 0.1605191641027354 0.9868978631856018 -0.016315808145860134
vn 0.09579299556528457 0.9953919225790251 0.004315375425292697
vn 0.09579299556528457 0.9953919225790251 0.004315375425292697
vn 0.09579299556528457 0.9953919225790251 0.004315375425292697
vn 0.08046179250193342 0.9965545517016591 -0.02012275900768083
vn 0.08046179250193342 0.9965545517016591 -0.02012275900768083
vn 0.08046179250193342 0.9965545517016591 -0.02012275900768083
vn 0.0780963286634175 0.9967958735387329 -0.017290169040520085
vn 0.0780963286634175 0.9967958735387329 -0.017290169040520085
vn 0.0780963286634175 0.9967958735387329 -0.017290169040520085
vn 0.0012250539435335137 0.9997757311528718 -0.02114205856996845
vn 0.0012250539435335137 0.9997757311528718 -0.02114205856996845
vn 0.0012250539435335137 0.9997757311528718 -0.02114205856996845
vn 0.016332378611191526 0.9995187521117269 0.026372667402389024
vn 0.016332378611191526 0.9995187521117269 0.026372667402389024
vn 0.016332378611191526 0.9995187521117269 0.026372667402389024
vn -0.07845025331909984 0.9962017310528637 -0.03778450477969988
vn -0.07845025331909984 0.9962017310528637 -0.03778450477969988
vn -0.07845025331909984 0.9962017310528637 -0.03778450477969988
vn -0.0508570516222267 0.9951349978464904 0.08437947831883968
vn -0.0508570516222267 0.9951349978464904 0.08437947831883968
vn -0.0508570516222267 0.9951349978464904 0.08437947831883968
vn -0.12630121401201747 0.9919919364778629 -0.00003608310359841097
vn -0.12630121401198008 0.9919919364775692 -0.000036091303602625825
vn -0.12630111136782965 0.9919919495467546 -0.00003607880398278028
vn -0.1720972984842618 0.9850774576905874 -0.0022186041260088985
vn -0.1720972984842618 0.9850774576905874 -0.0022186041260088985
vn -0.1720972984842618 0.9850774576905874 -0.0022186041260088985
vn -0.1438152794059365 0.9841631678227757 0.10363408951899719
vn -0.1438152794059365 0.9841631678227757 0.10363408951899719
vn -0.1438152794059365 0.9841631678227757 0.10363408951899719
vn -0.21945539569248118 0.9753886662326035 -0.021360690214488127
vn -0.21945539569248118 0.9753886662326035 -0.021360690214488127
vn -0.21945539569248118 0.9753886662326035 -0.021360690214488127
vn -0.2557576589472481 0.9662931534023871 0.029420427894474313
vn -0.2557576589472481 0.9662931534023871 0.029420427894474313
vn -0.2557576589472481 0.9662931534023871 0.029420427894474313
vn -0.2810632865992751 0.9595568116891805 -0.01594221022657041
vn -0.2810632865992751 0.9595568116891805 -0.01594221022657041
vn -0.2810632865992751 0.9595568116891805 -0.01594221022657041
vn -0.294120306602317 0.9557500314750974 -0.005926430587570154
vn -0.294120306602317 0.9557500314750974 -0.005926430587570154
vn -0.294120306602317 0.9557500314750974 -0.005926430587570154
vn -0.01685397899895504 0.3803080650323673 -0.9247062879981078
vn -0.01685391754912469 0.3803080654263537 -0.9247062889560725
vn -0.01685391754912469 0.3803080654263537 -0.9247062889560725
vn 0.014837620274112376 0.922963407285437 -0.3846016040484721
vn 0.014837620274112376 0.922963407285437 -0.3846016040484721
vn 0.014837620274112376 0.922963407285437 -0.3846016040484721
vn -0.013507359118258802 0.5719442532022787 -0.8201812741574501
vn -0.013507359118258802 0.5719442532022787 -0.8201812741574501
vn -0.013507359118258802 0.5719442532022787 -0.8201812741574501
vn 0.0027322168072672877 0.38079535418566995 -0.9246553050850507
vn 0.0027322757129795436 0.38079535412438237 -0.9246553049362309
vn 0.0027322168072672877 0.38079535418566995 -0.9246553050850507
vn -0.09741722921863412 0.3680883098887206 -0.9246733907573145
vn -0.09741722921863412 0.3680883098887206 -0.9246733907573145
vn -0.09741722921863412 0.3680883098887206 -0.9246733907573145
vn -0.09748290917640677 0.36832787428161756 -0.9245710678177689
vn -0.09743725398462875 0.3681565779612758 -0.9246441021494584
vn -0.09748297358679377 0.36832789243955355 -0.9245710537928997
vn -0.23619100608924545 0.8923900186901461 -0.3845177020434178
vn -0.23619100608924545 0.8923900186901461 -0.3845177020434178
vn -0.23619100608924545 0.8923900186901461 -0.3845177020434178
vn -0.23618287668322438 0.8923429593677283 -0.384631891070516
vn -0.23618287668322438 0.8923429593677283 -0.384631891070516
vn -0.23618287668322438 0.8923429593677283 -0.384631891070516
vn -0.06553714666534446 0.37516098894785876 -0.9246399919853293
vn -0.06553713997951406 0.3751609635232742 -0.9246400027749148
vn -0.06553310361740093 0.37516189800088195 -0.9246399097046626
vn -0.06555317933698214 0.37532829358661307 -0.9245709560180736
vn -0.06555317933698214 0.37532829358661307 -0.9245709560180736
vn -0.06555317933698214 0.37532829358661307 -0.9245709560180736
vn -0.15882738309501312 0.9093687152942249 -0.38447678996699036
vn -0.15882738309501312 0.9093687152942249 -0.38447678996699036
vn -0.15882738309501312 0.9093687152942249 -0.38447678996699036
vn -0.15886868259834885 0.9093908509212507 -0.3844073645889066
vn -0.15886868259834885 0.9093908509212507 -0.3844073645889066
vn -0.15886868259834885 0.9093908509212507 -0.3844073645889066
vn -0.029472347587165923 0.3213747765769955 -0.9464933352685518
vn -0.029472409001064508 0.3213747759947971 -0.9464933335538968
vn -0.02947247013268383 0.32137480213688363 -0.9464933227739944
vn -0.029933858441779555 0.3798179598414957 -0.9245768121149435
vn -0.029933858441779555 0.3798179598414957 -0.9245768121149435
vn -0.029933858441779555 0.3798179598414957 -0.9245768121149435
vn -0.0724916396074916 0.9203158775088983 -0.38440037433910496
vn -0.0724916396074916 0.9203158775088983 -0.38440037433910496
vn -0.07249163219606393 0.9203158780059653 -0.3844003745467214
vn -0.0724677887086367 0.9202459410690372 -0.38457226570001446
vn -0.0724677887086367 0.9202459410690372 -0.38457226570001446
vn -0.0724677887086367 0.9202459410690372 -0.38457226570001446
vn -0.3291121357373695 0.862619025131491 -0.3841531199815816
vn -0.3291121357373695 0.862619025131491 -0.3841531199815816
vn -0.3291121357373695 0.862619025131491 -0.3841531199815816
vn -0.12193950132590227 0.3606198092688652 -0.9247075814436029
vn -0.12193951390778343 0.3606197052347082 -0.9247076203559509
vn -0.12193951390778343 0.3606197052347082 -0.9247076203559509
vn -0.24158469214369624 0.5376021348734875 -0.8078494792356459
vn -0.24158469214369624 0.5376021348734875 -0.8078494792356459
vn -0.24158469214369624 0.5376021348734875 -0.8078494792356459
vn -0.3297974769483088 0.5080511576419673 -0.795686901624745
vn -0.3297974769483088 0.5080511576419673 -0.795686901624745
vn -0.3297974769483088 0.5080511576419673 -0.795686901624745
vn -0.2242084853754324 0.49603106756352006 -0.8388585906441258
vn -0.2242084853754324 0.49603106756352006 -0.8388585906441258
vn -0.2242084853754324 0.49603106756352006 -0.8388585906441258
vn -0.26908741134344805 0.49165837316029143 -0.8281690703943595
vn -0.26908741134344805 0.49165837316029143 -0.8281690703943595
vn -0.26908741134344805 0.49165837316029143 -0.8281690703943595
vn -0.2882042876618128 0.32040316437852434 -0.9023747009028873
vn -0.2882042876618128 0.32040316437852434 -0.9023747009028873
vn -0.2882042876618128 0.32040316437852434 -0.9023747009028873
vn -0.2549979071278106 0.10064170432960179 -0.961689822505193
vn -0.2549979071278106 0.10064170432960179 -0.961689822505193
vn -0.2549979071278106 0.10064170432960179 -0.961689822505193
vn -0.32202819898284274 0.6846228435071496 -0.6539032047696752
vn -0.32202847865165607 0.6846228044862103 -0.6539031078949971
vn -0.32202819898284274 0.6846228435071496 -0.6539032047696752
vn -0.17122051045869835 0.9530497748229393 -0.249759211057786
vn -0.17122051045869835 0.9530497748229393 -0.249759211057786
vn -0.17122051045869835 0.9530497748229393 -0.249759211057786
vn -0.1321199972524505 0.961427501900965 -0.2412497977501382
vn -0.1321199972524505 0.961427501900965 -0.2412497977501382
vn -0.1321199972524505 0.961427501900965 -0.2412497977501382
vn -0.17957659595665773 0.7853849761992308 -0.5923872764882386
vn -0.17957659595665773 0.7853849761992308 -0.5923872764882386
vn -0.17957659595665773 0.7853849761992308 -0.5923872764882386
vn -0.2230419103799801 0.5026534276949235 -0.8352196344917864
vn -0.2230419103799801 0.5026534276949235 -0.8352196344917864
vn -0.2230419103799801 0.5026534276949235 -0.8352196344917864
vn -0.256707612252624 0.8414688822857045 -0.4754275149340892
vn -0.256707612252624 0.8414688822857045 -0.4754275149340892
vn -0.256707612252624 0.8414688822857045 -0.4754275149340892
vn -0.3268585992973832 0.8266496985849794 -0.45805428924387925
vn -0.3268585992973832 0.8266496985849794 -0.45805428924387925
vn -0.3268585992973832 0.8266496985849794 -0.45805428924387925
vn -0.3214130771689888 0.7211755675820173 -0.6136769789942561
vn -0.3214130771689888 0.7211755675820173 -0.6136769789942561
vn -0.3214130771689888 0.7211755675820173 -0.6136769789942561
vn -0.3450975923145776 0.7146625926410998 -0.6084118921077917
vn -0.3450975923145776 0.7146625926410998 -0.6084118921077917
vn -0.3450975923145776 0.7146625926410998 -0.6084118921077917
vn -0.27838480228650736 0.6220251863338723 -0.7318378026736618
vn -0.27838480228650736 0.6220251863338723 -0.7318378026736618
vn -0.27838482795708097 0.6220251174972187 -0.7318378514164716
vn -0.20304808059538765 0.3359636670834745 -0.9197281616686276
vn -0.20304808059538765 0.3359636670834745 -0.9197281616686276
vn -0.20304808059538765 0.3359636670834745 -0.9197281616686276
vn -0.355148365697207 0.41279946672439216 -0.8387289422779332
vn -0.355148365697207 0.41279946672439216 -0.8387289422779332
vn -0.355148365697207 0.41279946672439216 -0.8387289422779332
vn -0.10719060153033123 0.3811613023374986 -0.9182735085713558
vn -0.10719060153033123 0.3811613023374986 -0.9182735085713558
vn -0.10719060153033123 0.3811613023374986 -0.9182735085713558
vn -0.19140691983335942 0.5029553752128769 -0.8428518740469053
vn -0.19140691983335942 0.5029553752128769 -0.8428518740469053
vn -0.1914068787851494 0.5029555636316905 -0.8428517709334518
vn 0.00971513812482066 0.38278547408437574 -0.9237861748917958
vn 0.00971513812482066 0.38278547408437574 -0.9237861748917958
vn 0.00971513812482066 0.38278547408437574 -0.9237861748917958
vn 0.020037649001703954 0.9216914682066547 -0.38740589832570393
vn 0.020037649001703954 0.9216914682066547 -0.38740589832570393
vn 0.020037649001703954 0.9216914682066547 -0.38740589832570393
vn 0.03591786624094759 0.8860357818705723 -0.46222343096137103
vn 0.03591786624094759 0.8860357818705723 -0.46222343096137103
vn 0.03591786624094759 0.8860357818705723 -0.46222343096137103
vn 0.13764940143119375 0.9747742968656941 -0.17569209559802582
vn 0.13764940143119375 0.9747742968656941 -0.17569209559802582
vn 0.13764940143119375 0.9747742968656941 -0.17569209559802582
vn 0.0870503632434738 0.9442895035512084 -0.31739497119864984
vn 0.08705030409049873 0.944289508450753 -0.31739497284548673
vn 0.08705031066120238 0.9442894989061739 -0.31739499943968114
vn 0.1784378918725839 0.8960644169949961 -0.40648306156528324
vn 0.17843777919371875 0.8960644345641612 -0.4064830722989871
vn 0.1784378918725839 0.8960644169949961 -0.40648306156528324
vn 0.03952573826219536 0.7061815574451853 -0.7069266750796162
vn 0.03952573826219536 0.7061815574451853 -0.7069266750796162
vn 0.03952573826219536 0.7061815574451853 -0.7069266750796162
vn 0.08035413834274531 0.7026977463326487 -0.7069364113908772
vn 0.08035413834274531 0.7026977463326487 -0.7069364113908772
vn 0.08035413834274531 0.7026977463326487 -0.7069364113908772
vn 0.1682952752014348 0.8144524502631522 -0.5552872289232132
vn 0.1682952752014348 0.8144524502631522 -0.5552872289232132
vn 0.1682952752014348 0.8144524502631522 -0.5552872289232132
vn 0.24337777626143903 0.795364205342135 -0.5551243454240778
vn 0.24337777626143903 0.795364205342135 -0.5551243454240778
vn 0.24337777626143903 0.795364205342135 -0.5551243454240778
vn 0.2483764056265933 0.8538935998761559 -0.4573564050262697
vn 0.2483764056265933 0.8538935998761559 -0.4573564050262697
vn 0.2483764056265933 0.8538935998761559 -0.4573564050262697
vn 0.32921149344359407 0.9015954463858181 -0.28061618563617413
vn 0.32921149344359407 0.9015954463858181 -0.28061618563617413
vn 0.32921149344359407 0.9015954463858181 -0.28061618563617413
vn 0.2577115069169501 0.6586480915316594 -0.7069423390378438
vn 0.2577114125887623 0.6586480789542152 -0.7069423851428251
vn 0.2577114960577482 0.6586480637781738 -0.706942368854025
vn 0.0690103678689825 0.5514908900291243 -0.8313214584873122
vn 0.06901030854820174 0.551490892297592 -0.8313214619068173
vn 0.0690103678689825 0.5514908900291243 -0.8313214584873122
vn 0.11248388145684121 0.5444532634904461 -0.8312147858929161
vn 0.11248388145684121 0.5444532634904461 -0.8312147858929161
vn 0.11248388145684121 0.5444532634904461 -0.8312147858929161
vn 0.10696829903968963 0.36781129407849844 -0.9237275761548185
vn 0.1069236043747705 0.3676862184360927 -0.9237825434590511
vn 0.10696829903968963 0.36781129407849844 -0.9237275761548185
vn 0.12856398636401312 0.36062628349281406 -0.9238073311380216
vn 0.12856399963713586 0.36062630872843415 -0.9238073194396148
vn 0.12856399963713586 0.36062630872843415 -0.9238073194396148
vn 0.008020698879589505 0.06407480571377935 -0.9979128657664579
vn 0.008020698879589505 0.06407480571377935 -0.9979128657664579
vn 0.008020698879589505 0.06407480571377935 -0.9979128657664579
vn 0.006315289108538601 0.038140103482423145 -0.9992524453959697
vn 0.006315289108538601 0.038140103482423145 -0.9992524453959697
vn 0.006315289108538601 0.038140103482423145 -0.9992524453959697
vn 0.06623445289725939 0.26070197780905624 -0.9631445769020595
vn 0.06623445289725939 0.26070197780905624 -0.9631445769020595
vn 0.06623445289725939 0.26070197780905624 -0.9631445769020595
vn 0.03172063099760531 0.07066392192049432 -0.9969956929234589
vn 0.03172063099760531 0.07066392192049432 -0.9969956929234589
vn 0.03172063099760531 0.07066392192049432 -0.9969956929234589
vn 0.33495728757092075 0.6242957449434151 -0.7057325544061843
vn 0.33495728757092075 0.6242957449434151 -0.7057325544061843
vn 0.33495730166087806 0.6242957712043765 -0.7057325244881352
vn 0.3957681069378176 0.7291511314803696 -0.5583065761673893
vn 0.39576818234075356 0.7291511056797736 -0.5583065564120302
vn 0.3957682881143258 0.7291510762284558 -0.558306519895604
vn 0.5490809586114627 0.6696526294875335 -0.5000754510178936
vn 0.5490810329786192 0.669652647491717 -0.500075345253559
vn 0.5490810221621474 0.6696525746954335 -0.5000754546117497
vn 0.5617759112212821 0.6592501862360396 -0.49979697630062286
vn 0.5617759112212821 0.6592501862360396 -0.49979697630062286
vn 0.5617759112212821 0.6592501862360396 -0.49979697630062286
vn 0.686203801904908 0.30762491711217177 -0.6591595046898584
vn 0.6862037830316856 0.30762499805828086 -0.6591594865604574
vn 0.6862037830316856 0.30762499805828086 -0.6591594865604574
vn 0.38043297048115027 0.22338298380620603 -0.8974245358339189
vn 0.38043297048115027 0.22338298380620603 -0.8974245358339189
vn 0.38043297048115027 0.22338298380620603 -0.8974245358339189
vn 0.25414365016173224 0.43130376062972875 -0.8656720344039796
vn 0.25414365016173224 0.43130376062972875 -0.8656720344039796
vn 0.25414365016173224 0.43130376062972875 -0.8656720344039796
vn 0.27337419916982436 0.4189819980899648 -0.8658640958630851
vn 0.27337411644454573 0.4189820083305363 -0.86586411702615
vn 0.273374281895097 0.4189819878493907 -0.865864074700015
vn 0.08957206385456093 0.08797590363444122 -0.9920872369688758
vn 0.08957206385456093 0.08797590363444122 -0.9920872369688758
vn 0.08957206385456093 0.08797590363444122 -0.9920872369688758
vn 0.3119448195817095 0.2682139040012763 -0.9114558306558408
vn 0.3119448195817095 0.2682139040012763 -0.9114558306558408
vn 0.3119448195817095 0.2682139040012763 -0.9114558306558408
vn 0.27948567375380245 0.24874228331750864 -0.927369955657598
vn 0.27948575617698823 0.24874227710194402 -0.9273699324845057
vn 0.27948567375380245 0.24874228331750864 -0.927369955657598
vn 0.4045940926384431 0.2946104102568289 -0.8657414893433131
vn 0.4045940926384431 0.2946104102568289 -0.8657414893433131
vn 0.4045940926384431 0.2946104102568289 -0.8657414893433131
vn 0.4354890777704501 0.24732788799410177 -0.8655507951374198
vn 0.4354890777704501 0.24732788799410177 -0.8655507951374198
vn 0.4354890777704501 0.24732788799410177 -0.8655507951374198
vn 0.12688638600568847 0.057040629532283574 -0.9902758260348357
vn 0.12688638600568847 0.057040629532283574 -0.9902758260348357
vn 0.12688638600568847 0.057040629532283574 -0.9902758260348357
vn 0.6523066600436892 -0.6559136946391763 -0.37983318239384
vn 0.6523066600436892 -0.6559136946391763 -0.37983318239384
vn 0.6523066600436892 -0.6559136946391763 -0.37983318239384
vn 0.4601151232206285 -0.8025775351281921 -0.379688521674308
vn 0.4601151232206285 -0.8025775351281921 -0.379688521674308
vn 0.4601151232206285 -0.8025775351281921 -0.379688521674308
vn 0.7375552066435996 0.16563619691703352 -0.6546579010626687
vn 0.7375552066435996 0.16563619691703352 -0.6546579010626687
vn 0.7375552066435996 0.16563619691703352 -0.6546579010626687
vn 0.6467476385324349 -0.29707487949858224 -0.7024699338929902
vn 0.6467476385324349 -0.29707487949858224 -0.7024699338929902
vn 0.6467476385324349 -0.29707487949858224 -0.7024699338929902
vn 0.536529955548519 -0.464528737115026 -0.7045201623753738
vn 0.5365298984935509 -0.46452888833415323 -0.7045201061187223
vn 0.5365300056699533 -0.4645287885090876 -0.7045200903182812
vn 0.3060733790067108 -0.6403845787378157 -0.7044335866341159
vn 0.30607336615545033 -0.640384551849659 -0.7044336166613451
vn 0.30607336615545033 -0.640384551849659 -0.7044336166613451
vn 0.1591005906686364 -0.968301406510574 -0.19256008983830347
vn 0.15910048900085785 -0.9683014225800001 -0.19256009303393049
vn 0.1591005906686364 -0.968301406510574 -0.19256008983830347
vn 0.11517819785131442 -0.7021585716857528 -0.7026430978440954
vn 0.11517819785131442 -0.7021585716857528 -0.7026430978440954
vn 0.11517819785131442 -0.7021585716857528 -0.7026430978440954
vn 0.027912849083857674 -0.5551049018507276 -0.8313118673502239
vn 0.027912849083857674 -0.5551049018507276 -0.8313118673502239
vn 0.027912849083857674 -0.5551049018507276 -0.8313118673502239
vn 0.3819820034619556 -0.040131390596941416 -0.9232980128430616
vn 0.3819820034619556 -0.040131390596941416 -0.9232980128430616
vn 0.3819818799396806 -0.04013143484729873 -0.9232980620226844
vn 0.5531420118782123 0.05421810976695078 -0.8313208233098835
vn 0.5531420118782123 0.05421810976695078 -0.8313208233098835
vn 0.5531420118782123 0.05421810976695078 -0.8313208233098835
vn 0.5569719097803201 -0.12037909077699362 -0.8217610152710868
vn 0.5569719097803201 -0.12037909077699362 -0.8217610152710868
vn 0.5569719097803201 -0.12037909077699362 -0.8217610152710868
vn 0.17657031376963955 -0.23146172206176807 -0.9566861530907049
vn 0.17657031376963955 -0.23146172206176807 -0.9566861530907049
vn 0.17657031376963955 -0.23146172206176807 -0.9566861530907049
vn 0.14095920498156075 -0.9885239126993312 0.05432289160723679
vn 0.14095920498156075 -0.9885239126993312 0.05432289160723679
vn 0.14095920498156075 -0.9885239126993312 0.05432289160723679
vn 0.1825708756773629 -0.981685941754593 -0.054411277468910814
vn 0.18257087626947002 -0.9816859449383606 -0.05441121804073017
vn 0.1825709187427572 -0.9816859329465667 -0.05441129188187512
vn 0.45003114456489174 -0.8913381358347878 -0.054665313757250936
vn 0.45003114456489174 -0.8913381358347878 -0.054665313757250936
vn 0.45003114456489174 -0.8913381358347878 -0.054665313757250936
vn 0.48714751996407685 -0.871628361794655 0.05432580149445855
vn 0.48714751996407685 -0.871628361794655 0.05432580149445855
vn 0.48714751996407685 -0.871628361794655 0.05432580149445855
vn 0.7261572346879609 -0.6853745453885114 0.05438201029591389
vn 0.7261572346879609 -0.6853745453885114 0.05438201029591389
vn 0.7261572346879609 -0.6853745453885114 0.05438201029591389
vn 0.746941507557708 -0.664889753483552 0
vn 0.746941507557708 -0.664889753483552 0
vn 0.746941507557708 -0.664889753483552 0
vn 0.8962753751784972 -0.44349797276723174 0
vn 0.8962753751784972 -0.44349797276723174 0
vn 0.8962753751784972 -0.44349797276723174 0
vn 0.9074029134058332 -0.4167878837436169 -0.05392413844581325
vn 0.9074029134058332 -0.4167878837436169 -0.05392413844581325
vn 0.9074029134058332 -0.4167878837436169 -0.05392413844581325
vn 0.9930451164522982 -0.10449040197261607 -0.054250830277909515
vn 0.9930451164522982 -0.10449040197261607 -0.054250830277909515
vn 0.9930451088400074 -0.10449050547976417 -0.054250770257398315
vn 0.9971219323328371 -0.07581459002612406 0
vn 0.9971219323328371 -0.07581459002612406 0
vn 0.9971219323328371 -0.07581459002612406 0
vn 0.9538218800265009 0.3003728036668956 0
vn 0.9538218800265009 0.3003728036668956 0
vn 0.9538218800265009 0.3003728036668956 0
vn 0.9706307113632671 0.21797567740864765 0.10179698530250875
vn 0.9706307113632671 0.21797567740864765 0.10179698530250875
vn 0.9706307113632671 0.21797567740864765 0.10179698530250875
vn 0.00104993486787502 -0.9984929385480265 0.054870295301740084
vn 0.00104993486787502 -0.9984929385480265 0.054870295301740084
vn 0.00104993486787502 -0.9984929385480265 0.054870295301740084
vn -0.0010499348644411805 -0.9984929352824291 -0.05487035472692887
vn -0.0010499348644411805 -0.9984929352824291 -0.05487035472692887
vn -0.0010499348644411805 -0.9984929352824291 -0.05487035472692887
vn 0.2222603891651461 0.9735097438594684 0.05365722708853162
vn 0.2222603891651461 0.9735097438594684 0.05365722708853162
vn 0.22232620436072242 0.97349101383826 0.053724341137991426
vn 0.5461295143432756 0.7888746111883006 0.2818144804400326
vn 0.5461295143432756 0.7888746111883006 0.2818144804400326
vn 0.5461295143432756 0.7888746111883006 0.2818144804400326
vn 0.8785274965278158 0.42325727900302673 -0.22145589541830363
vn 0.8785274965278158 0.42325727900302673 -0.22145589541830363
vn 0.8785274965278158 0.42325727900302673 -0.22145589541830363
vn 0.878442482835115 -0.42339588010552215 0.22152817667319308
vn 0.878442482835115 -0.42339588010552215 0.22152817667319308
vn 0.878442482835115 -0.42339588010552215 0.22152817667319308
vn 0.7819392706386891 -0.6233546157950824 0
vn 0.7819393228521421 -0.6233545502982499 0
vn 0.7819393228521421 -0.6233545502982499 0
vn 0.14248669426736219 -0.9897967174914046 0
vn 0.14248669426736219 -0.9897967174914046 0
vn 0.14248669426736219 -0.9897967174914046 0
vn 0.22233650398926924 -0.9734971063241521 -0.053571102026485254
vn 0.22233657490073258 -0.9734970905863767 -0.053571093709862065
vn 0.22233650327932916 -0.9734971032156899 -0.05357116146007342
vn 0.5809048823902102 -0.13252409867441567 -0.8031107525651425
vn 0.5809048823902102 -0.13252409867441567 -0.8031107525651425
vn 0.5809048823902102 -0.13252409867441567 -0.8031107525651425
vn 0.3044352874900628 -0.6319668387335539 -0.7126970397524893
vn 0.3044353030627631 -0.6319668687994111 -0.7126970064402903
vn 0.3044352874900628 -0.6319668387335539 -0.7126970397524893
vn 0.2584669957014856 0.536852612521075 -0.8031090116306409
vn 0.2584669957014856 0.536852612521075 -0.8031090116306409
vn 0.2584669957014856 0.536852612521075 -0.8031090116306409
vn -0.3930671902579791 -0.17939748287468507 -0.9018396349024169
vn -0.3930672658514053 -0.1793974765701286 -0.9018396032091133
vn -0.3930671902579791 -0.17939748287468507 -0.9018396349024169
vn 0.15930149424701337 -0.6980738247789664 -0.6980802024761438
vn 0.15930149424695225 -0.6980737651740521 -0.6980802620805224
vn 0.15930149424707338 -0.6980738843838757 -0.6980801428717601
vn 0.13606681312537353 0.9716610585876236 -0.19328892774880635
vn 0.1360667174933247 0.9716610737385843 -0.1932889189058002
vn 0.13606690166085283 0.9716610523642641 -0.1932888967084935
vn 0.39395391103546246 0.1896060068829296 -0.8993608164323
vn 0.39395391103546246 0.1896060068829296 -0.8993608164323
vn 0.39395391103546246 0.1896060068829296 -0.8993608164323
vn 0.45433439842433815 0.39964248883871945 -0.7961571047997931
vn 0.45433439842433815 0.39964248883871945 -0.7961571047997931
vn 0.45433439842433815 0.39964248883871945 -0.7961571047997931
vn 0.38584189716659206 -0.18597100245938658 -0.9036264807071205
vn 0.38584189716659206 -0.18597100245938658 -0.9036264807071205
vn 0.38584189716659206 -0.18597100245938658 -0.9036264807071205
vn 0 -0.9808098845443733 -0.19496658785559373
vn 0 -0.9808098845443733 -0.19496658785559373
vn 0 -0.9808098845443733 -0.19496658785559373
vn 0 -0.7071078838715884 -0.707105678499787
vn 0 -0.7071078838715884 -0.707105678499787
vn 0 -0.7071078838715884 -0.707105678499787
vn 0.002854882755835423 -0.5557201536535764 -0.8313645172051163
vn 0.0028564916053859793 -0.5556006443549442 -0.831444384458804
vn 0.0028603065042999893 -0.5556006382963454 -0.8314443753922417
vn 0 -0.19496658785559373 -0.9808098845443733
vn 0 -0.19496658785559373 -0.9808098845443733
vn 0 -0.19496658785559373 -0.9808098845443733
vn 0 0.1951279911772354 -0.9807777867892078
vn 0 0.1951279911772354 -0.9807777867892078
vn 0 0.1951279911772354 -0.9807777867892078
vn -0.002871632119194661 0.5553386824589756 -0.8316193248678757
vn -0.0028716318863659363 0.5553386824593468 -0.8316193248684317
vn -0.0028715718165550287 0.5553386825551416 -0.8316193250118844
vn 0 0.707107466639613 -0.7071060957328175
vn 0 0.707107466639613 -0.7071060957328175
vn 0 0.707107466639613 -0.7071060957328175
vn 0 0.9807784647961962 -0.19512458325904608
vn 0 0.9807784647961962 -0.19512458325904608
vn 0 0.9807784647961962 -0.19512458325904608
vn -0.0010568490237093137 0.998484908135655 0.05501610032957347
vn -0.0010567898817596944 0.9984849053330922 0.05501615232921739
vn -0.0010568490237093137 0.998484908135655 0.05501610032957347
vn 0.0010567900012071485 0.9984849081979367 -0.05501610033300516
vn 0.0010568489077273265 0.9984849085450587 -0.05501609290155086
vn 0.0010586380034429375 0.9984796273596424 -0.05511182299041852
vn 0 -0.1949666881987633 0.9808098645980302
vn 0 -0.1949666881987633 0.9808098645980302
vn 0 -0.1949666881987633 0.9808098645980302
vn -0.0014569158616576931 -0.38269728292773386 0.9238726465459957
vn -0.0014587038807773337 -0.38269728193019603 0.9238726441378314
vn -0.0014569158616576931 -0.38269728292773386 0.9238726465459957
vn 0.0014612069948822133 -0.7071048938160361 0.7071071587924495
vn 0.0014612069948822133 -0.7071048938160361 0.7071071587924495
vn 0.0014612069948822133 -0.7071048938160361 0.7071071587924495
vn -0.0014567370244471071 -0.9239041626401241 0.38262119148511975
vn -0.0014567969782094525 -0.9239041625594314 0.38262119145170204
vn -0.0014567969782094525 -0.9239041625594314 0.38262119145170204
vn 0.17891959565274781 -0.9074774242105185 0.3800953865014674
vn 0.17893292135950803 -0.9075118367264647 0.3800069418512122
vn 0.17893292135950803 -0.9075118367264647 0.3800069418512122
vn 0.4080296928080245 -0.8301105841456983 0.3800370875010446
vn 0.4080297332159458 -0.8301105461174739 0.38003712718137583
vn 0.4080296928080245 -0.8301105841456983 0.3800370875010446
vn 0.08513878166347004 -0.7045340439105836 0.7045446535372047
vn 0.08513878166347004 -0.7045340439105836 0.7045446535372047
vn 0.08513878166347004 -0.7045340439105836 0.7045446535372047
vn 0.35949691081162244 -0.6120238125564178 0.7044067177283357
vn 0.35949691081162244 -0.6120238125564178 0.7044067177283357
vn 0.35949691081162244 -0.6120238125564178 0.7044067177283357
vn 0.5177328540876969 -0.4886441485663472 0.7022674617765494
vn 0.5177328540876969 -0.4886441485663472 0.7022674617765494
vn 0.5177328540876969 -0.4886441485663472 0.7022674617765494
vn 0.1814771993446383 -0.0844566800548683 0.9797617543628329
vn 0.1814771993446383 -0.0844566800548683 0.9797617543628329
vn 0.1814771993446383 -0.0844566800548683 0.9797617543628329
vn 0.4086713852135677 -0.2657882611050535 0.8731233012389349
vn 0.4086713736567958 -0.26578816418189133 0.8731233361526237
vn 0.40867141651279526 -0.26578820247395185 0.8731233044370602
vn 0.08225373728036443 -0.26142277691519866 0.9617132911701695
vn 0.08225373728036443 -0.26142277691519866 0.9617132911701695
vn 0.08225373728036443 -0.26142277691519866 0.9617132911701695
vn 0.09219527477791017 -0.19426811232857777 0.9766063341187772
vn 0.0921952622908362 -0.19426808681483296 0.9766063403728384
vn 0.09219527477791017 -0.19426811232857777 0.9766063341187772
vn 0.5560910109751791 0.0013828268284727348 0.8311202532140375
vn 0.5560910109751791 0.0013828268284727348 0.8311202532140375
vn 0.5560910109751791 0.0013828268284727348 0.8311202532140375
vn 0.9163679281391386 -0.12595447624164524 0.3800069607160837
vn 0.9163679281391386 -0.12595447624164524 0.3800069607160837
vn 0.9163679281391386 -0.12595447624164524 0.3800069607160837
vn 0.8524478624610371 -0.35917055399017817 0.37990677136897305
vn 0.8524478273929346 -0.35917059413073343 0.3799068121063919
vn 0.8524478273929346 -0.35917059413073343 0.3799068121063919
vn 0.5524940529250711 0.06299864544693003 0.831132656171252
vn 0.5524940529250711 0.06299864544693003 0.831132656171252
vn 0.5524940529250711 0.06299864544693003 0.831132656171252
vn 0.41810634505536465 0.9083980868674506 0
vn 0.41810634505536465 0.9083980868674506 0
vn 0.41810639424034557 0.9083980642291883 0
vn 0.4578727914724763 0.8784023778391671 0.13697360853718987
vn 0.4578727914724763 0.8784023778391671 0.13697360853718987
vn 0.4578727914724763 0.8784023778391671 0.13697360853718987
vn 0.9027890130957431 0.4175661580120041 0.10300728865817287
vn 0.9027890130957431 0.4175661580120041 0.10300728865817287
vn 0.9027890130957431 0.4175661580120041 0.10300728865817287
vn 0.8998197514342309 0.433724472492192 0.04698400674919997
vn 0.8998197514342309 0.433724472492192 0.04698400674919997
vn 0.8998197514342309 0.433724472492192 0.04698400674919997
vn 0.8608710265723151 0.505800252828757 -0.05538212569678132
vn 0.8608710265723151 0.505800252828757 -0.05538212569678132
vn 0.8608710265723151 0.505800252828757 -0.05538212569678132
vn 0.8140756586612931 0.5804779599997185 0.0180598983869577
vn 0.8140757077800748 0.5804778929181122 0.018059840412334015
vn 0.8140756586612931 0.5804779599997185 0.0180598983869577
vn 0.8084925612399603 0.5884736325345651 -0.006209849533009906
vn 0.8084925612399603 0.5884736325345651 -0.006209849533009906
vn 0.808492610244248 0.5884735652142877 -0.00620984898592965
vn 0.7589654752001895 0.6499671790035563 -0.038911099602935345
vn 0.7589654206364095 0.6499672429251236 -0.03891109613608315
vn 0.7589654206364095 0.6499672429251236 -0.03891109613608315
vn 0.7441133612101779 0.6620837828374426 -0.08910875474471289
vn 0.7441133612101779 0.6620837828374426 -0.08910875474471289
vn 0.7441133612101779 0.6620837828374426 -0.08910875474471289
vn 0.5962923981389188 0.7979116133083688 -0.08816140464723449
vn 0.5962923981389188 0.7979116133083688 -0.08816140464723449
vn 0.5962923981389188 0.7979116133083688 -0.08816140464723449
vn 0.7086249428082029 0.6937740286690708 0.12856238786814211
vn 0.7086249428082029 0.6937740286690708 0.12856238786814211
vn 0.7086249428082029 0.6937740286690708 0.12856238786814211
vn 0.6037586163372398 0.774672367475293 0.1880379117858049
vn 0.6037586163372398 0.774672367475293 0.1880379117858049
vn 0.6037586163372398 0.774672367475293 0.1880379117858049
vn 0.575596684639289 0.817732147454473 -0.0016098607875098853
vn 0.575596684639289 0.817732147454473 -0.0016098607875098853
vn 0.575596684639289 0.817732147454473 -0.0016098607875098853
vn 0.5473513027860151 0.8363542588386468 -0.030300248528847683
vn 0.5473513718501801 0.8363542136881711 -0.03030024718986211
vn 0.5473513027860151 0.8363542588386468 -0.030300248528847683
vn -0.1302359985340273 0.9914830228934053 0
vn -0.1302359985340273 0.9914830228934053 0
vn -0.1302359985340273 0.9914830228934053 0
vn -0.12014739479655051 0.9926119665093389 0.016914120316026217
vn -0.12014739479655051 0.9926119665093389 0.016914120316026217
vn -0.12014739479655051 0.9926119665093389 0.016914120316026217
vn -0.17691630430797672 0.9841999581675241 -0.007145880845006645
vn -0.17691627536368262 0.9841999629408099 -0.007145940018648354
vn -0.17691630430797672 0.9841999581675241 -0.007145880845006645
vn -0.3149492501869599 0.9489663421853886 -0.016427148442614066
vn -0.3149492501869599 0.9489663421853886 -0.016427148442614066
vn -0.3149492501869599 0.9489663421853886 -0.016427148442614066
vn -0.3149950763885409 0.9489522460525592 -0.01636265757083088
vn -0.3149950763885409 0.9489522460525592 -0.01636265757083088
vn -0.3149950763885409 0.9489522460525592 -0.01636265757083088
vn -0.2718982695617236 0.9623042937851646 0.0064635262802820725
vn -0.2718982695617236 0.9623042937851646 0.0064635262802820725
vn -0.2718982695617236 0.9623042937851646 0.0064635262802820725
vn -0.2609694657085118 0.9652299495682415 -0.015036037520044076
vn -0.2609694657085118 0.9652299495682415 -0.015036037520044076
vn -0.2609694657085118 0.9652299495682415 -0.015036037520044076
vn -0.22326411750657915 0.9746786549716921 0.012435971075136817
vn -0.22326411750657915 0.9746786549716921 0.012435971075136817
vn -0.22326411750657915 0.9746786549716921 0.012435971075136817
vn -0.21209766992234674 0.977200963365487 -0.009636161636010528
vn -0.21209766992234674 0.977200963365487 -0.009636161636010528
vn -0.21209766992234674 0.977200963365487 -0.009636161636010528
vn -0.16675069881509702 0.9859508248397215 0.009755790206313777
vn -0.16675069881509702 0.9859508248397215 0.009755790206313777
vn -0.16675069881509702 0.9859508248397215 0.009755790206313777
vn -0.018830349922931425 0.9987774030025035 -0.04570686133781718
vn -0.018830349922931425 0.9987774030025035 -0.04570686133781718
vn -0.018830349922931425 0.9987774030025035 -0.04570686133781718
vn -0.04079698811928319 0.9977741937017264 0.05274717189826356
vn -0.04079698811928319 0.9977741937017264 0.05274717189826356
vn -0.04079698811928319 0.9977741937017264 0.05274717189826356
vn -0.07174926288873526 0.9974227004008497 0
vn -0.07174926288873526 0.9974227004008497 0
vn -0.07174926288873526 0.9974227004008497 0
vn -0.007305442544625766 0.9992215891974107 -0.038766560216613385
vn -0.007305442544625766 0.9992215891974107 -0.038766560216613385
vn -0.007305442544625766 0.9992215891974107 -0.038766560216613385
vn 0.34756239429205893 0.9376568573172017 0
vn 0.34756239429205893 0.9376568573172017 0
vn 0.34756239429205893 0.9376568573172017 0
vn 0.3523182622090719 0.9352001683603981 0.03567193872868043
vn 0.3523182622090719 0.9352001683603981 0.03567193872868043
vn 0.3523182622090719 0.9352001683603981 0.03567193872868043
vn 0.2569126793497036 0.9638386401373931 0.07078807079909331
vn 0.2569126793497036 0.9638386401373931 0.07078807079909331
vn 0.2569126793497036 0.9638386401373931 0.07078807079909331
vn 0.25764617595994815 0.9638754827258333 0.0675462938528646
vn 0.25764617595994815 0.9638754827258333 0.0675462938528646
vn 0.25764617595994815 0.9638754827258333 0.0675462938528646
vn 0.2117601748659294 0.9767952407201158 -0.0320731359128156
vn 0.2117601748659294 0.9767952407201158 -0.0320731359128156
vn 0.2117601748659294 0.9767952407201158 -0.0320731359128156
vn 0.20417979585105364 0.9789334047657288 0
vn 0.20417979585105364 0.9789334047657288 0
vn 0.20417979585105364 0.9789334047657288 0
vn 0.14469549471378437 0.989476232058928 0
vn 0.14469549471378437 0.989476232058928 0
vn 0.14469549471378437 0.989476232058928 0
vn 0.07794581946827907 0.9966292187071526 0.025586122148326042
vn 0.07794581946827907 0.9966292187071526 0.025586122148326042
vn 0.07794581946827907 0.9966292187071526 0.025586122148326042
vn 0.07233654138657775 0.997380280926101 0
vn 0.07233654138657775 0.997380280926101 0
vn 0.07233654138657775 0.997380280926101 0
vn 0.006480156808571495 0.999979003563443 0
vn 0.006480156808571495 0.999979003563443 0
vn 0.006480156808571495 0.999979003563443 0
vn 0.1971872941266864 0 0.98036583530588
vn 0.1971872941266864 0 0.98036583530588
vn 0.1971872941266864 0 0.98036583530588
vn 0.05812370117900679 0 0.998309388597169
vn 0.05812370117900679 0 0.998309388597169
vn 0.05812370117900679 0 0.998309388597169
vn 0.04488139964903112 0 0.9989923222755738
vn 0.04488139964903112 0 0.9989923222755738
vn 0.04488139964903112 0 0.9989923222755738
vn 0.1896333061078095 -0.0193234603773078 0.9816648170804883
vn 0.1896333061078095 -0.0193234603773078 0.9816648170804883
vn 0.1896333061078095 -0.0193234603773078 0.9816648170804883
vn 0.13920678084485885 0 0.9902633347583922
vn 0.13920678084485885 0 0.9902633347583922
vn 0.13920678084485885 0 0.9902633347583922
vn 0.13921140106931096 0 0.9902626852569573
vn 0.13921140106931096 0 0.9902626852569573
vn 0.13921140106931096 0 0.9902626852569573
vn 0.1392056977064845 0 0.9902634870205256
vn 0.1392056977064845 0 0.9902634870205256
vn 0.1392056977064845 0 0.9902634870205256
vn 0.13920150945469453 0 0.9902640757724852
vn 0.13920150945469453 0 0.9902640757724852
vn 0.13920150945469453 0 0.9902640757724852
vn 0.13921479842579348 0 0.9902622076497042
vn 0.13921479842579348 0 0.9902622076497042
vn 0.13921479842579348 0 0.9902622076497042
vn 0.13919630290654952 0 0.9902648076434646
vn 0.13919630290654952 0 0.9902648076434646
vn 0.13919630290654952 0 0.9902648076434646
vn 0.13921479842579348 0 0.9902622076497042
vn 0.13921479842579348 0 0.9902622076497042
vn 0.13921479842579348 0 0.9902622076497042
vn 0.09838210256865874 0.0052185045740866685 0.9951350305884022
vn 0.09838210256865874 0.0052185045740866685 0.9951350305884022
vn 0.09838210256865874 0.0052185045740866685 0.9951350305884022
vn 0.0581207763296286 0 0.998309558883837
vn 0.0581207763296286 0 0.998309558883837
vn 0.0581207763296286 0 0.998309558883837
vn 0.05812041619711593 0 0.9983095798503958
vn 0.05812041619711593 0 0.9983095798503958
vn 0.05812041619711593 0 0.9983095798503958
vn 0.2755848693691018 0 0.961276744634351
vn 0.2755848693691018 0 0.961276744634351
vn 0.2755848693691018 0 0.961276744634351
vn 0.2755506098575637 0.0000034454497675733387 0.9612865656999757
vn 0.2755506098575637 0.0000034454497675733387 0.9612865656999757
vn 0.2755506098575637 0.0000034454497675733387 0.9612865656999757
vn 0.2756746642496333 0.000004892589340260589 0.9612509971214149
vn 0.2756746642496333 0.000004892589340260589 0.9612509971214149
vn 0.2756746642496333 0.000004892589340260589 0.9612509971214149
vn 0.2756060049642879 0.000012743999766667221 0.9612706850129236
vn 0.2756060049642879 0.000012743999766667221 0.9612706850129236
vn 0.2756060049642879 0.000012743999766667221 0.9612706850129236
vn 0.2756511523121383 9.269679553908309e-7 0.961257739749403
vn 0.2756511523121383 9.269679553908309e-7 0.961257739749403
vn 0.2756511523121383 9.269679553908309e-7 0.961257739749403
vn 0.27400219595877057 0.00014530598210167858 0.9617290551376427
vn 0.27400219595877057 0.00014530598210167858 0.9617290551376427
vn 0.27400219595877057 0.00014530598210167858 0.9617290551376427
vn 0.2756702019387938 -0.000004811769964322936 0.9612522768450911
vn 0.2756702019387938 -0.000004811769964322936 0.9612522768450911
vn 0.2756702019387938 -0.000004811769964322936 0.9612522768450911
vn 0.27566840753738975 -0.0000036191799418967207 0.9612527914511881
vn 0.27566840753738975 -0.0000036191799418967207 0.9612527914511881
vn 0.27566840753738975 -0.0000036191799418967207 0.9612527914511881
vn 0.16354307679776406 -0.0005602518845575744 0.9865360348965194
vn 0.16354307679776406 -0.0005602518845575744 0.9865360348965194
vn 0.16354307679776406 -0.0005602518845575744 0.9865360348965194
vn 0.11449429270585813 0.0005578539507514306 0.993423749331953
vn 0.11449429270585813 0.0005578539507514306 0.993423749331953
vn 0.11449429270585813 0.0005578539507514306 0.993423749331953
vn 0.08241133601466553 -0.5645595336502336 0.8212678641350267
vn 0.08241127681483142 -0.5645595364234047 0.821267868169174
vn 0.08241134064147243 -0.5645595739105934 0.8212678359947895
vn 0.11762078925144313 0.02063785878831375 0.9928441109864636
vn 0.11762078925144313 0.02063785878831375 0.9928441109864636
vn 0.1176206863863787 0.020637859041515497 0.9928441231674687
vn -0.0023450848710527446 -0.6969177007537297 0.7171472784254868
vn -0.002345084635395728 -0.6969176403091369 0.7171473371657998
vn -0.0023450848710527446 -0.6969177007537297 0.7171472784254868
vn 0.11825589517442192 -0.3789133923616159 0.9178454032926833
vn 0.11825599447618443 -0.37891345979797075 0.9178453626588632
vn 0.11825589517442192 -0.3789133923616159 0.9178454032926833
vn -0.22515128995498748 -0.8900529321154215 0.39637441222201264
vn -0.22515128995498748 -0.8900529321154215 0.39637441222201264
vn -0.22515128995498748 -0.8900529321154215 0.39637441222201264
vn -0.13374990301481007 -0.826809768646257 0.5463483960941514
vn -0.13374999517792693 -0.8268097856840977 0.5463483477479557
vn -0.133749905134491 -0.8268098413542613 0.5463482855434396
vn -0.17710408887509696 -0.9067624374702694 0.38264346812234684
vn -0.17710400025281775 -0.9067624414878355 0.3826434996200373
vn -0.17710408887509696 -0.9067624374702694 0.38264346812234684
vn -0.06817774536288657 -0.8210714533686448 0.5667393258812508
vn -0.06817774536288657 -0.8210714533686448 0.5667393258812508
vn -0.06817774536288657 -0.8210714533686448 0.5667393258812508
vn 0.12819099621743382 -0.38227931247940183 0.9151117941208374
vn 0.12819108561563905 -0.38227928265094585 0.9151117940582791
vn 0.12819109881147336 -0.38227930736780436 0.9151117818845406
vn 0.24054780054745736 -0.12522940052519924 0.9625249881929716
vn 0.24054780054745736 -0.12522940052519924 0.9625249881929716
vn 0.24054780054745736 -0.12522940052519924 0.9625249881929716
vn -0.04859869770691183 -0.8264085980405781 0.5609696922880935
vn -0.04859869770691183 -0.8264085980405781 0.5609696922880935
vn -0.04859869770691183 -0.8264085980405781 0.5609696922880935
vn -0.15272589079791127 -0.9045575291860739 0.3980583860098538
vn -0.15272589079791127 -0.9045575291860739 0.3980583860098538
vn -0.15272589079791127 -0.9045575291860739 0.3980583860098538
vn 0.17484219054598826 -0.38793148885653117 0.9049526884642286
vn 0.17484219054598826 -0.38793148885653117 0.9049526884642286
vn 0.17484219054598826 -0.38793148885653117 0.9049526884642286
vn 0.23081199161428156 -0.210765087507341 0.9498967851377703
vn 0.23081189286308204 -0.21076509258162884 0.949896808007069
vn 0.23081199161428156 -0.210765087507341 0.9498967851377703
vn 0.17325569512227365 -0.38726669154202065 0.9055423644036734
vn 0.17325569512227365 -0.38726669154202065 0.9055423644036734
vn 0.17325579629932525 -0.38726668454334395 0.905542348038728
vn 0.07841240028875293 -0.7128315116722757 0.6969381116340062
vn 0.07841240028875293 -0.7128315116722757 0.6969381116340062
vn 0.07841240028875293 -0.7128315116722757 0.6969381116340062
vn -0.07983939322168196 -0.9225304094983207 0.37757557500565975
vn -0.0798394524463865 -0.9225304051081826 0.37757557320885293
vn -0.0798394524463865 -0.9225304051081826 0.37757557320885293
vn -0.22778236220530598 -0.8876602398152502 0.40021805821239903
vn -0.22778236220530598 -0.8876602398152502 0.40021805821239903
vn -0.22778236220530598 -0.8876602398152502 0.40021805821239903
vn -0.14737138196061705 -0.8216994429291995 0.5505376474582471
vn -0.14737150096276955 -0.8216993821696184 0.550537706289086
vn -0.14737138196061705 -0.8216994429291995 0.5505376474582471
vn 0.12284520841638984 -0.37933051055471206 0.9170700183363509
vn 0.12281370764739605 -0.37941562686774527 0.91703902605203
vn 0.12281370764739605 -0.37941562686774527 0.91703902605203
vn 0.11236748875250598 -0.39614194740390035 0.9112876082656347
vn 0.11236738576141714 -0.39614195204701563 0.9112876189466884
vn 0.11236748875250598 -0.39614194740390035 0.9112876082656347
vn -0.056231141167185764 -0.8345868002845078 0.5479990251395555
vn -0.056231136493136255 -0.8345868458075957 0.5479989562888045
vn -0.056231200583363936 -0.8345867974872742 0.5479990233028605
vn -0.15294778052223001 -0.9127013507404539 0.37892376646216674
vn -0.15294789071082587 -0.9127013262269272 0.37892378103085245
vn -0.15294790353619206 -0.9127013138398266 0.37892380569045536
vn 0.15027388577466752 -0.3883992640372232 0.9091555262712345
vn 0.15026807779775397 -0.3883972762655962 0.9091573354400405
vn 0.15027398130595163 -0.38839927986618494 0.9091555037186364
vn 0.1513614016984178 -0.38387127657991826 0.9108965743117021
vn 0.1513614016984178 -0.38387127657991826 0.9108965743117021
vn 0.1513614016984178 -0.38387127657991826 0.9108965743117021
vn -0.020426328801915455 -0.3983888841545887 0.9169891286562442
vn -0.02042644820398527 -0.3983888581122203 0.9169891373106941
vn -0.020426390243557687 -0.3983888836543903 0.9169891275049157
vn -0.07162939813379123 -0.830606586305636 0.5522335811128193
vn -0.07161836817504826 -0.8305813972009125 0.5522728962783917
vn -0.07162933025337768 -0.8306065171321978 0.5522336939602407
vn 0.11356439587941024 -0.3577444599524426 0.9268883586289558
vn 0.11356439587941024 -0.3577444599524426 0.9268883586289558
vn 0.11356439587941024 -0.3577444599524426 0.9268883586289558
vn 0.10541789220145498 -0.37194716882619444 0.9222485411243441
vn 0.10541789220145498 -0.37194716882619444 0.9222485411243441
vn 0.10541789220145498 -0.37194716882619444 0.9222485411243441
vn -0.15331299897056666 -0.9068018967994383 0.39269001045047197
vn -0.15331299897056666 -0.9068018967994383 0.39269001045047197
vn -0.15331289062191392 -0.9068019325055492 0.3926899702989044
vn -0.06652908097290144 -0.4800896397167915 0.8746929856935534
vn -0.06652908097290144 -0.4800896397167915 0.8746929856935534
vn -0.06652908097290144 -0.4800896397167915 0.8746929856935534
vn -0.06444621000744236 -0.6502824935596336 0.7569540042734046
vn -0.06444621000744236 -0.6502824935596336 0.7569540042734046
vn -0.06444615065035483 -0.6502824960575584 0.7569540071810859
vn 0.03992479946956504 -0.2559496999001933 0.9658652915952183
vn 0.03992479946956504 -0.2559496999001933 0.9658652915952183
vn 0.03992479946956504 -0.2559496999001933 0.9658652915952183
vn 0.05746703590089655 -0.25259256341670305 0.9658646575433558
vn 0.05746703590089655 -0.25259256341670305 0.9658646575433558
vn 0.05746703590089655 -0.25259256341670305 0.9658646575433558
vn 0.05748366570259721 -0.2527166011476051 0.9658312211156742
vn 0.05748366570259721 -0.2527166011476051 0.9658312211156742
vn 0.05748366570259721 -0.2527166011476051 0.9658312211156742
vn 0.07285075635111284 -0.24864830078037012 0.965850293688471
vn 0.07285075635111284 -0.24864830078037012 0.965850293688471
vn 0.07285075635111284 -0.24864830078037012 0.965850293688471
vn -0.0792444220669393 -0.7042078565505872 0.7055576633725299
vn -0.0792444220669393 -0.7042078565505872 0.7055576633725299
vn -0.0792444220669393 -0.7042078565505872 0.7055576633725299
vn 0.011972059362297605 -0.7071572463365542 0.7069549481744415
vn 0.011972059362297605 -0.7071572463365542 0.7069549481744415
vn 0.011972059362297605 -0.7071572463365542 0.7069549481744415
vn 0.011990419445619268 -0.7070981775616433 0.7070137177810064
vn 0.011990419445619268 -0.7070981775616433 0.7070137177810064
vn 0.011990419445619268 -0.7070981775616433 0.7070137177810064
vn 0.060662090528422564 -0.7045779795228232 0.7070289821105339
vn 0.060662090528422564 -0.7045779795228232 0.7070289821105339
vn 0.060662090528422564 -0.7045779795228232 0.7070289821105339
vn 0.060564271698463575 -0.704995627431286 0.7066209268740928
vn 0.060564271698463575 -0.704995627431286 0.7066209268740928
vn 0.060564271698463575 -0.704995627431286 0.7066209268740928
vn 0.1508175027085559 -0.6924714040283614 0.7055050924548627
vn 0.15082080434623488 -0.6924708977138274 0.7055048836087251
vn 0.15082087704009012 -0.692470829789896 0.7055049347374908
vn 0.133583499957544 -0.8558204108451485 0.4997267982807549
vn 0.133583499957544 -0.8558204108451485 0.4997267982807549
vn 0.133583499957544 -0.8558204108451485 0.4997267982807549
vn 0.1921187661802529 -0.8446117142702428 0.4997213541553523
vn 0.1921187661802529 -0.8446117142702428 0.4997213541553523
vn 0.1921187661802529 -0.8446117142702428 0.4997213541553523
vn 0.1921701989715422 -0.844523711367497 0.4998502931531663
vn 0.1921701989715422 -0.844523711367497 0.4998502931531663
vn 0.1921701989715422 -0.844523711367497 0.4998502931531663
vn -0.13269029925157735 -0.9849549804695452 0.11071120509128522
vn -0.13269027693226085 -0.9849549850095038 0.11071119145130767
vn -0.13269029925157735 -0.9849549804695452 0.11071120509128522
vn -0.1166472905998953 -0.9589082199658748 0.25862798626131084
vn -0.11664738613954241 -0.9589082091319617 0.2586279833392865
vn -0.11664738613954241 -0.9589082091319617 0.2586279833392865
vn -0.05029438558709886 -0.9646633502704253 0.25864086185955854
vn -0.05029439090233342 -0.9646633689184112 0.2586407912738143
vn -0.05029445035620536 -0.9646633660265616 0.25864079049846583
vn 0.25428206049134133 -0.8279858931984846 0.49977994595280184
vn 0.25428206049134133 -0.8279858931984846 0.49977994595280184
vn 0.25428206049134133 -0.8279858931984846 0.49977994595280184
vn -0.18896979359648988 -0.9819829006189975 0
vn -0.18896979359648988 -0.9819829006189975 0
vn -0.18896979359648988 -0.9819829006189975 0
vn -0.18742380032982656 -0.9822757499247778 0.002582669092369639
vn -0.18742380032982656 -0.9822757499247778 0.002582669092369639
vn -0.18742380032982656 -0.9822757499247778 0.002582669092369639
vn -0.27243340230500923 -0.9613019303877545 0.0409712086872442
vn -0.27243340230500923 -0.9613019303877545 0.0409712086872442
vn -0.27243340230500923 -0.9613019303877545 0.0409712086872442
vn 0.35261517328243613 -0.9357647184354986 0.0026327366615971366
vn 0.35261517328243613 -0.9357647184354986 0.0026327366615971366
vn 0.35261517328243613 -0.9357647184354986 0.0026327366615971366
vn 0.31306258682361066 -0.949731911820941 0.0010547038682998178
vn 0.31306258682361066 -0.949731911820941 0.0010547038682998178
vn 0.31306258682361066 -0.949731911820941 0.0010547038682998178
vn 0.29608359753149444 -0.9548336209504114 -0.025045150738899243
vn 0.29608359753149444 -0.9548336209504114 -0.025045150738899243
vn 0.29608359753149444 -0.9548336209504114 -0.025045150738899243
vn 0.28013455459013736 -0.9599607446789609 0
vn 0.28013455459013736 -0.9599607446789609 0
vn 0.28013455459013736 -0.9599607446789609 0
vn 0.2219129073523943 -0.9750664908355777 0
vn 0.2219129073523943 -0.9750664908355777 0
vn 0.2219129073523943 -0.9750664908355777 0
vn 0.22191278111636423 -0.9750665195653068 0
vn 0.22191278111636423 -0.9750665195653068 0
vn 0.22191278111636423 -0.9750665195653068 0
vn 0.15422119397758535 -0.9880363471695403 0
vn 0.15422119397758535 -0.9880363471695403 0
vn 0.15422119397758535 -0.9880363471695403 0
vn 0.15422087941351462 -0.988036396269349 0
vn 0.15422087941351462 -0.988036396269349 0
vn 0.15422087941351462 -0.988036396269349 0
vn 0.08559243149200019 -0.9963302342452964 0
vn 0.08559243149200019 -0.9963302342452964 0
vn 0.08559243149200019 -0.9963302342452964 0
vn 0.08559267324689421 -0.9963302134766618 0
vn 0.08559267324689421 -0.9963302134766618 0
vn 0.08559267324689421 -0.9963302134766618 0
vn 0.016954828443193123 -0.9998562565651433 0
vn 0.016954828443193123 -0.9998562565651433 0
vn 0.016954828443193123 -0.9998562565651433 0
vn 0.016954830305302867 -0.9998562565335671 0
vn 0.016954830305302867 -0.9998562565335671 0
vn 0.016954830305302867 -0.9998562565335671 0
vn -0.052014578481904654 -0.9986463255954782 0
vn -0.052014578481904654 -0.9986463255954782 0
vn -0.052014578481904654 -0.9986463255954782 0
vn -0.05201435185399979 -0.9986463373993861 0
vn -0.05201435185399979 -0.9986463373993861 0
vn -0.05201435185399979 -0.9986463373993861 0
vn -0.12083289053871056 -0.9926728628123467 0
vn -0.12083289053871056 -0.9926728628123467 0
vn -0.12083289053871056 -0.9926728628123467 0
vn -0.12083249427399419 -0.9926729110475037 0
vn -0.12083249427399419 -0.9926729110475037 0
vn -0.12083249427399419 -0.9926729110475037 0
vn -0.2659459066819593 -0.963922662296639 -0.01121943982871661
vn -0.2659459066819593 -0.963922662296639 -0.01121943982871661
vn -0.2659459066819593 -0.963922662296639 -0.01121943982871661
vn -0.3419738782079086 -0.939662178314998 0.009426413302824376
vn -0.3419738782079086 -0.939662178314998 0.009426413302824376
vn -0.3419738782079086 -0.939662178314998 0.009426413302824376
vn -0.332862886550516 -0.9426733929151488 0.02385734786390911
vn -0.33286288702384936 -0.942673394255637 0.02385728829318907
vn -0.33286288702384936 -0.942673394255637 0.02385728829318907
vn -0.22031779082239814 -0.8385963843758482 -0.49821298172457623
vn -0.22031779082239814 -0.8385963843758482 -0.49821298172457623
vn -0.22031779082239814 -0.8385963843758482 -0.49821298172457623
vn -0.10063090714099462 -0.24347380794518111 -0.9646729629116043
vn -0.10063090714099462 -0.24347380794518111 -0.9646729629116043
vn -0.10063090714099462 -0.24347380794518111 -0.9646729629116043
vn -0.2398172000525188 -0.8966717047758772 -0.3721123008088986
vn -0.2398172971347093 -0.8966716738687295 -0.3721123127181538
vn -0.2398172971347093 -0.8966716738687295 -0.3721123127181538
vn -0.10099688652459124 -0.058217754922983325 -0.9931819178398621
vn -0.10099688652459124 -0.058217754922983325 -0.9931819178398621
vn -0.10099688652459124 -0.058217754922983325 -0.9931819178398621
vn -0.24093887752506565 -0.37352497226783493 -0.8957832061326414
vn -0.24093887752506565 -0.37352497226783493 -0.8957832061326414
vn -0.24093887752506565 -0.37352497226783493 -0.8957832061326414
vn 0.25921327205328276 -0.8878441565887222 -0.38018578774421763
vn 0.25921339206370325 -0.8878441593327087 -0.38018569951225784
vn 0.25921327205328276 -0.8878441565887222 -0.38018578774421763
vn -0.031411398866929334 -0.25773940035763193 -0.9657037462516707
vn -0.031411398866929334 -0.25773940035763193 -0.9657037462516707
vn -0.031411398866929334 -0.25773940035763193 -0.9657037462516707
vn 0.2190807885186624 -0.3315285706589653 -0.9176559349445002
vn 0.2190807885186624 -0.3315285706589653 -0.9176559349445002
vn 0.2190807885186624 -0.3315285706589653 -0.9176559349445002
vn 0.1890081918507803 -0.7415138507483717 -0.6437647959943291
vn 0.1890081918507803 -0.7415138507483717 -0.6437647959943291
vn 0.1890081918507803 -0.7415138507483717 -0.6437647959943291
vn 0.15697657879017546 -0.689740113325345 -0.7068358577359187
vn 0.15697657879017546 -0.689740113325345 -0.7068358577359187
vn 0.15697657879017546 -0.689740113325345 -0.7068358577359187
vn 0.10902290089555987 -0.6989228753218307 -0.70683861059805
vn 0.10902290089555987 -0.6989228753218307 -0.70683861059805
vn 0.10902290089555987 -0.6989228753218307 -0.70683861059805
vn 0.1090497903816843 -0.698894565298615 -0.7068624546641097
vn 0.10904989344939431 -0.6988945573488398 -0.7068624466237013
vn 0.10904989344939431 -0.6988945573488398 -0.7068624466237013
vn 0.06061117162911268 -0.7046504398005963 -0.7069611329928773
vn 0.06061123101478485 -0.7046504372548992 -0.7069611304388324
vn 0.06061117162911268 -0.7046504398005963 -0.7069611329928773
vn 0.06053011888256371 -0.704585376175817 -0.7070329217138656
vn 0.06053011888256371 -0.704585376175817 -0.7070329217138656
vn 0.06053011888256371 -0.704585376175817 -0.7070329217138656
vn 0.011970689685239217 -0.7070973612974143 -0.7070148684679081
vn 0.011970689685239217 -0.7070973612974143 -0.7070148684679081
vn 0.011970689685239217 -0.7070973612974143 -0.7070148684679081
vn 0.011991440433885421 -0.7071564861616911 -0.7069553800882842
vn 0.011991440433885421 -0.7071564861616911 -0.7069553800882842
vn 0.011991440433885421 -0.7071564861616911 -0.7069553800882842
vn -0.036834468361544456 -0.7063119633733133 -0.7069417460698283
vn -0.036834468361544456 -0.7063119633733133 -0.7069417460698283
vn -0.036834468361544456 -0.7063119633733133 -0.7069417460698283
vn -0.036796267781591833 -0.7064585629262715 -0.7067972365151782
vn -0.036796267781591833 -0.7064585629262715 -0.7067972365151782
vn -0.036796267781591833 -0.7064585629262715 -0.7067972365151782
vn -0.1274113934051205 -0.69724677950056 -0.7054170860609086
vn -0.1274113934051205 -0.69724677950056 -0.7054170860609086
vn -0.1274113934051205 -0.69724677950056 -0.7054170860609086
vn -0.10465299647720185 -0.859758938953127 -0.4998622982567659
vn -0.10465299647720185 -0.859758938953127 -0.4998622982567659
vn -0.10465299647720185 -0.859758938953127 -0.4998622982567659
vn 0.25666349774198355 -0.5341038034608407 -0.8055165895594667
vn 0.25666349774198355 -0.5341038034608407 -0.8055165895594667
vn 0.25666349774198355 -0.5341038034608407 -0.8055165895594667
vn 0.13914927513746148 -0.3595648621594421 -0.9226866147988603
vn 0.13914927513746148 -0.3595648621594421 -0.9226866147988603
vn 0.13914927513746148 -0.3595648621594421 -0.9226866147988603
vn 0.3466035234717863 -0.857856538571926 -0.3794050035863211
vn 0.34660360213793545 -0.8578565119880043 -0.3794049918290255
vn 0.3466035234717863 -0.857856538571926 -0.3794050035863211
vn 0.37057389022542175 -0.4917859891521815 -0.7879222885264812
vn 0.37057389022542175 -0.4917859891521815 -0.7879222885264812
vn 0.37057389022542175 -0.4917859891521815 -0.7879222885264812
vn 0.3280924780244423 -0.26117398726588825 -0.9078234818726703
vn 0.3280924780244423 -0.26117398726588825 -0.9078234818726703
vn 0.3280924780244423 -0.26117398726588825 -0.9078234818726703
vn 0.37885017914352814 -0.8449918940789406 -0.3774403803301938
vn 0.3788503747161938 -0.8449918122485168 -0.37744036722423696
vn 0.3788503747161938 -0.8449918122485168 -0.37744036722423696
vn 0.37668410184938816 -0.38777351627858203 -0.8412733131907038
vn 0.37668410184938816 -0.38777351627858203 -0.8412733131907038
vn 0.37668410184938816 -0.38777351627858203 -0.8412733131907038
vn 0.36892487575736016 -0.36465378584513414 -0.8549397946734189
vn 0.3689246875163193 -0.3646538655891156 -0.8549398418905867
vn 0.3689246875163193 -0.3646538655891156 -0.8549398418905867
vn 0.3750682985209904 -0.3961797863903561 -0.8380724003928665
vn 0.3750683551910819 -0.3961798726975919 -0.8380723342311069
vn 0.3750682985209904 -0.3961797863903561 -0.8380724003928665
vn 0.3461836001140991 -0.5079702169312398 -0.7887478518023809
vn 0.3461836001140991 -0.5079702169312398 -0.7887478518023809
vn 0.3461836001140991 -0.5079702169312398 -0.7887478518023809
vn 0.23324529961130946 -0.6536319889563901 -0.7199735086946909
vn 0.23324529961130946 -0.6536319889563901 -0.7199735086946909
vn 0.23324529961130946 -0.6536319889563901 -0.7199735086946909
vn 0.1941406920728574 -0.8589027722548327 -0.4739149918439328
vn 0.1941406920728574 -0.8589027722548327 -0.4739149918439328
vn 0.1941406920728574 -0.8589027722548327 -0.4739149918439328
vn 0.25077447147480375 -0.8544458696582429 -0.45501035183883654
vn 0.2507745062041094 -0.854445886445598 -0.4550103011738098
vn 0.2507745062041094 -0.854445886445598 -0.4550103011738098
vn 0.3042652657418864 -0.7515139704392666 -0.5853626229079103
vn 0.3042652657418864 -0.7515139704392666 -0.5853626229079103
vn 0.3042652657418864 -0.7515139704392666 -0.5853626229079103
vn 0.1447164883294234 -0.5480017737579247 -0.8238635772770685
vn 0.1447164883294234 -0.5480017737579247 -0.8238635772770685
vn 0.1447164883294234 -0.5480017737579247 -0.8238635772770685
vn -0.027821950128548458 -0.9854832119490732 -0.16747769420905886
vn -0.027821950128548458 -0.9854832119490732 -0.16747769420905886
vn -0.027821950128548458 -0.9854832119490732 -0.16747769420905886
vn -0.018780349168850095 -0.5558659536839752 -0.8310597692224676
vn -0.018780349168850095 -0.5558659536839752 -0.8310597692224676
vn -0.018780349168850095 -0.5558659536839752 -0.8310597692224676
vn 0.002280293775494774 -0.7083900709037024 -0.7058174747803747
vn 0.002280293775494774 -0.7083900709037024 -0.7058174747803747
vn 0.002280293775494774 -0.7083900709037024 -0.7058174747803747
vn -0.3065370719149057 -0.6381403415648106 -0.7062661877857263
vn -0.3065370719149057 -0.6381403415648106 -0.7062661877857263
vn -0.3065370719149057 -0.6381403415648106 -0.7062661877857263
vn -0.2749848625178192 -0.43541362270009615 -0.8572037695631268
vn -0.2749848625178192 -0.43541362270009615 -0.8572037695631268
vn -0.2749848625178192 -0.43541362270009615 -0.8572037695631268
vn -0.10314769304446338 -0.7005973462778456 -0.7060622577422232
vn -0.10314769304446338 -0.7005973462778456 -0.7060622577422232
vn -0.10314769304446338 -0.7005973462778456 -0.7060622577422232
vn -0.20740209407955587 -0.6772428714449961 -0.7059224209843117
vn -0.20740209407955587 -0.6772428714449961 -0.7059224209843117
vn -0.20740209407955587 -0.6772428714449961 -0.7059224209843117
vn -0.12691620111248983 -0.5490455082871817 -0.8261000591483117
vn -0.1269161822979359 -0.549045550962301 -0.826100033675959
vn -0.1269161822979359 -0.549045550962301 -0.826100033675959
vn -0.41941878619347117 0.2910779743716507 -0.8598613229025316
vn -0.41941878619347117 0.2910779743716507 -0.8598613229025316
vn -0.41941878619347117 0.2910779743716507 -0.8598613229025316
vn -0.1315804832893893 -0.061032043960805485 -0.9894249168215328
vn -0.1315804832893893 -0.061032043960805485 -0.9894249168215328
vn -0.1315804832893893 -0.061032043960805485 -0.9894249168215328
vn -0.28840550559401346 -0.08902639082432588 -0.9533606694634806
vn -0.28840550559401346 -0.08902639082432588 -0.9533606694634806
vn -0.28840550559401346 -0.08902639082432588 -0.9533606694634806
vn -0.23307769170083495 -0.03213756927384601 -0.9719269346368478
vn -0.23307766399190505 -0.03213750623255427 -0.9719269433662332
vn -0.23307770579248746 -0.03213756916222811 -0.9719269312612207
vn -0.1605372878040268 0.022244028776337143 -0.9867790950401841
vn -0.1605372878040268 0.022244028776337143 -0.9867790950401841
vn -0.1605372878040268 0.022244028776337143 -0.9867790950401841
vn -0.38200566559262417 -0.3398811851571651 -0.8593907443248948
vn -0.38200566559262417 -0.3398811851571651 -0.8593907443248948
vn -0.38200566559262417 -0.3398811851571651 -0.8593907443248948
vn -0.23827169168964413 0.12223099575212679 -0.9634760944708481
vn -0.23827169168964413 0.12223099575212679 -0.9634760944708481
vn -0.23827169168964413 0.12223099575212679 -0.9634760944708481
vn -0.4021688915944953 0.15738679148509327 -0.9019365723262821
vn -0.4021688915944953 0.15738679148509327 -0.9019365723262821
vn -0.4021688915944953 0.15738679148509327 -0.9019365723262821
vn -0.41913491053654384 0.09786163914234461 -0.9026344921139989
vn -0.41913491053654384 0.09786163914234461 -0.9026344921139989
vn -0.41913491053654384 0.09786163914234461 -0.9026344921139989
vn -0.2955737099649609 0.021437700734111973 -0.9550793720758415
vn -0.2955737099649609 0.021437700734111973 -0.9550793720758415
vn -0.2955737099649609 0.021437700734111973 -0.9550793720758415
vn -0.231505517221838 -0.0034561753874745886 -0.972827451477157
vn -0.231505517221838 -0.0034561753874745886 -0.972827451477157
vn -0.231505517221838 -0.0034561753874745886 -0.972827451477157
vn -0.2632185819833435 -0.005724667578158863 -0.9647192370217345
vn -0.2632185819833435 -0.005724667578158863 -0.9647192370217345
vn -0.2632185819833435 -0.005724667578158863 -0.9647192370217345
vn -0.2611652650420814 -0.033566706367540326 -0.9647103091390361
vn -0.2611652650420814 -0.033566706367540326 -0.9647103091390361
vn -0.2611652650420814 -0.033566706367540326 -0.9647103091390361
vn -0.08138543553736882 0.1086570943439615 -0.9907421696542043
vn -0.08138543553736882 0.1086570943439615 -0.9907421696542043
vn -0.08138543553736882 0.1086570943439615 -0.9907421696542043
vn -0.3580015047849501 0.3630577072589824 -0.8602464901245238
vn -0.3580015047849501 0.3630577072589824 -0.8602464901245238
vn -0.3580014305895623 0.3630577222644882 -0.8602465146688759
vn -0.5230527474977498 0.5742243478741585 -0.6298271363188098
vn -0.5230527474977498 0.5742243478741585 -0.6298271363188098
vn -0.5230527474977498 0.5742243478741585 -0.6298271363188098
vn -0.7749265020897378 0.5376731285375586 -0.3322597225177883
vn -0.7749265584092412 0.5376730666535573 -0.33225969130691807
vn -0.7749265898940375 0.537673047142954 -0.3322596494478513
vn -0.6422070759570521 0.25141000351143844 -0.7241291885603506
vn -0.6423435575685622 0.25143989014262974 -0.7239977456423642
vn -0.6423435575685622 0.25143989014262974 -0.7239977456423642
vn -0.5679972022957647 -0.7523410719201117 -0.3337095888437754
vn -0.5679971420990219 -0.7523411307404889 -0.33370955869358354
vn -0.5679972022957647 -0.7523410719201117 -0.3337095888437754
vn -0.682101540040211 -0.650880806272221 -0.33330416304210164
vn -0.6821019097390456 -0.6508804005581638 -0.3333041987428165
vn -0.6821019097390456 -0.6508804005581638 -0.3333041987428165
vn -0.44253196530409356 -0.3799194626434312 -0.812297151040691
vn -0.44253196530409356 -0.3799194626434312 -0.812297151040691
vn -0.44253196530409356 -0.3799194626434312 -0.812297151040691
vn -0.4783283995892245 -0.33282044027441077 -0.8126699801776602
vn -0.4783283995892245 -0.33282044027441077 -0.8126699801776602
vn -0.4783283995892245 -0.33282044027441077 -0.8126699801776602
vn -0.7419660737040351 -0.2289504871174481 -0.6301333350338654
vn -0.7419660737040351 -0.2289504871174481 -0.6301333350338654
vn -0.7419660737040351 -0.2289504871174481 -0.6301333350338654
vn -0.7695888260221218 -0.09898786220219108 -0.6308204514745323
vn -0.7695888260221218 -0.09898786220219108 -0.6308204514745323
vn -0.7695888260221218 -0.09898786220219108 -0.6308204514745323
vn -0.7694351145403976 -0.09890280751790724 -0.6310212668185448
vn -0.7694350844665914 -0.09890281855339586 -0.6310213017593649
vn -0.7693454161594219 -0.098889352618886 -0.6311327329279504
vn -0.7755094715038114 -0.01683706033952521 -0.6311113792406234
vn -0.7755094193764118 -0.016836999034573325 -0.6311114449302677
vn -0.7755094185981377 -0.016837058622321197 -0.6311114442969064
vn -0.2666571188507076 0.47495067978418976 -0.838639274502915
vn -0.2666571188507076 0.47495067978418976 -0.838639274502915
vn -0.26666328805161077 0.47494805739360374 -0.838638798043321
vn -0.40235967692911684 0.6646617857292069 -0.6295485691928451
vn -0.40235967692911684 0.6646617857292069 -0.6295485691928451
vn -0.40235967692911684 0.6646617857292069 -0.6295485691928451
vn -0.6699004866837988 0.6905776958852341 -0.2726458946814538
vn -0.669900514096601 0.6905776626997573 -0.2726459113818692
vn -0.669900514096601 0.6905776626997573 -0.2726459113818692
vn -0.7958633885869036 0.6053678382852108 0.01145631166048334
vn -0.7958633885869036 0.6053678382852108 0.01145631166048334
vn -0.7958633885869036 0.6053678382852108 0.01145631166048334
vn -0.84944236190981 0.4085159595570419 -0.3340095576181504
vn -0.84944236190981 0.4085159595570419 -0.3340095576181504
vn -0.84944236190981 0.4085159595570419 -0.3340095576181504
vn -0.9616178810812204 0.26284789876729314 -0.07875298660039949
vn -0.9616178810812204 0.26284789876729314 -0.07875298660039949
vn -0.9616178810812204 0.26284789876729314 -0.07875298660039949
vn -0.9653470365400512 0.2092647817822589 -0.15592738742429094
vn -0.9653470365400512 0.2092647817822589 -0.15592738742429094
vn -0.9653470365400512 0.2092647817822589 -0.15592738742429094
vn -0.9935403708077287 0.07202470477907962 -0.08769249384484099
vn -0.9935403708077287 0.07202470477907962 -0.08769249384484099
vn -0.9935403708077287 0.07202470477907962 -0.08769249384484099
vn -0.9888770086745005 -0.12719230485670416 -0.077099800909023
vn -0.9888770086745005 -0.12719230485670416 -0.077099800909023
vn -0.9888770086745005 -0.12719230485670416 -0.077099800909023
vn -0.7594960847713523 -0.4217947080867282 -0.495232189429381
vn -0.7594960847713523 -0.4217947080867282 -0.495232189429381
vn -0.7594960847713523 -0.4217947080867282 -0.495232189429381
vn -0.8227064154906538 -0.27915221932583023 -0.4952052022707186
vn -0.8227064154906538 -0.27915221932583023 -0.4952052022707186
vn -0.8227064154906538 -0.27915221932583023 -0.4952052022707186
vn -0.7755755511884573 -0.01683228963077335 -0.6310302991334934
vn -0.7755755266832383 -0.016832348134535224 -0.6310303276913837
vn -0.7755755266832383 -0.016832348134535224 -0.6310303276913837
vn -0.77366968606958 0.056108886397395016 -0.6310998413280121
vn -0.77366968606958 0.056108886397395016 -0.6310998413280121
vn -0.773669683320442 0.05610894952795611 -0.6310998390854781
vn -0.7737934020403355 0.05611847360688359 -0.6309472940578138
vn -0.7737934020403355 0.05611847360688359 -0.6309472940578138
vn -0.7737934020403355 0.05611847360688359 -0.6309472940578138
vn -0.7631293574193856 0.13913828205573323 -0.6310896309647741
vn -0.7631293574193856 0.13913828205573323 -0.6310896309647741
vn -0.7631293574193856 0.13913828205573323 -0.6310896309647741
vn -0.27362987406216777 -0.4343139828380832 -0.8581946494426794
vn -0.27362987406216777 -0.4343139828380832 -0.8581946494426794
vn -0.27362987406216777 -0.4343139828380832 -0.8581946494426794
vn -0.07275412754874862 0.7034489297923681 -0.7070123337669524
vn -0.07275412754874862 0.7034489297923681 -0.7070123337669524
vn -0.07275412754874862 0.7034489297923681 -0.7070123337669524
vn -0.033738009970800925 0.570714300647804 -0.8204553209768938
vn -0.033738009970800925 0.570714300647804 -0.8204553209768938
vn -0.033738009970800925 0.570714300647804 -0.8204553209768938
vn -0.24528049176832337 0.8059901675385917 -0.5387182289369854
vn -0.24528048786084516 0.8059902143032871 -0.5387181607502083
vn -0.2452805836723258 0.8059901757438281 -0.5387181748166625
vn -0.15704059647122007 0.5160592213584118 -0.8420339251543926
vn -0.1570404947355098 0.5160592298117743 -0.8420339389474183
vn -0.15704059647122007 0.5160592213584118 -0.8420339251543926
vn -0.09908871950194136 0.36982958958244255 -0.9238005738993387
vn -0.09908871950194136 0.36982958958244255 -0.9238005738993387
vn -0.09908871950194136 0.36982958958244255 -0.9238005738993387
vn -0.166778206622271 0.8258516182384799 -0.5386595719457171
vn -0.16677828441038417 0.8258516344917879 -0.5386595229422492
vn -0.166778293542384 0.825851605924093 -0.5386595639136903
vn -0.12678580217160357 0.695925784873221 -0.7068328390194488
vn -0.12678589946146024 0.6959257463500309 -0.7068328594971379
vn -0.12678589946146024 0.6959257463500309 -0.7068328594971379
vn -0.08664983040036771 0.37269021259602103 -0.9239014083367989
vn -0.08664987835356719 0.3726901647253333 -0.9239014231498488
vn -0.08664983040036771 0.37269021259602103 -0.9239014083367989
vn -0.014679249231080403 0.09412442054770714 -0.9954522153767956
vn -0.014679309743708433 0.09412442784863867 -0.9954522137941202
vn -0.014679250151907998 0.09412442793099314 -0.9954522146650944
vn 8.223120175895878e-7 0 -0.999999999999662
vn 8.223120175895878e-7 0 -0.999999999999662
vn 8.223120175895878e-7 0 -0.999999999999662
vn 0 0 -1
vn 0 0 -1
vn 0 0 -1
vn 0 0 -1
vn 0 0 -1
vn 0 0 -1
vn 3.6509700862550133e-7 0 -0.9999999999999334
vn 3.6509700862550133e-7 0 -0.9999999999999334
vn 3.6509700862550133e-7 0 -0.9999999999999334
vn 7.027709898464393e-7 0 -0.9999999999997531
vn 7.027709898464393e-7 0 -0.9999999999997531
vn 7.027709898464393e-7 0 -0.9999999999997531
vn -0.006822943247299013 -0.023845009594941412 -0.9996923841676806
vn -0.006822943247299013 -0.023845009594941412 -0.9996923841676806
vn -0.006822943247299013 -0.023845009594941412 -0.9996923841676806
vn -0.0031080233938444164 0.003278731559990992 -0.9999897950028993
vn -0.0031080233938444164 0.003278731559990992 -0.9999897950028993
vn -0.0031080233938444164 0.003278731559990992 -0.9999897950028993
vn -0.018470816685630612 0.03142689604175279 -0.9993353687006913
vn -0.018470816685630612 0.03142689604175279 -0.9993353687006913
vn -0.018470816685630612 0.03142689604175279 -0.9993353687006913
vn -0.0039727087904445095 -0.017180558627839362 -0.9998445109066217
vn -0.0039727087904445095 -0.017180558627839362 -0.9998445109066217
vn -0.0039727087904445095 -0.017180558627839362 -0.9998445109066217
vn -0.002111731761035763 -0.005446731489423327 -0.9999829367069478
vn -0.002111731761035763 -0.005446731489423327 -0.9999829367069478
vn -0.002111731761035763 -0.005446731489423327 -0.9999829367069478
vn 0 0 -1
vn 0 0 -1
vn 0 0 -1
vn 0.16011827798422315 0 -0.987097835604641
vn 0.16011827798422315 0 -0.987097835604641
vn 0.16011827798422315 0 -0.987097835604641
vn 0.16045390293792988 0 -0.9870433349311394
vn 0.16045390293792988 0 -0.9870433349311394
vn 0.16045390293792988 0 -0.9870433349311394
vn 0.31622849915385154 0 -0.9486830536711945
vn 0.31622849915385154 0 -0.9486830536711945
vn 0.31622849915385154 0 -0.9486830536711945
vn 0.3162280878818976 0 -0.9486831907620998
vn 0.3162280878818976 0 -0.9486831907620998
vn 0.3162280878818976 0 -0.9486831907620998
vn 0.3162030538223498 0.0000033605196712575774 -0.9486915350851017
vn 0.3162030538223498 0.0000033605196712575774 -0.9486915350851017
vn 0.3162030538223498 0.0000033605196712575774 -0.9486915350851017
vn 0.31624910735735756 -0.000012025199074905626 -0.9486761839274078
vn 0.31624910735735756 -0.000012025199074905626 -0.9486761839274078
vn 0.31624910735735756 -0.000012025199074905626 -0.9486761839274078
vn 0.3161542636018213 0 -0.9487077956917978
vn 0.3161542636018213 0 -0.9487077956917978
vn 0.3161542636018213 0 -0.9487077956917978
vn -0.5836587597177303 -0.8072804280235198 -0.08741145654273946
vn -0.5836587597177303 -0.8072804280235198 -0.08741145654273946
vn -0.5836587597177303 -0.8072804280235198 -0.08741145654273946
vn -0.7267541686754048 -0.6766034775831021 -0.1184741002724824
vn -0.7267541125261954 -0.6766035404047325 -0.1184740859346199
vn -0.7267540837615201 -0.6766035691165526 -0.11847409841267455
vn -0.8000726806027016 -0.5914234597507613 0.10050869121447657
vn -0.8000726806027016 -0.5914234597507613 0.10050869121447657
vn -0.8000726806027016 -0.5914234597507613 0.10050869121447657
vn -0.8529231698896013 -0.5115720720011987 -0.10400039141212297
vn -0.8529231698896013 -0.5115720720011987 -0.10400039141212297
vn -0.8529231698896013 -0.5115720720011987 -0.10400039141212297
vn -0.9296793876872919 -0.29183256435241917 -0.22478876860927283
vn -0.9296793951719333 -0.2918325965042205 -0.224788695913191
vn -0.9296793715159117 -0.29183261888075834 -0.22478876469916717
vn -0.9748272177719045 -0.15370601223195604 0.1615127155825124
vn -0.9748271004351687 -0.15370678738758486 0.16151268609044125
vn -0.9748271004351687 -0.15370678738758486 0.16151268609044125
vn -0.9979232469637581 -0.03480183677777729 -0.05420355455321482
vn -0.9979232469637581 -0.03480183677777729 -0.05420355455321482
vn -0.9979232448937132 -0.034801896310230174 -0.05420355444077752
vn -0.9934351046251827 -0.021566028205352965 -0.11234589145045884
vn -0.9934351059021777 -0.021565968628428626 -0.11234589159487204
vn -0.9934351050307246 -0.02156597047215589 -0.11234589894690164
vn -0.9945859648446476 0.02023022568860825 0.10192887963001354
vn -0.9945859648446476 0.02023022568860825 0.10192887963001354
vn -0.9945859648446476 0.02023022568860825 0.10192887963001354
vn -0.9547666686355161 0.2924535206825034 0.05377310390006541
vn -0.9547666686355161 0.2924535206825034 0.05377310390006541
vn -0.9547666686355161 0.2924535206825034 0.05377310390006541
vn -0.9166563747601489 0.3992561101167837 -0.01832072995260943
vn -0.9166563747601489 0.3992561101167837 -0.01832072995260943
vn -0.9166563747601489 0.3992561101167837 -0.01832072995260943
vn -0.8352124903077307 0.48175589473380737 0.2652005918605527
vn -0.8352124903077307 0.48175589473380737 0.2652005918605527
vn -0.8352124903077307 0.48175589473380737 0.2652005918605527
vn -0.7924907536591441 0.6077504549350704 -0.05096851862647087
vn -0.7924907536591441 0.6077504549350704 -0.05096851862647087
vn -0.7924907536591441 0.6077504549350704 -0.05096851862647087
vn -0.6169889658460951 0.7817801946149803 0.09024601560140737
vn -0.6169889658460951 0.7817801946149803 0.09024601560140737
vn -0.6169889658460951 0.7817801946149803 0.09024601560140737
vn -0.44940782543322527 0.8776476568734497 -0.1666349207816992
vn -0.44940782543322527 0.8776476568734497 -0.1666349207816992
vn -0.44940782543322527 0.8776476568734497 -0.1666349207816992
vn -0.4363794034754313 0.8879119169989944 -0.1455522032591671
vn -0.4363793802947366 0.8879119304721842 -0.14555219056661717
vn -0.4363794034754313 0.8879119169989944 -0.1455522032591671
vn -0.47467136890614575 -0.8664391729495301 0.15482328997699388
vn -0.47467136890614575 -0.8664391729495301 0.15482328997699388
vn -0.47467136890614575 -0.8664391729495301 0.15482328997699388
vn -0.4329886200831077 -0.9013993869969771 0
vn -0.4329886200831077 -0.9013993869969771 0
vn -0.4329886200831077 -0.9013993869969771 0
vn -0.29281760010099983 -0.9561683183786684 0
vn -0.29281760010099983 -0.9561683183786684 0
vn -0.29281760010099983 -0.9561683183786684 0
vn -0.14565928163119032 -0.989334813738345 0
vn -0.14565928163119032 -0.989334813738345 0
vn -0.14565928163119032 -0.989334813738345 0
vn -0.1456578848720642 -0.9893350193815018 0
vn -0.1456578848720642 -0.9893350193815018 0
vn -0.1456578848720642 -0.9893350193815018 0
vn 0.3428217996833881 -0.9392955707833743 -0.014037249323784114
vn 0.3428217996833881 -0.9392955707833743 -0.014037249323784114
vn 0.3428218714807235 -0.9392955445854124 -0.014037248891705816
vn 0.25441217437333513 -0.9669848090093345 0.014656898574144532
vn 0.25441217437333513 -0.9669848090093345 0.014656898574144532
vn 0.25441217437333513 -0.9669848090093345 0.014656898574144532
vn 0.3074237099585305 -0.9502494904498351 -0.05016541094381657
vn 0.3074237099585305 -0.9502494904498351 -0.05016541094381657
vn 0.3074237099585305 -0.9502494904498351 -0.05016541094381657
vn 0.24038670289470035 -0.969951125863366 -0.03753726825175118
vn 0.24038670289470035 -0.969951125863366 -0.03753726825175118
vn 0.24038670289470035 -0.969951125863366 -0.03753726825175118
vn 0.2567616684473036 -0.9646772083657886 -0.05891798770957661
vn 0.2569474589560656 -0.9646111174475828 -0.059189487517183455
vn 0.2569474589560656 -0.9646111174475828 -0.059189487517183455
vn 0.20615078765841444 -0.9773299815895216 -0.04824893609231778
vn 0.20615078765841444 -0.9773299815895216 -0.04824893609231778
vn 0.20615078765841444 -0.9773299815895216 -0.04824893609231778
vn -0.04950898063575908 -0.9987736784859762 0
vn -0.04950898063575908 -0.9987736784859762 0
vn -0.04950898063575908 -0.9987736784859762 0
vn 0.03791737214202125 -0.999199696412318 -0.012737330150972557
vn 0.03791737214202125 -0.999199696412318 -0.012737330150972557
vn 0.03791737214202125 -0.999199696412318 -0.012737330150972557
vn 0.09437869630410822 -0.9932817369311577 -0.06696307014287255
vn 0.0943786446145968 -0.9932817418203204 -0.06696307047248028
vn 0.09437869630410822 -0.9932817369311577 -0.06696307014287255
vn 0.027522858635072808 -0.9983947423189974 0.049501825848513384
vn 0.027522797219419217 -0.998394744192148 0.04950182221609648
vn 0.027522858635072808 -0.9983947423189974 0.049501825848513384
vn 0.09103112492015904 -0.9953393147908581 0.03182738957934536
vn 0.09103112477984705 -0.9953393132566792 0.03182743795906068
vn 0.09103107319827877 -0.9953393195163724 0.0318273897304504
vn 0.12134448724233234 -0.9925154084906326 -0.013736059280888219
vn 0.12134448724233234 -0.9925154084906326 -0.013736059280888219
vn 0.12134448724233234 -0.9925154084906326 -0.013736059280888219
vn 0.17381039450687674 -0.9847788321693774 0.0007736100317223705
vn 0.17381039450687674 -0.9847788321693774 0.0007736100317223705
vn 0.17381039450687674 -0.9847788321693774 0.0007736100317223705
vn -0.307865682153174 -0.35857177117195366 -0.8812746488303
vn -0.307865682153174 -0.35857177117195366 -0.8812746488303
vn -0.307865682153174 -0.35857177117195366 -0.8812746488303
vn -0.3076289954679052 -0.35519156581375305 -0.8827249587058146
vn -0.3076289954679052 -0.35519156581375305 -0.8827249587058146
vn -0.3076289954679052 -0.35519156581375305 -0.8827249587058146
vn -0.3233307616406873 -0.8781621500649074 -0.35254568040217427
vn -0.32333088531146 -0.8781621025775856 -0.3525456852667773
vn -0.32333088531146 -0.8781621025775856 -0.3525456852667773
vn -0.32609426672135117 -0.8719418563855285 -0.36521216887505636
vn -0.3260945731991769 -0.8719973113127966 -0.36507946860005763
vn -0.32609426672135117 -0.8719418563855285 -0.36521216887505636
vn -0.39530157896932455 -0.8497912256331374 -0.3486997770307417
vn -0.39530160000663683 -0.8497912067907436 -0.34869979910135424
vn -0.39530160000663683 -0.8497912067907436 -0.34869979910135424
vn -0.3956770828264092 -0.8675928561369174 -0.3012013979153636
vn -0.3956770828264092 -0.8675928561369174 -0.3012013979153636
vn -0.3956770828264092 -0.8675928561369174 -0.3012013979153636
vn -0.33205029091023425 -0.3240751895059067 -0.8858430311590985
vn -0.3320502676008437 -0.3240751660405706 -0.8858430484809285
vn -0.3320502676008437 -0.3240751660405706 -0.8858430484809285
vn -0.3351220687964408 -0.3446331518810712 -0.8768815140200598
vn -0.3351220687964408 -0.3446331518810712 -0.8768815140200598
vn -0.3351220687964408 -0.3446331518810712 -0.8768815140200598
vn -0.2919687913986415 -0.5426368689621431 -0.7875909174769465
vn -0.2919687913986415 -0.5426368689621431 -0.7875909174769465
vn -0.2919689141520465 -0.5426368755490363 -0.7875908674326122
vn -0.32004877112459146 -0.8755452410642468 -0.3619244602833424
vn -0.32004789091181624 -0.8755454577860122 -0.36192471437189866
vn -0.320048664126051 -0.8755452744687324 -0.36192447409176703
vn -0.2966267809537426 -0.5133769590005287 -0.8052680614481057
vn -0.2966267809537426 -0.5133769590005287 -0.8052680614481057
vn -0.2966267809537426 -0.5133769590005287 -0.8052680614481057
vn -0.3572052753620673 -0.8647679774696669 -0.3529599642969878
vn -0.3572052753620673 -0.8647679774696669 -0.3529599642969878
vn -0.3572052753620673 -0.8647679774696669 -0.3529599642969878
vn -0.3590190884988988 -0.8603162473941983 -0.3618856843852552
vn -0.3590190884988988 -0.8603162473941983 -0.3618856843852552
vn -0.3590190884988988 -0.8603162473941983 -0.3618856843852552
vn -0.31989249582163765 -0.34898829454803537 -0.8808382152163116
vn -0.31989249582163765 -0.34898829454803537 -0.8808382152163116
vn -0.3198924155637901 -0.3489883045293153 -0.8808382404088264
vn -0.2828881142110627 -0.24293829479952925 -0.9278767697049032
vn -0.2828881142110627 -0.24293829479952925 -0.9278767697049032
vn -0.2828881142110627 -0.24293829479952925 -0.9278767697049032
vn -0.33930590000520383 -0.34231450398853813 -0.8761805102721354
vn -0.3393057050220511 -0.3423146071494986 -0.8761805454765434
vn -0.33930579452029624 -0.34231451783461553 -0.8761805457122439
vn -0.40522565714273695 -0.8442025033916252 -0.35087647407677564
vn -0.40522565714273695 -0.8442025033916252 -0.35087647407677564
vn -0.40522565714273695 -0.8442025033916252 -0.35087647407677564
vn -0.074374610357155 -0.9972303732509461 0
vn -0.074374610357155 -0.9972303732509461 0
vn -0.074374610357155 -0.9972303732509461 0
vn -0.0887239523865567 -0.9948682446723889 0.048633692183384127
vn -0.0887239523865567 -0.9948682446723889 0.048633692183384127
vn -0.0887239523865567 -0.9948682446723889 0.048633692183384127
vn -0.1313374079526696 -0.990906981739047 -0.029220520410939258
vn -0.1313374079526696 -0.990906981739047 -0.029220520410939258
vn -0.1313374079526696 -0.990906981739047 -0.029220520410939258
vn -0.14237050347306326 -0.9898068055207653 -0.003623187216292486
vn -0.14237050347306326 -0.9898068055207653 -0.003623187216292486
vn -0.14237050347306326 -0.9898068055207653 -0.003623187216292486
vn -0.17385259556226101 -0.9847366375544452 0.008308409849676785
vn -0.17385259556226101 -0.9847366375544452 0.008308409849676785
vn -0.17385259556226101 -0.9847366375544452 0.008308409849676785
vn -0.35936978492337196 -0.932876349351574 0.02439414898309582
vn -0.35936978492337196 -0.932876349351574 0.02439414898309582
vn -0.35936978492337196 -0.932876349351574 0.02439414898309582
vn -0.3563882717896789 -0.9343372011848469 0.001180767899682064
vn -0.3563882717896789 -0.9343372011848469 0.001180767899682064
vn -0.35638839570539765 -0.9343371539189632 0.0011807680316904886
vn -0.3009685839119089 -0.9536335357816987 -0.0009954549489706722
vn -0.3009685839119089 -0.9536335357816987 -0.0009954549489706722
vn -0.3009685839119089 -0.9536335357816987 -0.0009954549489706722
vn -0.3013598569913822 -0.953505499922837 0.003081916779300359
vn -0.301359982501857 -0.9535054602552016 0.00308191661091004
vn -0.30135959594660594 -0.9535055822328177 0.0030819769229949337
vn -0.24494680269634164 -0.9695307417419275 -0.0033473371786168133
vn -0.24494680269634164 -0.9695307417419275 -0.0033473371786168133
vn -0.24494680269634164 -0.9695307417419275 -0.0033473371786168133
vn -0.244131800794274 -0.9693857919521386 -0.02628402941465158
vn -0.244131800794274 -0.9693857919521386 -0.02628402941465158
vn -0.244131800794274 -0.9693857919521386 -0.02628402941465158
vn -0.1991969094991568 -0.9793248998846109 -0.03526090912017524
vn -0.1991969094991568 -0.9793248998846109 -0.03526090912017524
vn -0.1991969094991568 -0.9793248998846109 -0.03526090912017524
vn -0.16709389190619398 -0.5594279303321159 -0.811862070829748
vn -0.16709388884866572 -0.5594280393048457 -0.8118619963694359
vn -0.16709389190619398 -0.5594279303321159 -0.811862070829748
vn -0.05263440894553512 -0.7051741860556847 -0.7070777795374824
vn -0.05263440894553512 -0.7051741860556847 -0.7070777795374824
vn -0.05263440894553512 -0.7051741860556847 -0.7070777795374824
vn -0.067339470800531 -0.5411144956690248 -0.8382484704723066
vn -0.067339470800531 -0.5411144956690248 -0.8382484704723066
vn -0.067339470800531 -0.5411144956690248 -0.8382484704723066
vn -0.09877591056660719 -0.6254128954031237 -0.7740168149047015
vn -0.09877591056660719 -0.6254128954031237 -0.7740168149047015
vn -0.09877591056660719 -0.6254128954031237 -0.7740168149047015
vn -0.06288306275326973 -0.704607232646777 0.7068057499204565
vn -0.06288300338431936 -0.7046072352877301 0.7068057525696498
vn -0.06288300338431936 -0.7046072352877301 0.7068057525696498
vn -0.0656987955464964 -0.551517967824302 0.8315717644501235
vn -0.0656987955464964 -0.551517967824302 0.8315717644501235
vn -0.0656987955464964 -0.551517967824302 0.8315717644501235
vn -0.004304050371957689 -0.09632199042880499 0.9953409211472364
vn -0.004304050371957689 -0.09632199042880499 0.9953409211472364
vn -0.004304050371957689 -0.09632199042880499 0.9953409211472364
vn 0.017992248813751374 -0.5554310696438535 0.8313679124532706
vn 0.017992248813751374 -0.5554310696438535 0.8313679124532706
vn 0.017992248813751374 -0.5554310696438535 0.8313679124532706
vn 0.0011277789150136814 -0.7077880585186627 0.7064239466022519
vn 0.0011277789150136814 -0.7077880585186627 0.7064239466022519
vn 0.0011277789150136814 -0.7077880585186627 0.7064239466022519
vn 0.08317302747339786 -0.8276460006422859 0.555053461498745
vn 0.08316932543549146 -0.8276195451421876 0.5550934622252761
vn 0.08317296828108399 -0.8276460047453382 0.5550534642504208
vn 0.16420330521222556 -0.8154365029893381 0.5550680896519813
vn 0.16420440210933795 -0.8154362954280987 0.5550680700836732
vn 0.16420440210933795 -0.8154362954280987 0.5550680700836732
vn 0.16416378673389156 -0.8153038796821962 0.5552745581244908
vn 0.16416378673389156 -0.8153038796821962 0.5552745581244908
vn 0.16416378673389156 -0.8153038796821962 0.5552745581244908
vn 0.25543952072738463 -0.7917160418003367 0.5549201387646437
vn 0.25543952072738463 -0.7917160418003367 0.5549201387646437
vn 0.25543952072738463 -0.7917160418003367 0.5549201387646437
vn 0.25890820856389907 -0.8452066064882332 0.46753858866074066
vn 0.25890820856389907 -0.8452066064882332 0.46753858866074066
vn 0.25890820856389907 -0.8452066064882332 0.46753858866074066
vn 0.3591184866207923 -0.8964934825519864 0.2594867016033827
vn 0.3591184866207923 -0.8964934825519864 0.2594867016033827
vn 0.3591184866207923 -0.8964934825519864 0.2594867016033827
vn 0.28066840518269265 -0.6491699757067442 0.7069678839757213
vn 0.2806683767611305 -0.649169919295719 0.7069679470583244
vn 0.28066840518269265 -0.6491699757067442 0.7069678839757213
vn 0.038641982771574525 -0.5543785237395525 0.831367096765223
vn 0.038641982771574525 -0.5543785237395525 0.831367096765223
vn 0.038641982771574525 -0.5543785237395525 0.831367096765223
vn 0.03641473797199645 -0.18085799727622334 0.9828348547338279
vn 0.03641473797199645 -0.18085799727622334 0.9828348547338279
vn 0.03641473797199645 -0.18085799727622334 0.9828348547338279
vn 0.03641092107000254 -0.18080120160102164 0.9828454457983008
vn 0.03641092107000254 -0.18080120160102164 0.9828454457983008
vn 0.03641092107000254 -0.18080120160102164 0.9828454457983008
vn 0.11224678764202886 -0.3664438678938656 0.9236447100195119
vn 0.11224678764202886 -0.3664438678938656 0.9236447100195119
vn 0.11224678764202886 -0.3664438678938656 0.9236447100195119
vn 0.13947889002759914 -0.3563383467012352 0.9238877756020474
vn 0.13947889002759914 -0.3563383467012352 0.9238877756020474
vn 0.13947890935724075 -0.3563384176196884 0.9238877453310066
vn 0.039068929025856375 -0.08121280945666304 0.9959307698655205
vn 0.039068929025856375 -0.08121280945666304 0.9959307698655205
vn 0.039068929025856375 -0.08121280945666304 0.9959307698655205
vn 0.4794820849881014 -0.7898916609966222 0.382319361350508
vn 0.4794820849881014 -0.7898916609966222 0.382319361350508
vn 0.4794820849881014 -0.7898916609966222 0.382319361350508
vn 0.3468647883943347 -0.6171458935915681 0.7062689038852116
vn 0.34686486888687773 -0.617145937335568 0.706268826129465
vn 0.34686486888687773 -0.617145937335568 0.706268826129465
vn 0.20566600591385734 -0.32326629805418383 0.9236884726756012
vn 0.20566600591385734 -0.32326629805418383 0.9236884726756012
vn 0.20566600591385734 -0.32326629805418383 0.9236884726756012
vn 0.5975587136904971 -0.7053091253252398 0.38139562323852566
vn 0.5975587839250506 -0.7053090782672672 0.38139560022081104
vn 0.5975587839250506 -0.7053090782672672 0.38139560022081104
vn 0.24821848963207127 -0.29292666671170137 0.9233534260151665
vn 0.24821848963207127 -0.29292666671170137 0.9233534260151665
vn 0.24821848963207127 -0.29292666671170137 0.9233534260151665
vn 0.7563874158779712 -0.6320355562378145 0.16855008974367738
vn 0.7563874158779712 -0.6320355562378145 0.16855008974367738
vn 0.7563874158779712 -0.6320355562378145 0.16855008974367738
vn 0.13407610143719098 -0.11203599543133284 0.9846174560463137
vn 0.13407610143719098 -0.11203599543133284 0.9846174560463137
vn 0.13407610143719098 -0.11203599543133284 0.9846174560463137
vn 0.1340574005034913 -0.1120107007300776 0.9846228802400457
vn 0.1340574005034913 -0.1120107007300776 0.9846228802400457
vn 0.1340574005034913 -0.1120107007300776 0.9846228802400457
vn 0.4939350954575891 -0.2550559872233674 0.8312487984092461
vn 0.4939350954575891 -0.2550559872233674 0.8312487984092461
vn 0.4939350954575891 -0.2550559872233674 0.8312487984092461
vn 0.4949470284516818 -0.8689231490913624 0
vn 0.4949470284516818 -0.8689231490913624 0
vn 0.4949470284516818 -0.8689231490913624 0
vn 0.5229300914620689 -0.8355037066670477 -0.16875329800953937
vn 0.5229300914620689 -0.8355037066670477 -0.16875329800953937
vn 0.5229300914620689 -0.8355037066670477 -0.16875329800953937
vn 0.6717516096198176 -0.7335528635626886 0.10319869830653794
vn 0.6717516096198176 -0.7335528635626886 0.10319869830653794
vn 0.6717516096198176 -0.7335528635626886 0.10319869830653794
vn 0.7502984162529236 -0.6530635146234884 0.10276347812316904
vn 0.7502984709346312 -0.6530634507338987 0.10276348489948708
vn 0.7502984162529236 -0.6530635146234884 0.10276347812316904
vn 0.8389875409709975 -0.5172845793340161 0.16886849936761159
vn 0.8389875409709975 -0.5172845793340161 0.16886849936761159
vn 0.8389875409709975 -0.5172845793340161 0.16886849936761159
vn 0.8722824104998842 -0.4890024502316035 0
vn 0.8722824104998842 -0.4890024502316035 0
vn 0.8722824104998842 -0.4890024502316035 0
vn 0.3854971913421515 -0.9227090090962115 0
vn 0.3854971913421515 -0.9227090090962115 0
vn 0.3854971913421515 -0.9227090090962115 0
vn 0.3792977016746147 -0.9247112229556597 0.03228633835236148
vn 0.3792977016746147 -0.9247112229556597 0.03228633835236148
vn 0.3792977016746147 -0.9247112229556597 0.03228633835236148
vn 0.29099610152782895 -0.9500071906070149 -0.11317069713743272
vn 0.29099610152782895 -0.9500071906070149 -0.11317069713743272
vn 0.29099610152782895 -0.9500071906070149 -0.11317069713743272
vn 0.2699499163889744 -0.9628743649311605 0
vn 0.2699499163889744 -0.9628743649311605 0
vn 0.2699499163889744 -0.9628743649311605 0
vn 0.1974730820484567 -0.9803083095976917 0
vn 0.1974730820484567 -0.9803083095976917 0
vn 0.1974730820484567 -0.9803083095976917 0
vn 0.19747370656890373 -0.9803081837942282 0
vn 0.19747370656890373 -0.9803081837942282 0
vn 0.19747370656890373 -0.9803081837942282 0
vn 0.1236055915641045 -0.9923314253484506 0
vn 0.1236055915641045 -0.9923314253484506 0
vn 0.1236055915641045 -0.9923314253484506 0
vn 0.0992934619747599 -0.9886389279412152 0.11284448842682393
vn 0.0992934619747599 -0.9886389279412152 0.11284448842682393
vn 0.0992934619747599 -0.9886389279412152 0.11284448842682393
vn 0.008141397453171512 -0.9994359556760801 -0.03258048724850657
vn 0.008141397453171512 -0.9994359556760801 -0.03258048724850657
vn 0.008141397453171512 -0.9994359556760801 -0.03258048724850657
vn 0.0015933508702931994 -0.9999987306156963 0
vn 0.0015933508702931994 -0.9999987306156963 0
vn 0.0015933508702931994 -0.9999987306156963 0
vn 0.2950789727832132 0.6043672761174812 0.7400463467780513
vn 0.29507908161275703 0.6043672548581606 0.7400463207460618
vn 0.29507910643380525 0.6043671850511039 0.740046367857874
vn 0.2951085919146935 0.6044325938435232 0.739981187921502
vn 0.29510871137402955 0.6044325347510104 0.7399811885484849
vn 0.2951086817828839 0.6044324755788913 0.7399812486826552
vn 0.29508987980301415 0.6043932624519834 0.7400207748033094
vn 0.29508987155801863 0.6043933647741481 0.7400206945220219
vn 0.29508987980301415 0.6043932624519834 0.7400207748033094
vn 0.29508197270847114 0.6043888322934575 0.7400275459612486
vn 0.2950819478867843 0.6043889020994746 0.7400274988473962
vn 0.29508188284196923 0.6043889505615241 0.7400274852041496
f 1/1/1 2/2/2 3/3/3
f 4/4/4 5/5/5 6/6/6
f 7/7/7 8/8/8 9/9/9
f 10/10/10 11/11/11 12/12/12
f 13/13/13 14/14/14 15/15/15
f 16/16/16 17/17/17 18/18/18
f 19/19/19 20/20/20 21/21/21
f 22/22/22 23/23/23 24/24/24
f 25/25/25 26/26/26 27/27/27
f 28/28/28 29/29/29 30/30/30
f 31/31/31 32/32/32 33/33/33
f 34/34/34 35/35/35 36/36/36
f 37/37/37 38/38/38 39/39/39
f 40/40/40 41/41/41 42/42/42
f 43/43/43 44/44/44 45/45/45
f 46/46/46 47/47/47 48/48/48
f 49/49/49 50/50/50 51/51/51
f 52/52/52 53/53/53 54/54/54
f 55/55/55 56/56/56 57/57/57
f 58/58/58 59/59/59 60/60/60
f 61/61/61 62/62/62 63/63/63
f 64/64/64 65/65/65 66/66/66
f 67/67/67 68/68/68 69/69/69
f 70/70/70 71/71/71 72/72/72
f 73/73/73 74/74/74 75/75/75
f 76/76/76 77/77/77 78/78/78
f 79/79/79 80/80/80 81/81/81
f 82/82/82 83/83/83 84/84/84
f 85/85/85 86/86/86 87/87/87
f 88/88/88 89/89/89 90/90/90
f 91/91/91 92/92/92 93/93/93
f 94/94/94 95/95/95 96/96/96
f 97/97/97 98/98/98 99/99/99
f 100/100/100 101/101/101 102/102/102
f 103/103/103 104/104/104 105/105/105
f 106/106/106 107/107/107 108/108/108
f 109/109/109 110/110/110 111/111/111
f 112/112/112 113/113/113 114/114/114
f 115/115/115 116/116/116 117/117/117
f 118/118/118 119/119/119 120/120/120
f 121/121/121 122/122/122 123/123/123
f 124/124/124 125/125/125 126/126/126
f 127/127/127 128/128/128 129/129/129
f 130/130/130 131/131/131 132/132/132
f 133/133/133 134/134/134 135/135/135
f 136/136/136 137/137/137 138/138/138
f 139/139/139 140/140/140 141/141/141
f 142/142/142 143/143/143 144/144/144
f 145/145/145 146/146/146 147/147/147
f 148/148/148 149/149/149 150/150/150
f 151/151/151 152/152/152 153/153/153
f 154/154/154 155/155/155 156/156/156
f 157/157/157 158/158/158 159/159/159
f 160/160/160 161/161/161 162/162/162
f 163/163/163 164/164/164 165/165/165
f 166/166/166 167/167/167 168/168/168
f 169/169/169 170/170/170 171/171/171
f 172/172/172 173/173/173 174/174/174
f 175/175/175 176/176/176 177/177/177
f 178/178/178 179/179/179 180/180/180
f 181/181/181 182/182/182 183/183/183
f 184/184/184 185/185/185 186/186/186
f 187/187/187 188/188/188 189/189/189
f 190/190/190 191/191/191 192/192/192
f 193/193/193 194/194/194 195/195/195
f 196/196/196 197/197/197 198/198/198
f 199/199/199 200/200/200 201/201/201
f 202/202/202 203/203/203 204/204/204
f 205/205/205 206/206/206 207/207/207
f 208/208/208 209/209/209 210/210/210
f 211/211/211 212/212/212 213/213/213
f 214/214/214 215/215/215 216/216/216
f 217/217/217 218/218/218 219/219/219
f 220/220/220 221/221/221 222/222/222
f 223/223/223 224/224/224 225/225/225
f 226/226/226 227/227/227 228/228/228
f 229/229/229 230/230/230 231/231/231
f 232/232/232 233/233/233 234/234/234
f 235/235/235 236/236/236 237/237/237
f 238/238/238 239/239/239 240/240/240
f 241/241/241 242/242/242 243/243/243
f 244/244/244 245/245/245 246/246/246
f 247/247/247 248/248/248 249/249/249
f 250/250/250 251/251/251 252/252/252
f 253/253/253 254/254/254 255/255/255
f 256/256/256 257/257/257 258/258/258
f 259/259/259 260/260/260 261/261/261
f 262/262/262 263/263/263 264/264/264
f 265/265/265 266/266/266 267/267/267
f 268/268/268 269/269/269 270/270/270
f 271/271/271 272/272/272 273/273/273
f 274/274/274 275/275/275 276/276/276
f 277/277/277 278/278/278 279/279/279
f 280/280/280 281/281/281 282/282/282
f 283/283/283 284/284/284 285/285/285
f 286/286/286 287/287/287 288/288/288
f 289/289/289 290/290/290 291/291/291
f 292/292/292 293/293/293 294/294/294
f 295/295/295 296/296/296 297/297/297
f 298/298/298 299/299/299 300/300/300
f 301/301/301 302/302/302 303/303/303
f 304/304/304 305/305/305 306/306/306
f 307/307/307 308/308/308 309/309/309
f 310/310/310 311/311/311 312/312/312
f 313/313/313 314/314/314 315/315/315
f 316/316/316 317/317/317 318/318/318
f 319/319/319 320/320/320 321/321/321
f 322/322/322 323/323/323 324/324/324
f 325/325/325 326/326/326 327/327/327
f 328/328/328 329/329/329 330/330/330
f 331/331/331 332/332/332 333/333/333
f 334/334/334 335/335/335 336/336/336
f 337/337/337 338/338/338 339/339/339
f 340/340/340 341/341/341 342/342/342
f 343/343/343 344/344/344 345/345/345
f 346/346/346 347/347/347 348/348/348
f 349/349/349 350/350/350 351/351/351
f 352/352/352 353/353/353 354/354/354
f 355/355/355 356/356/356 357/357/357
f 358/358/358 359/359/359 360/360/360
f 361/361/361 362/362/362 363/363/363
f 364/364/364 365/365/365 366/366/366
f 367/367/367 368/368/368 369/369/369
f 370/370/370 371/371/371 372/372/372
f 373/373/373 374/374/374 375/375/375
f 376/376/376 377/377/377 378/378/378
f 379/379/379 380/380/380 381/381/381
f 382/382/382 383/383/383 384/384/384
f 385/385/385 386/386/386 387/387/387
f 388/388/388 389/389/389 390/390/390
f 391/391/391 392/392/392 393/393/393
f 394/394/394 395/395/395 396/396/396
f 397/397/397 398/398/398 399/399/399
f 400/400/400 401/401/401 402/402/402
f 403/403/403 404/404/404 405/405/405
f 406/406/406 407/407/407 408/408/408
f 409/409/409 410/410/410 411/411/411
f 412/412/412 413/413/413 414/414/414
f 415/415/415 416/416/416 417/417/417
f 418/418/418 419/419/419 420/420/420
f 421/421/421 422/422/422 423/423/423
f 424/424/424 425/425/425 426/426/426
f 427/427/427 428/428/428 429/429/429
f 430/430/430 431/431/431 432/432/432
f 433/433/433 434/434/434 435/435/435
f 436/436/436 437/437/437 438/438/438
f 439/439/439 440/440/440 441/441/441
f 442/442/442 443/443/443 444/444/444
f 445/445/445 446/446/446 447/447/447
f 448/448/448 449/449/449 450/450/450
f 451/451/451 452/452/452 453/453/453
f 454/454/454 455/455/455 456/456/456
f 457/457/457 458/458/458 459/459/459
f 460/460/460 461/461/461 462/462/462
f 463/463/463 464/464/464 465/465/465
f 466/466/466 467/467/467 468/468/468
f 469/469/469 470/470/470 471/471/471
f 472/472/472 473/473/473 474/474/474
f 475/475/475 476/476/476 477/477/477
f 478/478/478 479/479/479 480/480/480
f 481/481/481 482/482/482 483/483/483
f 484/484/484 485/485/485 486/486/486
f 487/487/487 488/488/488 489/489/489
f 490/490/490 491/491/491 492/492/492
f 493/493/493 494/494/494 495/495/495
f 496/496/496 497/497/497 498/498/498
f 499/499/499 500/500/500 501/501/501
f 502/502/502 503/503/503 504/504/504
f 505/505/505 506/506/506 507/507/507
f 508/508/508 509/509/509 510/510/510
f 511/511/511 512/512/512 513/513/513
f 514/514/514 515/515/515 516/516/516
f 517/517/517 518/518/518 519/519/519
f 520/520/520 521/521/521 522/522/522
f 523/523/523 524/524/524 525/525/525
f 526/526/526 527/527/527 528/528/528
f 529/529/529 530/530/530 531/531/531
f 532/532/532 533/533/533 534/534/534
f 535/535/535 536/536/536 537/537/537
f 538/538/538 539/539/539 540/540/540
f 541/541/541 542/542/542 543/543/543
f 544/544/544 545/545/545 546/546/546
f 547/547/547 548/548/548 549/549/549
f 550/550/550 551/551/551 552/552/552
f 553/553/553 554/554/554 555/555/555
f 556/556/556 557/557/557 558/558/558
f 559/559/559 560/560/560 561/561/561
f 562/562/562 563/563/563 564/564/564
f 565/565/565 566/566/566 567/567/567
f 568/568/568 569/569/569 570/570/570
f 571/571/571 572/572/572 573/573/573
f 574/574/574 575/575/575 576/576/576
f 577/577/577 578/578/578 579/579/579
f 580/580/580 581/581/581 582/582/582
f 583/583/583 584/584/584 585/585/585
f 586/586/586 587/587/587 588/588/588
f 589/589/589 590/590/590 591/591/591
f 592/592/592 593/593/593 594/594/594
f 595/595/595 596/596/596 597/597/597
f 598/598/598 599/599/599 600/600/600
f 601/601/601 602/602/602 603/603/603
f 604/604/604 605/605/605 606/606/606
f 607/607/607 608/608/608 609/609/609
f 610/610/610 611/611/611 612/612/612
f 613/613/613 614/614/614 615/615/615
f 616/616/616 617/617/617 618/618/618
f 619/619/619 620/620/620 621/621/621
f 622/622/622 623/623/623 624/624/624
f 625/625/625 626/626/626 627/627/627
f 628/628/628 629/629/629 630/630/630
f 631/631/631 632/632/632 633/633/633
f 634/634/634 635/635/635 636/636/636
f 637/637/637 638/638/638 639/639/639
f 640/640/640 641/641/641 642/642/642
f 643/643/643 644/644/644 645/645/645
f 646/646/646 647/647/647 648/648/648
f 649/649/649 650/650/650 651/651/651
f 652/652/652 653/653/653 654/654/654
f 655/655/655 656/656/656 657/657/657
f 658/658/658 659/659/659 660/660/660
f 661/661/661 662/662/662 663/663/663
f 664/664/664 665/665/665 666/666/666
f 667/667/667 668/668/668 669/669/669
f 670/670/670 671/671/671 672/672/672
f 673/673/673 674/674/674 675/675/675
f 676/676/676 677/677/677 678/678/678
f 679/679/679 680/680/680 681/681/681
f 682/682/682 683/683/683 684/684/684
f 685/685/685 686/686/686 687/687/687
f 688/688/688 689/689/689 690/690/690
f 691/691/691 692/692/692 693/693/693
f 694/694/694 695/695/695 696/696/696
f 697/697/697 698/698/698 699/699/699
f 700/700/700 701/701/701 702/702/702
f 703/703/703 704/704/704 705/705/705
f 706/706/706 707/707/707 708/708/708
f 709/709/709 710/710/710 711/711/711
f 712/712/712 713/713/713 714/714/714
f 715/715/715 716/716/716 717/717/717
f 718/718/718 719/719/719 720/720/720
f 721/721/721 722/722/722 723/723/723
f 724/724/724 725/725/725 726/726/726
f 727/727/727 728/728/728 729/729/729
f 730/730/730 731/731/731 732/732/732
f 733/733/733 734/734/734 735/735/735
f 736/736/736 737/737/737 738/738/738
f 739/739/739 740/740/740 741/741/741
f 742/742/742 743/743/743 744/744/744
f 745/745/745 746/746/746 747/747/747
f 748/748/748 749/749/749 750/750/750
f 751/751/751 752/752/752 753/753/753
f 754/754/754 755/755/755 756/756/756
f 757/757/757 758/758/758 759/759/759
f 760/760/760 761/761/761 762/762/762
f 763/763/763 764/764/764 765/765/765
f 766/766/766 767/767/767 768/768/768
f 769/769/769 770/770/770 771/771/771
f 772/772/772 773/773/773 774/774/774
f 775/775/775 776/776/776 777/777/777
f 778/778/778 779/779/779 780/780/780
f 781/781/781 782/782/782 783/783/783
f 784/784/784 785/785/785 786/786/786
f 787/787/787 788/788/788 789/789/789
f 790/790/790 791/791/791 792/792/792
f 793/793/793 794/794/794 795/795/795
f 796/796/796 797/797/797 798/798/798
f 799/799/799 800/800/800 801/801/801
f 802/802/802 803/803/803 804/804/804
f 805/805/805 806/806/806 807/807/807
f 808/808/808 809/809/809 810/810/810
f 811/811/811 812/812/812 813/813/813
f 814/814/814 815/815/815 816/816/816
f 817/817/817 818/818/818 819/819/819
f 820/820/820 821/821/821 822/822/822
f 823/823/823 824/824/824 825/825/825
f 826/826/826 827/827/827 828/828/828
f 829/829/829 830/830/830 831/831/831
f 832/832/832 833/833/833 834/834/834
f 835/835/835 836/836/836 837/837/837
f 838/838/838 839/839/839 840/840/840
f 841/841/841 842/842/842 843/843/843
f 844/844/844 845/845/845 846/846/846
f 847/847/847 848/848/848 849/849/849
f 850/850/850 851/851/851 852/852/852
f 853/853/853 854/854/854 855/855/855
f 856/856/856 857/857/857 858/858/858
f 859/859/859 860/860/860 861/861/861
f 862/862/862 863/863/863 864/864/864
f 865/865/865 866/866/866 867/867/867
f 868/868/868 869/869/869 870/870/870
f 871/871/871 872/872/872 873/873/873
f 874/874/874 875/875/875 876/876/876
f 877/877/877 878/878/878 879/879/879
f 880/880/880 881/881/881 882/882/882
f 883/883/883 884/884/884 885/885/885
f 886/886/886 887/887/887 888/888/888
f 889/889/889 890/890/890 891/891/891
f 892/892/892 893/893/893 894/894/894
f 895/895/895 896/896/896 897/897/897
f 898/898/898 899/899/899 900/900/900
f 901/901/901 902/902/902 903/903/903
f 904/904/904 905/905/905 906/906/906
f 907/907/907 908/908/908 909/909/909
f 910/910/910 911/911/911 912/912/912
f 913/913/913 914/914/914 915/915/915
f 916/916/916 917/917/917 918/918/918
f 919/919/919 920/920/920 921/921/921
f 922/922/922 923/923/923 924/924/924
f 925/925/925 926/926/926 927/927/927
f 928/928/928 929/929/929 930/930/930
f 931/931/931 932/932/932 933/933/933
f 934/934/934 935/935/935 936/936/936
f 937/937/937 938/938/938 939/939/939
f 940/940/940 941/941/941 942/942/942
f 943/943/943 944/944/944 945/945/945
f 946/946/946 947/947/947 948/948/948
f 949/949/949 950/950/950 951/951/951
f 952/952/952 953/953/953 954/954/954
f 955/955/955 956/956/956 957/957/957
f 958/958/958 959/959/959 960/960/960
f 961/961/961 962/962/962 963/963/963
f 964/964/964 965/965/965 966/966/966
f 967/967/967 968/968/968 969/969/969
f 970/970/970 971/971/971 972/972/972
f 973/973/973 974/974/974 975/975/975
f 976/976/976 977/977/977 978/978/978
f 979/979/979 980/980/980 981/981/981
f 982/982/982 983/983/983 984/984/984
f 985/985/985 986/986/986 987/987/987
f 988/988/988 989/989/989 990/990/990
f 991/991/991 992/992/992 993/993/993
f 994/994/994 995/995/995 996/996/996
f 997/997/997 998/998/998 999/999/999
f 1000/1000/1000 1001/1001/1001 1002/1002/1002
f 1003/1003/1003 1004/1004/1004 1005/1005/1005
f 1006/1006/1006 1007/1007/1007 1008/1008/1008
f 1009/1009/1009 1010/1010/1010 1011/1011/1011
f 1012/1012/1012 1013/1013/1013 1014/1014/1014
f 1015/1015/1015 1016/1016/1016 1017/1017/1017
f 1018/1018/1018 1019/1019/1019 1020/1020/1020
f 1021/1021/1021 1022/1022/1022 1023/1023/1023
f 1024/1024/1024 1025/1025/1025 1026/1026/1026
f 1027/1027/1027 1028/1028/1028 1029/1029/1029
f 1030/1030/1030 1031/1031/1031 1032/1032/1032
f 1033/1033/1033 1034/1034/1034 1035/1035/1035
f 1036/1036/1036 1037/1037/1037 1038/1038/1038
f 1039/1039/1039 1040/1040/1040 1041/1041/1041
f 1042/1042/1042 1043/1043/1043 1044/1044/1044
f 1045/1045/1045 1046/1046/1046 1047/1047/1047
f 1048/1048/1048 1049/1049/1049 1050/1050/1050
f 1051/1051/1051 1052/1052/1052 1053/1053/1053
f 1054/1054/1054 1055/1055/1055 1056/1056/1056
f 1057/1057/1057 1058/1058/1058 1059/1059/1059
f 1060/1060/1060 1061/1061/1061 1062/1062/1062
f 1063/1063/1063 1064/1064/1064 1065/1065/1065
f 1066/1066/1066 1067/1067/1067 1068/1068/1068
f 1069/1069/1069 1070/1070/1070 1071/1071/1071
f 1072/1072/1072 1073/1073/1073 1074/1074/1074
f 1075/1075/1075 1076/1076/1076 1077/1077/1077
f 1078/1078/1078 1079/1079/1079 1080/1080/1080
f 1081/1081/1081 1082/1082/1082 1083/1083/1083
f 1084/1084/1084 1085/1085/1085 1086/1086/1086
f 1087/1087/1087 1088/1088/1088 1089/1089/1089
f 1090/1090/1090 1091/1091/1091 1092/1092/1092
f 1093/1093/1093 1094/1094/1094 1095/1095/1095
f 1096/1096/1096 1097/1097/1097 1098/1098/1098
f 1099/1099/1099 1100/1100/1100 1101/1101/1101
f 1102/1102/1102 1103/1103/1103 1104/1104/1104
f 1105/1105/1105 1106/1106/1106 1107/1107/1107
f 1108/1108/1108 1109/1109/1109 1110/1110/1110
f 1111/1111/1111 1112/1112/1112 1113/1113/1113
f 1114/1114/1114 1115/1115/1115 1116/1116/1116
f 1117/1117/1117 1118/1118/1118 1119/1119/1119
f 1120/1120/1120 1121/1121/1121 1122/1122/1122
f 1123/1123/1123 1124/1124/1124 1125/1125/1125
f 1126/1126/1126 1127/1127/1127 1128/1128/1128
f 1129/1129/1129 1130/1130/1130 1131/1131/1131
f 1132/1132/1132 1133/1133/1133 1134/1134/1134
f 1135/1135/1135 1136/1136/1136 1137/1137/1137
f 1138/1138/1138 1139/1139/1139 1140/1140/1140
f 1141/1141/1141 1142/1142/1142 1143/1143/1143
f 1144/1144/1144 1145/1145/1145 1146/1146/1146
f 1147/1147/1147 1148/1148/1148 1149/1149/1149
f 1150/1150/1150 1151/1151/1151 1152/1152/1152
f 1153/1153/1153 1154/1154/1154 1155/1155/1155
f 1156/1156/1156 1157/1157/1157 1158/1158/1158
f 1159/1159/1159 1160/1160/1160 1161/1161/1161
f 1162/1162/1162 1163/1163/1163 1164/1164/1164
f 1165/1165/1165 1166/1166/1166 1167/1167/1167
f 1168/1168/1168 1169/1169/1169 1170/1170/1170
f 1171/1171/1171 1172/1172/1172 1173/1173/1173
f 1174/1174/1174 1175/1175/1175 1176/1176/1176
f 1177/1177/1177 1178/1178/1178 1179/1179/1179
f 1180/1180/1180 1181/1181/1181 1182/1182/1182
f 1183/1183/1183 1184/1184/1184 1185/1185/1185
f 1186/1186/1186 1187/1187/1187 1188/1188/1188
f 1189/1189/1189 1190/1190/1190 1191/1191/1191
f 1192/1192/1192 1193/1193/1193 1194/1194/1194
f 1195/1195/1195 1196/1196/1196 1197/1197/1197
f 1198/1198/1198 1199/1199/1199 1200/1200/1200
f 1201/1201/1201 1202/1202/1202 1203/1203/1203
f 1204/1204/1204 1205/1205/1205 1206/1206/1206
f 1207/1207/1207 1208/1208/1208 1209/1209/1209
f 1210/1210/1210 1211/1211/1211 1212/1212/1212
f 1213/1213/1213 1214/1214/1214 1215/1215/1215
f 1216/1216/1216 1217/1217/1217 1218/1218/1218
f 1219/1219/1219 1220/1220/1220 1221/1221/1221
f 1222/1222/1222 1223/1223/1223 1224/1224/1224
f 1225/1225/1225 1226/1226/1226 1227/1227/1227
f 1228/1228/1228 1229/1229/1229 1230/1230/1230
f 1231/1231/1231 1232/1232/1232 1233/1233/1233
f 1234/1234/1234 1235/1235/1235 1236/1236/1236
f 1237/1237/1237 1238/1238/1238 1239/1239/1239
f 1240/1240/1240 1241/1241/1241 1242/1242/1242
f 1243/1243/1243 1244/1244/1244 1245/1245/1245
f 1246/1246/1246 1247/1247/1247 1248/1248/1248
f 1249/1249/1249 1250/1250/1250 1251/1251/1251
f 1252/1252/1252 1253/1253/1253 1254/1254/1254
f 1255/1255/1255 1256/1256/1256 1257/1257/1257
f 1258/1258/1258 1259/1259/1259 1260/1260/1260
f 1261/1261/1261 1262/1262/1262 1263/1263/1263
f 1264/1264/1264 1265/1265/1265 1266/1266/1266
f 1267/1267/1267 1268/1268/1268 1269/1269/1269
f 1270/1270/1270 1271/1271/1271 1272/1272/1272
f 1273/1273/1273 1274/1274/1274 1275/1275/1275
f 1276/1276/1276 1277/1277/1277 1278/1278/1278
f 1279/1279/1279 1280/1280/1280 1281/1281/1281
f 1282/1282/1282 1283/1283/1283 1284/1284/1284
f 1285/1285/1285 1286/1286/1286 1287/1287/1287
f 1288/1288/1288 1289/1289/1289 1290/1290/1290
f 1291/1291/1291 1292/1292/1292 1293/1293/1293
f 1294/1294/1294 1295/1295/1295 1296/1296/1296
f 1297/1297/1297 1298/1298/1298 1299/1299/1299
f 1300/1300/1300 1301/1301/1301 1302/1302/1302
f 1303/1303/1303 1304/1304/1304 1305/1305/1305
f 1306/1306/1306 1307/1307/1307 1308/1308/1308
f 1309/1309/1309 1310/1310/1310 1311/1311/1311
f 1312/1312/1312 1313/1313/1313 1314/1314/1314
f 1315/1315/1315 1316/1316/1316 1317/1317/1317
f 1318/1318/1318 1319/1319/1319 1320/1320/1320
f 1321/1321/1321 1322/1322/1322 1323/1323/1323
f 1324/1324/1324 1325/1325/1325 1326/1326/1326
f 1327/1327/1327 1328/1328/1328 1329/1329/1329
f 1330/1330/1330 1331/1331/1331 1332/1332/1332
f 1333/1333/1333 1334/1334/1334 1335/1335/1335
f 1336/1336/1336 1337/1337/1337 1338/1338/1338
f 1339/1339/1339 1340/1340/1340 1341/1341/1341
f 1342/1342/1342 1343/1343/1343 1344/1344/1344
f 1345/1345/1345 1346/1346/1346 1347/1347/1347
f 1348/1348/1348 1349/1349/1349 1350/1350/1350
f 1351/1351/1351 1352/1352/1352 1353/1353/1353
f 1354/1354/1354 1355/1355/1355 1356/1356/1356
f 1357/1357/1357 1358/1358/1358 1359/1359/1359
f 1360/1360/1360 1361/1361/1361 1362/1362/1362
f 1363/1363/1363 1364/1364/1364 1365/1365/1365
f 1366/1366/1366 1367/1367/1367 1368/1368/1368
f 1369/1369/1369 1370/1370/1370 1371/1371/1371
f 1372/1372/1372 1373/1373/1373 1374/1374/1374
f 1375/1375/1375 1376/1376/1376 1377/1377/1377
f 1378/1378/1378 1379/1379/1379 1380/1380/1380
f 1381/1381/1381 1382/1382/1382 1383/1383/1383
f 1384/1384/1384 1385/1385/1385 1386/1386/1386
f 1387/1387/1387 1388/1388/1388 1389/1389/1389
f 1390/1390/1390 1391/1391/1391 1392/1392/1392
f 1393/1393/1393 1394/1394/1394 1395/1395/1395
f 1396/1396/1396 1397/1397/1397 1398/1398/1398
f 1399/1399/1399 1400/1400/1400 1401/1401/1401
f 1402/1402/1402 1403/1403/1403 1404/1404/1404
f 1405/1405/1405 1406/1406/1406 1407/1407/1407
f 1408/1408/1408 1409/1409/1409 1410/1410/1410
f 1411/1411/1411 1412/1412/1412 1413/1413/1413
f 1414/1414/1414 1415/1415/1415 1416/1416/1416
f 1417/1417/1417 1418/1418/1418 1419/1419/1419
f 1420/1420/1420 1421/1421/1421 1422/1422/1422
f 1423/1423/1423 1424/1424/1424 1425/1425/1425
f 1426/1426/1426 1427/1427/1427 1428/1428/1428
f 1429/1429/1429 1430/1430/1430 1431/1431/1431
f 1432/1432/1432 1433/1433/1433 1434/1434/1434
f 1435/1435/1435 1436/1436/1436 1437/1437/1437
f 1438/1438/1438 1439/1439/1439 1440/1440/1440
f 1441/1441/1441 1442/1442/1442 1443/1443/1443
f 1444/1444/1444 1445/1445/1445 1446/1446/1446
f 1447/1447/1447 1448/1448/1448 1449/1449/1449
f 1450/1450/1450 1451/1451/1451 1452/1452/1452
f 1453/1453/1453 1454/1454/1454 1455/1455/1455
f 1456/1456/1456 1457/1457/1457 1458/1458/1458
f 1459/1459/1459 1460/1460/1460 1461/1461/1461
f 1462/1462/1462 1463/1463/1463 1464/1464/1464
f 1465/1465/1465 1466/1466/1466 1467/1467/1467
f 1468/1468/1468 1469/1469/1469 1470/1470/1470
f 1471/1471/1471 1472/1472/1472 1473/1473/1473
f 1474/1474/1474 1475/1475/1475 1476/1476/1476
f 1477/1477/1477 1478/1478/1478 1479/1479/1479
f 1480/1480/1480 1481/1481/1481 1482/1482/1482
f 1483/1483/1483 1484/1484/1484 1485/1485/1485
f 1486/1486/1486 1487/1487/1487 1488/1488/1488
f 1489/1489/1489 1490/1490/1490 1491/1491/1491
f 1492/1492/1492 1493/1493/1493 1494/1494/1494
f 1495/1495/1495 1496/1496/1496 1497/1497/1497
f 1498/1498/1498 1499/1499/1499 1500/1500/1500
f 1501/1501/1501 1502/1502/1502 1503/1503/1503
f 1504/1504/1504 1505/1505/1505 1506/1506/1506
f 1507/1507/1507 1508/1508/1508 1509/1509/1509
f 1510/1510/1510 1511/1511/1511 1512/1512/1512
f 1513/1513/1513 1514/1514/1514 1515/1515/1515
f 1516/1516/1516 1517/1517/1517 1518/1518/1518
f 1519/1519/1519 1520/1520/1520 1521/1521/1521
f 1522/1522/1522 1523/1523/1523 1524/1524/1524
f 1525/1525/1525 1526/1526/1526 1527/1527/1527
f 1528/1528/1528 1529/1529/1529 1530/1530/1530
f 1531/1531/1531 1532/1532/1532 1533/1533/1533
f 1534/1534/1534 1535/1535/1535 1536/1536/1536
f 1537/1537/1537 1538/1538/1538 1539/1539/1539
f 1540/1540/1540 1541/1541/1541 1542/1542/1542
f 1543/1543/1543 1544/1544/1544 1545/1545/1545
f 1546/1546/1546 1547/1547/1547 1548/1548/1548
f 1549/1549/1549 1550/1550/1550 1551/1551/1551
f 1552/1552/1552 1553/1553/1553 1554/1554/1554
f 1555/1555/1555 1556/1556/1556 1557/1557/1557
f 1558/1558/1558 1559/1559/1559 1560/1560/1560
f 1561/1561/1561 1562/1562/1562 1563/1563/1563
f 1564/1564/1564 1565/1565/1565 1566/1566/1566
f 1567/1567/1567 1568/1568/1568 1569/1569/1569
f 1570/1570/1570 1571/1571/1571 1572/1572/1572
f 1573/1573/1573 1574/1574/1574 1575/1575/1575
f 1576/1576/1576 1577/1577/1577 1578/1578/1578
f 1579/1579/1579 1580/1580/1580 1581/1581/1581
f 1582/1582/1582 1583/1583/1583 1584/1584/1584
f 1585/1585/1585 1586/1586/1586 1587/1587/1587
f 1588/1588/1588 1589/1589/1589 1590/1590/1590
f 1591/1591/1591 1592/1592/1592 1593/1593/1593
f 1594/1594/1594 1595/1595/1595 1596/1596/1596
f 1597/1597/1597 1598/1598/1598 1599/1599/1599
f 1600/1600/1600 1601/1601/1601 1602/1602/1602
f 1603/1603/1603 1604/1604/1604 1605/1605/1605
f 1606/1606/1606 1607/1607/1607 1608/1608/1608
f 1609/1609/1609 1610/1610/1610 1611/1611/1611
f 1612/1612/1612 1613/1613/1613 1614/1614/1614
f 1615/1615/1615 1616/1616/1616 1617/1617/1617
f 1618/1618/1618 1619/1619/1619 1620/1620/1620
f 1621/1621/1621 1622/1622/1622 1623/1623/1623
f 1624/1624/1624 1625/1625/1625 1626/1626/1626
f 1627/1627/1627 1628/1628/1628 1629/1629/1629
f 1630/1630/1630 1631/1631/1631 1632/1632/1632
f 1633/1633/1633 1634/1634/1634 1635/1635/1635
f 1636/1636/1636 1637/1637/1637 1638/1638/1638
f 1639/1639/1639 1640/1640/1640 1641/1641/1641
f 1642/1642/1642 1643/1643/1643 1644/1644/1644
f 1645/1645/1645 1646/1646/1646 1647/1647/1647
f 1648/1648/1648 1649/1649/1649 1650/1650/1650
f 1651/1651/1651 1652/1652/1652 1653/1653/1653
f 1654/1654/1654 1655/1655/1655 1656/1656/1656
f 1657/1657/1657 1658/1658/1658 1659/1659/1659
f 1660/1660/1660 1661/1661/1661 1662/1662/1662
f 1663/1663/1663 1664/1664/1664 1665/1665/1665
f 1666/1666/1666 1667/1667/1667 1668/1668/1668
f 1669/1669/1669 1670/1670/1670 1671/1671/1671
f 1672/1672/1672 1673/1673/1673 1674/1674/1674
f 1675/1675/1675 1676/1676/1676 1677/1677/1677
f 1678/1678/1678 1679/1679/1679 1680/1680/1680
f 1681/1681/1681 1682/1682/1682 1683/1683/1683
f 1684/1684/1684 1685/1685/1685 1686/1686/1686
f 1687/1687/1687 1688/1688/1688 1689/1689/1689
f 1690/1690/1690 1691/1691/1691 1692/1692/1692
f 1693/1693/1693 1694/1694/1694 1695/1695/1695
f 1696/1696/1696 1697/1697/1697 1698/1698/1698
f 1699/1699/1699 1700/1700/1700 1701/1701/1701
f 1702/1702/1702 1703/1703/1703 1704/1704/1704
f 1705/1705/1705 1706/1706/1706 1707/1707/1707
f 1708/1708/1708 1709/1709/1709 1710/1710/1710
f 1711/1711/1711 1712/1712/1712 1713/1713/1713
f 1714/1714/1714 1715/1715/1715 1716/1716/1716
f 1717/1717/1717 1718/1718/1718 1719/1719/1719
f 1720/1720/1720 1721/1721/1721 1722/1722/1722
f 1723/1723/1723 1724/1724/1724 1725/1725/1725
f 1726/1726/1726 1727/1727/1727 1728/1728/1728
f 1729/1729/1729 1730/1730/1730 1731/1731/1731
f 1732/1732/1732 1733/1733/1733 1734/1734/1734
f 1735/1735/1735 1736/1736/1736 1737/1737/1737
f 1738/1738/1738 1739/1739/1739 1740/1740/1740
f 1741/1741/1741 1742/1742/1742 1743/1743/1743
f 1744/1744/1744 1745/1745/1745 1746/1746/1746
f 1747/1747/1747 1748/1748/1748 1749/1749/1749
f 1750/1750/1750 1751/1751/1751 1752/1752/1752
f 1753/1753/1753 1754/1754/1754 1755/1755/1755
f 1756/1756/1756 1757/1757/1757 1758/1758/1758
f 1759/1759/1759 1760/1760/1760 1761/1761/1761
f 1762/1762/1762 1763/1763/1763 1764/1764/1764
f 1765/1765/1765 1766/1766/1766 1767/1767/1767
f 1768/1768/1768 1769/1769/1769 1770/1770/1770
f 1771/1771/1771 1772/1772/1772 1773/1773/1773
f 1774/1774/1774 1775/1775/1775 1776/1776/1776
f 1777/1777/1777 1778/1778/1778 1779/1779/1779
f 1780/1780/1780 1781/1781/1781 1782/1782/1782
f 1783/1783/1783 1784/1784/1784 1785/1785/1785
f 1786/1786/1786 1787/1787/1787 1788/1788/1788
f 1789/1789/1789 1790/1790/1790 1791/1791/1791
f 1792/1792/1792 1793/1793/1793 1794/1794/1794
f 1795/1795/1795 1796/1796/1796 1797/1797/1797
f 1798/1798/1798 1799/1799/1799 1800/1800/1800
f 1801/1801/1801 1802/1802/1802 1803/1803/1803
f 1804/1804/1804 1805/1805/1805 1806/1806/1806
f 1807/1807/1807 1808/1808/1808 1809/1809/1809
f 1810/1810/1810 1811/1811/1811 1812/1812/1812
f 1813/1813/1813 1814/1814/1814 1815/1815/1815
f 1816/1816/1816 1817/1817/1817 1818/1818/1818
f 1819/1819/1819 1820/1820/1820 1821/1821/1821
f 1822/1822/1822 1823/1823/1823 1824/1824/1824
f 1825/1825/1825 1826/1826/1826 1827/1827/1827
f 1828/1828/1828 1829/1829/1829 1830/1830/1830
f 1831/1831/1831 1832/1832/1832 1833/1833/1833
f 1834/1834/1834 1835/1835/1835 1836/1836/1836
f 1837/1837/1837 1838/1838/1838 1839/1839/1839
f 1840/1840/1840 1841/1841/1841 1842/1842/1842
f 1843/1843/1843 1844/1844/1844 1845/1845/1845
f 1846/1846/1846 1847/1847/1847 1848/1848/1848
f 1849/1849/1849 1850/1850/1850 1851/1851/1851
f 1852/1852/1852 1853/1853/1853 1854/1854/1854
f 1855/1855/1855 1856/1856/1856 1857/1857/1857
f 1858/1858/1858 1859/1859/1859 1860/1860/1860
f 1861/1861/1861 1862/1862/1862 1863/1863/1863
f 1864/1864/1864 1865/1865/1865 1866/1866/1866
f 1867/1867/1867 1868/1868/1868 1869/1869/1869
f 1870/1870/1870 1871/1871/1871 1872/1872/1872
f 1873/1873/1873 1874/1874/1874 1875/1875/1875
f 1876/1876/1876 1877/1877/1877 1878/1878/1878
f 1879/1879/1879 1880/1880/1880 1881/1881/1881
f 1882/1882/1882 1883/1883/1883 1884/1884/1884
f 1885/1885/1885 1886/1886/1886 1887/1887/1887
f 1888/1888/1888 1889/1889/1889 1890/1890/1890
f 1891/1891/1891 1892/1892/1892 1893/1893/1893
f 1894/1894/1894 1895/1895/1895 1896/1896/1896
f 1897/1897/1897 1898/1898/1898 1899/1899/1899
f 1900/1900/1900 1901/1901/1901 1902/1902/1902
f 1903/1903/1903 1904/1904/1904 1905/1905/1905
f 1906/1906/1906 1907/1907/1907 1908/1908/1908
f 1909/1909/1909 1910/1910/1910 1911/1911/1911
f 1912/1912/1912 1913/1913/1913 1914/1914/1914
f 1915/1915/1915 1916/1916/1916 1917/1917/1917
f 1918/1918/1918 1919/1919/1919 1920/1920/1920
f 1921/1921/1921 1922/1922/1922 1923/1923/1923
f 1924/1924/1924 1925/1925/1925 1926/1926/1926
f 1927/1927/1927 1928/1928/1928 1929/1929/1929
f 1930/1930/1930 1931/1931/1931 1932/1932/1932
f 1933/1933/1933 1934/1934/1934 1935/1935/1935
f 1936/1936/1936 1937/1937/1937 1938/1938/1938
f 1939/1939/1939 1940/1940/1940 1941/1941/1941
f 1942/1942/1942 1943/1943/1943 1944/1944/1944
f 1945/1945/1945 1946/1946/1946 1947/1947/1947
f 1948/1948/1948 1949/1949/1949 1950/1950/1950
f 1951/1951/1951 1952/1952/1952 1953/1953/1953
f 1954/1954/1954 1955/1955/1955 1956/1956/1956
f 1957/1957/1957 1958/1958/1958 1959/1959/1959
f 1960/1960/1960 1961/1961/1961 1962/1962/1962
f 1963/1963/1963 1964/1964/1964 1965/1965/1965
f 1966/1966/1966 1967/1967/1967 1968/1968/1968
f 1969/1969/1969 1970/1970/1970 1971/1971/1971
f 1972/1972/1972 1973/1973/1973 1974/1974/1974
f 1975/1975/1975 1976/1976/1976 1977/1977/1977
f 1978/1978/1978 1979/1979/1979 1980/1980/1980
f 1981/1981/1981 1982/1982/1982 1983/1983/1983
f 1984/1984/1984 1985/1985/1985 1986/1986/1986
f 1987/1987/1987 1988/1988/1988 1989/1989/1989
f 1990/1990/1990 1991/1991/1991 1992/1992/1992
f 1993/1993/1993 1994/1994/1994 1995/1995/1995
f 1996/1996/1996 1997/1997/1997 1998/1998/1998
f 1999/1999/1999 2000/2000/2000 2001/2001/2001
f 2002/2002/2002 2003/2003/2003 2004/2004/2004
f 2005/2005/2005 2006/2006/2006 2007/2007/2007
f 2008/2008/2008 2009/2009/2009 2010/2010/2010
f 2011/2011/2011 2012/2012/2012 2013/2013/2013
f 2014/2014/2014 2015/2015/2015 2016/2016/2016
f 2017/2017/2017 2018/2018/2018 2019/2019/2019
f 2020/2020/2020 2021/2021/2021 2022/2022/2022
f 2023/2023/2023 2024/2024/2024 2025/2025/2025
f 2026/2026/2026 2027/2027/2027 2028/2028/2028
f 2029/2029/2029 2030/2030/2030 2031/2031/2031
f 2032/2032/2032 2033/2033/2033 2034/2034/2034
f 2035/2035/2035 2036/2036/2036 2037/2037/2037
f 2038/2038/2038 2039/2039/2039 2040/2040/2040
f 2041/2041/2041 2042/2042/2042 2043/2043/2043
f 2044/2044/2044 2045/2045/2045 2046/2046/2046
f 2047/2047/2047 2048/2048/2048 2049/2049/2049
f 2050/2050/2050 2051/2051/2051 2052/2052/2052
f 2053/2053/2053 2054/2054/2054 2055/2055/2055
f 2056/2056/2056 2057/2057/2057 2058/2058/2058
f 2059/2059/2059 2060/2060/2060 2061/2061/2061
f 2062/2062/2062 2063/2063/2063 2064/2064/2064
f 2065/2065/2065 2066/2066/2066 2067/2067/2067
f 2068/2068/2068 2069/2069/2069 2070/2070/2070
f 2071/2071/2071 2072/2072/2072 2073/2073/2073
f 2074/2074/2074 2075/2075/2075 2076/2076/2076
f 2077/2077/2077 2078/2078/2078 2079/2079/2079
f 2080/2080/2080 2081/2081/2081 2082/2082/2082
f 2083/2083/2083 2084/2084/2084 2085/2085/2085
f 2086/2086/2086 2087/2087/2087 2088/2088/2088
f 2089/2089/2089 2090/2090/2090 2091/2091/2091
f 2092/2092/2092 2093/2093/2093 2094/2094/2094
f 2095/2095/2095 2096/2096/2096 2097/2097/2097
f 2098/2098/2098 2099/2099/2099 2100/2100/2100
f 2101/2101/2101 2102/2102/2102 2103/2103/2103
f 2104/2104/2104 2105/2105/2105 2106/2106/2106
f 2107/2107/2107 2108/2108/2108 2109/2109/2109
f 2110/2110/2110 2111/2111/2111 2112/2112/2112
f 2113/2113/2113 2114/2114/2114 2115/2115/2115
f 2116/2116/2116 2117/2117/2117 2118/2118/2118
f 2119/2119/2119 2120/2120/2120 2121/2121/2121
f 2122/2122/2122 2123/2123/2123 2124/2124/2124
f 2125/2125/2125 2126/2126/2126 2127/2127/2127
f 2128/2128/2128 2129/2129/2129 2130/2130/2130
f 2131/2131/2131 2132/2132/2132 2133/2133/2133
f 2134/2134/2134 2135/2135/2135 2136/2136/2136
f 2137/2137/2137 2138/2138/2138 2139/2139/2139
f 2140/2140/2140 2141/2141/2141 2142/2142/2142
f 2143/2143/2143 2144/2144/2144 2145/2145/2145
f 2146/2146/2146 2147/2147/2147 2148/2148/2148
f 2149/2149/2149 2150/2150/2150 2151/2151/2151
f 2152/2152/2152 2153/2153/2153 2154/2154/2154
f 2155/2155/2155 2156/2156/2156 2157/2157/2157
f 2158/2158/2158 2159/2159/2159 2160/2160/2160
f 2161/2161/2161 2162/2162/2162 2163/2163/2163
f 2164/2164/2164 2165/2165/2165 2166/2166/2166
f 2167/2167/2167 2168/2168/2168 2169/2169/2169
f 2170/2170/2170 2171/2171/2171 2172/2172/2172
f 2173/2173/2173 2174/2174/2174 2175/2175/2175
f 2176/2176/2176 2177/2177/2177 2178/2178/2178
f 2179/2179/2179 2180/2180/2180 2181/2181/2181
f 2182/2182/2182 2183/2183/2183 2184/2184/2184
f 2185/2185/2185 2186/2186/2186 2187/2187/2187
f 2188/2188/2188 2189/2189/2189 2190/2190/2190
f 2191/2191/2191 2192/2192/2192 2193/2193/2193
f 2194/2194/2194 2195/2195/2195 2196/2196/2196
f 2197/2197/2197 2198/2198/2198 2199/2199/2199
f 2200/2200/2200 2201/2201/2201 2202/2202/2202
f 2203/2203/2203 2204/2204/2204 2205/2205/2205
f 2206/2206/2206 2207/2207/2207 2208/2208/2208
f 2209/2209/2209 2210/2210/2210 2211/2211/2211
f 2212/2212/2212 2213/2213/2213 2214/2214/2214
f 2215/2215/2215 2216/2216/2216 2217/2217/2217
f 2218/2218/2218 2219/2219/2219 2220/2220/2220
f 2221/2221/2221 2222/2222/2222 2223/2223/2223
f 2224/2224/2224 2225/2225/2225 2226/2226/2226
f 2227/2227/2227 2228/2228/2228 2229/2229/2229
f 2230/2230/2230 2231/2231/2231 2232/2232/2232
f 2233/2233/2233 2234/2234/2234 2235/2235/2235
f 2236/2236/2236 2237/2237/2237 2238/2238/2238
f 2239/2239/2239 2240/2240/2240 2241/2241/2241
f 2242/2242/2242 2243/2243/2243 2244/2244/2244
f 2245/2245/2245 2246/2246/2246 2247/2247/2247
f 2248/2248/2248 2249/2249/2249 2250/2250/2250
f 2251/2251/2251 2252/2252/2252 2253/2253/2253
f 2254/2254/2254 2255/2255/2255 2256/2256/2256
f 2257/2257/2257 2258/2258/2258 2259/2259/2259
f 2260/2260/2260 2261/2261/2261 2262/2262/2262
f 2263/2263/2263 2264/2264/2264 2265/2265/2265
f 2266/2266/2266 2267/2267/2267 2268/2268/2268
f 2269/2269/2269 2270/2270/2270 2271/2271/2271
f 2272/2272/2272 2273/2273/2273 2274/2274/2274
f 2275/2275/2275 2276/2276/2276 2277/2277/2277
f 2278/2278/2278 2279/2279/2279 2280/2280/2280
f 2281/2281/2281 2282/2282/2282 2283/2283/2283
f 2284/2284/2284 2285/2285/2285 2286/2286/2286
f 2287/2287/2287 2288/2288/2288 2289/2289/2289
f 2290/2290/2290 2291/2291/2291 2292/2292/2292
f 2293/2293/2293 2294/2294/2294 2295/2295/2295
f 2296/2296/2296 2297/2297/2297 2298/2298/2298
f 2299/2299/2299 2300/2300/2300 2301/2301/2301
f 2302/2302/2302 2303/2303/2303 2304/2304/2304
f 2305/2305/2305 2306/2306/2306 2307/2307/2307
f 2308/2308/2308 2309/2309/2309 2310/2310/2310
f 2311/2311/2311 2312/2312/2312 2313/2313/2313
f 2314/2314/2314 2315/2315/2315 2316/2316/2316
f 2317/2317/2317 2318/2318/2318 2319/2319/2319
f 2320/2320/2320 2321/2321/2321 2322/2322/2322
f 2323/2323/2323 2324/2324/2324 2325/2325/2325
f 2326/2326/2326 2327/2327/2327 2328/2328/2328
f 2329/2329/2329 2330/2330/2330 2331/2331/2331
f 2332/2332/2332 2333/2333/2333 2334/2334/2334
f 2335/2335/2335 2336/2336/2336 2337/2337/2337
f 2338/2338/2338 2339/2339/2339 2340/2340/2340
f 2341/2341/2341 2342/2342/2342 2343/2343/2343
f 2344/2344/2344 2345/2345/2345 2346/2346/2346
f 2347/2347/2347 2348/2348/2348 2349/2349/2349
f 2350/2350/2350 2351/2351/2351 2352/2352/2352
f 2353/2353/2353 2354/2354/2354 2355/2355/2355
f 2356/2356/2356 2357/2357/2357 2358/2358/2358
f 2359/2359/2359 2360/2360/2360 2361/2361/2361
f 2362/2362/2362 2363/2363/2363 2364/2364/2364
f 2365/2365/2365 2366/2366/2366 2367/2367/2367
f 2368/2368/2368 2369/2369/2369 2370/2370/2370
f 2371/2371/2371 2372/2372/2372 2373/2373/2373
f 2374/2374/2374 2375/2375/2375 2376/2376/2376
f 2377/2377/2377 2378/2378/2378 2379/2379/2379
f 2380/2380/2380 2381/2381/2381 2382/2382/2382
f 2383/2383/2383 2384/2384/2384 2385/2385/2385
f 2386/2386/2386 2387/2387/2387 2388/2388/2388
f 2389/2389/2389 2390/2390/2390 2391/2391/2391
f 2392/2392/2392 2393/2393/2393 2394/2394/2394
f 2395/2395/2395 2396/2396/2396 2397/2397/2397
f 2398/2398/2398 2399/2399/2399 2400/2400/2400
f 2401/2401/2401 2402/2402/2402 2403/2403/2403
f 2404/2404/2404 2405/2405/2405 2406/2406/2406
f 2407/2407/2407 2408/2408/2408 2409/2409/2409
f 2410/2410/2410 2411/2411/2411 2412/2412/2412
f 2413/2413/2413 2414/2414/2414 2415/2415/2415
f 2416/2416/2416 2417/2417/2417 2418/2418/2418
f 2419/2419/2419 2420/2420/2420 2421/2421/2421
f 2422/2422/2422 2423/2423/2423 2424/2424/2424
f 2425/2425/2425 2426/2426/2426 2427/2427/2427
f 2428/2428/2428 2429/2429/2429 2430/2430/2430
f 2431/2431/2431 2432/2432/2432 2433/2433/2433
f 2434/2434/2434 2435/2435/2435 2436/2436/2436
f 2437/2437/2437 2438/2438/2438 2439/2439/2439
f 2440/2440/2440 2441/2441/2441 2442/2442/2442
f 2443/2443/2443 2444/2444/2444 2445/2445/2445
f 2446/2446/2446 2447/2447/2447 2448/2448/2448
f 2449/2449/2449 2450/2450/2450 2451/2451/2451
f 2452/2452/2452 2453/2453/2453 2454/2454/2454
f 2455/2455/2455 2456/2456/2456 2457/2457/2457
f 2458/2458/2458 2459/2459/2459 2460/2460/2460
f 2461/2461/2461 2462/2462/2462 2463/2463/2463
f 2464/2464/2464 2465/2465/2465 2466/2466/2466
f 2467/2467/2467 2468/2468/2468 2469/2469/2469
f 2470/2470/2470 2471/2471/2471 2472/2472/2472
f 2473/2473/2473 2474/2474/2474 2475/2475/2475
f 2476/2476/2476 2477/2477/2477 2478/2478/2478
f 2479/2479/2479 2480/2480/2480 2481/2481/2481
f 2482/2482/2482 2483/2483/2483 2484/2484/2484
f 2485/2485/2485 2486/2486/2486 2487/2487/2487
f 2488/2488/2488 2489/2489/2489 2490/2490/2490
f 2491/2491/2491 2492/2492/2492 2493/2493/2493
f 2494/2494/2494 2495/2495/2495 2496/2496/2496
f 2497/2497/2497 2498/2498/2498 2499/2499/2499
f 2500/2500/2500 2501/2501/2501 2502/2502/2502
f 2503/2503/2503 2504/2504/2504 2505/2505/2505
f 2506/2506/2506 2507/2507/2507 2508/2508/2508
f 2509/2509/2509 2510/2510/2510 2511/2511/2511
f 2512/2512/2512 2513/2513/2513 2514/2514/2514
f 2515/2515/2515 2516/2516/2516 2517/2517/2517
f 2518/2518/2518 2519/2519/2519 2520/2520/2520
f 2521/2521/2521 2522/2522/2522 2523/2523/2523
f 2524/2524/2524 2525/2525/2525 2526/2526/2526
f 2527/2527/2527 2528/2528/2528 2529/2529/2529
f 2530/2530/2530 2531/2531/2531 2532/2532/2532
f 2533/2533/2533 2534/2534/2534 2535/2535/2535
f 2536/2536/2536 2537/2537/2537 2538/2538/2538
f 2539/2539/2539 2540/2540/2540 2541/2541/2541
f 2542/2542/2542 2543/2543/2543 2544/2544/2544
f 2545/2545/2545 2546/2546/2546 2547/2547/2547
f 2548/2548/2548 2549/2549/2549 2550/2550/2550
f 2551/2551/2551 2552/2552/2552 2553/2553/2553
f 2554/2554/2554 2555/2555/2555 2556/2556/2556
f 2557/2557/2557 2558/2558/2558 2559/2559/2559
f 2560/2560/2560 2561/2561/2561 2562/2562/2562
f 2563/2563/2563 2564/2564/2564 2565/2565/2565
f 2566/2566/2566 2567/2567/2567 2568/2568/2568
f 2569/2569/2569 2570/2570/2570 2571/2571/2571
f 2572/2572/2572 2573/2573/2573 2574/2574/2574
f 2575/2575/2575 2576/2576/2576 2577/2577/2577
f 2578/2578/2578 2579/2579/2579 2580/2580/2580
f 2581/2581/2581 2582/2582/2582 2583/2583/2583
f 2584/2584/2584 2585/2585/2585 2586/2586/2586
f 2587/2587/2587 2588/2588/2588 2589/2589/2589
f 2590/2590/2590 2591/2591/2591 2592/2592/2592
f 2593/2593/2593 2594/2594/2594 2595/2595/2595
f 2596/2596/2596 2597/2597/2597 2598/2598/2598
f 2599/2599/2599 2600/2600/2600 2601/2601/2601
f 2602/2602/2602 2603/2603/2603 2604/2604/2604
f 2605/2605/2605 2606/2606/2606 2607/2607/2607
f 2608/2608/2608 2609/2609/2609 2610/2610/2610
f 2611/2611/2611 2612/2612/2612 2613/2613/2613
f 2614/2614/2614 2615/2615/2615 2616/2616/2616
f 2617/2617/2617 2618/2618/2618 2619/2619/2619
f 2620/2620/2620 2621/2621/2621 2622/2622/2622
f 2623/2623/2623 2624/2624/2624 2625/2625/2625
f 2626/2626/2626 2627/2627/2627 2628/2628/2628
f 2629/2629/2629 2630/2630/2630 2631/2631/2631
f 2632/2632/2632 2633/2633/2633 2634/2634/2634
f 2635/2635/2635 2636/2636/2636 2637/2637/2637
f 2638/2638/2638 2639/2639/2639 2640/2640/2640
f 2641/2641/2641 2642/2642/2642 2643/2643/2643
f 2644/2644/2644 2645/2645/2645 2646/2646/2646
f 2647/2647/2647 2648/2648/2648 2649/2649/2649
f 2650/2650/2650 2651/2651/2651 2652/2652/2652
f 2653/2653/2653 2654/2654/2654 2655/2655/2655
f 2656/2656/2656 2657/2657/2657 2658/2658/2658
f 2659/2659/2659 2660/2660/2660 2661/2661/2661
f 2662/2662/2662 2663/2663/2663 2664/2664/2664
f 2665/2665/2665 2666/2666/2666 2667/2667/2667
f 2668/2668/2668 2669/2669/2669 2670/2670/2670
f 2671/2671/2671 2672/2672/2672 2673/2673/2673
f 2674/2674/2674 2675/2675/2675 2676/2676/2676
f 2677/2677/2677 2678/2678/2678 2679/2679/2679
f 2680/2680/2680 2681/2681/2681 2682/2682/2682
f 2683/2683/2683 2684/2684/2684 2685/2685/2685
f 2686/2686/2686 2687/2687/2687 2688/2688/2688
f 2689/2689/2689 2690/2690/2690 2691/2691/2691
f 2692/2692/2692 2693/2693/2693 2694/2694/2694
f 2695/2695/2695 2696/2696/2696 2697/2697/2697
f 2698/2698/2698 2699/2699/2699 2700/2700/2700
f 2701/2701/2701 2702/2702/2702 2703/2703/2703
f 2704/2704/2704 2705/2705/2705 2706/2706/2706
f 2707/2707/2707 2708/2708/2708 2709/2709/2709
f 2710/2710/2710 2711/2711/2711 2712/2712/2712
f 2713/2713/2713 2714/2714/2714 2715/2715/2715
f 2716/2716/2716 2717/2717/2717 2718/2718/2718
f 2719/2719/2719 2720/2720/2720 2721/2721/2721
f 2722/2722/2722 2723/2723/2723 2724/2724/2724
f 2725/2725/2725 2726/2726/2726 2727/2727/2727
f 2728/2728/2728 2729/2729/2729 2730/2730/2730
f 2731/2731/2731 2732/2732/2732 2733/2733/2733
f 2734/2734/2734 2735/2735/2735 2736/2736/2736
f 2737/2737/2737 2738/2738/2738 2739/2739/2739
f 2740/2740/2740 2741/2741/2741 2742/2742/2742
f 2743/2743/2743 2744/2744/2744 2745/2745/2745
f 2746/2746/2746 2747/2747/2747 2748/2748/2748
f 2749/2749/2749 2750/2750/2750 2751/2751/2751
f 2752/2752/2752 2753/2753/2753 2754/2754/2754
f 2755/2755/2755 2756/2756/2756 2757/2757/2757
f 2758/2758/2758 2759/2759/2759 2760/2760/2760
f 2761/2761/2761 2762/2762/2762 2763/2763/2763
f 2764/2764/2764 2765/2765/2765 2766/2766/2766
f 2767/2767/2767 2768/2768/2768 2769/2769/2769
f 2770/2770/2770 2771/2771/2771 2772/2772/2772
f 2773/2773/2773 2774/2774/2774 2775/2775/2775
f 2776/2776/2776 2777/2777/2777 2778/2778/2778
f 2779/2779/2779 2780/2780/2780 2781/2781/2781
f 2782/2782/2782 2783/2783/2783 2784/2784/2784
f 2785/2785/2785 2786/2786/2786 2787/2787/2787
f 2788/2788/2788 2789/2789/2789 2790/2790/2790
f 2791/2791/2791 2792/2792/2792 2793/2793/2793
f 2794/2794/2794 2795/2795/2795 2796/2796/2796
f 2797/2797/2797 2798/2798/2798 2799/2799/2799
f 2800/2800/2800 2801/2801/2801 2802/2802/2802
f 2803/2803/2803 2804/2804/2804 2805/2805/2805
f 2806/2806/2806 2807/2807/2807 2808/2808/2808
f 2809/2809/2809 2810/2810/2810 2811/2811/2811
f 2812/2812/2812 2813/2813/2813 2814/2814/2814
f 2815/2815/2815 2816/2816/2816 2817/2817/2817
f 2818/2818/2818 2819/2819/2819 2820/2820/2820
f 2821/2821/2821 2822/2822/2822 2823/2823/2823
f 2824/2824/2824 2825/2825/2825 2826/2826/2826
f 2827/2827/2827 2828/2828/2828 2829/2829/2829
f 2830/2830/2830 2831/2831/2831 2832/2832/2832
f 2833/2833/2833 2834/2834/2834 2835/2835/2835
f 2836/2836/2836 2837/2837/2837 2838/2838/2838
f 2839/2839/2839 2840/2840/2840 2841/2841/2841
f 2842/2842/2842 2843/2843/2843 2844/2844/2844
f 2845/2845/2845 2846/2846/2846 2847/2847/2847
f 2848/2848/2848 2849/2849/2849 2850/2850/2850
f 2851/2851/2851 2852/2852/2852 2853/2853/2853
f 2854/2854/2854 2855/2855/2855 2856/2856/2856
f 2857/2857/2857 2858/2858/2858 2859/2859/2859
f 2860/2860/2860 2861/2861/2861 2862/2862/2862
f 2863/2863/2863 2864/2864/2864 2865/2865/2865
f 2866/2866/2866 2867/2867/2867 2868/2868/2868
f 2869/2869/2869 2870/2870/2870 2871/2871/2871
f 2872/2872/2872 2873/2873/2873 2874/2874/2874
f 2875/2875/2875 2876/2876/2876 2877/2877/2877
f 2878/2878/2878 2879/2879/2879 2880/2880/2880
f 2881/2881/2881 2882/2882/2882 2883/2883/2883
f 2884/2884/2884 2885/2885/2885 2886/2886/2886
f 2887/2887/2887 2888/2888/2888 2889/2889/2889
f 2890/2890/2890 2891/2891/2891 2892/2892/2892
f 2893/2893/2893 2894/2894/2894 2895/2895/2895
f 2896/2896/2896 2897/2897/2897 2898/2898/2898
f 2899/2899/2899 2900/2900/2900 2901/2901/2901
f 2902/2902/2902 2903/2903/2903 2904/2904/2904
f 2905/2905/2905 2906/2906/2906 2907/2907/2907
f 2908/2908/2908 2909/2909/2909 2910/2910/2910
f 2911/2911/2911 2912/2912/2912 2913/2913/2913
f 2914/2914/2914 2915/2915/2915 2916/2916/2916
f 2917/2917/2917 2918/2918/2918 2919/2919/2919
f 2920/2920/2920 2921/2921/2921 2922/2922/2922
f 2923/2923/2923 2924/2924/2924 2925/2925/2925
f 2926/2926/2926 2927/2927/2927 2928/2928/2928
f 2929/2929/2929 2930/2930/2930 2931/2931/2931
f 2932/2932/2932 2933/2933/2933 2934/2934/2934
f 2935/2935/2935 2936/2936/2936 2937/2937/2937
f 2938/2938/2938 2939/2939/2939 2940/2940/2940
f 2941/2941/2941 2942/2942/2942 2943/2943/2943
f 2944/2944/2944 2945/2945/2945 2946/2946/2946
f 2947/2947/2947 2948/2948/2948 2949/2949/2949
f 2950/2950/2950 2951/2951/2951 2952/2952/2952
f 2953/2953/2953 2954/2954/2954 2955/2955/2955
f 2956/2956/2956 2957/2957/2957 2958/2958/2958
f 2959/2959/2959 2960/2960/2960 2961/2961/2961
f 2962/2962/2962 2963/2963/2963 2964/2964/2964
f 2965/2965/2965 2966/2966/2966 2967/2967/2967
f 2968/2968/2968 2969/2969/2969 2970/2970/2970
f 2971/2971/2971 2972/2972/2972 2973/2973/2973
f 2974/2974/2974 2975/2975/2975 2976/2976/2976
f 2977/2977/2977 2978/2978/2978 2979/2979/2979
f 2980/2980/2980 2981/2981/2981 2982/2982/2982
f 2983/2983/2983 2984/2984/2984 2985/2985/2985
f 2986/2986/2986 2987/2987/2987 2988/2988/2988
f 2989/2989/2989 2990/2990/2990 2991/2991/2991
f 2992/2992/2992 2993/2993/2993 2994/2994/2994
f 2995/2995/2995 2996/2996/2996 2997/2997/2997
f 2998/2998/2998 2999/2999/2999 3000/3000/3000
f 3001/3001/3001 3002/3002/3002 3003/3003/3003
f 3004/3004/3004 3005/3005/3005 3006/3006/3006
f 3007/3007/3007 3008/3008/3008 3009/3009/3009
f 3010/3010/3010 3011/3011/3011 3012/3012/3012
f 3013/3013/3013 3014/3014/3014 3015/3015/3015
f 3016/3016/3016 3017/3017/3017 3018/3018/3018
f 3019/3019/3019 3020/3020/3020 3021/3021/3021
f 3022/3022/3022 3023/3023/3023 3024/3024/3024
f 3025/3025/3025 3026/3026/3026 3027/3027/3027
f 3028/3028/3028 3029/3029/3029 3030/3030/3030
